[{"author_id": 401801346, "id": 1495241461842923521, "text": "Got called cocky by a driver the other day. I\u2019ve gotten this my whole life. It\u2019s not cocky it\u2019s confidence my boy. Know your strengths and your weaknesses. Know your comfort zone &amp; play with it. Don\u2019t hate on me for it. Or do I don\u2019t care haha \u2b06\ufe0f"}, {"author_id": 1350154261724848131, "id": 1495213969518309376, "text": "@ElaJMeadows So I am an Ottawa resident and I went to the protest and on my way there I was called a racist and I was yelled at. What do you call that? All because I was carrying a small CDN flag.  Boy you guys love to spread hate.  Shame on all of you!"}, {"author_id": 1002700579, "id": 1495205279696306182, "text": "I fucking hate being called a boy especially baby boy immediately no"}, {"author_id": 1397972928579325956, "id": 1495189849254797313, "text": "RT @mo_mode: CC Request: wxxsxn hate sex, edging, spanking\n\nWxx eventually figured out what was going on when Sxn would suddenly become obe\u2026"}, {"author_id": 1494987374006259718, "id": 1495156588340035587, "text": "U old H0rny fo*ls called my girl Angel names bcoz of yo u*gly slay queen Mr yellow teeth..Yo girl Rose couldn't hate Angel coz she saw a f**k boy in Emma.I thought he will go for a classy girl bt no he went for a black\ud83e\udd8dwith a Potbelly\ud83e\udd23\ud83e\udd23\ud83e\udd23change it 2 EmmaSas..\n#Emmarose"}, {"author_id": 1071351634360500224, "id": 1495152804956151811, "text": "Every group now is a bts wanna be. Especially boy groups. Like the so called avangers of kpop, don't tell me it wasn't a try to dethrone bts. But where are they now? Nowhere. I hate this sentence, it's like saying \"the next MJ\" where? Who? No one. https://t.co/aITHWwAAbh"}, {"author_id": 2857316225, "id": 1495125107613880325, "text": "Omg! I hate been called HUN off a boy! Or anyone for that matter \ud83e\udd22 \u270b"}, {"author_id": 941908429488230401, "id": 1495089645981507590, "text": "RT @tommyboy0690: Clearly a hate crime.\n\nMassachusetts Teens Accused of Beating Trans Student, Calling Him \u2018Freak\u2019 https://t.co/xoV1YbycDS\u2026"}, {"author_id": 140237362, "id": 1495064314809659392, "text": "Clearly a hate crime.\n\nMassachusetts Teens Accused of Beating Trans Student, Calling Him \u2018Freak\u2019 https://t.co/xoV1YbycDS via @thedailybeast"}, {"author_id": 1237488318016884740, "id": 1494933520267059201, "text": "Nah you guys i have being friends with my boy for five years now. I really hate to be called a female bestie bc i consider him to be a friend that became family. https://t.co/AiBZG1Gdok"}, {"author_id": 1488499283683049474, "id": 1494866386593611781, "text": "okay we get it, you hate cliches, but if a dark haired, tattooed, bad boy with blue eyes, beautiful bone structure, sarcastic humor &amp; a constantly amused smirk who teased you &amp; called you cute nicknames needed a tutor, you would jump and scream \u201cI volunteer as tribute!!\u201d :)"}, {"author_id": 34996208, "id": 1494838147674513408, "text": "RT @MrAndyNgo: Hundreds protested after a Muslim @fcpsnews student said she had hijab pulled by boys &amp; was called racial slurs in school. I\u2026"}, {"author_id": 4047830244, "id": 1494723451063517184, "text": "@TheMarieOakes @ezralevant For Canadian Military to just sit and watch this is a pathetic disgrace! No wonder they would never go to war for their freedom, they\u2019re just as bad as these weak soy boy socialist, hate to even use the word Cops, they don\u2019t deserve to be called that!"}, {"author_id": 166826558, "id": 1494686350402011136, "text": "@IamNezery @DIKAOLIVER @nonyem @richefe4u @its_freezle @elrufai @jerrydoubles @peekaymila @Lapshark_ @CODEActivist @nkay_yo @Princeponfa @renoomokri @SavvyRinu @Sdutse @Lyricul_Miracle @HQNigerianArmy @CDS_Nig So? Does that make them right? A black woman having a fight with her 40+ old son called d police. 3 police officers came 2 her aid but d son shot &amp; killed two of d officers, one, a 22 year old boy, d other 27. Is d blackman right to do dat cos he's black &amp; they hate d police?"}, {"author_id": 1229155896263151616, "id": 1494615070512455693, "text": "@CMShehbaz Call urself \"Leadr o Oppositn\" but behaviour of a hate ridden little boy. Effect of rule of mafias ghundagarrdi/ghundahgardi. To support so called ex \"senator\" resisting arrest with gun ridden ghundagardi/badmashi, exposes ur aukaat."}, {"author_id": 919482913468702720, "id": 1494551785695940611, "text": "the reason i hate my name and have never leaned into being called \u201cjoshua\u201d is because it gives very much \u201cgaslighting sexually repressed church-going boy with a superiority complex\u201d so you can just call me josh"}, {"author_id": 912243716689059840, "id": 1494456824036147201, "text": "Apparently I have a stalker at work now, they\u2019ve called to ask about my schedule 3 times and started the first one off with \u201cis the pretty boy there\u201d \ud83d\udc80\ud83d\udc80\ud83d\udc80 I hate it here and I wanna go home"}, {"author_id": 199700471, "id": 1494129337943080960, "text": "RT @DevinFromThe7: What do y\u2019all think happened in Memphis to make CJ McCollum hate us like this? Who called him a \u201cSteve Urkel, Humpty Hum\u2026"}, {"author_id": 18277001, "id": 1494088109482463233, "text": "RT @DevinFromThe7: What do y\u2019all think happened in Memphis to make CJ McCollum hate us like this? Who called him a \u201cSteve Urkel, Humpty Hum\u2026"}, {"author_id": 1352114630470995968, "id": 1494075864262213632, "text": "It is a shame that that is the only narrative that you and Sock boy have. Freedom lovers in Ottawa have denounced hate and called for the end to unscientific mandates. You look like a \u2018schmuk\u2019for defending a tyrant. https://t.co/MtfdjXFK2c"}, {"author_id": 1349602691035652097, "id": 1494043744273932291, "text": "RT @DevinFromThe7: What do y\u2019all think happened in Memphis to make CJ McCollum hate us like this? Who called him a \u201cSteve Urkel, Humpty Hum\u2026"}, {"author_id": 1178409704504082435, "id": 1494043322754777098, "text": "RT @xWoundsBleed: IM AT WORK AND THIS OLD GUY CAME UP TO ME AND CALLED ME A CUTE AND VERY HANDSOME BOY, THEN ASKED FOR MY PHONE NUMBER- AND\u2026"}, {"author_id": 2868153731, "id": 1494027448371003396, "text": "RT @xWoundsBleed: IM AT WORK AND THIS OLD GUY CAME UP TO ME AND CALLED ME A CUTE AND VERY HANDSOME BOY, THEN ASKED FOR MY PHONE NUMBER- AND\u2026"}, {"author_id": 1132744492027482112, "id": 1494025064911556612, "text": "IM AT WORK AND THIS OLD GUY CAME UP TO ME AND CALLED ME A CUTE AND VERY HANDSOME BOY, THEN ASKED FOR MY PHONE NUMBER- AND HE SAID HE WAS A CHEM TEACHER AT A LOCAL COLLEGE?? I actually hate it here \u2620\ufe0f\u2620\ufe0f\u2620\ufe0f"}, {"author_id": 1421984873905000449, "id": 1494021484582481928, "text": "RT @DevinFromThe7: What do y\u2019all think happened in Memphis to make CJ McCollum hate us like this? Who called him a \u201cSteve Urkel, Humpty Hum\u2026"}, {"author_id": 418871172, "id": 1493979030965698568, "text": "RT @DevinFromThe7: What do y\u2019all think happened in Memphis to make CJ McCollum hate us like this? Who called him a \u201cSteve Urkel, Humpty Hum\u2026"}, {"author_id": 2828376888, "id": 1493966806255648771, "text": "@pblexis @FrankFigliuzzi1 experience - he proves why fbi is a disgrace  - parkland - fl - fbi got warnings and ignored - they were too busy trying the next scan to get trump  meanwhile trump is free and will be re-elected boy usa is full of hate all from dems the so called tolerant ones"}, {"author_id": 49799102, "id": 1493948369970081793, "text": "RT @DevinFromThe7: What do y\u2019all think happened in Memphis to make CJ McCollum hate us like this? Who called him a \u201cSteve Urkel, Humpty Hum\u2026"}, {"author_id": 280811188, "id": 1493938017119125504, "text": "RT @DevinFromThe7: What do y\u2019all think happened in Memphis to make CJ McCollum hate us like this? Who called him a \u201cSteve Urkel, Humpty Hum\u2026"}, {"author_id": 2385747332, "id": 1493925586250743813, "text": "RT @DevinFromThe7: What do y\u2019all think happened in Memphis to make CJ McCollum hate us like this? Who called him a \u201cSteve Urkel, Humpty Hum\u2026"}, {"author_id": 529086776, "id": 1493812016443703296, "text": "RT @DevinFromThe7: What do y\u2019all think happened in Memphis to make CJ McCollum hate us like this? Who called him a \u201cSteve Urkel, Humpty Hum\u2026"}, {"author_id": 21455447, "id": 1493808843536670730, "text": "RT @DevinFromThe7: What do y\u2019all think happened in Memphis to make CJ McCollum hate us like this? Who called him a \u201cSteve Urkel, Humpty Hum\u2026"}, {"author_id": 711484514, "id": 1493799021277765635, "text": "RT @DevinFromThe7: What do y\u2019all think happened in Memphis to make CJ McCollum hate us like this? Who called him a \u201cSteve Urkel, Humpty Hum\u2026"}, {"author_id": 216798105, "id": 1493798943288868864, "text": "RT @DevinFromThe7: What do y\u2019all think happened in Memphis to make CJ McCollum hate us like this? Who called him a \u201cSteve Urkel, Humpty Hum\u2026"}, {"author_id": 1448879014450540545, "id": 1493795215324368902, "text": "RT @DevinFromThe7: What do y\u2019all think happened in Memphis to make CJ McCollum hate us like this? Who called him a \u201cSteve Urkel, Humpty Hum\u2026"}, {"author_id": 490885696, "id": 1493793797326708745, "text": "RT @DevinFromThe7: What do y\u2019all think happened in Memphis to make CJ McCollum hate us like this? Who called him a \u201cSteve Urkel, Humpty Hum\u2026"}, {"author_id": 467900835, "id": 1493785297464672264, "text": "RT @DevinFromThe7: What do y\u2019all think happened in Memphis to make CJ McCollum hate us like this? Who called him a \u201cSteve Urkel, Humpty Hum\u2026"}, {"author_id": 18473038, "id": 1493780135362719749, "text": "RT @DevinFromThe7: What do y\u2019all think happened in Memphis to make CJ McCollum hate us like this? Who called him a \u201cSteve Urkel, Humpty Hum\u2026"}, {"author_id": 49875269, "id": 1493776873628880896, "text": "RT @DevinFromThe7: What do y\u2019all think happened in Memphis to make CJ McCollum hate us like this? Who called him a \u201cSteve Urkel, Humpty Hum\u2026"}, {"author_id": 48230320, "id": 1493770662070136832, "text": "RT @DevinFromThe7: What do y\u2019all think happened in Memphis to make CJ McCollum hate us like this? Who called him a \u201cSteve Urkel, Humpty Hum\u2026"}, {"author_id": 41614761, "id": 1493770601562972168, "text": "RT @DevinFromThe7: What do y\u2019all think happened in Memphis to make CJ McCollum hate us like this? Who called him a \u201cSteve Urkel, Humpty Hum\u2026"}, {"author_id": 64896768, "id": 1493770210557382657, "text": "What do y\u2019all think happened in Memphis to make CJ McCollum hate us like this? Who called him a \u201cSteve Urkel, Humpty Hump looking ass boy\u201d on Beale?"}, {"author_id": 1316458255401578502, "id": 1493769445168214024, "text": "I got called a pretty boy today. Idk if I hate it or not \ud83d\ude10 I mean I'll take a compliment when I can get one man ."}, {"author_id": 1457568902532280328, "id": 1493763194636029952, "text": "RT @waldrup_richard: @BayouChic80 I saw a racist name @BattleRapBets up at the top. Called me white boy then blocked me. I always remind pe\u2026"}, {"author_id": 1491214825464156161, "id": 1493736034999357441, "text": "@libsoftiktok this is gonna end SO well! \n\noh boy, and y'know what it'll get called a hate crime when someone defends themselves from a stupid person like this lmao."}, {"author_id": 136884541, "id": 1493632852130504713, "text": "@WatsonRitchie They hate Tennessee more in football but we are quickly catching up... my buddy just called it a rivalry yesterday haha. In basketball it would be us but overall, it's Tennessee. My boy just said \"oh it's Tennessee all the way around, I hate Tennessee haha\" lmao"}, {"author_id": 1432162751720349697, "id": 1493620324222517262, "text": "then, one day, he is walking around the city, and there is this boy, playing with his friends, being called the All Might... but his name is familiar... \"Tenko Shimura\"... a plan appears in his mind... the hate for OFA and his desire for it... the mistake he did in runaway..."}, {"author_id": 1049644769318563841, "id": 1493607363013664779, "text": "\u0e14\u0e49\u0e32\u0e22\u0e41\u0e14\u0e07\n\u0e04\u0e23\u0e38\u0e11\u0e09\u0e38\u0e14\u0e19\u0e32\u0e04\nDon\u2019t kill me\nDon\u2019t hate me \nThis is the evidence proving that the boy called Shinta has a heart https://t.co/sgTFlcWUFd"}, {"author_id": 1184462500370243584, "id": 1493384125910241283, "text": "RT @sarahkcomedy: Tomorrow! 11pm! The 3rd in my 4 part series \u201cAre You A Boy or A Girl?\u201d on @bbcradio4. I\u2019m talking about my experience at\u2026"}, {"author_id": 1164958031857311745, "id": 1493288165162979331, "text": "@charliekirk11 Uh Diaper Boy, 1988 just called. wants its \u201crap music\u201d is demonic bad take back. \n\nThis is a highly mainstream fam-friendly halftime show. No one on that stage has been controversial since the 90s. Try to keep up, mmmkay?\n\nPS: you hate Blacks, POC, anyone not like you, etc\ud83e\udd14"}, {"author_id": 1188234924823891968, "id": 1493263458934177794, "text": "@AnimeWoodsLife @count_prankstar I hate people who purposely put themselves in harm\u2019s way and then complain they are beinf harmed. It\u2019s called practice of self responsibility and that\u2019s something Pony Boy and a lot of KV people lack. They expect everyone to do things their way to make them comfortable 1/2"}, {"author_id": 1413366618701271040, "id": 1493233712494149632, "text": "@withlovebts7 trueee,if a girl shows love to a boyband you're called crazy or obsessed like dude wtf? can't we love the ppl who changed our life into better one? also this is the exact thing I hear from my family,cuz I stan a 'boy'band,but yea who cares?my life those who hate go fuck yourself."}, {"author_id": 1152612268057800704, "id": 1493229824973881348, "text": "RT @elyuuna: @ackeryeagrs Before she killed Sasha they were hating on her \u201ctoo\u201d confident personality&amp; competitiveness for the Titan but if\u2026"}, {"author_id": 1327392897596084226, "id": 1493207727413374980, "text": "@ackeryeagrs Before she killed Sasha they were hating on her \u201ctoo\u201d confident personality&amp; competitiveness for the Titan but if she was a boy they\u2019d have called it rivalry, i doubt they\u2019d hate a character for confidence if they had the skills to show it, she deadass saved 800 comrades first ep"}, {"author_id": 3398712771, "id": 1493206669538512903, "text": "@TheRealestG90 @Raonidbg @ClaireMax (Super-buff men are still male gaze honey, it's called power fantasy) - there's a reason why the \"twink\" characters got so much hate from the male audience lmao, I still remember when Aphelios came out and people were upset he looks feminine and like a \"K-Pop boy\"."}, {"author_id": 1489036254515810304, "id": 1493115085295865856, "text": "Treat you like a coworker for now on strictly business I hate to be played ask my sperm donor. But when shit benefits you I get called  or text back. Boy byeeeeeeee you ain\u2019t even all that weird ass looking body. I just got used I use to get texts out the blue"}, {"author_id": 1475175011514261504, "id": 1493053615535128576, "text": "@alverasdaughtr @medowlen_78 Yeah, why would anyone hate such fine men? \n\nOh, wait. Snoop is currently being sued for rape and Dr. Dre has an entire section on his Wikipedia page called \"Violence against women.\" Tupac was a rapist who shot and killed a little boy.\n\n#DoItForThaCulcha"}, {"author_id": 45235756, "id": 1493014028792250372, "text": "@DOW280TEN Oh boy, I've been called worse. People tend to love me or hate me, not much of a middle ground. I have a lot of nicknames lol"}, {"author_id": 3109326932, "id": 1493003727346806785, "text": "RT @PayGoddessAly: LOL. You wonder why woman hate you when you send $5 and expect to be called a \u201cgood boy\u201d \ud83e\udd71\n\nfindom paypig brat silentsen\u2026"}, {"author_id": 1431538985105440773, "id": 1492760721070837765, "text": "RT @amidocumentary: Found the most insane bit of #BTSARMYHISTORY \n\nBack in 2010, when Namjoon was the only member of Bangtan, he featured i\u2026"}, {"author_id": 820825466412089348, "id": 1492757384615411714, "text": "\u201cOnce upon a time there was a hazel eyed boy with dimples. I called him Khalil. The world called him a thug.\u201d\n-The Hate U Give by Angie Thomas"}]