[{"author_id": 45056461, "id": 1495284119206457345, "text": "Coaches Hot Seat Quotes of the Day - Sunday, February 20, 2022 - Ernest Hemingway ----&gt; https://t.co/ZGEYKfXmHs\n\"The world breaks everyone and afterward many are strong at the broken places.\"  Ernest Hemingway, A Farewell To Arms, 1929 https://t.co/uRw00uo5RP"}, {"author_id": 1363756455111745536, "id": 1495283247483219973, "text": "gliding onto the ice you pay you respects with a dance bidding farewell to the long winter, and you soar into the horizon as you welcome the warmth of spring with open arms. By your side stands the rest of the world.\n\n- Haru yo, Koi 22.20.02\n\n#\u7fbd\u751f\u7d50\u5f26 #YuzuruHanyu"}, {"author_id": 1349230303458557952, "id": 1495240174833446915, "text": "Arriving at inferno a smile a glee spread across her face as she listened to the screams of those she knew...\n\n\"Farewell as they say....and good riddance.\"\n\nShe folded her arms behind her head as she turned to walk away...\n\n\"Our job here is done....now my people will be safe.\" https://t.co/7WAkG3NSzg"}, {"author_id": 402958982, "id": 1495239194314162178, "text": "\"a nightmarishly strange Expressionism suggestive of a highly physical, agonised brutality. Lighting, composition, camera movement and choreography of the performers contribute to a mise-en-sc\u00e8ne of enormously expressive intensity.\" @Geoff_Andrew @BFI https://t.co/FDMKmzkm7m"}, {"author_id": 2793161, "id": 1495227715925983241, "text": "@colourdress @NYTimesWordplay That same \u201cSholay\u201d joke reference one\u2014\u201cA Farewell to Arms.\u201d"}, {"author_id": 402958982, "id": 1495227291013632002, "text": "A Farewell to Arms\nNBC University Theater\nAugust 6, 1948\nhttps://t.co/mVfJjDeDWY"}, {"author_id": 402958982, "id": 1495226601658802184, "text": "A Farewell to Arms shows its age. Yet timeless is the six-minute series of battle scenes, without dialogue, in which Frederic deserts to join Catherine. It's an expressionist montage that brings to mind the expressionism of Otto Dix and George Grosz. https://t.co/KqcqGM0pFp"}, {"author_id": 402958982, "id": 1495226599440064514, "text": "\"a fascinatingly awkward first world war epic\u2014dated, yet bracingly modern.\" @steverose7 @guardian https://t.co/baPWK4C5Up"}, {"author_id": 980673430164004864, "id": 1495224098410340352, "text": "I\u2019m not brave any more darling. I\u2019m all broken. They\u2019ve broken me.\n\nErnest Hemingway\n\nBook: A Farewell to Arms"}, {"author_id": 1118443578554896384, "id": 1495200511967961091, "text": "RT @serdartst: His leaving the army for his lovely represents the name of the novel: A Farewell To Arms\nThey eventually reunite and escape\u2026"}, {"author_id": 1444776117500579846, "id": 1495159546146344967, "text": "@JuanaPuerta060 @Donald061015 @wakingup \u201cAll thinking men are atheists.\u201d\n-Ernest Hemingway, A Farewell to Arms\n\n\u201cA year spent in artificial intelligence is enough to make one believe in God.\u201d\n-Alan Perlis"}, {"author_id": 1187282506124529664, "id": 1495159374435823620, "text": "RT @Lauren66793666: \u201cThe world breaks everyone. Those that will not break, it kills. It kills the very good, the very gentle, the very brav\u2026"}, {"author_id": 1134329441050595328, "id": 1495124222187823106, "text": "\u201cThe world breaks everyone, and afterward, many are strong at the broken places.\u201d \u2014 Ernest Hemingway, A Farewell to Arms"}, {"author_id": 1472511200399343616, "id": 1495086645862977539, "text": "@just_so_young A farewell to arms"}, {"author_id": 760108481592647681, "id": 1495053030324158465, "text": "RT @ClassicMovieHub: Born Today, Feb 18, in 1890, Adolphe Menjou - \nOver 145 film and TV roles including The Sheik, Morocco, A Star is Born\u2026"}, {"author_id": 838349464918233088, "id": 1495029056328323085, "text": "RT @ani_obsessive: Tense and beautifully choreographed action -- based on manga by Katsuhiro Otomo\n\nFrom: A Farewell to Arms (2013), dir. H\u2026"}, {"author_id": 1047661210102091776, "id": 1495014590022836230, "text": "@nextspaceflight A farewell to arms"}, {"author_id": 1240413278527873024, "id": 1494934731690950656, "text": "RT @Lauren66793666: \u201cThe world breaks everyone. Those that will not break, it kills. It kills the very good, the very gentle, the very brav\u2026"}, {"author_id": 20132485, "id": 1494932637559017475, "text": "RT @Lauren66793666: \u201cThe world breaks everyone. Those that will not break, it kills. It kills the very good, the very gentle, the very brav\u2026"}, {"author_id": 14830486, "id": 1494889737638789124, "text": "#NowPlaying #MachineHead - A Farewell to Arms - - #DravensTales: https://t.co/aknRNNRfoZ #Metal"}, {"author_id": 253041841, "id": 1494832013999804423, "text": "Life isn't hard to manage when you've nothing to lose.\n\n-A Farewell to Arms"}, {"author_id": 448585258, "id": 1494829735716827138, "text": "RT @ClassicMovieHub: Born Today, Feb 18, in 1890, Adolphe Menjou - \nOver 145 film and TV roles including The Sheik, Morocco, A Star is Born\u2026"}, {"author_id": 435908158, "id": 1494825150902067202, "text": "RT @ClassicMovieHub: Born Today, Feb 18, in 1890, Adolphe Menjou - \nOver 145 film and TV roles including The Sheik, Morocco, A Star is Born\u2026"}, {"author_id": 201899319, "id": 1494817457000878080, "text": "RT @ClassicMovieHub: Born Today, Feb 18, in 1890, Adolphe Menjou - \nOver 145 film and TV roles including The Sheik, Morocco, A Star is Born\u2026"}, {"author_id": 1154682535554666496, "id": 1494812706624335872, "text": "RT @ClassicMovieHub: Born Today, Feb 18, in 1890, Adolphe Menjou - \nOver 145 film and TV roles including The Sheik, Morocco, A Star is Born\u2026"}, {"author_id": 335594317, "id": 1494808428379836420, "text": "My \u2605\u2605\u00bd review of A Farewell to Arms (1932) on @letterboxd: https://t.co/fIirqHOwqq"}, {"author_id": 1237386388791853056, "id": 1494790875771252738, "text": "RT @ClassicMovieHub: Born Today, Feb 18, in 1890, Adolphe Menjou - \nOver 145 film and TV roles including The Sheik, Morocco, A Star is Born\u2026"}, {"author_id": 1152782295712948225, "id": 1494771245048496129, "text": "RT @ClassicMovieHub: Born Today, Feb 18, in 1890, Adolphe Menjou - \nOver 145 film and TV roles including The Sheik, Morocco, A Star is Born\u2026"}, {"author_id": 104957425, "id": 1494767632402157568, "text": "RT @Lauren66793666: \u201cThe world breaks everyone. Those that will not break, it kills. It kills the very good, the very gentle, the very brav\u2026"}, {"author_id": 865258802307878913, "id": 1494766557288935425, "text": "RT @ClassicMovieHub: Born Today, Feb 18, in 1890, Adolphe Menjou - \nOver 145 film and TV roles including The Sheik, Morocco, A Star is Born\u2026"}, {"author_id": 740032915, "id": 1494756363947311104, "text": "RT @yohan555: Here some pictures of a farewell bondage play with @MaskedBiker and @hierona_, where the former and I rubbered up to dominate\u2026"}, {"author_id": 864180575829200896, "id": 1494751961643720710, "text": "RT @ClassicMovieHub: Born Today, Feb 18, in 1890, Adolphe Menjou - \nOver 145 film and TV roles including The Sheik, Morocco, A Star is Born\u2026"}, {"author_id": 1468033763435507714, "id": 1494750652802682882, "text": "@newdalton69420 Yeah calling dylan a faggot on a podcast is right up there with The Starry Night and A Farewell to Arms"}, {"author_id": 517093176, "id": 1494749624564948999, "text": "@AHeavyMetalPen I just hate his cynicism. But I'm not exactly sure what I expected from \"A Farewell to Arms.\""}, {"author_id": 775700682326151168, "id": 1494743743462662144, "text": "RT @ClassicMovieHub: Born Today, Feb 18, in 1890, Adolphe Menjou - \nOver 145 film and TV roles including The Sheik, Morocco, A Star is Born\u2026"}, {"author_id": 205603923, "id": 1494738115503734798, "text": "@klhicks912 A Farewell to Arms"}, {"author_id": 3407179563, "id": 1494736347160055814, "text": "RT @ClassicMovieHub: Born Today, Feb 18, in 1890, Adolphe Menjou - \nOver 145 film and TV roles including The Sheik, Morocco, A Star is Born\u2026"}, {"author_id": 1373239876796096519, "id": 1494735395191508996, "text": "#1958\u5e74\u516c\u958b\u306e\u6620\u753b \n\n#\u662d\u548c\u306e\u6620\u753b\nA Farewell to Arms (1957)  Charles Vidor - Full Movie\nhttps://t.co/vZW1r3NsJB"}, {"author_id": 316841144, "id": 1494734437724078086, "text": "RT @ClassicMovieHub: Born Today, Feb 18, in 1890, Adolphe Menjou - \nOver 145 film and TV roles including The Sheik, Morocco, A Star is Born\u2026"}, {"author_id": 1072679314662088704, "id": 1494727701772783616, "text": "RT @ClassicMovieHub: Born Today, Feb 18, in 1890, Adolphe Menjou - \nOver 145 film and TV roles including The Sheik, Morocco, A Star is Born\u2026"}, {"author_id": 422804369, "id": 1494717293716254722, "text": "@freep A farewell to arms in HS. Man\u2019s search for meaning in college. But there were many many books I had to read that I hated. And I am an avid reader."}, {"author_id": 30952201, "id": 1494716848994144264, "text": "RT @ClassicMovieHub: Born Today, Feb 18, in 1890, Adolphe Menjou - \nOver 145 film and TV roles including The Sheik, Morocco, A Star is Born\u2026"}, {"author_id": 21332814, "id": 1494716004122955777, "text": "@freep Black Boy and A Farewell to Arms."}, {"author_id": 147446901, "id": 1494715234489040900, "text": "RT @ClassicMovieHub: Born Today, Feb 18, in 1890, Adolphe Menjou - \nOver 145 film and TV roles including The Sheik, Morocco, A Star is Born\u2026"}, {"author_id": 233718748, "id": 1494714840375603201, "text": "RT @ClassicMovieHub: Born Today, Feb 18, in 1890, Adolphe Menjou - \nOver 145 film and TV roles including The Sheik, Morocco, A Star is Born\u2026"}, {"author_id": 272538235, "id": 1494714587085737987, "text": "Born Today, Feb 18, in 1890, Adolphe Menjou - \nOver 145 film and TV roles including The Sheik, Morocco, A Star is Born 1937, A Farewell to Arms, The Front Page (Best Actor Nom), Stage Door, Little Miss Marker... https://t.co/97LS1dB1IP https://t.co/CXdWdIFxH7"}, {"author_id": 1568512386, "id": 1494706667761676292, "text": "@freep A Farewell to Arms was great, but my favorite was the lesser known sequel, See Ya, Legs."}, {"author_id": 1187282506124529664, "id": 1494679122219606017, "text": "\u201cThe world breaks everyone. Those that will not break, it kills. It kills the very good, the very gentle, the very brave impartially. If you are none of these you can be sure it will kill you too, but there will be no hurry.\u201d #\u0420\u043e\u0441\u0441\u0438\u044f #\u0443\u043a\u0440\u0430\u0457\u043d\u0438\nA Farewell To Arms - Ernest Hemingway https://t.co/V5V1c4UtYu"}, {"author_id": 253041841, "id": 1494667258047651850, "text": "The world breaks everyone and afterward many are strong at the broken places.\n\n- A farewell to arms"}, {"author_id": 818547398502858752, "id": 1494666826009092099, "text": "My Result is: A Farewell to Arms by Ernest Hemingway. What will yours be?  https://t.co/Os4K7wDCcU"}, {"author_id": 346748403, "id": 1494488155030011906, "text": "@DutchessWoodall A Farewell to Arms.....Ernest Hemingway"}, {"author_id": 1187282506124529664, "id": 1494460993212227585, "text": "#BOTD 1890 \u2013 1963 Adolphe Menjou, 73, US actor. \n\nA Farewell to Arms * Little Miss Marker * A Star Is Born * Stage Door * Golden Boy * Roxie Hart * You Were Never Lovelier * State of Union * Across Wide Missouri * The Sniper * Man on Tightrope * Paths of Glory * Pollyanna (1960) https://t.co/lfz4OiedHc"}, {"author_id": 1281759992954138625, "id": 1494449217351340044, "text": "To be clear, that's Hemingway's version of the story and Fitz died almost 25 years before A Moveable Feast was published. The book is still a fun read tho. Perhaps my favorite Hemingway work after A Farewell To Arms. https://t.co/6WDZDWk54S"}, {"author_id": 2187118723, "id": 1494386168183414784, "text": "Preceded by a trail for the first Wogan, the BBC1 Evening News is still on with the Belgrano today in 1985. With computerised forecasts arriving the next day Michael Fish says a farewell to magnetic arms at 38:34. A whole load of continuity intersects. https://t.co/9gjLMmJziS"}, {"author_id": 1116472947747770373, "id": 1494320644154179584, "text": "A Farewell to Arms is the first Futurama episode to feature an additional DVD commentary track with the rough draft animators https://t.co/hzhcl0TqxJ"}, {"author_id": 1116472947747770373, "id": 1494320268277424128, "text": "In a Farewell to Arms, the Decision box is supposed to look like the Agony Box from @dunemovie . It's purposely designed to look low tech because with all the flares, only very low level technology can still operate https://t.co/Ddawqu9PYo"}, {"author_id": 1116472947747770373, "id": 1494319932942786563, "text": "The title A Farewell to Arms is an anagram for A Farewell to Mars...on purpose. https://t.co/t0Hh4c1gtn"}, {"author_id": 1116472947747770373, "id": 1494319613554876416, "text": "Even in context of Futurama, Fry and Leela's arms getting ripped out of their sockets in a Farewell to Arms (I see what you did there) is a very tough idea to accept. It begs too many questions and is just plain forced and weird. Not a fact, just an opinion. https://t.co/oJTWfVDCIw"}, {"author_id": 1492115104959430656, "id": 1494264974943797251, "text": "RT @Upasika1: Some flowed like a tear from my eye\nleft without a goodbye\nreleased like a silent sigh\nsome spared to live\n&amp; some died in the\u2026"}, {"author_id": 1492090780260962316, "id": 1494230132982263808, "text": "A farewell to arms\ud83d\ude2d"}, {"author_id": 1373742965672189960, "id": 1494205401151119360, "text": "@ddickeyart @ADuocrypto That was my first Hem. Still a favorite. Cry every time I read Farewell to Arms, every time when Catherine dies. &amp; For Whom the Bell Tolls at the end? Geesh. My adult son was injured a few years ago and I read to him, the short stories from In Our Time &amp; we chatted about them."}, {"author_id": 879131616680886272, "id": 1494202375287934976, "text": "@kr_wieland Me? I've lived enough tragedy for a hundred lifetimes, so I'm, always searching for a happy ending...(Yes, screw you Hemingway for A Farewell to Arms).."}, {"author_id": 793944530, "id": 1494180142209458179, "text": "anyone here who has read A Farewell To Arms ?"}, {"author_id": 1233445029831725058, "id": 1494127517346803712, "text": "@Super70sSports I believe you have Leslie Stahl on the left and Margaux Hemingway on the right. A farewell to arms indeed!"}, {"author_id": 23264302, "id": 1494126146694299649, "text": "hemingway :: a farewell to arms\nme :: my tweets https://t.co/vXxgtwiOmm"}, {"author_id": 1431598260523704320, "id": 1494114965728657410, "text": "RT @ani_obsessive: Tense and beautifully choreographed action -- based on manga by Katsuhiro Otomo\n\nFrom: A Farewell to Arms (2013), dir. H\u2026"}, {"author_id": 858888940073492480, "id": 1494065590872403973, "text": "spin-off of A Farewell to Arms yeah it's complicated"}, {"author_id": 1561288958, "id": 1494039691418603527, "text": "A farewell to arms is a sad book man."}, {"author_id": 602215737, "id": 1494032394176929795, "text": "@penguinusa A Farewell to Arms"}, {"author_id": 4727330667, "id": 1493992060751433735, "text": "Currently available on our website and selling quickly: A Farewell to Arms by Ernest Hemingway. Used, $6.59. Get yours before we sell out! https://t.co/MywbimVLWS"}, {"author_id": 1350554190855237640, "id": 1493985576315461641, "text": "Me when Disney greenlights \"Muppets A Farewell To Arms\" https://t.co/tStRQsAj6C"}, {"author_id": 80452376, "id": 1493877738226212864, "text": "Hemingway has a guy drink a bunch of wine and then say something \"winefully\" in a farewell to arms. That one really got under my skin. https://t.co/KhQGWP9V0t"}, {"author_id": 2892377611, "id": 1493865326764830723, "text": "\ud83d\udcf7 macrolit: A Farewell to Arms, Ernest Hemingway and an Antique Books candle from Old Castle Candles https://t.co/Wvw56WlgYl"}, {"author_id": 839394487184957441, "id": 1493810758656086020, "text": "@literarybase broken wings (kahlil gibran), a farewell to arms (hemingway) \u2639\ufe0f\u2639\ufe0f\u2639\ufe0f"}, {"author_id": 2698486262, "id": 1493802316767838208, "text": "RT @Upasika1: Some flowed like a tear from my eye\nleft without a goodbye\nreleased like a silent sigh\nsome spared to live\n&amp; some died in the\u2026"}, {"author_id": 20334817, "id": 1493741128729956353, "text": "You ever see a guy say farewell to arms?\n[laughing] Yes, once."}, {"author_id": 377747516, "id": 1493718949736824834, "text": "@HardcoreHistory Thus inspiring a young American ambulance driver serving there to write \u201cA Farewell to Arms..\u201d"}, {"author_id": 1029493632217370626, "id": 1493672683841720327, "text": "@goblinwarl0ck in farewell to arms its written retrospectively like 12 years after the fact and there are moments where you can tell it\u2019s emotionally straining on the protagonist because it slips into a second person stream of consciousness thing of him basically talking with his dead wife"}, {"author_id": 875997737799561216, "id": 1493639907989991424, "text": "@jeremyjudkins_ A Farewell to arms, sorry, had to. - Le stingray"}, {"author_id": 1491567035175903232, "id": 1493620273647697922, "text": "RT @NCMOULY52: @AlexAndreasHous A few:1) A Farewell to Arms .2) The Oldman and the Sea and 3) For Whom the Bell Tolls by Ernest Hemingway.\u2026"}, {"author_id": 1492588514827022338, "id": 1493619081269944321, "text": "Oh, hey! This Is a cool thread!\n\nMy favorite possession is a 1948 german (but in English?) edition of Hemingway's A Farewell to Arms!\n\nMy favorite book by one of my favorite authors! https://t.co/MdUTxS4Mu7 https://t.co/1J5ln0708D"}, {"author_id": 1317541421734297603, "id": 1493600200258203655, "text": "RT @seizethebooksho: The cats have decided they don't like A Farewell to Arms by Ernest Hemingway, much to the humans' surprise. (Stan Lee\u2026"}, {"author_id": 4727636895, "id": 1493600099821305879, "text": "RT @seizethebooksho: The cats have decided they don't like A Farewell to Arms by Ernest Hemingway, much to the humans' surprise. (Stan Lee\u2026"}, {"author_id": 17832004, "id": 1493600071203573777, "text": "RT @seizethebooksho: The cats have decided they don't like A Farewell to Arms by Ernest Hemingway, much to the humans' surprise. (Stan Lee\u2026"}, {"author_id": 855366612635066368, "id": 1493600018456092678, "text": "RT @seizethebooksho: The cats have decided they don't like A Farewell to Arms by Ernest Hemingway, much to the humans' surprise. (Stan Lee\u2026"}, {"author_id": 4727330667, "id": 1493599919181115393, "text": "The cats have decided they don't like A Farewell to Arms by Ernest Hemingway, much to the humans' surprise. (Stan Lee decided sitting on his favorite human was more interesting, and Spencer decided napping was more interesting.)\nhttps://t.co/MywbimVLWS https://t.co/7Em0AwDY9R"}, {"author_id": 797608760109694976, "id": 1493594695058006027, "text": "RT @NCMOULY52: @AlexAndreasHous A few:1) A Farewell to Arms .2) The Oldman and the Sea and 3) For Whom the Bell Tolls by Ernest Hemingway.\u2026"}, {"author_id": 2647348980, "id": 1493565596960636928, "text": "RT @Upasika1: Some flowed like a tear from my eye\nleft without a goodbye\nreleased like a silent sigh\nsome spared to live\n&amp; some died in the\u2026"}, {"author_id": 1443678133866147845, "id": 1493533017230426116, "text": "It Was Today \ud83d\udc4915th February 1971\ud83d\udc48 The UK Said A Fond Farewell To Pounds Shillings and Pence And Adopted Decimal Currency With Not So Open Arms This Was...DECIMALISATION DAY....\nThat's a Fact !! \ud83d\ude0e\n\nFor All The Things You Never Knew You Didn't Know... \n\ud83d\udc49 https://t.co/4OHxA2XShe https://t.co/c5Set0dNew"}, {"author_id": 1440710855792816128, "id": 1493511696002035718, "text": "@AwfullyQHeroes Love it! That's a really nice touch!\n\nThink I 1st came on notion of weather while I was doing Hemmingway at school - Farewell to Arms uses the rain as a constant motif in the story"}, {"author_id": 3119577654, "id": 1493491698151956480, "text": "RT @TheWFA: \u2018A Farewell to Arms\u2019 tells of love and loss on the Italian Front in 1917. In this review Chloe Egan, Secondary School History T\u2026"}, {"author_id": 942241440855343104, "id": 1493434009875058691, "text": "A Farewell to Arms\u00a0(1932).\n\nAn American ambulance driver and an English nurse fall in love in Italy during World War I. Based on the Ernest #Hemingway novel. \n\nWatching now on @MoviesTVNetwork https://t.co/5kG1a9NqDV"}, {"author_id": 1488143036018475012, "id": 1493431352263278594, "text": "@AlexAndreasHous A few:1) A Farewell to Arms .2) The Oldman and the Sea and 3) For Whom the Bell Tolls by Ernest Hemingway.\n4) The Good Earth: Pearl S.Buck .\n5) Hunger : Knut Hamsun . 6) Portnoy\u2019s Complaint: Philip Roth .\n7) Crime and Punishment: Fyodor Dostoyevsky"}, {"author_id": 1226927379731361794, "id": 1493422919145373699, "text": "How the fuck can we remove Hemingway forever from history but keep Camus. A farewell to arms is so fucking boring but I know it like the reason so many good writers write like they do."}, {"author_id": 248817989, "id": 1493412307128442884, "text": "Trying to find the spiky cathedral/church/basilica shown in 1957 A Farewell to Arms. Difficult on a phone :-/\n\nFamily spent many a years vacationing near Lago di Garda, roughly in the neighborhood (hours drive by car)"}, {"author_id": 1269047207057076229, "id": 1493405508405022728, "text": "This should be the new cover for \"A Farewell to Arms\". https://t.co/NuEaou1hyO"}, {"author_id": 1269047207057076229, "id": 1493405478407319552, "text": "@StephenKing This should be the new cover for \"A Farewell to Arms\"."}]