[{"author_id": 1492844633545744386, "id": 1495148656713994244, "text": "@Bulawayanking @nelsonchamisa My brother i agree you are so good in politics but my eyes doesn\u2019t see the situation that way,I don\u2019t see any black man\u2019s failings rather I see the virus that was placed by a white man in their heads and hearts which manifesting as corruption,this thing was not in Africa before"}, {"author_id": 1414587255814070278, "id": 1495137314967859203, "text": "RT @mmathabot: @TimesLIVE Ace Magashule is no Saint but what he did in Free State was remarkable and it's time FS stand for a good man. I d\u2026"}, {"author_id": 1456600599940710467, "id": 1495077405098188808, "text": "And over and over and over is never good don't know what happened to me  \ud83e\uddd0\ud83e\uddd0\ud83e\uddd0\ud83e\uddd0the man with the lion spirit was so good in my head in a old time in Africa a lonely man walking in forest he can turn himself into a lion cause he get it's from his dad who get it's from his own"}, {"author_id": 1285903985837301764, "id": 1495076918307311621, "text": "RT @EmekaAmakeze: And it happens only in Africa? Besides, what exactly is wrong with expecting a man or a woman to be married at a certain\u2026"}, {"author_id": 935616277321863170, "id": 1495027542499201024, "text": "Happy Birthday to a good man @YeleBademosi who has taken upon himself to bring positive changes on the Africa continent through tech innovation and economic empowerment.\n\nHere\u2019s wishing you more success in the years ahead"}, {"author_id": 232219352, "id": 1495005634579902471, "text": "@torbor_n @BartWil04035961 @seanhannity Starting in Africa where the black man sold the black man into slavery, doesn't make it right of course because nothing about slavery can ever be acknowledged as a good thing BUT history is history, good and bad...."}, {"author_id": 44356928, "id": 1494969103660036103, "text": "@Blessed11587260 @TimesLIVE Of all the good people that cN lead Africa, you chose Mugabe as an example, meaning in your mind you dont think there's any African that can make a great leader...you don't think we are capable, and that's belittling...your standrd of an african man shouldn't be a house servant.."}, {"author_id": 1433732769805447188, "id": 1494956937066205184, "text": "@paultaitco Oh damn, man. Two with covid?! Thats a tall order. Good luck! I'm (hopefully) shooting today. I've been working on a new project down here in South Africa and today is hopefully the last day of shooting, but the weather is being mildly uncooperative haha"}, {"author_id": 1346131351519567872, "id": 1494822941653098499, "text": "just watched The King's Man and lol. lmao. imagine starting a movie with your protagonist visiting his friend and ally, a british general running a concentration camp in 1902 south africa. what kind of brain do you have to have to consider that a good idea"}, {"author_id": 16901715, "id": 1494796402806775810, "text": "RT @TheDreadShips: \"Sir, got a war winning weapon, sir.\"\n\"Good man! Singapore's fallen, Rommel's pushing us back in Africa, and the Yanks s\u2026"}, {"author_id": 839853019, "id": 1494793008000253952, "text": "RT @TheDreadShips: \"Sir, got a war winning weapon, sir.\"\n\"Good man! Singapore's fallen, Rommel's pushing us back in Africa, and the Yanks s\u2026"}, {"author_id": 357870661, "id": 1494792644077232135, "text": "RT @TheDreadShips: \"Sir, got a war winning weapon, sir.\"\n\"Good man! Singapore's fallen, Rommel's pushing us back in Africa, and the Yanks s\u2026"}, {"author_id": 975355702867841025, "id": 1494790912794312706, "text": "RT @TheDreadShips: \"Sir, got a war winning weapon, sir.\"\n\"Good man! Singapore's fallen, Rommel's pushing us back in Africa, and the Yanks s\u2026"}, {"author_id": 1227023983285022720, "id": 1494784906957836293, "text": "I wanna go to Africa . After that I\u2019m good on traveling . I gotta go home man . I can\u2019t die having not went there   Ima feel like a failure in the afterlife \ud83d\ude06"}, {"author_id": 3267981332, "id": 1494777986368770049, "text": "@SoapBoxCar Donate it to charity man. I get it, when you have so much, but there are literally people starving. Use your wealth for good, rather than 'who cares for $2500?' because many do and you could literally feed a family for months (or more) in a place like Africa or South East Asia!"}, {"author_id": 2793450602, "id": 1494730423888449540, "text": "Medics at the Aga Khan University Hospital in Nairobi performed a successful penile implant procedure to treat erectile dysfunction ,the first of its kind in East and Central Africa\nThe patient is said to be a Nairobi based man in his forties.\nThis is really good news"}, {"author_id": 1346533269366579200, "id": 1494643928099917839, "text": "@eIlidibus Also I thiiink Meracydia is supposed to be based on Africa, and it's likely we'll go there eventually in the next expansions, so having a black man help with the music would be good imo\n\nThough yeah idk how good he is with original stuff either im just. Give this man a job \ud83d\ude2d"}, {"author_id": 47267459, "id": 1494638151221932033, "text": "RT @TheDreadShips: \"Sir, got a war winning weapon, sir.\"\n\"Good man! Singapore's fallen, Rommel's pushing us back in Africa, and the Yanks s\u2026"}, {"author_id": 1097518825417846785, "id": 1494620399686291456, "text": "RT @TheDreadShips: \"Sir, got a war winning weapon, sir.\"\n\"Good man! Singapore's fallen, Rommel's pushing us back in Africa, and the Yanks s\u2026"}, {"author_id": 1443750803236401154, "id": 1494607261196595200, "text": "Hello \ud83d\udc4b, everyone!\nHistorically, i was born a Negro in the United States \ud83c\uddfa\ud83c\uddf8of America.  I am a Homo sapiens ( wise man) according to UNESCO General History Of Africa, Vol.II pages 15,37,415... A woman has a \ud83e\udde0brain.Therefore, appeal to her common sense ( good sense). ..."}, {"author_id": 776367546299809792, "id": 1494587046807154706, "text": "RT @TheDreadShips: \"Sir, got a war winning weapon, sir.\"\n\"Good man! Singapore's fallen, Rommel's pushing us back in Africa, and the Yanks s\u2026"}, {"author_id": 1555616810, "id": 1494584796084908033, "text": "@TimesLIVE Ace Magashule is no Saint but what he did in Free State was remarkable and it's time FS stand for a good man. I don't know a Premier who did more than Ace for his people in South Africa."}, {"author_id": 316179959, "id": 1494584578358403072, "text": "RT @TheDreadShips: \"Sir, got a war winning weapon, sir.\"\n\"Good man! Singapore's fallen, Rommel's pushing us back in Africa, and the Yanks s\u2026"}, {"author_id": 1829249059, "id": 1494583980473135132, "text": "RT @TheDreadShips: \"Sir, got a war winning weapon, sir.\"\n\"Good man! Singapore's fallen, Rommel's pushing us back in Africa, and the Yanks s\u2026"}, {"author_id": 747332718480941056, "id": 1494583041511075842, "text": "RT @TheDreadShips: \"Sir, got a war winning weapon, sir.\"\n\"Good man! Singapore's fallen, Rommel's pushing us back in Africa, and the Yanks s\u2026"}, {"author_id": 936592492375498753, "id": 1494581194066964487, "text": "RT @TheDreadShips: \"Sir, got a war winning weapon, sir.\"\n\"Good man! Singapore's fallen, Rommel's pushing us back in Africa, and the Yanks s\u2026"}, {"author_id": 17336624, "id": 1494579638110203912, "text": "RT @TheDreadShips: \"Sir, got a war winning weapon, sir.\"\n\"Good man! Singapore's fallen, Rommel's pushing us back in Africa, and the Yanks s\u2026"}, {"author_id": 1472863862, "id": 1494579582066098179, "text": "RT @TheDreadShips: \"Sir, got a war winning weapon, sir.\"\n\"Good man! Singapore's fallen, Rommel's pushing us back in Africa, and the Yanks s\u2026"}, {"author_id": 16088941, "id": 1494579514520731649, "text": "RT @TheDreadShips: \"Sir, got a war winning weapon, sir.\"\n\"Good man! Singapore's fallen, Rommel's pushing us back in Africa, and the Yanks s\u2026"}, {"author_id": 1408823452497321986, "id": 1494555639099838466, "text": "THE JOURNEY MAY SEEM TO BE TOUGH BUT YOUR EXCELLENCE YOU WILL SURELY MAKE IT NOT ONLY FOR THE BETTERMENT OF SOUTH AFRICA BUT FOR THE WHOLE LAND OF AFRICA\nI SING YOUR PRAISE MR MALEMA YOU A GOOD MAN\nTHE LAND OF AFRICA NEEDS YOU \nBROTHERS AND SISTERS IN SOUTH AFRICA SUPPORT HIM\ud83c\uddff\ud83c\uddf2\ud83d\udc93 https://t.co/PhQ8YUeGLy"}, {"author_id": 17895121, "id": 1494442936305700865, "text": "And it happens only in Africa? Besides, what exactly is wrong with expecting a man or a woman to be married at a certain age that is not wrong with expecting people to be successful, graduate from universities, be generous, live a good life at certain ages, that are proudly done? https://t.co/mDPNsExJIw"}, {"author_id": 1103070360432463872, "id": 1494397136368279565, "text": "@scrowder @rumblevideo https://t.co/lbnIki2pFI my man, im south african, i live here. This is ehat socialism buys, difference is dems get resisted and never get the power to openly speak like this. Keep up the good work sir. Ive watched ur show for a long time even here in africa. Fight these commies."}, {"author_id": 1347612498971783171, "id": 1494346536272158720, "text": "@ManCity Hi Thanks a lot for getting in Touch of me\n\nI just wanted to Thank you Guys, Players , Coaches , Technical staff\nAnd Bosses for the Smooth and Grinding of Good Results\nI am a Big Fan of Man City it's my Ride or Die \n\nWatching it from SuperSport here in Swaziland Africa"}, {"author_id": 133769431, "id": 1494341408731193346, "text": "Man shoots a squirrel, climbs a tree &amp; shoots a deer, hunts lions for game, tigers &amp; crocodiles for skins, elephants for tusks. Man went to Africa and brought other men n chains on a ship &amp; made them slaves 2make him rich; Man is evil, lives in wickedness https://t.co/3Sd48GHsfl"}, {"author_id": 4796427083, "id": 1494270781408391170, "text": "@SinekhayaNazo Somewhere in Africa, a man and his mother has kept a pile of clothes and dirty plates for a girl to wash to test if she would make a good wife. Lol"}, {"author_id": 952759321233850368, "id": 1494263724013768711, "text": "@Taurevanime @ThreshedThought @man_integrated I will have a look at him. My brother has piqued my interest in this\nHe has been in Africa since \u201875 so has a pretty good timeline of the changes. They are pretty much everywhere from Rwanda to Zimbabwe"}, {"author_id": 1347612498971783171, "id": 1494254560692613120, "text": "@ManCityHelp Hi Thanks a lot for getting in Touch of me\n\nI just wanted to Thank you Guys, Players , Coaches , Technical staff\nAnd Bosses for the Smooth and Grinding of Good Results\nI am a Big Fan of Man City it's my Ride or Die \n\nWatching it from SuperSport here in Swaziland Africa"}, {"author_id": 1217548900472709120, "id": 1494236532647022594, "text": "@MrFlexx39 @errolbsk It's a good thing in this for sure\ud83d\udcaf. In other cases, not so much. Who's fighting for us in Morroco or Egypt? A united Africa would be the best thing ever for Africans but if history has taught us anything, it's that such will never come from one man &amp; without massive bloodshed"}, {"author_id": 1084040938681446403, "id": 1494141933958090753, "text": "@PostAntiquarian @BeauxbaFret @SeptimusSulla @FrostedZaibatsu @HeroesInColor00 Let's talk about the \"real\" then. Achilles was real but he was cast by a black man. Cleopatra was Macedonian but Beyonce played her. Hannibal was Tunisian but was cast by another black man. Your okay with black washing, good thing we don't have liberals like you in South Africa."}, {"author_id": 1488622553983762441, "id": 1494062995927875592, "text": "@davido You're a good man. My team wants to partner with you to help the downtroddens living in Africa. You inspired us to create this token which is currently giving an airdrop worth $50 for joining and $5 for a valid referral. Africa must be liberated"}, {"author_id": 2568214406, "id": 1494056735950221328, "text": "@ladoriamm First off all Africans didn\u2019t participate second of all every black person in America didn\u2019t descend from Africa. And why u only study what the white man told you dig deeper into your roots. This is a good website https://t.co/Q547fuzCBk"}, {"author_id": 1209435942861316098, "id": 1493869798735978502, "text": "@Vimal2777 @TomCantonMedia @Football_LDN I\u2019ve never seen such a clueless comment. Arsenal are global giants. Arsenal are massive in America, Asia and Africa. An example, when I visited Thailand, 1st thing I saw was huge billboards with Arsenal and Man United on it. Milan is good for shopping. E questo \u00e8 tutto."}, {"author_id": 1187721297758953472, "id": 1493814504454512643, "text": "@tinaokore He actually is a business man. Running one of the largest medical equipment selling companies in east and central Africa. Make Good your friend."}, {"author_id": 969481501250224129, "id": 1493680100620996608, "text": "That's so good! Let's start calling them chauffeurs!\n\nPS I know Africa isn't a monolith but I'm so awful with geography.\n\nThe man who'd guest teach dance &amp; marimba in elementary school was from Cote D'Ivore that's the only reason I remember A Country \ud83d\ude2d"}, {"author_id": 1282699495717908480, "id": 1493672011729711109, "text": "@FunkyPresident5 @PuroPodcast Oh man, it depends on the country! We do our best to cover as much of it as we can on our site but its mostly a one person operation so we can\u2019t cover everything. But there are good scenes in Nigeria, South Africa, Repub of the Congo, Dem Repub of Congo, Egypt, Angola, Cameroon"}, {"author_id": 1341399940526972930, "id": 1493624177785462787, "text": "@bukyanajulius2 @JoelSsenyonyi Law of prosperity is very clear ,be a man of good conduct then develop your nation , do wat is contrary to the law u face the mighty hand of the law . We need people of integrity to succeed in Africa . Know the law and fight crime my mother land Africa ."}, {"author_id": 1440943255508635650, "id": 1493619328465448968, "text": "@Ms_Xtina @BKLYNBeeyotch OK\ud83d\ude07\n\nNo good man is guilty of a woman's sexual desires. They do whatever they want they take whatever they want and they'll destroy you whether you do or don't. \n\nBlack music? We all come from a mother in Africa. N she was black."}, {"author_id": 1433732769805447188, "id": 1493570832836272129, "text": "@Robin__Friend really good man! ive been in south africa the past couple of weeks, shooting a lot and enjoying the sun. whats new and good on your end man?"}, {"author_id": 1280467289884839937, "id": 1493470269226340353, "text": "RT @yahsuniverse: @IsraelLildav Damn thats truee! When Israel left Assyrian they said they were going i to a far country where \u201cnever man d\u2026"}, {"author_id": 740595220669157376, "id": 1493469087745380354, "text": "@IsraelLildav Damn thats truee! When Israel left Assyrian they said they were going i to a far country where \u201cnever man dwelt! It feels good to know alot of people in west Africa is our ppl. Now Israel needs to stop categorizing all Africans. Cuz thats wicked!"}, {"author_id": 3244707334, "id": 1493272596963635210, "text": "RT @LeonLidigu: My team-mate @HellenShikandah just dropped a \ud83d\udd25 podcast @NationAfrica on The Man Who Smells Like Fish . Do listen in good pe\u2026"}, {"author_id": 2522344603, "id": 1493257217256083461, "text": "My team-mate @HellenShikandah just dropped a \ud83d\udd25 podcast @NationAfrica on The Man Who Smells Like Fish . Do listen in good people. \ud83d\ude4f\n https://t.co/POBVOOSAnr"}, {"author_id": 14524389, "id": 1493229193781334024, "text": "@alawyerwrites Some of them were bewildering, James. Ghavri and Chauhan were dropped after good performances overseas. Shastri had one bad series in South Africa after scoring a double century in Australia and was just 30! Prabhakar was man of the series in his last ODI series."}, {"author_id": 1117929763316826113, "id": 1493162207223418880, "text": "@Adeyemi9A @DennisOlabamiji @altewale You live in a country where a three square meal is even difficult to come by,poor health system,and you want me to be embracing snakes because another man somewhere with good antidotes is doing that?..ecosystem,blabla.This is africa man."}, {"author_id": 719804899698024448, "id": 1493146514683834368, "text": "Fellow Africa young w/men\n\n\u201cLet LOVE and FAITHFULNESS never leave you; bind them around your neck, write them on the tablet of your HEART. Then you will win favor and a good name in the sight of God and man.\u201d Proverb 3: 3,4\n\n\u201cLove your neighbor as yourself,\u201d\u00a0you are doing well \ud83d\udc4d"}, {"author_id": 133769431, "id": 1493073051692552193, "text": "Man shoots a squirrel, climbs a tree &amp; shoots a deer, hunts lions for game, tigers &amp; crocodiles for skins, elephants for tusks. Man went to Africa and brought other men n chains on a ship &amp; made them slaves 2make him rich; Man is evil, lives in wickedness https://t.co/3Sd48GpRnN"}, {"author_id": 46242241, "id": 1493004511631269891, "text": "RT @patrickgaspard: To my friends in South Africa, please trust that @POTUS could not have made a better selection to be the next ambassado\u2026"}, {"author_id": 2916282011, "id": 1493002999039508480, "text": "@Steadi_lady Put more correctly, \"that you're broke doesn't mean you're a good \"PERSON\" (whether man or woman). \n\nBut of course, I get in Africa and Nigeria especially, only men deserve to be broke-shammed. Seeing as money only responds/answers to men, NEVER women. \ud83d\ude42\ud83d\ude0a"}, {"author_id": 1463213491091877902, "id": 1492942258961887236, "text": "Ron DeSantis ...You a stand up good man.Respect all the way from the desert in South Africa.Keep on Keepin on Brother and NEVER lose that smile.Biglove! https://t.co/nF8v26sFIB"}, {"author_id": 829647656594968576, "id": 1492837313331740676, "text": "i told Kenyans to be ready for Baba as your 5th president. the man is respected not only in east africa but beyond africa. he has good bilateral ties with international figures &amp; this puts Kenya on the map of producing a visionary statesman. \n#AzimioLaUmoja \n#AzimioMtaaniHomaBay https://t.co/I13wPkRAk3 https://t.co/bVtH0LAaH3"}, {"author_id": 2315607655, "id": 1492808798620246018, "text": "@itmustbeandy Yep!\n\nWhy do I find myself having to argue that it is a terrible, pompous and smug song?\n\n\"I bless the rains down in Africa\"\nWell that's good of you, white man saviour!"}]