[{"author_id": 618349356, "id": 1495283347354013700, "text": "RT @cynfinite: The way they made the Goofy Movie into a father/son coming of age dramedy is so damn amazing. Just\u2026 come on."}, {"author_id": 4049181013, "id": 1495281228802445314, "text": "RT @Schaffrillas: All these years later and I'm still dumbfounded by how hard A Goofy Movie goes"}, {"author_id": 1248604914, "id": 1495280107350544390, "text": "RT @cynfinite: The way they made the Goofy Movie into a father/son coming of age dramedy is so damn amazing. Just\u2026 come on."}, {"author_id": 319415507, "id": 1495275909565329411, "text": "RT @cynfinite: The way they made the Goofy Movie into a father/son coming of age dramedy is so damn amazing. Just\u2026 come on."}, {"author_id": 1346688027230408704, "id": 1495275678048079875, "text": "@wallsinreview @yennnnnavera She's refusing to do the show now which is very silly, seeing as she's watched the movie at this point. What a goofy gal."}, {"author_id": 1287421291822276609, "id": 1495272667867488260, "text": "RT @Schaffrillas: All these years later and I'm still dumbfounded by how hard A Goofy Movie goes"}, {"author_id": 1485652037740032003, "id": 1495271630649499648, "text": "\u2022 february 19 \u2022\n\na goofy movie || 1995 || kevin lima || rewatch https://t.co/s7l1UxoCqH"}, {"author_id": 14354274, "id": 1495271476550934530, "text": "@marktimemedia For real, \"A Goofy Movie\" is the ultimate forgotten @PaulyShore 90s movie, and he does such a great job in his role in this movie. Leaning Tower of Cheesa may be peak Pauly"}, {"author_id": 1088658799546658821, "id": 1495270814622486528, "text": "Just finished Army of The Dead. I was expecting a goofy zombie action flick instead I got a movie that had ton of inconsistencies, painfully predictable plot, every cliche in the book and mediocre action. At least from what I could see, since 60% of the movie is in the dark."}, {"author_id": 445954548, "id": 1495269953150324739, "text": "RT @cynfinite: The way they made the Goofy Movie into a father/son coming of age dramedy is so damn amazing. Just\u2026 come on."}, {"author_id": 1517117382, "id": 1495264877681721344, "text": "RT @cynfinite: The way they made the Goofy Movie into a father/son coming of age dramedy is so damn amazing. Just\u2026 come on."}, {"author_id": 737908702422929408, "id": 1495260934541094913, "text": "RT @Schaffrillas: All these years later and I'm still dumbfounded by how hard A Goofy Movie goes"}, {"author_id": 185423641, "id": 1495260709827002369, "text": "Hands down my favorite movie of all time and the best movie ever is A Goofy Movie"}, {"author_id": 2643738725, "id": 1495260580663410688, "text": "RT @cynfinite: The way they made the Goofy Movie into a father/son coming of age dramedy is so damn amazing. Just\u2026 come on."}, {"author_id": 198577797, "id": 1495259939731914758, "text": "I might be the person who goes to karaoke night and sings A Goofy Movie followed by Hanson"}, {"author_id": 787560397058428928, "id": 1495259630771097605, "text": "RT @Schaffrillas: All these years later and I'm still dumbfounded by how hard A Goofy Movie goes"}, {"author_id": 1170322212332531713, "id": 1495259360049594369, "text": "Ths sounds from A Goofy Movie's opening scene out of context"}, {"author_id": 1489430144796213250, "id": 1495258878304477184, "text": "RT @barbridollas: naaaa frfr tho goofy this not a movie"}, {"author_id": 611206115, "id": 1495258620576948224, "text": "RT @cynfinite: The way they made the Goofy Movie into a father/son coming of age dramedy is so damn amazing. Just\u2026 come on."}, {"author_id": 2616202674, "id": 1495258267844370434, "text": "also also side note\n\nA Goofy Movie is so good. Like what the hell"}, {"author_id": 57886169, "id": 1495258212135809026, "text": "naaaa frfr tho goofy this not a movie https://t.co/Bnh1XJTc9G"}, {"author_id": 971173604053286912, "id": 1495257425167122433, "text": "Any excuse to retweet A Goofy Movie https://t.co/mqAqwL34lr"}, {"author_id": 579367174, "id": 1495256657751773186, "text": "RT @RealYoshiller: Y\u2019know, I used to say that my favorite 2D Disney films were Aladdin and Brave Little Toaster. But all this recent talk a\u2026"}, {"author_id": 1103162241573179392, "id": 1495256274635735040, "text": "RT @_OnlyNiceThings: I remember watching a Filipino movie as a kid where a family was murdered by someone with a chainsaw and everyone was\u2026"}, {"author_id": 18055208, "id": 1495252700560191493, "text": "Yoooo, they\u2019re really playing \u201cEye To Eye\u201d from A Goofy Movie at the bar!"}, {"author_id": 1445456754968436746, "id": 1495250965406093317, "text": "just watched a goofy movie https://t.co/qGeStgcnRA BOY!!!!! itstime for https://t.co/SP3m6T3UQp qual. its 4am."}, {"author_id": 1494069841824788483, "id": 1495250718428737539, "text": "A goofy movie and Tarzan got some of the best Disney soundtracks."}, {"author_id": 1880232133, "id": 1495249459776823302, "text": "RT @Bruh_Of_Steel: @GummyPupp @DIAC1987 @ToonrificTariq I think where the movie shines is that they both have a point. Max can be a brat an\u2026"}, {"author_id": 346992696, "id": 1495249337558999045, "text": "RT @cynfinite: The way they made the Goofy Movie into a father/son coming of age dramedy is so damn amazing. Just\u2026 come on."}, {"author_id": 150275293, "id": 1495249222802845696, "text": "RT @cynfinite: The way they made the Goofy Movie into a father/son coming of age dramedy is so damn amazing. Just\u2026 come on."}, {"author_id": 1880232133, "id": 1495249184504651777, "text": "RT @GummyPupp: @DIAC1987 @ToonrificTariq I love how this movie will always change your perspective. As a kid you're agreeing with Max but t\u2026"}, {"author_id": 1880232133, "id": 1495248928899485696, "text": "RT @cynfinite: The way they made the Goofy Movie into a father/son coming of age dramedy is so damn amazing. Just\u2026 come on."}, {"author_id": 2353724128, "id": 1495248750830403588, "text": "RT @cynfinite: The way they made the Goofy Movie into a father/son coming of age dramedy is so damn amazing. Just\u2026 come on."}, {"author_id": 335975543, "id": 1495247291145457664, "text": "RT @GummyPupp: @DIAC1987 @ToonrificTariq I love how this movie will always change your perspective. As a kid you're agreeing with Max but t\u2026"}, {"author_id": 997218713232379904, "id": 1495246346932084738, "text": "RT @Schaffrillas: All these years later and I'm still dumbfounded by how hard A Goofy Movie goes"}, {"author_id": 218350248, "id": 1495245208354799620, "text": "RT @Schaffrillas: All these years later and I'm still dumbfounded by how hard A Goofy Movie goes"}, {"author_id": 860221710615932928, "id": 1495243259240718339, "text": "Weird how the original TMNT movie is still a perfect blend of the gritty comic and the goofy cartoons."}, {"author_id": 1309882190784876544, "id": 1495242280504078337, "text": "It's weird seeing Ryan Gosling put up on a pedestal as like this guy every guy wants to be because the only movie I remember him from is The Nice Guys where he played a goofy fuck."}, {"author_id": 137531690, "id": 1495242215727140867, "text": "Top 2 Disney Album after \u201cA Goofy Movie\u201d https://t.co/qW6oz95L9c"}, {"author_id": 2877387148, "id": 1495241796233932802, "text": "RT @cynfinite: The way they made the Goofy Movie into a father/son coming of age dramedy is so damn amazing. Just\u2026 come on."}, {"author_id": 999323380494028801, "id": 1495240960556605442, "text": "RT @cynfinite: The way they made the Goofy Movie into a father/son coming of age dramedy is so damn amazing. Just\u2026 come on."}, {"author_id": 1262872074399420417, "id": 1495240914364772356, "text": "RT @cynfinite: The way they made the Goofy Movie into a father/son coming of age dramedy is so damn amazing. Just\u2026 come on."}, {"author_id": 570817540, "id": 1495240833104240641, "text": "RT @selfkentered: There\u2019s a lot of men in bushwick who look like they\u2019re from the goofy movie"}, {"author_id": 1010148757, "id": 1495240725096812551, "text": "There\u2019s a lot of men in bushwick who look like they\u2019re from the goofy movie"}, {"author_id": 958169273867874304, "id": 1495240162971955210, "text": "RT @cynfinite: The way they made the Goofy Movie into a father/son coming of age dramedy is so damn amazing. Just\u2026 come on."}, {"author_id": 337284612, "id": 1495239119185887233, "text": "RT @cynfinite: The way they made the Goofy Movie into a father/son coming of age dramedy is so damn amazing. Just\u2026 come on."}, {"author_id": 37678320, "id": 1495237338204680195, "text": "RT @cynfinite: The way they made the Goofy Movie into a father/son coming of age dramedy is so damn amazing. Just\u2026 come on."}, {"author_id": 1646380698, "id": 1495237032624504833, "text": "RT @nickkurtz15: @ToonrificTariq This movie in general. When you give GOOFY a performance where it can be so grounded, raw and emotional. J\u2026"}, {"author_id": 1646380698, "id": 1495237013758517248, "text": "RT @ChrisoD74455288: @ToonrificTariq How tf does the goofy movie exist??? Who saw fucking GOOFY and thought \"let's give him a son and give\u2026"}, {"author_id": 734329461487898628, "id": 1495236714796826626, "text": "RT @cynfinite: The way they made the Goofy Movie into a father/son coming of age dramedy is so damn amazing. Just\u2026 come on."}, {"author_id": 1646380698, "id": 1495236642872954886, "text": "RT @Bruh_Of_Steel: @GummyPupp @DIAC1987 @ToonrificTariq I think where the movie shines is that they both have a point. Max can be a brat an\u2026"}, {"author_id": 1646380698, "id": 1495236619749793796, "text": "RT @GummyPupp: @DIAC1987 @ToonrificTariq I love how this movie will always change your perspective. As a kid you're agreeing with Max but t\u2026"}, {"author_id": 1646380698, "id": 1495236537377861633, "text": "RT @cynfinite: The way they made the Goofy Movie into a father/son coming of age dramedy is so damn amazing. Just\u2026 come on."}, {"author_id": 32238490, "id": 1495235888351268866, "text": "RT @cynfinite: The way they made the Goofy Movie into a father/son coming of age dramedy is so damn amazing. Just\u2026 come on."}, {"author_id": 41521268, "id": 1495235762585051137, "text": "@MattMustin IDK if Joaquin was even that miserable. I think he just immersed himself in it and more paid the price physically than mentally. But he\u2019s a much more goofy guy than he comes off as. FTR I think he\u2019s tremendous in that movie, and I agree with him winning for it."}, {"author_id": 1134833361950838784, "id": 1495235210622865409, "text": "Coming soon, Harry Maguire, stars in a raunchy musical adaptation of A Goofy Movie alongside David Moyes"}, {"author_id": 978874014, "id": 1495234854505623554, "text": "@rebeccagull What we do in the shadows is pretty good movie and if you like that, theirs a tv show with the same name and has the goofy vibes from the movie."}, {"author_id": 2957185933, "id": 1495234537487409155, "text": "RT @Schaffrillas: All these years later and I'm still dumbfounded by how hard A Goofy Movie goes"}, {"author_id": 1400271360639787010, "id": 1495234436530679808, "text": "@tschrack That would be neat! Hope you crack the story at some point! A Goofy Movie is definitely a fun one to take inspiration from!"}, {"author_id": 2557069495, "id": 1495234074973249543, "text": "RT @cynfinite: The way they made the Goofy Movie into a father/son coming of age dramedy is so damn amazing. Just\u2026 come on."}, {"author_id": 267396214, "id": 1495233531286638599, "text": "RT @cynfinite: The way they made the Goofy Movie into a father/son coming of age dramedy is so damn amazing. Just\u2026 come on."}, {"author_id": 341059099, "id": 1495233317574098945, "text": "I love how Kingsmen could very easily have been very serious movies about espionage but it\u2019s just a goofy movie with cool gadgets"}, {"author_id": 22091042, "id": 1495233066859581441, "text": "The way they made the Goofy Movie into a father/son coming of age dramedy is so damn amazing. Just\u2026 come on. https://t.co/9d3lLBenxK"}, {"author_id": 294910891, "id": 1495232335062704130, "text": "Statler: That movie was strange. \nWaldorf: Why?\nStatler: It was just a guy working with a bunch of goofy puppets.\nWaldorf: Have you seen who we've been working with the last 50 years?\nStatler: Oh yeah, that's right.\nBoth: HA HA HA!\n\nG'nite everybody!  #Svengoolie https://t.co/usCGILLKNW"}, {"author_id": 1447690487431794692, "id": 1495232231111069697, "text": "RT @FunkoGames: Announcing A Goofy Movie Game \u200b\n\nGlobal superstar Powerline is back on tour! Join Max and his friends as they hit the road\u2026"}, {"author_id": 1134438516362899456, "id": 1495232081710161928, "text": "RT @Schaffrillas: All these years later and I'm still dumbfounded by how hard A Goofy Movie goes"}, {"author_id": 1238801737101819904, "id": 1495231957004869632, "text": "RT @whoisoriginel: Gunna dressed like Max from A Goofy Movie"}, {"author_id": 1246610359773016064, "id": 1495231833499389961, "text": "Gunna dressed like Max from A Goofy Movie"}, {"author_id": 101579948, "id": 1495230784231383040, "text": "@crobbins1988 I\u2019ve wanted to capture the magic of A Goofy Movie in a live-action my whole life. Best I have is a treatment for a short so far."}, {"author_id": 787452478790963201, "id": 1495230658310029316, "text": "I rewatched a goofy movie because everyone kept pointing out that scene and it still holds up"}, {"author_id": 740735836052983808, "id": 1495229147907604497, "text": "RT @Schaffrillas: All these years later and I'm still dumbfounded by how hard A Goofy Movie goes"}, {"author_id": 787452478790963201, "id": 1495229116680966144, "text": "RT @Schaffrillas: All these years later and I'm still dumbfounded by how hard A Goofy Movie goes"}, {"author_id": 25401433, "id": 1495228783552512004, "text": "I don\u2019t know when you watched A Goofy Movie last but Powerline\u2019s I2I is still fantastic https://t.co/qu03Qq0uiF"}, {"author_id": 942926004124823554, "id": 1495228353473040385, "text": "A Goofy Movie is AMAZING and should be talked about more. It\u2019s one of my yearly rewatches and I\u2019m always blown away"}, {"author_id": 4862018725, "id": 1495223141945286657, "text": "RT @Schaffrillas: All these years later and I'm still dumbfounded by how hard A Goofy Movie goes"}, {"author_id": 3251087634, "id": 1495223137490939904, "text": "Eating wendy\u2019s and watching a goofy movie on saturday night with the hubs. I have officially made it"}, {"author_id": 51008068, "id": 1495222210927095814, "text": "RT @GummyPupp: @DIAC1987 @ToonrificTariq I love how this movie will always change your perspective. As a kid you're agreeing with Max but t\u2026"}, {"author_id": 4697666372, "id": 1495221157632557064, "text": "RT @Schaffrillas: All these years later and I'm still dumbfounded by how hard A Goofy Movie goes"}, {"author_id": 812746552930226176, "id": 1495219074061815811, "text": "Was watching A Goofy Movie cause I saw it trending a little bit on my TL and realized this mf gaslit the HELL outta my boy Max. hate his guts fr https://t.co/lJR8g9OLpG"}, {"author_id": 219427160, "id": 1495216875965403136, "text": "RT @Schaffrillas: All these years later and I'm still dumbfounded by how hard A Goofy Movie goes"}, {"author_id": 4204421055, "id": 1495216248107552776, "text": "RT @Schaffrillas: All these years later and I'm still dumbfounded by how hard A Goofy Movie goes"}, {"author_id": 1112136715387441152, "id": 1495214849311260675, "text": "RT @Markydaysaid: The Goofy Movie (1995) is a truly surprising masterpiece. Everything about it is better than it should be. The animation\u2026"}, {"author_id": 837439957371400194, "id": 1495214216290127876, "text": "RT @Schaffrillas: All these years later and I'm still dumbfounded by how hard A Goofy Movie goes"}, {"author_id": 1382932030573273092, "id": 1495213384890994704, "text": "@Kadu_ch_ Just re-watched A Goofy Movie the other day and Roxanne still gives me them feelings."}, {"author_id": 891001480915804161, "id": 1495212651403644931, "text": "RT @Schaffrillas: All these years later and I'm still dumbfounded by how hard A Goofy Movie goes"}, {"author_id": 1888042831, "id": 1495212525176168460, "text": "RT @Schaffrillas: All these years later and I'm still dumbfounded by how hard A Goofy Movie goes"}, {"author_id": 1175752550919954432, "id": 1495210809215041542, "text": "RT @Gurnico: This movie is over the top, unbelievable, goofy, and corny\n\nAnd as a long time Uncharted fan I appreciated it for what it was\u2026"}, {"author_id": 1451190494789136387, "id": 1495210689899737090, "text": "@wounddwrrior420 you couldnt make \u2018a goofy movie\u2019 today"}, {"author_id": 94736035, "id": 1495207683476971522, "text": "I need recommendations for a fun movie that is kind of goofy and stupid but very enjoyable (think Aquaman). I saw Don't Look Up last night and it really bummed me out."}, {"author_id": 3198341281, "id": 1495206984462876675, "text": "RT @Schaffrillas: All these years later and I'm still dumbfounded by how hard A Goofy Movie goes"}, {"author_id": 1445091981567352837, "id": 1495205308393828355, "text": "@vssketchfnfmod A Goofy Movie (1995)"}, {"author_id": 1255045395643842561, "id": 1495204663955578882, "text": "RT @Schaffrillas: All these years later and I'm still dumbfounded by how hard A Goofy Movie goes"}, {"author_id": 1348062545869881344, "id": 1495204459449778176, "text": "Mf was told he was gonna sing for a movie about Goofy and his son and he went \u201cI have to rock the fuckin house with this shit\u201d AND BY GOD DID HE EVER"}, {"author_id": 1102109709421576192, "id": 1495204339836538883, "text": "RT @Schaffrillas: All these years later and I'm still dumbfounded by how hard A Goofy Movie goes"}, {"author_id": 1402047364400025604, "id": 1495203535629307909, "text": "ooo okay this ones an interesting one donnie darko!!! this one is so weird and a lil bit cringey like okay Jake Gyllenhaal we get it ur a little goofy calm down but this movie is like a puzzle but its like a super fucked up puzzle where all the pieces are from different puzzles"}, {"author_id": 1470416045324259328, "id": 1495203531359465473, "text": "RT @B_Rabbit843: Bill Farmer pulls off Goofy being serious SO WELL. You would think Goofy being serious wouldn't be a thing, but that's wha\u2026"}, {"author_id": 532773808, "id": 1495202881389137922, "text": "\u201cThat first 20 minutes of acting like we ain\u2019t link up to fuck is so goofy\ud83d\ude02\u201d Be watching a movie/show like we give a fuck about it \ud83d\ude02\ud83d\ude02\ud83d\ude02"}, {"author_id": 814494237576269825, "id": 1495201961590894597, "text": "RT @Schaffrillas: All these years later and I'm still dumbfounded by how hard A Goofy Movie goes"}, {"author_id": 1074771936666927104, "id": 1495201456131039232, "text": "RT @Schaffrillas: All these years later and I'm still dumbfounded by how hard A Goofy Movie goes"}]