[{"author_id": 795221217460494337, "id": 1495287980440780801, "text": "The elders crept out behind them with Graystripe beside them. Time seemed to stand still as the elders hobbled slowly forward on stiff, battle-scarred legs. If a monster comes now, we\u2019re all fresh-kill, Fireheart thought."}, {"author_id": 3225156008, "id": 1495287881232904196, "text": "Invest early in the \u201cTime travel to kill baby Vlad\u201d memes. Your grandchildren will have a good laugh looking at them when they get back to the radiation shelter after a hard day scavenging."}, {"author_id": 1424319248, "id": 1495287774014066690, "text": "After the first time he tried to kill me, I got a therapist for like 2 sessions n she asked me if what happened made me suicidal at all and I straight faced told her \u201cNah, I obviously can\u2019t die.\u201d but I was joking n then at the end of the session she was like u might b schizo dude"}, {"author_id": 890759133221326848, "id": 1495287638873546757, "text": "hes sitting at his desk with his five nights at freddys backpack thinking about how he stopped time in order to kill a god and how nobody will notice how the transfer student hasnt been back yet"}, {"author_id": 1366201194838958082, "id": 1495287570472841218, "text": "RT @thatbbitchbtw: I\u2019m turning into a diy junkie.. these apartments gone kill me when it\u2019s time to move \ud83d\ude05"}, {"author_id": 392088359, "id": 1495286522362630145, "text": "3.Barb and Star Go To Vista Del Mar\n\nPlot: The story of best friends  who leave their small  town to go on vacation where they soon find themselves tangled up in a villain\u2019s evil plot to kill everyone in town.\n\nBrief Thoughts: A hilarious and ridiculous time in the movies. https://t.co/B5TdfTq1Xd"}, {"author_id": 357943407, "id": 1495286340681801730, "text": "@PierceThePro Everybody in here complaining about bush campers sititng in bush \"24/7\" or \"30 mins\" probably got killed by a rat/stealth player that stopped in a bush for a minute or 2 for info lmao I have that all the time - sit in bush for 2 mins to listen &gt; kill guy &gt; \"campin all game\""}, {"author_id": 3036326555, "id": 1495286256384815109, "text": "@Guerrilla Every single time I strike them silently, I leave them with a millimeter of health and there is no way for me to do it. I can easily Silent Strike any Burrower in the wild, yet it won't kill them in 1 hit during this challenge. Is this a glitch??"}, {"author_id": 524785211, "id": 1495285774186475521, "text": "RT @Care4AllLives: I have never seen a cold or a flu kill 32 people in a long-term care facility within weeks, such as at the Good Samarita\u2026"}, {"author_id": 1310819474333982721, "id": 1495285731048230913, "text": "@brokensegment @Wearethedead6 @SwFalcon94 @OttawaPolice It is a protest you leftist cl0wn. Its supposed to be on roads\u2026 not in homes. Next time people should burn buildings, loot businesses and kill people like \u201cbLm revolution\u201d\u2026right??\ud83e\udd21\ud83e\udd21\ud83e\udd21\ud83e\udd21"}, {"author_id": 39303612, "id": 1495285453993525254, "text": "RT @jeropwin: The incident Stanley Livondo cites was in April 2015. Clearance in Ethiopia, Eritrea and or yemen were cited and denied. But\u2026"}, {"author_id": 1105046979426476032, "id": 1495285012605779970, "text": "@Sysngn Those fans are gonna do shit against a criminal who wants to kill you, why do the police \u201cforce\u201d bow to these little love ins. Support it out of uniform time!"}, {"author_id": 1490228974793871361, "id": 1495284102483742722, "text": "There is a group of people who want to kill us, after all. What? This is no time for asking permission. I learned long ago that one can ask permission or forgiveness. It is rarely useful to request the former."}, {"author_id": 907349371, "id": 1495283985433468931, "text": "@razsolo @TheHeroBiz @ClaremontRun After all this time if no one can see that Madelyne was possessed, it's because they don't WANT to see it. Because it's so much easier to write her off as an insane Jean Grey clone who tried to kill a bunch of babies then a woman who was abandoned and corrupted against her will"}, {"author_id": 771851136655589377, "id": 1495283715051704323, "text": "RT @JenniferJokes: You all would use a time machine to kill baby hitler but I would use it to go back to all the jobs I hated and quit dram\u2026"}, {"author_id": 4258798342, "id": 1495283698123563010, "text": "@TailsOfWinter Inuyasha: \u201cSessh\u014dmaru! You wasn\u2019t supposed to do that! Really indecent of your, brother.\u201d\n\nFirst of all, stop calling me brother before I kill you. And second, everything backfires on me every time there\u2019s an opportunity for me. I\u2019m just a burden to the world.\n\n\u2022He says as he+"}, {"author_id": 1069360591, "id": 1495283530263269378, "text": "RT @Care4AllLives: I have never seen a cold or a flu kill 32 people in a long-term care facility within weeks, such as at the Good Samarita\u2026"}, {"author_id": 244029349, "id": 1495282967970672640, "text": "@AFTVMedia @TroopzAFC Have said it time &amp; Again, Pepe is a threat to any team in the world. He way of moving forward defines he just goes for the Kill. He 70% always comes close to score, assist or win a Penalty, which he was bought down in the D..Thts wat we wanna see more USE HIM not WASTE HIM."}, {"author_id": 1483430210691567617, "id": 1495282757429129219, "text": "RT @Sumit26081996: @mahmoodalitrs As a serving soldier I am moving one place to another. I have a threat of life due to having expensive pr\u2026"}, {"author_id": 11187742, "id": 1495281559825494018, "text": "Watched Dressed to Kill for the first time since the 80\u2019s. How can a movie be kinda bad, but still be pretty great?"}, {"author_id": 1212589705629294592, "id": 1495281404195708930, "text": "RT @HeliPandya8: @7ImSushantAgain @smitaparikh2 @withoutthemind @ErayCr @iujjawaltrivedi @ApurvaU21 @PhotonSush21 @sushantify @blacksheep_1\u2026"}, {"author_id": 1299136224469438466, "id": 1495280758591733764, "text": "RT @HelsinkiComm: .@SonerCagaptay @WashInstitute: One of the lessons in #Turkey under Erdogan is that it takes a really long time to kill d\u2026"}, {"author_id": 1188012681133019136, "id": 1495280469289570305, "text": "Just don't you call anyone here, okay? Please, I'm begging you! If they find a dead man in my house... Ah, that's hard to explain, but I promise I'll do so later\u2014when we have the time. I didn't kill him, I swear, and I couldn't have mutilated him so horrendously..."}, {"author_id": 1351455082798338048, "id": 1495279058397110274, "text": "RT @DividendIncome_: I no longer help anyone who is always trying to hang on or cling to someone for a penny. \n\nIt's time for people to sta\u2026"}, {"author_id": 2808772220, "id": 1495278911340568576, "text": "RT @Shoooohhhh: An animation I made of Miscon's Pinku and Raito a few years ago. Thought I'd go back and clean it up a bit since I needed t\u2026"}, {"author_id": 1466258903922995201, "id": 1495278586500055040, "text": "@Eyesony89888771 @theeSNYDERVERSE Wow, good job using a batman from the late 30s who was then changed shortly after to not use guns or kill \ud83d\ude44 plus Snyder said his batman was based off of TDKR Batman (who had a whole speech about how guns and killing are bad) yet he kills ALL THE TIME IN BvS"}, {"author_id": 1403949752455139334, "id": 1495278455881191426, "text": "@lmTheReasonWhy Don\u2019t forget A Time To Kill"}, {"author_id": 1037657769468420096, "id": 1495277829952610304, "text": "@SpicyAboki @MRBRIKILA1 The charm or simply irony is potent that these group of people can even kill to defend these politicians whom are the cause of the woes.\nInterestingly,a one time cash handout of 3500 is so preferred to installing the right candidates by screening and voting them in."}, {"author_id": 583549042, "id": 1495277798532915203, "text": "Tom Koutsantonis MP\nPeter Malinauskas &amp; the Labor team has a plan for the future for the next generation. \nTransforming health Mark 2, since there are many more hospital buildings that can be emptied this time. It took you 13yrs last time, how long will it take to kill it again. https://t.co/lmfP2fB60r"}, {"author_id": 1446689131061460993, "id": 1495277588566188033, "text": "#BTC could go much lower. A mix of regulation, innovation, and hostile/substitute technology may kill cryptos. It is a good time to sell #cryptos.\n\n#Bitcoin #cryptocrash2022 #crypto #cryptocurrency \n#Ethereum $BTC"}, {"author_id": 1482452776810688517, "id": 1495277223510614016, "text": "this is honestly just making me think of how I never noticed that my favorite characters from stuff I read were almost always girls and women.\n\nMeg, from \"A Wrinkle in Time\".\nScout, from \"To Kill a Mockingbird\".\nJeanne d'Arc from Jean Anouilh's \"The Lark\".\n\n~Chara"}, {"author_id": 26291555, "id": 1495277216615354369, "text": "RT @pfeifferpack: 3AM EST 2/19 NYCACC:  7 on the kill list for Sat. Pledge to draw a foster @TomJumboGrumbo If you can be a SUPERhero &amp; fos\u2026"}, {"author_id": 4895357883, "id": 1495276847080300544, "text": "RT @jeropwin: The incident Stanley Livondo cites was in April 2015. Clearance in Ethiopia, Eritrea and or yemen were cited and denied. But\u2026"}, {"author_id": 1155840474588037121, "id": 1495276010048303104, "text": "The modern right is full of soy boys and cucks. The government could burn their home and kill their dog and they'd still call for a peaceful rally and to \"trust the system\". Yeah bud you're gonna vote em out this time for sure right? https://t.co/OhuaaYJte6"}, {"author_id": 1096915947422732290, "id": 1495275972765097987, "text": "RT @MrHedgehog6: continuing Bakugou introspection threads... \n\nPro hero Red Riot gets time-swapped along with a villain who is aiming to go\u2026"}, {"author_id": 1259879720914731008, "id": 1495275857698603009, "text": "@geekyginge @BlakeEM_ @hwgraves78 @charlie96443618 @OGTrinny @JustinTrudeau People die all the time and there's risk every day. Some parts of the world have been going through humanitarian atrocities for decades that kill and nobody bats an eye. Covid isn't a big enough threat to the majority of humanity to continue with pointless lockdowns"}, {"author_id": 1440325128605220864, "id": 1495275597546754049, "text": "RT @fawfulfan: It is time to kill this entire industry dead. It is a cesspool of Ponzi schemes and pump-and-dumps that has created nothing\u2026"}, {"author_id": 1465384376716316674, "id": 1495275191026388992, "text": "I have never seen a cold or a flu kill 32 people in a long-term care facility within weeks, such as at the Good Samaritan Southgate Care Centre. \n\nCovid is not a cold or a flu! \n\nWake up! \n\nMore dangerous strains are coming!\n\nThe time to prepare to control\nthem is now!"}, {"author_id": 1454596878146883588, "id": 1495274872653901825, "text": "$ETH is bleeding against #BTC right now\u2026 it only made sense to #BTD\u2026 just in a different kinda way this time.\n\nDiversifying into the different stores of value available on the Blockchain won\u2019t kill you.\n\nIMO, #NFTs &gt;&gt;&gt; physical art.\n\nI need some digital #MANA land next. \ud83c\udfe1 https://t.co/IrgCj6ePbe https://t.co/usW4ZuQxt5"}, {"author_id": 3248371496, "id": 1495274743787884548, "text": "@mehdirhasan It's a damn shame warren lost all cred she had as a progressive when she helped kill the progressive movement (for a second time). To me, she is and always will be a snake."}, {"author_id": 1282285467526979586, "id": 1495273833900687363, "text": "People who play games like this should be in a Science lab somewhere. Cause how does your brain work this fast to build and edit at the same time then to get a kill on the top of that without messing up once. https://t.co/iWNpcVZybQ"}, {"author_id": 1479793101032267776, "id": 1495273801751269381, "text": "RT @WardaAm72051940: The example of a true soldier is that he loves Allah and hate the enemies and any time he get ready to kill the enemy\u2026"}, {"author_id": 1405693832075702274, "id": 1495273728019628033, "text": "@qmacbmm DaVinci\ud83e\udd81If you calculate this year 2022 minus the year the 1st Mona Lisa died 1542=480 years, the same amount of time from Exodus to the rebuild of the new temple in the bible.2nd Mona Lisa is the Bride of Christ-JESUS NEVER SAID HE\u2019LL RETURN AS A MAN-if I tell U,U will kill me"}, {"author_id": 1405693832075702274, "id": 1495273696163811328, "text": "@DavyMystical DaVinci\ud83e\udd81If you calculate this year 2022 minus the year the 1st Mona Lisa died 1542=480 years, the same amount of time from Exodus to the rebuild of the new temple in the bible.2nd Mona Lisa is the Bride of Christ-JESUS NEVER SAID HE\u2019LL RETURN AS A MAN-if I tell U,U will kill me"}, {"author_id": 1405693832075702274, "id": 1495273656255090691, "text": "@Mz_sleeky DaVinci\ud83e\udd81If you calculate this year 2022 minus the year the 1st Mona Lisa died 1542=480 years, the same amount of time from Exodus to the rebuild of the new temple in the bible.2nd Mona Lisa is the Bride of Christ-JESUS NEVER SAID HE\u2019LL RETURN AS A MAN-if I tell U,U will kill me"}, {"author_id": 1405693832075702274, "id": 1495273624059592706, "text": "@LukeLaChance @MikeSington DaVinci\ud83e\udd81If you calculate this year 2022 minus the year the 1st Mona Lisa died 1542=480 years, the same amount of time from Exodus to the rebuild of the new temple in the bible.2nd Mona Lisa is the Bride of Christ-JESUS NEVER SAID HE\u2019LL RETURN AS A MAN-if I tell U,U will kill me"}, {"author_id": 1405693832075702274, "id": 1495273558963937285, "text": "@caroline_grage @JoelOsteen DaVinci\ud83e\udd81If you calculate this year 2022 minus the year the 1st Mona Lisa died 1542=480 years, the same amount of time from Exodus to the rebuild of the new temple in the bible.2nd Mona Lisa is the Bride of Christ-JESUS NEVER SAID HE\u2019LL RETURN AS A MAN-if I tell U,U will kill me"}, {"author_id": 1405693832075702274, "id": 1495273529838764032, "text": "@Qynton DaVinci\ud83e\udd81If you calculate this year 2022 minus the year the 1st Mona Lisa died 1542=480 years, the same amount of time from Exodus to the rebuild of the new temple in the bible.2nd Mona Lisa is the Bride of Christ-JESUS NEVER SAID HE\u2019LL RETURN AS A MAN-if I tell U,U will kill me"}, {"author_id": 1405693832075702274, "id": 1495273480111099904, "text": "@Praisy_Olive @unkonfined DaVinci\ud83e\udd81If you calculate this year 2022 minus the year the 1st Mona Lisa died 1542=480 years, the same amount of time from Exodus to the rebuild of the new temple in the bible.2nd Mona Lisa is the Bride of Christ-JESUS NEVER SAID HE\u2019LL RETURN AS A MAN-if I tell U,U will kill me"}, {"author_id": 1405693832075702274, "id": 1495273445361262593, "text": "@devilscarousel DaVinci\ud83e\udd81If you calculate this year 2022 minus the year the 1st Mona Lisa died 1542=480 years, the same amount of time from Exodus to the rebuild of the new temple in the bible.2nd Mona Lisa is the Bride of Christ-JESUS NEVER SAID HE\u2019LL RETURN AS A MAN-if I tell U,U will kill me"}, {"author_id": 1405693832075702274, "id": 1495273413274791937, "text": "@theografia DaVinci\ud83e\udd81If you calculate this year 2022 minus the year the 1st Mona Lisa died 1542=480 years, the same amount of time from Exodus to the rebuild of the new temple in the bible.2nd Mona Lisa is the Bride of Christ-JESUS NEVER SAID HE\u2019LL RETURN AS A MAN-if I tell U,U will kill me"}, {"author_id": 1494536551539302406, "id": 1495273372854460417, "text": "Like honestly every time a league player realizes me username implies that Jinx is Silco's kitten they just call me gross then move on and we either have a good game or we don't. Not even these fuckers tell me to kill myself."}, {"author_id": 1405693832075702274, "id": 1495273365841461248, "text": "@dear_hearted @dirtycontrasts DaVinci\ud83e\udd81If you calculate this year 2022 minus the year the 1st Mona Lisa died 1542=480 years, the same amount of time from Exodus to the rebuild of the new temple in the bible.2nd Mona Lisa is the Bride of Christ-JESUS NEVER SAID HE\u2019LL RETURN AS A MAN-if I tell U,U will kill me"}, {"author_id": 1405693832075702274, "id": 1495273326960250882, "text": "@DavidLundIdaho @DisturbedFindi1 @azlinthelich @rstoddard DaVinci\ud83e\udd81If you calculate this year 2022 minus the year the 1st Mona Lisa died 1542=480 years, the same amount of time from Exodus to the rebuild of the new temple in the bible.2nd Mona Lisa is the Bride of Christ-JESUS NEVER SAID HE\u2019LL RETURN AS A MAN-if I tell U,U will kill me"}, {"author_id": 1405693832075702274, "id": 1495273254038106112, "text": "@ForageandFloral @Moele18 @LifeWithThami @METROFMSA DaVinci\ud83e\udd81If you calculate this year 2022 minus the year the 1st Mona Lisa died 1542=480 years, the same amount of time from Exodus to the rebuild of the new temple in the bible.2nd Mona Lisa is the Bride of Christ-JESUS NEVER SAID HE\u2019LL RETURN AS A MAN-if I tell U,U will kill me"}, {"author_id": 1457171708864049157, "id": 1495273226703884288, "text": "@aunty_fem @Bchpmn1 @BumpstockBarbie @EmmaJClemmons @Janemarch888 @prolife_lgbtq \"If U let Ur sperm break a woman's egg, ur responsible for the damage\" Did my sperm get to your egg without your knowledge and permission? Why should you have the right to not only kill but also hand all responsibility to someone else (the state) but at the same time be 1/2"}, {"author_id": 1405693832075702274, "id": 1495273224443101188, "text": "@iDexOkonkwo DaVinci\ud83e\udd81If you calculate this year 2022 minus the year the 1st Mona Lisa died 1542=480 years, the same amount of time from Exodus to the rebuild of the new temple in the bible.2nd Mona Lisa is the Bride of Christ-JESUS NEVER SAID HE\u2019LL RETURN AS A MAN-if I tell U,U will kill me"}, {"author_id": 1405693832075702274, "id": 1495273167119536132, "text": "@Coach_WAC_IV DaVinci\ud83e\udd81If you calculate this year 2022 minus the year the 1st Mona Lisa died 1542=480 years, the same amount of time from Exodus to the rebuild of the new temple in the bible.2nd Mona Lisa is the Bride of Christ-JESUS NEVER SAID HE\u2019LL RETURN AS A MAN-if I tell U,U will kill me"}, {"author_id": 1405693832075702274, "id": 1495273135259537409, "text": "@AnthonyJamesP1 @horsepro001 @rc_outside DaVinci\ud83e\udd81If you calculate this year 2022 minus the year the 1st Mona Lisa died 1542=480 years, the same amount of time from Exodus to the rebuild of the new temple in the bible.2nd Mona Lisa is the Bride of Christ-JESUS NEVER SAID HE\u2019LL RETURN AS A MAN-if I tell U,U will kill me"}, {"author_id": 1405693832075702274, "id": 1495273105387712512, "text": "@DaLite4u DaVinci\ud83e\udd81If you calculate this year 2022 minus the year the 1st Mona Lisa died 1542=480 years, the same amount of time from Exodus to the rebuild of the new temple in the bible.2nd Mona Lisa is the Bride of Christ-JESUS NEVER SAID HE\u2019LL RETURN AS A MAN-if I tell U,U will kill me"}, {"author_id": 1405693832075702274, "id": 1495273073385545733, "text": "@Rho_Baby3 DaVinci\ud83e\udd81If you calculate this year 2022 minus the year the 1st Mona Lisa died 1542=480 years, the same amount of time from Exodus to the rebuild of the new temple in the bible.2nd Mona Lisa is the Bride of Christ-JESUS NEVER SAID HE\u2019LL RETURN AS A MAN-if I tell U,U will kill me"}, {"author_id": 1405693832075702274, "id": 1495273041776955394, "text": "@drealkach DaVinci\ud83e\udd81If you calculate this year 2022 minus the year the 1st Mona Lisa died 1542=480 years, the same amount of time from Exodus to the rebuild of the new temple in the bible.2nd Mona Lisa is the Bride of Christ-JESUS NEVER SAID HE\u2019LL RETURN AS A MAN-if I tell U,U will kill me"}, {"author_id": 1405693832075702274, "id": 1495273009812160512, "text": "@Vern_Chi DaVinci\ud83e\udd81If you calculate this year 2022 minus the year the 1st Mona Lisa died 1542=480 years, the same amount of time from Exodus to the rebuild of the new temple in the bible.2nd Mona Lisa is the Bride of Christ-JESUS NEVER SAID HE\u2019LL RETURN AS A MAN-if I tell U,U will kill me"}, {"author_id": 1405693832075702274, "id": 1495272978195435524, "text": "@kimugekwonyike1 DaVinci\ud83e\udd81If you calculate this year 2022 minus the year the 1st Mona Lisa died 1542=480 years, the same amount of time from Exodus to the rebuild of the new temple in the bible.2nd Mona Lisa is the Bride of Christ-JESUS NEVER SAID HE\u2019LL RETURN AS A MAN-if I tell U,U will kill me"}, {"author_id": 1405693832075702274, "id": 1495272946729832449, "text": "@NamekianIsrael DaVinci\ud83e\udd81If you calculate this year 2022 minus the year the 1st Mona Lisa died 1542=480 years, the same amount of time from Exodus to the rebuild of the new temple in the bible.2nd Mona Lisa is the Bride of Christ-JESUS NEVER SAID HE\u2019LL RETURN AS A MAN-if I tell U,U will kill me"}, {"author_id": 1405693832075702274, "id": 1495272915067019266, "text": "@pkangata DaVinci\ud83e\udd81If you calculate this year 2022 minus the year the 1st Mona Lisa died 1542=480 years, the same amount of time from Exodus to the rebuild of the new temple in the bible.2nd Mona Lisa is the Bride of Christ-JESUS NEVER SAID HE\u2019LL RETURN AS A MAN-if I tell U,U will kill me"}, {"author_id": 1405693832075702274, "id": 1495272846213271553, "text": "@LOtheOG DaVinci\ud83e\udd81If you calculate this year 2022 minus the year the 1st Mona Lisa died 1542=480 years, the same amount of time from Exodus to the rebuild of the new temple in the bible.2nd Mona Lisa is the Bride of Christ-JESUS NEVER SAID HE\u2019LL RETURN AS A MAN-if I tell U,U will kill me"}, {"author_id": 1405693832075702274, "id": 1495272803649552389, "text": "@AdeolaAgboluaj1 DaVinci\ud83e\udd81If you calculate this year 2022 minus the year the 1st Mona Lisa died 1542=480 years, the same amount of time from Exodus to the rebuild of the new temple in the bible.2nd Mona Lisa is the Bride of Christ-JESUS NEVER SAID HE\u2019LL RETURN AS A MAN-if I tell U,U will kill me"}, {"author_id": 1405693832075702274, "id": 1495272770392903681, "text": "@adeagboluaje DaVinci\ud83e\udd81If you calculate this year 2022 minus the year the 1st Mona Lisa died 1542=480 years, the same amount of time from Exodus to the rebuild of the new temple in the bible.2nd Mona Lisa is the Bride of Christ-JESUS NEVER SAID HE\u2019LL RETURN AS A MAN-if I tell U,U will kill me"}, {"author_id": 1405693832075702274, "id": 1495272737459240960, "text": "@WarDogs44 @DanRev_docRpill @EMayhiak @BWSchank @KimmerK @BillyHeym @R1cor15 @RD_Workman DaVinci\ud83e\udd81If you calculate this year 2022 minus the year the 1st Mona Lisa died 1542=480 years, the same amount of time from Exodus to the rebuild of the new temple in the bible.2nd Mona Lisa is the Bride of Christ-JESUS NEVER SAID HE\u2019LL RETURN AS A MAN-if I tell U,U will kill me"}, {"author_id": 1405693832075702274, "id": 1495272708250103813, "text": "@MrRationale2021 @cryptodrftng @moneytofreedom @lexfridman DaVinci\ud83e\udd81If you calculate this year 2022 minus the year the 1st Mona Lisa died 1542=480 years, the same amount of time from Exodus to the rebuild of the new temple in the bible.2nd Mona Lisa is the Bride of Christ-JESUS NEVER SAID HE\u2019LL RETURN AS A MAN-if I tell U,U will kill me"}, {"author_id": 1405693832075702274, "id": 1495272671390568448, "text": "@inborderline_ DaVinci\ud83e\udd81If you calculate this year 2022 minus the year the 1st Mona Lisa died 1542=480 years, the same amount of time from Exodus to the rebuild of the new temple in the bible.2nd Mona Lisa is the Bride of Christ-JESUS NEVER SAID HE\u2019LL RETURN AS A MAN-if I tell U,U will kill me"}, {"author_id": 1405693832075702274, "id": 1495272637823545344, "text": "@JohnZwicker1 DaVinci\ud83e\udd81If you calculate this year 2022 minus the year the 1st Mona Lisa died 1542=480 years, the same amount of time from Exodus to the rebuild of the new temple in the bible.2nd Mona Lisa is the Bride of Christ-JESUS NEVER SAID HE\u2019LL RETURN AS A MAN-if I tell U,U will kill me"}, {"author_id": 1405693832075702274, "id": 1495272541077716994, "text": "@DShenah DaVinci\ud83e\udd81If you calculate this year 2022 minus the year the 1st Mona Lisa died 1542=480 years, the same amount of time from Exodus to the rebuild of the new temple in the bible.2nd Mona Lisa is the Bride of Christ-JESUS NEVER SAID HE\u2019LL RETURN AS A MAN-if I tell U,U will kill me"}, {"author_id": 1294888207079878656, "id": 1495272532714401794, "text": "@JOTOMAMI @PuduEnthusiast @SELDlOR @PopBase Spiritual well being is just a more beautiful way to say enjoyment but thank u u\u2019re proving my point. If u need to kill to feed ur spirit then ur weird It comes from another time where killing murders death were normalised everywhere. It has no place in our society now"}, {"author_id": 1405693832075702274, "id": 1495272508605358080, "text": "@sanyaolu DaVinci\ud83e\udd81If you calculate this year 2022 minus the year the 1st Mona Lisa died 1542=480 years, the same amount of time from Exodus to the rebuild of the new temple in the bible.2nd Mona Lisa is the Bride of Christ-JESUS NEVER SAID HE\u2019LL RETURN AS A MAN-if I tell U,U will kill me"}, {"author_id": 1405693832075702274, "id": 1495272477068443651, "text": "@downunderman5 DaVinci\ud83e\udd81If you calculate this year 2022 minus the year the 1st Mona Lisa died 1542=480 years, the same amount of time from Exodus to the rebuild of the new temple in the bible.2nd Mona Lisa is the Bride of Christ-JESUS NEVER SAID HE\u2019LL RETURN AS A MAN-if I tell U,U will kill me"}, {"author_id": 1405693832075702274, "id": 1495272442134077444, "text": "@808_KRYPTO @Mageo_Mose @BookitWithTrent @ChellGod7 @Krabs_Bets @BookingwWylie @laurencowling_ DaVinci\ud83e\udd81If you calculate this year 2022 minus the year the 1st Mona Lisa died 1542=480 years, the same amount of time from Exodus to the rebuild of the new temple in the bible.2nd Mona Lisa is the Bride of Christ-JESUS NEVER SAID HE\u2019LL RETURN AS A MAN-if I tell U,U will kill me"}, {"author_id": 1405693832075702274, "id": 1495272411037503492, "text": "@gracepastor07 DaVinci\ud83e\udd81If you calculate this year 2022 minus the year the 1st Mona Lisa died 1542=480 years, the same amount of time from Exodus to the rebuild of the new temple in the bible.2nd Mona Lisa is the Bride of Christ-JESUS NEVER SAID HE\u2019LL RETURN AS A MAN-if I tell U,U will kill me"}, {"author_id": 1405693832075702274, "id": 1495272337188347905, "text": "@purpose_kingdom DaVinci\u2764\ufe0fIf you calculate this year 2022 minus the year the 1st Mona Lisa died 1542=480 years, the same amount of time from Exodus to the rebuild of the new temple in the bible.2nd Mona Lisa is the Bride of Christ-JESUS NEVER SAID HE\u2019LL RETURN AS A MAN-if I tell U,U will kill me"}, {"author_id": 578703917, "id": 1495272303789178885, "text": "I've been to a bunch of great concerts. I've never been to Red Rocks... I've also never seen Nine Inch Nails... might be about time to kill 2 birds with one stone."}, {"author_id": 1405693832075702274, "id": 1495272266078187520, "text": "@300AAC_ @SpeedWatkins DaVinci\u2764\ufe0fIf you calculate this year 2022 minus the year the 1st Mona Lisa died 1542=480 years, the same amount of time from Exodus to the rebuild of the new temple in the bible.2nd Mona Lisa is the Bride of Christ-JESUS NEVER SAID HE\u2019LL RETURN AS A MAN-if I tell U,U will kill me"}, {"author_id": 1405693832075702274, "id": 1495272233840693252, "text": "@sophiaklesis @allyyarid DaVinci\u2764\ufe0fIf you calculate this year 2022 minus the year the 1st Mona Lisa died 1542=480 years, the same amount of time from Exodus to the rebuild of the new temple in the bible.2nd Mona Lisa is the Bride of Christ-JESUS NEVER SAID HE\u2019LL RETURN AS A MAN-if I tell U,U will kill me"}, {"author_id": 1405693832075702274, "id": 1495272183731347459, "text": "@glaubeweiter DaVinci\u2764\ufe0fIf you calculate this year 2022 minus the year the 1st Mona Lisa died 1542=480 years, the same amount of time from Exodus to the rebuild of the new temple in the bible.2nd Mona Lisa is the Bride of Christ-JESUS NEVER SAID HE\u2019LL RETURN AS A MAN-if I tell U,U will kill me"}, {"author_id": 1405693832075702274, "id": 1495272151733063680, "text": "@SDAMUSICGH DaVinci\u2764\ufe0fIf you calculate this year 2022 minus the year the 1st Mona Lisa died 1542=480 years, the same amount of time from Exodus to the rebuild of the new temple in the bible.2nd Mona Lisa is the Bride of Christ-JESUS NEVER SAID HE\u2019LL RETURN AS A MAN-if I tell U,U will kill me"}, {"author_id": 1285911706653405185, "id": 1495272149082263560, "text": "RT @HeliPandya8: @7ImSushantAgain @smitaparikh2 @withoutthemind @ErayCr @iujjawaltrivedi @ApurvaU21 @PhotonSush21 @sushantify @blacksheep_1\u2026"}, {"author_id": 1405693832075702274, "id": 1495272118908440579, "text": "@mclean177 @Kunta_Kinte_141 @PRM13001813 @DonaldJTrumpJr @PatriotMobile DaVinci\u2764\ufe0fIf you calculate this year 2022 minus the year the 1st Mona Lisa died 1542=480 years, the same amount of time from Exodus to the rebuild of the new temple in the bible.2nd Mona Lisa is the Bride of Christ-JESUS NEVER SAID HE\u2019LL RETURN AS A MAN-if I tell U,U will kill me"}, {"author_id": 1405693832075702274, "id": 1495272076600504320, "text": "@_Oseghale_ @Magajibnw1 @ShehuSani DaVinci\u2764\ufe0fIf you calculate this year 2022 minus the year the 1st Mona Lisa died 1542=480 years, the same amount of time from Exodus to the rebuild of the new temple in the bible.2nd Mona Lisa is the Bride of Christ-JESUS NEVER SAID HE\u2019LL RETURN AS A MAN-if I tell U,U will kill me"}, {"author_id": 1405693832075702274, "id": 1495272046648954880, "text": "@Michael93133300 @carmen86368748 @jpapiurso DaVinci\u2764\ufe0fIf you calculate this year 2022 minus the year the 1st Mona Lisa died 1542=480 years, the same amount of time from Exodus to the rebuild of the new temple in the bible.2nd Mona Lisa is the Bride of Christ-JESUS NEVER SAID HE\u2019LL RETURN AS A MAN-if I tell U,U will kill me"}, {"author_id": 1310082503261126656, "id": 1495272014256304129, "text": "@7ImSushantAgain @smitaparikh2 @withoutthemind @ErayCr @iujjawaltrivedi @ApurvaU21 @PhotonSush21 @sushantify @blacksheep_119 @prankya @ssrfanpage @absolutaesthete @Arshii_Arora @shadowofphoton @DrJitendraSingh Leaving means giving Culprits one more chance to kill an innocent soul. This time of you all are frustrated take a break and come back please \nDelhi Fight Back 4 SSR\nJustice 4 Sushant Disha Jiah"}, {"author_id": 1405693832075702274, "id": 1495272004789825536, "text": "@Nancymoraan DaVinci\u2764\ufe0fIf you calculate this year 2022 minus the year the 1st Mona Lisa died 1542=480 years, the same amount of time from Exodus to the rebuild of the new temple in the bible.2nd Mona Lisa is the Bride of Christ-JESUS NEVER SAID HE\u2019LL RETURN AS A MAN-if I tell U,U will kill me"}, {"author_id": 1405693832075702274, "id": 1495271962041458688, "text": "@Activist_Boni @WilliamsRuto @MamaRachelRuto @KBonimtetezi DaVinci\u2764\ufe0fIf you calculate this year 2022 minus the year the 1st Mona Lisa died 1542=480 years, the same amount of time from Exodus to the rebuild of the new temple in the bible.2nd Mona Lisa is the Bride of Christ-JESUS NEVER SAID HE\u2019LL RETURN AS A MAN-if I tell U,U will kill me"}, {"author_id": 1405693832075702274, "id": 1495271912271843333, "text": "@PrincessJL17 DaVinci\u2764\ufe0fIf you calculate this year 2022 minus the year the 1st Mona Lisa died 1542=480 years, the same amount of time from Exodus to the rebuild of the new temple in the bible.2nd Mona Lisa is the Bride of Christ-JESUS NEVER SAID HE\u2019LL RETURN AS A MAN-if I tell U,U will kill me"}, {"author_id": 1405693832075702274, "id": 1495271880357384195, "text": "@SWBilsborough @greatlifechurch DaVinci\u2764\ufe0fIf you calculate this year 2022 minus the year the 1st Mona Lisa died 1542=480 years, the same amount of time from Exodus to the rebuild of the new temple in the bible.2nd Mona Lisa is the Bride of Christ-JESUS NEVER SAID HE\u2019LL RETURN AS A MAN-if I tell U,U will kill me"}, {"author_id": 1405693832075702274, "id": 1495271851135700992, "text": "@mind_loyal DaVinci\u2764\ufe0fIf you calculate this year 2022 minus the year the 1st Mona Lisa died 1542=480 years, the same amount of time from Exodus to the rebuild of the new temple in the bible.2nd Mona Lisa is the Bride of Christ-JESUS NEVER SAID HE\u2019LL RETURN AS A MAN-if I tell U,U will kill me"}, {"author_id": 1405693832075702274, "id": 1495271819481260034, "text": "@ArchbishopFoley DaVinci\u2764\ufe0fIf you calculate this year 2022 minus the year the 1st Mona Lisa died 1542=480 years, the same amount of time from Exodus to the rebuild of the new temple in the bible.2nd Mona Lisa is the Bride of Christ-JESUS NEVER SAID HE\u2019LL RETURN AS A MAN-if I tell U,U will kill me"}, {"author_id": 1405693832075702274, "id": 1495271787575218177, "text": "@ginters0 DaVinci\u2764\ufe0fIf you calculate this year 2022 minus the year the 1st Mona Lisa died 1542=480 years, the same amount of time from Exodus to the rebuild of the new temple in the bible.2nd Mona Lisa is the Bride of Christ-JESUS NEVER SAID HE\u2019LL RETURN AS A MAN-if I tell U,U will kill me"}, {"author_id": 1405693832075702274, "id": 1495271755677458438, "text": "@JohnZwicker1 DaVinci\u2764\ufe0fIf you calculate this year 2022 minus the year the 1st Mona Lisa died 1542=480 years, the same amount of time from Exodus to the rebuild of the new temple in the bible.2nd Mona Lisa is the Bride of Christ-JESUS NEVER SAID HE\u2019LL RETURN AS A MAN-if I tell U,U will kill me"}, {"author_id": 1405693832075702274, "id": 1495271724132175873, "text": "@boks84tm @Being_Victorian @Paigg_e @strongwomanIfy @Tunegee DaVinci\u2764\ufe0fIf you calculate this year 2022 minus the year the 1st Mona Lisa died 1542=480 years, the same amount of time from Exodus to the rebuild of the new temple in the bible.2nd Mona Lisa is the Bride of Christ-JESUS NEVER SAID HE\u2019LL RETURN AS A MAN-if I tell U,U will kill me"}, {"author_id": 1405693832075702274, "id": 1495271678397411329, "text": "@kobusingyedian1 DaVinci\u2764\ufe0fIf you calculate this year 2022 minus the year the 1st Mona Lisa died 1542=480 years, the same amount of time from Exodus to the rebuild of the new temple in the bible.2nd Mona Lisa is the Bride of Christ-JESUS NEVER SAID HE\u2019LL RETURN AS A MAN-if I tell U,U will kill me"}]