[{"author_id": 1379359268583825410, "id": 1495286691975761922, "text": "RT @Yellow_sticker: Of all things happened, I realized one thing: Win is the most prettiest person even when he is sick.\nLike man..., it wa\u2026"}, {"author_id": 1451165758860369920, "id": 1495286587974123520, "text": "RT @Yellow_sticker: Of all things happened, I realized one thing: Win is the most prettiest person even when he is sick.\nLike man..., it wa\u2026"}, {"author_id": 1266757883473035265, "id": 1495286518310526979, "text": "RT @Yellow_sticker: Of all things happened, I realized one thing: Win is the most prettiest person even when he is sick.\nLike man..., it wa\u2026"}, {"author_id": 918611474, "id": 1495286470499651587, "text": "RT @Yellow_sticker: Of all things happened, I realized one thing: Win is the most prettiest person even when he is sick.\nLike man..., it wa\u2026"}, {"author_id": 3624771745, "id": 1495286396709670913, "text": "RT @Yellow_sticker: Of all things happened, I realized one thing: Win is the most prettiest person even when he is sick.\nLike man..., it wa\u2026"}, {"author_id": 1460542452725518340, "id": 1495286302589480960, "text": "RT @Yellow_sticker: Of all things happened, I realized one thing: Win is the most prettiest person even when he is sick.\nLike man..., it wa\u2026"}, {"author_id": 1257597190500827136, "id": 1495286298042458113, "text": "RT @Yellow_sticker: Of all things happened, I realized one thing: Win is the most prettiest person even when he is sick.\nLike man..., it wa\u2026"}, {"author_id": 756741555126349824, "id": 1495286116785999872, "text": "RT @Yellow_sticker: Of all things happened, I realized one thing: Win is the most prettiest person even when he is sick.\nLike man..., it wa\u2026"}, {"author_id": 1391739761216217088, "id": 1495285936984563715, "text": "RT @Yellow_sticker: Of all things happened, I realized one thing: Win is the most prettiest person even when he is sick.\nLike man..., it wa\u2026"}, {"author_id": 1374709277198192641, "id": 1495285882827730946, "text": "RT @Yellow_sticker: Of all things happened, I realized one thing: Win is the most prettiest person even when he is sick.\nLike man..., it wa\u2026"}, {"author_id": 1422517846261657604, "id": 1495285834270277632, "text": "RT @Yellow_sticker: Of all things happened, I realized one thing: Win is the most prettiest person even when he is sick.\nLike man..., it wa\u2026"}, {"author_id": 1486228763289526274, "id": 1495285825336131584, "text": "If anything happens to me, then u and them preachers wrk things out.  Make things fair for all u celebs on here including taraji.  Hoppin off here.\n\ud83e\udd1fL8r https://t.co/HaRN8D3yUh"}, {"author_id": 1007165280823361536, "id": 1495285667471196163, "text": "RT @Yellow_sticker: Of all things happened, I realized one thing: Win is the most prettiest person even when he is sick.\nLike man..., it wa\u2026"}, {"author_id": 1418579484395986953, "id": 1495285606318219264, "text": "RT @Yellow_sticker: Of all things happened, I realized one thing: Win is the most prettiest person even when he is sick.\nLike man..., it wa\u2026"}, {"author_id": 1356792508064272385, "id": 1495285570540503044, "text": "RT @Yellow_sticker: Of all things happened, I realized one thing: Win is the most prettiest person even when he is sick.\nLike man..., it wa\u2026"}, {"author_id": 1283565890751979520, "id": 1495285563666370561, "text": "RT @Yellow_sticker: Of all things happened, I realized one thing: Win is the most prettiest person even when he is sick.\nLike man..., it wa\u2026"}, {"author_id": 1236094069756981248, "id": 1495285533324775428, "text": "RT @Yellow_sticker: Of all things happened, I realized one thing: Win is the most prettiest person even when he is sick.\nLike man..., it wa\u2026"}, {"author_id": 1020599255277264897, "id": 1495285519189569539, "text": "RT @Yellow_sticker: Of all things happened, I realized one thing: Win is the most prettiest person even when he is sick.\nLike man..., it wa\u2026"}, {"author_id": 1300759587197300737, "id": 1495285511954767875, "text": "RT @Yellow_sticker: Of all things happened, I realized one thing: Win is the most prettiest person even when he is sick.\nLike man..., it wa\u2026"}, {"author_id": 1246343308982415360, "id": 1495285505772036096, "text": "RT @Yellow_sticker: Of all things happened, I realized one thing: Win is the most prettiest person even when he is sick.\nLike man..., it wa\u2026"}, {"author_id": 1451767072623501317, "id": 1495285502341447685, "text": "RT @Yellow_sticker: Of all things happened, I realized one thing: Win is the most prettiest person even when he is sick.\nLike man..., it wa\u2026"}, {"author_id": 1141300484948369408, "id": 1495285443008499712, "text": "RT @Yellow_sticker: Of all things happened, I realized one thing: Win is the most prettiest person even when he is sick.\nLike man..., it wa\u2026"}, {"author_id": 1401849027147177985, "id": 1495285431772286976, "text": "RT @Yellow_sticker: Of all things happened, I realized one thing: Win is the most prettiest person even when he is sick.\nLike man..., it wa\u2026"}, {"author_id": 1466920010342105088, "id": 1495285407583334401, "text": "RT @Yellow_sticker: Of all things happened, I realized one thing: Win is the most prettiest person even when he is sick.\nLike man..., it wa\u2026"}, {"author_id": 1051636229307912192, "id": 1495285360116772864, "text": "RT @Yellow_sticker: Of all things happened, I realized one thing: Win is the most prettiest person even when he is sick.\nLike man..., it wa\u2026"}, {"author_id": 1460565187342131200, "id": 1495285302986162186, "text": "RT @Yellow_sticker: Of all things happened, I realized one thing: Win is the most prettiest person even when he is sick.\nLike man..., it wa\u2026"}, {"author_id": 1360171225251598337, "id": 1495285200389308416, "text": "RT @Yellow_sticker: Of all things happened, I realized one thing: Win is the most prettiest person even when he is sick.\nLike man..., it wa\u2026"}, {"author_id": 1569641954, "id": 1495285190469455875, "text": "RT @Yellow_sticker: Of all things happened, I realized one thing: Win is the most prettiest person even when he is sick.\nLike man..., it wa\u2026"}, {"author_id": 1313663997552386048, "id": 1495285150636118018, "text": "RT @Yellow_sticker: Of all things happened, I realized one thing: Win is the most prettiest person even when he is sick.\nLike man..., it wa\u2026"}, {"author_id": 1468157646960168960, "id": 1495285081203564545, "text": "RT @Yellow_sticker: Of all things happened, I realized one thing: Win is the most prettiest person even when he is sick.\nLike man..., it wa\u2026"}, {"author_id": 194267156, "id": 1495285065378852865, "text": "RT @Yellow_sticker: Of all things happened, I realized one thing: Win is the most prettiest person even when he is sick.\nLike man..., it wa\u2026"}, {"author_id": 1367425549300244483, "id": 1495285049633034240, "text": "RT @Yellow_sticker: Of all things happened, I realized one thing: Win is the most prettiest person even when he is sick.\nLike man..., it wa\u2026"}, {"author_id": 1355863024620322818, "id": 1495285042746122241, "text": "RT @Yellow_sticker: Of all things happened, I realized one thing: Win is the most prettiest person even when he is sick.\nLike man..., it wa\u2026"}, {"author_id": 92916439, "id": 1495284996264763392, "text": "RT @Yellow_sticker: Of all things happened, I realized one thing: Win is the most prettiest person even when he is sick.\nLike man..., it wa\u2026"}, {"author_id": 1409419684613484548, "id": 1495284983983788032, "text": "RT @Yellow_sticker: Of all things happened, I realized one thing: Win is the most prettiest person even when he is sick.\nLike man..., it wa\u2026"}, {"author_id": 1073089256027897856, "id": 1495284978942242819, "text": "RT @Yellow_sticker: Of all things happened, I realized one thing: Win is the most prettiest person even when he is sick.\nLike man..., it wa\u2026"}, {"author_id": 1323899592245612546, "id": 1495284873044496386, "text": "RT @Yellow_sticker: Of all things happened, I realized one thing: Win is the most prettiest person even when he is sick.\nLike man..., it wa\u2026"}, {"author_id": 1465179437390266368, "id": 1495284725174259713, "text": "RT @Yellow_sticker: Of all things happened, I realized one thing: Win is the most prettiest person even when he is sick.\nLike man..., it wa\u2026"}, {"author_id": 1342407765315076096, "id": 1495284662079746052, "text": "RT @Yellow_sticker: Of all things happened, I realized one thing: Win is the most prettiest person even when he is sick.\nLike man..., it wa\u2026"}, {"author_id": 1315451964960829440, "id": 1495284644983754752, "text": "RT @Yellow_sticker: Of all things happened, I realized one thing: Win is the most prettiest person even when he is sick.\nLike man..., it wa\u2026"}, {"author_id": 1353364894515482627, "id": 1495284561789730817, "text": "RT @Yellow_sticker: Of all things happened, I realized one thing: Win is the most prettiest person even when he is sick.\nLike man..., it wa\u2026"}, {"author_id": 1376511573502480387, "id": 1495284533683699712, "text": "RT @Yellow_sticker: Of all things happened, I realized one thing: Win is the most prettiest person even when he is sick.\nLike man..., it wa\u2026"}, {"author_id": 1416230663070441472, "id": 1495284482202808321, "text": "RT @Yellow_sticker: Of all things happened, I realized one thing: Win is the most prettiest person even when he is sick.\nLike man..., it wa\u2026"}, {"author_id": 1360241364680601604, "id": 1495284460660862977, "text": "RT @Yellow_sticker: Of all things happened, I realized one thing: Win is the most prettiest person even when he is sick.\nLike man..., it wa\u2026"}, {"author_id": 996428603024814080, "id": 1495284421121163264, "text": "RT @Yellow_sticker: Of all things happened, I realized one thing: Win is the most prettiest person even when he is sick.\nLike man..., it wa\u2026"}, {"author_id": 1336902906780340225, "id": 1495284399042035712, "text": "RT @Yellow_sticker: Of all things happened, I realized one thing: Win is the most prettiest person even when he is sick.\nLike man..., it wa\u2026"}, {"author_id": 1294633274845720576, "id": 1495284334810390533, "text": "RT @Yellow_sticker: Of all things happened, I realized one thing: Win is the most prettiest person even when he is sick.\nLike man..., it wa\u2026"}, {"author_id": 158566726, "id": 1495284318163197956, "text": "RT @Yellow_sticker: Of all things happened, I realized one thing: Win is the most prettiest person even when he is sick.\nLike man..., it wa\u2026"}, {"author_id": 1253244422763892736, "id": 1495284306444689409, "text": "RT @Yellow_sticker: Of all things happened, I realized one thing: Win is the most prettiest person even when he is sick.\nLike man..., it wa\u2026"}, {"author_id": 1418313710888636420, "id": 1495284292695461890, "text": "RT @Yellow_sticker: Of all things happened, I realized one thing: Win is the most prettiest person even when he is sick.\nLike man..., it wa\u2026"}, {"author_id": 1206961339618476032, "id": 1495284291361656840, "text": "RT @Yellow_sticker: Of all things happened, I realized one thing: Win is the most prettiest person even when he is sick.\nLike man..., it wa\u2026"}, {"author_id": 1197359427679997952, "id": 1495284257450643460, "text": "RT @Yellow_sticker: Of all things happened, I realized one thing: Win is the most prettiest person even when he is sick.\nLike man..., it wa\u2026"}, {"author_id": 1296349484754956296, "id": 1495284235460313094, "text": "RT @Yellow_sticker: Of all things happened, I realized one thing: Win is the most prettiest person even when he is sick.\nLike man..., it wa\u2026"}, {"author_id": 1295289672298463234, "id": 1495284224407965697, "text": "RT @Yellow_sticker: Of all things happened, I realized one thing: Win is the most prettiest person even when he is sick.\nLike man..., it wa\u2026"}, {"author_id": 1463138612862611458, "id": 1495284221400608769, "text": "RT @Yellow_sticker: Of all things happened, I realized one thing: Win is the most prettiest person even when he is sick.\nLike man..., it wa\u2026"}, {"author_id": 1280530515439702018, "id": 1495284160919130117, "text": "RT @Yellow_sticker: Of all things happened, I realized one thing: Win is the most prettiest person even when he is sick.\nLike man..., it wa\u2026"}, {"author_id": 1249632307436122113, "id": 1495284070989074436, "text": "RT @Yellow_sticker: Of all things happened, I realized one thing: Win is the most prettiest person even when he is sick.\nLike man..., it wa\u2026"}, {"author_id": 2697797712, "id": 1495284018199158784, "text": "RT @Yellow_sticker: Of all things happened, I realized one thing: Win is the most prettiest person even when he is sick.\nLike man..., it wa\u2026"}, {"author_id": 1239766260885291010, "id": 1495284005876670467, "text": "RT @Yellow_sticker: Of all things happened, I realized one thing: Win is the most prettiest person even when he is sick.\nLike man..., it wa\u2026"}, {"author_id": 354731986, "id": 1495283969688223746, "text": "RT @Yellow_sticker: Of all things happened, I realized one thing: Win is the most prettiest person even when he is sick.\nLike man..., it wa\u2026"}, {"author_id": 1259048155200413696, "id": 1495283944568528897, "text": "RT @Yellow_sticker: Of all things happened, I realized one thing: Win is the most prettiest person even when he is sick.\nLike man..., it wa\u2026"}, {"author_id": 974123776915914757, "id": 1495283939744702465, "text": "RT @Yellow_sticker: Of all things happened, I realized one thing: Win is the most prettiest person even when he is sick.\nLike man..., it wa\u2026"}, {"author_id": 1456921477719199753, "id": 1495283830910971906, "text": "RT @Yellow_sticker: Of all things happened, I realized one thing: Win is the most prettiest person even when he is sick.\nLike man..., it wa\u2026"}, {"author_id": 1328576638607646722, "id": 1495283829090955266, "text": "RT @Yellow_sticker: Of all things happened, I realized one thing: Win is the most prettiest person even when he is sick.\nLike man..., it wa\u2026"}, {"author_id": 1389169466831867907, "id": 1495283790251708425, "text": "RT @Yellow_sticker: Of all things happened, I realized one thing: Win is the most prettiest person even when he is sick.\nLike man..., it wa\u2026"}, {"author_id": 179373745, "id": 1495283773243785216, "text": "RT @Yellow_sticker: Of all things happened, I realized one thing: Win is the most prettiest person even when he is sick.\nLike man..., it wa\u2026"}, {"author_id": 106325744, "id": 1495283738246221826, "text": "RT @Yellow_sticker: Of all things happened, I realized one thing: Win is the most prettiest person even when he is sick.\nLike man..., it wa\u2026"}, {"author_id": 847652908132728833, "id": 1495283695527202817, "text": "RT @Yellow_sticker: Of all things happened, I realized one thing: Win is the most prettiest person even when he is sick.\nLike man..., it wa\u2026"}, {"author_id": 1125247855910723584, "id": 1495283615105961985, "text": "RT @Yellow_sticker: Of all things happened, I realized one thing: Win is the most prettiest person even when he is sick.\nLike man..., it wa\u2026"}, {"author_id": 1438046197889921027, "id": 1495283581035618306, "text": "RT @Yellow_sticker: Of all things happened, I realized one thing: Win is the most prettiest person even when he is sick.\nLike man..., it wa\u2026"}, {"author_id": 919349123735678976, "id": 1495283570457591808, "text": "RT @Yellow_sticker: Of all things happened, I realized one thing: Win is the most prettiest person even when he is sick.\nLike man..., it wa\u2026"}, {"author_id": 1067685546376421377, "id": 1495283562496413701, "text": "RT @Yellow_sticker: Of all things happened, I realized one thing: Win is the most prettiest person even when he is sick.\nLike man..., it wa\u2026"}, {"author_id": 1443626233854677002, "id": 1495283494418718725, "text": "RT @Yellow_sticker: Of all things happened, I realized one thing: Win is the most prettiest person even when he is sick.\nLike man..., it wa\u2026"}, {"author_id": 1306799015791534081, "id": 1495283450252709888, "text": "RT @Yellow_sticker: Of all things happened, I realized one thing: Win is the most prettiest person even when he is sick.\nLike man..., it wa\u2026"}, {"author_id": 1154214188065050624, "id": 1495283387770478596, "text": "RT @Yellow_sticker: Of all things happened, I realized one thing: Win is the most prettiest person even when he is sick.\nLike man..., it wa\u2026"}, {"author_id": 1366213966322495488, "id": 1495283381482913796, "text": "RT @Yellow_sticker: Of all things happened, I realized one thing: Win is the most prettiest person even when he is sick.\nLike man..., it wa\u2026"}, {"author_id": 1321344920230092800, "id": 1495283295629676547, "text": "RT @Yellow_sticker: Of all things happened, I realized one thing: Win is the most prettiest person even when he is sick.\nLike man..., it wa\u2026"}, {"author_id": 1313080386096775169, "id": 1495283283260678144, "text": "RT @Yellow_sticker: Of all things happened, I realized one thing: Win is the most prettiest person even when he is sick.\nLike man..., it wa\u2026"}, {"author_id": 1343779590876012544, "id": 1495283271143280641, "text": "RT @Yellow_sticker: Of all things happened, I realized one thing: Win is the most prettiest person even when he is sick.\nLike man..., it wa\u2026"}, {"author_id": 1307511643018899463, "id": 1495283266899054602, "text": "RT @Yellow_sticker: Of all things happened, I realized one thing: Win is the most prettiest person even when he is sick.\nLike man..., it wa\u2026"}, {"author_id": 1171040791386394625, "id": 1495283249941127168, "text": "RT @Yellow_sticker: Of all things happened, I realized one thing: Win is the most prettiest person even when he is sick.\nLike man..., it wa\u2026"}, {"author_id": 1364772944, "id": 1495283249845014529, "text": "RT @Yellow_sticker: Of all things happened, I realized one thing: Win is the most prettiest person even when he is sick.\nLike man..., it wa\u2026"}, {"author_id": 1273244012804096001, "id": 1495283243284791302, "text": "RT @Yellow_sticker: Of all things happened, I realized one thing: Win is the most prettiest person even when he is sick.\nLike man..., it wa\u2026"}, {"author_id": 1321372685666955264, "id": 1495283218886848513, "text": "RT @Yellow_sticker: Of all things happened, I realized one thing: Win is the most prettiest person even when he is sick.\nLike man..., it wa\u2026"}, {"author_id": 1380052811132456963, "id": 1495283213446512640, "text": "RT @Yellow_sticker: Of all things happened, I realized one thing: Win is the most prettiest person even when he is sick.\nLike man..., it wa\u2026"}, {"author_id": 1265500395331366913, "id": 1495283206769491971, "text": "RT @Yellow_sticker: Of all things happened, I realized one thing: Win is the most prettiest person even when he is sick.\nLike man..., it wa\u2026"}, {"author_id": 1279271133095718912, "id": 1495283147201650688, "text": "RT @Yellow_sticker: Of all things happened, I realized one thing: Win is the most prettiest person even when he is sick.\nLike man..., it wa\u2026"}, {"author_id": 1261986619688534016, "id": 1495283081049083906, "text": "RT @Yellow_sticker: Of all things happened, I realized one thing: Win is the most prettiest person even when he is sick.\nLike man..., it wa\u2026"}, {"author_id": 1193111245278216192, "id": 1495283053882933248, "text": "RT @Yellow_sticker: Of all things happened, I realized one thing: Win is the most prettiest person even when he is sick.\nLike man..., it wa\u2026"}, {"author_id": 844574367476527105, "id": 1495283021582573568, "text": "RT @Yellow_sticker: Of all things happened, I realized one thing: Win is the most prettiest person even when he is sick.\nLike man..., it wa\u2026"}, {"author_id": 1262398618759163904, "id": 1495283019066011650, "text": "RT @Yellow_sticker: Of all things happened, I realized one thing: Win is the most prettiest person even when he is sick.\nLike man..., it wa\u2026"}, {"author_id": 1335250775476355074, "id": 1495283018348445697, "text": "RT @Yellow_sticker: Of all things happened, I realized one thing: Win is the most prettiest person even when he is sick.\nLike man..., it wa\u2026"}, {"author_id": 1467012534473412608, "id": 1495283006642089985, "text": "RT @Yellow_sticker: Of all things happened, I realized one thing: Win is the most prettiest person even when he is sick.\nLike man..., it wa\u2026"}, {"author_id": 1489971929734070272, "id": 1495282955249664003, "text": "RT @Yellow_sticker: Of all things happened, I realized one thing: Win is the most prettiest person even when he is sick.\nLike man..., it wa\u2026"}, {"author_id": 1216051029315186689, "id": 1495282941215539204, "text": "RT @Yellow_sticker: Of all things happened, I realized one thing: Win is the most prettiest person even when he is sick.\nLike man..., it wa\u2026"}, {"author_id": 248734104, "id": 1495282872827187202, "text": "RT @Yellow_sticker: Of all things happened, I realized one thing: Win is the most prettiest person even when he is sick.\nLike man..., it wa\u2026"}, {"author_id": 1370241408183930883, "id": 1495282853709443072, "text": "RT @Yellow_sticker: Of all things happened, I realized one thing: Win is the most prettiest person even when he is sick.\nLike man..., it wa\u2026"}, {"author_id": 1416309415716655107, "id": 1495282847825133575, "text": "RT @Yellow_sticker: Of all things happened, I realized one thing: Win is the most prettiest person even when he is sick.\nLike man..., it wa\u2026"}, {"author_id": 1440708115565932556, "id": 1495282829198266371, "text": "RT @Yellow_sticker: Of all things happened, I realized one thing: Win is the most prettiest person even when he is sick.\nLike man..., it wa\u2026"}, {"author_id": 1331122060316217344, "id": 1495282748193644550, "text": "RT @Yellow_sticker: Of all things happened, I realized one thing: Win is the most prettiest person even when he is sick.\nLike man..., it wa\u2026"}]