[{"author_id": 2482798976, "id": 1495244083647979521, "text": "@vampyresque @AzureSkySM gordon freeman dies in all dogs go to heaven 2"}, {"author_id": 31702085, "id": 1495221510545440774, "text": "Every time Pavlov rings a bell, all dogs go to heaven 2."}, {"author_id": 103066993, "id": 1495184623814516737, "text": "DeLorean PleX Server: New Movie\nAll Dogs Go to Heaven 2 (1996) [G] 83 minutes [2014-12-27] https://t.co/WvefvAl0tr"}, {"author_id": 969868906851545088, "id": 1495179442263527426, "text": "All Dogs Go to Heaven 2\n\nwhat the FUCK was up with the hell nightmare sequence where he gets eaten by a swarm of tiny demon dogs?? https://t.co/dnwaJOl3jK"}, {"author_id": 1330586355500367872, "id": 1495104480152408066, "text": "@lextaliones_ I haven't cried at a game, but came close in InFamous 2 \"bad\" ending. As for movie, All Dogs Go To Heaven was the first one I remember."}, {"author_id": 1056959265397792768, "id": 1494725812813242371, "text": "@PlantsAtKnight 1. The Labyrinth \n2. True Grit\n3. All dogs go to heaven \n4. Avatar"}, {"author_id": 4473988098, "id": 1494724588982489090, "text": "RT @hlvraiquotesbot: All Dogs Go To Heaven 2."}, {"author_id": 1346991276969877505, "id": 1494722859138105351, "text": "All Dogs Go To Heaven 2."}, {"author_id": 1150840750722179073, "id": 1494489355976589312, "text": "I\u2019m 99% that the first movie I ever cried to was All Dogs Go To Heaven 2 https://t.co/BHw8XaaPNt"}, {"author_id": 22258623, "id": 1494372433469579267, "text": "RT @rorie_burke: All Dogs Go To Heaven &amp; All Dogs Go To Heaven 2 VHS, Enchanting and Delightful, MGM/UA Family Entertainment #MyNostalgicLi\u2026"}, {"author_id": 1002678323623981056, "id": 1494356024307990532, "text": "@judeyziggy Every time I See a Sick Dog, I Remember ' All Dogs Go to Heaven! I Have 2 Of My Dogs on My Mantel Creamated, Can't Go Trough this Again to Heartbreaking!"}, {"author_id": 1232743746925625346, "id": 1494323196320903178, "text": "RT @rorie_burke: All Dogs Go To Heaven &amp; All Dogs Go To Heaven 2 VHS, Enchanting and Delightful, MGM/UA Family Entertainment #MyNostalgicLi\u2026"}, {"author_id": 2784845622, "id": 1494315543075119110, "text": "All Dogs Go To Heaven &amp; All Dogs Go To Heaven 2 VHS, Enchanting and Delightful, MGM/UA Family Entertainment #MyNostalgicLife \n#AllDogsGoToHeaven #VHS #etsyshop\nhttps://t.co/QM6qmNOLIt"}, {"author_id": 1442102717795635207, "id": 1494250204689743873, "text": "There are plenty of instances of animations in All Dogs Go to Heaven 2 overlapping each other improperly if one looks hard enough, especially during the fast-paced segments."}, {"author_id": 1442102717795635207, "id": 1494249386666336258, "text": "The directors originally intended to have All Dogs Go to Heaven 2 animated at Screen Animation Ireland in Dublin, where Don Bluth's studio was located and had produced the original film. Halfway through production, the studio closed down, forcing the animation to be outsourced."}, {"author_id": 1492664014618480647, "id": 1494100238969229314, "text": "Anthony Craig's Movie Corner - Closing To All Dogs Go To Heaven 1990 VHS (Canadian Copy) (Long Version) Part 2 Final - https://t.co/NXXSNyR026"}, {"author_id": 19498958, "id": 1493940843295744002, "text": "My dad took me to All Dogs Go to Heaven 2 (I was 7) but we went into the wrong theater and Happy Gilmore was just starting. He thought it was a trailer but I fell asleep before the opening montage ended so we stayed in there. I never knew it was Happy Gilmore until years later. https://t.co/3XjS56lrX6"}, {"author_id": 701153499145498624, "id": 1493759689481461765, "text": "@raptvcom Gb&amp;Gr, Fuck love, ethereal, beautiful havoc, eternal atake, all dogs go to heaven, back in action 2.0, kosher tapes vol 1, soul fly, savage mode 2, cypress grove, trip at knight \ud83d\udc10"}, {"author_id": 1949757828, "id": 1493745985419296772, "text": "all dogs go to heaven 2"}, {"author_id": 1278735057935568896, "id": 1493639904739438601, "text": "@drmpunz dont have that so top5 songs atm:: boho days from tick tick boom, undercover martyn two door cinema club , 2 blins horses lumin, all dogs go to heaven glaive and skin colby brock i think."}, {"author_id": 1231006925770248192, "id": 1493613973547417601, "text": "All Dogs Go to Heaven 2 is a 1996 American animated musical fantasy adventure film, and a sequel to Goldcrest Films' animated film All Dogs Go to Heaven (1989). Produced by MGM/UA Family Entertainment and Metro-Goldwyn-Mayer Animation, it was co-directed by Paul Sabella and har"}, {"author_id": 1043865369155383296, "id": 1493067749685403653, "text": "All Dogs Go to Heaven 2 (1996) https://t.co/ve3UhbGSZS"}, {"author_id": 1459269766498168845, "id": 1492970379119403008, "text": "@AlexGar33703685 @GreyDeLisle And only one theatrical film, All Dogs Go to Heaven 2, the sequel to the first All Dogs Go to Heaven movie. Unfortunately, though, they did not make much of an impact into the world of animation so in 2000 they became dormant."}, {"author_id": 1346991276969877505, "id": 1492865686351138817, "text": "All Dogs Go To Heaven 2."}]