[{"author_id": 1384415342252933123, "id": 1495279385787650054, "text": "#NowPlaying : Big in Japan - Alphaville // playlist : New Wave \\\\"}, {"author_id": 1425235800120168457, "id": 1495274530087968768, "text": "#News FT Alphaville reporter Kelly moving to FT spot | Business: \u00a0Source: FT Alphaville reporter Kelly moving to FT spot | Business Discovered on: 2022-02-20 05:45:05 From Talking Biz News Jemima Kelly, Alphaville reporter and columnist at the Financial\u2026 https://t.co/NgT3pp3Xmd https://t.co/Pd79oDG9BW"}, {"author_id": 999460158295207937, "id": 1495269384914411527, "text": "a favela do alphaville https://t.co/I7PVhlAzuD"}, {"author_id": 1248133327493582848, "id": 1495269076268105730, "text": "RT @ed1tv1deobot_: @locknessbooty @CNCity_Bumpers Sound: alphaville. https://t.co/w62dkrZA5l"}, {"author_id": 922883447307276288, "id": 1495261156658892801, "text": "Big In Japan by Alphaville https://t.co/xd2fvDSVYh"}, {"author_id": 62064399, "id": 1495260655275810822, "text": "Alphaville - Forever Young ~Official Video https://t.co/MUyGwLzdQz via @YouTube"}, {"author_id": 1035279546, "id": 1495259527243091969, "text": "RT @Charly360CG: Forever Young-Alphaville https://t.co/lIq22H9ynS"}, {"author_id": 1136398393536851968, "id": 1495256513119756291, "text": "@pretademaiss favela do Alphaville"}, {"author_id": 1443358208891006976, "id": 1495254276599390208, "text": "Now playing Forever Young by Alphaville!  \nTune in at https://t.co/t2BDbXF4gy"}, {"author_id": 219416852, "id": 1495250393735077890, "text": "RT @Charly360CG: Forever Young-Alphaville https://t.co/lIq22H9ynS"}, {"author_id": 17051492, "id": 1495247409135468552, "text": "How many of my tweeps are old enough to remember that this was about nuclear bomb fears? Also, LP put a great twist at the end!\n\nAlphaville \"Forever Young\" (Larkin Poe Cover) https://t.co/8i7CDzLyBQ via @YouTube"}, {"author_id": 1411910919169318925, "id": 1495243820711219201, "text": "FT Alphaville reporter Kelly moving to FT\u00a0spot https://t.co/4zAPXh3nse"}, {"author_id": 974945531364630528, "id": 1495242782474133505, "text": "RT @balearicfeeling: Alphaville - Summer Rain\nhttps://t.co/ezGBCl134G \n#ibiza #balearic #house #deephouse #techno #electronic #vocal #soul\u2026"}, {"author_id": 1284877301084311552, "id": 1495241264039661568, "text": "A favela do Alphaville https://t.co/yx8bjIDtxT"}, {"author_id": 112651700, "id": 1495238576946106369, "text": "Mood shift- moon transits my Lot of Temperament/Lot of Sweets (13-14\u264e) &amp; heads to my Lot of Divination. \ud83c\udf1e13-14\u264e has not been ideal in the news this month,watching my temperament in case this affects them more than I know https://t.co/h5CvQq76DS Alphaville- Afternoons in Utopia"}, {"author_id": 203258006, "id": 1495236545363730438, "text": "RT @Charly360CG: Forever Young-Alphaville https://t.co/lIq22H9ynS"}, {"author_id": 884009229501296641, "id": 1495236252005765124, "text": "RT @balearicfeeling: Alphaville - Summer Rain\nhttps://t.co/ezGBCl134G \n#ibiza #balearic #house #deephouse #techno #electronic #vocal #soul\u2026"}, {"author_id": 3143057023, "id": 1495235005383319554, "text": "Alphaville - Summer Rain\nhttps://t.co/ezGBCl134G \n#ibiza #balearic #house #deephouse #techno #electronic #vocal #soul  #BalearicBeat #summer"}, {"author_id": 285683328, "id": 1495234255915466754, "text": "RT @Charly360CG: Forever Young-Alphaville https://t.co/lIq22H9ynS"}, {"author_id": 39404826, "id": 1495231964315635712, "text": "RT @Charly360CG: Forever Young-Alphaville https://t.co/lIq22H9ynS"}, {"author_id": 990912762762137600, "id": 1495225609596907527, "text": "@FTAlphaville  SnapAV: Deliver-EU\u2019d \n\nFT Alphaville has been a well-known sceptic of the gig economy ever since Uber took off as a labour-arbitrage-slash-cab-service in the mid-2010s.Trudging up all our old criticisms here \u2014 from working https://t.co/3ZliKQ8tpW"}, {"author_id": 34010230, "id": 1495222655934476288, "text": "ALPHAVILLE Trailer https://t.co/M3n7ZvHAEP via @YouTube"}, {"author_id": 3069279631, "id": 1495222396353224708, "text": "@jemimajoanna Your tweet was quoted in an article by Talking Biz News https://t.co/NUdN0unkAZ"}, {"author_id": 1460792358916796419, "id": 1495221968794230787, "text": "\"It's so hard to get old without a cause\"\n\n                                    ~Alphaville"}, {"author_id": 1104795561453072385, "id": 1495219960204955655, "text": "https://t.co/CVWjmrczcQ\nAlphaville\nForever young"}, {"author_id": 117264729, "id": 1495219270674001931, "text": "RT @Charly360CG: Forever Young-Alphaville https://t.co/lIq22H9ynS"}, {"author_id": 1358521363514990593, "id": 1495208265612939273, "text": "RT @Charly360CG: Forever Young-Alphaville https://t.co/lIq22H9ynS"}, {"author_id": 720025935, "id": 1495206389710565377, "text": "RT @Charly360CG: Forever Young-Alphaville https://t.co/lIq22H9ynS"}, {"author_id": 252418471, "id": 1495201753557782528, "text": "RT @imperialnyc: Alphaville Cafe. Open for service. https://t.co/vqNiIidAVs"}, {"author_id": 800062968536895488, "id": 1495198071029960712, "text": "Alphaville, Sounds Like A Melody (1985)"}, {"author_id": 1415641722231697413, "id": 1495196013199564801, "text": "RT @clpolk: Me: Snowball, Devo\n\nMr. Cee: Forever Young, Alphaville"}, {"author_id": 17829419, "id": 1495191618516832267, "text": "RT @imperialnyc: Alphaville Cafe. Open for service. https://t.co/vqNiIidAVs"}, {"author_id": 263457776, "id": 1495187099611549699, "text": "Alphaville Cafe. Open for service. https://t.co/vqNiIidAVs"}]