[{"author_id": 16207703, "id": 1495274795994288129, "text": "RT @Moonspinner55: Vintage marquee: Grauman's Chinese Theatre has \"Island in the Sun\". Sign painters prepare for the next attraction, \"An A\u2026"}, {"author_id": 16207703, "id": 1495274502862692353, "text": "1957 movie title cards: AN AFFAIR TO REMEMBER .. HEAVEN KNOWS, MR. ALLISON https://t.co/0wEWnHPdAN"}, {"author_id": 1353872252823953408, "id": 1495269715509649409, "text": "RT @mormorlady: @InsidersABC @David_Speers @J_C_Campbell @jennifer_hewett @SenPaterson @mpbowers @AmandaCoppNews @ABCTV Surely that's last\u2026"}, {"author_id": 1370840996364320775, "id": 1495267449352114181, "text": "Russell Malone - An Affair to Remember"}, {"author_id": 1376658741408436230, "id": 1495256492097908736, "text": "@TLMurrayWrites @tresjolieog @DBravad Are you old enough to remember Laura was sleeping with BB while he was married? And Jennifer had an affair with Jennifer. or r does that not fit your agenda?"}, {"author_id": 17353325, "id": 1495219251426185216, "text": "RT @mormorlady: @InsidersABC @David_Speers @J_C_Campbell @jennifer_hewett @SenPaterson @mpbowers @AmandaCoppNews @ABCTV Surely that's last\u2026"}, {"author_id": 4177521137, "id": 1495209822605746179, "text": "@mutualcommenter @jordanbpeterson @JustinTrudeau Oh shit yeah he\u2019s the illegitimate child of Castro because he mother had an affair. I remember watching a thing on that. Wait it all makes sense now. No wonder hes decided to go full dictator. Apple didn\u2019t fall far from the tree"}, {"author_id": 1524329449, "id": 1495201765058572288, "text": "RT @mormorlady: @InsidersABC @David_Speers @J_C_Campbell @jennifer_hewett @SenPaterson @mpbowers @AmandaCoppNews @ABCTV Surely that's last\u2026"}, {"author_id": 769104366376656896, "id": 1495201443556782081, "text": "@InsidersABC @David_Speers @J_C_Campbell @jennifer_hewett @SenPaterson @mpbowers @AmandaCoppNews @ABCTV Surely that's last time we have to suffer the ridiculousness of @J_C_Campbell \nDonations don't matter Corruption is fine?\nPaterson convinced him 1954 Petrov Affair the clincher? \nDoes he remember Pig Iron Bob selling ore to Japan during WWII\nCampbell is an insult to intelligence"}, {"author_id": 1487070260, "id": 1495115219940507648, "text": "Kuh Ledesma - An Affair To Remember: #NP on CPRM #HomeofOPM #LabanparasaISLA - @TheQuotableKUH"}, {"author_id": 1404505262321549318, "id": 1495114739445342210, "text": "@StarTrekOnPPlus @StarTrek You can put Kirk with a goddamn transporter and it will still be an affair to remember."}, {"author_id": 2332428836, "id": 1495110940018233346, "text": "From collectibles, to eclectic and vintage finds, there are many great treasures to find when shopping around town.\n\nPro Tip: One of-a-kind prom and wedding dresses are found at An Affair to Remember!\n\n#visitlagrange #shoplocal https://t.co/j3FD7Cujuq"}, {"author_id": 16924386, "id": 1495109680095371266, "text": "The affair that changed my life: \"I am the woman who stole another's husband and always will be.\" https://t.co/aoh9VVjRps"}, {"author_id": 1391257563296063491, "id": 1495105596193853441, "text": "@Kayfabe_Wrestle I can't stand Corey Graves I remember he had an affair with Carmella when he was going through problems with his wife and start having sex with Carmella@Kayfabe_Wrestle How can a man \u2642\ufe0f\ud83d\udc5e do this to his wife and the bastard have 4 kids with this woman \u2640\ufe0f\ud83d\udc60 my Twitter friend \u2757\ud83e\udd28"}, {"author_id": 228082891, "id": 1495091876264923138, "text": "Alright peeps. I have a tub of Haagen Dazs and the ingredients for espresso martinis, and I fancy a good cry. What film should I watch tonight? (default blubb-fests include Frozen 2, Paddington 2, and An Affair To Remember)."}, {"author_id": 909865356, "id": 1495084629665230851, "text": "I just watched The Way We Were and An Affair to Remember"}, {"author_id": 1490303974653808642, "id": 1495077599936135174, "text": "An Affair to Remember\n\n\u2022 Nickie\n\u2022 Terry https://t.co/Q6EFQNtY0G"}, {"author_id": 95121126, "id": 1495070850973896717, "text": "@writerdiehl Basically the plot of \"An Affair to Remember\" \ud83d\ude2d"}, {"author_id": 984040455212974080, "id": 1495044375382208513, "text": "@welove50s60s70s \n\"Wasted words about an old love affair\nYou don't love me, you don't care\nI've tried so hard to forget\nThe things that used to be\nIt's so easy to remember\nA few old memories\"\nclick below to listen 1957 song\nhttps://t.co/gZFHW5dgTA"}, {"author_id": 86968911, "id": 1495028032452677632, "text": "@hobbitoncentral One of my favourites the shop around the corner others are Now Voyager, Camille, an affair to remember, Mrs miniver and so many more im a sucker for old weepies"}, {"author_id": 451359246, "id": 1494995827013476352, "text": "@GemmaTognini An affair to remember\u2026"}, {"author_id": 1370840996364320775, "id": 1494995659124092930, "text": "Russell Malone - An Affair to Remember"}, {"author_id": 84453219, "id": 1494875570219503618, "text": "@RuthMBuchanan @BekahStoneking There are a shocking number of gifs for it!! And sadly none of Deborah Kerr shaking her head and mouthing \"no\" in An Affair to Remember (the gif I would probably use the most, lol)."}, {"author_id": 846907957191290880, "id": 1494833584162680834, "text": "@ClassicMovieHub When they both order pink champagne- An Affair to Remember. https://t.co/LndVaDXPpq"}, {"author_id": 158876399, "id": 1494739380409290753, "text": "RT @mughalbha: Pakistanis were raising hue &amp; cry over #BurqaPolitics #Hijab #BurqaRow in #India &amp; condemning #Hindutva but how Pakistani Pr\u2026"}, {"author_id": 703687614168240129, "id": 1494712157174484997, "text": "That comment was in very poor taste. A little less obvious is an innocent child drawn into a public affair. The correct thing to do, is swallow pride, apologise and address issue at hand not the person. Remember \"PALS\" ? There'll still be backlash, but some integrity spared.\n\ud83d\udc4e"}, {"author_id": 104067984, "id": 1494690936454107139, "text": "@TheBinMasterPt2 Remember how Ric kidnapped a woman to steal her baby. Remember how Sam let a child get kidnapped, remember how Liz had an affair with 2 brothers, changed Danny\u2019s dna results, remember how Ava killed a woman in cold blood and changed Morgan\u2019s pills. But we love to pick and choose"}, {"author_id": 1472550729235644417, "id": 1494680723198181379, "text": "Yours are the perfect one, \u201cYES YOU ARE HELLA SEXY\u201d among 7 billion people that god create in this world. Just make sure you remember this, summer: I\u2019m open to whoever wants to make an affair tho. Come over anytime."}, {"author_id": 1306956609885798401, "id": 1494675891552768007, "text": "An Affair to Remember (1957) starring Cary Grant and Deborah Kerr https://t.co/enYba0FJF4"}, {"author_id": 151114864, "id": 1494654595708108804, "text": "An Affair to Remember (1957) and The Brady Bunch Movie (1995) and A Very Brady Sequel (1996) https://t.co/rAUZuL6eEn"}, {"author_id": 1615589264, "id": 1494618158870765569, "text": "RT @VintageReview: Cary Grant and Deborah Kerr in a publicity still for 'An Affair to Remember', 1957 https://t.co/7zu4YFATiL"}, {"author_id": 223247584, "id": 1494584727935856655, "text": "@thewritegame 1.) Charade\n2.) Bambi\n3.) Bambi (again)\n4.) An Affair to Remember\n\n\u2026I think."}, {"author_id": 126921531, "id": 1494577724677107729, "text": "RT @Aaliyahna19: @thepoetpreneur @beeola_ This spiritual father thing is a very important issue .. I remember a young man telling me his fr\u2026"}, {"author_id": 1261953461400281090, "id": 1494568076788092933, "text": "RT @Aaliyahna19: @thepoetpreneur @beeola_ This spiritual father thing is a very important issue .. I remember a young man telling me his fr\u2026"}, {"author_id": 707835814, "id": 1494566603379429397, "text": "RT @Aaliyahna19: @thepoetpreneur @beeola_ This spiritual father thing is a very important issue .. I remember a young man telling me his fr\u2026"}, {"author_id": 1133392870885535749, "id": 1494528123681255425, "text": "My mom and I just finished watching \"An Affair To Remember\" and we are both so emotional today. I've already seen it many times and it was my mom's first time to see it. Now she wants us to do a Deborah Kerr movie marathon as we should."}, {"author_id": 1169438480, "id": 1494522183707762693, "text": "RT @Dorothy84748857: @FoxNews Camilla is calling Megan a minx.  This from a woman that kept an affair going during the entire time Prince C\u2026"}, {"author_id": 522812213, "id": 1494502524795211778, "text": "Remember when Donald Trump had an affair with a porn star and then broke  campaign finance  laws and and Michael Cohen to cover it up? https://t.co/rEWh4imZlx"}, {"author_id": 1154682535554666496, "id": 1494462568475160577, "text": "RT @VintageReview: Cary Grant and Deborah Kerr in a publicity still for 'An Affair to Remember', 1957 https://t.co/7zu4YFATiL"}, {"author_id": 1286421911069757441, "id": 1494448740614164482, "text": "@thepoetpreneur @beeola_ This spiritual father thing is a very important issue .. I remember a young man telling me his friend\u2019s story of how he hated Spiritual people cause of the harm they caused to his family..his brothers Marriage ended when he found out that the spiritual father was having an affair"}, {"author_id": 1199373219976925184, "id": 1494443879487184896, "text": "RT @Alientje777: I can't help but remember that Brooke:\n- send over alcohol to an addicted Macy and tormented her bc she wanted Macy's man\u2026"}, {"author_id": 1340813023305490434, "id": 1494431050117832709, "text": "@Cine_Ronin @kmstx78 Just so you know\u2026An Affair To Remember and The Last Picture Show are not making my list."}, {"author_id": 979591948209070080, "id": 1494400321157664781, "text": "it\u2019s really bad we had access to textplus and free phone # apps when i was 12 and shit cuz I remember in 7th grade my best friends dad yelled at her so I texted his phone pretending to be a woman named rhonda having an illicit affair with him in hopes his wife would see"}, {"author_id": 1062429825829355522, "id": 1494393785031307268, "text": "Let us help you make your next event an affair to remember. Our mixologists use the best ingredients to help you make the world's yummiest drinks! Book us for your next event and wow your guests. #yummydrinks https://t.co/a6yCtWQFf9"}, {"author_id": 74550684, "id": 1494386209946316803, "text": "An affair to remember, an affair to forget, and one more secret to be revealed. Find out on Dateline TONIGHT at 8:00p #OnMyTVZ\n.\n#crime #murder #murdermystery #coldcase #investigation #weeknights #yourentertainmentstation #mytvz #wtvz #Dateline #hamptonroads #norfolk https://t.co/5pnbtmfTX8"}, {"author_id": 1093652381210939393, "id": 1494384597483802629, "text": "RT @VintageReview: Cary Grant and Deborah Kerr in a publicity still for 'An Affair to Remember', 1957 https://t.co/7zu4YFATiL"}, {"author_id": 280577290, "id": 1494380584369537027, "text": "@Jebadoo2 Remember when the Health Minister had and continues to have an affair with a Pfizer, AstraZeneca and GSK Lobbyist of 20 years and her father has been a lobbyist for 40 years too..."}, {"author_id": 1357910182567804928, "id": 1494375482879528961, "text": "RT @VintageReview: Cary Grant and Deborah Kerr in a publicity still for 'An Affair to Remember', 1957 https://t.co/7zu4YFATiL"}, {"author_id": 127941251, "id": 1494375287668236288, "text": "RT @VintageReview: Cary Grant and Deborah Kerr in a publicity still for 'An Affair to Remember', 1957 https://t.co/7zu4YFATiL"}, {"author_id": 783709324270907392, "id": 1494373653399707653, "text": "@greensnow @MarshaBlackburn @doj @FBI I do believe the Jan 6 hearings are going to be televised so the American people can get a better look at the truth, I remember I was glued to the TV in 1987 when the Iran Contra Affair was televised, I also watched Trump being deposed, he is an absolute disgrace who can't read!"}, {"author_id": 815708993737740288, "id": 1494371024460263430, "text": "@seraphinaspang An Affair to Remember"}, {"author_id": 3120604187, "id": 1494370219950628865, "text": "@sthmel No worries. It\u2019s just that last year I seem to remember a similar thing happening. Also, I get that it must have been an all hands on deck affair last night for \u2018opening night\u2019"}, {"author_id": 42345343, "id": 1494359464836833284, "text": "RT @VintageReview: Cary Grant and Deborah Kerr in a publicity still for 'An Affair to Remember', 1957 https://t.co/7zu4YFATiL"}, {"author_id": 1108226302073548800, "id": 1494338864088895509, "text": "RT @VintageReview: Cary Grant and Deborah Kerr in a publicity still for 'An Affair to Remember', 1957 https://t.co/7zu4YFATiL"}, {"author_id": 240915410, "id": 1494335850779267083, "text": "RT @VintageReview: Cary Grant and Deborah Kerr in a publicity still for 'An Affair to Remember', 1957 https://t.co/7zu4YFATiL"}, {"author_id": 1477168133853138944, "id": 1494329559650422790, "text": "RT @VintageReview: Cary Grant and Deborah Kerr in a publicity still for 'An Affair to Remember', 1957 https://t.co/7zu4YFATiL"}, {"author_id": 730227866596745216, "id": 1494326714398220296, "text": "RT @VintageReview: Cary Grant and Deborah Kerr in a publicity still for 'An Affair to Remember', 1957 https://t.co/7zu4YFATiL"}, {"author_id": 47551798, "id": 1494325776568647692, "text": "@MieythWolftear Remember how they could've but our principal was having an affair with our counselor using our mysteriously ever-dwindling club funds for their vacations and then blackmailed me when I found out but nobody believed me until he went to jail for it years later :)"}, {"author_id": 1095338224577175553, "id": 1494322353022857224, "text": "RT @mubimalaysia: Nominated for Best Picture at the Academy Awards, this timeless classic truly proved an affair to remember. https://t.co/\u2026"}, {"author_id": 313336233, "id": 1494317764458299395, "text": "RT @VintageReview: Cary Grant and Deborah Kerr in a publicity still for 'An Affair to Remember', 1957 https://t.co/7zu4YFATiL"}, {"author_id": 3219850910, "id": 1494317105931776002, "text": "RT @mubimalaysia: Nominated for Best Picture at the Academy Awards, this timeless classic truly proved an affair to remember. https://t.co/\u2026"}, {"author_id": 1382411787979591682, "id": 1494315222630338562, "text": "RT @VintageReview: Cary Grant and Deborah Kerr in a publicity still for 'An Affair to Remember', 1957 https://t.co/7zu4YFATiL"}, {"author_id": 375506758, "id": 1494313868302200837, "text": "RT @VintageReview: Cary Grant and Deborah Kerr in a publicity still for 'An Affair to Remember', 1957 https://t.co/7zu4YFATiL"}, {"author_id": 2247872382, "id": 1494310628672122883, "text": "RT @VintageReview: Cary Grant and Deborah Kerr in a publicity still for 'An Affair to Remember', 1957 https://t.co/7zu4YFATiL"}, {"author_id": 838587156666920962, "id": 1494309083662454788, "text": "@seraphinaspang An Affair To Remember! \nBringing Up Baby\nThe Rear Window\nThem\nSons of Katie Elder"}, {"author_id": 1281205493978054656, "id": 1494289298199302148, "text": "RT @VintageReview: Cary Grant and Deborah Kerr in a publicity still for 'An Affair to Remember', 1957 https://t.co/7zu4YFATiL"}, {"author_id": 429121717, "id": 1494288525134635011, "text": "@Litzz11 @PulleyRuss Remember when Megan Berry worked to get light rail, and Koch came in and blocked it.. then she was forced to resign for having an affair with her body guard.."}, {"author_id": 1688295216, "id": 1494269052881096704, "text": "RT @VintageReview: Cary Grant and Deborah Kerr in a publicity still for 'An Affair to Remember', 1957 https://t.co/7zu4YFATiL"}, {"author_id": 1162001000468758529, "id": 1494267715393142785, "text": "RT @VintageReview: Cary Grant and Deborah Kerr in a publicity still for 'An Affair to Remember', 1957 https://t.co/7zu4YFATiL"}, {"author_id": 904990371192688640, "id": 1494258972026671108, "text": "@RoyallyBlunt Let's see how it goes. Biden has a very problematic son called Hunter, more problematic than Andrew and Harry put together. Yet, Biden's PR team has largely been able to contain him. Remember when Hunter had an affair with his elder brother's wife. It was swept under the rug"}, {"author_id": 1300498376362995712, "id": 1494236077007245312, "text": "RT @VintageReview: Cary Grant and Deborah Kerr in a publicity still for 'An Affair to Remember', 1957 https://t.co/7zu4YFATiL"}, {"author_id": 1640322823, "id": 1494235886552326144, "text": "@MattHancock You broke the law 3 times and was having an affair during the pandemic breaking lockdown rules. You need to show so self awareness. I seem to remember you were only sorry you got caught Matty."}, {"author_id": 1095827838006185984, "id": 1494234673924476928, "text": "RT @VintageReview: Cary Grant and Deborah Kerr in a publicity still for 'An Affair to Remember', 1957 https://t.co/7zu4YFATiL"}, {"author_id": 3262097338, "id": 1494230352998580224, "text": "RT @VintageReview: Cary Grant and Deborah Kerr in a publicity still for 'An Affair to Remember', 1957 https://t.co/7zu4YFATiL"}, {"author_id": 774345807680180224, "id": 1494226473309245441, "text": "RT @VintageReview: Cary Grant and Deborah Kerr in a publicity still for 'An Affair to Remember', 1957 https://t.co/7zu4YFATiL"}, {"author_id": 1487070260, "id": 1494224615240962060, "text": "Kuh Ledesma - An Affair To Remember: #NP on CPRM #HomeofOPM #LabanparasaISLA - @TheQuotableKUH"}, {"author_id": 582849560, "id": 1494221920430137344, "text": "RT @VintageReview: Cary Grant and Deborah Kerr in a publicity still for 'An Affair to Remember', 1957 https://t.co/7zu4YFATiL"}, {"author_id": 1434255778462846978, "id": 1494220450246774784, "text": "RT @VintageReview: Cary Grant and Deborah Kerr in a publicity still for 'An Affair to Remember', 1957 https://t.co/7zu4YFATiL"}, {"author_id": 3395776684, "id": 1494209332405276673, "text": "RT @VintageReview: Cary Grant and Deborah Kerr in a publicity still for 'An Affair to Remember', 1957 https://t.co/7zu4YFATiL"}]