[{"author_id": 30299080, "id": 1495280818826186753, "text": "Based on the true Second World War story of the heroic librarians at the American Library in Paris, this is an unforgettable novel of romance, friendship, family, and of heroism found in the quietest of places.\n\nRead more: https://t.co/sQAo0pt8ON https://t.co/Br4zfq8QOF"}, {"author_id": 1142502098887561216, "id": 1495259479767539712, "text": "RT @ff_oli: An American in Paris !\nLet's compare this american top hottie to the european ones I'm used to \ud83d\ude1c\nFor sure I love this one \ud83e\udd2a\ud83d\ude0d\n#L\u2026"}, {"author_id": 3435563374, "id": 1495250172330323969, "text": "This is like an American Werewolf in Paris. https://t.co/Ad9K8o0xdV"}, {"author_id": 418833975, "id": 1495236001119322113, "text": "RT @ClassicMovieHub: Born Today, Feb 19, in 1912, Saul Chaplin - Associate Producer on Les Girls, The Sound of Music, West Side Story, Can-\u2026"}, {"author_id": 321636767, "id": 1495228335567245313, "text": "Pretty disappointed in this. CGI werewolves are fucking trash. It looked like an updated version of the American Werewolf in Paris werewolf..... https://t.co/8AEBY3EIfr"}, {"author_id": 1477343014926405639, "id": 1495227726847950848, "text": "On December 19, 1913, Jack defended his championship for the first time in seventeen months against Battling Jim Johnson, an African American of no relation to the champion. Held in Paris, it was the first fight for the World Heavyweight Championship between two black men. https://t.co/IvL6yrJkiK"}, {"author_id": 1266913507758403584, "id": 1495224394012102660, "text": "An American in Paris https://t.co/xgIUOS1ayg"}, {"author_id": 21201598, "id": 1495219809696550920, "text": "@steelydante And to think Minnelli did An American in Paris only the year before."}, {"author_id": 2922101376, "id": 1495176914872451072, "text": "i'm watching the last episode of sex and the city \"an american girl in paris\" and i think emily in paris wanted to do something like that but...they failed"}, {"author_id": 1459981626822336517, "id": 1495158662129754115, "text": "#nw an american in paris https://t.co/DE07nd7soH"}, {"author_id": 1004586846532358144, "id": 1495143769091489795, "text": "RT @ff_oli: An American in Paris !\nLet's compare this american top hottie to the european ones I'm used to \ud83d\ude1c\nFor sure I love this one \ud83e\udd2a\ud83d\ude0d\n#L\u2026"}, {"author_id": 1072189214542913537, "id": 1495143076129431553, "text": "Saul Chaplin (#BOTD in 1912 \u2013 November 15, 1997) was a composer and musical director.He won three Oscars for collaborating on the orchestrations of 'An American in Paris (1951),'Seven Brides for Seven Brothers' (1954) &amp; 'West Side Story' (1961).Photo : With Judy Garland,1962. https://t.co/qeDyl1PyPJ"}, {"author_id": 1064586744639688704, "id": 1495142416021663756, "text": "Watching an american in paris."}, {"author_id": 1461690331418800136, "id": 1495133768679632896, "text": "RT @lawrenti4n: Absolute joy listening to the great Leslie Caron on Desert Island Discs this morning. The scandal she caused on the set of\u2026"}, {"author_id": 25807581, "id": 1495131357609082881, "text": "RT @itsmargarethall: What three movie musicals do you think everyone should see in their lifetime?\nMy current list is An American in Paris\u2026"}, {"author_id": 865258802307878913, "id": 1495125907840901121, "text": "RT @ClassicMovieHub: Born Today, Feb 19, in 1912, Saul Chaplin - Associate Producer on Les Girls, The Sound of Music, West Side Story, Can-\u2026"}, {"author_id": 1286712457038159872, "id": 1495116502365736960, "text": "@sprklejjong It\u2019s about an American girl living and working in Paris! Ppl don\u2019t really like her but she\u2019s trying to adjust to everything \nIt\u2019s really interesting"}, {"author_id": 1152782295712948225, "id": 1495111948832149508, "text": "RT @ClassicMovieHub: Born Today, Feb 19, in 1912, Saul Chaplin - Associate Producer on Les Girls, The Sound of Music, West Side Story, Can-\u2026"}, {"author_id": 362754304, "id": 1495111193756725248, "text": "i would take out AN AMERICAN IN PARIS, and put in SINGING IN THE RAIN... https://t.co/MrP8sBn7M2"}, {"author_id": 18769790, "id": 1495106137770930184, "text": "@itsmargarethall Excellent question and choices! Mine are An American Paris(1951 Vincente Minnelli), Singin' In The Rain (1952 Stanley Donen/Gene Kelly)   and West Side Story (2021 Steven Spielberg &amp; crew)."}, {"author_id": 1405998102499180554, "id": 1495102346174636034, "text": "1952 \u2014 Metro-Goldwyn-Mayer for \"An American in Paris\"\n\u2b50\ufe0f\u2b50\ufe0f\u2b50\ufe0f\u2b50\ufe0f https://t.co/ADBX1eQqey"}, {"author_id": 2334493184, "id": 1495101056107360258, "text": "I knew it was Gershwin right away! I saw a touring production of an American in Paris in high school and musical theater is one of my favorite trivia categories. Got out buzzed by @LizFeltner1 who played an amazing game! More serious thoughts to come later \ud83d\ude04"}, {"author_id": 1057637002810671104, "id": 1495094839439990789, "text": "Love these photos: An American GI and his camera in the wake of war https://t.co/vBDHIFftQb"}, {"author_id": 201899319, "id": 1495094446156881927, "text": "RT @ClassicMovieHub: Born Today, Feb 19, in 1912, Saul Chaplin - Associate Producer on Les Girls, The Sound of Music, West Side Story, Can-\u2026"}, {"author_id": 1316096215, "id": 1495094345703342083, "text": "RT @ClassicMovieHub: Born Today, Feb 19, in 1912, Saul Chaplin - Associate Producer on Les Girls, The Sound of Music, West Side Story, Can-\u2026"}, {"author_id": 1250266153814855685, "id": 1495093901757014019, "text": "RT @ClassicMovieHub: Born Today, Feb 19, in 1912, Saul Chaplin - Associate Producer on Les Girls, The Sound of Music, West Side Story, Can-\u2026"}, {"author_id": 950001408979300353, "id": 1495086935018459137, "text": "RT @thatwilloboy: Leslie Caron in An American in Paris (1951). https://t.co/xJugizySD5"}, {"author_id": 272538235, "id": 1495076976188608514, "text": "Born Today, Feb 19, in 1912, Saul Chaplin - Associate Producer on Les Girls, The Sound of Music, West Side Story, Can-Can, Man of La Mancha... Musical Director on Summer Stock, An American in Paris, Kiss Me Kate... https://t.co/H97P0WFCL8"}, {"author_id": 738199410333474818, "id": 1495065782501449732, "text": "An American in Paris (1951) meets Pretty Little Liars (2010)"}, {"author_id": 974854527118606337, "id": 1495054480005603335, "text": "RT @itsmargarethall: What three movie musicals do you think everyone should see in their lifetime?\nMy current list is An American in Paris\u2026"}, {"author_id": 55696514, "id": 1495046879050092549, "text": "@ClassicMovieHub Music/movie birthday.\nSaul Chaplin 1912-1997. Composer won Oscars for An American in Paris, Seven Brides for Seven Brothers, West Side Story."}, {"author_id": 1168059727261159424, "id": 1495040128649244676, "text": "RT @itsmargarethall: What three movie musicals do you think everyone should see in their lifetime?\nMy current list is An American in Paris\u2026"}, {"author_id": 1241905632, "id": 1495035445868072960, "text": "Yay or nay? AN AMERICAN WEREWOLF IN PARIS (1997)  \u25cf My review \u25ba https://t.co/E47ViNja8a  \u25cf #AnAmericanWerewolfinParis"}, {"author_id": 290520041, "id": 1495029543316467718, "text": "Hello @diabolikdvd - Do you plan on stocking either of these?\n\nAn American Werewolf in Paris 4K Blu-ray (Turbine- Germany)\n\nV/H/S 94 (Blu-ray)"}, {"author_id": 537631464, "id": 1495028766208315397, "text": "RT @emilyabclark: I'm watching An American in Paris because it's perfect. And if I had the ability to hook up with anyone in history it'd b\u2026"}, {"author_id": 90140723, "id": 1495019691709972487, "text": "Now Playing: Frankie Valli - Medley ''Passion For Paris'' (An American In Paris) Diva Radio Disco https://t.co/nA0yLnq1Rm #nowplaying"}, {"author_id": 1366403388313903106, "id": 1495009022361190401, "text": "Absolute joy listening to the great Leslie Caron on Desert Island Discs this morning. The scandal she caused on the set of An American in Paris &amp; her tales about Cary Grant, Astaire, Gene Kelly, Louis Armstrong, Warren Beatty &amp; more. What a star.\ud83c\udf1f\ud83c\udf1f\ud83c\udf1f https://t.co/AFv6OEo8Vp https://t.co/BFY4vYHmoL"}, {"author_id": 277700688, "id": 1495006126005440512, "text": "Philadelphia Orchestra breathes new life into \u2018An American in Paris\u2019 screening\nhttps://t.co/c8iQGnT5x5"}, {"author_id": 162368537, "id": 1495002864942567428, "text": "@CDCgov we are stuck in Paris, France. Please give guidance on the Covid testing protocols. Signed an American Citizen"}, {"author_id": 18963451, "id": 1494974472285208581, "text": "RT @yourclassical: On today's episode of SymphonyCast, we explore two perspectives on 1920's America: Louis Langree premieres the original,\u2026"}, {"author_id": 1486028894088146957, "id": 1494968831437156352, "text": "While the squad is still being assembled, we see our assassin at work. He seduces an American tourist in Paris, so he can steal her passport and forge it into one for himself. https://t.co/CVEjcPBDAE"}, {"author_id": 802408477415112704, "id": 1494950425136619536, "text": "@pollylinko Hi, I am an manager/agent for European and American adult productions. Looking for model girls for shootings in Europe.If you are interested for videos in adult clips and work in Prague, Budapest, Brussels,Berlin,Paris,...Please text me DM to discuss all details"}, {"author_id": 802408477415112704, "id": 1494950156323766275, "text": "@_Kate_Bush_ Hi, I am an manager/agent for European and American adult productions. Looking for model girls for shootings in Europe.If you are interested for videos in adult clips and work in Prague, Budapest, Brussels,Berlin,Paris,...Please text me DM to discuss all details"}, {"author_id": 1187282506124529664, "id": 1494923230263615490, "text": "#BOTD 1912 \u2013 1997 Saul Chaplin, 85, US composer, arranger. \n\nOrchestration Arranger: On the Town (1949) * Summer Stock * An American in Paris * Lovely to Look At * Kiss Me Kate * Seven Brides for Seven Brothers * High Society (1956) https://t.co/XYn6SV5Sa1"}, {"author_id": 1187282506124529664, "id": 1494923224651640833, "text": "#BOTD 1912 \u2013 1997 Saul Chaplin, 85, US composer, arranger. \n\nHe won three Oscars for collaboration, arrangements and orchestrations on film scores: An American in Paris (1951) Seven Brides for Seven Brothers (1954) and West Side Story (1961) https://t.co/vPZBSOnrz0"}, {"author_id": 717608826015318017, "id": 1494918816123342848, "text": "RT @emilyabclark: I'm watching An American in Paris because it's perfect. And if I had the ability to hook up with anyone in history it'd b\u2026"}, {"author_id": 768765899058847744, "id": 1494917792654630914, "text": "RT @ff_oli: An American in Paris !\nLet's compare this american top hottie to the european ones I'm used to \ud83d\ude1c\nFor sure I love this one \ud83e\udd2a\ud83d\ude0d\n#L\u2026"}, {"author_id": 1043865369155383296, "id": 1494909893249228800, "text": "An American Werewolf in Paris (1997) https://t.co/zVcyYqjpWx"}, {"author_id": 253100520, "id": 1494900814288080907, "text": "I'm watching An American in Paris because it's perfect. And if I had the ability to hook up with anyone in history it'd be Gene Kelly. https://t.co/LH2UjszbuS"}, {"author_id": 1551773263, "id": 1494879981813567489, "text": "@KristinDonegan I\u2019m kind of embarrassed to admit that I was a Theatre major in college AND I saw \u2018An American In Paris\u2019 on Broadway a few years ago &amp; DID NOT recall it was Gershwin! \ud83d\ude2c\ud83e\udd26\ud83c\udffb\u200d\u2640\ufe0f"}, {"author_id": 2909554621, "id": 1494874825331908610, "text": "An American in Paris. And we\u2019re just getting started. @ClassicalKUSC #JimSvejda https://t.co/55u6cw3m8m"}, {"author_id": 86459933, "id": 1494868644349759494, "text": "@itsmargarethall All That Jazz, Cabaret, An American in Paris."}, {"author_id": 1325508726783143940, "id": 1494861387167932418, "text": "George Gershwin - An American in Paris https://t.co/19yfoDqbJN"}, {"author_id": 258629835, "id": 1494847977134899205, "text": "The two leaders tied at 22,000, tiebreaker was \u201cA trip in the 1920\u2019s led him to compose An American in Paris\u201d the young woman from Northeastern rang in with Gershwin first. Intense game!!!"}, {"author_id": 1260340151248510977, "id": 1494846304857387011, "text": "@LucySuddenly I watched \u2018An American in Paris\u2019 last night and thought \u201cboy this leitmotif sure sounds like Gershwin\u201d \u2026 guess I missed the credits."}, {"author_id": 832489958296285184, "id": 1494824602962661378, "text": "RT @QPAC: Ever wondered whether the story you see on stage is based on fact or fiction? \ud83e\uddd0\nInspired by our recent season of An American in P\u2026"}, {"author_id": 24114876, "id": 1494824053911302148, "text": "Ever wondered whether the story you see on stage is based on fact or fiction? \ud83e\uddd0\nInspired by our recent season of An American in Paris, we decided to dig deeper into if the post-war Paris we saw portrayed on stage was a true to history.\nWatch here \ud83d\udc40 https://t.co/UdYHC0QNmD"}, {"author_id": 14221917, "id": 1494820166508716035, "text": "Plush strings and colorful, sinewy winds filled out emotion and characterization the writers of \"An American in Paris\" sometimes failed to do.\n\nThe Philadelphia Orchestra, it turns out, has a roar more powerful than the MGM lion. https://t.co/T3SfsEhXsH"}, {"author_id": 1303409358726815744, "id": 1494808158157811713, "text": "RT @TOP_BBK_PARIS: KEVIN\nEp.1\nAN AMERICAN IN PARIS\n\nSeeing Kevin\ud83d\ude07 on the hallway was a sight for sore eyes. He flashes a smile, we\u2019re ready\u2026"}, {"author_id": 1569234434, "id": 1494803989539418113, "text": "@white_owly An American tour guide in Paris"}, {"author_id": 999921929233489926, "id": 1494791226243284994, "text": "RT @Katzo60: French-American actress and dancer Leslie Caron turns 91 later this year. She made her film debut in the musical An American I\u2026"}, {"author_id": 2835572938, "id": 1494789822665269249, "text": "French-American actress and dancer Leslie Caron turns 91 later this year. She made her film debut in the musical An American In Paris (1951). She garnered nominations for a Best Actress Academy Award in her role of as an orphan in Lili (1953) and for The L-Shaped Room (1962). https://t.co/AxcNZ32x21"}, {"author_id": 972808718, "id": 1494788571865223168, "text": "\u201cIf you\u2019re beautiful, they don\u2019t care what color you are\u2026 For once I was not considered Black, African American, or Negro. I was just an American.\u201d\n\n\u2015Dorothea Towles, credited as the first Black model to walk Paris' haute couture runways, on being a model in Paris https://t.co/jxyqA6Eo9E"}, {"author_id": 2590628725, "id": 1494787950730747906, "text": "Why watch an American in Paris for my class when I can just look at people\u2019s study abroad posts"}, {"author_id": 279319442, "id": 1494778384316088325, "text": "RT @PhillyDailyNews: Daily News |  In this new screening, the Philadelphia Orchestra is the star of An American in Paris https://t.co/Fv70I\u2026"}, {"author_id": 1177934021067755520, "id": 1494771199880175619, "text": "What three movie musicals do you think everyone should see in their lifetime?\nMy current list is An American in Paris (1951), All That Jazz (1979), and tick, tick... BOOM! (2021). https://t.co/MLroa5QZBH"}, {"author_id": 1343601268443459586, "id": 1494762264683065350, "text": "RT @TOP_BBK_PARIS: KEVIN\nEp.1\nAN AMERICAN IN PARIS\n\nSeeing Kevin\ud83d\ude07 on the hallway was a sight for sore eyes. He flashes a smile, we\u2019re ready\u2026"}, {"author_id": 1489898848306802689, "id": 1494759843789426691, "text": "@EssayCritical How to study in Europe (London or Paris) for college as an American student? THIS IS NOT STUDY ABROAD!!?"}, {"author_id": 3403132641, "id": 1494759079935361030, "text": "RT @GamemusicF: Nicolas is an international music composer, sound-designer, orchestrator, and arranger based in Paris, where he studied jaz\u2026"}, {"author_id": 980582123236028416, "id": 1494753836522631171, "text": "An American in Paris by George Gershwin / San Francisco Symphony Michael Tilson Thomas / RCA 68931"}, {"author_id": 1450314054245908482, "id": 1494751766461976576, "text": "An American in Paris\nGeorge Gershwin\n1993\n https://t.co/2qm4LFtitw"}, {"author_id": 1074603138970206208, "id": 1494749744282976257, "text": "RT @TOP_BBK_PARIS: KEVIN\nEp.1\nAN AMERICAN IN PARIS\n\nSeeing Kevin\ud83d\ude07 on the hallway was a sight for sore eyes. He flashes a smile, we\u2019re ready\u2026"}, {"author_id": 3664292535, "id": 1494737505140281345, "text": "In this new screening, the Philadelphia Orchestra is the star of An American in Paris https://t.co/GKXneh4q25 via @phillyinquirer"}, {"author_id": 22007328, "id": 1494735173803515906, "text": "RT @PhillyDailyNews: Daily News |  In this new screening, the Philadelphia Orchestra is the star of An American in Paris https://t.co/Fv70I\u2026"}, {"author_id": 14689197, "id": 1494734858014400512, "text": "Daily News |  In this new screening, the Philadelphia Orchestra is the star of An American in Paris https://t.co/Fv70IXT8LK"}, {"author_id": 1041307727694200833, "id": 1494734258098917379, "text": "Nicolas is an international music composer, sound-designer, orchestrator, and arranger based in Paris, where he studied jazz harmony, arranging, and composition at the American School of Modern Music (now the IMEP). In 2012, he won a scholarship to Berklee College of Music."}, {"author_id": 75041599, "id": 1494733493624000516, "text": "Bonjour Broadway! An American in Paris \u2013 The Musical tickets are on sale now. A marvelous evening of theater awaits, full of gorgeous melodies, spectacular dancing, and lavish costumes. https://t.co/wkHvLiknPW https://t.co/oO64tR8Ex3"}, {"author_id": 8650422, "id": 1494716514234155016, "text": "#NowSpinning George Gershwin - Rhapsody In Blue / An American In Paris https://t.co/utsoyQ0iCA #vinyl"}, {"author_id": 713746048850604032, "id": 1494714591590469635, "text": "CELEBRATE BLACK HISTORY MONTH - The Awakening of La Muse. An illustrious tale of a sixteen-year-old American slave in Paris. THEY TOOK HER FREEDOM \u2013 SHE TOOK IT BACK!  #blackhistorymonth #histfic #blacklivesmatter #srstrickland #paris #blackauthors #mustread #amazon https://t.co/EkHIBqZ0pB"}, {"author_id": 707734565452914689, "id": 1494705321884987394, "text": "RT @a_lutacontinua: Gene Kelly &amp; Oscar Levant performing the Gershwin's \"Tra-la-la (This Time It's Really Love)\" from \"An American in Paris\u2026"}, {"author_id": 39506655, "id": 1494661403352911882, "text": "Upcoming Event: An American in Paris - 2/24/2022  https://t.co/smsj3Ym6ZN"}, {"author_id": 1465265414, "id": 1494648935536906240, "text": "What is a village or town or suburb, even, but a city-in-miniature?\n\nCities like Paris can go car-free at a large scale, but even an American suburb can cut off cars from 1 block in each commercial district.\n\nIs your suburb a leader? https://t.co/T5ttX5dm36"}, {"author_id": 131887363, "id": 1494616419572588565, "text": "RT @VanityFair: Leslie Caron remembers MGM, where Cinderella stories were not as simple as they seemed https://t.co/nrchfefszh"}, {"author_id": 1074968317667000320, "id": 1494610007224164385, "text": "RT @ff_oli: An American in Paris !\nLet's compare this american top hottie to the european ones I'm used to \ud83d\ude1c\nFor sure I love this one \ud83e\udd2a\ud83d\ude0d\n#L\u2026"}, {"author_id": 1275582240039358465, "id": 1494608598512640010, "text": "@SiliconeRaquel @DastanPrinceTF They did remake it - An American Werewolf in Paris (1997) Well, its actually a sequal to the AAWIL... I remember it being pretty awful but it does have a female werewolf tf scene!"}, {"author_id": 1492892731470974976, "id": 1494575734194511873, "text": "@NextOnTCM senior years!!!  \ud83d\ude00\ud83d\ude03\ud83d\ude03  Well, next up is 'Fanny' released back in 1961, my favourite Leslie Caron Film.  And, I loved 'An American in Paris', released back in 1951.  So, that tells you something!!!  \ud83d\ude03\ud83d\ude04\ud83d\ude01"}]