[{"author_id": 1453571947200143366, "id": 1495252813877846016, "text": "@alexxsedlak I need you as the angel on my shoulder type shit lol"}, {"author_id": 1466285839940521988, "id": 1495251266292879361, "text": "RT @ViktorOnee2: \ud83d\udd25The Personal Trainner VIII \ud83d\udd25\n\nHave you seen this part where I give my Spanish student a paws over my shoulder?\n\n\ud83c\udfcb\ufe0f\u200d\u2640\ufe0f\u2026"}, {"author_id": 874573798841995264, "id": 1495243061080649730, "text": "We drove past an angel holding a cat in a field, watching the sky. It had three wings. It cried on my shoulder."}, {"author_id": 836995305623207939, "id": 1495239960672501760, "text": "RT @shmaddipolidoro: My shoulder angel and shoulder devil are kissing on the mouth"}, {"author_id": 393049017, "id": 1495238445010231298, "text": "My shoulder angel and shoulder devil are kissing on the mouth"}, {"author_id": 1494356856294330379, "id": 1495225794389495808, "text": "there's a little angel on my shoulder begging me not to tweet about beach house, i dont want to listen to her"}, {"author_id": 2612209105, "id": 1495225787599015947, "text": "The Devil &amp; The Angel on my shoulder https://t.co/BIOS4pOkqB"}, {"author_id": 901991211732492288, "id": 1495225229286813701, "text": "i\u2019m calling this, \u201cangel on my shoulder\u201d \n@Ashton5SOS https://t.co/YaVk4xAj1L"}, {"author_id": 1354613082904006657, "id": 1495225033790214147, "text": "I have an angel on my shoulder\nBut a devil in my head"}, {"author_id": 1349462513839124480, "id": 1495222175829159937, "text": "I have enough trouble controlling my own limbs \n Stealing alcohol from our parents and grandparents \n There\u2019s no devil on one shoulder and angel on the other \n They\u2019re just two normal people"}, {"author_id": 1264858620493049856, "id": 1495210594659893248, "text": "omg yes! Probably influenced Olivia to do a lot of stuff in her vulnerable time \u2014 man... just like what i was talking abt the whole angel and devil on the shoulder thing.. haseul my little manipulator.. \ud83d\ude2d\ud83d\ude2d where did it all go wr\u2026 https://t.co/Nqrk97ZeEF"}, {"author_id": 913092001465221121, "id": 1495194213952024576, "text": "RT @SabrinasNFT: We all have a story, we all have our challenges.\n\nI had events in my life that almost made me give up, instead I decided t\u2026"}, {"author_id": 1354640280486604801, "id": 1495194174089482241, "text": "RT @ViktorOnee2: \ud83d\udd25The Personal Trainner VIII \ud83d\udd25\n\nHave you seen this part where I give my Spanish student a paws over my shoulder?\n\n\ud83c\udfcb\ufe0f\u200d\u2640\ufe0f\u2026"}, {"author_id": 2753488460, "id": 1495193885039120392, "text": "devil and angel on my shoulder except one of them wants me to smoke weed and the other one wants to fuck deeply repressed men who have never performed oral sex in their life"}, {"author_id": 1240799315989168129, "id": 1495193497002930181, "text": "RT @ViktorOnee2: \ud83d\udd25The Personal Trainner VIII \ud83d\udd25\n\nHave you seen this part where I give my Spanish student a paws over my shoulder?\n\n\ud83c\udfcb\ufe0f\u200d\u2640\ufe0f\u2026"}, {"author_id": 1483306124237492228, "id": 1495193018751766530, "text": "RT @ViktorOnee2: \ud83d\udd25The Personal Trainner VIII \ud83d\udd25\n\nHave you seen this part where I give my Spanish student a paws over my shoulder?\n\n\ud83c\udfcb\ufe0f\u200d\u2640\ufe0f\u2026"}, {"author_id": 1366218227555184649, "id": 1495187472480980993, "text": "RT @SabrinasNFT: We all have a story, we all have our challenges.\n\nI had events in my life that almost made me give up, instead I decided t\u2026"}, {"author_id": 1323989768045236224, "id": 1495185527770951682, "text": "RT @SabrinasNFT: We all have a story, we all have our challenges.\n\nI had events in my life that almost made me give up, instead I decided t\u2026"}, {"author_id": 1443561489617596421, "id": 1495185177663860739, "text": "We all have a story, we all have our challenges.\n\nI had events in my life that almost made me give up, instead I decided to grow stronger, to not let the devil on my shoulder win, but to be an angel to those who chose to listen. Everyday inspired, I will strive to be better\n\n\ud83d\udc8e\ud83d\ude80"}, {"author_id": 1669307509, "id": 1495165251666558981, "text": "Drugs got me sweatin, but the room gettin colder\nLookin at the devil and the angel on my shoulder"}, {"author_id": 1316609201389613063, "id": 1495164789919731721, "text": "RT @otherwhere: i'm sorry but the trope of a devil and an angel arguing on someone's shoulder is like one of my favorites.  it can get so s\u2026"}, {"author_id": 46330833, "id": 1495163987784208386, "text": "RT @CunniLinguist77: That angel on my shoulder? \nI shrugged off that bitch"}, {"author_id": 1437637545714753536, "id": 1495148819671138305, "text": "Drugs can be sweating but the room getting colder, looking at the devil with an angel on my shoulder."}, {"author_id": 28264413, "id": 1495146682677399554, "text": "RT @CunniLinguist77: That angel on my shoulder? \nI shrugged off that bitch"}, {"author_id": 1294859302616936451, "id": 1495145545823920131, "text": "@dymeinthesky are u the devil or angel on my shoulder?"}, {"author_id": 1019089855, "id": 1495144691716829192, "text": "RT @Gonzothefacey: Angel on my shoulder, devil in my mind \ud83d\udc3a https://t.co/bwW4ySixFd"}, {"author_id": 557284645, "id": 1495143328349888519, "text": "Angel on my shoulder, devil in my mind \ud83d\udc3a https://t.co/bwW4ySixFd"}, {"author_id": 986734507641528321, "id": 1495135701729480714, "text": "Went to go on my long walk took Ty for 25m and he was pulling so much I almost fell 4 times and my shoulder was starting to click... \n\nSwear he's so tempermental on walks wither he will be an angel or terror to walk"}, {"author_id": 1477787906588782593, "id": 1495134594424885252, "text": "the angel and demon on my shoulder are both so cute.. i guess ive been listening to the mean one for too long so far.."}, {"author_id": 907946447018106880, "id": 1495128105089908742, "text": "my dog's brain:  (devil on shoulder) must escape this lead, this symbol of human oppression of our species, keeping us bound to their wishes....(angel on shoulder) dude, they give you your own food and their own food which is way better..#dogs #caninefriends #ilovemydog"}, {"author_id": 20503310, "id": 1495116054770569216, "text": "RT @theeseanmartin: \u2018Angel On My Shoulder\u2019\n\nReserve: 0.2E\n\nhttps://t.co/b0omL0QuJJ\n\n#NFTCommunity #nftcollectors #nftart https://t.co/YwN5M\u2026"}, {"author_id": 174175892, "id": 1495096193583513601, "text": "@S0FARRAWAY yesss i will \ud83e\udd70\ud83e\udd70 ily for this, if i ask anyone else if i should pull they'll tell me to do it, you're the only angel on my shoulder rn \ud83d\ude16\ud83d\ude16"}, {"author_id": 2493477740, "id": 1495094747160932352, "text": "@kaceyismagic @cupidwithanak You\u2019re the fallen Angel on my shoulder and one of these days I\u2019m gonna listen to your advice \ud83d\ude08"}, {"author_id": 925862480932253697, "id": 1495088385374961667, "text": "Now Playing: Angel On My Shoulder by Natalie Cole on https://t.co/utUWYe70HY https://t.co/sOEuMV4YKK"}, {"author_id": 228417297, "id": 1495086892085399552, "text": "i need an angel on my shoulder rn because it\u2019s been over a year now since i dyed my hair"}, {"author_id": 371477554, "id": 1495082184620658692, "text": "@kaskade AND YOU HELDDDDDDDDDDDDDDDDDDDDDDDD MY ANDDDDDDDD TOOK ME RIGHT BACK DOWN TO HELL I HAVE AN ANGEL ON MY SHOULDER BUT A DEVIL IN MY HAND"}, {"author_id": 1079182332731576325, "id": 1495079265120968704, "text": "RT @CunniLinguist77: That angel on my shoulder? \nI shrugged off that bitch"}, {"author_id": 628810994, "id": 1495079240169144331, "text": "RT @OceanSage771: I finally watched Howard Hawks\u2019s crime drama Scarface (1932). Paul Muni is fantastic as the trigger happy gangster Tony w\u2026"}, {"author_id": 1480150582232899584, "id": 1495059867354099712, "text": "RT @CunniLinguist77: That angel on my shoulder? \nI shrugged off that bitch"}, {"author_id": 738517894816894977, "id": 1495051241331826692, "text": "@angel_0f_deathx Heres how i take a bath. With a cat on my shoulder.\ud83d\ude44 https://t.co/ZhBAgzQTK0"}, {"author_id": 3277165915, "id": 1495048229825613824, "text": "lookin at the devil and the angel on my shoulder \ud83d\ude44"}, {"author_id": 1206761601824632834, "id": 1495044376455700490, "text": "RT @CunniLinguist77: That angel on my shoulder? \nI shrugged off that bitch"}, {"author_id": 15328114, "id": 1495041038729293827, "text": "RT @DrewsThatDude: The angel on my shoulder is becoming cynical too, that\u2019s not good https://t.co/ZL61rcNunG"}, {"author_id": 1110341820893069312, "id": 1495039248977866757, "text": "RT @CunniLinguist77: That angel on my shoulder? \nI shrugged off that bitch"}, {"author_id": 18514879, "id": 1495038507496218625, "text": "The angel on my shoulder is becoming cynical too, that\u2019s not good https://t.co/ZL61rcNunG"}, {"author_id": 1369039652900986885, "id": 1495035419263647750, "text": "RT @ViktorOnee2: \ud83d\udd25The Personal Trainner VIII \ud83d\udd25\n\nHave you seen this part where I give my Spanish student a paws over my shoulder?\n\n\ud83c\udfcb\ufe0f\u200d\u2640\ufe0f\u2026"}, {"author_id": 1371572312345034754, "id": 1495031854734495746, "text": "RT @OceanSage771: I finally watched Howard Hawks\u2019s crime drama Scarface (1932). Paul Muni is fantastic as the trigger happy gangster Tony w\u2026"}, {"author_id": 4017367696, "id": 1495011221724147714, "text": "RT @JuliaGrantham2: \u2066@whiteteddybear5\u2069 \nTYSM for the lovely Christmas gifts\u2014I love them! \u2764\ufe0f\nA beautiful, warm sweater, terrific earrings &amp;\u2026"}, {"author_id": 958693417168592896, "id": 1494971348443148290, "text": "RT @CunniLinguist77: That angel on my shoulder? \nI shrugged off that bitch"}, {"author_id": 87111805, "id": 1494961795143979013, "text": "So yeah,\u2026 I have NO #angel OR #devil \non either shoulder. \n\nIt's #MORE like my #heart\n \u2022vs\u2022 \nmy #brain."}, {"author_id": 928351652914098177, "id": 1494948817900388354, "text": "Kaskade - Angel On My Shoulder - Edx's Belo Horizonte At Night Remix - 8A - 126 : Now Playing On https://t.co/qXcGGVDQH0"}, {"author_id": 1240081055396200448, "id": 1494947869421228034, "text": "RT @CunniLinguist77: That angel on my shoulder? \nI shrugged off that bitch"}, {"author_id": 901087899583631360, "id": 1494897258357133312, "text": "literally felt an angel\u2019s hand on my shoulder holding me back like it was going to get real wet on the tl"}, {"author_id": 911103690030944256, "id": 1494894756601729032, "text": "RT @izhan_hale: @CarlaRo45955356 @Silvi04Tan @Linyuling99999 @NisarAh44573587 @NGUYENH52590923 @BerjawiJamil @shinunao2 @esen_3423 @Rocky88\u2026"}, {"author_id": 47410800, "id": 1494887064491466752, "text": "RT @CunniLinguist77: That angel on my shoulder? \nI shrugged off that bitch"}, {"author_id": 1438510537898283012, "id": 1494882770354831361, "text": "RT @ViktorOnee2: \ud83d\udd25The Personal Trainner VIII \ud83d\udd25\n\nHave you seen this part where I give my Spanish student a paws over my shoulder?\n\n\ud83c\udfcb\ufe0f\u200d\u2640\ufe0f\u2026"}, {"author_id": 3329644037, "id": 1494869665998245891, "text": "Trying to listen to the angel on my shoulder."}, {"author_id": 572240095, "id": 1494869253027241985, "text": "RT @CunniLinguist77: That angel on my shoulder? \nI shrugged off that bitch"}, {"author_id": 512655798, "id": 1494845736416014337, "text": "But you heeeeeld my hand  https://t.co/prXzNGBuR4"}, {"author_id": 755221175073181696, "id": 1494843487606525952, "text": "I finally watched Howard Hawks\u2019s crime drama Scarface (1932). Paul Muni is fantastic as the trigger happy gangster Tony with dreams of being a mob boss. His temper and intensity are so entertaining. Between Angel on My Shoulder &amp; Scarface, Muni is a force of nature in his films. https://t.co/dEOiinF2XB"}, {"author_id": 1469386333168701440, "id": 1494839791761780737, "text": "RT @CunniLinguist77: That angel on my shoulder? \nI shrugged off that bitch"}, {"author_id": 1437538375158931462, "id": 1494839396343894018, "text": "RT @CunniLinguist77: That angel on my shoulder? \nI shrugged off that bitch"}, {"author_id": 2753406087, "id": 1494831516110761988, "text": "RT @CunniLinguist77: That angel on my shoulder? \nI shrugged off that bitch"}, {"author_id": 391042045, "id": 1494826418089381894, "text": "RT @CunniLinguist77: That angel on my shoulder? \nI shrugged off that bitch"}, {"author_id": 1382699864711180288, "id": 1494825475784511488, "text": "RT @CunniLinguist77: That angel on my shoulder? \nI shrugged off that bitch"}, {"author_id": 1451347012599885824, "id": 1494825211576918017, "text": "RT @CunniLinguist77: That angel on my shoulder? \nI shrugged off that bitch"}, {"author_id": 1260850182956204032, "id": 1494824938250899463, "text": "That angel on my shoulder? \nI shrugged off that bitch"}, {"author_id": 1443999263965515799, "id": 1494822718956580869, "text": "going to get little cartoon angel wings tattooed on my shoulder blades"}, {"author_id": 985899096341925889, "id": 1494822522973528072, "text": "Drugs got me sweating, but the room getting colder\ud83e\udd7a\nLooking at the devil and the angel on my shoulder\ud83d\ude12\nWill I die tonight? I don't know, is it over?\ud83d\ude14\nLooking for my next girl, I'm looking for closure.\u2639\ufe0f"}, {"author_id": 805571724, "id": 1494806147865399300, "text": "Drugs got me sweatin but the room gettin colder\nLookin at the devil and the angel on my shoulder"}, {"author_id": 1471876733024362501, "id": 1494804804895330306, "text": "@susie22784334 @ehumperdinck Love \"Angel On My Shoulder.\"  It is a magnificent song and we love when Engelbert sings this in concert!  Looking forward to the Florida shows and his beautiful voice!"}, {"author_id": 1157801811346100225, "id": 1494803546239385602, "text": "karma is real\u2026 listened to the angel on my shoulder this morning to go to my 8am lecture bc i had a feeling i needed to and BOOM only the ppl that showed up got free extra credit points if you took a selfie of u in that class\ud83d\ude4c\ud83c\udffc\ud83d\ude0d"}, {"author_id": 45586289, "id": 1494802679146627083, "text": "Ah the ever-present angel and devil of social media on my shoulder. \n\n\"Keep scrolling.\"\n\"No way! Tell them what you really think.\"\n\"Don't start shit, it's not worth it.\"\n\"It's totally worth it!\""}, {"author_id": 1471508659347722245, "id": 1494787976492204033, "text": "@0606amyb @_little_blonde Want an angel on my left breast going over my shoulder/arm"}, {"author_id": 47691516, "id": 1494768227863257088, "text": "So you know the little Angel and devil on your shoulder thing, yeah that\u2019s exactly what goes on in my head everyday and I have to remind myself to not be a petty hateful bitch\ud83d\ude07"}, {"author_id": 932994294054510592, "id": 1494766480696610817, "text": "RT @ViktorOnee2: \ud83d\udd25The Personal Trainner VIII \ud83d\udd25\n\nHave you seen this part where I give my Spanish student a paws over my shoulder?\n\n\ud83c\udfcb\ufe0f\u200d\u2640\ufe0f\u2026"}, {"author_id": 1330219782621319168, "id": 1494763987988369408, "text": "@SunnySweetGaia Angel on my shoulder \ud83e\udd73\ud83d\udc95"}, {"author_id": 1216772918199439361, "id": 1494755080825933828, "text": "RT @texsassdiva: I\u2019m headed to New Orleans today! The next few days will be a battle between the angel \ud83d\ude07 on one shoulder whispering in my e\u2026"}, {"author_id": 1465381066236170255, "id": 1494753688472199170, "text": "RT @TheDavinaGold: Would you listen to the angel or devil on your shoulder \ud83d\ude09\n\nLove collabing with my bestie @BabeBarefoot1 https://t.co/0bc\u2026"}, {"author_id": 1369303303629180934, "id": 1494735451714101248, "text": "@arjkss i have designed some 4 myself but mainly on my left hand like fully covering and on a wrist , under my shoulder i also want to get a floral tattoo and a angel / fairy wings one on my back and even more i ahve sm ideas i cant wait to explore more https://t.co/SuhOBZJxbm"}, {"author_id": 87882675, "id": 1494733676025810944, "text": "RT @dschonbe: Angel on my shoulder: Just mute the word Workday for the next week.\nDevil on the shoulder: Join in on all the tweets dunking\u2026"}, {"author_id": 68775067, "id": 1494732282560540673, "text": "Angel on my shoulder: Just mute the word Workday for the next week.\nDevil on the shoulder: Join in on all the tweets dunking on Workday."}, {"author_id": 799472400, "id": 1494729175093104640, "text": "You the angel on my shoulder when I\u2019m stressing \ud83e\udd0d"}, {"author_id": 75948787, "id": 1494717339031543817, "text": "RT @storagehodl: angel on my shoulder says forgive it\ndevil on my shoulder says curse it\nbrain says i should forget it\ndick says i should f\u2026"}, {"author_id": 1226913516, "id": 1494717060986855424, "text": "RT @storagehodl: angel on my shoulder says forgive it\ndevil on my shoulder says curse it\nbrain says i should forget it\ndick says i should f\u2026"}, {"author_id": 1403807701608579073, "id": 1494716561009135618, "text": "angel on my shoulder says forgive it\ndevil on my shoulder says curse it\nbrain says i should forget it\ndick says i should fuck it\nstomach says i should eat it\nheart says i should love it"}, {"author_id": 1465018105764237315, "id": 1494716364749164547, "text": "@slutty_mae you are an angel you seem to be so fragile asking to lean your head on your shoulder, and even so you like to be anyone's little bitch, you have all my respect and admiration \ud83d\udd25\ud83d\udd25\ud83d\udd25\ud83d\udc9d\ud83d\udc9d\ud83d\udc9d\ud83d\udc9d\ud83d\udc98\ud83d\udc98\ud83e\udd70\ud83e\udd70"}, {"author_id": 1089966840028319745, "id": 1494714919173898244, "text": "RT @ViktorOnee2: \ud83d\udd25The Personal Trainner VIII \ud83d\udd25\n\nHave you seen this part where I give my Spanish student a paws over my shoulder?\n\n\ud83c\udfcb\ufe0f\u200d\u2640\ufe0f\u2026"}, {"author_id": 1349462513839124480, "id": 1494709336215474176, "text": "I have enough trouble controlling my own limbs \n Stealing alcohol from our parents and grandparents \n There\u2019s no devil on one shoulder and angel on the other \n They\u2019re just two normal people"}, {"author_id": 1010266811118555136, "id": 1494688127503552517, "text": "Forget about the devil on my shoulder, I think I got an angel on my sofa"}, {"author_id": 209924428, "id": 1494687640947355656, "text": "RT @capnwatsisname: DEVIL ON ONE SHOULDER: stay in bed \n\nANGEL ON THE OTHER: go to work\n\nYODA ON MY BACK: get up, so heavy you are"}, {"author_id": 1046896919484616704, "id": 1494686257267367940, "text": "RT @capnwatsisname: DEVIL ON ONE SHOULDER: stay in bed \n\nANGEL ON THE OTHER: go to work\n\nYODA ON MY BACK: get up, so heavy you are"}, {"author_id": 172233729, "id": 1494661216886743046, "text": "Angel on my shoulder \u2764\ufe0f #LMoE https://t.co/W8iH06YDTL"}, {"author_id": 1026924362585317377, "id": 1494627798752845827, "text": "@ATSUSHIIST I literally felt an angel\u2019s hand on my shoulder holding me back like it was going to get real wet on the tl \ud83e\udd26\ud83c\udffe"}, {"author_id": 1345220877244375048, "id": 1494626169051824129, "text": "I need a little angel on my shoulder to say this every now and then https://t.co/CfxmESXIGG"}, {"author_id": 1362069950597271552, "id": 1494619064244842509, "text": "i need an angel on my shoulder that tells me i dont need to smoke again but every single alter in my brain is a demon. this is hell"}, {"author_id": 1485631817604648961, "id": 1494589401518780459, "text": "@Deborahmoses_s Lol...I can relate. Although mine wasn't the Holy Spirit, it was an Angel. I had told one of my angels to wake me up by 2 am to pray. At 2 am, I refused to wake up, till I felt a hard slap on my shoulder, and then God said \"that's because you refused to wake up\" \ud83d\ude02\ud83d\ude02"}]