[{"author_id": 1380238349449977859, "id": 1495286926739451908, "text": "RT @TrueNorthCentre: On behalf of a constituent, Conservative MP Colin Carrie asks about the World Economic Forum\u2019s influence on Canadian p\u2026"}, {"author_id": 285631243, "id": 1495286924843438082, "text": "RT @TrueNorthCentre: On behalf of a constituent, Conservative MP Colin Carrie asks about the World Economic Forum\u2019s influence on Canadian p\u2026"}, {"author_id": 1259130000969588737, "id": 1495286763081793539, "text": "RT @jrichASF: So. Ryan Turnbull, MP for Whitby just asked a question about the WEF penetrating our governments cabinet, and interfering in\u2026"}, {"author_id": 139881542, "id": 1495286731846811652, "text": "RT @_LoveMTB_: OKAY, I went back in the CPAC video and found the question about the WEF infiltrating our government as well as Charlie Angu\u2026"}, {"author_id": 788902922113327104, "id": 1495286482193453057, "text": "RT @thereds8: If Charlie Angus votes no, there\u2019s a chance the Bouncy Castles Act won\u2019t pass."}, {"author_id": 1322849383, "id": 1495286295702163459, "text": "RT @TrueNorthCentre: On behalf of a constituent, Conservative MP Colin Carrie asks about the World Economic Forum\u2019s influence on Canadian p\u2026"}, {"author_id": 320081200, "id": 1495286266795278339, "text": "Indeed,  Angus Turner's stated view of bringing forward a taxpayer funded Gas Powered Generator as a reaction to AGL's announcement  - before this takeover move - was/is in tatters.....better call Saul!! Or find a pile of PVR/Wind tubines &amp; batteries in a hurry!!! https://t.co/8nK7eYNzu6"}, {"author_id": 1490055612842987520, "id": 1495286154807156737, "text": "@angus_nfts Idk if youve heard of @wolvesofnftst yet, but theyre hella different! Utility is like no other"}, {"author_id": 1308477756204871687, "id": 1495286049001586691, "text": "RT @TrueNorthCentre: On behalf of a constituent, Conservative MP Colin Carrie asks about the World Economic Forum\u2019s influence on Canadian p\u2026"}, {"author_id": 1458218092849291268, "id": 1495285947214168068, "text": "Angus Taylor probably having a seizure reading this lmao https://t.co/8vjwPbjNOC"}, {"author_id": 1439081875427917832, "id": 1495285755656093696, "text": "RT @TrueNorthCentre: On behalf of a constituent, Conservative MP Colin Carrie asks about the World Economic Forum\u2019s influence on Canadian p\u2026"}, {"author_id": 410301754, "id": 1495285698173325312, "text": "RT @_LoveMTB_: OKAY, I went back in the CPAC video and found the question about the WEF infiltrating our government as well as Charlie Angu\u2026"}, {"author_id": 605438202, "id": 1495285643752054785, "text": "RT @RDNS_TAI: Angus is happy to spend billions of our money subsidising coal &amp; gas, carbon capture &amp; storage and even for business plans fo\u2026"}, {"author_id": 768057095534936064, "id": 1495285642452168704, "text": "RT @BJafari: When AGL told Angus Taylor it was closing Lidell, the federal government responded by playing political games.\n\nWhen Origin to\u2026"}, {"author_id": 609801024, "id": 1495285619920048130, "text": "While I fully expected many within the NDP to continue propping up the Liberals on this most critical of issues, I did not expect Mr. Angus to be one of them.  Despite our differing political stripes, I\u2019ve always had great respect for him.\n\nWhat happened Charlie?  Shameful!! https://t.co/Nc0WApMpqk"}, {"author_id": 11281542, "id": 1495285617072254976, "text": "When Stella and Angus decided to get married, they couldn't wait! Tying the knot in a simple elopement against the golden vineyards, today we share their simple, sweet elopement https://t.co/kcWetthi0w https://t.co/TS3NMHlGJT"}, {"author_id": 2785471832, "id": 1495285613754724353, "text": "RT @OJ_Pocock: Mike Cannon-Brookes and Brookfield putting in a reported $8 billion takeover bid for AGL so they can shut down a few more co\u2026"}, {"author_id": 1482470477528371201, "id": 1495285467406733312, "text": "you\u2019re not allowed to look this good angus \ud83d\ude0d\ud83e\udd75\ud83e\udd24 #anguscloud #fez #euphoria https://t.co/7lOvdYIc1I"}, {"author_id": 1462314828593123332, "id": 1495285408439025665, "text": "RT @dontubullyme: @MerlinofCanada Charlie Angus said it best today, the boohoo generations."}, {"author_id": 1318120662163103747, "id": 1495285179853996034, "text": "RT @profsarahj: So the free market may shut AGL coal earlier. Watch Angus Taylor go all socialist"}, {"author_id": 1491417034759888898, "id": 1495285048072937473, "text": "@sean_burg99 Angus Young \ud83e\udd18\ud83c\udffb"}, {"author_id": 1023634037645234178, "id": 1495284998341120004, "text": "RT @gbrowning101: Earlier: Conservative MP Colin Carrie @ColinCarrieCPC  asks about the World Economic Forum\u2019s influence on Canadian politi\u2026"}, {"author_id": 1493182443603607556, "id": 1495284632576741377, "text": "RT @TrueNorthCentre: On behalf of a constituent, Conservative MP Colin Carrie asks about the World Economic Forum\u2019s influence on Canadian p\u2026"}, {"author_id": 801243969233383428, "id": 1495284604009213954, "text": "RT @thereds8: If Charlie Angus votes no, there\u2019s a chance the Bouncy Castles Act won\u2019t pass."}, {"author_id": 109276631, "id": 1495284522753028099, "text": "RT @TrueNorthCentre: On behalf of a constituent, Conservative MP Colin Carrie asks about the World Economic Forum\u2019s influence on Canadian p\u2026"}, {"author_id": 70374894, "id": 1495284521402773505, "text": "RT @BJafari: When AGL told Angus Taylor it was closing Lidell, the federal government responded by playing political games.\n\nWhen Origin to\u2026"}, {"author_id": 1495277200836374528, "id": 1495284507246747649, "text": "[PDF] Where Gods Fear to Go by Angus Watson https://t.co/ri5YW4nfss"}, {"author_id": 156177513, "id": 1495284398794866691, "text": "So the free market may shut AGL coal earlier. Watch Angus Taylor go all socialist https://t.co/yKxedTM92U"}, {"author_id": 1492725600917749762, "id": 1495284397632671745, "text": "RT @TrueNorthCentre: On behalf of a constituent, Conservative MP Colin Carrie asks about the World Economic Forum\u2019s influence on Canadian p\u2026"}, {"author_id": 1344289905317302273, "id": 1495284389382868995, "text": "angus being so far away looks awkward on the second one but his decoy makes up for it \ud83e\udd27 https://t.co/ToTtIVOMyw"}, {"author_id": 230753998, "id": 1495284371015798785, "text": "RT @TrueNorthCentre: On behalf of a constituent, Conservative MP Colin Carrie asks about the World Economic Forum\u2019s influence on Canadian p\u2026"}, {"author_id": 1331426186602409984, "id": 1495284307664982018, "text": "RT @TrueNorthCentre: On behalf of a constituent, Conservative MP Colin Carrie asks about the World Economic Forum\u2019s influence on Canadian p\u2026"}, {"author_id": 744840375492214786, "id": 1495284299586994179, "text": "RT @OJ_Pocock: Mike Cannon-Brookes and Brookfield putting in a reported $8 billion takeover bid for AGL so they can shut down a few more co\u2026"}, {"author_id": 36541230, "id": 1495284263654248449, "text": "@BrianBailieJr @RealCandaceO There is also apparently an Angus Reid poll out there that shows that over 90% of Canadians support some type of action to have the protesters removed.  Although I have not seen that one.  You can probably find it on their site or google it."}, {"author_id": 1084964226270220289, "id": 1495284232016601089, "text": "RT @maudefiles: maude apatow with angus cloud in new york https://t.co/B4viTOrGC6"}, {"author_id": 1524329449, "id": 1495284215792947201, "text": "RT @RDNS_TAI: Angus is happy to spend billions of our money subsidising coal &amp; gas, carbon capture &amp; storage and even for business plans fo\u2026"}, {"author_id": 312088624, "id": 1495284155013562373, "text": "Everyone waiting for Angus Taylor's meltdown."}, {"author_id": 362257379, "id": 1495284017226256386, "text": "RT @MyNameIsBrianEh: @Norm_So_Great @liz_churchill_ Charlie Angus of the NDP quickly shut it down and dismissed the WEF interference as dis\u2026"}, {"author_id": 54802472, "id": 1495283945520336897, "text": "RT @gbrowning101: Earlier: Conservative MP Colin Carrie @ColinCarrieCPC  asks about the World Economic Forum\u2019s influence on Canadian politi\u2026"}, {"author_id": 22223780, "id": 1495283891787091969, "text": "RT @ebony_bennett: If Angus Taylor was so concerned about electricity prices he would be building huge solar w battery firming (not a gas p\u2026"}, {"author_id": 992612307820793856, "id": 1495283792319291397, "text": "RT @TrueNorthCentre: On behalf of a constituent, Conservative MP Colin Carrie asks about the World Economic Forum\u2019s influence on Canadian p\u2026"}, {"author_id": 613817890, "id": 1495283549322104832, "text": "RT @SweetingElaine: @ScottLucian @Watz_in_ur_Head NOTE: The MP who objected with a point of order and said it was \"misinformation \"was Char\u2026"}, {"author_id": 2723172332, "id": 1495283389317877761, "text": "RT @OJ_Pocock: Mike Cannon-Brookes and Brookfield putting in a reported $8 billion takeover bid for AGL so they can shut down a few more co\u2026"}, {"author_id": 1295930931048415232, "id": 1495283242601447425, "text": "RT @SpeakerForTheD6: @sumeyyailanbey @Paul_Jeffers @theage_photo Angus \"Announced\" less than 10% of it for HIS Electorate!\nPork Barrel!\n$39\u2026"}, {"author_id": 1482762080809799683, "id": 1495283169351901186, "text": "RT @TrueNorthCentre: On behalf of a constituent, Conservative MP Colin Carrie asks about the World Economic Forum\u2019s influence on Canadian p\u2026"}, {"author_id": 1477925378626764804, "id": 1495283146757066754, "text": "RT @bestpedropascal: Pedro Pascal and Angus Cloud for a shooting https://t.co/3r1mTaT3Pt"}, {"author_id": 1459389212071976963, "id": 1495283105678172163, "text": "RT @DonSather2: Wow.  Someone calls out @wef and @ProfKlausSchwab and the @HoCSpeaker did what they always do.  The big pharma rep Charlie\u2026"}, {"author_id": 823445708262895616, "id": 1495283036187164672, "text": "RT @PeterTh70363110: so can Charlie Angus explain how this is disinformation?"}, {"author_id": 851141054057168897, "id": 1495283020416241665, "text": "RT @TrueNorthCentre: On behalf of a constituent, Conservative MP Colin Carrie asks about the World Economic Forum\u2019s influence on Canadian p\u2026"}, {"author_id": 1246011365254291457, "id": 1495282921912995843, "text": "@mcannonbrookes Well done Mike \ud83c\udf1f\ud83c\udf1f\ud83c\udf1f Hope you make Angus cry."}, {"author_id": 1469900574938202116, "id": 1495282914514243584, "text": "RT @RDNS_TAI: Angus is happy to spend billions of our money subsidising coal &amp; gas, carbon capture &amp; storage and even for business plans fo\u2026"}, {"author_id": 1283961213471338496, "id": 1495282811514888194, "text": "RT @TrueNorthCentre: On behalf of a constituent, Conservative MP Colin Carrie asks about the World Economic Forum\u2019s influence on Canadian p\u2026"}, {"author_id": 1306396485810937859, "id": 1495282698901811200, "text": "RT @jrichASF: So. Ryan Turnbull, MP for Whitby just asked a question about the WEF penetrating our governments cabinet, and interfering in\u2026"}, {"author_id": 2827468378, "id": 1495282685937426436, "text": "I know for a fact Angus is good for my mental health. He\u2019s just full of unconditional love \ud83d\udc36\u2665\ufe0f https://t.co/fNJyi67laH https://t.co/V3WwELWonD"}, {"author_id": 866893813221998593, "id": 1495282680002334729, "text": "RT @ebony_bennett: If Angus Taylor was so concerned about electricity prices he would be building huge solar w battery firming (not a gas p\u2026"}, {"author_id": 38591070, "id": 1495282575635619840, "text": "@Gray_Mackenzie @EvanDyerCBC Think about how independent media feels when you don't even acknowledge them as journalists. You reap what you sow. Let's quote Charlie Angus... the \"boo hoo\" generation? \ud83d\ude2d"}, {"author_id": 1362311367596761089, "id": 1495282506756624384, "text": "RT @sunlorrie: Disquiet lingers among some New Democrats over Emergencies Act, despite official party support: \n'We have opened Pandora's b\u2026"}, {"author_id": 1480197559369056262, "id": 1495282483482533888, "text": "RT @gbrowning101: Earlier: Conservative MP Colin Carrie @ColinCarrieCPC  asks about the World Economic Forum\u2019s influence on Canadian politi\u2026"}, {"author_id": 891067071970164736, "id": 1495282483155259398, "text": "RT @TrueNorthCentre: On behalf of a constituent, Conservative MP Colin Carrie asks about the World Economic Forum\u2019s influence on Canadian p\u2026"}, {"author_id": 1210767541364068354, "id": 1495282374363385856, "text": "RT @TrueNorthCentre: On behalf of a constituent, Conservative MP Colin Carrie asks about the World Economic Forum\u2019s influence on Canadian p\u2026"}, {"author_id": 1487998051176226816, "id": 1495282353224048644, "text": "@jordanbpeterson It was shut down by Angus the NDP."}, {"author_id": 243882040, "id": 1495282237126111233, "text": "RT @BJafari: When AGL told Angus Taylor it was closing Lidell, the federal government responded by playing political games.\n\nWhen Origin to\u2026"}, {"author_id": 2156270954, "id": 1495282235921944577, "text": "RT @SpeakerForTheD6: @sumeyyailanbey @Paul_Jeffers @theage_photo Angus \"Announced\" less than 10% of it for HIS Electorate!\nPork Barrel!\n$39\u2026"}, {"author_id": 41486576, "id": 1495282201696473094, "text": "RT @sunlorrie: Disquiet lingers among some New Democrats over Emergencies Act, despite official party support: \n'We have opened Pandora's b\u2026"}, {"author_id": 37408442, "id": 1495282097715507201, "text": "RT @OJ_Pocock: Mike Cannon-Brookes and Brookfield putting in a reported $8 billion takeover bid for AGL so they can shut down a few more co\u2026"}, {"author_id": 831593143216828416, "id": 1495282081525608456, "text": "RT @BeingScots: #OnThisDay in 1980 AC/DC lead singer Bon Scott died, aged just 33, in London. He was born in Scotland and spent the first 6\u2026"}, {"author_id": 986778103518199810, "id": 1495282072184930306, "text": "RT @jrichASF: So. Ryan Turnbull, MP for Whitby just asked a question about the WEF penetrating our governments cabinet, and interfering in\u2026"}, {"author_id": 1634512056, "id": 1495282063594778626, "text": "RT @BJafari: When AGL told Angus Taylor it was closing Lidell, the federal government responded by playing political games.\n\nWhen Origin to\u2026"}, {"author_id": 739445126175428609, "id": 1495282029784551425, "text": "RT @RDNS_TAI: Angus is happy to spend billions of our money subsidising coal &amp; gas, carbon capture &amp; storage and even for business plans fo\u2026"}, {"author_id": 587248862, "id": 1495282019307520000, "text": "RT @RDNS_TAI: Angus is happy to spend billions of our money subsidising coal &amp; gas, carbon capture &amp; storage and even for business plans fo\u2026"}, {"author_id": 1385929934405652480, "id": 1495281934980640772, "text": "I remember about these photos but it didn't ring a bell to me that angus was in it"}, {"author_id": 1323489613630099456, "id": 1495281814507859970, "text": "RT @TrueNorthCentre: On behalf of a constituent, Conservative MP Colin Carrie asks about the World Economic Forum\u2019s influence on Canadian p\u2026"}, {"author_id": 1455233016415068165, "id": 1495281659167576067, "text": "RT @TrueNorthCentre: On behalf of a constituent, Conservative MP Colin Carrie asks about the World Economic Forum\u2019s influence on Canadian p\u2026"}, {"author_id": 2421261619, "id": 1495281644869013504, "text": "RT @krisster8: Charlie Angus WEF globalist ?"}, {"author_id": 991036851623550978, "id": 1495281477084487680, "text": "RT @gbrowning101: Earlier: Conservative MP Colin Carrie @ColinCarrieCPC  asks about the World Economic Forum\u2019s influence on Canadian politi\u2026"}, {"author_id": 3663573613, "id": 1495281463272656896, "text": "RT @TrueNorthCentre: On behalf of a constituent, Conservative MP Colin Carrie asks about the World Economic Forum\u2019s influence on Canadian p\u2026"}, {"author_id": 64499055, "id": 1495281392514703364, "text": "RT @bestpedropascal: Pedro Pascal and Angus Cloud for a shooting https://t.co/3r1mTaT3Pt"}, {"author_id": 609612785, "id": 1495281392359337987, "text": "RT @RDNS_TAI: Angus is happy to spend billions of our money subsidising coal &amp; gas, carbon capture &amp; storage and even for business plans fo\u2026"}, {"author_id": 25482600, "id": 1495281309228302336, "text": "RT @OJ_Pocock: Mike Cannon-Brookes and Brookfield putting in a reported $8 billion takeover bid for AGL so they can shut down a few more co\u2026"}, {"author_id": 1378429165272203269, "id": 1495281246527791105, "text": "RT @TrueNorthCentre: On behalf of a constituent, Conservative MP Colin Carrie asks about the World Economic Forum\u2019s influence on Canadian p\u2026"}, {"author_id": 133708626, "id": 1495281200331636740, "text": "RT @Ravilious1942: Furlongs, Eric Ravilious, 1935. It was painted at fellow artist Peggy Angus\u2019s cottage near Firle looking towards the Sou\u2026"}, {"author_id": 2306243713, "id": 1495281168803057668, "text": "RT @OJ_Pocock: Mike Cannon-Brookes and Brookfield putting in a reported $8 billion takeover bid for AGL so they can shut down a few more co\u2026"}, {"author_id": 1268611957, "id": 1495281071134773248, "text": "@OJ_Pocock @mcannonbrookes Angus Taylor is shown to be left far behind ~ obsolete...!"}, {"author_id": 3711591914, "id": 1495281011240112131, "text": "RT @OJ_Pocock: Mike Cannon-Brookes and Brookfield putting in a reported $8 billion takeover bid for AGL so they can shut down a few more co\u2026"}, {"author_id": 1404838782256312324, "id": 1495280931120160773, "text": "RT @Hawkmoo92418290: Conservative MP Colin Carrie asks about the WEF's  influence on Canadian politicians after a video surfaced showing Kl\u2026"}, {"author_id": 1132315877729329152, "id": 1495280893698711554, "text": "RT @_LoveMTB_: OKAY, I went back in the CPAC video and found the question about the WEF infiltrating our government as well as Charlie Angu\u2026"}, {"author_id": 126075164, "id": 1495280825608413185, "text": "RT @OJ_Pocock: Mike Cannon-Brookes and Brookfield putting in a reported $8 billion takeover bid for AGL so they can shut down a few more co\u2026"}, {"author_id": 2757322786, "id": 1495280762068905984, "text": "RT @TrueNorthCentre: On behalf of a constituent, Conservative MP Colin Carrie asks about the World Economic Forum\u2019s influence on Canadian p\u2026"}]