[{"author_id": 939117673, "id": 1495149312376029186, "text": "@ThatSequelGuy I'm actually planning to watch it soon - and Another Stakeout as well. Miss such movies as much as you do!"}, {"author_id": 467983925, "id": 1494817721078460426, "text": "I was just reminded that Adrian Lyne's INDECENT PROPOSAL (1993) was given a Razzie for Worst Picture. THE *worst* picture of 1993...INDECENT PROPOSAL. I can't even. Not COP AND A HALF. Not SUPER MARIO BROS. Not AMOS AND ANDREW, or ANOTHER STAKEOUT. Oh no! INDECENT PROPOSAL! Wangs"}, {"author_id": 1355076142315671552, "id": 1494656737185452035, "text": "my favourite trope ever is stakeout or criminal buddies getting a hotel and one empties the mini bar and says \"i love these complimentary free snacks\" and another goes \"we have to PAY FOR THOSE\""}, {"author_id": 1273417081497804800, "id": 1494047702749007878, "text": "When had he even had the time? She hadn\u2019t seen much of her boyfriend this week. He was collaborating with another agency to tackle an underground security threat and had been taking on nonstop canvassing and stakeout shifts with Kirishima and Midoriya."}, {"author_id": 14624856, "id": 1494006778308308997, "text": "@SuseRichards Stakeout\nWhat About Bob?\nClose Encounters\nMr Hollands Opus\nAnother Stakeout"}, {"author_id": 22216356, "id": 1493703965187493888, "text": "@cstevenson7 @airchive @WBZNightside \"Television reports lead exciting lives....\" they mumble as they sit in the cold rain on hour 8 of yet another stakeout, while the newsroom is eating cake and pizza."}, {"author_id": 1121534360924999685, "id": 1493616048154845192, "text": "Good morning! \ud83c\udf1e another serve done   \u2705 on to the next! #werecomingforyou #tuesdaymotivation #morningmotivation #stakeout #gettingthejobdone #earlybird #dayornight #wegetitdone https://t.co/YKsPDuo97J"}, {"author_id": 905265391, "id": 1493356976272601092, "text": "@RichardDreyfuss @IL0VEthe80s Jaws, Close Encounters, and Another Stakeout. \u2764\ufe0f"}, {"author_id": 1491115689301532672, "id": 1493060479333273600, "text": "@elonmusk YO WHY YOU LOOK SO CUTE LIKE EMILIO ESTEVEZ IN THAT MOVIE ANOTHER STAKEOUT BUY MY NFT MELON\n\nhttps://t.co/Yc1x1pbOHs"}]