[{"author_id": 914830698, "id": 1495284703233929216, "text": "RT @howlbeomgyu: MOAS!! this is Taehyun with Lena. Lena\u2019s group, GWSN, are in a tough situation, their company is bad at managing them, the\u2026"}, {"author_id": 906300242018095104, "id": 1495284699064852486, "text": "RT @howlbeomgyu: MOAS!! this is Taehyun with Lena. Lena\u2019s group, GWSN, are in a tough situation, their company is bad at managing them, the\u2026"}, {"author_id": 1389630018372857858, "id": 1495284590960803845, "text": "RT @howlbeomgyu: MOAS!! this is Taehyun with Lena. Lena\u2019s group, GWSN, are in a tough situation, their company is bad at managing them, the\u2026"}, {"author_id": 1412335038302101504, "id": 1495284515530416131, "text": "RT @howlbeomgyu: MOAS!! this is Taehyun with Lena. Lena\u2019s group, GWSN, are in a tough situation, their company is bad at managing them, the\u2026"}, {"author_id": 949094718, "id": 1495284503996211201, "text": "@boironattorney A company cannot solve all of industry's problems, but it can do responsible thing by its users. There is no group responsibility, TOS or liability disclaimer to absolve anyone from their business practices. Leaving noobs to fend for themselves is not just \"bad look.\""}, {"author_id": 1474975288496832512, "id": 1495284454004121602, "text": "RT @howlbeomgyu: MOAS!! this is Taehyun with Lena. Lena\u2019s group, GWSN, are in a tough situation, their company is bad at managing them, the\u2026"}, {"author_id": 3952454895, "id": 1495284431661289475, "text": "RT @howlbeomgyu: MOAS!! this is Taehyun with Lena. Lena\u2019s group, GWSN, are in a tough situation, their company is bad at managing them, the\u2026"}, {"author_id": 1317129689148870657, "id": 1495284410912067584, "text": "RT @howlbeomgyu: MOAS!! this is Taehyun with Lena. Lena\u2019s group, GWSN, are in a tough situation, their company is bad at managing them, the\u2026"}, {"author_id": 1460198982764793857, "id": 1495284408470827010, "text": "RT @howlbeomgyu: MOAS!! this is Taehyun with Lena. Lena\u2019s group, GWSN, are in a tough situation, their company is bad at managing them, the\u2026"}, {"author_id": 1475970293147607046, "id": 1495284353793941508, "text": "Wishing that someone, or company would exercise a major clean-up on the internet to remove the trash found out here. To much trash on the internet, gives the internet a bad rap for the good developers trying to make a difference. @tim_cook"}, {"author_id": 1436217244170686466, "id": 1495284189360705540, "text": "RT @howlbeomgyu: MOAS!! this is Taehyun with Lena. Lena\u2019s group, GWSN, are in a tough situation, their company is bad at managing them, the\u2026"}, {"author_id": 1425019723335577600, "id": 1495284111295934472, "text": "RT @howlbeomgyu: MOAS!! this is Taehyun with Lena. Lena\u2019s group, GWSN, are in a tough situation, their company is bad at managing them, the\u2026"}, {"author_id": 230500033, "id": 1495283946166304768, "text": "RT @Artemisia12_: It\u2019s better to be alone that in bad company\ud83c\udf3f https://t.co/Y3gl9dOB4W"}, {"author_id": 1040660332535005184, "id": 1495283881876017152, "text": "RT @Stoute_SA: Naspers is a parent company to Multichoice and Media24 which houses publications like News24 and City Press amongst others.\u2026"}, {"author_id": 1415322907748700163, "id": 1495283841161842691, "text": "RT @howlbeomgyu: MOAS!! this is Taehyun with Lena. Lena\u2019s group, GWSN, are in a tough situation, their company is bad at managing them, the\u2026"}, {"author_id": 1432713922109448204, "id": 1495283697762721792, "text": "RT @howlbeomgyu: MOAS!! this is Taehyun with Lena. Lena\u2019s group, GWSN, are in a tough situation, their company is bad at managing them, the\u2026"}, {"author_id": 1194027645153009666, "id": 1495283601461714945, "text": "RT @howlbeomgyu: MOAS!! this is Taehyun with Lena. Lena\u2019s group, GWSN, are in a tough situation, their company is bad at managing them, the\u2026"}, {"author_id": 1309150877006147584, "id": 1495283452869890052, "text": "RT @howlbeomgyu: MOAS!! this is Taehyun with Lena. Lena\u2019s group, GWSN, are in a tough situation, their company is bad at managing them, the\u2026"}, {"author_id": 1350198196744511490, "id": 1495283341972496385, "text": "RT @howlbeomgyu: MOAS!! this is Taehyun with Lena. Lena\u2019s group, GWSN, are in a tough situation, their company is bad at managing them, the\u2026"}, {"author_id": 1101490372662910976, "id": 1495283316509257732, "text": "RT @howlbeomgyu: MOAS!! this is Taehyun with Lena. Lena\u2019s group, GWSN, are in a tough situation, their company is bad at managing them, the\u2026"}, {"author_id": 3941607738, "id": 1495283315124940803, "text": "Ohh Jesus, Columbus come outta me real bad in mixed company."}, {"author_id": 1279297199289974785, "id": 1495283291368280070, "text": "RT @howlbeomgyu: MOAS!! this is Taehyun with Lena. Lena\u2019s group, GWSN, are in a tough situation, their company is bad at managing them, the\u2026"}, {"author_id": 1171304926829527040, "id": 1495283191996899329, "text": "RT @TripleInsan: #SpiritualSunday The Saint Gurmeet Ram Rahim ji urges the followers to avoid bad company and to follow the footsteps of th\u2026"}, {"author_id": 711912681238716416, "id": 1495283069669965825, "text": "RT @howlbeomgyu: MOAS!! this is Taehyun with Lena. Lena\u2019s group, GWSN, are in a tough situation, their company is bad at managing them, the\u2026"}, {"author_id": 1079059367251595266, "id": 1495283046857256960, "text": "RT @howlbeomgyu: MOAS!! this is Taehyun with Lena. Lena\u2019s group, GWSN, are in a tough situation, their company is bad at managing them, the\u2026"}, {"author_id": 1487784717399183361, "id": 1495283043132575744, "text": "RT @howlbeomgyu: MOAS!! this is Taehyun with Lena. Lena\u2019s group, GWSN, are in a tough situation, their company is bad at managing them, the\u2026"}, {"author_id": 1486403409083514881, "id": 1495282923573952512, "text": "@TheAnglodox @_La_Griffe_ I dont think the reason of her death is she said mean things, but is a result of bad company. How are you not insane to take money from online randos, hook up with them etc. 9/10 you will get away. This is the 1/10 story."}, {"author_id": 1172189142484017152, "id": 1495282901583228930, "text": "@MrAmosBurton @ian_allsop @sportbible Also mention: Thomas Muller, Ronaldo. Not bad company as you say."}, {"author_id": 1192719599730491392, "id": 1495282897195986946, "text": "RT @howlbeomgyu: MOAS!! this is Taehyun with Lena. Lena\u2019s group, GWSN, are in a tough situation, their company is bad at managing them, the\u2026"}, {"author_id": 1284793120220037124, "id": 1495282878934306817, "text": "RT @howlbeomgyu: MOAS!! this is Taehyun with Lena. Lena\u2019s group, GWSN, are in a tough situation, their company is bad at managing them, the\u2026"}, {"author_id": 1422752810370670592, "id": 1495282822558683136, "text": "RT @howlbeomgyu: MOAS!! this is Taehyun with Lena. Lena\u2019s group, GWSN, are in a tough situation, their company is bad at managing them, the\u2026"}, {"author_id": 395734398, "id": 1495282757408378880, "text": "I haven\u2019t given a single shit about the Battlefield franchise in years, and I won\u2019t until @EA makes Bad Company 3."}, {"author_id": 1433156245939179524, "id": 1495282710847229953, "text": "RT @howlbeomgyu: MOAS!! this is Taehyun with Lena. Lena\u2019s group, GWSN, are in a tough situation, their company is bad at managing them, the\u2026"}, {"author_id": 1428175345950199810, "id": 1495282630064885764, "text": "RT @howlbeomgyu: MOAS!! this is Taehyun with Lena. Lena\u2019s group, GWSN, are in a tough situation, their company is bad at managing them, the\u2026"}, {"author_id": 1456512680357924868, "id": 1495282549983174659, "text": "RT @funshographix: Don't let anyone make you feel guilty for not believing in Nigeria. Don't let anyone make you feel bad for standing agai\u2026"}, {"author_id": 1442688919636643840, "id": 1495282455183753221, "text": "RT @howlbeomgyu: MOAS!! this is Taehyun with Lena. Lena\u2019s group, GWSN, are in a tough situation, their company is bad at managing them, the\u2026"}, {"author_id": 873785484446752768, "id": 1495282236245041154, "text": "RT @BWDBlackWrestl1: If a wrestling company can go through so many good and bad times of lasting for almost 20 years. Well damn it @IMPACTW\u2026"}, {"author_id": 1326439132806012931, "id": 1495282178338729986, "text": "RT @howlbeomgyu: MOAS!! this is Taehyun with Lena. Lena\u2019s group, GWSN, are in a tough situation, their company is bad at managing them, the\u2026"}, {"author_id": 757820695669723137, "id": 1495282145765441536, "text": "RT @frenzichalshire: My love language emphasizes quality time. I'm over the moon when I can have a date that feels tranquil and supportive;\u2026"}, {"author_id": 944258384685096962, "id": 1495282096096563203, "text": "@Br0YES Tbh I looked it it. You're giving new grounds users fuck tons of money and it's from Kickstarter. You're basically asking for a bad time. \n\nI always assumed it was an actual already existing company with like some type of rep not new grounds. \n\nLike rip money"}, {"author_id": 1280656564936982529, "id": 1495282076652027905, "text": "RT @howlbeomgyu: MOAS!! this is Taehyun with Lena. Lena\u2019s group, GWSN, are in a tough situation, their company is bad at managing them, the\u2026"}, {"author_id": 1309316929346179072, "id": 1495282049766379520, "text": "@Richard_thaler1 @AkshatSaraf @jack Kugou was created by a WeChat social platform outsourcing company in China. It is only used by Chinese people. Like WeChat, it has a dictatorial monopoly on the market.  The sound quality is too bad.  But the Chinese have no choice."}, {"author_id": 1272094618188828673, "id": 1495282021182373889, "text": "RT @howlbeomgyu: MOAS!! this is Taehyun with Lena. Lena\u2019s group, GWSN, are in a tough situation, their company is bad at managing them, the\u2026"}, {"author_id": 1340240216662048770, "id": 1495281948234715143, "text": "RT @___rajwinder128: Your company has a drastic effect on you. Good company has the power to bring out the best in you. While the bad compa\u2026"}, {"author_id": 1459712671092146178, "id": 1495281905893519362, "text": "@HDFCERGOGIC This company is very bad I don't like this company.... My cleam is pending last 13 month but no any bady action this cleam 8604679505"}, {"author_id": 1292883427406917632, "id": 1495281853246296065, "text": "RT @howlbeomgyu: MOAS!! this is Taehyun with Lena. Lena\u2019s group, GWSN, are in a tough situation, their company is bad at managing them, the\u2026"}, {"author_id": 4226325544, "id": 1495281848498503680, "text": "RT @Stoute_SA: Naspers is a parent company to Multichoice and Media24 which houses publications like News24 and City Press amongst others.\u2026"}, {"author_id": 1141655772138311680, "id": 1495281839640281092, "text": "RT @howlbeomgyu: MOAS!! this is Taehyun with Lena. Lena\u2019s group, GWSN, are in a tough situation, their company is bad at managing them, the\u2026"}, {"author_id": 1340240216662048770, "id": 1495281777551626247, "text": "RT @TripleInsan: #SpiritualSunday The Saint Gurmeet Ram Rahim ji urges the followers to avoid bad company and to follow the footsteps of th\u2026"}, {"author_id": 1014767487173439488, "id": 1495281766436900870, "text": "RT @ChrisExcel102: Name a company that has bad service towards back people like @Momentum_za   I'll wait. https://t.co/BKaNSEjZfV"}, {"author_id": 1313977337688416257, "id": 1495281669410267138, "text": "RT @howlbeomgyu: MOAS!! this is Taehyun with Lena. Lena\u2019s group, GWSN, are in a tough situation, their company is bad at managing them, the\u2026"}, {"author_id": 1422279739444707337, "id": 1495281663286333441, "text": "@JDfromNY206 It's bad enough for Lashley to lose his title, but now this. Anyone that's still defending a dumbass wrestling company that can't do anything right is a fool. I have no hopes for Mania at the moment and this is becoming pathetic. Here's for a quick recovery from Lashley."}, {"author_id": 1453162138260832256, "id": 1495281566775271424, "text": "RT @howlbeomgyu: MOAS!! this is Taehyun with Lena. Lena\u2019s group, GWSN, are in a tough situation, their company is bad at managing them, the\u2026"}, {"author_id": 3067390639, "id": 1495281452812013569, "text": "RT @abbsreeder: Get out of that toxic relationship and be single. Being single is better than being in bad company of someone who doesn\u2019t l\u2026"}, {"author_id": 1479176297444118531, "id": 1495281429030178822, "text": "RT @howlbeomgyu: MOAS!! this is Taehyun with Lena. Lena\u2019s group, GWSN, are in a tough situation, their company is bad at managing them, the\u2026"}, {"author_id": 584571945, "id": 1495281306078523392, "text": "RT @Stoute_SA: Naspers is a parent company to Multichoice and Media24 which houses publications like News24 and City Press amongst others.\u2026"}, {"author_id": 2888667924, "id": 1495281292258471940, "text": "RT @___rajwinder128: Your company has a drastic effect on you. Good company has the power to bring out the best in you. While the bad compa\u2026"}, {"author_id": 1339486798158946306, "id": 1495281228299264002, "text": "RT @howlbeomgyu: MOAS!! this is Taehyun with Lena. Lena\u2019s group, GWSN, are in a tough situation, their company is bad at managing them, the\u2026"}, {"author_id": 1460655281105477634, "id": 1495281060606795777, "text": "RT @Stoute_SA: Naspers is a parent company to Multichoice and Media24 which houses publications like News24 and City Press amongst others.\u2026"}, {"author_id": 1247003701018914816, "id": 1495281054919557126, "text": "RT @howlbeomgyu: MOAS!! this is Taehyun with Lena. Lena\u2019s group, GWSN, are in a tough situation, their company is bad at managing them, the\u2026"}, {"author_id": 1468291393122889728, "id": 1495281035604549635, "text": "@wirekidd I am literally never gonna be prepared for how bad Mario will be\n\nLike, Nintendo is either extremely hands off or has people in every corner of that company grooming them into not making drivel"}, {"author_id": 1236961264481509376, "id": 1495281017329958913, "text": "RT @howlbeomgyu: MOAS!! this is Taehyun with Lena. Lena\u2019s group, GWSN, are in a tough situation, their company is bad at managing them, the\u2026"}, {"author_id": 1468471512353361921, "id": 1495280979036225537, "text": "RT @howlbeomgyu: MOAS!! this is Taehyun with Lena. Lena\u2019s group, GWSN, are in a tough situation, their company is bad at managing them, the\u2026"}, {"author_id": 1297777493647138816, "id": 1495280684293771264, "text": "RT @howlbeomgyu: MOAS!! this is Taehyun with Lena. Lena\u2019s group, GWSN, are in a tough situation, their company is bad at managing them, the\u2026"}, {"author_id": 1106834021659627522, "id": 1495280592203788288, "text": "RT @Stoute_SA: Naspers is a parent company to Multichoice and Media24 which houses publications like News24 and City Press amongst others.\u2026"}, {"author_id": 1094610674854973441, "id": 1495280509554806787, "text": "RT @howlbeomgyu: MOAS!! this is Taehyun with Lena. Lena\u2019s group, GWSN, are in a tough situation, their company is bad at managing them, the\u2026"}, {"author_id": 1465952105110323207, "id": 1495280508607283200, "text": "RT @howlbeomgyu: MOAS!! this is Taehyun with Lena. Lena\u2019s group, GWSN, are in a tough situation, their company is bad at managing them, the\u2026"}, {"author_id": 1221149151708303362, "id": 1495280467129651203, "text": "RT @howlbeomgyu: MOAS!! this is Taehyun with Lena. Lena\u2019s group, GWSN, are in a tough situation, their company is bad at managing them, the\u2026"}, {"author_id": 1338641478470418437, "id": 1495280457096720386, "text": "RT @howlbeomgyu: MOAS!! this is Taehyun with Lena. Lena\u2019s group, GWSN, are in a tough situation, their company is bad at managing them, the\u2026"}, {"author_id": 1246646255234637824, "id": 1495280402952785921, "text": "RT @___rajwinder128: Your company has a drastic effect on you. Good company has the power to bring out the best in you. While the bad compa\u2026"}, {"author_id": 1293089390093205504, "id": 1495280395037724675, "text": "RT @___rajwinder128: Your company has a drastic effect on you. Good company has the power to bring out the best in you. While the bad compa\u2026"}, {"author_id": 1381434341968986113, "id": 1495280270831980545, "text": "RT @howlbeomgyu: MOAS!! this is Taehyun with Lena. Lena\u2019s group, GWSN, are in a tough situation, their company is bad at managing them, the\u2026"}, {"author_id": 1475843153303384067, "id": 1495280123930685440, "text": "RT @howlbeomgyu: MOAS!! this is Taehyun with Lena. Lena\u2019s group, GWSN, are in a tough situation, their company is bad at managing them, the\u2026"}, {"author_id": 1282076963851706368, "id": 1495280001603837952, "text": "RT @howlbeomgyu: MOAS!! this is Taehyun with Lena. Lena\u2019s group, GWSN, are in a tough situation, their company is bad at managing them, the\u2026"}, {"author_id": 1462473946989744141, "id": 1495279985824722945, "text": "RT @howlbeomgyu: MOAS!! this is Taehyun with Lena. Lena\u2019s group, GWSN, are in a tough situation, their company is bad at managing them, the\u2026"}, {"author_id": 1416974563041189890, "id": 1495279979466465280, "text": "RT @howlbeomgyu: MOAS!! this is Taehyun with Lena. Lena\u2019s group, GWSN, are in a tough situation, their company is bad at managing them, the\u2026"}, {"author_id": 250706818, "id": 1495279972532961282, "text": "@NetMeds I think company should improve services regarding delivery. Offering discount not solution of bad service."}, {"author_id": 546799026, "id": 1495279967470440449, "text": "@StevenWoosnam @NissenWayne @Sysngn @AlboMP The veto was there to use, rather they attacked the Victorian premier\u2019s Belt and road and ignored the Darwin question. Paine said it involved a private company. Lol, they knew it was politics to go Andrews at the time. Really bad security judgment."}, {"author_id": 775784151257587712, "id": 1495279962261266434, "text": "RT @Stoute_SA: Naspers is a parent company to Multichoice and Media24 which houses publications like News24 and City Press amongst others.\u2026"}, {"author_id": 1435648688806764551, "id": 1495279961053478914, "text": "RT @howlbeomgyu: MOAS!! this is Taehyun with Lena. Lena\u2019s group, GWSN, are in a tough situation, their company is bad at managing them, the\u2026"}, {"author_id": 1361240515170234372, "id": 1495279937758113797, "text": "RT @howlbeomgyu: MOAS!! this is Taehyun with Lena. Lena\u2019s group, GWSN, are in a tough situation, their company is bad at managing them, the\u2026"}, {"author_id": 52610549, "id": 1495279892501569539, "text": "RT @Pastor_Gabe: Teach your sons to:\n-control his eyes and thoughts (Job 31:1)\n-beware of loose women (Proverbs 5)\n-honor women as weaker v\u2026"}, {"author_id": 918823484817522688, "id": 1495279754437853186, "text": "RT @howlbeomgyu: MOAS!! this is Taehyun with Lena. Lena\u2019s group, GWSN, are in a tough situation, their company is bad at managing them, the\u2026"}, {"author_id": 4712751465, "id": 1495279669595316228, "text": "After a long day of fun with @JustJenwith1n in #Milwaukee we are ending the night at @BrewhouseInn . Love this spot, cool building! And my company isn\u2019t bad either! #brewers #birthdaygirl #birthday https://t.co/W3X5dCWiJG"}, {"author_id": 1447040346895130625, "id": 1495279638989447169, "text": "RT @howlbeomgyu: MOAS!! this is Taehyun with Lena. Lena\u2019s group, GWSN, are in a tough situation, their company is bad at managing them, the\u2026"}, {"author_id": 1395391358831976452, "id": 1495279617057648642, "text": "@Alice89348212 @Harjind51464017 @DSSNewsUpdates Absolutely right.\nSaint Gurmeet Ram Rahim ji urges the followers to avoid bad company and to follow the footsteps of the saints so that the life of a human being can be filled with happiness.\n@DSSNewsUpdates \n#SpiritualSunday \n@Gurmeetramrahim singh ji insan"}, {"author_id": 1489675467841961986, "id": 1495279603669094403, "text": "RT @howlbeomgyu: MOAS!! this is Taehyun with Lena. Lena\u2019s group, GWSN, are in a tough situation, their company is bad at managing them, the\u2026"}, {"author_id": 1395391358831976452, "id": 1495279569682956288, "text": "@SimranI62027617 @Harjind51464017 @DSSNewsUpdates Absolutely right.\nSaint Gurmeet Ram Rahim ji urges the followers to avoid bad company and to follow the footsteps of the saints so that the life of a human being can be filled with happiness.\n@DSSNewsUpdates \n#SpiritualSunday \n@Gurmeetramrahim singh ji insan"}, {"author_id": 1395391358831976452, "id": 1495279533913960449, "text": "@Kashish__1007 @Harjind51464017 @DSSNewsUpdates @Gurmeetramrahim @derasachasauda Absolutely right.\nSaint Gurmeet Ram Rahim ji urges the followers to avoid bad company and to follow the footsteps of the saints so that the life of a human being can be filled with happiness.\n@DSSNewsUpdates \n#SpiritualSunday \n@Gurmeetramrahim singh ji insan"}, {"author_id": 1395391358831976452, "id": 1495279487755636739, "text": "@ritesh497 @Mr_MohitKushwah Absolutely right.\nSaint Gurmeet Ram Rahim ji urges the followers to avoid bad company and to follow the footsteps of the saints so that the life of a human being can be filled with happiness.\n@DSSNewsUpdates \n#SpiritualSunday \n@Gurmeetramrahim singh ji insan"}, {"author_id": 1252966065593888768, "id": 1495279472525860865, "text": "RT @howlbeomgyu: MOAS!! this is Taehyun with Lena. Lena\u2019s group, GWSN, are in a tough situation, their company is bad at managing them, the\u2026"}, {"author_id": 1395391358831976452, "id": 1495279452666081280, "text": "@Gurnoor41281720 @Harjind51464017 @Gurmeetramrahim Absolutely right.\nSaint Gurmeet Ram Rahim ji urges the followers to avoid bad company and to follow the footsteps of the saints so that the life of a human being can be filled with happiness.\n@DSSNewsUpdates \n#SpiritualSunday \n@Gurmeetramrahim singh ji insan"}, {"author_id": 1442450636604252177, "id": 1495279435515248646, "text": "RT @howlbeomgyu: MOAS!! this is Taehyun with Lena. Lena\u2019s group, GWSN, are in a tough situation, their company is bad at managing them, the\u2026"}, {"author_id": 1421993125, "id": 1495279426413613057, "text": "RT @howlbeomgyu: MOAS!! this is Taehyun with Lena. Lena\u2019s group, GWSN, are in a tough situation, their company is bad at managing them, the\u2026"}, {"author_id": 1395391358831976452, "id": 1495279418050506755, "text": "@SocialW71371814 @SumitInsan98 @DSSNewsUpdates Absolutely right.\nSaint Gurmeet Ram Rahim ji urges the followers to avoid bad company and to follow the footsteps of the saints so that the life of a human being can be filled with happiness.\n@DSSNewsUpdates \n#SpiritualSunday \n@Gurmeetramrahim singh ji insan"}, {"author_id": 1395391358831976452, "id": 1495279353055559682, "text": "@__iMVishal Absolutely right.\nSaint Gurmeet Ram Rahim ji urges the followers to avoid bad company and to follow the footsteps of the saints so that the life of a human being can be filled with happiness.\n@DSSNewsUpdates \n#SpiritualSunday \n@Gurmeetramrahim singh ji insan"}, {"author_id": 910266383409098752, "id": 1495279348252766214, "text": "RT @Pastor_Gabe: Teach your sons to:\n-control his eyes and thoughts (Job 31:1)\n-beware of loose women (Proverbs 5)\n-honor women as weaker v\u2026"}, {"author_id": 1395391358831976452, "id": 1495279262454382592, "text": "@MrPrem_Kmr @Mr_MohitKushwah Saint Gurmeet Ram Rahim ji urges the followers to avoid bad company and to follow the footsteps of the saints so that the life of a human being can be filled with happiness.\n@DSSNewsUpdates \n#SpiritualSunday \n@Gurmeetramrahim singh ji insan https://t.co/LIcmcFNJxm"}, {"author_id": 1417322063082123265, "id": 1495279203356319745, "text": "RT @howlbeomgyu: MOAS!! this is Taehyun with Lena. Lena\u2019s group, GWSN, are in a tough situation, their company is bad at managing them, the\u2026"}, {"author_id": 1046097322176786432, "id": 1495279129477877773, "text": "RT @howlbeomgyu: MOAS!! this is Taehyun with Lena. Lena\u2019s group, GWSN, are in a tough situation, their company is bad at managing them, the\u2026"}]