[{"author_id": 213930032, "id": 1495288529307324422, "text": "RT @itsboomilton: BATON ROUGE &amp; SURROUNDING AREAS \u203c\ufe0f\u203c\ufe0f\u203c\ufe0f https://t.co/OM6Y6OOWt6"}, {"author_id": 186992647, "id": 1495288500140265482, "text": "RT @itsboomilton: BATON ROUGE &amp; SURROUNDING AREAS \u203c\ufe0f\u203c\ufe0f\u203c\ufe0f https://t.co/OM6Y6OOWt6"}, {"author_id": 330077903, "id": 1495288043254820865, "text": "@seaux_kali throw that AWAY !! I got mine from Hair Crown a hair store out here in Baton Rouge.. i was skeptical about getting it but it\u2019s the right one.. you could order the 5lb one from Amazon or ..iono if you know Bean the Barber he in laplace but he sells the real one too"}, {"author_id": 805110327255908352, "id": 1495285310829248514, "text": "RT @itsboomilton: BATON ROUGE &amp; SURROUNDING AREAS \u203c\ufe0f\u203c\ufe0f\u203c\ufe0f https://t.co/OM6Y6OOWt6"}, {"author_id": 2926693588, "id": 1495282514717458433, "text": "I feel like this have been the worst trip to Baton Rouge ."}, {"author_id": 1246608984703975425, "id": 1495279274068267011, "text": "Trust me men, people who bash men for lil things  are way more dangerous then they appear. No one will make this girl accountable but the law and even then we already know the knight and shining armors that gonna defend her. Smh save yourself fellas \n\nhttps://t.co/njvF3diXva"}, {"author_id": 1493702423415824386, "id": 1495279223178731533, "text": "Message to MSG \u2721\ufe0f CCD \u2721\ufe0f and etc \u2721\ufe0f blocks that fucks with them You Know I Ain't Scared Whop Beezy ft Boosie Badazz\ud83d\udd25\ud83c\udf0e see my nigga Lucifer aka Kentrell Desean Gaulden around the corner in Natchez Mississippi from baton rouge Louisiana think everyone pussy call me Ted"}, {"author_id": 1392650512630259714, "id": 1495276373761474566, "text": "@drocx9 @beaugbowden @barstoolsports @LSUBarstool Lol LSU has ALWAYS packed the pmac for gymnastics well before @livvydunne got to Baton Rouge"}, {"author_id": 1193012154909233153, "id": 1495273179304153094, "text": "RT @Jnasty3xxx: I wanted that Baton Rouge Pussy\ud83d\udca6 and she wanted this Bama Dick\ud83d\ude08\n\n@MulaMiaXXX \n\n\ud83d\udd25LIT CONTENT ONLY\ud83d\udd25\n\nMore Content Click The L\u2026"}, {"author_id": 1209630481551183874, "id": 1495272722284396548, "text": "Examples of prayer!\nListen to Rev. I. L. Hammond Pastor of Neely Church in Baton Rouge, Louisiana https://t.co/gQayCKdepw"}, {"author_id": 1247600228963737600, "id": 1495272616986390528, "text": "Anybody in New Orleans that wants to go to the Baton Rouge showing of the BTS live concert on march 12!!!???"}, {"author_id": 1345931720885821441, "id": 1495271000216276993, "text": "8PM in Baton Rouge"}, {"author_id": 1427251452142145536, "id": 1495269639961686016, "text": "RT @dasouthexposed: Rapper from Baton Rouge gets freaky\ud83e\udd75 https://t.co/b4bBbgMOsC"}, {"author_id": 1315504870120660992, "id": 1495269525926858752, "text": "You would absolutely hate Baton Rouge https://t.co/uCMcFixX90"}, {"author_id": 1325627118697459712, "id": 1495268913273262080, "text": "RT @itsboomilton: BATON ROUGE &amp; SURROUNDING AREAS \u203c\ufe0f\u203c\ufe0f\u203c\ufe0f https://t.co/OM6Y6OOWt6"}, {"author_id": 1350796090803675140, "id": 1495268313923997703, "text": "RT @dasouthexposed: Rapper from Baton Rouge gets freaky\ud83e\udd75 https://t.co/b4bBbgMOsC"}, {"author_id": 721136866636931072, "id": 1495267088126066690, "text": "RT @NickHarris247: Baton Rouge (La.) Woodlawn 4 \u2b50\ufe0f CB Jordan Matthews is in Houston playing solid at corner with @F3Elite7v7.\n\nA top 10 lis\u2026"}, {"author_id": 1437913115312726017, "id": 1495265755650220035, "text": "RT @Jnasty3xxx: I wanted that Baton Rouge Pussy\ud83d\udca6 and she wanted this Bama Dick\ud83d\ude08\n\n@MulaMiaXXX \n\n\ud83d\udd25LIT CONTENT ONLY\ud83d\udd25\n\nMore Content Click The L\u2026"}, {"author_id": 16102208, "id": 1495265708401479688, "text": "Police in Louisiana said they have arrested a 14-year-old girl for soliciting murder: https://t.co/nTVrvu9j1h\n\nPolice say she tried to hire a hitman online to kill her ex-boyfriend \u2014 another 14-year-old who had broken up with her that day."}, {"author_id": 36840207, "id": 1495264088276021253, "text": "I should\u2019ve went to Baton Rouge"}, {"author_id": 81776458, "id": 1495263951151681537, "text": "Baton Rouge area Missing Child: \nMy heart breaks watching this mother search for her son day in and out...My God... each day and hour that goes by is painful. If you can help in any way to assist with search efforts please join in. \n#bringdonovanhome https://t.co/NBLlnYDhtz"}, {"author_id": 4062107219, "id": 1495263686990221312, "text": "RT @tinesstarttoart: Video is now uploaded on Rumble, please go check it out if you have not already done so.\n#NewVideo #NewVideoAlert\n#con\u2026"}, {"author_id": 1230598908369305601, "id": 1495263579368529929, "text": "Video is now uploaded on Rumble, please go check it out if you have not already done so.\n#NewVideo #NewVideoAlert\n#contentcreation #channel\n#neworlean #BatonRouge\n#moving #hotel #rumble\nhttps://t.co/BaKF584EGW"}, {"author_id": 14592409, "id": 1495261971612057601, "text": "Saturday evening firefighters responded to a house fire on Walnut Street that they believe started from the improper discarding of something combustible, according to Baton Rouge Fire Department. https://t.co/U8cXnAZAxO"}, {"author_id": 1093609526983618561, "id": 1495261564978483201, "text": "RT @UPS_Foundation: UPSer James \"Big Brown\" Joseph helped coordinate $1.5 million worth of surplus PPE to be delivered to East Baton Rouge\u2026"}, {"author_id": 240317693, "id": 1495260499151364103, "text": "@the1nonlycoop I know for sure Baton Rouge.  It was changed around 1998 I believe"}, {"author_id": 3070248920, "id": 1495260284738539524, "text": "@ATLUncensored She's not wrong... Gwinnett is not Atlanta it's a suburb, a rough one over here long on the east side but a burb nonetheless, I'm originally from Greenville, Mississippi by way of Baton Rouge, Louisiana!"}, {"author_id": 1491776087684104193, "id": 1495258940237565966, "text": "RT @FrontendLA: #BatonRouge #jobs #hiring #opportunity @ Franciscan Missionaries of Our Lady Health System (Baton Rouge, LA) - Certified Nu\u2026"}, {"author_id": 875107384535900161, "id": 1495258683739103233, "text": "#BatonRouge #jobs #hiring #opportunity @ Franciscan Missionaries of Our Lady Health System (Baton Rouge, LA) - Certified Nursing Assistant https://t.co/NtMiWFMRGu"}, {"author_id": 531615577, "id": 1495257370452283396, "text": "RT @BRCC_Baseball: Baton Rouge Bears split the day with the St Louis Archers.\nBoth clubs will be back at it tomorrow to conclude the series\u2026"}, {"author_id": 788756236649033729, "id": 1495257360494960643, "text": "Baton Rouge Bears split the day with the St Louis Archers.\nBoth clubs will be back at it tomorrow to conclude the series with a doubleheader starting at 12 pm at Pete Goldsby Field.\n\n#burnem #clawup https://t.co/E20pOfObbl"}, {"author_id": 19204666, "id": 1495256530714828800, "text": "So, because I\u2019m working in Baton Rouge on the day of the primary, I sent in an application to vote by mail. \n\nIt was rejected. \n\nThe two reasons given were 1) I didn\u2019t choose which primary I wanted to vote in (which is a lie), /1"}, {"author_id": 350589488, "id": 1495254321277153282, "text": "@CincyTron As an LSU fan who watched what he did here in Baton Rouge, I can assure he is not overrated, and he also had the reputation as working the hardest being prepared for the games.  He will never be complacent!"}, {"author_id": 1703006102, "id": 1495254280579604480, "text": "RT @itsboomilton: BATON ROUGE &amp; SURROUNDING AREAS \u203c\ufe0f\u203c\ufe0f\u203c\ufe0f https://t.co/OM6Y6OOWt6"}, {"author_id": 236670475, "id": 1495254155765723139, "text": "RT @itsboomilton: BATON ROUGE &amp; SURROUNDING AREAS \u203c\ufe0f\u203c\ufe0f\u203c\ufe0f https://t.co/OM6Y6OOWt6"}, {"author_id": 1440240306, "id": 1495254144369799169, "text": "RT @Geedy_P: Thanks so much @Shawn_Cotton to you &amp; the @SaycheeseDGTL team I appreciate all YALL this was a dope interview with the Baton R\u2026"}, {"author_id": 3244888564, "id": 1495253068367204352, "text": "RT @kodakk6000: @KhalilRBrice Boy u from Baton Rouge \ud83d\ude02 https://t.co/F2cq3YUWz4"}, {"author_id": 150028511, "id": 1495252807791878146, "text": "RT @Geedy_P: Thanks so much @Shawn_Cotton to you &amp; the @SaycheeseDGTL team I appreciate all YALL this was a dope interview with the Baton R\u2026"}, {"author_id": 55260302, "id": 1495251999922794498, "text": "RT @RTMannJr: Baton Rouge traffic ranked fourth worst in U.S. behind Los Angeles, New York and Miami | News | https://t.co/HKDXDmxcIX https\u2026"}, {"author_id": 1348521258057666560, "id": 1495251899431411715, "text": "This song just hits different tonight https://t.co/rGlT5nRA76"}, {"author_id": 15557829, "id": 1495251016865955841, "text": "RT @theadvocatebr: Mardi Gras in Baton Rouge hit full steam on Saturday. \ud83c\udf8a\n\nThe Krewe of Oshun parade rolled at noon, and the Krewe Mystiqu\u2026"}, {"author_id": 181692804, "id": 1495250999837085696, "text": "RT @bmartinbaseball: The Varsity Team played in the Brothers of the Sacred Heart Jamboree in Baton Rouge today. We wore our St. Aloysius an\u2026"}, {"author_id": 1445499214801244175, "id": 1495248344117125121, "text": "RT @LukeSkywalkerq: A teenager was arrested on Valentine\u2019s Day \n\nafter attempting to hire a hitman online to kill her 14-year-old ex-boyfri\u2026"}, {"author_id": 1445499214801244175, "id": 1495248291302359042, "text": "A teenager was arrested on Valentine\u2019s Day \n\nafter attempting to hire a hitman online to kill her 14-year-old ex-boyfriend.\n\nAccording to Baton Rouge Police Detectives, the teenager tried to hire a hitman from \u201chttps://t.co/dkpZYjbyqq.\u201d \n\nhttps://t.co/VnrPGnXdCW https://t.co/ZkrDZ3EMOW"}, {"author_id": 488071952, "id": 1495247893397372929, "text": "RT @Imposter_Edits: Baton Rouge Police Officer Chokes A Thirteen-Year-Old Boy That Was Playing BasketBall In A Case Of Mistaken Identity Wh\u2026"}, {"author_id": 1454078968928350212, "id": 1495247735150235651, "text": "RT @Jnasty3xxx: I wanted that Baton Rouge Pussy\ud83d\udca6 and she wanted this Bama Dick\ud83d\ude08\n\n@MulaMiaXXX \n\n\ud83d\udd25LIT CONTENT ONLY\ud83d\udd25\n\nMore Content Click The L\u2026"}, {"author_id": 1486926016379596800, "id": 1495247620779954177, "text": "Room for rent https://t.co/L1oDz4IyhT"}, {"author_id": 1362258136820719618, "id": 1495247150904713216, "text": "Garth Brooks - Baton Rouge"}, {"author_id": 295884937, "id": 1495246828706705412, "text": "Baton Rouge I\u2019m at the porn arcade, what\u2019s good? \ud83d\udc40"}, {"author_id": 1495229872980979712, "id": 1495246328107991041, "text": "1:00 PM EST \ud83d\udcaa\u26be BASEBALL Division I Feb, Sun 20, 2022\nSt. Louis VS Baton Rouge\nVideo\n@BRCC_Baseball @brcc_baseball\n@SLUBaseball #Billikens @STLCC_Archers \nthe game is here \ud83c\udfa5 https://t.co/AIiJWnk5PZ https://t.co/6M0ADNbkhk"}, {"author_id": 791647194919030784, "id": 1495245268429774849, "text": "@MonicaGandhi9 In Baton Rouge. Three times as many in control group died as in IVM group. That that result was not signicant does not mean it was significantly negative! It means the groups were too small"}, {"author_id": 1191189103477477376, "id": 1495245094391267334, "text": "RT @NickHarris247: Baton Rouge (La.) Woodlawn 4 \u2b50\ufe0f CB Jordan Matthews is in Houston playing solid at corner with @F3Elite7v7.\n\nA top 10 lis\u2026"}, {"author_id": 40288957, "id": 1495244193349918721, "text": "A home caught on fire Saturday after a \"combustible\" was thrown into a trash can and lit the garbage on fire.\u00a0\n\nhttps://t.co/hXLW5tlmBf"}, {"author_id": 1268320896198086657, "id": 1495244008393781251, "text": "RT @theadvocatebr: Mardi Gras in Baton Rouge hit full steam on Saturday. \ud83c\udf8a\n\nThe Krewe of Oshun parade rolled at noon, and the Krewe Mystiqu\u2026"}, {"author_id": 888392945031933952, "id": 1495243497548357640, "text": "Can't wait to visit Baton Rouge again: Game Land!"}, {"author_id": 77591336, "id": 1495242529100361731, "text": "RT @itsboomilton: BATON ROUGE &amp; SURROUNDING AREAS \u203c\ufe0f\u203c\ufe0f\u203c\ufe0f https://t.co/OM6Y6OOWt6"}, {"author_id": 806908957369442304, "id": 1495241101216829440, "text": "RT @kodakk6000: @KhalilRBrice Boy u from Baton Rouge \ud83d\ude02 https://t.co/F2cq3YUWz4"}, {"author_id": 423944304, "id": 1495239347037212677, "text": "@ForeveraVol @shawnclark33 @willwhitson4 @Vol_Hoops @Jay_MWilliams_ Would that be with or with out the 8 point win in Baton Rouge? Asking for a friend."}, {"author_id": 3983511, "id": 1495239327118471179, "text": "Mardi Gras in Baton Rouge hit full steam on Saturday. \ud83c\udf8a\n\nThe Krewe of Oshun parade rolled at noon, and the Krewe Mystique de la Capital began in the downtown area at 2 p.m. Recap the parades in photos here. \nhttps://t.co/H8FvORi48m https://t.co/qHR1bp3Ytj"}, {"author_id": 2990015572, "id": 1495239261762715656, "text": "RT @LSUfootball: The first spring practice under @CoachBrianKelly starts March 24 in Baton Rouge \n\nPro Day: April 6\nSpring Game: April 23 h\u2026"}, {"author_id": 735215694933942272, "id": 1495239237725265920, "text": "RT @itsboomilton: BATON ROUGE &amp; SURROUNDING AREAS \u203c\ufe0f\u203c\ufe0f\u203c\ufe0f https://t.co/OM6Y6OOWt6"}, {"author_id": 31962642, "id": 1495237914539831298, "text": "RT @artbylafon: More sketchbook sketches. Brush and charcoal. \n.\n.\n.\n \n.\n.\n.\n.\n.\n.\n.\n\n#sketchbookart #sketchoftheday #sketches #scream #ske\u2026"}, {"author_id": 928975937273847809, "id": 1495237816007147528, "text": "We got a brand new children\u2019s hospital in Baton Rouge and they have a dedicated list of what you CANT donate last I checked cause my old job donated a bunch of toys for Christmas. I strongly suggest implementing that. https://t.co/UlpqGtCV0n"}, {"author_id": 174562319, "id": 1495237536058388480, "text": "RT @kodakk6000: @KhalilRBrice Boy u from Baton Rouge \ud83d\ude02 https://t.co/F2cq3YUWz4"}, {"author_id": 1447416151865188353, "id": 1495237148395642881, "text": "Just submitted music through @ReverbNation to play the @UltimateLouisianaParty in Baton Rouge! Check it out! https://t.co/qtD55z5apK https://t.co/HOwWHEje0x"}, {"author_id": 80437376, "id": 1495236793842774021, "text": "RT @RandallSteven: @thebluffdweller I wish I could hug you like the night DMac went 80 in Baton Rouge.."}, {"author_id": 1495074800607404032, "id": 1495236508495794179, "text": "Baton Rouge is a rap! Next we go to Slidell! https://t.co/Jj65Dwd02j"}, {"author_id": 1338324706362056706, "id": 1495236142270230534, "text": "Anyone horny to sext and trade, or meetup near Baton Rouge? #horny #virgin #sext #sexting #sex #meetup #hookup #BatonRouge"}, {"author_id": 418129712, "id": 1495236070207889411, "text": "RT @kodakk6000: @KhalilRBrice Boy u from Baton Rouge \ud83d\ude02 https://t.co/F2cq3YUWz4"}, {"author_id": 1312058264557940740, "id": 1495235717672448002, "text": "Dog this how I know Cleveland boring. Boosie at a house party like he back in Baton Rouge\ud83d\ude02\ud83d\ude02\ud83d\ude02\ud83d\ude02 https://t.co/uLCoheSCGH"}, {"author_id": 174051488, "id": 1495235300838227970, "text": "Keep an eye out Baton Rouge \ud83d\udc47\ud83c\udffb\ud83d\udc47\ud83c\udffb\ud83d\udc47\ud83c\udffb\ud83d\udc47\ud83c\udffb\ud83d\udc47\ud83c\udffb\ud83d\udc47\ud83c\udffb\ud83d\udc47\ud83c\udffb\ud83d\udc47\ud83c\udffb\ud83d\udc47\ud83c\udffb\ud83d\udc47\ud83c\udffb https://t.co/f6P979927h"}, {"author_id": 1457808216125894658, "id": 1495233194605559812, "text": "RT @GatorsWBK: See you in Baton Rouge! \ud83d\udc4b\n\n#GoGators https://t.co/lNxyqqJcRM"}, {"author_id": 759498849039818752, "id": 1495232998995812355, "text": "Baton Rouge #Louisiana Buy Here Pay Here Car Dealerships - | Car Loans With Bad Credit https://t.co/1cxn9Qwf2S"}, {"author_id": 1338324706362056706, "id": 1495232258021675012, "text": "Anyone wanna take my virginity, I\u2019m between Baton Rouge and Gonzales #Gonzales #BatonRouge #virgin #horny #sex #sexting #firsttime #meetup #hookup"}, {"author_id": 1394377486532694016, "id": 1495231250524639232, "text": "Rare- MAP OF EAST BATON ROUGE PARISH 1895 - LOUISIANA - Framed\u00a0 https://t.co/sDH3Jyjvkn eBay https://t.co/aUElJVrgcH"}, {"author_id": 2175250602, "id": 1495229204539101186, "text": "Baton Rouge    Bad time comin' down https://t.co/YLVwrtyEfS via @YouTube"}, {"author_id": 1262451631830052873, "id": 1495228014493319174, "text": "Well, Baton Rouge, and its institutions, have always been great at getting in their own way. https://t.co/om03hVrzov"}, {"author_id": 1081035059602382848, "id": 1495227931135725570, "text": "RT @itsboomilton: BATON ROUGE &amp; SURROUNDING AREAS \u203c\ufe0f\u203c\ufe0f\u203c\ufe0f https://t.co/OM6Y6OOWt6"}, {"author_id": 200222368, "id": 1495227704223969287, "text": "@TezBTeaching 15 minute walk and only 30 minutes to park \ud83d\ude02 you must be in Baton Rouge because anywhere else it will take you a hour to park and walk."}, {"author_id": 1049726384275431424, "id": 1495227038663380995, "text": "RT @GoDJtwin2hot: BATON ROUGE WE LITTY \u2757\ufe0f https://t.co/n8Hrzj4qnU"}, {"author_id": 1158460649736945665, "id": 1495226793942568963, "text": "RT @bmartinbaseball: The Varsity Team played in the Brothers of the Sacred Heart Jamboree in Baton Rouge today. We wore our St. Aloysius an\u2026"}, {"author_id": 314835210, "id": 1495226657099165699, "text": "RT @kodakk6000: @KhalilRBrice Boy u from Baton Rouge \ud83d\ude02 https://t.co/F2cq3YUWz4"}, {"author_id": 721915908852211713, "id": 1495226554640736265, "text": "Choctaw not being from too far away could wind up in Baton Rouge and they had a Choctaw boulevard.  I am no idea who the Istrouma are."}, {"author_id": 721915908852211713, "id": 1495226130286141440, "text": "The translation of Baton Rouge means red stick an indigenous native territory divider.\n\nThey don't usually have Cherokee below the red stick."}, {"author_id": 2770572320, "id": 1495225401798447107, "text": "RT @GSU_TIGERS: \ud83c\udfc0GAMEDAY\ud83c\udfc0\n\n\ud83c\udd9a: @JaguarHoops\n\n\u23f0: 5:30 p.m.\n\n\ud83d\udccd: F.G. Clark Activity Center | Baton Rouge, La.\n\n\ud83d\udcca: https://t.co/Hq2U3NSFW4\n\n#Gr\u2026"}, {"author_id": 2185250876, "id": 1495225337550147586, "text": "RT @itsboomilton: BATON ROUGE &amp; SURROUNDING AREAS \u203c\ufe0f\u203c\ufe0f\u203c\ufe0f https://t.co/OM6Y6OOWt6"}, {"author_id": 16067163, "id": 1495225116044795904, "text": "RT @RTMannJr: Baton Rouge traffic ranked fourth worst in U.S. behind Los Angeles, New York and Miami | News | https://t.co/HKDXDmxcIX https\u2026"}, {"author_id": 74170337, "id": 1495224709809684490, "text": "RT @kodakk6000: @KhalilRBrice Boy u from Baton Rouge \ud83d\ude02 https://t.co/F2cq3YUWz4"}, {"author_id": 151653758, "id": 1495224420822142983, "text": "@wilabar @lostbayouramble @DowntownLFT @calmlabar Any clue on whether the Hilton oversells rooms during Mardi Gras?  We are in the Baton Rouge area, so a trip on the fly would be easy."}, {"author_id": 4662933002, "id": 1495223729659559939, "text": "RT @RTMannJr: Baton Rouge traffic ranked fourth worst in U.S. behind Los Angeles, New York and Miami | News | https://t.co/HKDXDmxcIX https\u2026"}, {"author_id": 4800109465, "id": 1495222839233945610, "text": "RT @GatorsWBK: See you in Baton Rouge! \ud83d\udc4b\n\n#GoGators https://t.co/lNxyqqJcRM"}, {"author_id": 400387317, "id": 1495222785458778118, "text": "RT @RTMannJr: Baton Rouge traffic ranked fourth worst in U.S. behind Los Angeles, New York and Miami | News | https://t.co/HKDXDmxcIX https\u2026"}, {"author_id": 1074550705325834240, "id": 1495222165884518402, "text": "RT @Thotpocket94: If you\u2019re in Baton Rouge and you have a BBC, slide on over to my DMs. I\u2019m tryna see somethin. \ud83d\udc40 https://t.co/gmUhSfwsf7"}, {"author_id": 422100739, "id": 1495221550567596032, "text": "@aj_winnington @StartMcBride @TheNBACentral We need him right now in Baton Rouge we don\u2019t have a scorer lol"}, {"author_id": 91683648, "id": 1495221327199879172, "text": "RT @kodakk6000: @KhalilRBrice Boy u from Baton Rouge \ud83d\ude02 https://t.co/F2cq3YUWz4"}]