[{"author_id": 602848657, "id": 1495006863485808641, "text": "We're tired. Judges are tired. They system is exhausted from this bedlam buffoonery that is exhausting its spray-and-pray exercises; it is well beyond time for these blockheads chickens to settle in for a long roost.\n\nWe have actual business to attend to...."}, {"author_id": 1489255662747992075, "id": 1494694177464061955, "text": "Every night hundreds of skaters create a bedlam that is beyond human endurance. Scores of bicycle riders go up and down the block with sirens screaming. Cars add to the clamor by jamming on brakes to avoid hitting skaters who refuse to be disturbed by the mere sounding of a horn. https://t.co/6xUa3dIPOG"}, {"author_id": 100251371, "id": 1493978917652283396, "text": "@cabe_bedlam @Raspberry_Pi That would be cool. I have often thought that it should be possible, but it is a project that is currently beyond my skills"}, {"author_id": 810260324, "id": 1493340080064262144, "text": "@Bedlam_Beersie It\u2019s way beyond baskets now. https://t.co/Tjc1oZl1j8"}, {"author_id": 15885325, "id": 1493248025640288265, "text": "@angus_f_h Croydon council will soon be making a segregated bike lane from South Croydon to Purley Cross. From there to Coulsdon I\u2019d love to see them extend that but at least it feels reasonably safe. Tbh I don\u2019t ride beyond Coulsdon on the Brighton Road myself. Bedlam driving."}]