[{"author_id": 625848210, "id": 1493660709745414146, "text": "#365DaysOfFilmChallenge (Day 270)\nBhaji on the Beach (1993) https://t.co/5yd7zYDEXj"}, {"author_id": 52692768, "id": 1493550242574528512, "text": "RT @GurinderC: When I made Bhaji on the Beach we put every issue in it because we thought we\u2019d never get to make another film again! Who\u2019d\u2026"}, {"author_id": 12254202, "id": 1493516875808051201, "text": "RT @GurinderC: When I made Bhaji on the Beach we put every issue in it because we thought we\u2019d never get to make another film again! Who\u2019d\u2026"}, {"author_id": 52148815, "id": 1493478676360359936, "text": "RT @GurinderC: When I made Bhaji on the Beach we put every issue in it because we thought we\u2019d never get to make another film again! Who\u2019d\u2026"}, {"author_id": 122046636, "id": 1493476689585876998, "text": "When I made Bhaji on the Beach we put every issue in it because we thought we\u2019d never get to make another film again! Who\u2019d have known 8 features later I\u2019d get so much love from so many around the world for that work. Deeply grateful. \ud83d\ude4f\ud83c\udffe\ud83d\udc95 #ChardiKala https://t.co/ri9ENGyNVH"}, {"author_id": 52148815, "id": 1493475245189386240, "text": "@GurinderC I remember seeing Bhaji on the Beach in my early teens. grateful for it. was so thought-provoking. thank you :)"}]