[{"author_id": 1483230025151356928, "id": 1495289106405990400, "text": "RT @stevedoyel: @KUTheShiver He is a big reason for our offensive struggles. \n\nTeams don\u2019t guard him. \n\nHence, imo he needs to produce some\u2026"}, {"author_id": 1271870808621756416, "id": 1495288973098422274, "text": "RT @IshaSacredWalks: And the countdown begins\u2026 Are you ready for the BIG night\u2753\ud83c\udf89\n\n#Mahashivratri #MSR2022 https://t.co/DYj67MLBKe"}, {"author_id": 1159931570028892161, "id": 1495288948754567168, "text": "RT @ruskertweets: wow, he a cow!\n\n\u2022  super submissive giant bottom\n\u2022  insecure, wears big puffy sweaters\n\u2022  watches cooking youtube late at\u2026"}, {"author_id": 1357131432804700160, "id": 1495288948045885443, "text": "@bunnykittenpupp @BarbRichter1 I usually eat oatmeal at night and my big meal at lunch but I was strangely hungry tonight"}, {"author_id": 587650715, "id": 1495288834762108930, "text": "RT @IshaSacredWalks: And the countdown begins\u2026 Are you ready for the BIG night\u2753\ud83c\udf89\n\n#Mahashivratri #MSR2022 https://t.co/DYj67MLBKe"}, {"author_id": 1253582022586466310, "id": 1495288630453030913, "text": "RT @IshaSacredWalks: And the countdown begins\u2026 Are you ready for the BIG night\u2753\ud83c\udf89\n\n#Mahashivratri #MSR2022 https://t.co/DYj67MLBKe"}, {"author_id": 1171012083347009536, "id": 1495288630084096002, "text": "After watching Kane last night, Rom will have to take some responsibility this time. Kane has played under 3 managers with different styles of play yet he always delivered. Lukaku is a big money signing but he also met UCL winners, he needs adapt to the team"}, {"author_id": 873002299257389057, "id": 1495288617148817409, "text": "Have this big beautiful new PC, and what do I spend all night playing instead of something like Cyberpunk? Fuckin' Cities: Skylines. lol"}, {"author_id": 264012242, "id": 1495288605698310145, "text": "Ate too many store brand fig newtons, big night"}, {"author_id": 4624834287, "id": 1495288512677097476, "text": "RT @NettyF65: My area lost quite a few big old trees last night.\nPeople here were lucky as the 30 ft tree only just brushed the house.\nI kn\u2026"}, {"author_id": 395362077, "id": 1495288439654260739, "text": "RT @IshaSacredWalks: And the countdown begins\u2026 Are you ready for the BIG night\u2753\ud83c\udf89\n\n#Mahashivratri #MSR2022 https://t.co/DYj67MLBKe"}, {"author_id": 41770058, "id": 1495288378069188608, "text": "Randomly found this deep diving in my computer from 15 years ago. I mean that\u2019s like first grade to college long ago. Easy Rider to Pee Wee\u2019s Big Adventure. Woodstock to Live Aid. Pinball Wizard to Ride The Lightning. Manson to Night Stalker. \ud83e\udd2f https://t.co/irlI2Nwqci"}, {"author_id": 793392700796067840, "id": 1495288375938633729, "text": "RT @fancypirate8: Well, today is a big day.\n\nIt\u2019s been a year since I quit drinking alcohol. \n\nNo more hangovers. No more painful, paralyzi\u2026"}, {"author_id": 905402059, "id": 1495288368581644288, "text": "RT @samcallah: I was out in Denver last night with ETHDenver in town and I have to say, this feels worse than the ICOs of 2017. \n\nAn endles\u2026"}, {"author_id": 1323290582320492544, "id": 1495288156861591554, "text": "@itsadi2006 Lashley injury k liye complete nhi kar paya usse bhi rematch chihiye.Brock vs Lashly itself a big match.\nAbb toh ye lag raha hai ki,\nBrock vs Bobby at Night 1 for WWE title then winner will face Roman Reigns at Day 2 in a winner takes all match\ud83d\udc80\ud83d\udc80"}, {"author_id": 1051973918263787521, "id": 1495288112460742660, "text": "RT @edgerton_hoops: \ud83d\udea8BIG Thanks to Bulldog Nation and our student section from last night\u2014 You were INCREDIBLE! What an atmosphere at G.D.\u2026"}, {"author_id": 1242756261227032576, "id": 1495288067498049537, "text": "RT @IshaSacredWalks: And the countdown begins\u2026 Are you ready for the BIG night\u2753\ud83c\udf89\n\n#Mahashivratri #MSR2022 https://t.co/DYj67MLBKe"}, {"author_id": 1281400256790503425, "id": 1495288062754054147, "text": "RT @TPRMediaGroup: We pulled up on CMG artist Big Boogie at his private listening event the other night in ATL \ud83d\udd7a\ud83c\udffe\ud83c\udfa5 @bigboogieR4L \n\nDM us to\u2026"}, {"author_id": 1481588956949258240, "id": 1495288001265807361, "text": "RT @MagulangD: Big Night is just a few months away. Are we ready, fam? \n\nANJI ON ASAP\n#AnjiSalvacion ll  @anjisalvacion"}, {"author_id": 1461472045695438851, "id": 1495287904221937665, "text": "Linds babe big ups making it this deep in the night"}, {"author_id": 980582599176392705, "id": 1495287803932033025, "text": "@Lima_Golf_Bravo @JackOzNYC @Independent He had dirt on a lot of people including trump, but a lot of people didn't have access to his cell that night, only trump and Barr did.  It's not hard to connect the dot's, to big of a coincidence that cameras weren't working and guard just happens to fall asleep on duty."}, {"author_id": 492358449, "id": 1495287765142966272, "text": "RT @samcallah: I was out in Denver last night with ETHDenver in town and I have to say, this feels worse than the ICOs of 2017. \n\nAn endles\u2026"}, {"author_id": 1365903321534357504, "id": 1495287758817955841, "text": "RT @ruskertweets: wow, he a cow!\n\n\u2022  super submissive giant bottom\n\u2022  insecure, wears big puffy sweaters\n\u2022  watches cooking youtube late at\u2026"}, {"author_id": 2172101322, "id": 1495287656191868929, "text": "RT @FontanieuMagali: @Wherewhenwhywha Take a plane, a train or a boat it's leaving to satisfy a thirst for infinity...Sweet night Naveed, t\u2026"}, {"author_id": 1469422144182444033, "id": 1495287645802418177, "text": "But the Big Red Bird that lives under the city / Doesn't give a damn about me / And it dies every night / So I bought a knife / I am a knife / I am a Knife Man"}, {"author_id": 1163164988091064327, "id": 1495287548498878466, "text": "RT @ItsmeEddieC: And the Big Dipper says good night to all https://t.co/eFTcUykXk0"}, {"author_id": 581566604, "id": 1495287405758541824, "text": "@QuentinDempster @insiders He could barely get his words out .\nHe had no clear train of thought.\nHe was just throwing it out there.\nHe must have had a big night ?"}, {"author_id": 4108207672, "id": 1495287387164917762, "text": "And the Big Dipper says good night to all https://t.co/eFTcUykXk0"}, {"author_id": 34335154, "id": 1495287285516054530, "text": "RT @ReturnSolar: Sunday, Feburary 20th\n\nAccording to the Eastern divination system called \u201cJuni-choku,\u201d today is a lucky day called \u201c\u6e80(full\u2026"}, {"author_id": 1315881318866018305, "id": 1495287261629353986, "text": "RT @IshaSacredWalks: And the countdown begins\u2026 Are you ready for the BIG night\u2753\ud83c\udf89\n\n#Mahashivratri #MSR2022 https://t.co/DYj67MLBKe"}, {"author_id": 1487409982035292162, "id": 1495287181635555334, "text": "RT @MagulangD: Big Night is just a few months away. Are we ready, fam? \n\nANJI ON ASAP\n#AnjiSalvacion ll  @anjisalvacion"}, {"author_id": 1291756891140366336, "id": 1495287120100950018, "text": "RT @IshaSacredWalks: And the countdown begins\u2026 Are you ready for the BIG night\u2753\ud83c\udf89\n\n#Mahashivratri #MSR2022 https://t.co/DYj67MLBKe"}, {"author_id": 1274259045419855878, "id": 1495287036374556672, "text": "RT @IshaSacredWalks: And the countdown begins\u2026 Are you ready for the BIG night\u2753\ud83c\udf89\n\n#Mahashivratri #MSR2022 https://t.co/DYj67MLBKe"}, {"author_id": 794659424, "id": 1495286935589322752, "text": "RT @IshaSacredWalks: And the countdown begins\u2026 Are you ready for the BIG night\u2753\ud83c\udf89\n\n#Mahashivratri #MSR2022 https://t.co/DYj67MLBKe"}, {"author_id": 1347549989573111809, "id": 1495286914349473792, "text": "RT @samcallah: I was out in Denver last night with ETHDenver in town and I have to say, this feels worse than the ICOs of 2017. \n\nAn endles\u2026"}, {"author_id": 2923926307, "id": 1495286908611559424, "text": "RT @IshaSacredWalks: And the countdown begins\u2026 Are you ready for the BIG night\u2753\ud83c\udf89\n\n#Mahashivratri #MSR2022 https://t.co/DYj67MLBKe"}, {"author_id": 1096842179480301569, "id": 1495286824318779402, "text": "When ya live in the middle of nowhere and hear big booms in the night"}, {"author_id": 3437419043, "id": 1495286793998004225, "text": "I think this settles it: dunk contest is not a good way to end all star sat night. We\u2019d rather watch 1v1s or king of the hill for some big money. Its not fair for the competitors or the viewers https://t.co/5sxm19zRMx"}, {"author_id": 3034982023, "id": 1495286757335568392, "text": "RT @WaveCatchersNFT: One last thing before we call it a night and crash in the cabanas\ud83c\udf19\n\nTomorrow is a big day. Turn your notifications on\u2026"}, {"author_id": 1392512162380222468, "id": 1495286739824377859, "text": "RT @IshaSacredWalks: And the countdown begins\u2026 Are you ready for the BIG night\u2753\ud83c\udf89\n\n#Mahashivratri #MSR2022 https://t.co/DYj67MLBKe"}, {"author_id": 1063196779460595712, "id": 1495286677518143488, "text": "RT @Beijing2022: \ud83c\udf19\ud83d\ude34Good night from Big Air Shougang #Beijing2022 \n\u00a0\n#Olympics #BingDwenDwen\n#TogetherForASharedFuture \n\u00a0\n\ud83d\udcf7GettyImages https\u2026"}, {"author_id": 1294368093779582976, "id": 1495286652872192000, "text": "RT @ArletteMon27: I just wanna cruise late at night in a big city\ud83d\ude13"}, {"author_id": 933951596576174081, "id": 1495286642575216642, "text": "RT @scootflippo: Cc got hella big last night https://t.co/cGazGJ5XqE"}, {"author_id": 124777642, "id": 1495286595166957575, "text": "RT @IshaSacredWalks: And the countdown begins\u2026 Are you ready for the BIG night\u2753\ud83c\udf89\n\n#Mahashivratri #MSR2022 https://t.co/DYj67MLBKe"}, {"author_id": 850172036953415680, "id": 1495286585285222404, "text": "late to practice or when he and iwa have snuck out in the middle of the night to hang out. or big sis kawa will stare up at iwa, hand on hip brow raised, and he'll cave and admit yes they have been dating since last night they wanted to keep it a secret for a while but iwa can't"}, {"author_id": 1169688633328246785, "id": 1495286498408685568, "text": "RT @NorrieLeslie: Everybody be talking like they want too FFFF @Eminem all night all, for me my imagination grew as I grew. I'd want a big\u2026"}, {"author_id": 1481985678, "id": 1495286478376771584, "text": "Photo dump from last night's party @la_vue_lounge ... Big party \ud83c\udf89\ud83c\udf89 lots of giod vibez and energy \ud83d\udd25\ud83d\udd25\ud83d\udd25\n#djblendkenya \n#djlife \n#djlifestyle \n#kenyandjs \n#mrfinest \n#djs https://t.co/gzaHAglVKF"}, {"author_id": 1325942590739369984, "id": 1495286280279797764, "text": "@btrxabel Big night y We are"}, {"author_id": 2932620392, "id": 1495286070975606786, "text": "@Zoya92789595 So what??? You can celebrate late night after 12 or after Iftaar or dinner.........not a big issue."}, {"author_id": 1400453888847663110, "id": 1495286019763183620, "text": "RT @IshaSacredWalks: And the countdown begins\u2026 Are you ready for the BIG night\u2753\ud83c\udf89\n\n#Mahashivratri #MSR2022 https://t.co/DYj67MLBKe"}, {"author_id": 550064326, "id": 1495286018010136576, "text": "RT @IshaSacredWalks: And the countdown begins\u2026 Are you ready for the BIG night\u2753\ud83c\udf89\n\n#Mahashivratri #MSR2022 https://t.co/DYj67MLBKe"}, {"author_id": 1074816352584642560, "id": 1495285995540992000, "text": "RT @ruskertweets: wow, he a cow!\n\n\u2022  super submissive giant bottom\n\u2022  insecure, wears big puffy sweaters\n\u2022  watches cooking youtube late at\u2026"}, {"author_id": 1013975264458616833, "id": 1495285980676472833, "text": "RT @esssdabest: you want to know what grinds my gears? when people assume, never assume with me cause you always gone be wrong. somebody to\u2026"}, {"author_id": 1398531871168819209, "id": 1495285960308785155, "text": "RT @ThickDemonMILF: \u2022| A fair warning to those who get the lucky pleasure of receiving oral service from the big blue demon, she's a confid\u2026"}, {"author_id": 705599866408300544, "id": 1495285940788465669, "text": "RT @IshaSacredWalks: And the countdown begins\u2026 Are you ready for the BIG night\u2753\ud83c\udf89\n\n#Mahashivratri #MSR2022 https://t.co/DYj67MLBKe"}, {"author_id": 880735176816377858, "id": 1495285877697773574, "text": "RT @AjithFansUniv: \u2022 Ahead of ' #Valimai' release, Boney Kapoor joins Trisha, Gautham Menon &amp; others for dinner on Friday night in Chennai.\u2026"}, {"author_id": 1386212822065975305, "id": 1495285853475962882, "text": "I had this weird dream the prev night, I hid myself beside a big bed hugging my legs to myself and hiding my face in them and the room was all white, the whole apartment was white, white color walls, white bed sheets and covers, white curtains. Only the room I stayed at had peach"}, {"author_id": 1485761585989971968, "id": 1495285830981931013, "text": "RT @Binzoko_NFT: (Artwork description)\nI was inspired by the song \"Star trip\" sung by the idol \"Julia\" in \"THE IDOL M@STER MILLION LIVE! My\u2026"}, {"author_id": 1393629216789303297, "id": 1495285775679717381, "text": "RT @BTSxUKCharts: Stay Alive Debuts at #31 on the UK Big Top 40 with only 2 days tracking \ud83c\uddec\ud83c\udde7 \n\n#StayAlive joins Sweet Night + Christmas tre\u2026"}, {"author_id": 1488158851518054405, "id": 1495285737733988352, "text": "Big Brother last night #BBMzansi https://t.co/pJEvRtjuqu"}, {"author_id": 1393629216789303297, "id": 1495285710256939011, "text": "RT @BTSxUKCharts: OST debuts on the UK Big Top 40 : \ud83c\uddec\ud83c\udde7 \n\nYours - #24 (7 days Tracking) \nChristmas Tree - #26 (7 days Tracking)\nStay Alive -\u2026"}, {"author_id": 2333964103, "id": 1495285698907230209, "text": "RT @ArjunNGrover: @PaweSasko Spectacular job Pawel was playing it last night and had a lots of fun. And your side quests are still top notc\u2026"}, {"author_id": 1174076755, "id": 1495285626974834692, "text": "Big Saturday night installing and testing a new bidet \ud83e\udd73\ud83e\udd2a"}, {"author_id": 978692353170067456, "id": 1495285622604455938, "text": "RT @BBMzansi: One party down and the @ChannelOTV Saturday Night Party is about start. Are you ready for the iconic duo @MrJazziQ and @DeJaV\u2026"}, {"author_id": 932122320071806976, "id": 1495285615688048642, "text": "RT @AmirPounded: all about last night \u263a\ufe0f and big thick dick of @sin_cityxxx in my creamy \ud83c\udf51\n\nfull video is available on:\nhttps://t.co/0B88Ys\u2026"}, {"author_id": 873896483921076224, "id": 1495285606879952896, "text": "RT @IshaSacredWalks: And the countdown begins\u2026 Are you ready for the BIG night\u2753\ud83c\udf89\n\n#Mahashivratri #MSR2022 https://t.co/DYj67MLBKe"}, {"author_id": 1422257203201859588, "id": 1495285569760411649, "text": "RT @akpolyme: @BettinaSchroe14 @ANASTALYA @viktorinini @marie_nassar @AlteaFerrari @irina3529 @myworld2121 @newworlddd555 @NecmiGucl Thank\u2026"}, {"author_id": 904559412425232384, "id": 1495285529365073921, "text": "What keeps me up at night is that i bought the dmc reboot cuz i felt if i talk big shit about it i have to play it to give it a genuine right to shittalk it. Donte haunts me. Who the hell is that man. Who are they. Theyre not my boys. Oh god"}, {"author_id": 1482275373182177282, "id": 1495285523682062342, "text": "RT @ZachGlobalOFC: We don\u2019t want to overthink as well but we\u2019re hoping that you\u2019re really okay. Just focus on the goal inside and we will f\u2026"}, {"author_id": 2225804562, "id": 1495285502844747777, "text": "RT @i64StudioNFTs: Bro Punks64 is the next BIG #punks collection coming to #Polygon tbh.\n90 listed rn.\n150 will be listed end of night.\n666\u2026"}, {"author_id": 32687710, "id": 1495285466555428866, "text": "\ud83d\udd2e \ud83d\ude4f\ud83c\udffb Big night of queefs from here. \ud83d\udcb0 #UFCVegas48 https://t.co/rOPTMmGAum"}, {"author_id": 1036828235080851457, "id": 1495285448805126144, "text": "Thinking about the dream I had with @big_jhoon715 last night because I was too worried \ud83e\udd7a hope he's feeling well and drinking lots of water and lemon tea! Wishing the babe a fast recovery \ud83d\udc95"}, {"author_id": 1287385756030271495, "id": 1495285389950525443, "text": "RT @WaveCatchersNFT: One last thing before we call it a night and crash in the cabanas\ud83c\udf19\n\nTomorrow is a big day. Turn your notifications on\u2026"}, {"author_id": 1103356359041576960, "id": 1495285334833258501, "text": "RT @BataviaHSChoir: What a night! Swings had an amazing performance at the El Paso Gridley Showdown, earning \"2nd runner up.\" Maddy and I a\u2026"}, {"author_id": 742484898896740352, "id": 1495285331549208580, "text": "Real big mouth until a night In Jail and that all changes \nhttps://t.co/bhiX4qx6wr"}, {"author_id": 1159801158589911040, "id": 1495285194533875712, "text": "RT @ChinasaDamian: Wey night duty TITANS? Make una come out Abeg \ud83d\ude02\ud83d\ude02\ud83d\ude02\ud83d\ude02\ud83d\ude02\n\nBig Tee is my No1 favorite \ud83d\ude0d and it's a\nNO LEAVE NO TRANSFER for me\u2026"}, {"author_id": 1075080505379442693, "id": 1495285170223685634, "text": "@SrimanMe @wrestlelamia Yeah man Usos vs Vikings should've continued regardless of the ambush, possibly win at Crown Jewel to make the night worthwhile. \n\nIs wwe hell bent on screwing all african american champs? Kofi, Big E now Bobby? \ud83e\udd14"}, {"author_id": 1462956169098670083, "id": 1495285135159271427, "text": "RT @BillyJeffries12: Big night for @MidMoElite 2024 @Ryder10Williams! Congrats young man! @PrepHoopsMO @PHCircuit @NXTPROHoopsMO @RodKRCG13\u2026"}, {"author_id": 979893485070405632, "id": 1495285113302794241, "text": "@ape2gether @TariqElnaga Used to be we\u2019d vote and then let them work and decide next election if we approve. Big problem is 24 hr news providing gossip all the time, muddies the waters. It\u2019s messy. \nHave a good night man, I\u2019m up too late lol. Cheers"}, {"author_id": 1339412078419853316, "id": 1495285091056062464, "text": "RT @IshaSacredWalks: And the countdown begins\u2026 Are you ready for the BIG night\u2753\ud83c\udf89\n\n#Mahashivratri #MSR2022 https://t.co/DYj67MLBKe"}, {"author_id": 171543732, "id": 1495285018062635010, "text": "I don't know but I now expect \"Big Brother Mzansi The Musical\" because of last night's dramz \ud83d\udc85\ud83c\udffe\u2615 #BBMzansi"}, {"author_id": 789136353501904896, "id": 1495285016938840074, "text": "RT @IshaSacredWalks: And the countdown begins\u2026 Are you ready for the BIG night\u2753\ud83c\udf89\n\n#Mahashivratri #MSR2022 https://t.co/DYj67MLBKe"}, {"author_id": 3007600158, "id": 1495284996986261505, "text": "Spent a wonderful evening with the guy for his birthday, but tomorrow is a big day full of socializing and traveling and walking around Madison.\n\nNight y'all \ud83d\ude34"}, {"author_id": 591772709, "id": 1495284948613353477, "text": "Last night in the Big brother house things wher tense yho #BBMzansi"}, {"author_id": 1352069753066631169, "id": 1495284937846669313, "text": "RT @thoughtlarries: Another big night for Cosmic Leeds 2022 Larry Stylinson timeline."}, {"author_id": 1220217250755428352, "id": 1495284897690562563, "text": "RT @Blaslimaxxx: This daddy was alone at his first night in my city, he found me in grindr and said \u201cEverything I got is quite big, can u h\u2026"}, {"author_id": 1330023460412796929, "id": 1495284854866558978, "text": "@WolvesGotNext Man what a night. Kat really deserved something like this. Everyone constantly doubts him and he showed up big"}, {"author_id": 1291555381643292673, "id": 1495284817826623489, "text": "Omoh\nParaga comot like three big scoops from my followers last night \ud83d\ude2d"}, {"author_id": 1410901378965270535, "id": 1495284817470291968, "text": "RT @WaveCatchersNFT: One last thing before we call it a night and crash in the cabanas\ud83c\udf19\n\nTomorrow is a big day. Turn your notifications on\u2026"}, {"author_id": 883443337, "id": 1495284766186295297, "text": "RT @NEOZoneHS: It was a big night for Raider Nation on Friday, as Columbia completed a season sweep of Oberlin to earn a share of the confe\u2026"}, {"author_id": 1259084349598691329, "id": 1495284733051215881, "text": "RT @IshaSacredWalks: And the countdown begins\u2026 Are you ready for the BIG night\u2753\ud83c\udf89\n\n#Mahashivratri #MSR2022 https://t.co/DYj67MLBKe"}, {"author_id": 3001651241, "id": 1495284714348949505, "text": "RT @NEOZoneHS: It was a big night for Raider Nation on Friday, as Columbia completed a season sweep of Oberlin to earn a share of the confe\u2026"}, {"author_id": 1181924744272252929, "id": 1495284706270605313, "text": "RT @IshaSacredWalks: And the countdown begins\u2026 Are you ready for the BIG night\u2753\ud83c\udf89\n\n#Mahashivratri #MSR2022 https://t.co/DYj67MLBKe"}, {"author_id": 1426057828058374146, "id": 1495284683294543872, "text": "RT @moodarada2: It would be fun if-\n\nPower = Synopsis (Controls the story)\nBig Choice = LUNATIC (chooses to love in her unique way)\nFree Co\u2026"}, {"author_id": 1335577387623280641, "id": 1495284665845895169, "text": "RT @janta_poll: Big breaking news :\nKanshi ram brother gave his full support to @CHARANJITCHANNI \nHe said \" all dalit of Punjab is United f\u2026"}]