[{"author_id": 1248454526564065285, "id": 1495275790107541504, "text": "RT @B4KUDANZ: straight line: \n_______________\n\ndashed line: \n_ _ _ _ _ _ _ _ _ _\n\npainful line: \n\n\u201c\u2018Xiao XingChen, the bright moon, the gen\u2026"}, {"author_id": 31630972, "id": 1495248858804367363, "text": "We keep the cold bitter\nWe keep the moon bright\nWe keep the jazz smokey\nJust how we like"}, {"author_id": 1339358213653848071, "id": 1495238172497883137, "text": "@Arbor_Bench @naninizhoni @zemmourstann No, or at least as the story goes, they were deeply committed to their faith and fought to the bitter end, until ruin. After all, the moon and the 400 southerners would not give way to the sun were it not for sacrifice."}, {"author_id": 46861908, "id": 1495226112669982721, "text": "I literally got out of my toxic relationship of 5 years (2 years ago) this month. It\u2019s bitter sweet. I still miss him every once in a blue moon. I don\u2019t really notice until I\u2019m feeling very alone."}, {"author_id": 1475735242883354624, "id": 1495215391945248775, "text": "RT @goodbye_xmoon: \ud83d\udc87\u200d\u2640\ufe0f- Piper. (Cobra Kai)\n\ud83d\udc87\u200d\u2640\ufe0f- Moon's ex-girlfriend and new Cobra Kai student. Bitter over the breakup, feeling as if sh\u2026"}, {"author_id": 218649112, "id": 1495193019024351233, "text": "RT @TeenCamLive: Chaturbate Model bitter_moon is Brand New and Live now: She is Brand new, see her LIVE now !! https://t.co/LJ67q4Dwct @sex\u2026"}, {"author_id": 1213127446314110978, "id": 1495182069047169025, "text": "i delight in your company because you make me feel seen.\ni feel pretty through your eyes.\nyou make me see myself the way the moon might,\nin a soft glow\ninnocent and sweet,\nrather than the bitter thing i\u2019ve become.\nit\u2019s refreshing,\nand intoxicating,\nand a beautifully coated lie."}, {"author_id": 835094234361434112, "id": 1495164124443123713, "text": "Setlist com clipes internacionais no @CanalBis:\n#CanalBis\nAmanh\u00e3 - 20/02/2022 - 22:45\n\n&gt;Francinne Feat. Super Aryang \u2013 Fading Like A Moon\n&gt;Kylie Minogue feat. Years &amp; Years - A Second To Midnight\n&gt;Billy Idol - Bitter Taste"}, {"author_id": 1466475080301613057, "id": 1495146212495925256, "text": "@natUrallyObsess @daddytaughtyu @BruceAllmiighty @OGdice10 @circl365 @The_Problem6 I think it\u2019s totally absurd for men to think this is the situation majority of the time! Maybe every blew moon I\u2019ll witness a mother being bitter and causing issues but usually it is the dad\u2019s fault. They choose what\u2019s important and when they wanna be involved"}, {"author_id": 703927005318877184, "id": 1495103109978210305, "text": "Vanishes behind the mountain! She, quite cold,\nAre heartbreaking, each moon hell, each sun bitter:\n\u2013 Where in the pale lamp\u2019s glare your eyes follow"}, {"author_id": 1457934751386374147, "id": 1495087215206035457, "text": "Without the sun, the moon can\u2019t shine. It can\u2019t bring light to quiet nights and sleeping streets, glowing faintly upon the world below. Without the star, the moon grows bitter and cold- cloaked in a cape of slate and onyx."}, {"author_id": 260849317, "id": 1495085071388315666, "text": "@SpyLovedMeToo @WilliamScurry @only_si_chuck @JaneNightshade @DarrellEpp @roger_bakes @Tico_Romao @BoldenSkip @Philosopher_Jay @AmelieLabrande Even in Polanski's other \"Boat menage a trois\" movie, Bitter Moon, although it was set on a luxury liner, Polanski still managed to make Oscar's cabin and his Paris apartment look tight and claustrophobic https://t.co/r02BwrFWph"}, {"author_id": 2521341394, "id": 1495075492386516993, "text": "@lostinjungle172 Bitter moon 1992"}, {"author_id": 1431619317637001216, "id": 1495021164518940675, "text": "RT @TeenCamLive: Chaturbate Model bitter_moon is Brand New and Live now: She is Brand new, see her LIVE now !! https://t.co/LJ67q4Dwct @sex\u2026"}, {"author_id": 1105614537376653312, "id": 1495011146130239498, "text": "RT @meliasquish: Forever bitter about the lack of good Sailor Moon merch in the UK."}, {"author_id": 1034376857200803840, "id": 1495010968933392386, "text": "RT @meliasquish: Forever bitter about the lack of good Sailor Moon merch in the UK."}, {"author_id": 1489695904407957505, "id": 1495004988451471363, "text": "@Feg_moon @vikingo7987 @Crypt0mummy @Gualcher1 @FEGShelby @Rafael_offic @Mariano29312147 @Rubeeen80392835 From today, I and 500 other people on Twitter will introduce your project as a scam of 1 million people and make your day bitter to return to 12 zeros."}, {"author_id": 1351559175881576448, "id": 1494991474966073348, "text": "Forever bitter about the lack of good Sailor Moon merch in the UK."}, {"author_id": 1518762494, "id": 1494946106090061826, "text": "@_sheikhzz I hope so. I mean Rosemary's Baby, Pianist, Chinatown, even something like Bitter Moon, I like em all \ud83d\ude05\ud83d\ude48"}, {"author_id": 305608839, "id": 1494918512606957570, "text": "RT @qtain1777: @TheRealDarkPool An act of charity should not be argued with.  It's easy to spit numbers out on Twitter, it's easy to be bit\u2026"}, {"author_id": 2403749410, "id": 1494902116850274308, "text": "RT @TeenCamLive: Chaturbate Model bitter_moon is Brand New and Live now: She is Brand new, see her LIVE now !! https://t.co/LJ67q4Dwct @sex\u2026"}, {"author_id": 1394325480438960132, "id": 1494858036258783234, "text": "RT @goodbye_xmoon: \ud83d\udc87\u200d\u2640\ufe0f- Piper. (Cobra Kai)\n\ud83d\udc87\u200d\u2640\ufe0f- Moon's ex-girlfriend and new Cobra Kai student. Bitter over the breakup, feeling as if sh\u2026"}, {"author_id": 1007052150650728448, "id": 1494835644333395969, "text": "Chaturbate Model bitter_moon is Brand New and Live now: She is Brand new, see her LIVE now !! https://t.co/LJ67q4Dwct @sexlive_sex @GA_Dillon @xxxjade20 @Rabby94 @classygirls242 @AGENCYmodelOS @webcambeavers @MissWetAndWild @lovelypromos @NaughtyCandyz @HotPromotes @4allpromo\u2026"}, {"author_id": 1249258636834148352, "id": 1494824068465532928, "text": "\ud83d\udd25 bitter_moon is online\ud83d\udd25 Chat with her at https://t.co/InV2XmDaMS Find more #camgirls at \ud83d\udc49https://t.co/vbNDvvwY0E\ud83d\udc48 https://t.co/O0xuJVpIDq"}, {"author_id": 483995149, "id": 1494813972335407104, "text": "Tonight the moon is bright.\nSo bright there are moon shadows.\nThere\u2019s a bitter chill outside.\nInside it\u2019s toasty.\nThis night the curtains stay wide open so everything bathes in moonlight."}, {"author_id": 582724108, "id": 1494801971504730114, "text": "@BarryPierce We then moved on to Polanski\u2019s Bitter Moon :)"}, {"author_id": 1218824401967362048, "id": 1494772490807255048, "text": "@UnionistJack Yeah, they\u2019re hysterical. It\u2019s hard to tell the bitter ones who\u2019ve worked out \u201cindependence\u201d isn\u2019t happening from the cranks just trying to wind \u201cthe Yoons\u201d up from the rabid moon howlers who actually think it\u2019s going to happen. \n\nCivic, joyous and utterly, utterly stupid \ud83e\udd37"}, {"author_id": 1355630439847915526, "id": 1494759019021545481, "text": "RT @qtain1777: @TheRealDarkPool An act of charity should not be argued with.  It's easy to spit numbers out on Twitter, it's easy to be bit\u2026"}, {"author_id": 703927005318877184, "id": 1494755788442591233, "text": "\u2018Oh! That\u2019s worse, that is!\u2019...\nAre heartbreaking, each moon hell, each sun bitter:\nOn the right, another, leaning on his rifle butt,"}, {"author_id": 1494702785467584513, "id": 1494738298576596992, "text": "RT @MichaelTG09: Farmland is thawing out today. Day after full moon. I can hear the water and earth moving in the field. Tomorrow the ice w\u2026"}, {"author_id": 1281229060367175680, "id": 1494720192030588931, "text": "@sportingintel So this is all you have now? No shame in failing with your numerous frustrated and bitter attempts to bring down the club, but attacking fans with insults is desperate. Take up a different hobby like proving there was never a moon landing. \ud83d\udc4d"}, {"author_id": 864563450504196096, "id": 1494719631495417859, "text": "RT @Crusty_Clay: \"Late at night, when the sickle-moon has risen to its peak, when the sea has turned into black glass, Chip stands by the r\u2026"}, {"author_id": 1483064245852205063, "id": 1494693012751802375, "text": "RT @Jannat_Firdouse: Three things cannot be hidden - the Sun, the Moon &amp; the Truth.. And the bitter truth is Haruma was Killed &amp; we want\u2026"}, {"author_id": 1327404087244034049, "id": 1494687856475795461, "text": "RT @Jannat_Firdouse: Three things cannot be hidden - the Sun, the Moon &amp; the Truth.. And the bitter truth is Haruma was Killed &amp; we want\u2026"}, {"author_id": 1467972123817914384, "id": 1494685557292679174, "text": "RT @qtain1777: @TheRealDarkPool An act of charity should not be argued with.  It's easy to spit numbers out on Twitter, it's easy to be bit\u2026"}, {"author_id": 1441587508190404609, "id": 1494685521452412932, "text": "RT @qtain1777: @TheRealDarkPool An act of charity should not be argued with.  It's easy to spit numbers out on Twitter, it's easy to be bit\u2026"}, {"author_id": 105498404, "id": 1494680967562235907, "text": "I watched \"Bitter Moon\" recently.\n\nOne of the best erotic dramas I've watched. It turns you on and then turns you off with its sadistic plot.\n\nLove it."}, {"author_id": 1313991849560825857, "id": 1494674601216909314, "text": "A lot of it feels like they just wanted the shock value of ripping Thancred away and making players panic (which worked) but at the expense of seeing more of his character development. \n\nBut I\u2019m also bitter Urianger was on the moon during the room invite scene. *sighs*"}, {"author_id": 849753927121682432, "id": 1494673533233815552, "text": "RT @Jannat_Firdouse: Three things cannot be hidden - the Sun, the Moon &amp; the Truth.. And the bitter truth is Haruma was Killed &amp; we want\u2026"}, {"author_id": 1490431413421760524, "id": 1494667554593415168, "text": "RT @Jannat_Firdouse: Three things cannot be hidden - the Sun, the Moon &amp; the Truth.. And the bitter truth is Haruma was Killed &amp; we want\u2026"}, {"author_id": 1317147497622589441, "id": 1494665413329784833, "text": "RT @Jannat_Firdouse: Three things cannot be hidden - the Sun, the Moon &amp; the Truth.. And the bitter truth is Haruma was Killed &amp; we want\u2026"}, {"author_id": 1351934570375987200, "id": 1494664862198222853, "text": "RT @Jannat_Firdouse: Three things cannot be hidden - the Sun, the Moon &amp; the Truth.. And the bitter truth is Haruma was Killed &amp; we want\u2026"}, {"author_id": 1401288468077109253, "id": 1494663208325550087, "text": "RT @qtain1777: @TheRealDarkPool An act of charity should not be argued with.  It's easy to spit numbers out on Twitter, it's easy to be bit\u2026"}, {"author_id": 907998993543819265, "id": 1494662891768844298, "text": "RT @qtain1777: @TheRealDarkPool An act of charity should not be argued with.  It's easy to spit numbers out on Twitter, it's easy to be bit\u2026"}, {"author_id": 1083757014638084097, "id": 1494661164130717697, "text": "RT @Jannat_Firdouse: Three things cannot be hidden - the Sun, the Moon &amp; the Truth.. And the bitter truth is Haruma was Killed &amp; we want\u2026"}, {"author_id": 1218983937067716608, "id": 1494657918318252035, "text": "RT @Jannat_Firdouse: Three things cannot be hidden - the Sun, the Moon &amp; the Truth.. And the bitter truth is Haruma was Killed &amp; we want\u2026"}, {"author_id": 1347397858564173826, "id": 1494657477266259968, "text": "RT @qtain1777: @TheRealDarkPool An act of charity should not be argued with.  It's easy to spit numbers out on Twitter, it's easy to be bit\u2026"}, {"author_id": 1388358152232472578, "id": 1494656875043770372, "text": "RT @qtain1777: @TheRealDarkPool An act of charity should not be argued with.  It's easy to spit numbers out on Twitter, it's easy to be bit\u2026"}, {"author_id": 915053205393899525, "id": 1494656655082102786, "text": "@TheRealDarkPool An act of charity should not be argued with.  It's easy to spit numbers out on Twitter, it's easy to be bitter.  @CEOAdam has shown time and time again to be a man of quality, so take it for what it is, someone doing good, like Apes will when the moon comes."}, {"author_id": 1336552441861398528, "id": 1494655564487430148, "text": "RT @Jannat_Firdouse: Three things cannot be hidden - the Sun, the Moon &amp; the Truth.. And the bitter truth is Haruma was Killed &amp; we want\u2026"}, {"author_id": 1285938038036549632, "id": 1494654628998238208, "text": "Three things cannot be hidden - the Sun, the Moon &amp; the Truth.. And the bitter truth is Haruma was Killed &amp; we want \n\nJustice For Haruma"}, {"author_id": 1568860184, "id": 1494608455893721089, "text": "@bhrfruhling Kenvis out,the game,gone girl,mr nobody,bitter moon,frantic,melancholia,anti christ\u060cthe house jack built,...."}, {"author_id": 1348324623411249154, "id": 1494606052398145554, "text": "RT @da13thsun: So Many people are Ignoring Spiritual Truth Messages because of Perverted Religious Text of Hybrids Trickery for Trading Pla\u2026"}, {"author_id": 763600400327073792, "id": 1494592324629901336, "text": "Snyder cult ppl are so bitter lmao peacemaker is a fantastic show and I will argue it down in the DMs. Don't be so bitter over one joke with a franchise the director and BATMAN himself don't want to return to. Go support rebel moon and get of DCs dick for one second."}, {"author_id": 1325473043498545153, "id": 1494576326233239569, "text": "RT @da13thsun: So Many people are Ignoring Spiritual Truth Messages because of Perverted Religious Text of Hybrids Trickery for Trading Pla\u2026"}, {"author_id": 416035945, "id": 1494553876321783819, "text": "\"Prick your finger it is done the moon has now eclipsed the sun the angel has spread his wings the time has come for bitter things\""}, {"author_id": 1425125904804614145, "id": 1494531099707465738, "text": "Bitter sentiments of lovers scorned appear like the waxing moon; passionate and ephemeral."}, {"author_id": 1345609771127345152, "id": 1494527612344958981, "text": "But, truly, I have wept too much! The Dawns are heartbreaking. Every moon is atrocious and every sun bitter."}, {"author_id": 1467545592620466176, "id": 1494521360319537152, "text": "@moonjuiceshop How the Bitter Birdies make Moon juice @moonjuiceshop https://t.co/c4wM7Ko3vA"}, {"author_id": 1468039898318131201, "id": 1494521186193084418, "text": "Xiao XingChen, the bright moon, the gentle breeze; Song ZiChen, the distant snow, the bitter frost"}, {"author_id": 1260632628459380742, "id": 1494516874738028577, "text": "@SAlLOR_ANYA true. i think theyre all just bitter that u have a monopoly on sailor moon gifs"}, {"author_id": 1452049449358970886, "id": 1494496767064387603, "text": "@liara_moon Haha this is a bitter sweet simphony."}, {"author_id": 1451721384963493892, "id": 1494493720619667456, "text": "Bitter Moon https://t.co/Il0uFzH4f9 via @YouTube"}, {"author_id": 1457106815901224967, "id": 1494447704017186816, "text": "RT @MichaelTG09: Farmland is thawing out today. Day after full moon. I can hear the water and earth moving in the field. Tomorrow the ice w\u2026"}, {"author_id": 1266326143097061377, "id": 1494446438172041217, "text": "RT @MichaelTG09: Farmland is thawing out today. Day after full moon. I can hear the water and earth moving in the field. Tomorrow the ice w\u2026"}, {"author_id": 1414286069072371718, "id": 1494441353614434313, "text": "RT @MichaelTG09: Farmland is thawing out today. Day after full moon. I can hear the water and earth moving in the field. Tomorrow the ice w\u2026"}, {"author_id": 27073092, "id": 1494439778107932677, "text": "Farmland is thawing out today. Day after full moon. I can hear the water and earth moving in the field. Tomorrow the ice will return. These moments of reprieve from the bitter winter colds are rejuvenating. https://t.co/ApzH56yQVB"}, {"author_id": 1350762095025917957, "id": 1494410340993736704, "text": "RT @Crusty_Clay: \"Late at night, when the sickle-moon has risen to its peak, when the sea has turned into black glass, Chip stands by the r\u2026"}, {"author_id": 1144112101541253122, "id": 1494396309419216905, "text": "@yenafaarrr Bitter moon"}, {"author_id": 1047122189684592640, "id": 1494381820615475201, "text": "@shareocs i do! theyre bitter sibling gods who had a big argument thousands of years ago and will just complain about the other one to mortals.\netoila is the moon god, volilios is the sun god. i havent fully sprited them yet, just their portraits and a poster for a shopkeeper's background https://t.co/r7dSkAG2HY"}, {"author_id": 1465871610892767242, "id": 1494379597168726017, "text": "RT @Crusty_Clay: \"Late at night, when the sickle-moon has risen to its peak, when the sea has turned into black glass, Chip stands by the r\u2026"}, {"author_id": 1299782425283907592, "id": 1494374244146466818, "text": "RT @Crusty_Clay: \"Late at night, when the sickle-moon has risen to its peak, when the sea has turned into black glass, Chip stands by the r\u2026"}, {"author_id": 1259879458888089606, "id": 1494372919992012803, "text": "RT @Crusty_Clay: \"Late at night, when the sickle-moon has risen to its peak, when the sea has turned into black glass, Chip stands by the r\u2026"}, {"author_id": 1310575126665101314, "id": 1494372835208355844, "text": "RT @Crusty_Clay: \"Late at night, when the sickle-moon has risen to its peak, when the sea has turned into black glass, Chip stands by the r\u2026"}, {"author_id": 213372522, "id": 1494366412659433482, "text": "https://t.co/gy8HMHZtvP Maybe it is the gloomy atmosphere. Maybe it is the wine. Maybe I am caught up in my own pain. But it is late and I have consented my memory to bring those bitter memories."}, {"author_id": 1304864618993520641, "id": 1494363658327105538, "text": "#8\nThere's a silence so loud that it's deafening,\nAnd the moon seems unusually bright.\nThe world is sleeping to a bitter cold night,\nAnd a crystalline blanket of white.\n\nLocation: ... https://t.co/ZDpzf4GIBU"}, {"author_id": 344080587, "id": 1494352129582059525, "text": "@yenafaarrr eyes wide shut\nDamge\nPride&amp;prejudice\nBitter moon\nChocolate"}]