[{"author_id": 26853044, "id": 1495285147033288705, "text": "RT @mobzw: How am I seein people get blown away like this?\ud83d\ude2d\ud83d\ude2d\ud83d\ude2d\ud83d\ude2d\ud83d\ude2d\ud83d\ude2d https://t.co/njBXXtNnlF"}, {"author_id": 54076797, "id": 1495285079593172994, "text": "RT @LisaAnnWalter: Omg - I\u2019m blown away. \nTHANK YOU~ \ud83e\udd7a\n\nAlso - why was Hollywood making me feel like I was fat?\nLol #SizeZeroIsStupid"}, {"author_id": 1270040993866420224, "id": 1495284997951045635, "text": "@hotrodkrusher Honestly the haptic feedback and controller is something that's blown me away. It's something that almost feels like VR and completly immersed me in the games it's in. It's also the exclusives I've played not owning a ps since PS2 are phenomal."}, {"author_id": 338531812, "id": 1495284915658792960, "text": "RT @mobzw: How am I seein people get blown away like this?\ud83d\ude2d\ud83d\ude2d\ud83d\ude2d\ud83d\ude2d\ud83d\ude2d\ud83d\ude2d https://t.co/njBXXtNnlF"}, {"author_id": 1391331459521081345, "id": 1495284837640699905, "text": "RT @DishaHotwani: In the whole world with the inspiration of Sant Shri Asharam Bapu\n\u092e\u093e\u0924\u0943 \u092a\u093f\u0924\u0943 \u092a\u0942\u091c\u0928 \u0926\u093f\u0935\u0938\n#GLIMPSES_ParentsWorshipDay\nLove st\u2026"}, {"author_id": 1345245567010553856, "id": 1495284809005862912, "text": "RT @QuvarTV: I AM SHOOK, SHOCKED, A MAN WITH WORDS AND THE WORDS ARE GONE!\n\n@nothing_puppy dug through my streams, the chaos that they are,\u2026"}, {"author_id": 1329217512089608193, "id": 1495284758204403716, "text": "RT @NicholasKatsik2: I\u2019m always blown away by how beautiful Mash\u2019s final ascension artwork is. Takeuchi I kneel \ud83e\uddce https://t.co/kDBKMIulVu"}, {"author_id": 1388711801848614912, "id": 1495284754622545923, "text": "RT @agustdxjjk: Hi! Let's share our 'Stay Alive' playlists here for streaming !! We need longevity .. \ud83d\ude4f So please drop yours using the hts!\u2026"}, {"author_id": 1109304759322927105, "id": 1495284631205298177, "text": "@RachelFrank_CT Did the car to the left get blown away?"}, {"author_id": 1465282748701102090, "id": 1495284394168393728, "text": "RT @agustdxjjk: Hi! Let's share our 'Stay Alive' playlists here for streaming !! We need longevity .. \ud83d\ude4f So please drop yours using the hts!\u2026"}, {"author_id": 1477267089543114754, "id": 1495284376397139969, "text": "RT @Neladinho: 'Blown Away' https://t.co/fEdrThUfp1"}, {"author_id": 1608482437, "id": 1495284251649998848, "text": "RT @MaddockMirror: Have to say, Thiago has turned this game completely. Drive and desire in the middle to get on the ball and get Liverpool\u2026"}, {"author_id": 1142481354648481792, "id": 1495283971181068290, "text": "RT @mobzw: How am I seein people get blown away like this?\ud83d\ude2d\ud83d\ude2d\ud83d\ude2d\ud83d\ude2d\ud83d\ude2d\ud83d\ude2d https://t.co/njBXXtNnlF"}, {"author_id": 1284627169788915712, "id": 1495283942429052932, "text": "RT @mobzw: How am I seein people get blown away like this?\ud83d\ude2d\ud83d\ude2d\ud83d\ude2d\ud83d\ude2d\ud83d\ude2d\ud83d\ude2d https://t.co/njBXXtNnlF"}, {"author_id": 1237935069861273600, "id": 1495283857217576960, "text": "RT @mobzw: How am I seein people get blown away like this?\ud83d\ude2d\ud83d\ude2d\ud83d\ude2d\ud83d\ude2d\ud83d\ude2d\ud83d\ude2d https://t.co/njBXXtNnlF"}, {"author_id": 2198833976, "id": 1495283845075197952, "text": "@coffeecatharine I love medieval/renaissance church art. I got to visit the Detroit Insitute of Art in college and was blown away by some Fra Angelico paintings."}, {"author_id": 1175415535263191042, "id": 1495283815165665283, "text": "RT @LisaAnnWalter: Omg - I\u2019m blown away. \nTHANK YOU~ \ud83e\udd7a\n\nAlso - why was Hollywood making me feel like I was fat?\nLol #SizeZeroIsStupid"}, {"author_id": 4808735281, "id": 1495283657183043585, "text": "RT @LisaAnnWalter: Omg - I\u2019m blown away. \nTHANK YOU~ \ud83e\udd7a\n\nAlso - why was Hollywood making me feel like I was fat?\nLol #SizeZeroIsStupid"}, {"author_id": 1378239569636716549, "id": 1495283605962067968, "text": "@thetrocro @PeterMcCormack That was like watching one of those videos where they say \u2018wait for the end\u2019 then your blown away \ud83d\ude06 \ud83e\udd72"}, {"author_id": 749829671286673408, "id": 1495283588677390336, "text": "RT @originofspring: \u201cNo matter how many times the flowers are blown away, we can always plant them again.\u201d https://t.co/onLCDS0dGj"}, {"author_id": 1490297031688011779, "id": 1495283568183898117, "text": "RT @PegaxyOfficial: G'day mate! We want to thank you for your support. \ud83c\udde6\ud83c\uddfa\n \nWe've been blown away with how many Pegaxians there is, all ove\u2026"}, {"author_id": 1446995953488117761, "id": 1495283564488892419, "text": "@jonburger @thebu11runner we are going to be blown away"}, {"author_id": 111137707, "id": 1495283560697245696, "text": "RT @originofspring: \u201cNo matter how many times the flowers are blown away, we can always plant them again.\u201d https://t.co/onLCDS0dGj"}, {"author_id": 1394783068053852162, "id": 1495283367356473346, "text": "@KimberlyPosors1 I've been watching it grow exponentially off and on today and just being blown away by how much this stuck with people"}, {"author_id": 881192543857156096, "id": 1495283357772824578, "text": "RT @originofspring: \u201cNo matter how many times the flowers are blown away, we can always plant them again.\u201d https://t.co/onLCDS0dGj"}, {"author_id": 62384240, "id": 1495283337149231104, "text": "RT @LisaAnnWalter: Omg - I\u2019m blown away. \nTHANK YOU~ \ud83e\udd7a\n\nAlso - why was Hollywood making me feel like I was fat?\nLol #SizeZeroIsStupid"}, {"author_id": 1432739976630865920, "id": 1495283252000538625, "text": "RT @technologypoet: I had an opportunity to connect with @EGLDIsTheWay tonight. Again I am blown away by the passion and dedication he brin\u2026"}, {"author_id": 1270163116006035457, "id": 1495283233503817733, "text": "RT @mobzw: How am I seein people get blown away like this?\ud83d\ude2d\ud83d\ude2d\ud83d\ude2d\ud83d\ude2d\ud83d\ude2d\ud83d\ude2d https://t.co/njBXXtNnlF"}, {"author_id": 1332873009015762944, "id": 1495283210963636226, "text": "I AM SHOOK, SHOCKED, A MAN WITH WORDS AND THE WORDS ARE GONE!\n\n@nothing_puppy dug through my streams, the chaos that they are, and pieced together this M(ASS)TERPIECE of animation and artwork and I AM BLOWN AWAY\n\nGIVE THEM LOVE THEY ARE LEGEND \ud83d\udc9c\n\nhttps://t.co/eBS23qfUpP\n\n#Vtuber"}, {"author_id": 107616942, "id": 1495283167254949888, "text": "RT @mobzw: How am I seein people get blown away like this?\ud83d\ude2d\ud83d\ude2d\ud83d\ude2d\ud83d\ude2d\ud83d\ude2d\ud83d\ude2d https://t.co/njBXXtNnlF"}, {"author_id": 341835519, "id": 1495283104323354625, "text": "RT @LisaAnnWalter: Omg - I\u2019m blown away. \nTHANK YOU~ \ud83e\udd7a\n\nAlso - why was Hollywood making me feel like I was fat?\nLol #SizeZeroIsStupid"}, {"author_id": 1071734745145466881, "id": 1495283075487522820, "text": "RT @agustdxjjk: Hi! Let's share our 'Stay Alive' playlists here for streaming !! We need longevity .. \ud83d\ude4f So please drop yours using the hts!\u2026"}, {"author_id": 142032752, "id": 1495282948685369347, "text": "RT @LisaAnnWalter: Omg - I\u2019m blown away. \nTHANK YOU~ \ud83e\udd7a\n\nAlso - why was Hollywood making me feel like I was fat?\nLol #SizeZeroIsStupid"}, {"author_id": 1442923706863407106, "id": 1495282850446573569, "text": "Okay, I'm completely blown away and can't wait to see the project with all of its revolutions and breakthroughs. Thank you to everyone who worked so hard to make this project a reality.\n@HannahT75411220 @KatiePopz9 @JeanRis05885642\n#starlight #Solana #neum #airdrop https://t.co/ywCmBFbmrK"}, {"author_id": 72670477, "id": 1495282703289176069, "text": "RT @mobzw: How am I seein people get blown away like this?\ud83d\ude2d\ud83d\ude2d\ud83d\ude2d\ud83d\ude2d\ud83d\ude2d\ud83d\ude2d https://t.co/njBXXtNnlF"}, {"author_id": 355199901, "id": 1495282540172787712, "text": "RT @netflix: Still blown away by how brilliant Marshawn Lynch is at improvisation \u2014 the way he delivers this line in Murderville is honestl\u2026"}, {"author_id": 24438736, "id": 1495282532367024128, "text": "@jimmiemyers I love those practical lights! They know when to pull them out to push certain energies and emotions. Blown away by the show. Just finished season one."}, {"author_id": 1483057630507843586, "id": 1495282502550044675, "text": "RT @SujitKu85803556: Worshiped the parents by getting emotional,\nLove stream of tears from  eyes.\nHearts of parents spilled,\nThe whole body\u2026"}, {"author_id": 1368561290315141127, "id": 1495282497261039616, "text": "RT @janvisikri83: @Shishir25381329 #GLIMPSES_ParentsWorshipDay\nWorshiped the parents by getting emotional,\nLove stream of tears from  eyes.\u2026"}, {"author_id": 1410481132630646795, "id": 1495282459952525312, "text": "RT @gabberdraw: Some slight spoilers for #TheLegendofVoxMachina but i am not immune to villain couples and unhinged grieving. This whole se\u2026"}, {"author_id": 1491700315837837312, "id": 1495282412976164864, "text": "RT @DishaHotwani: In the whole world with the inspiration of Sant Shri Asharam Bapu\n\u092e\u093e\u0924\u0943 \u092a\u093f\u0924\u0943 \u092a\u0942\u091c\u0928 \u0926\u093f\u0935\u0938\n#GLIMPSES_ParentsWorshipDay\nLove st\u2026"}, {"author_id": 2830860356, "id": 1495282265777082370, "text": "@anthony_burch I'm blown away by little things like the body diversity in character models. Was trying to think when the last time I saw a moderately-fat person in video games, it's always thin-buff default model or notably enormous (and usually played as gross and/or a joke)"}, {"author_id": 1399816257734590467, "id": 1495282192989179911, "text": "RT @gabberdraw: Some slight spoilers for #TheLegendofVoxMachina but i am not immune to villain couples and unhinged grieving. This whole se\u2026"}, {"author_id": 1377555054123700225, "id": 1495282180699959296, "text": "@rukiddingmelolz I was blown away by how people trusted them that much \ud83d\ude02\ud83e\udd26\ud83c\udffe\u200d\u2640\ufe0f"}, {"author_id": 1024873735910768640, "id": 1495282148911509505, "text": "RT @NicholasKatsik2: I\u2019m always blown away by how beautiful Mash\u2019s final ascension artwork is. Takeuchi I kneel \ud83e\uddce https://t.co/kDBKMIulVu"}, {"author_id": 4065764654, "id": 1495281941188284416, "text": "RT @mobzw: How am I seein people get blown away like this?\ud83d\ude2d\ud83d\ude2d\ud83d\ude2d\ud83d\ude2d\ud83d\ude2d\ud83d\ude2d https://t.co/njBXXtNnlF"}, {"author_id": 1042963278, "id": 1495281932162068480, "text": "@jbinnall Time yet again for Americans to decide whether they're okay with children getting blown away in schools.\n\nStupid question. Roughly 40% of them are fine with it."}, {"author_id": 1097766848777543680, "id": 1495281918551945217, "text": "RT @originofspring: \u201cNo matter how many times the flowers are blown away, we can always plant them again.\u201d https://t.co/onLCDS0dGj"}, {"author_id": 1168586283893100544, "id": 1495281838452928514, "text": "RT @DishaHotwani: In the whole world with the inspiration of Sant Shri Asharam Bapu\n\u092e\u093e\u0924\u0943 \u092a\u093f\u0924\u0943 \u092a\u0942\u091c\u0928 \u0926\u093f\u0935\u0938\n#GLIMPSES_ParentsWorshipDay\nLove st\u2026"}, {"author_id": 797816085441630209, "id": 1495281613336371205, "text": "@kaaningilamo I must say, I was not blown away. Maybe my pallet is not sophisticated enough."}, {"author_id": 879072668, "id": 1495281596878016512, "text": "i still cant believe the sonic 1 prototype is something we finally got to see last year i cant believe its real. every time i think about it im just still blown away by it. people have been trying to track down those magazine shots and everything for 30 years"}, {"author_id": 4641107185, "id": 1495281594701021184, "text": "RT @mobzw: How am I seein people get blown away like this?\ud83d\ude2d\ud83d\ude2d\ud83d\ude2d\ud83d\ude2d\ud83d\ude2d\ud83d\ude2d https://t.co/njBXXtNnlF"}, {"author_id": 1324422460478050304, "id": 1495281492620103680, "text": "people who find gnf through tiktok first must be fucking blown away by his youtube and streaming content bc that is not the same person \ud83d\ude2d\ud83d\ude2d\ud83d\ude2d"}, {"author_id": 218115138, "id": 1495281398605058048, "text": "RT @mobzw: How am I seein people get blown away like this?\ud83d\ude2d\ud83d\ude2d\ud83d\ude2d\ud83d\ude2d\ud83d\ude2d\ud83d\ude2d https://t.co/njBXXtNnlF"}, {"author_id": 1249951484, "id": 1495281327876182017, "text": "RT @femalelroom: PWI reporting originally the #WWEChamber match had Alexa &amp; Bianca pinning each other at the same time with Belair kicking\u2026"}, {"author_id": 280779114, "id": 1495281324210352130, "text": "RT @DedeNuryakin: @Yony54967643 Happy Weekend dear Yony. I am blown away looking at your beauty. You look so sweet and very beautiful. I lo\u2026"}, {"author_id": 1154945409078325249, "id": 1495281247245185027, "text": "RT @LisaAnnWalter: Omg - I\u2019m blown away. \nTHANK YOU~ \ud83e\udd7a\n\nAlso - why was Hollywood making me feel like I was fat?\nLol #SizeZeroIsStupid"}, {"author_id": 1042963278, "id": 1495281098594476034, "text": "@jbinnall Yes, please look north, where we have 85% fewer gun murders per capita than America and kids don't get blown away in schools. And where we don't go bankrupt from medical bills.\n\nGuess that sounds awful to people like you, but I'll take it over your bloodsoaked hellscape any day."}, {"author_id": 3006451763, "id": 1495280799373004803, "text": "RT @originofspring: \u201cNo matter how many times the flowers are blown away, we can always plant them again.\u201d https://t.co/onLCDS0dGj"}, {"author_id": 882017075216175104, "id": 1495280759472631808, "text": "RT @LisaAnnWalter: Omg - I\u2019m blown away. \nTHANK YOU~ \ud83e\udd7a\n\nAlso - why was Hollywood making me feel like I was fat?\nLol #SizeZeroIsStupid"}, {"author_id": 1493958744476200972, "id": 1495280463107145730, "text": "RT @originofspring: \u201cNo matter how many times the flowers are blown away, we can always plant them again.\u201d https://t.co/onLCDS0dGj"}, {"author_id": 1362780977416708106, "id": 1495280399064387586, "text": "Forty days and I miss you\nI'm so high that I've lost my mind\nIt's the summer I'm thinking of\nForty days and I'm blown away\n\n40 Days / Slowdive"}, {"author_id": 845839664976035841, "id": 1495280125541158921, "text": "Watching Attack on Titan Final Season. This show never fails to deliver and has blown me away in every season. \nI will say this, though. \nNot a fan of long haired Eren and short haired Mikasa."}, {"author_id": 1060752490071777280, "id": 1495280078221099013, "text": "blown away by all the people who tagged hp in the comments \ud83d\ude2d imma cry you guys"}, {"author_id": 21457771, "id": 1495280057236869121, "text": "RT @365DaysOfAretha: The two met when they were just kids. Smokey often reminisced about being friends with Aretha's brother Cecil first, a\u2026"}, {"author_id": 1364566261280088066, "id": 1495279915628781572, "text": "Yami In AThursday OnHotstar is certainly a top class performance. She is in a never before seen avatar and completely nails the role. Watch it and get blown away.\n\nWatch AThursday On Hotstar"}, {"author_id": 1052514104932532224, "id": 1495279829670936581, "text": "RT @takanashikiara: It was btw smth like the house I was in suddenly started shaking and being blown away by a hurricane while I was in it\u2026"}, {"author_id": 58402161, "id": 1495279828156952580, "text": "RT @adamjohnsonNYC: Constantly blown away by the gall of this man. In Sept, he re-upped his PR contract with the UAE for $1.6M after cleari\u2026"}, {"author_id": 219771927, "id": 1495279822754365441, "text": "RT @LisaAnnWalter: Omg - I\u2019m blown away. \nTHANK YOU~ \ud83e\udd7a\n\nAlso - why was Hollywood making me feel like I was fat?\nLol #SizeZeroIsStupid"}, {"author_id": 1359191985983270914, "id": 1495279706786119682, "text": "RT @originofspring: \u201cNo matter how many times the flowers are blown away, we can always plant them again.\u201d https://t.co/onLCDS0dGj"}, {"author_id": 1294004031476637696, "id": 1495279699207110656, "text": "RT @femalelroom: PWI reporting originally the #WWEChamber match had Alexa &amp; Bianca pinning each other at the same time with Belair kicking\u2026"}, {"author_id": 2871597838, "id": 1495279655011635203, "text": "RT @LisaAnnWalter: Omg - I\u2019m blown away. \nTHANK YOU~ \ud83e\udd7a\n\nAlso - why was Hollywood making me feel like I was fat?\nLol #SizeZeroIsStupid"}, {"author_id": 1120375766120665090, "id": 1495279614385876999, "text": "RT @originofspring: \u201cNo matter how many times the flowers are blown away, we can always plant them again.\u201d https://t.co/onLCDS0dGj"}, {"author_id": 886429205541638144, "id": 1495279387108855808, "text": "RT @mobzw: How am I seein people get blown away like this?\ud83d\ude2d\ud83d\ude2d\ud83d\ude2d\ud83d\ude2d\ud83d\ude2d\ud83d\ude2d https://t.co/njBXXtNnlF"}, {"author_id": 34648085, "id": 1495279338840723456, "text": "\u201cNo matter how many times the flowers are blown away, we can always plant them again.\u201d https://t.co/onLCDS0dGj"}, {"author_id": 1161617348320800769, "id": 1495279298164445185, "text": "RT @mobzw: How am I seein people get blown away like this?\ud83d\ude2d\ud83d\ude2d\ud83d\ude2d\ud83d\ude2d\ud83d\ude2d\ud83d\ude2d https://t.co/njBXXtNnlF"}, {"author_id": 1148242626530775040, "id": 1495279120497795072, "text": "RT @Gautham_Karthik: Watched #FIR yesterday!\n@TheVishnuVishal you were just WOW! \nBlown away by the direction, music and performances, an a\u2026"}, {"author_id": 1268024304979116032, "id": 1495279094199631874, "text": "I hope all scooter riders get blown away"}, {"author_id": 8561102, "id": 1495278980370423808, "text": "RT @netflix: Still blown away by how brilliant Marshawn Lynch is at improvisation \u2014 the way he delivers this line in Murderville is honestl\u2026"}, {"author_id": 373622097, "id": 1495278776061763585, "text": "RT @LisaAnnWalter: Omg - I\u2019m blown away. \nTHANK YOU~ \ud83e\udd7a\n\nAlso - why was Hollywood making me feel like I was fat?\nLol #SizeZeroIsStupid"}, {"author_id": 1013411005, "id": 1495278767828262912, "text": "@ColesonFox It's fucking incredible. The character models, the intricacies of the machines, the environments... I'm blown away"}, {"author_id": 1881251989, "id": 1495278702376091648, "text": "RT @gabberdraw: Some slight spoilers for #TheLegendofVoxMachina but i am not immune to villain couples and unhinged grieving. This whole se\u2026"}, {"author_id": 1369719760913539073, "id": 1495278693727367169, "text": "I am absolutely blown away \ud83e\udd7a\ud83d\ude4f\ud83c\udffb thank you so so so much to @ItsBaeporeon for my first raid tonight \ud83e\udd72\ud83e\udd72\ud83e\udd72\ud83e\udd72 you are such an amazing person and ILY SO MUCH!!!"}, {"author_id": 896590730646274048, "id": 1495278636860989443, "text": "RT @RajniRa60833578: @rajeshmadaan13 #GLIMPSES_ParentsWorshipDay\nWorshiped the parents by getting emotional,\nLove stream of tears from  eye\u2026"}, {"author_id": 1124440724, "id": 1495278597967269888, "text": "RT @LisaAnnWalter: Omg - I\u2019m blown away. \nTHANK YOU~ \ud83e\udd7a\n\nAlso - why was Hollywood making me feel like I was fat?\nLol #SizeZeroIsStupid"}, {"author_id": 2256881848, "id": 1495278587460689924, "text": "RT @pixi_GFE: \u26a0\ufe0f Get ready to be blown away for the second time this weekend\u26a0\ufe0f \n\n\ud83d\udccd175A KETTERING RD NN1 4BP\n\u23f0 11AM - 19.30PM\n\u260e\ufe0f 01604 63644\u2026"}, {"author_id": 1320881641212964865, "id": 1495278489267625984, "text": "Watched Finding Joe and was blown away how good it was and how much I needed to hear all of it! #findingjoe look it up, it\u2019s worth it! https://t.co/KLDzpk5AdO"}, {"author_id": 1392170236325990403, "id": 1495278361136201729, "text": "RT @domcheol: i\u2019m blown away by his visuals, model seungcheol is such a blessing https://t.co/otWMvMtXys"}, {"author_id": 30357290, "id": 1495278340328108033, "text": "RT @mobzw: How am I seein people get blown away like this?\ud83d\ude2d\ud83d\ude2d\ud83d\ude2d\ud83d\ude2d\ud83d\ude2d\ud83d\ude2d https://t.co/njBXXtNnlF"}, {"author_id": 29554830, "id": 1495278338314846208, "text": "RT @LisaAnnWalter: Omg - I\u2019m blown away. \nTHANK YOU~ \ud83e\udd7a\n\nAlso - why was Hollywood making me feel like I was fat?\nLol #SizeZeroIsStupid"}, {"author_id": 1343688534578835462, "id": 1495278101214998528, "text": "RT @HatebitX: Some Anon colored my plugsuit Reggie doodle MASTERFULLY and I am BLOWN AWAY by how good this looks! I only wish I knew who it\u2026"}, {"author_id": 16541356, "id": 1495278006918647814, "text": "RT @netflix: Still blown away by how brilliant Marshawn Lynch is at improvisation \u2014 the way he delivers this line in Murderville is honestl\u2026"}, {"author_id": 1471016895063019522, "id": 1495277979496189955, "text": "Sometimes I\u2019m blown away by how long euphoria has been out bc it first premiered while szn 2 was going on. \ud83d\ude2d"}, {"author_id": 2184463385, "id": 1495277942913392644, "text": "RT @LisaAnnWalter: Omg - I\u2019m blown away. \nTHANK YOU~ \ud83e\udd7a\n\nAlso - why was Hollywood making me feel like I was fat?\nLol #SizeZeroIsStupid"}, {"author_id": 1286401197604184065, "id": 1495277802790162433, "text": "RT @LisaAnnWalter: Omg - I\u2019m blown away. \nTHANK YOU~ \ud83e\udd7a\n\nAlso - why was Hollywood making me feel like I was fat?\nLol #SizeZeroIsStupid"}, {"author_id": 1254340549324279808, "id": 1495277756707336193, "text": "RT @RajniRa60833578: @rajeshmadaan13 #GLIMPSES_ParentsWorshipDay\nWorshiped the parents by getting emotional,\nLove stream of tears from  eye\u2026"}, {"author_id": 931000510781513730, "id": 1495277755268743170, "text": "RT @gabberdraw: Some slight spoilers for #TheLegendofVoxMachina but i am not immune to villain couples and unhinged grieving. This whole se\u2026"}, {"author_id": 284264516, "id": 1495277631591239682, "text": "RT @gabberdraw: Some slight spoilers for #TheLegendofVoxMachina but i am not immune to villain couples and unhinged grieving. This whole se\u2026"}]