[{"author_id": 802810041472454656, "id": 1495278598273441793, "text": "Cosmo Samurai 2 or invasion of the body snatchers? #cosmosamurai2"}, {"author_id": 2868338588, "id": 1495276084002058243, "text": "@LoriHogue4 @JasonStrummer Good movie. Invasion of the Body Snatchers, too."}, {"author_id": 2833616831, "id": 1495274998440865794, "text": "@onefussyone This is invasion of the body snatchers."}, {"author_id": 1633013678, "id": 1495268360690577408, "text": "RT @SlipKid24: You know, I love Carolyn Jones in everything she did. But my all time favorite role of hers was as Theodora \u201cTeddy\u201d Belicec\u2026"}, {"author_id": 625008448, "id": 1495268163373748225, "text": "You know, I love Carolyn Jones in everything she did. But my all time favorite role of hers was as Theodora \u201cTeddy\u201d Belicec in \u201cInvasion of the Body Snatchers.\u201d #metvkolchak https://t.co/ntLs69DQTF"}, {"author_id": 1075172176356102149, "id": 1495266256479522819, "text": "Invasion Of The Body Snatchers is free on youtube rn!! https://t.co/jHBj1vuYDX"}, {"author_id": 938450114, "id": 1495265553715318786, "text": "@MrAhmednurAli Donald Trump has exported his ideas and obnoxious behaviours to Canada. It reminds me of that old sci fi film \u201cInvasion of the Body Snatchers.\u201d"}, {"author_id": 933281762045673473, "id": 1495264254328455178, "text": "@JasonStrummer The star of Invasion of the Body Snatchers, Donald Sutherland."}, {"author_id": 1438539399806001155, "id": 1495263307665752066, "text": "RT @MarieHorrorFan: Invasion of the Body Snatchers (1978) https://t.co/K5SBgCO3mA"}, {"author_id": 891474717894483968, "id": 1495259884807467008, "text": "@2Legit2quitBreZ @asstormx I cannot mess with possession / demon movies cuz they freak me out TOO much. I\u2019ve been on cheesy 80s movies like invasion of the body snatchers"}, {"author_id": 1333286214087045120, "id": 1495259788229238788, "text": "@richsignorelli Seem to keep crawling out of the darkness like body snatchers."}, {"author_id": 893144871267061762, "id": 1495258336211570689, "text": "@BrianCaskeyNC @JasonStrummer Invasion of the body snatchers 1978."}, {"author_id": 2459822077, "id": 1495254811578859524, "text": "RT @TheKazooHero: Invasion of the Body Snatchers ('78)\nJapanese Poster \ud83c\uddef\ud83c\uddf5 https://t.co/ir673JFdhF"}, {"author_id": 400401930, "id": 1495246889825947648, "text": "@lulu_number1 The invasion of the body snatchers"}, {"author_id": 1704769807, "id": 1495245076649418754, "text": "I always think I don\u2019t like sci-fi, but when I sit down and think about it, quite a few of my favorite movies are sci-fi. Possessor, Annihilation, Under the Skin, Alien, Blade Runner, Invasion of the Body Snatchers. I just don\u2019t think of them as sci-fi as much as horror"}, {"author_id": 1286092259121934337, "id": 1495241569296867334, "text": "@ToonEzon @JamesHedrick20 @JasonStrummer The best version of Body Snatchers imho"}, {"author_id": 3939379033, "id": 1495240133624438785, "text": "@JamesHedrick20 @LacroixJeanMar4 @JasonStrummer i was making a reference to his role in the 80s remake of invasion of the body snatchers"}, {"author_id": 2370756195, "id": 1495239213943595008, "text": "@rtndaily @ArtValley818_ Who are these people? It's like the Invasion of the Body Snatchers!  The government &amp; police have lost all perspective.  They didn't treat BLM  this way. Does that mean that they are prejudiced, or bigoted? God forbid."}, {"author_id": 733348440609071104, "id": 1495239154371903490, "text": "@HKWinter1 @AdamBrimson @JohnARead Yeah, I've been feeling like I live in a world taken over by body snatchers"}, {"author_id": 776471367608709120, "id": 1495239138630516736, "text": "Body snatchers really creep me out, which is why I'm not EXACTLY cool with the two big action comedies I've watched recently being ABOUT BODY SNATCHERS PLEASE STOP"}, {"author_id": 1437778559439880192, "id": 1495236224159731716, "text": "@Npa1Boyce @JasonStrummer This is what I remember him by. Invasion of the body snatchers."}, {"author_id": 1453436924442595328, "id": 1495233128826384388, "text": "@BretWeinstein @skdh I think they have lost their minds to something which has invaded.\n\nLike in Invasion of the body snatchers exactly. \n\nMany, including Castaneda, talk of extra-sensory experience of beings draining energy - Succubus/Incubus. \n\nThis exists."}, {"author_id": 796167209655607297, "id": 1495231436282077187, "text": "@JasonStrummer the guy that played in invasion of the body snatchers?"}, {"author_id": 411244066, "id": 1495230436011823105, "text": "grabbed drinks with a friend last night who told me that he hated fetch the bolt cutters.....  felt like i was in invasion of the body snatchers"}, {"author_id": 883316162, "id": 1495229289725411328, "text": "@Nursecindy9 @mccaffreyr3 @JDVance1 It's like Invasion of the Body Snatchers, only it's the minds that have been seized."}, {"author_id": 27570579, "id": 1495222589169573889, "text": "@ComradeVero Makes one think about the old movie, \u201cInvasion of The Body Snatchers\u201d \n\nOnly wany any of this makes sense.\n\nI don\u2019t humanity being this fucked up, in my youth I knew we had issues\u2026but this way way beyond normal."}, {"author_id": 1859070366, "id": 1495219194371129346, "text": "@JasonStrummer I can't remember his name but I know he was in Invasion of the Body Snatchers."}, {"author_id": 1495101144942747649, "id": 1495218637384343553, "text": "@BirthingParent @eva_kurilova It's like watching a cult spread in real time. Or invasion of the body snatchers."}, {"author_id": 1333401501440618496, "id": 1495217104701825029, "text": "This is the Invasion of the Body Snatchers for REAL! ;-) https://t.co/kCRRBCIkbh"}, {"author_id": 1184153826, "id": 1495213902568861699, "text": "@wochie @dwayne_media @eightfoldpathPM @normal_food I watched invasion of the body snatchers last night too. have you seen that?"}, {"author_id": 897749341594673153, "id": 1495210513248264193, "text": "@DeepState_Shu2 Invasion of the Body Snatchers - the original, not the remake"}, {"author_id": 257086575, "id": 1495207682613067781, "text": "Huh, didn't realize Pedro Pascal was Donald Sutherland's pod double in Body Snatchers. https://t.co/hxU8X7Byx7"}, {"author_id": 38935120, "id": 1495207404975308803, "text": "@JasonStrummer Donald Sutherland - I\u2019m guessing before his Invasion of the Body Snatchers Jheri curl of the late 1970s. \ud83e\udd23\ud83e\udd23 https://t.co/WC2wsMhVR7"}, {"author_id": 972276019062288385, "id": 1495205598245400578, "text": "\u2018Klute\u2019 is such a great Donald Sutherland movie. He has so many classics; \u2018Don\u2019t Look Now\u2019, \u2018Invasion Of The Body Snatchers\u2019 is also a classic. He really brought a gravitas to the films that he starred in. \u2018Six \u2018Degrees Of Separation\u2019 is also a favourite"}, {"author_id": 4716677681, "id": 1495204556569026567, "text": "Salem's Lot\n\nExtremely funny that King wrote a main character writer who hooks up with a hot young woman. Basically invasion of the body snatchers but it's vampires, good stuff https://t.co/VR48PuFJkD"}, {"author_id": 1652294281, "id": 1495203872058458116, "text": "The Moons - Body Snatchers (Official video) https://t.co/BWJpbXdUNN"}, {"author_id": 967135895622217730, "id": 1495203104777814024, "text": "@FrankBullitts Invasion of the Body Snatchers or They Live seem like documentaries now, no?\ud83e\udd14\ud83e\udd28"}, {"author_id": 1491141998530732034, "id": 1495200588291788809, "text": "Body snatchers never works but brilliantly designed is accuracy every time#Truth#aljazeera#Cheekar#tigeressriverflows#chacjalabaschiigoes#ink#brilliance#Closed#baitshackred https://t.co/Di3AMTzH65"}, {"author_id": 17602996, "id": 1495196361586663425, "text": "RT @genuinedavid: @itsonlywords Science has been relegated to the dustbin of history and replaced with its woke imitation #TheScience\u2122\ufe0f, in\u2026"}, {"author_id": 469838855, "id": 1495193575591530497, "text": "RT @JeffHorrorFan: Invasion of the Body Snatchers 1978 @MarieHorrorFan \ud83d\udc95 https://t.co/8q0YjG9LOe"}, {"author_id": 1438225145005371392, "id": 1495190841169563650, "text": "@dgardner MAGA really is like a virus. Watching once normal, formerly reasonable people fall down that rabbit hole is like the old movie Invasion of the Body Snatchers or the Cordyceps parasitic fungus, which takes over the host\u2019s brain and turns it into a zombie."}, {"author_id": 209768008, "id": 1495186642105110529, "text": "@Emandeli @taradublinrocks @TwitterSupport Invasion of the Body Snatchers"}, {"author_id": 456393142, "id": 1495182792157581314, "text": "@MaceLikeSpace Gene and Donald double feature series: The French Connection/Klute, The Conversation/Invasion Of The Body Snatchers, Night Moves/Don\u2019t Look Now, The Royal Tenenbaums/Ordinary People."}, {"author_id": 125169945, "id": 1495175003054260231, "text": "RT @ydi99: @JasonStrummer Donald Sutherland circa Invasion of the Body Snatchers. A terrifying movie."}, {"author_id": 125169945, "id": 1495174892911837188, "text": "@JasonStrummer Donald Sutherland circa Invasion of the Body Snatchers. A terrifying movie."}, {"author_id": 2823077383, "id": 1495174662539653121, "text": "@behindtheman80 That'd be fun\nBut I'd end up this one\ud83e\udd26\u200d\u2642\ufe0f\nHuman Dog Invasion of the Body Snatchers / jdaaam\nhttps://t.co/dZ8hA4VlHI"}, {"author_id": 15115172, "id": 1495174007376674816, "text": "@itsonlywords Science has been relegated to the dustbin of history and replaced with its woke imitation #TheScience\u2122\ufe0f, in the same way much of society is horrifically imitating the movie Invasion of the Body Snatchers."}, {"author_id": 1176912104831561728, "id": 1495173177705697285, "text": "@CBCAlerts Has there been an invasion of the body snatchers that the mainstream media hasn't covered?"}, {"author_id": 774677707510644736, "id": 1495173074114785286, "text": "@LadyMenopause @Blackestsheep @JasonStrummer That pic is from Invasion of the body Snatchers (same year, 1978)"}, {"author_id": 1388129257038168066, "id": 1495172412727566340, "text": "Anytime I say something intelligent to the pro vaxx crowd.  They stop talking to me. It's like Invasion of the body snatchers. They can't provide answer without a 5G download."}, {"author_id": 1010947334337974274, "id": 1495171699536547901, "text": "RT @JeffHorrorFan: Invasion of the Body Snatchers 1978 @MarieHorrorFan \ud83d\udc95 https://t.co/8q0YjG9LOe"}, {"author_id": 1426012126976651266, "id": 1495171359865028608, "text": "@mark_salisbury Ordinary People, M*A*S*H, Invasion of the Body Snatchers. I couldn\u2019t choose just one."}, {"author_id": 40270440, "id": 1495171254030057475, "text": "@MediumAtomic Body snatchers reference right? \ud83d\ude02\nhttps://t.co/FpMUXvV5hM"}, {"author_id": 1463195773332430850, "id": 1495170575031050242, "text": "@JasonStrummer That screaming guy from invasion of the body snatchers \ud83d\ude2e"}, {"author_id": 219670959, "id": 1495168713770868745, "text": "@WinterOakPress It feels like we're trapped in a remake of *Invasion of the Body Snatchers*."}, {"author_id": 200542449, "id": 1495166466324377600, "text": "@JasonStrummer And Invasion of the Body Snatchers 1978 https://t.co/heaeBAt8Nc"}, {"author_id": 1189938227051978752, "id": 1495163468445532164, "text": "@MalcolmNance @JDVance1 I bought his book when it was fresh on the scene. Now I realize it was fiction. Right up there with Invasion of the Body Snatchers \ud83d\ude1e"}, {"author_id": 122783146, "id": 1495157536143597573, "text": "#DonaldSutherland is trending reminds me to watch 1978 Invasion of the Body Snatchers remake https://t.co/hWDolEStK9 #horror #scifi #movie"}, {"author_id": 2629489590, "id": 1495155669254639617, "text": "99% of the Worlds populations are already Spartucas's, Neo's, John and Sarah Conners and brave Hearts knowingly and unknowingly trying to survive and expose the Twilight zone bullsh##'s,imposed on us, the body snatchers measures they have for us,in a Skynetted Matrix environment"}, {"author_id": 1449086868, "id": 1495155581728047105, "text": "@FrancineB12 @wizzybif @okiegirl888 I\u2019ve said the same thing for months now\u2026 body snatchers!"}, {"author_id": 4716882492, "id": 1495152843166470144, "text": "@taratreetop @JasonStrummer Klute\nOrdinary People\nInvasion of the Body Snatchers\n\nAnd, for mega-hotness-\n\nDon't Look Now"}, {"author_id": 3167136993, "id": 1495147896861339659, "text": "@scotter810 Lol good ol Body Snatchers"}, {"author_id": 1269663605529513984, "id": 1495147738417156096, "text": "RT @shawnteNorth: Donald Sutherland is a superb actor. His original: Invasion of The Body Snatchers has never been topped\nSuch a good &amp; sca\u2026"}, {"author_id": 3527709681, "id": 1495147195644981255, "text": "RT @FrancineB12: @wizzybif @okiegirl888 That must be difficult to deal with. It\u2019s like a case of the body snatchers. They look like people\u2026"}, {"author_id": 1329866788322959360, "id": 1495145801173012480, "text": "@JasonStrummer Easy Peezy. Think \u201c invasion of the body snatchers\u201d"}, {"author_id": 2148027972, "id": 1495144255341219843, "text": "in oro valley feeling like im in invasion of the body snatchers"}, {"author_id": 1474865483752951809, "id": 1495143607833030658, "text": "RT @FrancineB12: @wizzybif @okiegirl888 That must be difficult to deal with. It\u2019s like a case of the body snatchers. They look like people\u2026"}, {"author_id": 129605278, "id": 1495141185081516035, "text": "@CynthiaHarless1 Invasion of the Body Snatchers"}, {"author_id": 186858617, "id": 1495140749469487105, "text": "Don\u2019t Look Now, Klute, Invasion of the Body Snatchers https://t.co/VjHc9bkexs"}, {"author_id": 1376552970863538182, "id": 1495140588718632969, "text": "@JasonStrummer Legend. Watched Invasion of Body Snatchers for the 1st time ever for Halloween. Masterpiece"}, {"author_id": 1494177754039959555, "id": 1495134866031235073, "text": "Invasion of the Body Snatchers"}, {"author_id": 3899412072, "id": 1495133602530664455, "text": "@scotter810 Invasion of the Body Snatchers is more prescient today than ever with cancel/woke culture.  Leftists are the pod people who have infiltrated the government, military, media, and about every other institution."}, {"author_id": 765130, "id": 1495132479300288514, "text": "Since Donald Sutherland is trending, watch Invasion of the Body Snatchers (1978). Keep an eye on the people in the background. Also, I swear that's William S. Burroughs in the bookstore. I don't think he even know he was in it."}, {"author_id": 992875640536862720, "id": 1495131504296574976, "text": "@HorrorNHaunted Harry the banjo player with dog pre pod fusion in Invasion of the Body Snatchers. https://t.co/eFcZPMLQT4"}, {"author_id": 267265348, "id": 1495130025510809606, "text": "@hershey_jj I love him in everything, especially the horrific end of Invasion of the Body Snatchers."}, {"author_id": 1611121412, "id": 1495129551948550145, "text": "RT @BobbyCastro1994: \"What happened in your room is not an isolated incident. It is something that is happening everywhere..\"\n\nMeg Tilly in\u2026"}, {"author_id": 1010947334337974274, "id": 1495128433201872897, "text": "RT @MarieHorrorFan: Invasion of the Body Snatchers (1978) https://t.co/K5SBgCO3mA"}, {"author_id": 1456040056251195394, "id": 1495128360581804033, "text": "@JasonStrummer The plant man at the end of Invasion of the body snatchers! :-o"}, {"author_id": 1281660648, "id": 1495125014445793284, "text": "RT @MarieHorrorFan: Invasion of the Body Snatchers (1978) https://t.co/K5SBgCO3mA"}, {"author_id": 35051877, "id": 1495124429969444864, "text": "@FireyTopaz @TBro_6and12 @RonFilipkowski eh, it's everywhere.  \nIt's like 'The Walking Dead.' \nor 'Invasion of the Body Snatchers.'\nYou take it in stride."}, {"author_id": 345981451, "id": 1495123544715501582, "text": "@AlbaPartyTime I blame the 'Body Snatchers'."}, {"author_id": 979843517441703936, "id": 1495122054554652673, "text": "@ElijahSchaffer \u201cInvasion of the Body Snatchers\u201d Never thought I would actually see it come to life"}, {"author_id": 43170475, "id": 1495121398087372801, "text": "@TheJoeLynch @creepyduckart it's one of those movies that, like Body Snatchers, deserves a revisit with every generation"}, {"author_id": 219070080, "id": 1495120394805727235, "text": "EYE OF THE NEEDLE, though KLUTE, DON\u2019T LOOK NOW, and INVASION OF THE BODY SNATCHERS are up there on the list, too. https://t.co/W5E8f4e5DO"}, {"author_id": 1339277893873008641, "id": 1495118930137935872, "text": "@Daytobehappy HE IS A GREAT ACTOR ONE OF MY FAVS TOO. INVASION OF THE BODY SNATCHERS 1978, THE 2ND ONE AND JFK IN 1991 OH AND ORDINARY PEOPLE AND CITIZEN X ALL GREAT MOVIES! BECAUSE OF HIM"}, {"author_id": 1408213578746826771, "id": 1495115147416940549, "text": "@JasonStrummer One of the Allman brothers in a universe where Invasion of the Body Snatchers really happened"}, {"author_id": 32043610, "id": 1495114344379691014, "text": "RT @MarieHorrorFan: Invasion of the Body Snatchers (1978) https://t.co/K5SBgCO3mA"}, {"author_id": 19356434, "id": 1495114248799858697, "text": "Meh - seems like a mashup between Total Recall, Office Space, with some elements of The Matrix and Invasion of the Body Snatchers\u2026 https://t.co/sdjHfWqsZk"}, {"author_id": 723950803, "id": 1495113864807129088, "text": "@MhairiHunter Flippin heck. Cocoon meets invasion of the body snatchers."}, {"author_id": 609413341, "id": 1495112526270504965, "text": "@StyngrayChosen @photoandvideoCD Of course! You got body snatchers, solid 4\u2019s, Angelos, UnKnown, MNA. To be honest ain\u2019t really no more branches. When you get locked you either Vice Lord, Stone, Black Disciple in prison. On the County it\u2019s about blocks. They don\u2019t care about gang affiliation"}, {"author_id": 1379205547543642112, "id": 1495111565191925760, "text": "@CynthiaHarless1 Invasion of the Body Snatchers."}, {"author_id": 839301455320338433, "id": 1495111347012612097, "text": "@EmBonafide Yeah because there has to be an explanation for all these idiots suddenly appearing in this country. I mean they are rooting for russia when they use to want to eradicate it's whole existence from Earth. I was actually thinking about body snatchers before I read this post."}, {"author_id": 1423667934790967300, "id": 1495111301596516352, "text": "RT @shawnteNorth: Donald Sutherland is a superb actor. His original: Invasion of The Body Snatchers has never been topped\nSuch a good &amp; sca\u2026"}, {"author_id": 1243953590986833921, "id": 1495110662112129029, "text": "@JasonStrummer My uncle the chef with Sutherland in \"Invasion of the Body Snatchers\" (1978) https://t.co/buLUhir9gs"}, {"author_id": 109651310, "id": 1495108348739473416, "text": "Glad to see Donald Sutherland isn't dead since he was trending.  One of my favorite films he's in is THE PUPPET MASTERS, a campy, early 90's, alien/mind-control movie, a lot like INVASION OF THE BODY SNATCHERS, which he also starred in.  Was always a guilty pleasure. https://t.co/6TfC6XLF4W"}, {"author_id": 1238336301482405889, "id": 1495108049182203904, "text": "@JasonStrummer Donald Sutherland.  Or is it?  Maybe he's been invaded by the body snatchers!!!!"}, {"author_id": 822650077864927233, "id": 1495107093841395712, "text": "@hershey_jj This is one of my favorite movie moments with him ever. It's pretty much a tie between this and the last shot of Invasion of the Body Snatchers."}]