[{"author_id": 164579019, "id": 1495281165766385665, "text": "RT @HumansAreNodes: The Year 2 0 2 2\n\nis the year of THE RETURN\n\nThe return of the Christ Consciousness \n\nbut also the return of your thoug\u2026"}, {"author_id": 1460442921874780162, "id": 1495279343139844096, "text": "RT @shivuxglory: Surely she will receive da....still now she can't accept her mistake....and she is searching for others to drop-down them.\u2026"}, {"author_id": 609485593, "id": 1495278975681060871, "text": "RT @gustgd: @jimpallister1 The fact that this can be a worry bc you may or may not have donated to a protest is scary.  \nThe boomerang effe\u2026"}, {"author_id": 820800326152372224, "id": 1495278933742399492, "text": "A reel full of boomerang ya ndronk yong"}, {"author_id": 1400053989203267584, "id": 1495278928193196033, "text": "Surely she will receive da....still now she can't accept her mistake....and she is searching for others to drop-down them....karma is a boomerang....\ud83d\ude0c https://t.co/G8Bs3DioqX"}, {"author_id": 442301333, "id": 1495278911529549824, "text": "\u201cKarma is a boomerang\u201d \ud83d\ude02\ud83d\ude02\ud83d\ude02\ud83d\ude02\ud83d\ude02\ud83d\ude02\ud83d\ude02\ud83d\ude02\ud83d\ude02"}, {"author_id": 1331466474603614208, "id": 1495278714065756163, "text": "It's a boomerang effect. You give out good to others it comes back to you. Sometimes so much more than you expect! So throw that boomerang of love, compassion, and kindness and see what happens. Much love to you! \u2764\ufe0f\ud83e\udd70\ud83e\udd17 https://t.co/fy226HjTSa"}, {"author_id": 1080667569542053888, "id": 1495278241543770112, "text": "RT @TheNRAO: Radio Image of the Week \ud83d\udce1 This cool image shows the coldest known spot in space! This is the Boomerang Nebula, and it has a te\u2026"}, {"author_id": 1241467863984201728, "id": 1495278058735034372, "text": "@ItsNyambane Kijana peddling such dangerous utterances tantamount to folly. These are desperate gimmicks to hoodwink Mt Kenya but it will backfire and boomerang badly"}, {"author_id": 987633996384296965, "id": 1495277067281530881, "text": "boomerang julius black / close to you jordy !!!!!!"}, {"author_id": 1495275425479671808, "id": 1495276495090106377, "text": "For years\nro. \u0645\u0640  \u0643\u0648\u062f From this day to the ending \u0643 \u0640\u0640\u062e\u0635\u0645, possibly \nLife works on the same principle as a boomerang. It's https://t.co/15n5jnnqyU"}, {"author_id": 1028156195692052480, "id": 1495276000120352770, "text": "@Mengo329 With the Z Knuckle you're essentially supposed to grab certain enemies stuff and use those as shields or boomerang, but it can lead to this being too situational."}, {"author_id": 483887596, "id": 1495275907476766721, "text": "RT @ttvntthappiness: Hey.. Chisalon put #\u0e40\u0e15\u0e19\u0e34\u0e27 under the same filter and took boomerang at the same place \ud83e\uddf8\n#Tawan_V #Newwiee https://t.co/\u2026"}, {"author_id": 2954593572, "id": 1495275316033761282, "text": "RT @cocoonedsoul: jongin broke the mic during boomerang and froze for a bit before bursting into giggles \u3142\u3147\u3142!!! #ElyXiOninMacau #ElyXiOnDot\u2026"}, {"author_id": 3311055487, "id": 1495275285519994880, "text": "RT @BollyglotGifs: The laws of physics might grimace, \nbut boys and girls, \nI think you can still embrace - \nthe novel concept of a boomera\u2026"}, {"author_id": 1267202539964862464, "id": 1495275066665275392, "text": "RT @fuckjamir: sent her a boomerang of my meat going from soft to hard and now i'm blocked :|"}, {"author_id": 1461236702, "id": 1495274635830521856, "text": "Sap tap conjunction tool based sap taxer connotations of likelihoods and cheers curly gracious patience ply wood sap tap tool likelihood evident concludes maximization satisfied by NOTHINGMATTERSINGODWETRUSTLIBERTY2020=NOTHINGMATTERSINGODWETRUSTLIBERTY2020 boomerang retracting 2?"}, {"author_id": 1452230220, "id": 1495273987278274560, "text": "They call it the boomerang. https://t.co/SIO2Dxbmjf"}, {"author_id": 1417721773248761856, "id": 1495273751264755712, "text": "RT @SuriyaVeriyan03: Karma is a boomerang \ud83d\ude42\n\n#EtharkkumThunindhavan https://t.co/XWBW6kQw0D"}, {"author_id": 538448742, "id": 1495273495424651269, "text": "RT @G0ldenSapphire: - boomerang -\n\nit all begins from the recording of a VHS tape, addressed to 'Ranboo'.\n\nAO3: https://t.co/pX9sx2Z5Fg\n\n#g\u2026"}, {"author_id": 1260029275618467840, "id": 1495272668442021890, "text": "RT @steviewondaaa: It hits back like a boomerang \ud83d\ude33\ud83d\ude29 @mrpussycrusher https://t.co/Evk62qqcpb"}, {"author_id": 2920425002, "id": 1495272253919199232, "text": "RT @SuriyaVeriyan03: Karma is a boomerang \ud83d\ude42\n\n#EtharkkumThunindhavan https://t.co/XWBW6kQw0D"}, {"author_id": 4472298619, "id": 1495272223439044616, "text": "Love boomerang \ud83e\udd0d https://t.co/mITSSxMXSn"}, {"author_id": 1061416893532250112, "id": 1495272140190400512, "text": "@ThatYoumuSimp @HannaBarberaCap \u201cWe now return to Boomerang from Cartoon Network!\u201d"}, {"author_id": 4074356720, "id": 1495272091989516289, "text": "RT @marciotalon: that kind of boomerang that other social network doesn't allow\u2026 \ud83d\ude08\n\ncome spy on me playing with the camera! \ud83d\ude0f\ud83d\udc45\ud83d\udca6\n\nthese &amp; ot\u2026"}, {"author_id": 1473339077629923329, "id": 1495271956782141442, "text": "RT @TheNRAO: Radio Image of the Week \ud83d\udce1 This cool image shows the coldest known spot in space! This is the Boomerang Nebula, and it has a te\u2026"}, {"author_id": 1422736971626127360, "id": 1495271941397172225, "text": "RT @__justkeith: Just a lil boomerang \ud83e\ude83 https://t.co/5vTiqPzeNu"}, {"author_id": 1412477294732406785, "id": 1495271878835187712, "text": "RT @ttvntthappiness: Hey.. Chisalon put #\u0e40\u0e15\u0e19\u0e34\u0e27 under the same filter and took boomerang at the same place \ud83e\uddf8\n#Tawan_V #Newwiee https://t.co/\u2026"}, {"author_id": 1381412310913228802, "id": 1495271518569644033, "text": "RT @ttvntthappiness: Hey.. Chisalon put #\u0e40\u0e15\u0e19\u0e34\u0e27 under the same filter and took boomerang at the same place \ud83e\uddf8\n#Tawan_V #Newwiee https://t.co/\u2026"}, {"author_id": 1486935452321923074, "id": 1495270800273784832, "text": "RT @ItsPeeebs: Day 5 of the Arthur Mega Marathon! We're continuing with Seasons 13-15 from 2010-2012, including the El Boomerang soccer bal\u2026"}, {"author_id": 875040873062518784, "id": 1495270708011806721, "text": "Leather face is sweet asf with thjs chainsaw ? Like wtf? The nigga throwing that bitch like a boomerang"}, {"author_id": 3065674699, "id": 1495270363466395650, "text": "RT @LumrahL: 3\u20e3 A resignation isn't a bye, it's see ya later\n\nEh.. Gituhh. But the reality is, there are so many boomerang cases in your ca\u2026"}, {"author_id": 744241752, "id": 1495269966681149440, "text": "RT @dreamgyalking: boomerang screenshots\u2764\ufe0f\u200d\ud83d\udd25. &gt;&gt;&gt; https://t.co/cMukZgWxWQ"}]