[{"author_id": 1077260893917007872, "id": 1495284420269559810, "text": "RT @albert70x7: In the spiritual life, not to advance is to go back. But those whose spirits are stirred by the breath of the Holy Spirit g\u2026"}, {"author_id": 2385290635, "id": 1495276151920594945, "text": "RT @NamiKim_DogsSK: #SaveKoreanDogs our #SuccessStories\n\nSharing from Tyneshia Weeks\n\n\"Laker is the best big brother. He's always letting h\u2026"}, {"author_id": 1070096894867718146, "id": 1495275216523694082, "text": "When you just wanna sleep but your brother is yelling so loud and hitting the walls because of a video game"}, {"author_id": 1288738449189732352, "id": 1495272746028257282, "text": "RT @NamiKim_DogsSK: #SaveKoreanDogs our #SuccessStories\n\nSharing from Tyneshia Weeks\n\n\"Laker is the best big brother. He's always letting h\u2026"}, {"author_id": 1359563897414574081, "id": 1495269433660657668, "text": "RT @CuiBono77777: @Boh47379087 @kitkatppk @Sean_Shinil_Kim It is eery the amount of young people I\u2019ve heard of dying in their sleep recentl\u2026"}, {"author_id": 1373297664536678400, "id": 1495268881929158656, "text": "chikage &amp; hisoka (p/f)\nand brother if you have the chance to pick me up?\nand can i sleep on your couch,\nto the pound of the ache and pain?\noh, in my head\n'cause i'm awake all night long\nto the drums of the city rain\n\u2014 gerard way, brother."}, {"author_id": 1494533716361707522, "id": 1495265940820299776, "text": "+ her box in the forest for the straps of her box broke the moment her brother was carrying her fighting a demon and eventually still fighting it not very far out of the forest after she was told to stay. as she sleep herself to recover instead of devouring any humans."}, {"author_id": 44085318, "id": 1495265465043668996, "text": "\"he who has faith..can turn hell into heaven; he can sleep peacefully in the midst of the storm; he can sing gratefully in prison; he can become a dancer even while in chains..he who has no faith can have nothing..he will turn even heaven into hell.\"\n\nhttps://t.co/V9SXDCgIkz"}, {"author_id": 700504149213913088, "id": 1495264891170693122, "text": "@CleverGarde \n\nSharing a room with her brother is a strange experience. She was no longer sleeping with their parents, probably due to the fact that she keeps kicking in her sleep. \n\nCeleste stared over towards Kashikoi while both of them in the dark. \n\nStudying."}, {"author_id": 2351138150, "id": 1495261621106708480, "text": "RT @k_katie2: Every night after Mom and Dad go to sleep, I sneak into my big brother's room and put my eager lips around that big, beautifu\u2026"}, {"author_id": 1210762975012745217, "id": 1495261078925807616, "text": "Some family members from afar came to visit &amp; for my brother\u2019s bday. I\u2019m letting them stay in my bedroom because I have the biggest bed. The funny thing is that they have to sleep with a room full of BTS.\n\nPlease, I\u2019m \ud83d\udc80of laughter on the inside."}, {"author_id": 241456152, "id": 1495254002673414147, "text": "RT @nauveesrt: Oh man this is making me teary....until it went right back into my eyes lmao\n\nBaekho's grandparents couldn't watch the show\u2026"}, {"author_id": 1320018123060400131, "id": 1495251850357993476, "text": "You'll become exhausted quicker. Will probably have to sleep more. And Sleep in the brother of Death. It diminishes\u2026 not your life, maybe, but the number of times you can act and influence the world."}, {"author_id": 17215887, "id": 1495247207137779716, "text": "@ravenscimaven My brother was out of work 3 months could not sleep, brain fog, could not carry on a convo, anxiety, could not sleep for days at a time, Went on anti psychotic meds to give his brain a rest, lasted over 6 months."}, {"author_id": 1128318741148852225, "id": 1495247125327884289, "text": "@StephsRings @BizzyBones11 brother look at ur own account. you probably sleep with a cardboard cutout of steph beside you"}, {"author_id": 718592238683422721, "id": 1495244683835887619, "text": "In the spiritual life, not to advance is to go back. But those whose spirits are stirred by the breath of the Holy Spirit go forward, even in sleep\nBrother Lawrence"}, {"author_id": 1364321871198629889, "id": 1495231695431344130, "text": "RT @ccrebel1: #halala hubby divorces wife.. gets her to sleep with his own father in 1st instance n with his brother in 2nd instance of #di\u2026"}, {"author_id": 61381698, "id": 1495227609168461825, "text": "@SMBeiko Aw! My brother had a stuffed Pikachu (and a Minnie puppet) that he slept with for the first like, 8 years of his life at least. Stuffed animals are an important sleep tool, lol."}, {"author_id": 738202490613698560, "id": 1495218269472571393, "text": "RT @rohanduaT02: Such was family\u2019s condition that till he was alive he would sleep on floor as he wouldnt want to disturb family after nigh\u2026"}, {"author_id": 1403256170966511616, "id": 1495217777296162823, "text": "My brother wake me up out his sleep to come and watch this child and now she won\u2019t go to bed, she only wanna take my phone to watch ah set of shit and I fed up\ud83d\ude2d\ud83d\ude2d\ud83d\ude2d\ud83d\ude2d\ud83d\ude2d\ud83d\ude2d\ud83d\ude2d\ud83d\ude2d\ud83d\ude2d"}, {"author_id": 1335760698446651394, "id": 1495215789238018056, "text": "RT @Knightyan: New AO3 post! \"Green-Eyed Monster\" For #FirstTimeFebruary Day 19: Humiliation. Lucifer confesses that he wants to be humilia\u2026"}, {"author_id": 1487878618525040641, "id": 1495215489299013632, "text": "New AO3 post! \"Green-Eyed Monster\" For #FirstTimeFebruary Day 19: Humiliation. Lucifer confesses that he wants to be humiliated. The agreement is that you sleep with a brother of your choice while he is forced to watch.  \nhttps://t.co/4p1N9JQsZk\n#obeyme #Obeymelucifer https://t.co/FHzj8l0rpS"}, {"author_id": 1481541522453581826, "id": 1495210701664755714, "text": "#ODDINARY #StrayKidsComeback \nHyunjin is Thanatos, the personification of death in Greek mythology (who, by the way, was considered the twin brother of Hypnos, the god of sleep) He is a shadow and tries to drag Felix and other missing into the world of shadows.\nYes or no?\ud83d\udc40\ud83d\udda4 https://t.co/fUGxKCpO5B"}, {"author_id": 719617204564701185, "id": 1495205624543653891, "text": "RT @NamiKim_DogsSK: #SaveKoreanDogs our #SuccessStories\n\nSharing from Tyneshia Weeks\n\n\"Laker is the best big brother. He's always letting h\u2026"}, {"author_id": 1475431934771798017, "id": 1495197460918063104, "text": "@notoohate @poggerspatrick @Mick_Birchall No, u're just living in lala land. Some women deserve the treatment they dish out and I gave u an example of one. \n\nP.S She attacked my brother with a bottle in his sleep."}, {"author_id": 216849450, "id": 1495197109569658885, "text": "RT @NamiKim_DogsSK: #SaveKoreanDogs our #SuccessStories\n\nSharing from Tyneshia Weeks\n\n\"Laker is the best big brother. He's always letting h\u2026"}, {"author_id": 1494518007019700225, "id": 1495195792457408515, "text": "RT @math98607351: @DaCryptoGeneral @MarvinToken dont sleep on this brother of floki https://t.co/v1toxdyrAQ"}, {"author_id": 708436434, "id": 1495194868632600577, "text": "RT @NamiKim_DogsSK: #SaveKoreanDogs our #SuccessStories\n\nSharing from Tyneshia Weeks\n\n\"Laker is the best big brother. He's always letting h\u2026"}, {"author_id": 2540383959, "id": 1495194606652297219, "text": "My brother-in-law is a goody goody minister. His daughter has been here today. She was telling our 7 yr old her parents give her a bunch of gummies to sleep every night. \nI apparently am a better mom than some of y'all. \nA gummy but a bunch of them\ud83d\ude02\ud83d\ude02\nI raised my 4 pre-gummy era"}, {"author_id": 52151507, "id": 1495192835485671429, "text": "RT @NamiKim_DogsSK: #SaveKoreanDogs our #SuccessStories\n\nSharing from Tyneshia Weeks\n\n\"Laker is the best big brother. He's always letting h\u2026"}, {"author_id": 2935579594, "id": 1495191603966840842, "text": "RT @NamiKim_DogsSK: #SaveKoreanDogs our #SuccessStories\n\nSharing from Tyneshia Weeks\n\n\"Laker is the best big brother. He's always letting h\u2026"}, {"author_id": 1313486912062095369, "id": 1495191248679800832, "text": "To the drums of the city rain And brother if you have the chance to pick me up? And can I sleep On your couch To the pound of the ache and pain? Oh, in my head 'Cause I'm awake All night long"}, {"author_id": 897181759217049600, "id": 1495190167530967049, "text": "#SaveKoreanDogs our #SuccessStories\n\nSharing from Tyneshia Weeks\n\n\"Laker is the best big brother. He's always letting her sleep on top of him to steal his body heat \ud83d\ude0d\u2764\"\n\n\u2139\ufe0fhttps://t.co/05arLgTiw1\n\n#EndDogMeatTrade #SouthKorea https://t.co/qP5fsmrsGH"}, {"author_id": 1493905894706651138, "id": 1495185221603725313, "text": "RT @math98607351: @DaCryptoGeneral @MarvinToken dont sleep on this brother of floki https://t.co/v1toxdyrAQ"}, {"author_id": 781596390334074880, "id": 1495185104901128193, "text": "GERARD'S BROTHER??? MIKEY?? MICHAEL?? DO Y. oh my fucking god. i was just throwinf out words huh i need to sleep. me of all people forgetting mikey is real"}, {"author_id": 1484662840183394304, "id": 1495175038487904258, "text": "RT @math98607351: @DaCryptoGeneral @MarvinToken dont sleep on this brother of floki https://t.co/v1toxdyrAQ"}, {"author_id": 1452791860972474371, "id": 1495173065440964610, "text": "RT @math98607351: @DaCryptoGeneral @MarvinToken dont sleep on this brother of floki https://t.co/v1toxdyrAQ"}, {"author_id": 1091802170289254400, "id": 1495168325290242058, "text": "my brother wanted to watch a horror movie with me and normally i\u2019m completely capable of watching those but i already know that i won\u2019t be able to sleep tonight even tho it isn\u2019t that scary of a movie"}, {"author_id": 1490834862688792578, "id": 1495161443599138816, "text": "Story Number 2\nI went to the movies with and old fuck buddy and we went to go see Undercover Brother 2, there were 2 people already there and they were sleep \ud83d\ude02\ud83d\ude02\ud83d\ude02 soo I took advantage of the opportunity and ate this chick out from the back (almost got caught) https://t.co/MkKQsFVlyp"}, {"author_id": 1026400285122592769, "id": 1495158917076336642, "text": "Seeing her brother in the face of the girl with whom you wanna sleep with is weird"}, {"author_id": 1325907502869979143, "id": 1495154163222814722, "text": "@Boh47379087 @kitkatppk @Sean_Shinil_Kim It is eery the amount of young people I\u2019ve heard of dying in their sleep recently. I know someone who\u2019s 36yo brother died last week, she wants answers, but I don\u2019t know how to ask if he was jabbed"}, {"author_id": 1111730501885149184, "id": 1495152104586964992, "text": "@eded_eddi @ryanscotthall @ShannonSharpe You\u2019re heartless man. \u2018Criminal\u2019, \u2018thug\u2019, \u2018crazy\u2019\u2026 the list goes one for the labels you put on HUMAN BEINGS to help you sleep at night, because you don\u2019t view them as someone\u2019s kid, or brother. Life of crime is rarely chosen but thrust upon someone for survival. Have a heart."}, {"author_id": 729584587, "id": 1495140714648420359, "text": "@CryptidNCrystal I could talk about that house for days. For this pic, the middle 2 closets were cursed. My older brother &amp; I both have heard music coming from it when it\u2019s empty. \n\nI\u2019ve also had multiple sleep paralysis dreams where a tall shadow man comes out of them. Wouldn\u2019t recommend"}, {"author_id": 1448594308198637569, "id": 1495138194886901760, "text": "My brother is sleep talking and this b!tch scared tf out of me"}, {"author_id": 1260544803151810561, "id": 1495136307462299648, "text": "*Anime protagonists be like* \nMillions of civilians get killed: I sleep\nLittle brother/sister gets a splinter: REAL SHIT"}, {"author_id": 157591483, "id": 1495133908001861633, "text": "@_Brother_Alpha_ @mspratt Selected ones only. We are seeing folks after days of poor sleep and stress. Deprogramming is a different challenge."}, {"author_id": 952243370881093632, "id": 1495133693387714562, "text": "@DiscussingFilm @HardBoiledFilms @IGN People In the comments think he wouldn\u2019t be master chief if he took of his helmet. It\u2019s not a code he\u2019s living by the brother is just always fighting. But he gotta eat and sleep too, right?! Get outta here let him take off the helmet! Hoorayyyy"}, {"author_id": 1450261887208153099, "id": 1495132185472294915, "text": "#katiejoy again claiming her parents spanked her to sleep. She must have been a God awful disease crotch goblin. I can\u2019t imagine having to raise such a vile hoooman bean. Wonder what her brother would think of this? https://t.co/WqztXsvE5K"}, {"author_id": 1442180677907017735, "id": 1495127848633384972, "text": "@ElvenOfRage After an long day of killing his last monster he felt exhausted again since he got nothing to eat, to drink and not even sleep. He decides getting a drink at first in the next tavern. Not at all he expect to see the elven brother of francesca."}, {"author_id": 1620114830, "id": 1495127130333753355, "text": "@IvanOkuda You're describing my life. Midnight is too early to sleep. Sleeping for about 4 hours a day. Having lunch twice a week. Making an average of 10 phonecalls per hour. Being an available son, brother, friend, father &amp; husband."}, {"author_id": 885315438107807745, "id": 1495126706222292995, "text": "ky brother thinks iys the emd of the world when i watch a movie on the tv but I CANT FUCKING SLEEP WHEN HES GAMING CUZ HE YELLS AND STOMPS HIS FEET"}, {"author_id": 1374832957458935808, "id": 1495125319120039936, "text": "@DaCryptoGeneral @MarvinToken dont sleep on this brother of floki https://t.co/v1toxdyrAQ"}, {"author_id": 1489610037404356614, "id": 1495124033658142724, "text": "@instablog9ja Me n one of my guy sleep d same house ,  d  next morning we drop m for pack ,, 2days later e brother tell me say e don move"}, {"author_id": 1485478902629761025, "id": 1495122679703109635, "text": "RT @k_katie2: Every night after Mom and Dad go to sleep, I sneak into my big brother's room and put my eager lips around that big, beautifu\u2026"}, {"author_id": 28067852, "id": 1495116695425400836, "text": "@itsjvon I was looking at the project and doing a lot or researching on it. I really wanna be apart of your project...I work overnight and decided to take a nap when I got off.....I noticed they posted the discord link while I was sleep..can you help a brother get in?"}, {"author_id": 1417201555426594828, "id": 1495115248709226500, "text": "Any suggestions on how I can help mylittle brother fall asleep? \nHe keeps coming to my room in tears and telling me he cant sleep and HE JUST LOOKS LIKE ITS THE END OF THE WORLD AND I CANT BELIEVE I DID THIS TOO, FOR AROUND 4 YEARSSSSS"}, {"author_id": 1494315981060993028, "id": 1495112894500986882, "text": "@Murathe_David_ Please we elected uhuru to lead us to next level by showing us the way , but not to leave us in dackness like Kibaki went to sleep leaving in the hand of unpredictable brother in a company of contravercial friends of who it had turned into do or die war ."}, {"author_id": 277533276, "id": 1495110316111319044, "text": "RT @archotron: Well done @NewburyRFC &amp; @BanburyRUFC - excellent mark of respect for one of the #rugbyfamily. Sleep well brother. https://t.\u2026"}, {"author_id": 125110051, "id": 1495103587860496391, "text": "Well done @NewburyRFC &amp; @BanburyRUFC - excellent mark of respect for one of the #rugbyfamily. Sleep well brother. https://t.co/WTMpKMUDYs"}, {"author_id": 819664920295907330, "id": 1495100766322839552, "text": "RT @iamstaceylynn: My brother has been kicked out of my parents house &amp; even after 1 night I can hear a difference in my mom.  Until my las\u2026"}, {"author_id": 829792053085171713, "id": 1495100250251427840, "text": "RT @iamstaceylynn: My brother has been kicked out of my parents house &amp; even after 1 night I can hear a difference in my mom.  Until my las\u2026"}, {"author_id": 553026272, "id": 1495090991845371908, "text": "im crying i was having a dream of a super friendly cat and i was petting it but then my brother woke me up and told me to sleep in my room instead of the carpet"}, {"author_id": 1351509993095356417, "id": 1495090665126043648, "text": "George Zimmerman is a piece of shit.....I pray that God has no mercy on your murdering soul.....r.i.p. trayvon martin...sleep well little brother.....#justiceisblind"}, {"author_id": 838374348033417217, "id": 1495083037721194496, "text": "@ruftby I can't sleep after all of your brother did \ud83d\ude02"}, {"author_id": 3232286900, "id": 1495080385029414913, "text": "runnin on an hour of sleep n got a full day of rugby today\ud83d\ude43 if my brother don\u2019t hit sticc someone today , ima hit him\ud83e\udd23\ud83d\ude2d"}, {"author_id": 1243182447459586049, "id": 1495074931444371462, "text": "Just chilling via some laser pointer fun with Bethany.\nThen Julian, her older brother, comes in with a mood and a case of \"the jellys\"\n\nHe actually loves his lil sister, as they both sleep next to each other, every night, on top of me.\n#Caturday #CatsOnTwitter #cats #ssdn https://t.co/sPQzBdB4Yh"}, {"author_id": 1316876404479430659, "id": 1495070329055678468, "text": "@akintolayoA @thisjerryy @Judexx13 E dey outside for the 3 days? Abi thee brother dey sleep for front of 02 as he no get home?\ud83e\udd14\ud83e\udd14\ud83d\ude02 https://t.co/DmTwQl5A6v"}, {"author_id": 1303784261380694019, "id": 1495062884279525377, "text": "Even when they were living together,the wife used to treat the two sister like slave.They had to do all the household work.She would sleep all day.Only thing was their brother used to support them financially but now they\u2019re deprived of that too."}, {"author_id": 991882526, "id": 1495060735327543298, "text": "@BLACKLUNGBOAH @Neil_Druckmann I would like to add Joel was with his brother Tommy whom probably wanted to save Abby in first place. Tommy somehow brought all these together. There's mention of lack of sleep. Joel did a ton of patrols. Plus the sky lodge was there safe zone for picking off the hordes. I get it https://t.co/MjtBU4xImX"}, {"author_id": 720481735, "id": 1495060338382983169, "text": "You don\u2019t \ud83d\udc80 You have to let him have controlled experimental learning or he will wake up in the middle of the night and find shit to burn while you sleep.\n\nMy brother was a toddler when he set that dollar bill on fire at 3 am \ud83d\ude2d\ud83d\ude02\ud83e\udd72 https://t.co/MxLLTv8VBU"}, {"author_id": 1247587935828017153, "id": 1495060152919248903, "text": "RT @katnisspond: I\u2019m still obsessed with the idea of Richie and Eddie on a celebrity game show that\u2019s kinda big brother-esque and everyone\u2026"}, {"author_id": 125454829, "id": 1495059896353673218, "text": "My brother has been kicked out of my parents house &amp; even after 1 night I can hear a difference in my mom.  Until my last visit, I didn't know he was getting her up at 4 &amp; 5am to rant about stuff on fox. A good night's sleep did wonders for her."}, {"author_id": 1381455422515671040, "id": 1495059722566717442, "text": "@zeadsdeadedm Thanks brother \ud83d\ude4f  safe and ready to snowboard on 1 hour of sleep \ud83d\ude34  wish me luck"}, {"author_id": 1484236704550723593, "id": 1495058052332068868, "text": "@KateSussexRGP @cmwinther Funny how people related to this investigation keep dying off.\nGhislaine's brother was complaining about her treatment on suicide watch (sleep disturbed every 15 minutes). But would he rather that she is checked every 15 minutes or prefer to get news of her death?"}, {"author_id": 1312430223670095872, "id": 1495052802871205894, "text": "My younger brother woke me up today by screaming the avengers theme and refusing to stop \n\nso now I got 6 hours of sleep on a weekend"}, {"author_id": 1487396160088121349, "id": 1495044224123039747, "text": "yet still, her brother is working too hard for the sake of them both. he's losing sleep and skipping meals every other day, it's hurts to see.\nshe doesn't just want to be a child and sit back while letting ayato do all the work under such pressure of being a young commissioner."}, {"author_id": 1077051198769754113, "id": 1495040069438111749, "text": "guy i\u2019m ONLY TALKING TO commented the most out of pocket shit on my insta and my BROTHER SENT IT TO ME WITH \u201con the main?? y\u2019all gotta chill\u201d i literally can\u2019t sleep im so embarrassed"}, {"author_id": 1474346099972337664, "id": 1495034874540933124, "text": "RT @ccrebel1: #halala hubby divorces wife.. gets her to sleep with his own father in 1st instance n with his brother in 2nd instance of #di\u2026"}, {"author_id": 1259352523976015872, "id": 1495025668312100867, "text": "@SecBlinken @ABaerbock @ABC Before,\nNorth Korea dictator Kim Jong-un's older brother, Kim Jong Nam = Shoukou Asahara, created many Aum Shinrikyo's facilities \"Satian\" in various parts of Japan to reduce sleep and nutrition for young including teens,and to brainwash by applying electric shock to their heads."}, {"author_id": 922385844, "id": 1495019409538232321, "text": "Yes, I DID get less than 6 hours of sleep because of this fiasco, but it's not my brother's fault in any way, so I'm trying to stay positive"}, {"author_id": 1283393531269316608, "id": 1495015955780485124, "text": "@KissmyassDorsey Did you kill his brother by accident?  \ud83d\ude09 I killed a massive banana tree like spider.  Damn thing was the size of tarantula.  Had to be done.  Couldn\u2019t sleep in my home with that thing."}, {"author_id": 1096253695644229632, "id": 1495013798322663425, "text": "In the land of Hyrule, Brother was The Hero of Winds. In this heroic tale of Brother's adventure, from start to finish in his journey, the boy had conducted sacred melodies, then he found hidden treasures, then he went home to sleep."}, {"author_id": 2698952972, "id": 1495009519092609026, "text": "RT @ccrebel1: #halala hubby divorces wife.. gets her to sleep with his own father in 1st instance n with his brother in 2nd instance of #di\u2026"}, {"author_id": 1332691993915314176, "id": 1495003327146332165, "text": "RT @chensfeiyu: idk what was the worst part of the brother scene; zzs checking the scorpion king out n agreeing to sleep w him, scorpion ki\u2026"}, {"author_id": 1449270910964404227, "id": 1494992388015763464, "text": "RT @ComicsGiles: Mood in the house this morning is \ud83d\udca4 with miserable weather \u2744\ufe0f\u2614\ufe0f\ud83e\udd76\ud83d\udca8 best snuggle your brother and sleep this out \ud83d\udca4\ud83d\udca4 (Freddie\u2026"}, {"author_id": 1434773772842590209, "id": 1494991904953757697, "text": "@foodsFNN @CryptoPista @sleep_crypto @stablekwon @Flash_Cheems \nSTEALTH LAUNCHING TODAY\n\nFlash \u26a1\ufe0f Cheems \u26a1\ufe0fInu \nLittle brother of cheems coming on pancakeswap.\n\n\u27a1\ufe0fLaunching on 19-02-2022 \n\n\u27a1\ufe0fTime: 19:00 UTC \n\n\u26a1\ufe0fA p2e gaming metaverse project Which is going to take off soon.\n\nhttps://t.co/bh8Wrftxp3\n\n#we_Support_flash_Cheems"}, {"author_id": 2534748813, "id": 1494988397995335686, "text": "Mood in the house this morning is \ud83d\udca4 with miserable weather \u2744\ufe0f\u2614\ufe0f\ud83e\udd76\ud83d\udca8 best snuggle your brother and sleep this out \ud83d\udca4\ud83d\udca4 (Freddie the frenchie and Peter the Boston) - they have their moments of angst with each other normally over a \ud83e\uddb4 but then the war is forgotten \u263a\ufe0f https://t.co/zqKedtGn63"}, {"author_id": 1477440804075425792, "id": 1494984728365060099, "text": "RT @sukuna_titties: Gojo gave shotaGumi a haircut once and Tsumiki cried watching her baby brother's beautiful locks of hair fall to the gr\u2026"}, {"author_id": 3102355493, "id": 1494983773791961089, "text": "RT @nwawelu: @Kene_Nnewi I always tell my Igbo brothers &amp; sisters, live ur life as Onye Igbo. Our SPIRIT doesnt like blood stain, blood of\u2026"}, {"author_id": 112262336, "id": 1494974849630015488, "text": "I will actually chin your brother and not loose a single wink of sleep over it \u270c\ud83c\udffc\ud83e\udd23"}, {"author_id": 1490767300928196608, "id": 1494974352059740162, "text": "RT @k_katie2: Every night after Mom and Dad go to sleep, I sneak into my big brother's room and put my eager lips around that big, beautifu\u2026"}, {"author_id": 1449185613303803905, "id": 1494971457264558081, "text": "RT @ccrebel1: #halala hubby divorces wife.. gets her to sleep with his own father in 1st instance n with his brother in 2nd instance of #di\u2026"}, {"author_id": 1345314990102863872, "id": 1494964716866871296, "text": "@Sheun051 Sleep is the brother of death (or something like that)."}, {"author_id": 250051512, "id": 1494962846706376705, "text": "dream journal: so deep sleep. dreams i was actually happy in after a long long time? i dont even remember most of it.\n\nwhat i remember is trivial.\n\nmy friends older brother was working with us together. he was denied entry to a construction site and he couldn\u2019t figure out why"}, {"author_id": 1492141821400600576, "id": 1494959263059525634, "text": "idk why my brother chooses to play his stupid ass game at NIGHT when everyone is trying to sleep I'm gonna have another stroke one of these days"}, {"author_id": 1386113994, "id": 1494953854953132032, "text": "RT @ccrebel1: #halala hubby divorces wife.. gets her to sleep with his own father in 1st instance n with his brother in 2nd instance of #di\u2026"}, {"author_id": 1464437699239190538, "id": 1494952163927216129, "text": "RT @ccrebel1: #halala hubby divorces wife.. gets her to sleep with his own father in 1st instance n with his brother in 2nd instance of #di\u2026"}, {"author_id": 1365908166504976388, "id": 1494951958670548992, "text": "#halala hubby divorces wife.. gets her to sleep with his own father in 1st instance n with his brother in 2nd instance of #divorce \n\nWelcome to #Islam n divorce\n\n#womenrights #Equality https://t.co/mQBIRr6cqt"}, {"author_id": 565095461, "id": 1494942029389996033, "text": "RT @Shellz290: Before I go to sleep I gotta share this with y'all. I just got done watching Big Brother on Amazon. I got the movie at a 6.5\u2026"}]