[{"author_id": 1480838616788062209, "id": 1495284157403971584, "text": "RT @suppliernisunoo: \u2014 sky is in trouble.\n\na #sunki au wherein ace and axe are twin brothers who\u2019s a son of a mafia leader. the twin loves\u2026"}, {"author_id": 1271709659615748099, "id": 1495284042672992258, "text": "RT @suppliernisunoo: \u2014 sky is in trouble.\n\na #sunki au wherein ace and axe are twin brothers who\u2019s a son of a mafia leader. the twin loves\u2026"}, {"author_id": 1294038617900244994, "id": 1495278446964281345, "text": "RT @suppliernisunoo: \u2014 sky is in trouble.\n\na #sunki au wherein ace and axe are twin brothers who\u2019s a son of a mafia leader. the twin loves\u2026"}, {"author_id": 1353987141634723840, "id": 1495276744055861248, "text": "RT @suppliernisunoo: \u2014 sky is in trouble.\n\na #sunki au wherein ace and axe are twin brothers who\u2019s a son of a mafia leader. the twin loves\u2026"}, {"author_id": 849214433209364480, "id": 1495276040087764993, "text": "RT @suppliernisunoo: \u2014 sky is in trouble.\n\na #sunki au wherein ace and axe are twin brothers who\u2019s a son of a mafia leader. the twin loves\u2026"}, {"author_id": 1484797693944037379, "id": 1495275573786005505, "text": "RT @suppliernisunoo: \u2014 sky is in trouble.\n\na #sunki au wherein ace and axe are twin brothers who\u2019s a son of a mafia leader. the twin loves\u2026"}, {"author_id": 1488366332509036544, "id": 1495275442789838854, "text": "RT @bains7575: \"Lt Gen KJS Dhillon @Tiny_Dhillon Explains How He Contained Trouble in Kashmir &amp; Reformed Environment in Valley\" also\ud83d\ude4f\ud83c\udffb2 @va\u2026"}, {"author_id": 1451136589116030984, "id": 1495275211901399042, "text": "RT @suppliernisunoo: \u2014 sky is in trouble.\n\na #sunki au wherein ace and axe are twin brothers who\u2019s a son of a mafia leader. the twin loves\u2026"}, {"author_id": 1445366823369670664, "id": 1495274627299352577, "text": "RT @suppliernisunoo: \u2014 sky is in trouble.\n\na #sunki au wherein ace and axe are twin brothers who\u2019s a son of a mafia leader. the twin loves\u2026"}, {"author_id": 1447040809044299776, "id": 1495273829186170882, "text": "RT @suppliernisunoo: \u2014 sky is in trouble.\n\na #sunki au wherein ace and axe are twin brothers who\u2019s a son of a mafia leader. the twin loves\u2026"}, {"author_id": 1456873480339685376, "id": 1495273691202023424, "text": "RT @suppliernisunoo: \u2014 sky is in trouble.\n\na #sunki au wherein ace and axe are twin brothers who\u2019s a son of a mafia leader. the twin loves\u2026"}, {"author_id": 1442836512719048711, "id": 1495273367988883457, "text": "RT @suppliernisunoo: \u2014 sky is in trouble.\n\na #sunki au wherein ace and axe are twin brothers who\u2019s a son of a mafia leader. the twin loves\u2026"}, {"author_id": 1485243938990485508, "id": 1495272913267609606, "text": "RT @suppliernisunoo: \u2014 sky is in trouble.\n\na #sunki au wherein ace and axe are twin brothers who\u2019s a son of a mafia leader. the twin loves\u2026"}, {"author_id": 1475812209494147075, "id": 1495272192653029376, "text": "RT @suppliernisunoo: \u2014 sky is in trouble.\n\na #sunki au wherein ace and axe are twin brothers who\u2019s a son of a mafia leader. the twin loves\u2026"}, {"author_id": 1440572315075375122, "id": 1495271244190851076, "text": "RT @suppliernisunoo: \u2014 sky is in trouble.\n\na #sunki au wherein ace and axe are twin brothers who\u2019s a son of a mafia leader. the twin loves\u2026"}, {"author_id": 1335533061660844033, "id": 1495270617766973443, "text": "RT @suppliernisunoo: \u2014 sky is in trouble.\n\na #sunki au wherein ace and axe are twin brothers who\u2019s a son of a mafia leader. the twin loves\u2026"}, {"author_id": 1214089168382377984, "id": 1495269762107985925, "text": "RT @suppliernisunoo: \u2014 sky is in trouble.\n\na #sunki au wherein ace and axe are twin brothers who\u2019s a son of a mafia leader. the twin loves\u2026"}, {"author_id": 1453228976558813199, "id": 1495269371006099456, "text": "@AOC You\u2019re ignorance shines every time you speak. Your squad permits brothers and sisters to  wed and consummate  a marriage.  You\u2019re knowledge of the Holocaust depicts ignorance and depicts to the world how in trouble the United States is in."}, {"author_id": 1462437226785222656, "id": 1495266748228337667, "text": "RT @suppliernisunoo: \u2014 sky is in trouble.\n\na #sunki au wherein ace and axe are twin brothers who\u2019s a son of a mafia leader. the twin loves\u2026"}, {"author_id": 1463492562438606848, "id": 1495266076292108295, "text": "RT @suppliernisunoo: \u2014 sky is in trouble.\n\na #sunki au wherein ace and axe are twin brothers who\u2019s a son of a mafia leader. the twin loves\u2026"}, {"author_id": 1327127936483405826, "id": 1495264990684942337, "text": "RT @suppliernisunoo: \u2014 sky is in trouble.\n\na #sunki au wherein ace and axe are twin brothers who\u2019s a son of a mafia leader. the twin loves\u2026"}, {"author_id": 1365940000701911040, "id": 1495264562597154820, "text": "RT @suppliernisunoo: \u2014 sky is in trouble.\n\na #sunki au wherein ace and axe are twin brothers who\u2019s a son of a mafia leader. the twin loves\u2026"}, {"author_id": 1411265019455500289, "id": 1495264517949095940, "text": "RT @suppliernisunoo: \u2014 sky is in trouble.\n\na #sunki au wherein ace and axe are twin brothers who\u2019s a son of a mafia leader. the twin loves\u2026"}, {"author_id": 1440496564972101632, "id": 1495261941148749824, "text": "RT @suppliernisunoo: \u2014 sky is in trouble.\n\na #sunki au wherein ace and axe are twin brothers who\u2019s a son of a mafia leader. the twin loves\u2026"}, {"author_id": 1493994796863557634, "id": 1495261666593759232, "text": "RT @suppliernisunoo: \u2014 sky is in trouble.\n\na #sunki au wherein ace and axe are twin brothers who\u2019s a son of a mafia leader. the twin loves\u2026"}, {"author_id": 1373873098974318599, "id": 1495261245703802886, "text": "RT @suppliernisunoo: \u2014 sky is in trouble.\n\na #sunki au wherein ace and axe are twin brothers who\u2019s a son of a mafia leader. the twin loves\u2026"}, {"author_id": 1463367229966225409, "id": 1495261217652293633, "text": "RT @suppliernisunoo: \u2014 sky is in trouble.\n\na #sunki au wherein ace and axe are twin brothers who\u2019s a son of a mafia leader. the twin loves\u2026"}, {"author_id": 1471071564028596226, "id": 1495257579118678016, "text": "RT @suppliernisunoo: \u2014 sky is in trouble.\n\na #sunki au wherein ace and axe are twin brothers who\u2019s a son of a mafia leader. the twin loves\u2026"}, {"author_id": 1443605147234406401, "id": 1495257516267438080, "text": "RT @suppliernisunoo: \u2014 sky is in trouble.\n\na #sunki au wherein ace and axe are twin brothers who\u2019s a son of a mafia leader. the twin loves\u2026"}, {"author_id": 1427191614556962823, "id": 1495257052985262083, "text": "RT @suppliernisunoo: \u2014 sky is in trouble.\n\na #sunki au wherein ace and axe are twin brothers who\u2019s a son of a mafia leader. the twin loves\u2026"}, {"author_id": 1459015888238419973, "id": 1495256911922761728, "text": "RT @suppliernisunoo: \u2014 sky is in trouble.\n\na #sunki au wherein ace and axe are twin brothers who\u2019s a son of a mafia leader. the twin loves\u2026"}, {"author_id": 1409760786608656399, "id": 1495255753481162752, "text": "RT @suppliernisunoo: \u2014 sky is in trouble.\n\na #sunki au wherein ace and axe are twin brothers who\u2019s a son of a mafia leader. the twin loves\u2026"}, {"author_id": 1248211546993332225, "id": 1495255511918604290, "text": "RT @suppliernisunoo: \u2014 sky is in trouble.\n\na #sunki au wherein ace and axe are twin brothers who\u2019s a son of a mafia leader. the twin loves\u2026"}, {"author_id": 1484796915875155969, "id": 1495255308717146112, "text": "RT @suppliernisunoo: \u2014 sky is in trouble.\n\na #sunki au wherein ace and axe are twin brothers who\u2019s a son of a mafia leader. the twin loves\u2026"}, {"author_id": 1297283258149941256, "id": 1495255152839643136, "text": "RT @suppliernisunoo: \u2014 sky is in trouble.\n\na #sunki au wherein ace and axe are twin brothers who\u2019s a son of a mafia leader. the twin loves\u2026"}, {"author_id": 1305381820565827584, "id": 1495253919043256322, "text": "RT @suppliernisunoo: \u2014 sky is in trouble.\n\na #sunki au wherein ace and axe are twin brothers who\u2019s a son of a mafia leader. the twin loves\u2026"}, {"author_id": 1485870350504448006, "id": 1495253085030998017, "text": "RT @suppliernisunoo: \u2014 sky is in trouble.\n\na #sunki au wherein ace and axe are twin brothers who\u2019s a son of a mafia leader. the twin loves\u2026"}, {"author_id": 1439946884634722306, "id": 1495252983998599170, "text": "RT @suppliernisunoo: \u2014 sky is in trouble.\n\na #sunki au wherein ace and axe are twin brothers who\u2019s a son of a mafia leader. the twin loves\u2026"}, {"author_id": 1445041188336111622, "id": 1495252489813512193, "text": "RT @suppliernisunoo: \u2014 sky is in trouble.\n\na #sunki au wherein ace and axe are twin brothers who\u2019s a son of a mafia leader. the twin loves\u2026"}, {"author_id": 1391651733701541889, "id": 1495251960039022596, "text": "RT @suppliernisunoo: \u2014 sky is in trouble.\n\na #sunki au wherein ace and axe are twin brothers who\u2019s a son of a mafia leader. the twin loves\u2026"}, {"author_id": 1495049858323197958, "id": 1495251469385146368, "text": "RT @suppliernisunoo: \u2014 sky is in trouble.\n\na #sunki au wherein ace and axe are twin brothers who\u2019s a son of a mafia leader. the twin loves\u2026"}, {"author_id": 1363023692922376194, "id": 1495250953552859138, "text": "RT @suppliernisunoo: \u2014 sky is in trouble.\n\na #sunki au wherein ace and axe are twin brothers who\u2019s a son of a mafia leader. the twin loves\u2026"}, {"author_id": 1454692633121464327, "id": 1495249739444469765, "text": "RT @suppliernisunoo: \u2014 sky is in trouble.\n\na #sunki au wherein ace and axe are twin brothers who\u2019s a son of a mafia leader. the twin loves\u2026"}, {"author_id": 1468416236908204033, "id": 1495249354290262021, "text": "RT @suppliernisunoo: \u2014 sky is in trouble.\n\na #sunki au wherein ace and axe are twin brothers who\u2019s a son of a mafia leader. the twin loves\u2026"}, {"author_id": 1377931334622924803, "id": 1495249286119919616, "text": "RT @suppliernisunoo: \u2014 sky is in trouble.\n\na #sunki au wherein ace and axe are twin brothers who\u2019s a son of a mafia leader. the twin loves\u2026"}, {"author_id": 1494261078376677377, "id": 1495248316296097797, "text": "RT @suppliernisunoo: \u2014 sky is in trouble.\n\na #sunki au wherein ace and axe are twin brothers who\u2019s a son of a mafia leader. the twin loves\u2026"}, {"author_id": 1484794267872931844, "id": 1495248086993498116, "text": "RT @suppliernisunoo: \u2014 sky is in trouble.\n\na #sunki au wherein ace and axe are twin brothers who\u2019s a son of a mafia leader. the twin loves\u2026"}, {"author_id": 1479773273508302848, "id": 1495247719845093378, "text": "RT @suppliernisunoo: \u2014 sky is in trouble.\n\na #sunki au wherein ace and axe are twin brothers who\u2019s a son of a mafia leader. the twin loves\u2026"}, {"author_id": 1483100307663982594, "id": 1495247152632664065, "text": "RT @suppliernisunoo: \u2014 sky is in trouble.\n\na #sunki au wherein ace and axe are twin brothers who\u2019s a son of a mafia leader. the twin loves\u2026"}, {"author_id": 1429105563426643971, "id": 1495247031618596866, "text": "RT @suppliernisunoo: \u2014 sky is in trouble.\n\na #sunki au wherein ace and axe are twin brothers who\u2019s a son of a mafia leader. the twin loves\u2026"}, {"author_id": 1460217216150900737, "id": 1495246950257414147, "text": "RT @suppliernisunoo: \u2014 sky is in trouble.\n\na #sunki au wherein ace and axe are twin brothers who\u2019s a son of a mafia leader. the twin loves\u2026"}, {"author_id": 1452205375600664585, "id": 1495246852609896459, "text": "RT @suppliernisunoo: \u2014 sky is in trouble.\n\na #sunki au wherein ace and axe are twin brothers who\u2019s a son of a mafia leader. the twin loves\u2026"}, {"author_id": 1444646443327758336, "id": 1495246185329692672, "text": "RT @suppliernisunoo: \u2014 sky is in trouble.\n\na #sunki au wherein ace and axe are twin brothers who\u2019s a son of a mafia leader. the twin loves\u2026"}, {"author_id": 1415859119764901891, "id": 1495245547531563008, "text": "RT @suppliernisunoo: \u2014 sky is in trouble.\n\na #sunki au wherein ace and axe are twin brothers who\u2019s a son of a mafia leader. the twin loves\u2026"}, {"author_id": 1397851083381252101, "id": 1495244922123091972, "text": "RT @suppliernisunoo: \u2014 sky is in trouble.\n\na #sunki au wherein ace and axe are twin brothers who\u2019s a son of a mafia leader. the twin loves\u2026"}, {"author_id": 1492332780134432769, "id": 1495239215818313731, "text": "RT @suppliernisunoo: \u2014 sky is in trouble.\n\na #sunki au wherein ace and axe are twin brothers who\u2019s a son of a mafia leader. the twin loves\u2026"}, {"author_id": 1412956490663489537, "id": 1495237562163597318, "text": "RT @suppliernisunoo: \u2014 sky is in trouble.\n\na #sunki au wherein ace and axe are twin brothers who\u2019s a son of a mafia leader. the twin loves\u2026"}, {"author_id": 1347035928586424321, "id": 1495237541062053889, "text": "RT @suppliernisunoo: \u2014 sky is in trouble.\n\na #sunki au wherein ace and axe are twin brothers who\u2019s a son of a mafia leader. the twin loves\u2026"}, {"author_id": 1338876708221415432, "id": 1495233268530429952, "text": "RT @suppliernisunoo: \u2014 sky is in trouble.\n\na #sunki au wherein ace and axe are twin brothers who\u2019s a son of a mafia leader. the twin loves\u2026"}, {"author_id": 1463824259805966341, "id": 1495232837985128450, "text": "RT @suppliernisunoo: \u2014 sky is in trouble.\n\na #sunki au wherein ace and axe are twin brothers who\u2019s a son of a mafia leader. the twin loves\u2026"}, {"author_id": 1354231344163770368, "id": 1495231880513613824, "text": "RT @suppliernisunoo: \u2014 sky is in trouble.\n\na #sunki au wherein ace and axe are twin brothers who\u2019s a son of a mafia leader. the twin loves\u2026"}, {"author_id": 1345617405213458433, "id": 1495226443793530881, "text": "RT @suppliernisunoo: \u2014 sky is in trouble.\n\na #sunki au wherein ace and axe are twin brothers who\u2019s a son of a mafia leader. the twin loves\u2026"}, {"author_id": 793195728843771904, "id": 1495226225480339456, "text": "RT @CrimeReads: \"'Miller\u2019s Crossing'... is a masterful acid reflux attack of a film\u2014incredibly damp and burning all at the same time... ful\u2026"}, {"author_id": 1443937999385886725, "id": 1495225116023988226, "text": "RT @suppliernisunoo: \u2014 sky is in trouble.\n\na #sunki au wherein ace and axe are twin brothers who\u2019s a son of a mafia leader. the twin loves\u2026"}, {"author_id": 1419286718117650436, "id": 1495221801768472576, "text": "RT @suppliernisunoo: \u2014 sky is in trouble.\n\na #sunki au wherein ace and axe are twin brothers who\u2019s a son of a mafia leader. the twin loves\u2026"}, {"author_id": 1451112883606065154, "id": 1495221586793664514, "text": "RT @suppliernisunoo: \u2014 sky is in trouble.\n\na #sunki au wherein ace and axe are twin brothers who\u2019s a son of a mafia leader. the twin loves\u2026"}, {"author_id": 1447793291982880768, "id": 1495221400826953728, "text": "RT @suppliernisunoo: \u2014 sky is in trouble.\n\na #sunki au wherein ace and axe are twin brothers who\u2019s a son of a mafia leader. the twin loves\u2026"}, {"author_id": 1452216073911144457, "id": 1495221062208212994, "text": "RT @suppliernisunoo: \u2014 sky is in trouble.\n\na #sunki au wherein ace and axe are twin brothers who\u2019s a son of a mafia leader. the twin loves\u2026"}, {"author_id": 1479015517457321984, "id": 1495220016614051842, "text": "RT @suppliernisunoo: \u2014 sky is in trouble.\n\na #sunki au wherein ace and axe are twin brothers who\u2019s a son of a mafia leader. the twin loves\u2026"}, {"author_id": 1450754916612337669, "id": 1495215820326469635, "text": "RT @suppliernisunoo: \u2014 sky is in trouble.\n\na #sunki au wherein ace and axe are twin brothers who\u2019s a son of a mafia leader. the twin loves\u2026"}, {"author_id": 991598446921617408, "id": 1495207257939886091, "text": "My Mum was saying earlier that my brothers youngest (late 20s) and bf are going to canada for some form of conservation work.\n\nBearing in mind troubles over there, should I be concerned?\n\nNB Im already known as a trouble maker as I tell them what the bbc  wont.\n\nThoughts ?"}, {"author_id": 1441990248670527491, "id": 1495199712559124482, "text": "RT @suppliernisunoo: \u2014 sky is in trouble.\n\na #sunki au wherein ace and axe are twin brothers who\u2019s a son of a mafia leader. the twin loves\u2026"}, {"author_id": 1479803381774360576, "id": 1495192501656817667, "text": "(This first half is based off a chat) It\u2019s canon that mammon takes the blame to protect his brothers from punishments when it\u2019s something small or he knows the brother in trouble is upset at the moment since he\u2019s the oldest and is used to Lucis punishments."}, {"author_id": 1434032387445248002, "id": 1495191539626086400, "text": "Another hero peeps!\nMY BROTHERS AND SISTERS ARE STANDING UP!\nThis one as of yet unknown! \nWatch the video and help us out!\nEVERY HERO deserves to hear that they are indeed a HERO!\n\ud83d\udc99\ud83d\udc99\ud83d\udc99\ud83d\udc99\ud83d\udc99\ud83d\udc99\ud83d\udc99\ud83d\udc99\ud83d\udc99\ud83d\udc99\ud83d\udc99\nGood samaritan helps officer in trouble https://t.co/Qb5yn1Esp7 via @YouTube"}, {"author_id": 29366189, "id": 1495180469154955264, "text": "@NU_tweets_here @AnnikaC28927272 @ramzpaul Actually yes. In the old days, fathers and brothers did this for their women to protect them and keep them out of trouble"}, {"author_id": 3000707613, "id": 1495175133950091272, "text": "My brother had dinner next to the Paul brothers in Puerto Rico and I played \u201ctrouble\u201d with my parents. You could say our weekends are pretty much the same ."}, {"author_id": 1391053084730691584, "id": 1495167722661249024, "text": "RT @suppliernisunoo: \u2014 sky is in trouble.\n\na #sunki au wherein ace and axe are twin brothers who\u2019s a son of a mafia leader. the twin loves\u2026"}, {"author_id": 887695590095818756, "id": 1495156263365365762, "text": "\"'Miller\u2019s Crossing'... is a masterful acid reflux attack of a film\u2014incredibly damp and burning all at the same time... full of characters who reach for the very thing that made them ill in the first place, to wash all the trouble right back down.\" https://t.co/9nilGJ6Vsi"}, {"author_id": 1479643087991631872, "id": 1495149335469723651, "text": "RT @suppliernisunoo: \u2014 sky is in trouble.\n\na #sunki au wherein ace and axe are twin brothers who\u2019s a son of a mafia leader. the twin loves\u2026"}, {"author_id": 1429806729760489477, "id": 1495116019760775170, "text": "RT @suppliernisunoo: \u2014 sky is in trouble.\n\na #sunki au wherein ace and axe are twin brothers who\u2019s a son of a mafia leader. the twin loves\u2026"}, {"author_id": 1484138559112359939, "id": 1495112303385079809, "text": "RT @suppliernisunoo: \u2014 sky is in trouble.\n\na #sunki au wherein ace and axe are twin brothers who\u2019s a son of a mafia leader. the twin loves\u2026"}, {"author_id": 17762316, "id": 1495110817850736641, "text": "Getting in Good Trouble on Saturday afternoon with my brothers from Roselle,Jamel C. Holley and Samuel Bishop.\n\nOut in Bridgewater NJ at a protest in support of Z\u2019kye Husain who was manhandled by Bridgewater Police. #Bridgewater https://t.co/Apr923QuaF"}, {"author_id": 980108276716089345, "id": 1495108235795124225, "text": "RT @suppliernisunoo: \u2014 sky is in trouble.\n\na #sunki au wherein ace and axe are twin brothers who\u2019s a son of a mafia leader. the twin loves\u2026"}, {"author_id": 1412016011520266241, "id": 1495107940164194304, "text": "RT @suppliernisunoo: \u2014 sky is in trouble.\n\na #sunki au wherein ace and axe are twin brothers who\u2019s a son of a mafia leader. the twin loves\u2026"}, {"author_id": 1458400610202447875, "id": 1495103746908766208, "text": "RT @suppliernisunoo: \u2014 sky is in trouble.\n\na #sunki au wherein ace and axe are twin brothers who\u2019s a son of a mafia leader. the twin loves\u2026"}, {"author_id": 908765454, "id": 1495094165234872321, "text": "@dodo The brothers/sisters are all like \"haha you got in trouble\"! I know. That was me as a kid."}, {"author_id": 1390920902838161411, "id": 1495080327307735040, "text": "RT @suppliernisunoo: \u2014 sky is in trouble.\n\na #sunki au wherein ace and axe are twin brothers who\u2019s a son of a mafia leader. the twin loves\u2026"}, {"author_id": 1240750027296763905, "id": 1495080302708162566, "text": "@James52314865 @Brian_Cronin With two big brothers I'm sure you got in trouble a lot \ud83d\ude02"}, {"author_id": 1385397667648491524, "id": 1495072453973921795, "text": "RT @suppliernisunoo: \u2014 sky is in trouble.\n\na #sunki au wherein ace and axe are twin brothers who\u2019s a son of a mafia leader. the twin loves\u2026"}, {"author_id": 1379765304448876547, "id": 1495071785724747778, "text": "RT @suppliernisunoo: \u2014 sky is in trouble.\n\na #sunki au wherein ace and axe are twin brothers who\u2019s a son of a mafia leader. the twin loves\u2026"}, {"author_id": 1429327338857132037, "id": 1495068684913557505, "text": "RT @suppliernisunoo: \u2014 sky is in trouble.\n\na #sunki au wherein ace and axe are twin brothers who\u2019s a son of a mafia leader. the twin loves\u2026"}, {"author_id": 1105324077743509507, "id": 1495065785978474502, "text": "If I don\u2019t call and check in on my dad I won\u2019t hear from him unless my brothers are being assholes or in trouble.   And then it\u2019s only to vent about them and brag about how independent I am. Wild."}, {"author_id": 1341628880050741250, "id": 1495064927085608962, "text": "RT @suppliernisunoo: \u2014 sky is in trouble.\n\na #sunki au wherein ace and axe are twin brothers who\u2019s a son of a mafia leader. the twin loves\u2026"}, {"author_id": 1494143091909197825, "id": 1495062539012435971, "text": "RT @suppliernisunoo: \u2014 sky is in trouble.\n\na #sunki au wherein ace and axe are twin brothers who\u2019s a son of a mafia leader. the twin loves\u2026"}, {"author_id": 1456995403883180032, "id": 1495061070594985987, "text": "RT @suppliernisunoo: \u2014 sky is in trouble.\n\na #sunki au wherein ace and axe are twin brothers who\u2019s a son of a mafia leader. the twin loves\u2026"}, {"author_id": 1482269794477146118, "id": 1495060945751932931, "text": "RT @suppliernisunoo: \u2014 sky is in trouble.\n\na #sunki au wherein ace and axe are twin brothers who\u2019s a son of a mafia leader. the twin loves\u2026"}, {"author_id": 1444890040027389961, "id": 1495052040795717638, "text": "RT @suppliernisunoo: \u2014 sky is in trouble.\n\na #sunki au wherein ace and axe are twin brothers who\u2019s a son of a mafia leader. the twin loves\u2026"}, {"author_id": 1312203052548419587, "id": 1495051027673878535, "text": "RT @suppliernisunoo: \u2014 sky is in trouble.\n\na #sunki au wherein ace and axe are twin brothers who\u2019s a son of a mafia leader. the twin loves\u2026"}, {"author_id": 1434844105452908546, "id": 1495049835262529536, "text": "RT @suppliernisunoo: \u2014 sky is in trouble.\n\na #sunki au wherein ace and axe are twin brothers who\u2019s a son of a mafia leader. the twin loves\u2026"}, {"author_id": 453954456, "id": 1495049834910437385, "text": "\ud83d\ude02 Ei endi\u025b\u025b my brothers are in trouble paaa. https://t.co/3TeWIbJ7TV"}]