[{"author_id": 1940647939, "id": 1495285937257218051, "text": "RT @syn_archive: 220219 Tower Records Fancall\n#YOUNGEUN #\uc11c\uc601\uc740\n#Kep1er #\ucf00\ud50c\ub7ec #FIRST_IMPACT\n\n\ud83d\udc64: Did you study Japanese?\n\ud83e\udd8a: I studied a lot!\n\ud83d\udc64:\u2026"}, {"author_id": 755089912936882176, "id": 1495285866670919684, "text": "I just finished watching The Tinder Swindler and let me just say I don\u2019t care how in love I am with someone I\u2019m not trusting them with my money LMAO BYE"}, {"author_id": 1199479986240901120, "id": 1495285484221726720, "text": "bye I am literally so MUCH shorter than him it\u2019s not even funny \ud83d\ude2d but I love that I am shorter than him \ud83d\ude3c\ud83d\udcaa\ud83c\udffb\ud83d\ude4f\ud83c\udffb https://t.co/ZB6gNtIXi9"}, {"author_id": 823210382282162176, "id": 1495285185335726082, "text": "RT @_Samayyyyy: Bye Rashid khan Most Love &amp; Respect.\ud83d\udc9a\ud83d\ude4c Miss You!\u2764\ufe0f\ud83c\udfcf\n#LQvsIU #RashidKhan https://t.co/jG338mGDNL"}, {"author_id": 1393586086367023107, "id": 1495284750033977345, "text": "RT @thinkofbbangric: \"I love you deobi, bye~\" \ud83e\udd7a \nhttps://t.co/VDMYQb2BGp"}, {"author_id": 1417349265878257667, "id": 1495284555279859713, "text": "Bruh-? Why are yall pissed?? Jimin was genuinely happy bye yall love to drag vmin??? Get a life https://t.co/40YPiYs39i"}, {"author_id": 4544573352, "id": 1495284392771608578, "text": "not shaina saying natalie is insecure bc she\u2019s there girl stfu ur the one who left kyle bc u want shayne \u2026. who\u2019s in love with natalaie , girl bye #loveisblind2"}, {"author_id": 2528889244, "id": 1495284347234045952, "text": "writing a love song to sleep bye"}, {"author_id": 1280221904016531461, "id": 1495284346059640835, "text": "@ishehnaaz_gill @JyadaHoRhaTera @ShehnaazShineFC OKAY BYE I HAVE TO GO AND STUDY.\nLOVE YOU \u2665\ufe0f\u2665\ufe0f\u2665\ufe0f\u2665\ufe0f\u2665\ufe0f"}, {"author_id": 1435832473510809608, "id": 1495284138969952258, "text": "i love all their songs, that's it bye. https://t.co/0PzekpEJQW"}, {"author_id": 1333872988135989249, "id": 1495283799197818886, "text": "anyway bye for real this time, i love you all and i\u2019m sorry for everything"}, {"author_id": 1376179222968946690, "id": 1495283686937292801, "text": "Time out. I'm getting a call. Luka? Which kitchen appliance did O'Connor destroy this time? I'm in the middle of something. Love you too. Take care of yourself, bye. Now, where were we?"}, {"author_id": 1159161744310374400, "id": 1495283543043366913, "text": "i\u2019m trying to watch my love story bc i need distractions BUT UGH THE MC IS SO UGLY BUT IK ITS GOOD BUT UHHH COULD THEY HAVE MADE HIM CUTE im so shallow bye"}, {"author_id": 1464108398107328512, "id": 1495283304265760772, "text": "RT @be_hanamaco: LOVE\ud83c\udf08 BE:FIRST  \nI recommend \"Brave Generation\" along with \"Gifted.\"  \n#Gifted &amp; #BraveGeneration by #BEFIRST are my  fav\u2026"}]