[{"author_id": 1472066631102869510, "id": 1495286521842253824, "text": "Wanna watch season 4 \ud83d\udc41 #StrangerThings4 #st4 #eye #byebye https://t.co/18lK4OHYXP"}, {"author_id": 1022335181917700097, "id": 1495286467379220481, "text": "Byebye chocolate i can literally go find your flavor in any other dessert on the earth https://t.co/CG4RwY4n5E"}, {"author_id": 1193151429378134016, "id": 1495286228291227650, "text": "byebye all~ i'll miss everything of u all"}, {"author_id": 1424224791515394055, "id": 1495285859079573508, "text": "like nya guys \ud83d\ude18\nhttps://t.co/Rwepsg4IzR https://t.co/upilYnVQDz"}, {"author_id": 3509678953, "id": 1495283755279613955, "text": "(at this point i stop crying &amp; get serious)\n\ud83d\udc69: Oh also, aoi no showroom to instalive wo mimasu\n\ud83d\udc99: Ohh \ud83d\ude32 hontou\n\ud83d\udc69: Hai, i was in your bday showroom. I also throw gifts haha\n(I notice it's only 3 secs left)\n\ud83d\udc69: Oh byebye \ud83d\ude0a\n\ud83d\udc99: Bye... \ud83d\ude03"}, {"author_id": 1485412067477626880, "id": 1495282817567055872, "text": "ok im gonna sleep i feel weak byebye"}, {"author_id": 1409766219209576448, "id": 1495282385432485889, "text": "will be back later on i promise :) byebye"}, {"author_id": 1425787352945872896, "id": 1495279028550340608, "text": "@sepvulmos \"(oh, shut up, banrisan...!)\"\n\n[ azami blushes, crossing his arms. ]\n\n\"okay, time to go. the portal won't hold for long.\"\n\nokay!!\n\n[ tsubaki launches himself at banri in a hug, much to a watching azami's mortification. ]\n\nthank you for helping me, onee-san!~ byebye!~"}, {"author_id": 266295968, "id": 1495278883335286788, "text": "@terramorpher @cel_doe @RALee85 Trust me, my little toxin apologist, I have heard it all before. Byebye now."}, {"author_id": 122590109, "id": 1495275962107240448, "text": "Ta da((not finished yet tho HAHA))\n\nBelow need doors but got some problems and workshop no space already so we send out to client so he can put his LEGO and also we make space for ourselves.\n\nI am more free after today alhamdulillah\n\nByebye $3k project, to more in the future\ud83d\ude09 https://t.co/W2HClDnNsj"}, {"author_id": 1495263254351908864, "id": 1495274251217215488, "text": "as you were, im fullt disinterested!\n#cult #byebye"}, {"author_id": 1478693563630342144, "id": 1495274038129827841, "text": "Thank You @rashidkhan_19 for joining PSL7 and for supporting @lahoreqalandars and Allah Hafiz\n\n#PSL7 #lahoreQalandars #RashidKhan #ByeBye #LQvsIU #AhmadOkarvi22"}, {"author_id": 1388324621741531136, "id": 1495273917891579905, "text": "RT @vuittonjeons: CLOSED \u2014 i hope this doesn\u2019t take too much of ur time to read ^__^ u can find me at @1uvkku now hehe byebye frends \ud83c\udf2c http\u2026"}, {"author_id": 1387749304237010950, "id": 1495270817265033221, "text": "RT @swanbbl: -You can vote until tomorrow morning!\n-Suani, who spend all her energy choosing pictures.. is leaving now\n-Ill count them tomo\u2026"}, {"author_id": 1397741015574880256, "id": 1495268171255009281, "text": "RT @vuittonjeons: CLOSED \u2014 i hope this doesn\u2019t take too much of ur time to read ^__^ u can find me at @1uvkku now hehe byebye frends \ud83c\udf2c http\u2026"}, {"author_id": 1187844602243489793, "id": 1495267253578702850, "text": "RT @eokie723: \u201ctime is over, sorry, byebye\u201d \ud83e\udd23\ud83e\udd23https://t.co/5HgtdurUHF"}, {"author_id": 1388324621741531136, "id": 1495267196809134080, "text": "CLOSED \u2014 i hope this doesn\u2019t take too much of ur time to read ^__^ u can find me at @1uvkku now hehe byebye frends \ud83c\udf2c https://t.co/mZPjPa3A1o"}, {"author_id": 1327589622537306112, "id": 1495263110805942272, "text": "@Vishalkkotian Ye public hei aur public ye jaante hein ki tum samse ghattiya contestant ho bb history mein..kisi ne aisa dirty game nhi khela hein..vo bhi bolke bolke...which proves u r an idiot with no brains also...that's y \"public\" kicked u out in first chance it got.byebye Bol bam uncle"}, {"author_id": 1425787352945872896, "id": 1495262722564448261, "text": "@oujimuku this your world?\"\n\n[ as tsubaki runs to join yomi, azami steps through, sighing in relief. ]\n\nyeah, sure is.\n\n\"byebye, muku-san!~\"\n\n[ the two ayakashi disappear into the portal, leaving azami with muku. ]\n\n... hey."}, {"author_id": 853296507990274048, "id": 1495261726157193216, "text": "RT @j2ko_: briefly breaking my promise just to flex the fact i did 6 hours of chemistry homework and finished this awesome collab part for\u2026"}, {"author_id": 1340805135853907970, "id": 1495261638668304391, "text": "okay i\u2019m gonna go shower now byebye don\u2019t fall asleep till i\u2019m back ahaha"}, {"author_id": 1295594518847332352, "id": 1495261220450054145, "text": "@yeosangsbf U DONT HAVE TO EXPLAIN URSELF ITS OK BYEBYE"}, {"author_id": 1334927371170766851, "id": 1495260876605390849, "text": "RT @NHxQZnCKJ7qloyY: \ud654\uc591\uc5f0\ud654\nbyebye\ud83d\udc4b\n\nKeep streaming #BTS_Butter on all music platforms #BTS @BTS_twt https://t.co/V7VgIjfB5i"}, {"author_id": 1386228788355207168, "id": 1495259459962417153, "text": "Weyh of this year really have pt3 i have to say byebye to genshin fon will kena rampas by mak ku ish la"}]