[{"author_id": 107074929, "id": 1495269249614589952, "text": "@Cords95481107 Carlitos Way Penn should have been nominated"}, {"author_id": 1332837644900954113, "id": 1495258013564915715, "text": "@Cords95481107 Carlitos Way"}, {"author_id": 1257522219615477761, "id": 1495243294351241223, "text": "carlitos and hugo back together, way better than the golden lovers story"}, {"author_id": 758293460101324800, "id": 1495232600662753290, "text": "@Cords95481107 Has to be Carlitos Way, Kevin Costner best film I\u2019ve seen was Mr Brooks. That is another level Dexter plus\ud83d\ude0e https://t.co/9hdH3EuY0K"}, {"author_id": 1236912619321085952, "id": 1495221251148861440, "text": "@Cords95481107 Carlitos way !!!"}, {"author_id": 370819144, "id": 1495187231958519814, "text": "@jl_massey @Cords95481107 Carlitos way for me. Sean Connery ruins the untouchables!"}, {"author_id": 925483707032571904, "id": 1495180385625554945, "text": "RT @Wurlybard: @darachos Torn because McQueen is one of the coolest men ever to have lived but Pacino is cool asf in Carlitos way."}, {"author_id": 1470123083172298753, "id": 1495177736192761858, "text": "@darachos Torn because McQueen is one of the coolest men ever to have lived but Pacino is cool asf in Carlitos way."}, {"author_id": 3126347159, "id": 1495150155485650946, "text": "@bpotter45 @Cords95481107 2pac didn\u2019t rap about Carlitos way #justsayin https://t.co/2wsVQ3sgPH"}, {"author_id": 158217482, "id": 1495146403244687361, "text": "@Cords95481107 Carlitos Way"}, {"author_id": 1136636379117621248, "id": 1495145429234819076, "text": "@Cords95481107 Carlitos Way \ud83d\udc4d"}, {"author_id": 1169352131108753408, "id": 1495119900313985028, "text": "@Cords95481107 @TV_Fanatic_Girl I haven't seen neither not yet...I heard good things about Carlitos.. way."}, {"author_id": 1383143058062053376, "id": 1495119866889654277, "text": "@mr__carlitos Don\u2019t worry, no way Thiago stays fit for the rest of the season and we\u2019re shit without him"}, {"author_id": 32057183, "id": 1495115927809101824, "text": "@Cords95481107 Carlitos Way"}, {"author_id": 737382279824216064, "id": 1495114907771154443, "text": "@Cords95481107 Both are great can\u2019t go wrong with both \ud83e\udd37\ud83c\udffb\u200d\u2642\ufe0f\ud83c\udf9e going with untouchables by a hair cause it\u2019s the story on Al Capone \ud83d\udd2b  but I think more people like Carlitos way better but like both \ud83e\udd37\ud83c\udffb\u200d\u2642\ufe0f #mafia #gangster can\u2019t go wrong with either great casts in both films https://t.co/wwKC0zZ2YT"}, {"author_id": 349284246, "id": 1495114838393118721, "text": "@Cords95481107 Carlitos Way 100 times out of100. Not a fan of The Untouchables"}, {"author_id": 1425429204825411589, "id": 1495113363898220547, "text": "@Cords95481107 Carlitos way one the most underrated movies ever, Sean Penn was awesome too"}, {"author_id": 567365963, "id": 1495105814104838144, "text": "@Cords95481107 Carlitos way\u2026 Hands down\u2026. Benny blanco from the Bronx https://t.co/BkZn2pbtXo"}, {"author_id": 133387884, "id": 1495102104364535817, "text": "@Cords95481107 Carlitos way by far"}, {"author_id": 877567143927218176, "id": 1495101957509468171, "text": "@Cords95481107 If you think Carlitos Way then you\u2019re nothing but a lot of talk and a badge. \ud83d\ude00"}, {"author_id": 1494707945887698959, "id": 1495101319434100736, "text": "@Cords95481107 Carlitos way, easily ."}, {"author_id": 1101320255010492417, "id": 1495099985112834050, "text": "@Cords95481107 Damn you! This is hard! Obviously, Untouchables is perfect. But Carlito is my man! If you\u2019re putting a gun to my head, I gotta go with Carlitos\u2019s Way."}, {"author_id": 1081372770443935744, "id": 1495099876744568843, "text": "RT @jdizzle541: @Cords95481107 Carlitos Way all day  every day https://t.co/XPQm75KJFl"}, {"author_id": 779056678142521344, "id": 1495096140106280964, "text": "RT @jdizzle541: @Cords95481107 Carlitos Way all day  every day https://t.co/XPQm75KJFl"}, {"author_id": 224970761, "id": 1495095146249138177, "text": "@Cords95481107 Carlitos way is a better film, The Untouchables is fun popcorn film with a Scotsman doing a Scottish accent playing an Irishman and still stealing every scene he was in"}, {"author_id": 845957992608665600, "id": 1495092356479078402, "text": "@Cords95481107 Carlitos way, Sean Penn playing carlito's lawyer almost steals the show. Pacino absolutely top draw. One of my favourite film's."}, {"author_id": 3805603513, "id": 1495090612353314819, "text": "Carlitos Way https://t.co/BNM2JUbXj6"}, {"author_id": 905834470506467333, "id": 1495087661522030604, "text": "@Cords95481107 Carlitos Way"}, {"author_id": 301180171, "id": 1495087303085101056, "text": "@Cords95481107 Carlitos Way all day  every day https://t.co/XPQm75KJFl"}, {"author_id": 937161347770576896, "id": 1495073157568335876, "text": "Luis Diaz has come a long way since being the fat dude in Carlitos Way. #LIVNOR https://t.co/NSK8PBHHVy"}, {"author_id": 478924192, "id": 1495054171162255360, "text": "R.K.M &amp; Ken-Y - Way, Way (feat. Carlitos Way)  https://t.co/utUxCLyLar"}, {"author_id": 1242132685407105025, "id": 1495046260780326918, "text": "@TiberiusTusken Soo many to choose but \u2026Carlitos Way &amp; Scent of a woman"}, {"author_id": 194639138, "id": 1494962529792978945, "text": "@whattheshot Carlitos way"}, {"author_id": 1091276312315088897, "id": 1494956573604646915, "text": "1. Godfather\n2. The gentlemen\n3. The town\n4. Heat\n5. Shawshank redemption\n6. The Avatar\n7. Carlitos Way\n8. Old guard\n9. Coming to America\n10. The accountant https://t.co/f92yCkeCEp"}, {"author_id": 198390015, "id": 1494903802583035904, "text": "@birdiebirdieee Definitely check out Carlitos Way /w Al Pacino. It's that mafia boss 90's heat like Goodfellas."}, {"author_id": 184257184, "id": 1494903467348881409, "text": "Better Movie (hint the answer is Carlitos Way)"}, {"author_id": 567766772, "id": 1494897119622275072, "text": "Carlitos Way is the sequel to Scarface. Yall are welcome."}, {"author_id": 198390015, "id": 1494892622363639815, "text": "@birdiebirdieee Have you seen Donnie Brasco and Carlitos Way? Goodfellas top 5 for me but Casino is my ish."}, {"author_id": 1494034300907716608, "id": 1494884113018494976, "text": "@InvsbleFriendsA Please ! :) @_cArLitoS_waY @beubeulegomme @CryptoTomYT @gerazgames @Jessica3douglas @naynayyyyy8 @jestr94"}, {"author_id": 3016139945, "id": 1494878747312500746, "text": "@HannahNPaul What?!? Carlitos Way is an absolute masterpiece"}, {"author_id": 1324207076713771009, "id": 1494865519177977857, "text": "@MajesticResists @TyMurphy19 Great list.. I love Carlitos Way also.."}, {"author_id": 1332837644900954113, "id": 1494864944042545154, "text": "@TiberiusTusken Lol \ud83d\ude02 sorry it was the tweet above yours at the time! \n\nI meant:\nCarlitos Way \n And man that means that I put that on the other one \ud83d\ude02\ud83d\ude02\ud83d\ude02"}, {"author_id": 2478922478, "id": 1494832488295940099, "text": "@Dev2Dust I saw Carlitos way in theaters. I loved it. I didn't really dig Scarface that much."}, {"author_id": 1444322646569717765, "id": 1494816814953635846, "text": "@TiberiusTusken Oh yea Carlitos way was really good also aaaah there\u2019s too many"}, {"author_id": 569953736, "id": 1494808928596938752, "text": "New month new theme\u2026 Director Gaps.. #BrianDePalma \nHome Movies \nWise Guys\nGet To Know Your Rabbit \nCarlitos Way - amazing chase scenes \nThe Bonfire of the Vanities - surprisingly good https://t.co/Nd5yNJ6Jh4"}, {"author_id": 1344124776923721730, "id": 1494803030583267332, "text": "watching carlitos way rn and,,, yeah i\u2019m getting it"}, {"author_id": 376576899, "id": 1494747447675039747, "text": "@Dev2Dust (Scarface) but I also love (Carlitos Way)."}, {"author_id": 1015730583551520768, "id": 1494736917853782017, "text": "@TiberiusTusken Carlitos Way"}, {"author_id": 1245624055534780417, "id": 1494734074828652544, "text": "@TheBembridge Carlitos Way - the remake!?"}, {"author_id": 1252328806234361862, "id": 1494727239585304578, "text": "Create your customized scenario with Integromat. Automate repetitive tasks involved in using ClickFunnels and make your work eas\u0317ier.\ud83d\ude80 \ud83c\udffb\n@LegacyAgent\n@simonjay123\n@Rooseveltfulmo3\n@g_colville\n@STEVOROCKSnLA\n@_cArLitoS_waY\n@NYJOLE\n@mktdiscountsIO\n\n\ud83d\udc49https://t.co/xpkUH0sLM0"}, {"author_id": 45345052, "id": 1494725299807956994, "text": "Carlito's Way https://t.co/J90GoiSoPn"}, {"author_id": 775750670318047232, "id": 1494722967149985796, "text": "Carlitos Way https://t.co/HdKJJIsvTx"}, {"author_id": 2414856387, "id": 1494711724209053697, "text": "@TiberiusTusken Of all his movies ,from Godfather part 2 ,Serpico ,The Devils Advocate ,He has played many great roles but I dunno if it\u2019s they were more modern but Heat and Carlitos way are two of my favourites and the supporting roles are fantastic ,Heat especially has a knockout cast"}, {"author_id": 701451359837675520, "id": 1494686014987722760, "text": "@TiberiusTusken that is hard,  the Godfather movies for sure, Serpico, Dog day afternoon, Carlitos way, Heat...just about anything he has done."}, {"author_id": 34515772, "id": 1494671660359761932, "text": "@TiberiusTusken Scarface, Carlitos Way"}, {"author_id": 57106980, "id": 1494654463440785412, "text": "@TiberiusTusken Carlitos way"}, {"author_id": 333132360, "id": 1494631105911267328, "text": "@KZN22__ Too many to pick from. \n\nSpecial mentions:\n\nL.A. Confidential\nThe Prestige\nThe Matrix (only first one)\nSilence Of The Lambs\nThe Departed\nFargo\nIn Bruges\nCatch Me If You Can\nSeven\nUsual Suspects\nCarlitos Way\nAvatar\nSchindlers List\nThe Pianist\nDjango\nGattaca\n\nAll brilliant films."}, {"author_id": 2674544142, "id": 1494550048260112384, "text": "@nikkibenz Can you imagine the faces on the woke libtards!! \ud83d\ude02\ud83d\ude02\ud83d\ude02 Give me Scarface and Carlitos Way all day"}, {"author_id": 1493632642482413569, "id": 1494546926515245059, "text": "@Lepongoununoo Carlitos way?"}, {"author_id": 377832047, "id": 1494475406711394315, "text": "CARLITOS WAY WORLD TV https://t.co/Vs5tNX3ERY\u2026 via @YouTube Hit the subscribe button. Help me reach 900 subs. #YouTube #YouTubers #TikTok #aew #boxing #Entertainment #Subscribetomychannel #SubscribeNow #SubscribeToday #love #hi #nft"}, {"author_id": 2424388868, "id": 1494457600003682306, "text": "Carlitos Way decent movie"}, {"author_id": 466408189, "id": 1494453587644014593, "text": "@kirkacevedo Having the right representation would be optimal but\nI still think the bigger problem is getting more roles for Latinos but I understand you are passionate about it.\n\nEsai Morales played a great role as a Chicano in La Bamba and Jay Hernandez did a good job in Carlitos way."}, {"author_id": 1159617100174057473, "id": 1494446103848267783, "text": "@KZN22__ Heat, Carlitos Way, the Great Escape"}, {"author_id": 1393890752913154050, "id": 1494436786986266627, "text": "@TiberiusTusken So versatile and he's made most of my favourites. I love Carlitos Way because he's a tender, reformed gangster. An evolution from the Godfather and Scarface. And the narration by him is a killer, 'All the stitches in the world can sew me back together again. Tired baby...'"}, {"author_id": 1205350530505150465, "id": 1494390591635038210, "text": "@BoundingComics I read manga, and other stuff that way since forever, thanks to competent publishers and translators. And this way I learn about other cultures, I don't want Carlitos and Juan, in Neo Buenos Aires, I want Tetsuo and Kaneda from Neo Tokyo"}, {"author_id": 195828459, "id": 1494383194967265289, "text": "@Way_of_Carlitos If it was me, in my early days, I\u2019d just want one thing lmao bih you ain\u2019t emotionally stable and you expect me to take you serious? \ud83d\ude05"}, {"author_id": 1084297244113883136, "id": 1494361026426544129, "text": "type of guy who walks into grand central and goes wow this is just like Carlitos way!"}, {"author_id": 2232079207, "id": 1494161307280580611, "text": "Randomly thinking about the ending of Carlitos Way. I haven\u2019t been feeling good lately, so maybe it\u2019s time for a revisit. https://t.co/HD2ORPd3rJ"}, {"author_id": 1292497605709234179, "id": 1494160122171428866, "text": "@bohemianyatzu casino, el pianista, la lista de schindler, Carlitos way, Forrest gump, the shawshank redemption"}, {"author_id": 19218916, "id": 1494145947420479488, "text": "You haven\u2019t seen Carlitos Way. https://t.co/IBwiMxknFx"}, {"author_id": 897786190048505856, "id": 1494072270746267656, "text": "Carlitos way \ud83e\udd19"}, {"author_id": 1492853250600677381, "id": 1494044871644037121, "text": "@ladbible Jaws, Smokey and the bandit, Carlitos Way"}, {"author_id": 1489382588263190531, "id": 1494028634595553284, "text": "@YanoLele @Carlitos__way_ @JimJarmuschHair Dm me to get spoil"}, {"author_id": 1494004295636762624, "id": 1494027990447144974, "text": "@YanoLele @Carlitos__way_ @JimJarmuschHair Dm for financial support Asap"}, {"author_id": 1403468512518098957, "id": 1494027853008187394, "text": "RT @cavandsarah: \u201d Carlito\u2019s way\u201d The search for\u00a0redemption https://t.co/slRc7dIWch"}, {"author_id": 1308471621741686785, "id": 1494024205234544643, "text": "@ladbible The Usual Supects and Carlitos Way"}, {"author_id": 377832047, "id": 1493986304673169410, "text": "CARLITOS WAY WORLD TV https://t.co/8c1LOxMR3T via @YouTube. Goodmorning Goodmorning!. Hit the subscribe button. Help me reach 900 subs. #YouTube #YouTubers #TikTok #aew #boxing #Entertainment #Subscribetomychannel #SubscribeNow #SubscribeToday #love #hi #nft"}, {"author_id": 325905719, "id": 1493967795171860484, "text": "@JeffRatcliffe after the big game Scarface was on and lead me to think, rank these Pacino flics, I debated keeping godfather off because I think it\u2019s a slam dunk #1. Godfather, Scarface, Heat, Scent of a women, Carlitos way."}]