[{"author_id": 62137010, "id": 1495287990301917185, "text": "Plus I'll get to carpool with my baby twice a week &amp; spend extra time with him once we get schedules fixed.\n\n2 Days won't run my body ragged &amp; it'll be enough to help pay my bills &amp; save as well.\nIt's just enough."}, {"author_id": 87188071, "id": 1495284589765570563, "text": "#Carpool #CapeTown -&gt; #CapeTown rideshare #splitcosts #taketurns https://t.co/2MgDjtGtpm"}, {"author_id": 1320896446195888128, "id": 1495283637318668289, "text": "@SMTOWNFESSAREA choose only 2 song\u2019s fav sms\n\nkangta; -\nBoA; No. 1, who are you\ntvxq; -\nsuper junior; Bonamana, No other\nsnsd; ini susah bgt \ud83d\ude2d, time machine, Mr. Mr\nshinee; ring ding dong\nexo; makin susah \ud83d\ude2d, don't go, lucky\nred velvet; Carpool, Sassy me (tbh susah Wak!!)"}, {"author_id": 1963592660, "id": 1495283262373179394, "text": "@shelderfromhell Who was your favorite carpool partner and why was it coin"}, {"author_id": 87188071, "id": 1495280815533613056, "text": "#Carpool #ShahAlam -&gt; #ShahAlam rideshare #splitcosts https://t.co/apx59BbJp0"}, {"author_id": 1350529430179831808, "id": 1495278768612466689, "text": "carpool karaoke w wiz https://t.co/4vUE3p6r57"}, {"author_id": 1390180915075239936, "id": 1495278755740151810, "text": "@Becca06700093 @KevinSchmidy \ud83d\ude99\ud83d\udca8 VROOM\n\nWe\u2019re in it together and picking up friends along the way!\n\nJoin the CarPool - one of the ASPA pools OZZY is giving a shout out for. \n\nWe\u2019d be honored to work for you. \n\n\ud83d\udd96\ud83d\ude4f\ud83c\udffb\n#Cardano #ADA #staking"}, {"author_id": 2998173235, "id": 1495277691506888705, "text": "@Sportsfreakconz Was Mrs Carter in the background organising a carpool with Coutts \ud83d\ude09"}, {"author_id": 1322370941788278784, "id": 1495277656891400196, "text": "@brendaslynn @CarolynRude @Storm4Congress You don\u2019t have to take the jab to fly, but if you ever want to go to Tx, just drive up to 40 and we can carpool.\ud83e\udd23 \u2764\ufe0f"}, {"author_id": 2735726705, "id": 1495277586812846081, "text": "thinking about how hard i manifested this \nwanted to go but conflicted w my favorite band - favorite band cancels tour \nstill debating on buying ticket bc i spent $$ for tuesday - gets offered free ticket \nstill isn\u2019t sure bc venue is an hour away - gets offered a carpool https://t.co/8l2sURUwcD"}, {"author_id": 87188071, "id": 1495277045068279809, "text": "#Carpool #Dallas -&gt; #Houston rideshare 1 Seat offered #splitcosts https://t.co/tji89WMdQU"}, {"author_id": 87188071, "id": 1495277044061593600, "text": "#Carpool #Hemet -&gt; #Beaumont rideshare #splitcosts https://t.co/neX3d8nWf2"}, {"author_id": 87188071, "id": 1495277042996232202, "text": "#Carpool #Brampton -&gt; #Bowmanville Hi, I'm a passenger looking to join in on your daily work commute from Brampton to Bowmanville. https://t.co/61nWsPIUef"}, {"author_id": 1421510979460943877, "id": 1495276422407016455, "text": "RT @kargadan: Woman Driving Alone In Carpool Lane Claims Preferred Pronoun Is 'They' \n\nhttps://t.co/SICo9AB4Qr"}, {"author_id": 902623369517867008, "id": 1495274606730498049, "text": "@BoilerRoomCameo We can carpool!\n\nI\u2019ll probably want to be high af for it tbh"}, {"author_id": 2452064544, "id": 1495273044696174596, "text": "RT @alecbossanova: friendly reminder that during the James Corden carpool video, Louis ordered a drink and he didn't like it, so he gave it\u2026"}, {"author_id": 1033009068070318080, "id": 1495272287397949440, "text": "@KailenIdk i wanna experience a major carpool so bad lmao"}, {"author_id": 1204131644895948800, "id": 1495271132726902786, "text": "it\u2019s so nice being able to carpool with my bestfriend to pick up our sneakys, they\u2019re brothers"}, {"author_id": 884063915268812800, "id": 1495270528462069761, "text": "john said the other day he doesn\u2019t carpool with anyone so what\u2019s this \ud83e\udd28 https://t.co/HqVcQPcQZe"}, {"author_id": 87188071, "id": 1495269491156127749, "text": "#Carpool #Chico -&gt; #Austin rideshare 2 Seats offered #splitcosts #sharemusic #sharefood https://t.co/6ItgN5DLXt"}, {"author_id": 44214535, "id": 1495268667411607554, "text": "Woman Driving Alone In Carpool Lane Claims Preferred Pronoun Is 'They' https://t.co/pwHULjMJSN via @YouTube"}, {"author_id": 16523618, "id": 1495268318403383296, "text": "The carpool lane on the 5 is open, REJOICE"}, {"author_id": 1336389955988307968, "id": 1495268057111007236, "text": "yes!!! Perfect for mowing thru the crosswalk when I\u2019m doing pre-k carpool pickup for the triplets (their names are Brocklyn, Kaydyn, and Myleigh btw) https://t.co/AGOfvQTspS"}, {"author_id": 1466936009850036226, "id": 1495267413667028995, "text": "bts\u2019 carpool karaoke is really what made me fall in love with their personalities and want to know more about them. i\u2019m reminiscing rn \ud83e\udd7a"}, {"author_id": 1246349380858171392, "id": 1495266997026062337, "text": "In that PDKT, moment. I already know we, 3 have a same taste of spotify music. Matt said, it was the typical carpool music. From that, I was surely excited on knowing you, soalnya kea ada yang \" klik \" aja pas Matt curhatin kamu dulu. (Ternyata beneran klik)"}, {"author_id": 2758601483, "id": 1495264818206416899, "text": "@kittun @CholericAlpaca @parker_syd @OfficialRezz honestly debating the same\u2026.. lmk if you need a carpool buddy\ud83e\udd74"}, {"author_id": 87188071, "id": 1495261940188434434, "text": "#Carpool #Superior -&gt; #RockyMountainNationalPark rideshare https://t.co/0X1Gst2KJM"}, {"author_id": 2159907348, "id": 1495261631424745475, "text": "RT @ImmaBioloG: @John_the_L @TexasTribune @LisaZucker3 I was driving home the other day and saw a guy in the carpool lane with a blue line\u2026"}, {"author_id": 369116478, "id": 1495260610740862980, "text": "I think my favorite video on the internet is the entire Cyrus family doing carpool karaoke to Shake It"}, {"author_id": 1392725838718816256, "id": 1495258913607864323, "text": "Remember when locals absolutely fall in love with carpool hoseok..asking who's the guy in middle, ball of sunshine, cute even asking how he likes eggs in the morning?! \ud83d\ude2d https://t.co/TINmC0heZc"}, {"author_id": 87188071, "id": 1495258164052340737, "text": "#Carpool #Hopewell -&gt; #Stafford rideshare #splitcosts #taketurns https://t.co/gAwDOwgsYy"}, {"author_id": 2571843746, "id": 1495258127662522371, "text": "@coherentstates [pulling up for the carpool] https://t.co/2G4Lfl9IEC"}, {"author_id": 1134755610, "id": 1495257925023002627, "text": "@John_the_L @TexasTribune @LisaZucker3 I was driving home the other day and saw a guy in the carpool lane with a blue line flag on his truck.  He was the only person in the vehicle, very on brand with these fucks."}, {"author_id": 945044675144179712, "id": 1495257121549701122, "text": "@hhensell Carpool"}, {"author_id": 1098947753735045120, "id": 1495256272840851457, "text": "#Modi #RamMandir was bapanodi shameless #PrimeMinister of #India [not excluding #JharkandMuktiMorcha support buy and pay policy] GIFTED AS IS NOW #CM OF #Telangana carpool threatening a Federal Front AND ALL HAIL FROM #Karimnagar which has #bhukabja #India political landscape!"}, {"author_id": 1254303279833477121, "id": 1495256155710312448, "text": "@starfess Banyakkkk! Psycho carpool you better know queendom kingdom come in &amp; out huff and puff icc bad boy rbb banyakkk"}, {"author_id": 1098947753735045120, "id": 1495251164778364930, "text": "#India #OneNationOneVote one #Modi [well the other is a bounder who is feted in Belgium Brussels after #Bankrupt ing #India or that too is without 'pariseelana'!] \nIf the #Hyderabad Muslim Party can campaign, the #Telangana Car Party can CarPool the Federal Front then why can't"}, {"author_id": 87188071, "id": 1495250614594551815, "text": "#Carpool #Montreal -&gt; #Ottawa rideshare 4 Seats offered https://t.co/yF8QH2U8Ft"}, {"author_id": 3436931133, "id": 1495247654867148802, "text": "RT @Dusty_Carpet_: @ADHD_93 yooo the beatybean carpool to adhd\u2019s funeral would go crazy"}, {"author_id": 1110716736393920513, "id": 1495247550592389123, "text": "@ADHD_93 yooo the beatybean carpool to adhd\u2019s funeral would go crazy"}, {"author_id": 3004698833, "id": 1495247322002907139, "text": "@claes69 @RootstownTowGod @ProjectLincoln I get 22mpg. Can't carpool in rural areas. Doesn't work. \nLiterally get 650-700 per tank. Doesn't help that literally an extra check is taken from gas. + All the increase in all the goods. But just keep being dumb"}, {"author_id": 4649247073, "id": 1495246770674278406, "text": "RT @hsdailyposts: this version of \u201cdrag me down\u201d by one direction on carpool karaoke is unforgettable https://t.co/R6VVIG0MDG"}, {"author_id": 1489805744254099456, "id": 1495246730987671554, "text": "RT @alecbossanova: friendly reminder that during the James Corden carpool video, Louis ordered a drink and he didn't like it, so he gave it\u2026"}, {"author_id": 732854166, "id": 1495243495157768195, "text": "RT @kargadan: Woman Driving Alone In Carpool Lane Claims Preferred Pronoun Is 'They' \n\nhttps://t.co/SICo9AB4Qr"}, {"author_id": 1012380434, "id": 1495243210402185219, "text": "@JeffBrown781 @hwf0712 I've never been up there, so anything is educational.  All I remember is having a divisional meeting for work in Northern NJ &amp; the Exec Director from Caribou, ME commented on it being like a 5 hour drive to carpool w/ people in Portland let alone another 6+ hours rest of the way."}, {"author_id": 87188071, "id": 1495243066743087107, "text": "#Carpool #Mobile -&gt; #Mobile #Costco rideshare #splitcosts https://t.co/bfcFeozgsq"}, {"author_id": 14638577, "id": 1495241959866343430, "text": "Woman Driving Alone In Carpool Lane Claims Preferred Pronoun Is 'They' \n\nhttps://t.co/SICo9AB4Qr"}, {"author_id": 1282020755488665601, "id": 1495241603274862596, "text": "RT @alecbossanova: friendly reminder that during the James Corden carpool video, Louis ordered a drink and he didn't like it, so he gave it\u2026"}, {"author_id": 519728191, "id": 1495241277411151875, "text": "RT @glakhmed: I thought about playing #HouseOfTheRisingSun in my carpool today, but I was afraid I would get sued by #HeavyYoungHeathens."}, {"author_id": 1192575185423081472, "id": 1495240045321760769, "text": "like jungkook doing that thing with his hand in the carpool karaoke \ud83d\ude2d like he\u2019s just doing what comes into his hesd"}, {"author_id": 961994394424479745, "id": 1495238689697329152, "text": "@repeatofmgc I joined in 2020 and I couldn\u2019t be happier but I\u2019m also said I missed the carpool karabloke release"}, {"author_id": 2268324336, "id": 1495238334972452865, "text": "@SooJinnie79 I LOVE HIM. Carpool karaoke Hobi is the reason I found Bangtan."}, {"author_id": 1348903025214062593, "id": 1495236148028870659, "text": "RT @queenadelesIays: thinking about how during 25 we got a today show performance, jimmy fallon interview + 2 performances and a game, 2 pe\u2026"}, {"author_id": 2836630828, "id": 1495235787440500739, "text": "RT @TheBabylonBee: Woman Driving Alone In Carpool Lane Claims Preferred Pronoun Is 'They'\n\n\u23e9 https://t.co/VLYLU3sGbn https://t.co/ok0RJfk3bi"}, {"author_id": 25539541, "id": 1495235298338422785, "text": "Saw a high schooler wearing a black hoodie emblazoned with \"Virginity rocks!\" and I wanted to step out of my car and ask him, \"Whose does, exactly?\" but I didn't do that b/c (a) I don't accost children and (b) I would have held up the carpool lane, which means stoning"}, {"author_id": 390729733, "id": 1495234805423816706, "text": "I'm hot but the car cool\nShe wet, that's a carpool"}, {"author_id": 1433255095886565380, "id": 1495233791077584898, "text": "RT @TheBabylonBee: Woman Driving Alone In Carpool Lane Claims Preferred Pronoun Is 'They'\n\n\u23e9 https://t.co/VLYLU3sGbn https://t.co/ok0RJfk3bi"}, {"author_id": 238207778, "id": 1495233465964507138, "text": "Just A Normal Day In The Life In Leftist Land - Woman Driving Alone In Carpool Lane Claims Preferred Pronoun Is 'They' https://t.co/QnGVpnwjvT via @YouTube"}, {"author_id": 344472700, "id": 1495233176247148544, "text": "Woman Driving Alone In Carpool Lane Claims Preferred Pronoun Is 'They' https://t.co/OFuLQLGCBu via @YouTube LMAO!"}, {"author_id": 3327104705, "id": 1495231750766792707, "text": "I get to work around 12:10am. I work in community food and housing, and emergency services. I carpool with another person. I am married."}, {"author_id": 713445992444473344, "id": 1495231580780077056, "text": "@lottieblix @Ravi_Z It's wild when you find out your old neighbour and carpool buddy for football has his testimony thrust into the national conversation."}, {"author_id": 1322715261640810497, "id": 1495228571505377283, "text": "RT @Buttercup2601: 2020. Saw the carpool video and fell inlove with their vibe. Was going through severe depression and their music has hel\u2026"}, {"author_id": 10487222, "id": 1495228549485244420, "text": "@sinfulsain @RootstownTowGod @ProjectLincoln 15 mile bike ride might do you good. :-)\n\nOr get a car that has better mileage. Or carpool..."}, {"author_id": 200140161, "id": 1495227718522347523, "text": "RT @imcarolinekelly: @whitneywildrose You could always pickup the phone and call or swing by her house whenever you\u2019re done with carpool\u2026 O\u2026"}, {"author_id": 2283962508, "id": 1495227629905096707, "text": "RT @TheBabylonBee: Woman Driving Alone In Carpool Lane Claims Preferred Pronoun Is 'They'\n\n\u23e9 https://t.co/VLYLU3sGbn https://t.co/ok0RJfk3bi"}, {"author_id": 1416558912531218432, "id": 1495224917830385665, "text": "#inflation ways to help\n- carpool \ud83d\ude98 \n- bulk buy shelf goods: paper, canned\n- freezer: check grocer sale ads meat \ud83e\udd69veggies\ud83e\udd55 \n- reduce home heat 2 degrees\ud83c\udf21\n- smart thermostat to schedule heat / AC daily\n- eat at home/take lunch to work\n- filter water\ud83d\udca6\n- use budgeting recipes\ud83e\udd58"}, {"author_id": 1321318645973344256, "id": 1495224646840557575, "text": "@seokksprouts I don\u2019t know how to explain it, other than it was love at first sight. I saw Jimin &amp; carpool karaoke and I was like HIM, he\u2019s the most beautiful man I have ever seen and I was mesmerized. And the more I learned about him, the more I fell\u2026at to this day he continues to be my ult"}, {"author_id": 1482190734564466692, "id": 1495223867878645767, "text": "@darugona_ Carpool Karaoke."}, {"author_id": 882420804738220032, "id": 1495223420606365702, "text": "RT @carpoolworld: #Carpool #Coquitlam -&gt; #Saskatchewan rideshare #splitcosts https://t.co/OJvKt60uNj"}, {"author_id": 1553678420, "id": 1495222604424105988, "text": "Concept of a carpool lane is proof people are lonely"}, {"author_id": 31361270, "id": 1495221800128684033, "text": "@ReBobzilla1001 Him and Tomlin can carpool to BLM protests and Clinton dinners"}, {"author_id": 1386723159823589388, "id": 1495220645969473541, "text": "RT @hsdailyposts: this version of \u201cdrag me down\u201d by one direction on carpool karaoke is unforgettable https://t.co/R6VVIG0MDG"}, {"author_id": 87188071, "id": 1495220418982125569, "text": "#Carpool #Coquitlam -&gt; #Saskatchewan rideshare #splitcosts https://t.co/OJvKt60uNj"}, {"author_id": 1235032041722347520, "id": 1495219850280677384, "text": "My entire carpool made it out of pools lfg"}, {"author_id": 1309194994826096640, "id": 1495219387065716737, "text": "Just reflecting that my first four months of being ARMY included ON Kinetic Manifesto, Black Swan, Carpool Karaoke, Bang Bang Con, Bang Bang Con The Live, D-2/Daechwita MV drop, and Festa. What a  lucky strike. What a time to be alive! \ud83d\udd25\ud83d\udd25\ud83d\udc9c\ud83d\udc9c\ud83d\udc9c\ud83d\udc9c\ud83d\udc9c\ud83d\udc9c\ud83d\udc9c Happy two years to me! https://t.co/yG3UDygd9f"}]