[{"author_id": 2584210789, "id": 1495281192450633728, "text": "RT @MikeSorenson1: A huge shout-out to Braeden Carrington who autographed this photo before scoring a game-high 23 points for the Park Cent\u2026"}, {"author_id": 1378601822919618563, "id": 1495280638609731585, "text": "Fallon Carrington being ICONIC for 7 minutes straight https://t.co/eu1JfRzeRA - @YouTube \uac1c\uc6c3\uaca8 \ub313\uae00\uc5d0 she\u2019s still jade but richer&lt;&lt;"}, {"author_id": 1411556176249167876, "id": 1495278972967567363, "text": "RT @AUProSports: DiJonai Carrington is leading all scorers in Game 23 with 20 points as we head to the fourth quarter.\n\nAre we surprised? h\u2026"}, {"author_id": 874768670970523648, "id": 1495278512709713920, "text": "RT @dean_frey: Surrealists hanging out, photographed by Hermann Landshoff, New York, 1942\nLeonora Carrington, Andr\u00e9 Breton, Marcel Duchamp\u2026"}, {"author_id": 1160100521115623424, "id": 1495278377414144005, "text": "Accepted Bids\nn: 74\nmean: -60.22\nstd: 50.94\nmin: -95.0 Edinbane (Wind)\n25%: -76.465\n50%: -72.0\n75%: -63.72\nmax: 170.0 Carrington (CCGT) https://t.co/cmNpxxd6nE"}, {"author_id": 1342969020241293312, "id": 1495278291560902658, "text": "sad fallon carrington https://t.co/4nzrXcLKVl"}, {"author_id": 887616910644457473, "id": 1495278014992687104, "text": "RT @tlcarrington: Tonight, we'll honor the iconic #WayneShorter at @SFJAZZ presenting \"Musing Emanon: Wayne Shorter\u2019s Orbits.\" We will impr\u2026"}, {"author_id": 1059268739558912000, "id": 1495277371662155777, "text": "RT @MlCHAELCAMPAYNO: the carrington family jewels \ud83d\udd6f https://t.co/Gm1G76czfk"}, {"author_id": 825790602830815233, "id": 1495277295950614529, "text": "#nowplaying Terri Lyne Carrington @tlcarrington - Mesmerized - #smoothjazz #nola #newyork #chicago #losangeles #miami #london #paris #montecarlo"}, {"author_id": 2321141074, "id": 1495277206943186945, "text": "carrington family edit is done https://t.co/0F4X7Y9UNI"}, {"author_id": 1144306090521387011, "id": 1495277058481696770, "text": "11910 CARRINGTON AVE https://t.co/KRuyvNaoyG"}, {"author_id": 1177058135988736001, "id": 1495274125140676615, "text": "RT @SmaragdinaVisio: The Star Tarot card by surrealist artist Leonora Carrington, c.1955 https://t.co/QHxvr6eaRb"}, {"author_id": 1248354837525344257, "id": 1495273329636392964, "text": "RT @MlCHAELCAMPAYNO: the carrington family jewels \ud83d\udd6f https://t.co/Gm1G76czfk"}, {"author_id": 913471566, "id": 1495271198040670209, "text": "@Shelg0n bro look at what Carrington got me at Katsucon \ud83d\ude2d https://t.co/J1WO4iI5Dy"}, {"author_id": 1160100521115623424, "id": 1495270813922168833, "text": "Accepted Bids\nn: 68\nmean: -65.97\nstd: 34.02\nmin: -92.35 Dorenell 1 (Wind) &amp; Dorenell 2 (Wind)\n25%: -76.155\n50%: -72.0\n75%: -63.72\nmax: 170.0 Carrington (CCGT) https://t.co/MmetUa6GW0"}, {"author_id": 1961736752, "id": 1495269161185939459, "text": "RT @AUProSports: A pair of double-doubles propelled Team Cloud to a win in their final game of the week. Read the recap \u2b07\ufe0f\n\n\u270d\ufe0f: @WillieGRam\u2026"}, {"author_id": 201871438, "id": 1495268760441155586, "text": "RT @AUProSports: DiJonai Carrington is leading all scorers in Game 23 with 20 points as we head to the fourth quarter.\n\nAre we surprised? h\u2026"}, {"author_id": 1961736752, "id": 1495268631810166785, "text": "RT @AUProSports: DiJonai Carrington is leading all scorers in Game 23 with 20 points as we head to the fourth quarter.\n\nAre we surprised? h\u2026"}, {"author_id": 804296999306723328, "id": 1495268240980942850, "text": "Women supporting women. Let's polish each other's crowns &amp; leave the bitching in the dark ages. Alexis Colby (or was it Carrington?) we're not having it. https://t.co/ggZySuoKwg #womensupportingwomen"}, {"author_id": 115795626, "id": 1495267239146233859, "text": "RT @LCarrington_Art: Adieu Ammenotep, 1960 https://t.co/TNcDnhz3Cv #leonoracarrington #carrington https://t.co/RjrvMZti9v"}, {"author_id": 881964386, "id": 1495266411853549569, "text": "RT @SmaragdinaVisio: The Star Tarot card by surrealist artist Leonora Carrington, c.1955 https://t.co/QHxvr6eaRb"}, {"author_id": 1049767718654799872, "id": 1495266120617635841, "text": "RT @MikeSorenson1: A huge shout-out to Braeden Carrington who autographed this photo before scoring a game-high 23 points for the Park Cent\u2026"}, {"author_id": 3308660969, "id": 1495265344444944388, "text": "@kevin3300 James Carrington\u2019s \u201cAche\u201d, which was used in a season 6 episode of \u201cSmallville\u201d. \n\nhttps://t.co/pBP7nCSH7G"}, {"author_id": 1441796096, "id": 1495265139150536704, "text": "A huge shout-out to Braeden Carrington who autographed this photo before scoring a game-high 23 points for the Park Center Pirates! @braedencarri4\n@CoachBenJohnson @GopherMBB @CoachJamesWare @grassrootshoops @parkcenterhoops #Respect https://t.co/GY6GWEVjrd"}, {"author_id": 1154859643954454530, "id": 1495264179665653761, "text": "@daeso_1k You seen carrington for $30 LC for tonight \ud83d\ude29 I don\u2019t give a damn im in my bed \ud83d\ude02"}, {"author_id": 3040006524, "id": 1495261803005497345, "text": "RT @FreshCoastHoops: Minnesota signee Braeden Carrington dropped 23 points tonight to lead Park Center to a win! @braedencarri4 \n\nFull high\u2026"}, {"author_id": 59047876, "id": 1495261508778946561, "text": "RT @sophiatseliem: PROFESSOR CARRINGTON, CALL YOUR OFFICE:  The Sun Has Erupted Non-Stop All Month, And There Are More \u2026 https://t.co/nfokj\u2026"}, {"author_id": 59047876, "id": 1495261496141443073, "text": "PROFESSOR CARRINGTON, CALL YOUR OFFICE:  The Sun Has Erupted Non-Stop All Month, And There Are More \u2026 https://t.co/nfokjnnkHP"}, {"author_id": 1446076069803708431, "id": 1495261037058265093, "text": "RT @Honky275: Jeremy Northam AND Janet McTeer carry over to Movie 4,052 \"Carrington\". 4 out of 10. A female #artist falls in love with a ga\u2026"}, {"author_id": 44235359, "id": 1495261024617828352, "text": "Jeremy Northam AND Janet McTeer carry over to Movie 4,052 \"Carrington\". 4 out of 10. A female #artist falls in love with a gay male #author. OK, how's THAT going to work? (It doesn't.) #EmmaThompson #JonathanPryce #RufusSewell #freelove #jealousy #Brits\nhttps://t.co/NaXktInWGG https://t.co/WjkB3xKR0M"}, {"author_id": 240065115, "id": 1495260784422789120, "text": "RT @LCarrington_Art: Adieu Ammenotep, 1960 https://t.co/TNcDnhz3Cv #leonoracarrington #carrington https://t.co/RjrvMZti9v"}, {"author_id": 893751939795533824, "id": 1495258758800625664, "text": "RT @SmaragdinaVisio: The Star Tarot card by surrealist artist Leonora Carrington, c.1955 https://t.co/QHxvr6eaRb"}, {"author_id": 365818024, "id": 1495258464192327682, "text": "RT @PointParkMBB: Congratulations to our seniors Jesse Callow and Kyle Carrington on terrific careers!! Thank you! \ud83d\ude4f\ud83c\udfc0\u203c\ufe0f https://t.co/eWXhMY\u2026"}, {"author_id": 365818024, "id": 1495258140849360897, "text": "RT @coachJoeLew: Thank you to our seniors Jesse Calloway and Kyle Carrington, I learned so much from you! Blessed to go on this ride with y\u2026"}, {"author_id": 771094729438158854, "id": 1495257572814864384, "text": "RT @AUProSports: DiJonai Carrington is leading all scorers in Game 23 with 20 points as we head to the fourth quarter.\n\nAre we surprised? h\u2026"}, {"author_id": 2800958702, "id": 1495257333861171202, "text": "RT @LCarrington_Art: Adieu Ammenotep, 1960 https://t.co/TNcDnhz3Cv #leonoracarrington #carrington https://t.co/RjrvMZti9v"}, {"author_id": 169040397, "id": 1495256951063814144, "text": "RT @AUProSports: DiJonai Carrington:\n\n4\u20e31\u20e3 Points\n1\u20e34\u20e3 Rebound\n6\u20e3 Steals \n\n#BeUnlimited | #AUHoops https://t.co/EG4r4IlzPd"}, {"author_id": 108686243, "id": 1495255064671408128, "text": "RT @SmaragdinaVisio: The Star Tarot card by surrealist artist Leonora Carrington, c.1955 https://t.co/QHxvr6eaRb"}, {"author_id": 118240328, "id": 1495255043154587651, "text": "RT @samisdatin: \ud83d\udcd5The Synagogue of Satan (2006) by Andrew Carrington Hitchcock\n\nFirst edition of a near-definitive well-documented recent ce\u2026"}, {"author_id": 1013917112, "id": 1495254443192950789, "text": "RT @AUProSports: DiJonai Carrington is leading all scorers in Game 23 with 20 points as we head to the fourth quarter.\n\nAre we surprised? h\u2026"}, {"author_id": 814708641219706880, "id": 1495254064556347393, "text": "RT @desdelboy: Photograph by Homer Sykes. Kingston upon Hull, Humberside, 1980\nGillian Carrington, seven months pregnant with Sonya and hol\u2026"}, {"author_id": 77307884, "id": 1495253952979480578, "text": "RT @HSCircuit: Park Center (MN) senior Braeden Carrington puts up 23 points &amp; 3 rebounds in a blowout win over TG \ud83d\udcb0\n\n@braedencarri4 @parkce\u2026"}, {"author_id": 1383115744595034113, "id": 1495253936252637189, "text": "@LoreDeFelici This reminds me a ton of a Leonora Carrington painting by coincidence. Have you ever seen this one before? https://t.co/2UwaIjqXah"}, {"author_id": 1426728201569570818, "id": 1495253669457113089, "text": "RT @LCarrington_Art: Adieu Ammenotep, 1960 https://t.co/TNcDnhz3Cv #leonoracarrington #carrington https://t.co/RjrvMZti9v"}, {"author_id": 518132474, "id": 1495253537625935877, "text": "RT @LCarrington_Art: Adieu Ammenotep, 1960 https://t.co/TNcDnhz3Cv #leonoracarrington #carrington https://t.co/RjrvMZti9v"}, {"author_id": 1013917112, "id": 1495253013979619328, "text": "RT @MylesEhrlich: DiJonai Carrington is all over the offensive glass, keeping Team Cloud in the game. She would likely be grabbing defensiv\u2026"}, {"author_id": 1013917112, "id": 1495252950767308800, "text": "RT @CWilliamson44: Dijonai Carrington when she sees Curt Miller after her performance at Athletes Unlimited. https://t.co/Owf6jDoVqM"}, {"author_id": 1013917112, "id": 1495252907012333569, "text": "RT @CWilliamson44: Dijonai Carrington is about to really put these WNBA ladies on notice man!! That lefty layup was too smooth. #AthletesUn\u2026"}, {"author_id": 1013917112, "id": 1495252746328592388, "text": "RT @AUProSports: DiJonai Carrington:\n\n4\u20e31\u20e3 Points\n1\u20e34\u20e3 Rebound\n6\u20e3 Steals \n\n#BeUnlimited | #AUHoops https://t.co/EG4r4IlzPd"}, {"author_id": 1224327927023554561, "id": 1495252299387654144, "text": "Adieu Ammenotep, 1960 https://t.co/TNcDnhz3Cv #leonoracarrington #carrington https://t.co/RjrvMZti9v"}, {"author_id": 760265382431117312, "id": 1495251650801385474, "text": "@carrington_17 Im actually doing a trip DOWN to SD Next Wednesday!"}, {"author_id": 1462463977770807301, "id": 1495248129817333764, "text": "Check out this listing I just found on #Poshmark: Madewell Carrington Sweater Tee. https://t.co/wVED89bcRP #shopmycloset @poshmarkapp"}, {"author_id": 3906851413, "id": 1495248056635305986, "text": "RT @SmaragdinaVisio: The Star Tarot card by surrealist artist Leonora Carrington, c.1955 https://t.co/QHxvr6eaRb"}, {"author_id": 1487866618914885636, "id": 1495247019119579138, "text": "kkk fallon carrington? https://t.co/cxn4RZSrji"}, {"author_id": 798844531567247360, "id": 1495246962563563525, "text": "SDO/HMI: https://t.co/wpQyXqOtQu_cea_720s_nrt (Carrington) (server2) [TEST] https://t.co/4ZYy9Tje9U"}, {"author_id": 1245292228936790016, "id": 1495246774985912325, "text": "RT @elzbthgiIlies: \u2800\n\n      ELIZABETH (LIZ) EGAN GILLIES.\n\n\u2800\u2800\u2800\u2800\u2800 \u2504\u2504\u2504\u2500\u2500\u2500\u2504\u2504\u2504  \u2800\n\n      1993. producer. actress. \n       she/her. leo. coffee\u2026"}, {"author_id": 1481599969324851204, "id": 1495244653146296322, "text": "@carrington_84 @catturd2 @cmteed Was rigged anyway"}, {"author_id": 24329569, "id": 1495244624545341443, "text": "RT @fromkurtis: That Team Hawkins/Team Cloud game had 3 players each scoring 30+ points on 40% or better from the field (Carrington, Mitche\u2026"}, {"author_id": 209229671, "id": 1495243781100097539, "text": "Just my opinion \ud83e\udd37 \ud83d\ude0c @ Carrington's https://t.co/2ktJCVIpKo"}, {"author_id": 2796081354, "id": 1495242806897659906, "text": "RT @fromkurtis: That Team Hawkins/Team Cloud game had 3 players each scoring 30+ points on 40% or better from the field (Carrington, Mitche\u2026"}, {"author_id": 1102421499070300161, "id": 1495242616711131136, "text": "RT @SmaragdinaVisio: The Star Tarot card by surrealist artist Leonora Carrington, c.1955 https://t.co/QHxvr6eaRb"}, {"author_id": 1272244596790095872, "id": 1495241813053313024, "text": "RT @90s_AdultStars: J.R. Carrington https://t.co/cnBVsx3e4T"}, {"author_id": 390153048, "id": 1495240049419558912, "text": "@content_se Jamal randle 5 carrington McNeal 17 Carmelo McNeal 20 Giovanni Alonso 4 kensen yang 8 Miguel Aguilar 3 Andrew emelife 2\n\nZach rusich 17 Carson brown 23 Dane Mammenga 2 Alex Chacich 1 Jacob jensrud 4 Ayden McDonald 25"}, {"author_id": 3743312833, "id": 1495238150951555078, "text": "RT @AUProSports: DiJonai Carrington is leading all scorers in Game 23 with 20 points as we head to the fourth quarter.\n\nAre we surprised? h\u2026"}, {"author_id": 390153048, "id": 1495237639208898560, "text": "Twin Cities Academy:\nCarrington McNeal 17\nCarmelo McNeal 20"}, {"author_id": 1143975809067245570, "id": 1495237079395143683, "text": "RT @SmaragdinaVisio: The Star Tarot card by surrealist artist Leonora Carrington, c.1955 https://t.co/QHxvr6eaRb"}, {"author_id": 2774756665, "id": 1495236766428807174, "text": "Today\u2019s #ManattOnHealth Insight by Ebon\u00e9 Carrington: Safety net hospitals are integral to public health, yet many are on the brink of insolvency. These anchor institutions require structural financing reform to reverse decades of policy and market\u2026 https://t.co/3SEeNIhlBi"}, {"author_id": 1047152434185932800, "id": 1495236521565241345, "text": "RT @coachJoeLew: Thank you to our seniors Jesse Calloway and Kyle Carrington, I learned so much from you! Blessed to go on this ride with y\u2026"}, {"author_id": 2578729149, "id": 1495236302660321288, "text": "Thank you to our seniors Jesse Calloway and Kyle Carrington, I learned so much from you! Blessed to go on this ride with you!!! You will be missed!! \ud83d\ude4f\ud83d\udcaa\ud83d\udd25\ud83c\udfc0\u203c\ufe0f https://t.co/2zgtXIpjar"}, {"author_id": 1267685275955798017, "id": 1495236012875784193, "text": "RT @AUProSports: DiJonai Carrington is leading all scorers in Game 23 with 20 points as we head to the fourth quarter.\n\nAre we surprised? h\u2026"}, {"author_id": 745290577, "id": 1495235387870044167, "text": "RT @SmaragdinaVisio: The Star Tarot card by surrealist artist Leonora Carrington, c.1955 https://t.co/QHxvr6eaRb"}, {"author_id": 326139135, "id": 1495234692886401027, "text": "RT @NicoletteGlazer: JFC! This is starting to smell like 1992 all over again. just about 30 years ago the Carrington\u2013Cutileiro peace plan w\u2026"}, {"author_id": 2689787093, "id": 1495234450128523265, "text": "RT @PointParkMBB: Congratulations to our seniors Jesse Callow and Kyle Carrington on terrific careers!! Thank you! \ud83d\ude4f\ud83c\udfc0\u203c\ufe0f https://t.co/eWXhMY\u2026"}, {"author_id": 452411446, "id": 1495232805931917315, "text": "RT @AUProSports: A pair of double-doubles propelled Team Cloud to a win in their final game of the week. Read the recap \u2b07\ufe0f\n\n\u270d\ufe0f: @WillieGRam\u2026"}, {"author_id": 2645612077, "id": 1495232744871579651, "text": "14:53 to go | We\u2019ve sped up the game with a few transition baskets from Wiggs and Big E, and Carrington will go to the line for two free throws after this timeout!\n\nSFU leads 49-40."}, {"author_id": 1219303449768185859, "id": 1495232358412210177, "text": "A pair of double-doubles propelled Team Cloud to a win in their final game of the week. Read the recap \u2b07\ufe0f\n\n\u270d\ufe0f: @WillieGRamirez \nhttps://t.co/7EaHLyrILP"}, {"author_id": 916773182643650560, "id": 1495230940435550208, "text": "@carrington_17 \ud83d\ude2e we know of a cute macaron shop in La Jolla if you wanna go \ud83e\udd14"}, {"author_id": 760265382431117312, "id": 1495230428437008384, "text": "@carrington_17 Some great spots in LA have some top-tier ones"}]