[{"author_id": 1156632999355662337, "id": 1495286171198439427, "text": "@DrSRJ_ At least 220k votes is already in d bag for d main election. Pls don't get carried away, let's work hard to get like 150k more. It's a done deal."}, {"author_id": 4540995741, "id": 1495285910816100355, "text": "RT @arealbarbiewrld: i go into the beauty supply store and get carried away"}, {"author_id": 3122924983, "id": 1495285887218995201, "text": "@PhummieR At first I was carried away by the dancing that i didn't even read the messages on the screen \ud83d\ude02\ud83d\ude02"}, {"author_id": 1010816306327662592, "id": 1495285879392256000, "text": "RT @Reolixious: Wippy, got a little carried away with the sketch so now I must finish it https://t.co/IcE6pHq7Y0"}, {"author_id": 4042870756, "id": 1495285817668943874, "text": "RT @arealbarbiewrld: i go into the beauty supply store and get carried away"}, {"author_id": 1399867011014926336, "id": 1495285745744900097, "text": "RT @AzuKihun: When W\u00f8nh\u00f8 starts to get carried away tempting men, BM gives him the dick that he needs so had to calm him down.\n\nTop!BM ; Bt\u2026"}, {"author_id": 1450814419936550915, "id": 1495285490488320001, "text": "RT @NaoJingujiStanx: Sometimes during her live shows, \ud83d\udc41\ufe0fU starts feeling herself and gets carried away with sexy fan service, to the point\u2026"}, {"author_id": 706107992, "id": 1495285398150410241, "text": "RT @biastal: OP got emotional while speaking to eunji so they got carried away with their words and started speaking gibberish and eunji su\u2026"}, {"author_id": 925863345676259328, "id": 1495285205438976007, "text": "RT @arealbarbiewrld: i go into the beauty supply store and get carried away"}, {"author_id": 1315171927347081221, "id": 1495285088141312000, "text": "RT @biastal: OP got emotional while speaking to eunji so they got carried away with their words and started speaking gibberish and eunji su\u2026"}, {"author_id": 1110218221108559872, "id": 1495285083858681856, "text": "RT @Reolixious: Wippy, got a little carried away with the sketch so now I must finish it https://t.co/IcE6pHq7Y0"}, {"author_id": 1423715152130547713, "id": 1495285079395819521, "text": "@yield2yetis @Dfildebrandt Didn\u2019t see anyone spitting. Got a little carried away with your creative writing didn\u2019t you?\n\n#RealJournalismDiedYearsAgo"}, {"author_id": 1457091034412769281, "id": 1495285000668790785, "text": "RT @Nunus_noona: Eunwoo is happy receiving compliments,bt nt being vocal about it,i think,is his humble self&amp; being cautious not to look ov\u2026"}, {"author_id": 969033686128607233, "id": 1495284996579291137, "text": "im still not over how awful that document is\n\nevery \"right\" balanced against \"well lets be reasonable about this. lets not get carried away\"\n\nwow who could have predicted this"}, {"author_id": 1303720790358016001, "id": 1495284946696830976, "text": "RT @NaoJingujiStanx: Sometimes during her live shows, \ud83d\udc41\ufe0fU starts feeling herself and gets carried away with sexy fan service, to the point\u2026"}, {"author_id": 1339228172756287489, "id": 1495284572015054853, "text": "RT @Reolixious: Wippy, got a little carried away with the sketch so now I must finish it https://t.co/IcE6pHq7Y0"}, {"author_id": 1355481884172541956, "id": 1495284284160045057, "text": "RT @Nunus_noona: Eunwoo is happy receiving compliments,bt nt being vocal about it,i think,is his humble self&amp; being cautious not to look ov\u2026"}, {"author_id": 1316293221534830592, "id": 1495284279798083586, "text": "RT @arealbarbiewrld: i go into the beauty supply store and get carried away"}, {"author_id": 1481440716190535682, "id": 1495283979477528576, "text": "Is kidnapped! By cat!!\n\nStruggles as he\u2019s carried away in its mouth. Someone help!"}, {"author_id": 1835183222, "id": 1495283868588511236, "text": "@Arsenal_04_89 @Tich_gunner You are getting too carried away now. Pep will still demolish Arteta Arsenal with Man City Academy players"}, {"author_id": 847959960302612480, "id": 1495283653055819776, "text": "RT @arealbarbiewrld: i go into the beauty supply store and get carried away"}, {"author_id": 75460852, "id": 1495283512278396928, "text": "This is where Index Investing takes the crown.  \n\nNo way an index investor can get into the trap of \"story stocks\", or be misled by a small group of influential entities, or be carried away by unusual emotions. \n\nAnd, they stay with the market &amp; take what it generates as a whole. https://t.co/DHZ9U2yfHR"}, {"author_id": 1472457732900810757, "id": 1495283495811223560, "text": "RT @Reolixious: Wippy, got a little carried away with the sketch so now I must finish it https://t.co/IcE6pHq7Y0"}, {"author_id": 1451499349, "id": 1495283256882868228, "text": "@CharlotteKhuma3 Thabo is a good guy and anc think tank but sometimes he gets carried away."}, {"author_id": 967150878703661057, "id": 1495282834763833344, "text": "@MegaBaumTV @Explainius @esben_e @macaiyla @Veigar_v2 oh boy i totally wasnt invested in the ls iteration of c9. i guess i couldnt let myself get carried away by dreams for the future of this team. its just not a darn book!"}, {"author_id": 396617001, "id": 1495282703264104449, "text": "RT @arealbarbiewrld: i go into the beauty supply store and get carried away"}, {"author_id": 1355723935346638849, "id": 1495282556664565761, "text": "RT @Reolixious: Wippy, got a little carried away with the sketch so now I must finish it https://t.co/IcE6pHq7Y0"}, {"author_id": 899875866200682496, "id": 1495282513647915009, "text": "RT @Yesntpan: I did a Chase painting but got again carried away with the background. It's so hard to figure out how to work with full piece\u2026"}, {"author_id": 2239504344, "id": 1495282442369908737, "text": "@DenzelHonest LOL Jimmy G already had a foot out the door and another on a banana peel. Brady is in his 40s...let's not get carried away. \ud83e\udd28"}, {"author_id": 1392723080636772354, "id": 1495282430139318273, "text": "@RobertAlai Believe it or not they have found away to twist polls\ud83d\ude01,mutahi ngunyi carried out the experiment"}, {"author_id": 131047908, "id": 1495282297532129281, "text": "RT @biastal: OP got emotional while speaking to eunji so they got carried away with their words and started speaking gibberish and eunji su\u2026"}, {"author_id": 528955477, "id": 1495282161703735299, "text": "RT @arealbarbiewrld: i go into the beauty supply store and get carried away"}, {"author_id": 1379566373614071809, "id": 1495281994246230021, "text": "Find me... ...before I'm carried away...!"}, {"author_id": 893169503030398976, "id": 1495281928416776194, "text": "I got so carried away with all this shit just assessing my own aesthetic desires so deeply. I think there is some desire for unity, I do genuinely believe that my beliefs/tastes are unified in a way that justifies my sentiments but maybe not."}, {"author_id": 739544098437255168, "id": 1495281758354477056, "text": "RT @arealbarbiewrld: i go into the beauty supply store and get carried away"}, {"author_id": 1143993510451798016, "id": 1495281428115951616, "text": "RT @d_rex_too: A commission for Pantboy featuring the one-and-only Fox! (@figgylicious' OC!). This one was supposed to be flat color but I\u2026"}, {"author_id": 418110735, "id": 1495281417151938560, "text": "@carlslj @KatyFBrand People have walked past them for decades without even noticing them. But if you lived through the blitz, there was good chance that the last time you saw a family member or a neighbour- or parts of them, was being carried away on one of these. https://t.co/E5xyjSgU1w"}, {"author_id": 1495182256314404870, "id": 1495281332334829574, "text": "Sola's head was hung low in shame. This was far from her first quest that ended up this way. Sometimes her flames can't light a campfire, other times they scorch an entire building... Her lack of control was a big issue.\n\n\"I-I'm sorry I-... I got carried away!\" (+) https://t.co/FcMemw75wJ"}, {"author_id": 849426951555166211, "id": 1495281318946648066, "text": "RT @Yesntpan: I did a Chase painting but got again carried away with the background. It's so hard to figure out how to work with full piece\u2026"}, {"author_id": 405931944, "id": 1495281272863834116, "text": "RT @arealbarbiewrld: i go into the beauty supply store and get carried away"}, {"author_id": 1316364878794301440, "id": 1495281137094070280, "text": "oh, i've known you forever, now i know you better, let's just get carried away, oh"}, {"author_id": 3856175962, "id": 1495281127162101762, "text": "RT @arealbarbiewrld: i go into the beauty supply store and get carried away"}, {"author_id": 1413686505537671169, "id": 1495281103921311745, "text": "RT @Reolixious: Wippy, got a little carried away with the sketch so now I must finish it https://t.co/IcE6pHq7Y0"}, {"author_id": 1287021448838746119, "id": 1495280844319047681, "text": "(Easily getting carried away and immediately obliges after being treated like a great person... it\u2019s my bad habit, I really have to fix it.)"}, {"author_id": 1427295488789909508, "id": 1495280747304964096, "text": "It's me again Jah, as I fall on my knees today\nHelp me God, I pray\nDon't wanna be carried away... \ud83d\ude4f"}, {"author_id": 3301911284, "id": 1495280662043316227, "text": "@hedddyannn WTH IS WRONG WITH YOU , YOU REALLY THINK MATERIALISTIC THINGS WILL MAKE YOU HAPPY  IN LIFE ! YOU NEED HELP GOD PLEASE SHOW THESE PEOPLE FAITH &amp; DONT GET CARRIED AWAY FROM EVIL ! AMEN \ud83d\ude4f\ud83c\udffb"}, {"author_id": 1033244955597127680, "id": 1495280362330603524, "text": "Once I carried him milk in a bottle \nCorked sloppily with paper. He straightened up \nTo drink it, then fell to right away"}, {"author_id": 1408422161535029250, "id": 1495280346174156803, "text": "@bobbersea @CharlesTiffin @jtwilcox111 I agree with you, too many people expect to be carried through this life. I'm sure we can also agree that the tax loopholes for the rich should be closed. They do get away with a lot that the rest of us don't."}, {"author_id": 1398317246947028992, "id": 1495280098479841285, "text": "RT @Yesntpan: I did a Chase painting but got again carried away with the background. It's so hard to figure out how to work with full piece\u2026"}, {"author_id": 1231498499356672000, "id": 1495279944951549954, "text": "RT @Reolixious: Wippy, got a little carried away with the sketch so now I must finish it https://t.co/IcE6pHq7Y0"}, {"author_id": 1247711512619294721, "id": 1495279938529804293, "text": "RT @arealbarbiewrld: i go into the beauty supply store and get carried away"}, {"author_id": 1403689754646953984, "id": 1495279856673861634, "text": "RT @Okcsexycple1: Sorry for the hickey. Hubby got carried away.. https://t.co/I6hV9FCYVB"}, {"author_id": 37305621, "id": 1495279526875643905, "text": "RT @arealbarbiewrld: i go into the beauty supply store and get carried away"}, {"author_id": 1245469407792562178, "id": 1495279454926434304, "text": "RT @Reolixious: Wippy, got a little carried away with the sketch so now I must finish it https://t.co/IcE6pHq7Y0"}, {"author_id": 734802553670664192, "id": 1495279113191448577, "text": "RT @finishsign_: 21 warmup i got carried away with\n#dragonball #android21 https://t.co/8fbrb42TTz"}, {"author_id": 350799344, "id": 1495279082963144704, "text": "RT @Just_Ibrahym: Marrying someone with the Jilbaab or Nifsu Sak doesn't suffice alone engage people who adorns these garments, not just th\u2026"}, {"author_id": 3219479066, "id": 1495278887055630338, "text": "RT @arealbarbiewrld: i go into the beauty supply store and get carried away"}, {"author_id": 1212610700930994177, "id": 1495278607044087815, "text": "RT @biastal: OP got emotional while speaking to eunji so they got carried away with their words and started speaking gibberish and eunji su\u2026"}, {"author_id": 1463565719107293187, "id": 1495278296212385798, "text": "RT @arealbarbiewrld: i go into the beauty supply store and get carried away"}, {"author_id": 1427229559519420418, "id": 1495278202238943232, "text": "@BoodaJava @morticia_miss @MadHominem @ElectionWiz Spoken like a true fascist. It took Hitler 10 years to propagandize &amp; brainwash Germans to be ok w/their neighbors being taken away. You're cheering your neighbors &amp;fellow citizens who allegedly live in a democracy get carried away for exercising their rights. You're a 2022 nazi."}, {"author_id": 1100760468023635969, "id": 1495278131925635076, "text": "@CFCDaily Lukaku\u2019s body language is annoying honestly! Each time he looks carried away not interested in playing. He doesn\u2019t do much for the team and his pressing is fucking boring. Each game we play with 10 men tbh"}, {"author_id": 2568238339, "id": 1495277915151351808, "text": "@mathewi You're an actual imbecile. She literally caught it on film when a police officer used a grenade launcher, and shot her with a pepper spray canister. She literally is covered in it all over her pants, and carried away by multiple witnesses who can attest to it. \n\nBlundering fool."}, {"author_id": 730750614477541380, "id": 1495277905936457736, "text": "@_air_in let\u2019s not get carried away \ud83d\ude44"}, {"author_id": 1097031097479823360, "id": 1495277801909403649, "text": "I like that KAT said in the interview I wanna be AMONG the greatest big man shooters. Previously when he declared himself best he might've gotten carried away a bit. And probably was counting only centers. Because if we throw in Bird to that convo, game over \ud83d\ude05 https://t.co/wTo2e70vJP"}, {"author_id": 701628758, "id": 1495277724239372290, "text": "RT @arealbarbiewrld: i go into the beauty supply store and get carried away"}, {"author_id": 766156616156733440, "id": 1495277620560232449, "text": "RT @arealbarbiewrld: i go into the beauty supply store and get carried away"}, {"author_id": 1029417685208190976, "id": 1495277618849095688, "text": "RT @arealbarbiewrld: i go into the beauty supply store and get carried away"}, {"author_id": 1494645272684552197, "id": 1495277613606076419, "text": "RT @NaoJingujiStanx: Sometimes during her live shows, \ud83d\udc41\ufe0fU starts feeling herself and gets carried away with sexy fan service, to the point\u2026"}, {"author_id": 1284708069017038849, "id": 1495277429602263040, "text": "RT @Nunus_noona: Eunwoo is happy receiving compliments,bt nt being vocal about it,i think,is his humble self&amp; being cautious not to look ov\u2026"}, {"author_id": 2845439058, "id": 1495277297527672836, "text": "RT @arealbarbiewrld: i go into the beauty supply store and get carried away"}, {"author_id": 1302971392900493313, "id": 1495277297435250688, "text": "RT @biastal: OP got emotional while speaking to eunji so they got carried away with their words and started speaking gibberish and eunji su\u2026"}, {"author_id": 1241870888691208196, "id": 1495277297397608451, "text": "RT @arealbarbiewrld: i go into the beauty supply store and get carried away"}, {"author_id": 1346294228557705219, "id": 1495277224714452992, "text": "RT @arealbarbiewrld: i go into the beauty supply store and get carried away"}, {"author_id": 1489202597995200514, "id": 1495277062462087168, "text": "Liberalism is extremely harmful in a revolutionary collective. It is a corrosive which eats away unity, undermines cohesion, causes apathy and creates dissension. It robs the revolutionary ranks of compact organization and strict discipline, prevents policies from being carried"}, {"author_id": 881866951, "id": 1495276877883351042, "text": "RT @Okcsexycple1: Sorry for the hickey. Hubby got carried away.. https://t.co/I6hV9FCYVB"}, {"author_id": 942759215931695107, "id": 1495276856844509186, "text": "RT @arealbarbiewrld: i go into the beauty supply store and get carried away"}, {"author_id": 3023079368, "id": 1495276814314491909, "text": "RT @arealbarbiewrld: i go into the beauty supply store and get carried away"}, {"author_id": 1414844252614316032, "id": 1495276690053820418, "text": "RT @finishsign_: 21 warmup i got carried away with\n#dragonball #android21 https://t.co/8fbrb42TTz"}, {"author_id": 1173437854980202496, "id": 1495276555458777092, "text": "@JVS421 @morticia_miss @MadHominem @ElectionWiz wasnt it beautiful watching the criminals get carried away one by one?\n when push comes to shove they didnt even have enough women and children to hide behind. they just left...so much for conviction"}, {"author_id": 1162279441449361408, "id": 1495276515184939010, "text": "RT @biastal: OP got emotional while speaking to eunji so they got carried away with their words and started speaking gibberish and eunji su\u2026"}, {"author_id": 2563802770, "id": 1495276505793970180, "text": "RT @arealbarbiewrld: i go into the beauty supply store and get carried away"}, {"author_id": 1058744063426387968, "id": 1495275884541927427, "text": "RT @biastal: OP got emotional while speaking to eunji so they got carried away with their words and started speaking gibberish and eunji su\u2026"}, {"author_id": 1139099582791585792, "id": 1495275873532104705, "text": "RT @arealbarbiewrld: i go into the beauty supply store and get carried away"}, {"author_id": 1343594334449508352, "id": 1495275806121152515, "text": "RT @arealbarbiewrld: i go into the beauty supply store and get carried away"}, {"author_id": 1302276437026770945, "id": 1495275742342660098, "text": "RT @erebonbon: @Ursso_ can get a bit carried away when he\u2019s having a good time \ud83d\ude33\ud83d\udca6 https://t.co/jZ44DTqLiq"}, {"author_id": 955059019370045441, "id": 1495275571944640513, "text": "RT @Reolixious: Wippy, got a little carried away with the sketch so now I must finish it https://t.co/IcE6pHq7Y0"}, {"author_id": 707176265967480832, "id": 1495275516425011202, "text": "RT @biastal: OP got emotional while speaking to eunji so they got carried away with their words and started speaking gibberish and eunji su\u2026"}, {"author_id": 2788212814, "id": 1495275462762942464, "text": "RT @arealbarbiewrld: i go into the beauty supply store and get carried away"}, {"author_id": 1280159352503050241, "id": 1495275460141408256, "text": "RT @arealbarbiewrld: i go into the beauty supply store and get carried away"}, {"author_id": 935004987003772929, "id": 1495275240141860866, "text": "\"The clouds are turning dark grey. They look very familiar. They used to be clouds of grief. As the grey clouds darken, the sky turns black, but I have no fear. The rain has cleared the air and has washed away all the fears I carried along the way.\"\n-Charlena Jackson\ud83d\udcab"}, {"author_id": 1211114294781177856, "id": 1495275126891454471, "text": "RT @arealbarbiewrld: i go into the beauty supply store and get carried away"}, {"author_id": 1419342680656654341, "id": 1495275113289244672, "text": "RT @arealbarbiewrld: i go into the beauty supply store and get carried away"}, {"author_id": 1418427519770927106, "id": 1495275101171826692, "text": "Devon: Oh, have I replaced \u2018Fists of Thunder\u2019 in your heart? \nAndy: Woah, hey, let\u2019s not get carried away\u2026"}, {"author_id": 740593260838551552, "id": 1495275071149318149, "text": "RT @Yesntpan: I did a Chase painting but got again carried away with the background. It's so hard to figure out how to work with full piece\u2026"}, {"author_id": 1094042229109387264, "id": 1495275069186191361, "text": "RT @Reolixious: Wippy, got a little carried away with the sketch so now I must finish it https://t.co/IcE6pHq7Y0"}, {"author_id": 1487720784940331008, "id": 1495274974461906944, "text": "RT @shutterbugsandy: @KarmaHsThAddrss @MeghBulletin Still not there... Lets not get carried away. China is light years ahead. We'll get the\u2026"}, {"author_id": 1475630500626771972, "id": 1495274935249481730, "text": "RT @Yesntpan: I did a Chase painting but got again carried away with the background. It's so hard to figure out how to work with full piece\u2026"}]