[{"author_id": 1566899276, "id": 1495284646984122373, "text": "RT @taylor_domain: Elizabeth Taylor is handed a token from Burl Ives, who played Big Daddy in Cat on a Hot Tin Roof, 1958 https://t.co/kgIc\u2026"}, {"author_id": 21381756, "id": 1495283477121482753, "text": "@LizbethCaro01 Cat on a hot tin roof"}, {"author_id": 1434255778462846978, "id": 1495277448556003329, "text": "RT @taylor_domain: Elizabeth Taylor is handed a token from Burl Ives, who played Big Daddy in Cat on a Hot Tin Roof, 1958 https://t.co/kgIc\u2026"}, {"author_id": 910128188, "id": 1495274245907230723, "text": "RT @taylor_domain: Elizabeth Taylor is handed a token from Burl Ives, who played Big Daddy in Cat on a Hot Tin Roof, 1958 https://t.co/kgIc\u2026"}, {"author_id": 1410681439083958280, "id": 1495262942845186052, "text": "RT @taylor_domain: Elizabeth Taylor is handed a token from Burl Ives, who played Big Daddy in Cat on a Hot Tin Roof, 1958 https://t.co/kgIc\u2026"}, {"author_id": 74639372, "id": 1495261197406330880, "text": "RT @taylor_domain: Elizabeth Taylor is handed a token from Burl Ives, who played Big Daddy in Cat on a Hot Tin Roof, 1958 https://t.co/kgIc\u2026"}, {"author_id": 60909762, "id": 1495261145782964230, "text": "I rated Cat on a Hot Tin Roof (1958) 8/10  #IMDb  https://t.co/rCkqnr60Mf"}, {"author_id": 1226435065367973888, "id": 1495253957266001924, "text": "RT @Dear_Lonely1: Paul Newman and Elizabeth Taylor in Cat on a Hot Tin Roof, 1958\n\n \u201cNo thanks. We'd smell alike. Like a couple of cats in\u2026"}, {"author_id": 2931436361, "id": 1495246497268469760, "text": "RT @taylor_domain: Elizabeth Taylor is handed a token from Burl Ives, who played Big Daddy in Cat on a Hot Tin Roof, 1958 https://t.co/kgIc\u2026"}, {"author_id": 850966793086783488, "id": 1495241051585630211, "text": "RT @taylor_domain: Elizabeth Taylor is handed a token from Burl Ives, who played Big Daddy in Cat on a Hot Tin Roof, 1958 https://t.co/kgIc\u2026"}, {"author_id": 1286363016561332230, "id": 1495240652849881088, "text": "RT @taylor_domain: Elizabeth Taylor is handed a token from Burl Ives, who played Big Daddy in Cat on a Hot Tin Roof, 1958 https://t.co/kgIc\u2026"}, {"author_id": 2913096764, "id": 1495237941953708033, "text": "RT @taylor_domain: Elizabeth Taylor is handed a token from Burl Ives, who played Big Daddy in Cat on a Hot Tin Roof, 1958 https://t.co/kgIc\u2026"}, {"author_id": 47023350, "id": 1495231472030126080, "text": "RT @taylor_domain: Elizabeth Taylor is handed a token from Burl Ives, who played Big Daddy in Cat on a Hot Tin Roof, 1958 https://t.co/kgIc\u2026"}, {"author_id": 2429951762, "id": 1495228788937879553, "text": "RT @taylor_domain: Elizabeth Taylor is handed a token from Burl Ives, who played Big Daddy in Cat on a Hot Tin Roof, 1958 https://t.co/kgIc\u2026"}, {"author_id": 1447957849016082439, "id": 1495218505414754306, "text": "RT @taylor_domain: Elizabeth Taylor is handed a token from Burl Ives, who played Big Daddy in Cat on a Hot Tin Roof, 1958 https://t.co/kgIc\u2026"}, {"author_id": 1040021334292619265, "id": 1495212690150772737, "text": "RT @taylor_domain: Elizabeth Taylor is handed a token from Burl Ives, who played Big Daddy in Cat on a Hot Tin Roof, 1958 https://t.co/kgIc\u2026"}, {"author_id": 240915410, "id": 1495210561000419330, "text": "RT @taylor_domain: Elizabeth Taylor is handed a token from Burl Ives, who played Big Daddy in Cat on a Hot Tin Roof, 1958 https://t.co/kgIc\u2026"}, {"author_id": 1386406496800489479, "id": 1495210488568893442, "text": "RT @taylor_domain: Elizabeth Taylor is handed a token from Burl Ives, who played Big Daddy in Cat on a Hot Tin Roof, 1958 https://t.co/kgIc\u2026"}, {"author_id": 240915410, "id": 1495210475260416003, "text": "RT @Dear_Lonely1: Paul Newman and Elizabeth Taylor in Cat on a Hot Tin Roof, 1958\n\n \u201cNo thanks. We'd smell alike. Like a couple of cats in\u2026"}, {"author_id": 3298122029, "id": 1495207519848910861, "text": "RT @taylor_domain: On set of Cat on a Hot Tin Roof, 1958 https://t.co/8khdmXTx3u"}, {"author_id": 2801655380, "id": 1495206954498772994, "text": "RT @taylor_domain: Elizabeth Taylor is handed a token from Burl Ives, who played Big Daddy in Cat on a Hot Tin Roof, 1958 https://t.co/kgIc\u2026"}, {"author_id": 1398124543521136642, "id": 1495205590720598016, "text": "RT @taylor_domain: Elizabeth Taylor is handed a token from Burl Ives, who played Big Daddy in Cat on a Hot Tin Roof, 1958 https://t.co/kgIc\u2026"}, {"author_id": 1255521222282133505, "id": 1495205498819203075, "text": "RT @taylor_domain: Elizabeth Taylor is handed a token from Burl Ives, who played Big Daddy in Cat on a Hot Tin Roof, 1958 https://t.co/kgIc\u2026"}, {"author_id": 1359510829935202309, "id": 1495205439088201731, "text": "RT @taylor_domain: Elizabeth Taylor is handed a token from Burl Ives, who played Big Daddy in Cat on a Hot Tin Roof, 1958 https://t.co/kgIc\u2026"}, {"author_id": 1374127912903790592, "id": 1495205345383178242, "text": "Elizabeth Taylor is handed a token from Burl Ives, who played Big Daddy in Cat on a Hot Tin Roof, 1958 https://t.co/kgIcymligx"}, {"author_id": 1125399503937396737, "id": 1495203666059530244, "text": "Cat on a Hot Tin Roof - Richard Brooks \n(1958)\nHoga\u00f1o, en Filmin. https://t.co/xxyjVl3xP1"}, {"author_id": 1074257725, "id": 1495196619175776258, "text": "I've had the joy of writing about Newman's CAT ON A HOT TIN ROOF and ROAD TO PERDITION for BW/DR and there is SO MUCH great stuff in his career to pull from for this. https://t.co/buBxR4IyDK"}, {"author_id": 1367341139242737664, "id": 1495175554915577858, "text": "RT @RockHard1985: @ReturnofR too many to name... Do you want me to start singing one I know! I've been told my voice sounds like a cross be\u2026"}, {"author_id": 71940512, "id": 1495175533176496137, "text": "@ReturnofR too many to name... Do you want me to start singing one I know! I've been told my voice sounds like a cross between Elton John and Freddie Mercury swinging significantly on a cat on a hot tin roof! Well, I must admit closer to the cat!"}, {"author_id": 22830107, "id": 1495172074532442114, "text": "Tiring to watch Khan fight. He\u2019s like a cat on a hot tin roof. Never stays still but still gets tagged. Not ideal. #KhanBrook"}, {"author_id": 1471119809597296648, "id": 1495169038569414666, "text": "I got an A in directing class at UMO, directing Rob a Brick in a scene from Cat on a Hot Tin Roof. I\u2019ve seen the movie lots. You freaked me out when you switched and played a bad guy btw, Jesus. I want to see City on a Hill. When I\u2019m done being a brokeass loser lol"}, {"author_id": 1472542975922249728, "id": 1495145881531731969, "text": "RT @Dear_Lonely1: Paul Newman and Elizabeth Taylor in Cat on a Hot Tin Roof, 1958\n\n \u201cNo thanks. We'd smell alike. Like a couple of cats in\u2026"}, {"author_id": 108957842, "id": 1495145333235531780, "text": "RT @Dear_Lonely1: Paul Newman and Elizabeth Taylor in Cat on a Hot Tin Roof, 1958\n\n \u201cNo thanks. We'd smell alike. Like a couple of cats in\u2026"}, {"author_id": 1417605089804439554, "id": 1495138441893330946, "text": "Williams\u2019 other well-known plays include The Glass Menagerie (1944), Cat on a Hot Tin Roof (1955\u2014another Pulitzer Prize winner), Sweet Bird of Youth (1959), and The Night of the Iguana (1961)."}, {"author_id": 1204647592686161925, "id": 1495088621992529928, "text": "RT @1psychoticc: essie davis em \"cat on a hot tin roof\" (2008, melbourne theatre company) https://t.co/WDg8vlSlPO"}, {"author_id": 1204647592686161925, "id": 1495088597237653505, "text": "RT @patdevilles: Essie Davis as Maggie the Cat in Cat on a Hot Tin Roof (2008). I am not ok. https://t.co/8m8tsGJ20K"}, {"author_id": 935318550, "id": 1495082403236388869, "text": "Stop Making Sense (1984) Tournament Results:\n\nDefeated:\n\nROUND 1 - Cat on a Hot Tin Roof (1958)\nROUND 2 - Dawn of the Dead (1978)\n\n#Top100FavoriteFilmsDH"}, {"author_id": 1120952978393849856, "id": 1495040751507439622, "text": "@HeroinHatesYou Cat on a hot tin roof?"}, {"author_id": 3604102152, "id": 1495036582939660290, "text": "@sumanthraman @annamalai_k Supercop should wait first before jumping like a cat on a hot tin roof\u2026 egg on the face .. do we need to foster such immature people?"}, {"author_id": 17775173, "id": 1495033881963106304, "text": "RT @JiyaEss: I wanna puke every time I see Alia Hamza on TV. She is like a cat on hot tin roof, fidgety as fuck, trying to act indifferent\u2026"}, {"author_id": 1484332684209901574, "id": 1495010727563710467, "text": "Been busier than a cat on a hot tin roof just running and doing, but that's a good thing. Puts money in the bank!!"}, {"author_id": 1436239205290631168, "id": 1495010582457634820, "text": "RT @JiyaEss: I wanna puke every time I see Alia Hamza on TV. She is like a cat on hot tin roof, fidgety as fuck, trying to act indifferent\u2026"}, {"author_id": 3312826253, "id": 1495010096346284039, "text": "RT @JiyaEss: I wanna puke every time I see Alia Hamza on TV. She is like a cat on hot tin roof, fidgety as fuck, trying to act indifferent\u2026"}, {"author_id": 1056905537823088640, "id": 1495006164404346891, "text": "@Kenny69MeDon I haven't seen such acting since John Forsythe in Cat on a Hot Tin Roof at the Burt Reynolds theater."}, {"author_id": 1490303974653808642, "id": 1495005981369159686, "text": "Cat on a Hot Tin Roof\n\n\u2022 Maggie \n\u2022 Brick https://t.co/tEbC0n7ERp"}, {"author_id": 1210655111195906048, "id": 1494999737182924807, "text": "RT @JiyaEss: I wanna puke every time I see Alia Hamza on TV. She is like a cat on hot tin roof, fidgety as fuck, trying to act indifferent\u2026"}, {"author_id": 915970039228112897, "id": 1494993820659990532, "text": "Cat on a Hot Tin Roof (1958) dir. Richard Brooks https://t.co/emdsF670qH"}, {"author_id": 793789097387098112, "id": 1494980174240260096, "text": "RT @JiyaEss: I wanna puke every time I see Alia Hamza on TV. She is like a cat on hot tin roof, fidgety as fuck, trying to act indifferent\u2026"}, {"author_id": 1168763452485189632, "id": 1494963460140109825, "text": "RT @JiyaEss: I wanna puke every time I see Alia Hamza on TV. She is like a cat on hot tin roof, fidgety as fuck, trying to act indifferent\u2026"}, {"author_id": 1329394062953246723, "id": 1494935160734859265, "text": "RT @JiyaEss: I wanna puke every time I see Alia Hamza on TV. She is like a cat on hot tin roof, fidgety as fuck, trying to act indifferent\u2026"}, {"author_id": 1159065676117622785, "id": 1494930202757058560, "text": "RT @JiyaEss: I wanna puke every time I see Alia Hamza on TV. She is like a cat on hot tin roof, fidgety as fuck, trying to act indifferent\u2026"}, {"author_id": 1270985774780080131, "id": 1494927165355397122, "text": "RT @JiyaEss: I wanna puke every time I see Alia Hamza on TV. She is like a cat on hot tin roof, fidgety as fuck, trying to act indifferent\u2026"}, {"author_id": 230137710, "id": 1494924948472840198, "text": "I wanna puke every time I see Alia Hamza on TV. She is like a cat on hot tin roof, fidgety as fuck, trying to act indifferent to other panelists on the show. \n\ud83e\udd2e\ud83e\udd2e\ud83e\udd2e https://t.co/Ci6ECQsNq6"}, {"author_id": 1346124206451396608, "id": 1494896378572595200, "text": "I don\u2019t want to compare Marilyn Monroe to Elizabeth Taylor, but Elizabeth Taylor absolutely does not get enough credit for her wicked acting prowess. \n\nYes, I did just watch Cat On A Hot Tin Roof followed by Who\u2019s Afraid Of Virginia Woolf? Why do you ask?"}, {"author_id": 560817896, "id": 1494876505616355328, "text": "RT @Revizorsb: RT @AlbertGalera: Cat on a Hot Tin Roof (Richard Brooks, 1958).\nThe Truth scene.\n#PaulNewman #BurlIves \nhttps://t.co/o3bkyrz\u2026"}, {"author_id": 717466357198110720, "id": 1494867007937953793, "text": "@sweethoneyy_ Acting like they don't sound like a cat on a hot tin roof when they sing themselves. Let people have fun! https://t.co/PIQddNrcZv"}, {"author_id": 719780971, "id": 1494862290109308934, "text": "cat on a hot tin roof -misery returns \ud83d\ude43"}, {"author_id": 931988456347234304, "id": 1494850867165491206, "text": "Question: Where are you most likely to find a cat? Well, in my world, how about on a hot tin roof?"}, {"author_id": 2177294882, "id": 1494837228715098117, "text": "What is Cat on a Hot Tin Roof? #blindguess #Jeopardy"}, {"author_id": 24049366, "id": 1494829739651051526, "text": "@JeopardyGuesser my #BlindGuess tonight is Cat on a Hot Tin Roof #Jeopardy"}, {"author_id": 1285114295756496896, "id": 1494801610912018439, "text": "@js100js100 @HippieHeathen1 @UKshills @dippydappyduck You jump around like a cat on a hot tin roof, I ask basic questions to understand where your coming from and you start whining"}, {"author_id": 89410648, "id": 1494783955589115915, "text": "RT @Revizorsb: RT @AlbertGalera: Cat on a Hot Tin Roof (Richard Brooks, 1958).\nThe Truth scene.\n#PaulNewman #BurlIves \nhttps://t.co/o3bkyrz\u2026"}, {"author_id": 195687113, "id": 1494773744681824256, "text": "@DumoDenga Not even a cat on a hot tin roof can jump from one contradiction to another #VoetsekEFF"}, {"author_id": 20903958, "id": 1494764190036373514, "text": "@SeanMoncrieff @ivancorless #ArgumentativeMovies like a cut cat on a hot tin roof"}, {"author_id": 1407762306197606403, "id": 1494747242137329668, "text": "@kpadilla1010 @Casual_Bob_ Sorry. I have a bad habit of assuming everyone knows what I know. He's still great - he's perfect as Big Daddy in Cat On a Hot Tin Roof."}, {"author_id": 45890260, "id": 1494744793972416514, "text": "RT @Revizorsb: RT @AlbertGalera: Cat on a Hot Tin Roof (Richard Brooks, 1958).\nThe Truth scene.\n#PaulNewman #BurlIves \nhttps://t.co/o3bkyrz\u2026"}, {"author_id": 83959481, "id": 1494743916414783492, "text": "RT @Revizorsb: RT @AlbertGalera: Cat on a Hot Tin Roof (Richard Brooks, 1958).\nThe Truth scene.\n#PaulNewman #BurlIves \nhttps://t.co/o3bkyrz\u2026"}, {"author_id": 346161024, "id": 1494737988768653319, "text": "RT @Revizorsb: RT @AlbertGalera: Cat on a Hot Tin Roof (Richard Brooks, 1958).\nThe Truth scene.\n#PaulNewman #BurlIves \nhttps://t.co/o3bkyrz\u2026"}, {"author_id": 207907416, "id": 1494733458135871493, "text": "RT @AlbertGalera: Cat on a Hot Tin Roof (Richard Brooks, 1958).\nThe Truth scene.\n#PaulNewman #BurlIves \nhttps://t.co/o3bkyrzKwg"}, {"author_id": 1295923334316728321, "id": 1494718347279273984, "text": "Perhaps suggesting cat on a hot tin roof for family movie night was a tactical error"}, {"author_id": 120930261, "id": 1494699126889537540, "text": "@FilmTVPolls 12 Angry Men (1957)\nCat on a Hot Tin Roof (1958)\nThe King's Speech (2010)\n3:10 to Yuma (2007)\nLincoln (2012)"}, {"author_id": 838169699179442177, "id": 1494682848175042567, "text": "RT @Meeksisglen: @goodblackdude @buffalobill06 Cat on a hot tin roof."}, {"author_id": 17738847, "id": 1494669609328418820, "text": "@goodblackdude @buffalobill06 Cat on a hot tin roof."}, {"author_id": 1410681439083958280, "id": 1494659362262065159, "text": "RT @Dear_Lonely1: Paul Newman and Elizabeth Taylor in Cat on a Hot Tin Roof, 1958\n\n \u201cNo thanks. We'd smell alike. Like a couple of cats in\u2026"}, {"author_id": 562207324, "id": 1494626998039330816, "text": "@coileyparjley Keep us updated, I\u2019m like a cat on a hot tin roof."}, {"author_id": 775975613446299648, "id": 1494599312650739716, "text": "@VeronicaMars32 @GrandellRich @BuzzFeed BuzzFeed is in our thread..we have to be cryptic..its so \"Cat on a hot tin roof\"...just like the rest of the world...with this charade..over the years"}, {"author_id": 1267172345388494848, "id": 1494567593100730368, "text": "@Levi_Hatter All the grace of a cat on a hot tin roof! Be careful \u2764\ufe0f"}, {"author_id": 80669530, "id": 1494533722435031040, "text": "@steven_metz @RadioFreeTom Do I get a pass for having Cat on a Hot Tin Roof at number 1?"}, {"author_id": 1470665259627294724, "id": 1494529251147669531, "text": "@trixasis2 Tredau is behaving lik a cat on a hot tin roof in the Kalahari.."}, {"author_id": 27787381, "id": 1494525265778667522, "text": "Check out this listing I just added to my #Poshmark closet: Cat on a Hot Tin Roof &amp; Butterfield 8 Elizabeth Taylor Double Feature 2 DVD set. https://t.co/9rVJfi4LFv #shopmycloset @poshmarkapp"}, {"author_id": 1416843351400271873, "id": 1494524790333444096, "text": "RT @Dear_Lonely1: Paul Newman and Elizabeth Taylor in Cat on a Hot Tin Roof, 1958\n\n \u201cNo thanks. We'd smell alike. Like a couple of cats in\u2026"}, {"author_id": 244122871, "id": 1494509028298346503, "text": "@maru2310 El 1! En A Cat on a Hot Tin Roof es es-plen-di-do!"}, {"author_id": 2657732844, "id": 1494456359257051143, "text": "@KaylaChowShow Cat on a Hot Tin Roof (I know, technically a play)"}, {"author_id": 1359955044498481152, "id": 1494454511359782915, "text": "@seraphinaspang Cat On a Hot Tin Roof"}, {"author_id": 1313282464144482306, "id": 1494390458369249285, "text": "@ECMcLaughlin Disturbance in the Force for days.  I'm like a cat on a hot tin roof.  I don't like this sense of looming disaster and all I can do is sit and wait."}, {"author_id": 1302742811784237059, "id": 1494384665758769153, "text": "Marilyn Monroe at the premiere of CAT ON A HOT TIN ROOF, 1958. https://t.co/lwYy7bLMqV"}, {"author_id": 1401274250669879298, "id": 1494325961017364503, "text": "RT @KittyKittyDaily: What is the victory of a cat on a hot tin roof?\u2014I wish I knew... Just staying on it, I guess, as long as she can...\n-\u2026"}, {"author_id": 1309564627785785344, "id": 1494325917140729861, "text": "RT @KittyKittyDaily: What is the victory of a cat on a hot tin roof?\u2014I wish I knew... Just staying on it, I guess, as long as she can...\n-\u2026"}, {"author_id": 15272192, "id": 1494325829408489486, "text": "RT @KittyKittyDaily: What is the victory of a cat on a hot tin roof?\u2014I wish I knew... Just staying on it, I guess, as long as she can...\n-\u2026"}, {"author_id": 818756106105319424, "id": 1494325806402654209, "text": "What is the victory of a cat on a hot tin roof?\u2014I wish I knew... Just staying on it, I guess, as long as she can...\n- Tennessee Williams\n#cats #CatsOfTwitter https://t.co/KicmmLZpWa"}, {"author_id": 70924945, "id": 1494321000145514507, "text": "#DisneyCharactersInFilmOrSong\nThe Cheshire Cat on a hot tin roof"}, {"author_id": 1494084154526519297, "id": 1494319237757689858, "text": "RT @Dear_Lonely1: Paul Newman and Elizabeth Taylor in Cat on a Hot Tin Roof, 1958\n\n \u201cNo thanks. We'd smell alike. Like a couple of cats in\u2026"}, {"author_id": 1231156472945340417, "id": 1494298337578827777, "text": "RT @Dear_Lonely1: Paul Newman and Elizabeth Taylor in Cat on a Hot Tin Roof, 1958\n\n \u201cNo thanks. We'd smell alike. Like a couple of cats in\u2026"}, {"author_id": 66500233, "id": 1494227777553379331, "text": "@rosejohnno Did you manage to relax there or did it make you feel like a cat on a hot tin roof?!!!"}, {"author_id": 106317841, "id": 1494220897867255808, "text": "@KaylaChowShow To Kill a Mockingbird, The Sound of Music, West Side Story, The King and I, Imitation of Life, The Wizard of Oz, The Ten Commandments, Miracle on 34th Street, Eve's Bayou, Cat on a Hot Tin Roof, Guess Who's Coming to Dinner?,  Foxy Brown, Claudine, Carmen, Brown Sugar &amp; many more"}, {"author_id": 1245345278783258624, "id": 1494212812377362436, "text": "Cat on a hot tin roof? https://t.co/0y494VNoA9"}]