[{"author_id": 64772332, "id": 1495184422802448385, "text": "@fujiwaraarmbar @NotAlexJones dana does a commentary track on the judd apatow classic Celtic Pride"}, {"author_id": 1416380923608711169, "id": 1495172084900769792, "text": "RT @annesmith12yan1: Trinity knots are a mainstay of Welsh, Irish and Scottish heritages and are a matter of great cultural pride. Design o\u2026"}, {"author_id": 1556459526, "id": 1495161581348470790, "text": "@DJ_Bean This will sound crazy: KG is an underrated Celtic. No player in decades had bought in to \u201cCeltic Pride\u201d the way he did. They had been losers since the early 90\u2019s and he torally@changed the culture."}, {"author_id": 1488196860946882564, "id": 1495086768114315265, "text": "RT @annesmith12yan1: Trinity knots are a mainstay of Welsh, Irish and Scottish heritages and are a matter of great cultural pride. Design o\u2026"}, {"author_id": 1391714339120353280, "id": 1495080335243100168, "text": "Trinity knots are a mainstay of Welsh, Irish and Scottish heritages and are a matter of great cultural pride. Design on a Essential T-Shirt.\nhttps://t.co/Jhaxv4nGtw\n.\n.\n.\n.\n#cuteclothes #personalstyle #clothesmentor #springclothes #ireland #IrishPub https://t.co/x4zBkJwmEU"}, {"author_id": 80396753, "id": 1495047890158374916, "text": "@Becoming_Bryna @netflix @AdamSandler @KingJames Yeah the serious ones not as good as the silly ones like space jam for oldschool ballers like us. That's why Celtic Pride, white man can't jump or Eddie are great flicks."}, {"author_id": 1107237937882779649, "id": 1495040059606765569, "text": "@jamesblack1986 @johnmasonrtid This isn't my position about Celtic remember.\n\n@ Rangers, the culture pre liquidation was intensely based on success. Winning things was the point and pride.\n\nWhere I notice a conflict is on that point - younger Rangers fans are more flexible with their attitude to success."}, {"author_id": 35539857, "id": 1495036594243440648, "text": "@MrsFitzy17 I wear the Celtic Da badge with pride. Let me tell you even Raquel Welsh in her prime wouldn't get a sniff of my tickets . ."}, {"author_id": 769831147215982592, "id": 1494756314899222536, "text": "@brianshadfall My favorite basketball \ud83c\udfc0 film \ud83c\udf9e is Celtic Pride. Dan Ackroyd, Daniel Stern &amp; Damon Wayans\u2026L E G i\u2019s All of em! Cheers \ud83c\udf7b from Chicago!"}, {"author_id": 279907024, "id": 1494748815424778240, "text": "@BrandonfrmNJ I\u2019m more of a Celtic Pride man myself"}, {"author_id": 4118281533, "id": 1494731014668705794, "text": "RT @TheIrishBrigade: Hearing our song Roll of Honour being sung with such pride in Celtic Park never gets old \ud83d\udc9a\ud83c\uddee\ud83c\uddea\ud83c\udfb5\n\n'We will never be defea\u2026"}, {"author_id": 2833495290, "id": 1494721122960506881, "text": "@nsanba @5kl Celtic Pride. Very bad movie."}, {"author_id": 1420762099718836228, "id": 1494711865921974280, "text": "RT @TheIrishBrigade: Hearing our song Roll of Honour being sung with such pride in Celtic Park never gets old \ud83d\udc9a\ud83c\uddee\ud83c\uddea\ud83c\udfb5\n\n'We will never be defea\u2026"}, {"author_id": 1082456984580968448, "id": 1494677491759333381, "text": "RT @TheIrishBrigade: Hearing our song Roll of Honour being sung with such pride in Celtic Park never gets old \ud83d\udc9a\ud83c\uddee\ud83c\uddea\ud83c\udfb5\n\n'We will never be defea\u2026"}, {"author_id": 2256465358, "id": 1494636096172527622, "text": "RT @TheIrishBrigade: Hearing our song Roll of Honour being sung with such pride in Celtic Park never gets old \ud83d\udc9a\ud83c\uddee\ud83c\uddea\ud83c\udfb5\n\n'We will never be defea\u2026"}, {"author_id": 261826136, "id": 1494560751448739864, "text": "RT @TheIrishBrigade: Hearing our song Roll of Honour being sung with such pride in Celtic Park never gets old \ud83d\udc9a\ud83c\uddee\ud83c\uddea\ud83c\udfb5\n\n'We will never be defea\u2026"}, {"author_id": 1435407497066602497, "id": 1494503602676711426, "text": "RT @TheIrishBrigade: Hearing our song Roll of Honour being sung with such pride in Celtic Park never gets old \ud83d\udc9a\ud83c\uddee\ud83c\uddea\ud83c\udfb5\n\n'We will never be defea\u2026"}, {"author_id": 1440611937809616905, "id": 1494470431545466883, "text": "RT @TheIrishBrigade: Hearing our song Roll of Honour being sung with such pride in Celtic Park never gets old \ud83d\udc9a\ud83c\uddee\ud83c\uddea\ud83c\udfb5\n\n'We will never be defea\u2026"}, {"author_id": 219054262, "id": 1494436657961050127, "text": "RT @TheIrishBrigade: Hearing our song Roll of Honour being sung with such pride in Celtic Park never gets old \ud83d\udc9a\ud83c\uddee\ud83c\uddea\ud83c\udfb5\n\n'We will never be defea\u2026"}, {"author_id": 1481107155403087872, "id": 1494435754105257992, "text": "Being a Grizzlies fan watching the Lakers draft pick is like that scene in Celtic Pride where Dan Aykroyd and Daniel Stern have to root for the Jazz to avoid getting turned into the police by Damon Wayans. https://t.co/5LSMp3pkC2 https://t.co/u9y9wbBiwY"}, {"author_id": 98178798, "id": 1494432204675596291, "text": "RT @TheIrishBrigade: Hearing our song Roll of Honour being sung with such pride in Celtic Park never gets old \ud83d\udc9a\ud83c\uddee\ud83c\uddea\ud83c\udfb5\n\n'We will never be defea\u2026"}, {"author_id": 540039738, "id": 1494430185332031494, "text": "Swallow your pride Celtic and send over a second string side for the return leg. Damage is done, let it go."}, {"author_id": 1011786367817388034, "id": 1494421345840545798, "text": "Celtic have some pride nuh"}, {"author_id": 63712532, "id": 1494418423442558983, "text": "RT @TheIrishBrigade: Hearing our song Roll of Honour being sung with such pride in Celtic Park never gets old \ud83d\udc9a\ud83c\uddee\ud83c\uddea\ud83c\udfb5\n\n'We will never be defea\u2026"}, {"author_id": 1323290334676353025, "id": 1494418142466088970, "text": "RT @TheIrishBrigade: Hearing our song Roll of Honour being sung with such pride in Celtic Park never gets old \ud83d\udc9a\ud83c\uddee\ud83c\uddea\ud83c\udfb5\n\n'We will never be defea\u2026"}, {"author_id": 822859086, "id": 1494414838810157057, "text": "RT @TheIrishBrigade: Hearing our song Roll of Honour being sung with such pride in Celtic Park never gets old \ud83d\udc9a\ud83c\uddee\ud83c\uddea\ud83c\udfb5\n\n'We will never be defea\u2026"}, {"author_id": 1237029970846855175, "id": 1494414573729943564, "text": "RT @TheIrishBrigade: Hearing our song Roll of Honour being sung with such pride in Celtic Park never gets old \ud83d\udc9a\ud83c\uddee\ud83c\uddea\ud83c\udfb5\n\n'We will never be defea\u2026"}, {"author_id": 239465246, "id": 1494409869994119170, "text": "RT @TheIrishBrigade: Hearing our song Roll of Honour being sung with such pride in Celtic Park never gets old \ud83d\udc9a\ud83c\uddee\ud83c\uddea\ud83c\udfb5\n\n'We will never be defea\u2026"}, {"author_id": 1268842698020204545, "id": 1494408246580424711, "text": "Hearing our song Roll of Honour being sung with such pride in Celtic Park never gets old \ud83d\udc9a\ud83c\uddee\ud83c\uddea\ud83c\udfb5\n\n'We will never be defeated, while Ireland has such sons'"}, {"author_id": 821300998039863296, "id": 1494361955561361413, "text": "Pride of the Lions the men and women who made the Lisbon Lions: Pride of the Lions tells the untold story of the men and women who made the Lisbon Lions. It relates the history of the Glasgow Celtic players who became the first British team to win the EC. https://t.co/UynhJBdd0t"}, {"author_id": 601254659, "id": 1494358189814472716, "text": "RT @RPMComo: I'm flying into Scotland today. \n\nI thought about going, to check out what AngeBall is all about. \n\nBut at the send of the day\u2026"}, {"author_id": 453208477, "id": 1494355134406696963, "text": "Ill celtic pride this situation if i can https://t.co/F0HLRv59TI"}, {"author_id": 1389723666615881728, "id": 1494352578162876423, "text": "@SteveCordero @EricLBeats @krispursiainen @jfromflorida1 @StateNYKPOD JUST LIKE IN CELTIC PRIDE WHERE THEY GET LEWIS SCOTT ALL DRUNK AND KIDNAP HIM LOLOLOL"}, {"author_id": 1586637764, "id": 1494325711565307909, "text": "Celtic Pride part 2 staring @barstoolWSD and Jerry Reinsdorf would kill at the box office. Who says no? \n\nWatch: https://t.co/cnDcHYcRG0\nListen: https://t.co/5RSx0ZYoSV\nFollow: @RedLineRadio https://t.co/tU5OAAQsgI"}, {"author_id": 1095842916, "id": 1494324309476601857, "text": "RT @EddieBarstool: I need a Celtic Pride remake with WSD\n\nNew @RedLineRadio listen here - https://t.co/QRFb0o1R70\nhttps://t.co/5G5BQ2OuvI"}, {"author_id": 173270313, "id": 1494323344627286020, "text": "@EddieBarstool @RedLineRadio I don't know how you do it or if there's enough but if you could do a \"shitty movies that you love\" draft Celtic Pride would be high up there"}, {"author_id": 1621367814, "id": 1494322367459434497, "text": "I need a Celtic Pride remake with WSD\n\nNew @RedLineRadio listen here - https://t.co/QRFb0o1R70\nhttps://t.co/5G5BQ2OuvI"}, {"author_id": 2886065961, "id": 1494297856693448709, "text": "@RPMComo Very odd take. So Celtic shouldnt try and win and fans shouldnt go and support?\n\nwheres the pride ffs? By that I assume you want no fans to attend and celtic to forfeit the match?\n\nI'm sure if we win and draw roma or Leicester, you will change your tune."}, {"author_id": 1450500061113225224, "id": 1494273781879169030, "text": "@endlondonrule22 @Larsson7102 @Toto29678316 @Record_Sport This is nothing to do with racism at all, calling rangers fans monkeys regardless of colour, creed or religion. Nothing to do with anything of this nature, go away and keep this vitriol to yourself.\n\nCeltic pride ourself on being a club open to all so go away \ud83d\udc4d"}, {"author_id": 19291128, "id": 1494258179907198978, "text": "I'm flying into Scotland today. \n\nI thought about going, to check out what AngeBall is all about. \n\nBut at the send of the day, I refuse to give validation for the \"losers of the losers\" Cup.\n\nCeltic have already been eliminated twice in Europe this year. Where is the pride FFS? https://t.co/piG1qar9OS"}, {"author_id": 1416380923608711169, "id": 1494249541662560256, "text": "RT @annesmith12yan1: Trinity knots are a mainstay of Welsh, Irish and Scottish heritages and are a matter of great cultural pride. Design o\u2026"}, {"author_id": 3313560466, "id": 1494223004095627266, "text": "In the minouette shop: Funny LGBTQ St Patrick's Day Shirt, Rainbow Flag Celtic Knot TShirt, Lesbian Saint Paddys Gift Sweatshirt, Men Women Lucky Irish Pride Tee by NBLETees at https://t.co/32qSxQoQHX https://t.co/Gg21mCGLXI"}, {"author_id": 1391714339120353280, "id": 1494209802054086657, "text": "Trinity knots are a mainstay of Welsh, Irish and Scottish heritages and are a matter of great cultural pride. Design on a Essential T-Shirt.\nhttps://t.co/f14oy855Aq\n.\n.\n.\n.\n#clothingcompany #personalstyle #lookbooks #fashionlook #celtics #irishfashion https://t.co/ejyRN61frJ"}, {"author_id": 1491511371330211844, "id": 1494052688602046472, "text": "@XSovietNews The English wear the expression with Pride.  Even though they know it is not really true. The Anglo-Saxons only conquered 1/3.  The other 2/3 just intermarried.  Plus Celtic was not really a written language, unlike early English."}, {"author_id": 239880360, "id": 1494020196641689891, "text": "RT @rangerstaxcase: @camtrublue True. Religion/tribal identity was used to trump local pride. In 2012 there was a chance to address that.\nE\u2026"}, {"author_id": 1347278535346573314, "id": 1494008028806402049, "text": "@MullaneKa Gemma is a very valuable Gem of Eire. She is one lady our Celtic forefathers look down with Pride on."}, {"author_id": 238711426, "id": 1493980332281847808, "text": "@camtrublue True. Religion/tribal identity was used to trump local pride. In 2012 there was a chance to address that.\nEvery top-tier club except Celtic saw attendances rise in 2012/13.\n\nBut the SFA &amp; SPFL chose to reinfect themselves with a new version of the old virus."}, {"author_id": 1100584740451684355, "id": 1493735944297406465, "text": "@mountszn0 @SteveThunderfan I think a good many of us could get behind a reverse Celtic Pride scenario for the good of the pick. https://t.co/rRu4i6zo35"}, {"author_id": 241643059, "id": 1493689541747777540, "text": "RT @mattybhoyblair: Martin O\u2019Neill is beaming with pride as he becomes Celtic manager.\ud83c\udf40 https://t.co/HMLy0t9Gvc"}, {"author_id": 1458018576, "id": 1493645382156533763, "text": "RT @mattybhoyblair: Martin O\u2019Neill is beaming with pride as he becomes Celtic manager.\ud83c\udf40 https://t.co/HMLy0t9Gvc"}, {"author_id": 3201975857, "id": 1493593234605494274, "text": "RT @mattybhoyblair: Martin O\u2019Neill is beaming with pride as he becomes Celtic manager.\ud83c\udf40 https://t.co/HMLy0t9Gvc"}, {"author_id": 311961213, "id": 1493577828138373122, "text": "RT @mattybhoyblair: Martin O\u2019Neill is beaming with pride as he becomes Celtic manager.\ud83c\udf40 https://t.co/HMLy0t9Gvc"}, {"author_id": 751254931, "id": 1493573856803577858, "text": "RT @mattybhoyblair: Martin O\u2019Neill is beaming with pride as he becomes Celtic manager.\ud83c\udf40 https://t.co/HMLy0t9Gvc"}, {"author_id": 1307557371355463680, "id": 1493570014640852992, "text": "Board Backing for Fran \u2013 Alonso and his Celtic side are a source of great pride for the Celtic\u00a0support https://t.co/3blOIBglmk"}, {"author_id": 1155439288449998848, "id": 1493569583038574603, "text": "RT @mattybhoyblair: Martin O\u2019Neill is beaming with pride as he becomes Celtic manager.\ud83c\udf40 https://t.co/HMLy0t9Gvc"}, {"author_id": 2412816339, "id": 1493566975041224713, "text": "RT @mattybhoyblair: Martin O\u2019Neill is beaming with pride as he becomes Celtic manager.\ud83c\udf40 https://t.co/HMLy0t9Gvc"}, {"author_id": 1393548248804036616, "id": 1493559997074006020, "text": "Board Backing for Fran \u2013 Alonso and his Celtic side are a source of great pride for the Celtic\u2026 https://t.co/d7cVs3avEc - SPFL News ."}, {"author_id": 1318445510928130054, "id": 1493559507506515969, "text": "Board Backing for Fran \u2013 Alonso and his Celtic side are a source of great pride for the Celtic\u2026 https://t.co/vaPty7VjVH"}, {"author_id": 1080577316743458819, "id": 1493553445470498820, "text": "RT @mattybhoyblair: Martin O\u2019Neill is beaming with pride as he becomes Celtic manager.\ud83c\udf40 https://t.co/HMLy0t9Gvc"}, {"author_id": 1084280252, "id": 1493544205968457733, "text": "Martin O\u2019Neill is beaming with pride as he becomes Celtic manager.\ud83c\udf40 https://t.co/HMLy0t9Gvc"}, {"author_id": 1389041691529814021, "id": 1493454458424107011, "text": "My top 3 favorite basketball movies:\n\n1. White Men Can\u2019t Jump\n2. He Got Game\n3. The Air Up There\n\nHonorable mention: Celtic Pride \ud83d\ude06\n\nWhat did I get wrong?  Curious to hear others favorites.  I\u2019m guessing my #3 doesn\u2019t make a lot of other peoples list."}, {"author_id": 785635232687001600, "id": 1493394225534222346, "text": "Major League\nSlap shot\nAny Given Sunday\nCeltic Pride https://t.co/ed7z2JATrG"}, {"author_id": 255000844, "id": 1493348808264138758, "text": "RT @castellhowell: It's all about the Celtic Pride Welsh Beef \ud83d\ude09 https://t.co/MdOmNH4w4Q\n\nHuge congratulations to Dan and the Wales team on\u2026"}, {"author_id": 255000844, "id": 1493348722620702723, "text": "RT @castellhowell: Support Welsh farmers and choose Celtic Pride Beef this #ValentinesDay \ud83d\ude0d https://t.co/LjIhebSQiU\n\n#beef #farming #farmer\u2026"}, {"author_id": 1332686182845657088, "id": 1493046610342952960, "text": "Jota has Celtic fans beaming with pride as throwback Cristiano Ronaldo photo shows how winger followed his\u00a0dream https://t.co/jaFJSH6AE5"}, {"author_id": 1488196860946882564, "id": 1493036539437268993, "text": "RT @annesmith12yan1: Trinity knots are a mainstay of Welsh, Irish and Scottish heritages and are a matter of great cultural pride. Design o\u2026"}, {"author_id": 3512254815, "id": 1492994717717569538, "text": "RT @JimMcGonigle3: Bill Janovitz of Buffalo Tom showing some Celtic Pride today..."}, {"author_id": 2490574698, "id": 1492994465459576833, "text": "Bill Janovitz of Buffalo Tom showing some Celtic Pride today... https://t.co/5yYzSdnsYR"}, {"author_id": 529441021, "id": 1492981309723103239, "text": "RT @castellhowell: It's all about the Celtic Pride Welsh Beef \ud83d\ude09 https://t.co/MdOmNH4w4Q\n\nHuge congratulations to Dan and the Wales team on\u2026"}, {"author_id": 179811597, "id": 1492980443163291649, "text": "@plasticpitch They were probably mocking Celtic's appointment of Ange too given they'd never heard of him and he came from a club they'd also never heard of.\n\nAmazing the pride some people have in their ignorance."}, {"author_id": 260021627, "id": 1492906394361552897, "text": "@LRonMexico Pretty sure one of these squares is the plot of Celtic Pride"}, {"author_id": 1453755495551062024, "id": 1492899617335386114, "text": "Celtic fans are loving Jota throwback photo with Cristiano Ronaldo https://t.co/RNOfj4aoiT https://t.co/b5ik6q29e2"}, {"author_id": 1393548248804036616, "id": 1492888817035972608, "text": "Jota has Celtic fans beaming with pride as throwback Cristiano Ronaldo photo shows how winger\u2026 https://t.co/BRUn3V06Kc - SPFL News ."}, {"author_id": 1318445510928130054, "id": 1492886817225330689, "text": "Jota has Celtic fans beaming with pride as throwback Cristiano Ronaldo photo shows how winger\u2026 https://t.co/jz4tJaNA8f"}, {"author_id": 60994295, "id": 1492885091311394817, "text": "RT @Record_Sport: Jota has Celtic fans beaming with pride as throwback Cristiano Ronaldo photo shows how winger followed his dream\n\nhttps:/\u2026"}, {"author_id": 1474809230, "id": 1492883531122552832, "text": "RT @Record_Sport: Jota has Celtic fans beaming with pride as throwback Cristiano Ronaldo photo shows how winger followed his dream\n\nhttps:/\u2026"}, {"author_id": 311961213, "id": 1492883385781567499, "text": "RT @DR_Celtic: Jota has Celtic fans beaming with pride as throwback Cristiano Ronaldo photo shows how winger followed his dream\n\nhttps://t.\u2026"}, {"author_id": 524392048, "id": 1492882819206549507, "text": "Jota has Celtic fans beaming with pride as throwback Cristiano Ronaldo photo shows how winger followed his dream\n\nhttps://t.co/cYGNV93lui https://t.co/xp7SohuFtW"}, {"author_id": 358235006, "id": 1492882750029901829, "text": "Jota has Celtic fans beaming with pride as throwback Cristiano Ronaldo photo shows how winger followed his dream\n\nhttps://t.co/BC9IS4dIZ6 https://t.co/3lC7QPSLzF"}, {"author_id": 1451835066213076996, "id": 1492841274889674752, "text": "@AberdeenFC This is where scoring against Celtic will lead.  Only 1 or 2 games left for them this season.\n\nPride left this club long ago.  BTW the reason they're annoyed at getting beat by Motherwell is it rules out a chance of meeting Rangers once more this season.\n\nHorrible nasty club."}, {"author_id": 1190862896538017793, "id": 1492795560654422019, "text": "@adamaRFC @ReadingFC I heard on the radio that a lot of the players are out of contract by the end of the season. If that's the case I say shame on them if they are not playing for their own pride but hiding behind the mgr who always gets the blame automatically, eg, Brendan Rogers (Celtic successes)"}]