[{"author_id": 1542198482, "id": 1495128004141453318, "text": "@ThatEricAlper Cold Comfort Farm\n\nTampopo\n\nThe General (1926)\n\nBringing Up Baby\n\nCat Ballou\n\nSmiles of A Summer Night"}, {"author_id": 2588540720, "id": 1495058825971265538, "text": "@ThatEricAlper Cold Comfort Farm"}, {"author_id": 19094439, "id": 1495049180548505600, "text": "@JennyJohnsonHi5 Persuasion (1995), Moonstruck, French Kiss, Cold Comfort Farm, Grosse Point Blank, A Fish Called Wanda, Point Break, Babe"}, {"author_id": 960334442379337728, "id": 1494925408894132227, "text": "@ThatEricAlper Cold Comfort Farm"}, {"author_id": 24771094, "id": 1494863999313219585, "text": "@ThatEricAlper Cold Comfort Farm (1995) - hardly anyone seems to know about this little gem of a movie (features Kate Beckinsale, Stephen Fry, Ian McKellan, Eileen Atkins) - https://t.co/8Qvx5dOz3R"}, {"author_id": 784005438, "id": 1494861628101341188, "text": "@ThatEricAlper Cold Comfort Farm. My fave movie of all time. Obscure British comedy. Early Kate Beckinsale. Stellar cast and plot. https://t.co/RqKciOolrB"}, {"author_id": 805267590402584576, "id": 1494843953388003329, "text": "I had the pleasure of seeing John Schlesinger in person, interviewed on stage as part of a SIFF tribute circa 1993 (it wasn't too long before he directed COLD COMFORT FARM). One of the heavyweights. #TCMParty"}, {"author_id": 104425219, "id": 1494838494694363142, "text": "@NancySpringer I re read this every few years when I need cheering up. Cold Comfort Farm (Penguin Classics Deluxe Edition) https://t.co/Z5gTBxVn14"}, {"author_id": 2423830130, "id": 1494628183106375681, "text": "@PhilipHensher Two of my favourites were The Roads to Freedom and the best ever Cold Comfort Farm."}, {"author_id": 113054581, "id": 1494558837952729093, "text": ".@IanMcKellen loving your performance in Cold Comfort Farm!"}, {"author_id": 278773138, "id": 1494489377212411904, "text": "Fortunately, my English teacher in 1st year agreed, so I was allowed to choose any book I wanted in the library. Occasionally she recommended books she thought I'd like. After one satirical composition I produced, she suggested I read Cold Comfort Farm. I was 12."}, {"author_id": 767461337198956544, "id": 1494405043910545412, "text": "@davidpaul1234x @DrHoenderkamp @talkRADIO TalkRADIO because it is the home of common sense. Whale is the old man locked in the woodshed (hints of Cold Comfort Farm)"}, {"author_id": 36178006, "id": 1494370827629965313, "text": "Three Men in A Boat #JeromeKJerome, A Confederacy of Dunces #JohnKennedyToole, To Say Nothing of the Dog @cwcrosstalk, We Are Never Meeting In Real Life #SamanthaIrby, and Cold Comfort Farm #StellaGibbons  #AskALibrarian https://t.co/vKPaHSZLVq"}, {"author_id": 1288501830381637633, "id": 1494347822065504257, "text": "Cold Comfort Farm Sermon - No Butter in Hell https://t.co/FP0uKidVSA via @YouTube"}, {"author_id": 25901638, "id": 1493895891345944577, "text": "31% done with Cold Comfort Farm, by Stella Gibbons https://t.co/XgxXqcHUW8"}, {"author_id": 2789390689, "id": 1493871740912476166, "text": "RT @auntymarx: This could have been prevented if more people read Cold Comfort Farm"}, {"author_id": 63136979, "id": 1493787737354567681, "text": "This could have been prevented if more people read Cold Comfort Farm https://t.co/X18ewnkW0F"}, {"author_id": 1714364792, "id": 1493724109703888899, "text": "@drkmurch @singingscholar A casual reference to video calls threw me when I was reading Cold Comfort Farm, which was published in 1932 but set in a then-near future."}, {"author_id": 110431008, "id": 1493704822494842891, "text": "When I drive to work I go past the end of Needless Road, which gives me extremely Cold Comfort Farm vibes. Someone please name a bovine after this road immediately. https://t.co/mv2KJkYqA3"}, {"author_id": 938527519334166529, "id": 1493627433429442568, "text": "RT @HoltenHm: #WritingCommunity #Reviews2021\nRead Cold Comfort Farm by Stella Gibbons\nWicked, Wonderful, and Witty\n\nhttps://t.co/yYFTA2XcNn\u2026"}, {"author_id": 32985773, "id": 1493325206571700226, "text": "@Bedtime_Bowie Cold comfort farm is perfection \u2764\ufe0f\u2764\ufe0f\u2764\ufe0f https://t.co/SvRN9JBPWn"}, {"author_id": 2205947323, "id": 1493322784537255941, "text": "@colemansdimple He won my heart in Cold Comfort Farm and Middlemarch."}, {"author_id": 38450144, "id": 1492966876732919811, "text": "Just finished Cold Comfort Farm on my Kindle, which was a relaxing, refreshing read. Now onto the Kray's...#books https://t.co/vdfFAxKxVy"}, {"author_id": 458792938, "id": 1492947485349711872, "text": "Cold Comfort Farm\nInterstellar\nNotorious\nEagle, The\nMonty Python and the Holy Grail\nAir Force https://t.co/C2JtyiQtvy"}, {"author_id": 1406948681618763776, "id": 1492917806689665031, "text": "@zahavazipora I suppose one working definition of soft sci-fi is where the speculative elements are subtle or downplayed. For example, \"Cold Comfort Farm\" (1932) is, in fact set in the future, but you wouldn't know it apart from throwaway references to technology and world events."}, {"author_id": 938527519334166529, "id": 1492889980728971266, "text": "#WritingCommunity #Reviews2021\nRead Cold Comfort Farm by Stella Gibbons\nWicked, Wonderful, and Witty\n\nhttps://t.co/yYFTA2XcNn https://t.co/aOL0ClxzjE"}, {"author_id": 41122478, "id": 1492886737294561287, "text": "@BCDreyer A distinctly unscenic and generally grotty village in the same vicinity as Cold Comfort Farm."}, {"author_id": 750007262, "id": 1492798669027958784, "text": "@catlilycooks Cold Comfort Farm?"}, {"author_id": 848679210, "id": 1492768609512349696, "text": "@AnUncivilPhD @zackkruse @andrewbarbel @summerpierre @GinaMurrell1 Cold Comfort Farm\nEnchanted April\nMoneyball\nPersuasion\nWorld War Z\n@BRhonnie @Lenniesaurus @WrigleyGuinness @TimDownie1 @DebsterPA1"}]