[{"author_id": 490989797, "id": 1495283374692306947, "text": "@HorrorVirgin as I am listening to episode 198, I would like to send a big shout out to @MRandolph24 for saying sniper in a gorilla suit when he meant to say ghillie suit and I can just picture the film \"American Sniper\"but with a gorilla or even amy from congo"}, {"author_id": 1271694669039259648, "id": 1495283329838743553, "text": "RT @MugaboRhoda: And by Prophet Elvis Mbonye the Lord Preserved Congo.\nWatch the Clip below.\n#ProphetElvisMbonye\nhttps://t.co/WEssGCBVhI"}, {"author_id": 1271694669039259648, "id": 1495283250645897217, "text": "RT @LeonRich_Elvis: Now I am Seeing Congo: DRC And The Spirit Of God Says, Now It Is Going Through One Of The Toughest; Hardest Moments...\u2026"}, {"author_id": 929666799007879168, "id": 1495283242987139076, "text": "@Bapha_congo Guy seriously?\ud83d\ude02"}, {"author_id": 566301561, "id": 1495283212876394499, "text": "We are on from 10am-13hrs on bridgeover congo.Which song would you wish us to play for you?Call us on 0725281428/0736538431.@kbcenglishservice, @Ya_mfumu . https://t.co/oRsnqYmduD. #bridgeovercongo https://t.co/sgNDCKIx7v"}, {"author_id": 4482795202, "id": 1495282981472243716, "text": "It\u2019s design was influenced by three different cultures: Arabian, African, and European. Materials were flown in from Egypt, DR Congo, and Italy. https://t.co/BWtNToN3QR"}, {"author_id": 824148827162677250, "id": 1495282848873336833, "text": "RT @thebetterindia: Ponung Doming, #Arunachal\u2019s first woman Lieutenant Colonel Hailing from Pasighat in East Siang district. She is a civil\u2026"}, {"author_id": 538122585, "id": 1495282794678865920, "text": "Few interesting things here: there aren't motorbikes in Pointe Noire, Congo, there are more taxis than Matatus and the taxis are driven like Mat za Rongai!!! Recklessly, fast and they keep hooting at each other. People are very kind, they play diverse music and have great foods."}, {"author_id": 1264820830539784197, "id": 1495282782834249730, "text": "Kainewaragi had started stealing gold and timber from Congo as early as 1997. Shame. https://t.co/Fxyd7bCDTw"}, {"author_id": 929666799007879168, "id": 1495282761044746241, "text": "@Bapha_congo Now it\u2019s their turn and we won\u2019t rest, but that was very very harsh though!"}, {"author_id": 3278031091, "id": 1495282749401300993, "text": "RT @thebetterindia: Ponung Doming, #Arunachal\u2019s first woman Lieutenant Colonel Hailing from Pasighat in East Siang district. She is a civil\u2026"}, {"author_id": 3839843914, "id": 1495282486842359813, "text": "RT @thebetterindia: Ponung Doming, #Arunachal\u2019s first woman Lieutenant Colonel Hailing from Pasighat in East Siang district. She is a civil\u2026"}, {"author_id": 1259410263587147776, "id": 1495282406164779010, "text": "RT @mbga_uk: Good post.. \n16 states banned the burqa, including Tunisia, Austria, Denmark, France, Belgium, Tajikistan, Bulgaria, Cameroon,\u2026"}, {"author_id": 1090312581007491072, "id": 1495282370798313473, "text": "I managed to take my g.11 IB diploma group 4 a class of 84 learners learners of biology, ESS and SEHS for studying outside the class room in one of the biggest rain forests in Africa Nyungwe National park \ud83c\udfde bordering,Burundi, Congo and Uganda for 3 days\u2026https://t.co/HbsVDLsU5d"}, {"author_id": 99910833, "id": 1495282327018250241, "text": "RT @Banjy47: 102) Another one @PeterObi. I guess Nigeria is the only Africa country on the list and also No2. What happen to ur best countr\u2026"}, {"author_id": 91309667, "id": 1495282139708940290, "text": "Head Chef position available with busy Italian Restaurant in Lubumbashi in the Congo. Looking for individuals with 7+ years relevant chef and kitchen management experience in Italian cuisine. Main focus will be staff management, quality control, general k\u2026https://t.co/TKtkqVLg7E"}, {"author_id": 1369249624700030982, "id": 1495282039804678147, "text": "RT @TimothyNerozzi: On Jan. 31, the Vatican announced Monsignor Arnaldo Catalan in Taiwan would be leaving the country to take a new positi\u2026"}, {"author_id": 853287841920503809, "id": 1495281590980661258, "text": "#Zambian court stops land clearing in #KasankaNationalPark,\narea that is a stopover on largest mammal migration in d world\n\nEvery year\n#AfricanStrawColoured fruit bats migrate to d park from #Congo &amp; act as #Pollinators\n\n1 of Zambia\u2019s smallest but ecologically significant park https://t.co/Fu4ZXkoEfu"}, {"author_id": 381418782, "id": 1495281568277045248, "text": "Stop Press! Pietermaritzburg\u2019s Edendale Technical girls football schools team, have reached the semifinals of the African schools football championship, being hosted by CAF and FIFA and being played in Kinshasa in Congo. The team is coached by Coach Khumalo https://t.co/64edEUipnT"}, {"author_id": 296874902, "id": 1495281335040102400, "text": "@joejoe2491 @csATLdawg @Sihle_Congo @IceLacrima @mrwtffacts They are in the same way an only child is their parent's favorite"}, {"author_id": 1061218330525220864, "id": 1495281190454108162, "text": "@Bapha_congo Man just forget about her...  she will be the one regretting not you and lastly girls nowadays are very cheap... If you like in just today only you would make 20 girl friend with 30 side chick"}, {"author_id": 1285883302285578240, "id": 1495281127522648064, "text": "Verse 93011 : gonna move to Democratic Republic of the Congo asap ."}, {"author_id": 986798774302502915, "id": 1495280941341810692, "text": "RT @ajplus: Belgium's Princess Esmeralda says it should \"apologize\" for colonial atrocities, but said: \"We are not responsible for our ance\u2026"}, {"author_id": 114707915, "id": 1495280845443141632, "text": "RT @thebetterindia: Ponung Doming, #Arunachal\u2019s first woman Lieutenant Colonel Hailing from Pasighat in East Siang district. She is a civil\u2026"}, {"author_id": 810852024992595968, "id": 1495280830687715328, "text": "@Sihle_Congo @IceLacrima @mrwtffacts Then whats the point of separating competition ? \n\nIf man and woman are equal , there has to be same competition for both lol ."}, {"author_id": 1143078179197706240, "id": 1495280646969004033, "text": "RT @ParveenKaswan: In 2020 Singapore seized 8.8 tonnes of #elephant #ivory &amp; 11.9 tonnes of #pangolin scales in 3 containers en route from\u2026"}, {"author_id": 742873233586683904, "id": 1495280619848404996, "text": "RT @WesleyGluttmon: Well, I've gotten a new fella, curtesy of @DunkyDebauchery. I'd like to introduce Congo to y'all. a 6'0\" 135 lbs Hitmon\u2026"}, {"author_id": 1010087708260274177, "id": 1495280443385655298, "text": "RT @reymart_basilio: Making Cape Verde and Congo Slime with Piping Bags | Relaxing Satisfying... https://t.co/WAtjGPakIe via @YouTube"}, {"author_id": 1148078267699728384, "id": 1495279888902889475, "text": "RT @JUSTSAI143: Hey Congo @komalasleaks chithi For Massive #43K...  from @VidyaRani202 mommy Fans\ud83d\ude0d\nWaiting for your 100K https://t.co/7t6mQ\u2026"}, {"author_id": 1482661626746654724, "id": 1495279878907830274, "text": "RT @UNICEFDRC: Christian, 9, attends a @UNICEF-supported child friendly space at a camp in eastern DR Congo.\n\nApproximately 5.5 million peo\u2026"}, {"author_id": 2340204522, "id": 1495279782291931137, "text": "RT @thebetterindia: Ponung Doming, #Arunachal\u2019s first woman Lieutenant Colonel Hailing from Pasighat in East Siang district. She is a civil\u2026"}, {"author_id": 1119286872121851906, "id": 1495279774725558272, "text": "Congo says close to deal to recover $2 billion worth of assets from Israeli\u00a0investor https://t.co/9QL1Da9QiT"}, {"author_id": 1290515525651460097, "id": 1495279764235784195, "text": "RT @thebetterindia: Ponung Doming, #Arunachal\u2019s first woman Lieutenant Colonel Hailing from Pasighat in East Siang district. She is a civil\u2026"}, {"author_id": 1483454022732423173, "id": 1495279692269633536, "text": "RT @ElstonFrost: Patrice Lumumba (1925-1961), executed on this day by the Belgian colonial gendarmerie.\n\nIn solidarity with Congo, 150K peo\u2026"}, {"author_id": 1494178645627133953, "id": 1495279334856151044, "text": "Making Cape Verde and Congo Slime with Piping Bags | Relaxing Satisfying... https://t.co/WAtjGPakIe via @YouTube"}, {"author_id": 1150353715062349825, "id": 1495278923311206403, "text": "RT @AfricaFactsZone: An old kingdom in South Sudan was restored on February 9, 2022, 117 years after the death of its last King.\n\nKing Gbud\u2026"}, {"author_id": 1419926703585914880, "id": 1495278859713126400, "text": "RT @thebetterindia: Ponung Doming, #Arunachal\u2019s first woman Lieutenant Colonel Hailing from Pasighat in East Siang district. She is a civil\u2026"}, {"author_id": 82054140, "id": 1495278682755276802, "text": "RT @rhaplord: For context \nAbout as many enslaved people were taken across the atlantic (12 million) in 400 years, as were killed in the Co\u2026"}]