[{"author_id": 1329654062237716480, "id": 1495238364127117313, "text": "RT @ShweLanGaLay: \u201cEven if someone gets abducted, we have to redouble our efforts, no matter how dangerous or how many difficulties we face\u2026"}, {"author_id": 1203443745749970944, "id": 1495225572858937345, "text": "@JustinLascek @MikePerryavatar @hansnotdead1 The best quote for me was from the movie \"Courage Under Fire\" \n\nDenzil Washington talking about PTSD: \"I drink too much\".\nSpecialist Andrew Ilario (Matt Damon) \"Hell, we all drink too much\"."}, {"author_id": 2945277128, "id": 1495201881299341315, "text": "RT @RenyRoha: \"Courage under fire. Courage without weapons to defend themselves against tyrants. Let freedom ring or the hunger games will\u2026"}, {"author_id": 922936527877001216, "id": 1495194999687983104, "text": "\"Courage under fire. Courage without weapons to defend themselves against tyrants. Let freedom ring or the hunger games will begin!\"\n\nThe whole video, especially around the 1 hour 20 minute mark. \n\nhttps://t.co/QxyWFqLYsW"}, {"author_id": 567427617, "id": 1495169152709021707, "text": "He was taking a leap here, negotiating with a crackhead, under the table, in a dark cantina. The courage etched on his face came from loving Aidia so much he\u2019d close his eyes and walk through fire to see her safe."}, {"author_id": 1973094985, "id": 1495159317636722688, "text": "RT @CHaythorpeAEU: Thank you @TamePunk for your dignity under fire, for your courage and for once again calling this crap out for what it i\u2026"}, {"author_id": 983508625, "id": 1495158066064785408, "text": "RT @CHaythorpeAEU: Thank you @TamePunk for your dignity under fire, for your courage and for once again calling this crap out for what it i\u2026"}, {"author_id": 1158539359, "id": 1495157270912516096, "text": "Thank you @TamePunk for your dignity under fire, for your courage and for once again calling this crap out for what it is! https://t.co/ugDPSbYwt8"}, {"author_id": 29528439, "id": 1495110864638287872, "text": "@mcfarwl I totally disagree. They are loving people. The  courage and tenacity it takes to stay cool under fire is awesome. they could have planned the honking strategically every hour from 9-5:00"}, {"author_id": 1396645481686573056, "id": 1495086109503623174, "text": "When I pulled out that arrow, countless flaming butterflies flew out from my chest. Is this what true freedom is? I sighed. They are courage that ignited under dark night. Under the stars, the fire of Rijin Pavilion burned every rumour and trapped dream of yesterday into dust."}, {"author_id": 1389089402287050752, "id": 1495085440948326403, "text": "RT @BetterBurma: A Burmese doctor who has been on the front lines since February 1 opens up about CDM, abductions of medical professionals,\u2026"}, {"author_id": 926564136108134401, "id": 1495053370645794816, "text": "Fox News correspondent @TreyYingst is fearless. In\nAfghanistan for the final days and hours of the botched withdraw, he's now in Eastern Ukraine reporting under artillery fire.\n\nIf there's a journalism award for civilian bravery, he ought to win it. \n\n#courage https://t.co/mTbIXRybSe"}, {"author_id": 1356964113423814656, "id": 1495018378452672514, "text": "RT @ShweLanGaLay: \u201cEven if someone gets abducted, we have to redouble our efforts, no matter how dangerous or how many difficulties we face\u2026"}, {"author_id": 1209345568067112960, "id": 1494988922908119040, "text": "@banglani Wow....courage under fire.....what differentiates men from boys\ud83d\udc4c"}, {"author_id": 2921048664, "id": 1494984612300587008, "text": "RT @sujc6060: @TamePunk @TamePunk I know there are days when you wish you could live a life without the scrutiny that speaking out brings.\u2026"}, {"author_id": 1438629035332964359, "id": 1494974772702167043, "text": "RT @sujc6060: @TamePunk @TamePunk I know there are days when you wish you could live a life without the scrutiny that speaking out brings.\u2026"}, {"author_id": 3223215480, "id": 1494968205223526403, "text": "RT @ShweLanGaLay: \u201cEven if someone gets abducted, we have to redouble our efforts, no matter how dangerous or how many difficulties we face\u2026"}, {"author_id": 1696354110, "id": 1494967745187831808, "text": "\u201cEven if someone gets abducted, we have to redouble our efforts, no matter how dangerous or how many difficulties we face. We have a common goal and we are united! We are not going to give up until we achieve the true democracy of our country.\u201d\n\nListen: https://t.co/yxCvG4zN70 https://t.co/3GZszu8NFk"}, {"author_id": 38778649, "id": 1494957030062592003, "text": "Talk about courage under fire. \n\nPlease read every word in this thread.\n\nThank you \ud83d\ude4f\ud83c\udffb \n\n#AmazingGrace https://t.co/3NLcMP4PSd"}, {"author_id": 1208185200682815488, "id": 1494910495739891712, "text": "@TamePunk @TamePunk I know there are days when you wish you could live a life without the scrutiny that speaking out brings. Thankyou for your courage and strength under fire and for being a voice for all of us. You give us strength to tell our own stories #istandwithgrace"}, {"author_id": 1385532663545667587, "id": 1494901207571255296, "text": "RT @BetterBurma: A Burmese doctor who has been on the front lines since February 1 opens up about CDM, abductions of medical professionals,\u2026"}, {"author_id": 897209022855520256, "id": 1494875889724764161, "text": "A Burmese doctor who has been on the front lines since February 1 opens up about CDM, abductions of medical professionals, the Third Wave of COVID, &amp; managing mental health in an ongoing climate of terror.\n\nListen: https://t.co/VjusJCCT6Y\n\nApple Podcasts: https://t.co/0aqloTNYkP https://t.co/UBzXMVbfos"}, {"author_id": 427865650, "id": 1494852093190062082, "text": "@LouDPhillips Just watched Courage Under Fire. Your performance was stunning. Also, you looked amazing."}, {"author_id": 3178590752, "id": 1494818503395889162, "text": "RT @1jasliz: Courage under fire. ALL GENERATIONS OF BLACK AMERICANS."}, {"author_id": 724327951370579968, "id": 1494816099128385538, "text": "Courage under fire. ALL GENERATIONS OF BLACK AMERICANS. https://t.co/M1qW4xauOh"}, {"author_id": 233718748, "id": 1494762260899766281, "text": "RT @vampirebuff: #Bales2022FilmChallenge \n2/18 - film taking place on another planet\n\nStargate\n\n#3degreesofbales\n\nStargate - Leon Rippy \ud83d\udd17\nK\u2026"}, {"author_id": 779768858, "id": 1494758140415553536, "text": "@arhuml92 Courage under fire"}, {"author_id": 969966481147645952, "id": 1494639498801655808, "text": "RT @vampirebuff: #Bales2022FilmChallenge \n2/18 - film taking place on another planet\n\nStargate\n\n#3degreesofbales\n\nStargate - Leon Rippy \ud83d\udd17\nK\u2026"}, {"author_id": 1491788581798440963, "id": 1494611756303347715, "text": "@CNN Team @JustinTrudeau ! Courage under \ud83d\udd25 fire!"}, {"author_id": 68204741, "id": 1494592034870415360, "text": "Vintage Gas Pump Firefighter Tribute with Glen Green Art and Light Up Globe Top \nhttps://t.co/EjwURdecLW\n\nVintage Gas Pump Firefighter Tribute with Glen Green Art and Light Up Globe Top\n$109.98 Glen Green Courage Under Fire Illuminated Firefighter Gas Pump Sculpture - When... https://t.co/rKg0MvxuJt"}, {"author_id": 24812374, "id": 1494489459500494867, "text": "#Bales2022FilmChallenge \n2/18 - film taking place on another planet\n\nStargate\n\n#3degreesofbales\n\nStargate - Leon Rippy \ud83d\udd17\nKuffs - Christian Slater \ud83d\udd17\nYoung Guns 2 - Lou Diamond Phillips \ud83d\udd17\nCourage Under Fire - #denzelwashington \n\n@bales1181 @ithrah69 @JanuaryMovie https://t.co/ZVQUE7Elth"}, {"author_id": 340800704, "id": 1494449061390438400, "text": "You don't have to be horrible, even in war. It is a weakness to give in to temptation, and it is courage and grace under fire that is remembered. Ambition is easy, integrity is difficult, and the difference shows over time when you aren't around to massage your image anymore. https://t.co/c9R86nq5L3"}, {"author_id": 94823168, "id": 1494440867641237504, "text": "#NowWatching Courage Under Fire (1996) https://t.co/CuBzImcmZR"}, {"author_id": 84560995, "id": 1494436531695591425, "text": "@RonniSalt @jopuccini @otocincluscat @seanrubinsztein @dylanwelch Agree, courage under fire\ud83d\udc4f\ud83d\udc4f"}, {"author_id": 130405361, "id": 1494433654071771137, "text": "The Costs of Saving Matt Damon\n\n\"Courage Under Fire\": $300k\n\n\"Saving Private Ryan\": $100k\n\n\"Titan AE\": $200B\n\n\"Syriana\": $50k\n\n\"Green Zone\": $50k\n\n\"Elysium\": $100m\n\n\"Interstellar\": $500B\n\n\"The Martian\": $200B\n\nTOTAL: $900B+ \n\n#costofliving \n\n#film"}, {"author_id": 1181480597576921088, "id": 1494393785542926349, "text": "Born #onthisday  Lou Diamond Phillips\n\nStarred in Courage Under Fire\n\nClick for more info: https://t.co/4kYDemm4Gk\n\n#birthday #LouDiamondPhillips"}, {"author_id": 1010326561, "id": 1494366767677902849, "text": "RT @TeamRubicon: In honor of #BlackHistoryMonth , Team Rubicon recognizes America\u2019s Black firefighters who overcame prejudice and systemic\u2026"}, {"author_id": 1450987787105161219, "id": 1494353390972944392, "text": "@CyrusCormier1 It is NOT just you! They are American Heroes on more than the athletic level. In fact, they deserve additional awards for demonstrating Courage Under the Fire of Ignorance &amp; Racism!"}, {"author_id": 821098989911232513, "id": 1494347826888802305, "text": "What ever happened to \u201cCourage Under Fire\u201d? https://t.co/kuyXAQiZoo"}, {"author_id": 51614312, "id": 1494328275564335113, "text": "A Happy 60th Birthday to one of my favorite actors - Lou Diamond Phillips (@LouDPhillips). La Bamba, Stand And Deliver, Young Guns I &amp; II, Courage Under Fire, Longmire, and a Tony nomination for his Broadway performance in The King and I. Fantastic. https://t.co/7ct3AtDH9d"}, {"author_id": 178738039, "id": 1494288697159823363, "text": "Happy Birthday 2 @LouDPhillips Diamond Phillips a really versatile &amp; talented actor Saw him on Broadway in King &amp; I, u made that role his own in addition 2 all his great work in films &amp; television like Stand &amp; Deliver, LA Bamba, Courage Under Fire. Thank U 4 signing my photo!!!"}, {"author_id": 178738039, "id": 1494284070913822722, "text": "Happy Birthday 2 Lou Diamond Phillips a really versatile &amp; talented actor Saw him on Broadway in King &amp; I, he really made that role his own in addition 2 all his great work in films &amp; television like Stand &amp; Deliver, LA Bamba, Courage Under Fire. Thank U 4 signing my photo!!! https://t.co/Cenq6UWd04"}, {"author_id": 496562755, "id": 1494249662168981508, "text": "@rae_frances - Jurassic Risk: Decision making us not just a walk in the park.. \n- To risk, or not to risk? \n- I'll take my chances\n- Courage under fire\n- Opportunity Awaits \n- Risky business\n- A tale of two decisions\n\ud83e\udd37\ud83c\udffc\u200d\u2642\ufe0f"}, {"author_id": 1486831929035010055, "id": 1494176174628605952, "text": "@joanne_nisbet @JimWatsonOttawa Me too.  I stand with @JimWatsonOttawa.  Courage under fire."}, {"author_id": 93047475, "id": 1494037994902372356, "text": "@TabitaSurge @drcsneddon @MissCDFarran @Gwenelope @iamjonpalmer @MsJasmineMN @TeachingTheVoid @MalcolmWilson01 @NoContextBadger @DanielBundred @isaacmoore7 @TLanokia @CantabKitty @AhmedKhattabUK @Halfwayupagain @joon_of @EngHanrahan @MoreMorrow @rozburrows @AlisonHoneybone @lil_on_sea @ThainMike @Mrs_McGhie Dignity &amp; courage under fire.\nThe noble chicken."}, {"author_id": 930608708882755585, "id": 1494021382996430850, "text": "RT @NYCPBA: Well-deserved recognition for a hero brother who wore our shield with pride and honor. Police Officer Sulan\u2019s courage and calm\u2026"}, {"author_id": 1080725418, "id": 1494011020821606403, "text": "This is what courage under fire looks like.  Congratulations Det Sulan. https://t.co/5DSHlv8atE"}, {"author_id": 1172774817789030400, "id": 1493964785238609922, "text": "@Dr2NisreenAlwan Courage under fire. Moral strength."}, {"author_id": 45855182, "id": 1493947185905475596, "text": "RT @Jimthomsen: \u201cI had to find something I could be while also being a college student and something that didn\u2019t require expensive equipmen\u2026"}, {"author_id": 1241457082630455297, "id": 1493942741033644034, "text": "\u201cSome of my colleagues have seen many severe injuries, and some have had to suture a wound with a mere help of a torch light! Because the clinic had turn off the lights due to security concerns, and soldiers were on the street.\u201d\n\nListen: https://t.co/J4vvk5K4eX https://t.co/2PS7uYB2Xp"}, {"author_id": 1169404353070997505, "id": 1493940144164024321, "text": "RT @NYCPBA: Well-deserved recognition for a hero brother who wore our shield with pride and honor. Police Officer Sulan\u2019s courage and calm\u2026"}, {"author_id": 794907775314907136, "id": 1493939763316985860, "text": "RT @NYCPBA: Well-deserved recognition for a hero brother who wore our shield with pride and honor. Police Officer Sulan\u2019s courage and calm\u2026"}, {"author_id": 1307696169250893824, "id": 1493925152727478276, "text": "RT @NYCPBA: Well-deserved recognition for a hero brother who wore our shield with pride and honor. Police Officer Sulan\u2019s courage and calm\u2026"}, {"author_id": 1481341143195566083, "id": 1493883693794013187, "text": "RT @NYCPBA: Well-deserved recognition for a hero brother who wore our shield with pride and honor. Police Officer Sulan\u2019s courage and calm\u2026"}, {"author_id": 434156015, "id": 1493867124938481667, "text": "RT @NYCPBA: Well-deserved recognition for a hero brother who wore our shield with pride and honor. Police Officer Sulan\u2019s courage and calm\u2026"}, {"author_id": 1416623826238988288, "id": 1493859073741131778, "text": "@jangancar1aku 13 hours\nBehind Enemy Lines\nCourage Under Fire\n3 Kings"}, {"author_id": 28926990, "id": 1493834394863382529, "text": "@DefenderOfDixie Let's say for a moment he did. If someone thinks negatively about him because he did, it just shows their ignorance of him and the situation. He was wounded in combat and demonstrated courage and leadership under fire. Why wouldn't you do all you could to evade capture?"}, {"author_id": 3302318189, "id": 1493817388076253187, "text": "RT @NYCPBA: Well-deserved recognition for a hero brother who wore our shield with pride and honor. Police Officer Sulan\u2019s courage and calm\u2026"}, {"author_id": 276842748, "id": 1493813806140739584, "text": "Live feedback: \"Irene deserves a medal of Courage under Fire , alongside a pay rise and a bigger office.\n\" - Helen B"}, {"author_id": 2084661, "id": 1493797939805888515, "text": "RT @Jimthomsen: \u201cI had to find something I could be while also being a college student and something that didn\u2019t require expensive equipmen\u2026"}, {"author_id": 311842989, "id": 1493793994517585923, "text": "RT @Jimthomsen: \u201cI had to find something I could be while also being a college student and something that didn\u2019t require expensive equipmen\u2026"}, {"author_id": 167927318, "id": 1493785075544059914, "text": "RT @NYCPBA: Well-deserved recognition for a hero brother who wore our shield with pride and honor. Police Officer Sulan\u2019s courage and calm\u2026"}, {"author_id": 98398264, "id": 1493779855342592006, "text": "RT @NYCPBA: Well-deserved recognition for a hero brother who wore our shield with pride and honor. Police Officer Sulan\u2019s courage and calm\u2026"}, {"author_id": 14248837, "id": 1493779259831173124, "text": "\u201cI had to find something I could be while also being a college student and something that didn\u2019t require expensive equipment, difficult skills, or courage under fire. Writing was the obvious choice.\u201d #PJORourke https://t.co/owiMxbi7pb"}, {"author_id": 33416495, "id": 1493756727514259456, "text": "RT @NYCPBA: Well-deserved recognition for a hero brother who wore our shield with pride and honor. Police Officer Sulan\u2019s courage and calm\u2026"}, {"author_id": 280777346, "id": 1493755124572987392, "text": "RT @NYCPBA: Well-deserved recognition for a hero brother who wore our shield with pride and honor. Police Officer Sulan\u2019s courage and calm\u2026"}, {"author_id": 87624170, "id": 1493746377574080512, "text": "RT @NYCPBA: Well-deserved recognition for a hero brother who wore our shield with pride and honor. Police Officer Sulan\u2019s courage and calm\u2026"}, {"author_id": 258801478, "id": 1493715058811101189, "text": "RT @NYCPBA: Well-deserved recognition for a hero brother who wore our shield with pride and honor. Police Officer Sulan\u2019s courage and calm\u2026"}, {"author_id": 2567768731, "id": 1493702372207570946, "text": "RT @NYCPBA: Well-deserved recognition for a hero brother who wore our shield with pride and honor. Police Officer Sulan\u2019s courage and calm\u2026"}, {"author_id": 1353191933829644288, "id": 1493698825533407236, "text": "RT @NYCPBA: Well-deserved recognition for a hero brother who wore our shield with pride and honor. Police Officer Sulan\u2019s courage and calm\u2026"}, {"author_id": 1474895378432602115, "id": 1493698307805356033, "text": "RT @NYCPBA: Well-deserved recognition for a hero brother who wore our shield with pride and honor. Police Officer Sulan\u2019s courage and calm\u2026"}, {"author_id": 1430949366962036740, "id": 1493696544100528138, "text": "RT @NYCPBA: Well-deserved recognition for a hero brother who wore our shield with pride and honor. Police Officer Sulan\u2019s courage and calm\u2026"}, {"author_id": 1033317714, "id": 1493695766010998786, "text": "RT @NYCPBA: Well-deserved recognition for a hero brother who wore our shield with pride and honor. Police Officer Sulan\u2019s courage and calm\u2026"}, {"author_id": 2191884285, "id": 1493693060106047495, "text": "RT @NYCPBA: Well-deserved recognition for a hero brother who wore our shield with pride and honor. Police Officer Sulan\u2019s courage and calm\u2026"}, {"author_id": 3127947520, "id": 1493684312948060167, "text": "RT @NYCPBA: Well-deserved recognition for a hero brother who wore our shield with pride and honor. Police Officer Sulan\u2019s courage and calm\u2026"}, {"author_id": 383428772, "id": 1493682763555246080, "text": "Amazing courage under fire. https://t.co/YEibUM3eAV"}, {"author_id": 705973041680011264, "id": 1493669777482694666, "text": "RT @NYCPBA: Well-deserved recognition for a hero brother who wore our shield with pride and honor. Police Officer Sulan\u2019s courage and calm\u2026"}, {"author_id": 25013259, "id": 1493669485080891396, "text": "READERS!  Only 99 cents for the Ebook! \nCourage Under Fire: A Riveting Novel of Romantic Suspense (Silver Creek Book 2) Kindle Edition \nby Lindsay McKenna (Author) Format: Kindle Edition \n@lindsaymckenna @KensingtonBooks https://t.co/yRN83JJ7sE"}, {"author_id": 546305736, "id": 1493667607823724552, "text": "RT @NYCPBA: Well-deserved recognition for a hero brother who wore our shield with pride and honor. Police Officer Sulan\u2019s courage and calm\u2026"}, {"author_id": 625668578, "id": 1493664398833037319, "text": "RT @NYCPBA: Well-deserved recognition for a hero brother who wore our shield with pride and honor. Police Officer Sulan\u2019s courage and calm\u2026"}, {"author_id": 22814274, "id": 1493661537038483466, "text": "RT @NYCPBA: Well-deserved recognition for a hero brother who wore our shield with pride and honor. Police Officer Sulan\u2019s courage and calm\u2026"}, {"author_id": 385057984, "id": 1493660410721050634, "text": "RT @NYCPBA: Well-deserved recognition for a hero brother who wore our shield with pride and honor. Police Officer Sulan\u2019s courage and calm\u2026"}, {"author_id": 262615004, "id": 1493659879445254144, "text": "RT @NYCPBA: Well-deserved recognition for a hero brother who wore our shield with pride and honor. Police Officer Sulan\u2019s courage and calm\u2026"}, {"author_id": 946953652433977344, "id": 1493659381237436417, "text": "RT @NYCPBA: Well-deserved recognition for a hero brother who wore our shield with pride and honor. Police Officer Sulan\u2019s courage and calm\u2026"}, {"author_id": 1000973673287770112, "id": 1493654531951202304, "text": "Grit in the mouth is distasteful\nBut in the mind is forceful\nCourage under fire\nCould raise one's ire\nEnough to retaliate, overcome and be successful!\n--------------\nLw/Fw#2239"}, {"author_id": 117096653, "id": 1493653280379097089, "text": "RT @NYCPBA: Well-deserved recognition for a hero brother who wore our shield with pride and honor. Police Officer Sulan\u2019s courage and calm\u2026"}, {"author_id": 78144321, "id": 1493652551224410114, "text": "RT @NYCPBA: Well-deserved recognition for a hero brother who wore our shield with pride and honor. Police Officer Sulan\u2019s courage and calm\u2026"}, {"author_id": 1481421165239410690, "id": 1493652377840328709, "text": "RT @NYCPBA: Well-deserved recognition for a hero brother who wore our shield with pride and honor. Police Officer Sulan\u2019s courage and calm\u2026"}, {"author_id": 366614172, "id": 1493652080938172416, "text": "RT @NYCPBA: Well-deserved recognition for a hero brother who wore our shield with pride and honor. Police Officer Sulan\u2019s courage and calm\u2026"}, {"author_id": 1161660025, "id": 1493642728198094854, "text": "RT @NYCPBA: Well-deserved recognition for a hero brother who wore our shield with pride and honor. Police Officer Sulan\u2019s courage and calm\u2026"}, {"author_id": 91843968, "id": 1493638253571940363, "text": "RT @NYCPBA: Well-deserved recognition for a hero brother who wore our shield with pride and honor. Police Officer Sulan\u2019s courage and calm\u2026"}, {"author_id": 825414740, "id": 1493630068467322880, "text": "RT @NYCPBA: Well-deserved recognition for a hero brother who wore our shield with pride and honor. Police Officer Sulan\u2019s courage and calm\u2026"}, {"author_id": 1364231196075560961, "id": 1493626005470203913, "text": "RT @NYCPBA: Well-deserved recognition for a hero brother who wore our shield with pride and honor. Police Officer Sulan\u2019s courage and calm\u2026"}, {"author_id": 601555458, "id": 1493624094419562499, "text": "RT @NYCPBA: Well-deserved recognition for a hero brother who wore our shield with pride and honor. Police Officer Sulan\u2019s courage and calm\u2026"}, {"author_id": 2737498915, "id": 1493623843964993538, "text": "RT @NYCPBA: Well-deserved recognition for a hero brother who wore our shield with pride and honor. Police Officer Sulan\u2019s courage and calm\u2026"}, {"author_id": 1012475880248143873, "id": 1493622820579983366, "text": "RT @NYCPBA: Well-deserved recognition for a hero brother who wore our shield with pride and honor. Police Officer Sulan\u2019s courage and calm\u2026"}, {"author_id": 117096653, "id": 1493621619192963089, "text": "Well-deserved recognition for a hero brother who wore our shield with pride and honor. Police Officer Sulan\u2019s courage and calm under fire saved lives, period. We know that he will carry on the legacy of our fallen heroes in his new designation. Congratulations, Detective. https://t.co/F9ZUYd4iVm"}, {"author_id": 1223486480313487360, "id": 1493610994475716608, "text": "@Shreena1993 When Harry met Sally\nYou've got a mail\nCourage under fire"}, {"author_id": 961590509306306560, "id": 1493602588889174018, "text": "@macruadhi @Tamzilla_52 Courage Under Fire was one of her few movies that I actually liked."}]