[{"author_id": 1351649765403066368, "id": 1495278215383949312, "text": "RT @BamaCentral: Through 10 games combined, Alabama softball and baseball are undefeated to start their 2022 seasons, with Crimson Tide sof\u2026"}, {"author_id": 71161711, "id": 1495277904682438660, "text": "Through 10 games combined, Alabama softball and baseball are undefeated to start their 2022 seasons, with Crimson Tide softball being 8-0 and baseball 2-0.\n\nCrimson Tide Roll Call:\nhttps://t.co/v4PNfd7vks https://t.co/oEubIIO9Bt"}, {"author_id": 1063167086216777728, "id": 1495277091461414912, "text": "The Crimson Tide HC discussed what went wrong in the loss against Kentucky.  https://t.co/nEmCqDClEQ"}, {"author_id": 1434533026965372933, "id": 1495273628333744128, "text": "Crock-Pot Alabama Crimson Tide Collegiate 6-Quart Cook &amp; Carry Slow Cooker\nRating:\ud83c\udf15\ud83c\udf15\ud83c\udf15\ud83c\udf15\ud83c\udf15\n$47.95 \ud83d\udc4d\n#crockpot #alabama #crimson #tide #collegiate #cook #GreenBayPackers @grbpackers10\n\nhttps://t.co/kCCEA1BjFd https://t.co/4OGQLB2B6D"}, {"author_id": 1470300768, "id": 1495270023149105153, "text": "RT @AlabamaSwimDive: Derek Maas is having himself a moment! The Crimson Tide junior won his 2nd individual SEC title of the week,  taking g\u2026"}, {"author_id": 365427450, "id": 1495269706588172288, "text": "RT @krawezynski: @Kojima_Hideo \n#TheRock \nDirected by Michael Bay, director of Bad Boys. It was produced by Don Simpson and Jerry Bruckheim\u2026"}, {"author_id": 365427450, "id": 1495268552001138694, "text": "@Kojima_Hideo \n#TheRock \nDirected by Michael Bay, director of Bad Boys. It was produced by Don Simpson and Jerry Bruckheimer, producers of Top Gun and Crimson Tide, and released through Disney's Hollywood Pictures.\nhttps://t.co/ZBSLgMj1br"}, {"author_id": 365427450, "id": 1495266628807839746, "text": "#TheRock \nDirected by Michael Bay, director of Bad Boys, and stars Sean Connery, Nicolas Cage, and Ed Harris. It was produced by Don Simpson and Jerry Bruckheimer, producers of Top Gun and Crimson Tide, and released through Disney's Hollywood Pictures.\nhttps://t.co/Rfq5qo5s65"}, {"author_id": 350469695, "id": 1495266172329246730, "text": "Last one, fast one for the Crimson Tide!\n\nhttps://t.co/ooKQ8pQz0R\n\n#SECSD22 | #BamaSpeed | #RipTide | #RollTide"}, {"author_id": 20477029, "id": 1495265726751551492, "text": "Alabama basketball vs. Kentucky Wildcats: Live updates, score https://t.co/AHiwfGx6G6"}, {"author_id": 180542862, "id": 1495264499871346688, "text": "RT @MonicavanDelden: Prostitution sting led to arrest of University of Alabama vice president, 14 others - https://t.co/mKK21j8V9q: Pope, w\u2026"}, {"author_id": 1346507248659529745, "id": 1495258936475365380, "text": "RT @HondoCarpenter: Nick Saban References Henry Ruggs III When Speaking on Leadership https://t.co/vErz74p86u via @@champion_aidan"}, {"author_id": 29331196, "id": 1495258506638905348, "text": "RT @AlabamaSwimDive: Derek Maas is having himself a moment! The Crimson Tide junior won his 2nd individual SEC title of the week,  taking g\u2026"}, {"author_id": 778630867950460929, "id": 1495257545383944192, "text": "RT @MonicavanDelden: Prostitution sting led to arrest of University of Alabama vice president, 14 others - https://t.co/mKK21j8V9q: Pope, w\u2026"}, {"author_id": 986750503, "id": 1495257412315475971, "text": "Prostitution sting led to arrest of University of Alabama vice president, 14 others - https://t.co/mKK21j8V9q: Pope, who is also a former Crimson Tide football player, resigned after the West Alabama Human Trafficking Task\u2026 https://t.co/f8SOknGFMK #trafficking #humantrafficking"}, {"author_id": 108078896, "id": 1495256900262408192, "text": "Nick Saban References Henry Ruggs III When Speaking on Leadership https://t.co/vErz74p86u via @@champion_aidan"}, {"author_id": 940369971271651328, "id": 1495253297598550018, "text": "RT @CWsports: After an exciting walk-off win on Opening Day, the Crimson Tide sealed another nail-biting victory over the Xavier Musketeers\u2026"}, {"author_id": 29052803, "id": 1495252911449944069, "text": "After an exciting walk-off win on Opening Day, the Crimson Tide sealed another nail-biting victory over the Xavier Musketeers for game two of their three-game series.\u00a0\n\nBy: @abbydotmc \nhttps://t.co/PJoCYnNhqS"}, {"author_id": 373160127, "id": 1495252835088359427, "text": "RT @MarchMadnessMBB: WILDCATS HOLD OFF CRIMSON TIDE \u203c\ufe0f\u2028\u2028No. 4 Kentucky comes up big vs. No. 25 Alabama https://t.co/izuOaysLEd"}, {"author_id": 29052803, "id": 1495252307864264704, "text": "In Rupp Arena Saturday afternoon, it looked like the Alabama Crimson Tide were going to win by a large margin, but the No. 4 Kentucky Wildcats ended up handling the No. 25 Alabama Crimson Tide, 90-81.\n\nBy: @austin_hannon1 \nhttps://t.co/9xLv9gLfMm"}, {"author_id": 419876477, "id": 1495251703893049344, "text": "RT @AlabamaSwimDive: Kaique Alves, Jonathan Berneburg, Derek Maas &amp; Matt Menke take third in the men's 400 freestyle relay to secure a seco\u2026"}, {"author_id": 2374147352, "id": 1495251032489799688, "text": "@Exhaling9 @criteria681 @SturmNextTerm The Crimson tide.."}, {"author_id": 43496230, "id": 1495250152629673986, "text": "RT @CBBonFOX: Cats sweep \ud83d\ude3c\n\n@KentuckyMBB knocks off No. 25 Alabama to complete the sweep of the Crimson Tide \ud83d\udcaa https://t.co/fHsRo9MOOK"}, {"author_id": 2278048082, "id": 1495249996815478789, "text": "RT @jeffborzello: No TyTy Washington, no Sahvir Wheeler -- and Kentucky goes out &amp; drops 90 on Alabama. Erased an early 13-point deficit. C\u2026"}, {"author_id": 151316073, "id": 1495249101042204675, "text": "RT @jeffborzello: No TyTy Washington, no Sahvir Wheeler -- and Kentucky goes out &amp; drops 90 on Alabama. Erased an early 13-point deficit. C\u2026"}, {"author_id": 21114283, "id": 1495247949496000513, "text": "RT @CBBonFOX: Cats sweep \ud83d\ude3c\n\n@KentuckyMBB knocks off No. 25 Alabama to complete the sweep of the Crimson Tide \ud83d\udcaa https://t.co/fHsRo9MOOK"}, {"author_id": 4145100562, "id": 1495246087967457285, "text": "RT @AlabamaSwimDive: Derek Maas is having himself a moment! The Crimson Tide junior won his 2nd individual SEC title of the week,  taking g\u2026"}, {"author_id": 1060644356179288064, "id": 1495244044955525120, "text": "RT @jeffborzello: No TyTy Washington, no Sahvir Wheeler -- and Kentucky goes out &amp; drops 90 on Alabama. Erased an early 13-point deficit. C\u2026"}, {"author_id": 24360637, "id": 1495242968189521920, "text": "RT @AlabamaSwimDive: Derek Maas is having himself a moment! The Crimson Tide junior won his 2nd individual SEC title of the week,  taking g\u2026"}, {"author_id": 1268272161380237312, "id": 1495241385556992000, "text": "The Crimson Tide stayed undefeated on the season with two big wins on Saturday\n\nhttps://t.co/v63hpLBfv5"}, {"author_id": 182032245, "id": 1495241137073922053, "text": "The Crimson Tide stayed undefeated on the season with two big wins on Saturday\n\nhttps://t.co/Dlhxke1FSW"}, {"author_id": 16604984, "id": 1495240689956839429, "text": "RT @jeffborzello: No TyTy Washington, no Sahvir Wheeler -- and Kentucky goes out &amp; drops 90 on Alabama. Erased an early 13-point deficit. C\u2026"}, {"author_id": 2937328818, "id": 1495238857515753472, "text": "RT @jeffborzello: No TyTy Washington, no Sahvir Wheeler -- and Kentucky goes out &amp; drops 90 on Alabama. Erased an early 13-point deficit. C\u2026"}, {"author_id": 520954266, "id": 1495237941978931203, "text": "RT @jeffborzello: No TyTy Washington, no Sahvir Wheeler -- and Kentucky goes out &amp; drops 90 on Alabama. Erased an early 13-point deficit. C\u2026"}, {"author_id": 1368306545520300035, "id": 1495235523832528898, "text": "DeVonta Smith Signed Alabama Crimson Tide Jersey (Beckett COA) Heisman Trophy https://t.co/l5wmVqbmVW eBay"}, {"author_id": 1216359186, "id": 1495231060694769665, "text": "RT @AlabamaSwimDive: IT'S A CRIMSON TIDE SWEEP! Mogan Scott, Kalia Antoniou &amp; Diana Petkova take the top-three spots in the women's 100 fre\u2026"}, {"author_id": 55624183, "id": 1495229364509843456, "text": "RT @AlabamaSwimDive: Derek Maas is having himself a moment! The Crimson Tide junior won his 2nd individual SEC title of the week,  taking g\u2026"}, {"author_id": 1246098837346844674, "id": 1495229279973560324, "text": "RT @AlabamaSwimDive: Kaique Alves, Jonathan Berneburg, Derek Maas &amp; Matt Menke take third in the men's 400 freestyle relay to secure a seco\u2026"}, {"author_id": 1454838824564051973, "id": 1495228973605089280, "text": "RT @BamaOn3: Introducing Alabama\u2019s early enrollees ahead of the start of spring practice. First up, Jeremiah Alexander.\n\nhttps://t.co/45gUJ\u2026"}, {"author_id": 2152002485, "id": 1495228957939097601, "text": "RT @AlabamaBSB: T8 | #48 Landon Green now on the hill for the Crimson Tide \n\n4-2 Alabama\n\n#RollTide https://t.co/0Ucq7LYePB"}, {"author_id": 350469695, "id": 1495225063523897345, "text": "Kaique Alves, Jonathan Berneburg, Derek Maas &amp; Matt Menke take third in the men's 400 freestyle relay to secure a second-place team finish, the Crimson Tide's best since winning the title in 1987!\n\n#SECSD22 | #BamaSpeed | #RipTide | #RollTide https://t.co/VaNShtZe2d"}, {"author_id": 1368306545520300035, "id": 1495223066179170304, "text": "Jaylen Waddle Signed Alabama Crimson Tide Jersey (Beckett COA) Dolphins #1 Pk WR https://t.co/4eAlP5yIE5 eBay https://t.co/St2heKtPH6"}, {"author_id": 1402427940416147456, "id": 1495221539154935816, "text": "RT @AlabamaSwimDive: IT'S A CRIMSON TIDE SWEEP! Mogan Scott, Kalia Antoniou &amp; Diana Petkova take the top-three spots in the women's 100 fre\u2026"}, {"author_id": 3712944682, "id": 1495221443440881664, "text": "RT @BamaOn3: Introducing Alabama\u2019s early enrollees ahead of the start of spring practice. First up, Jeremiah Alexander.\n\nhttps://t.co/45gUJ\u2026"}, {"author_id": 1448102847443316738, "id": 1495221107045150728, "text": "@MrsWinterbourn They call Alabama the Crimson Tide!"}, {"author_id": 1461445364041539585, "id": 1495220813523476488, "text": "RT @BamaOn3: Introducing Alabama\u2019s early enrollees ahead of the start of spring practice. First up, Jeremiah Alexander.\n\nhttps://t.co/45gUJ\u2026"}, {"author_id": 1202353188, "id": 1495219980656390151, "text": "RT @On3sports: John Calipari addresses mid-game argument with referee\n\nStory: https://t.co/6X2g8jEC3h https://t.co/IAApHdl3Ds"}, {"author_id": 948908982046949381, "id": 1495219469634916358, "text": "RT @heraldleader: The key talking points after John Calipari and the No. 4 Wildcats\u2019 victory vs. Nate Oats and the No. 25 Crimson Tide. #BB\u2026"}, {"author_id": 2840524952, "id": 1495213687942037514, "text": "RT @jeffborzello: No TyTy Washington, no Sahvir Wheeler -- and Kentucky goes out &amp; drops 90 on Alabama. Erased an early 13-point deficit. C\u2026"}, {"author_id": 1396593089276485633, "id": 1495212462337056779, "text": "@AdamPlantinga Leaving Las Vegas won the Oscar, but we all know what the real best movie of 1995 was:  Heat.  Crimson Tide is right up there, though.  https://t.co/GAD72ILuBj"}, {"author_id": 3333480922, "id": 1495212209399820289, "text": "RT @jeffborzello: No TyTy Washington, no Sahvir Wheeler -- and Kentucky goes out &amp; drops 90 on Alabama. Erased an early 13-point deficit. C\u2026"}, {"author_id": 119877249, "id": 1495212082312232960, "text": "RT @heraldleader: The key talking points after John Calipari and the No. 4 Wildcats\u2019 victory vs. Nate Oats and the No. 25 Crimson Tide. #BB\u2026"}, {"author_id": 874369193382207488, "id": 1495211338691497986, "text": "RT @AlabamaBSB: T9 | #40 Brock Guffey on to pitch for the Crimson Tide \ud83e\udd3a\n\n5-4 Alabama\n\n#RollTide https://t.co/bCpP5ajE61"}, {"author_id": 261309007, "id": 1495211269263089664, "text": "RT @AlabamaSwimDive: Derek Maas is having himself a moment! The Crimson Tide junior won his 2nd individual SEC title of the week,  taking g\u2026"}, {"author_id": 246141634, "id": 1495211208785416198, "text": "RT @BamaOn3: Introducing Alabama\u2019s early enrollees ahead of the start of spring practice. First up, Jeremiah Alexander.\n\nhttps://t.co/45gUJ\u2026"}, {"author_id": 221031208, "id": 1495210887036166147, "text": "RT @qb_country: Nate Oats calls out Alabama players following letdown against Kentucky https://t.co/vhSdSwtf2G"}, {"author_id": 325742574, "id": 1495210639308070913, "text": "RT @jeffborzello: No TyTy Washington, no Sahvir Wheeler -- and Kentucky goes out &amp; drops 90 on Alabama. Erased an early 13-point deficit. C\u2026"}, {"author_id": 25606205, "id": 1495210609893326852, "text": "RT @BamaOn3: Introducing Alabama\u2019s early enrollees ahead of the start of spring practice. First up, Jeremiah Alexander.\n\nhttps://t.co/45gUJ\u2026"}, {"author_id": 135628241, "id": 1495210313289027587, "text": "RT @BamaOnLine247: #Alabama baseball outlasts Xavier to secure series-clinching victory\n\n\"I'm really glad to get a win against a good Xavie\u2026"}, {"author_id": 2832653153, "id": 1495210205373681667, "text": "Introducing Alabama\u2019s early enrollees ahead of the start of spring practice. First up, Jeremiah Alexander.\n\nhttps://t.co/45gUJyK6wM (On3+) https://t.co/9SiUwRVfFA"}, {"author_id": 419876477, "id": 1495209057564692481, "text": "#Alabama baseball outlasts Xavier to secure series-clinching victory\n\n\"I'm really glad to get a win against a good Xavier team. We got to learn a lot of valuable lessons and still come out on top.\"\n\nhttps://t.co/WtMwPiDTzd https://t.co/PMKYjElSxz"}, {"author_id": 621583227, "id": 1495208581217591301, "text": "RT @AlabamaSwimDive: IT'S A CRIMSON TIDE SWEEP! Mogan Scott, Kalia Antoniou &amp; Diana Petkova take the top-three spots in the women's 100 fre\u2026"}, {"author_id": 2218728283, "id": 1495208178539274240, "text": "RT @CBBonFOX: Cats sweep \ud83d\ude3c\n\n@KentuckyMBB knocks off No. 25 Alabama to complete the sweep of the Crimson Tide \ud83d\udcaa https://t.co/fHsRo9MOOK"}, {"author_id": 1414699999959597057, "id": 1495207816457601028, "text": "RT @CBBonFOX: Cats sweep \ud83d\ude3c\n\n@KentuckyMBB knocks off No. 25 Alabama to complete the sweep of the Crimson Tide \ud83d\udcaa https://t.co/fHsRo9MOOK"}, {"author_id": 14651519, "id": 1495207719946620930, "text": "Well about to sit down and watch Crimson Tide. https://t.co/3mjiyzDfqk"}, {"author_id": 171516377, "id": 1495207389620019204, "text": "RT @vuhustlersports: The Commodores (14-12, 6-8 SEC) hold off the Aggies (16-11, 5-9) to grab their sixth conference win of the year, their\u2026"}, {"author_id": 11612722, "id": 1495205894258364418, "text": "The key talking points after John Calipari and the No. 4 Wildcats\u2019 victory vs. Nate Oats and the No. 25 Crimson Tide. #BBN @markcstory https://t.co/XDMvcegZgC"}, {"author_id": 1165414814354685952, "id": 1495205358209576960, "text": "RT @jeffborzello: No TyTy Washington, no Sahvir Wheeler -- and Kentucky goes out &amp; drops 90 on Alabama. Erased an early 13-point deficit. C\u2026"}, {"author_id": 1454838824564051973, "id": 1495205267608412165, "text": "RT @RollTideWire: The Crimson Tide will return a lot of key talent in 2022.  https://t.co/w0Ojb2DQUn"}, {"author_id": 1454838824564051973, "id": 1495205190156357643, "text": "RT @FA_Alabama: 2022 SEC football projections: How is Alabama expected to finish?\nhttps://t.co/FArMjuNPD5"}, {"author_id": 2344011269, "id": 1495205160062447618, "text": "RT @AlabamaSwimDive: Derek Maas is having himself a moment! The Crimson Tide junior won his 2nd individual SEC title of the week,  taking g\u2026"}, {"author_id": 56702322, "id": 1495204612915171329, "text": "The Commodores (14-12, 6-8 SEC) hold off the Aggies (16-11, 5-9) to grab their sixth conference win of the year, their most since 2018. Up next, they'll host the Alabama Crimson Tide on Tuesday night.\n\nVU: 72\nA&amp;M: 67\n\nFinal"}, {"author_id": 1216359186, "id": 1495202945121624066, "text": "RT @AlabamaSwimDive: Derek Maas is having himself a moment! The Crimson Tide junior won his 2nd individual SEC title of the week,  taking g\u2026"}, {"author_id": 1597453220, "id": 1495202670063276035, "text": "RT @Tide1009: The Crimson Tide baseball team had another wild win at The Joe on Saturday afternoon. https://t.co/zKO4VsFnhq"}, {"author_id": 215426968, "id": 1495202223617458176, "text": "RT @AlabamaSwimDive: IT'S A CRIMSON TIDE SWEEP! Mogan Scott, Kalia Antoniou &amp; Diana Petkova take the top-three spots in the women's 100 fre\u2026"}, {"author_id": 1317502087299727368, "id": 1495202128901648390, "text": "RT @jeffborzello: No TyTy Washington, no Sahvir Wheeler -- and Kentucky goes out &amp; drops 90 on Alabama. Erased an early 13-point deficit. C\u2026"}, {"author_id": 215426968, "id": 1495202009313865728, "text": "RT @AlabamaSwimDive: Derek Maas is having himself a moment! The Crimson Tide junior won his 2nd individual SEC title of the week,  taking g\u2026"}, {"author_id": 1138276777573441537, "id": 1495201658632032264, "text": "Several Big 12 teams are renewing old rivalries in an intriguing nonconference slate while Baylor and Texas play future conference foes.  https://t.co/cgXoovZe33"}, {"author_id": 1063167086216777728, "id": 1495201539060899846, "text": "With the tournament right around the corner, potential matchups are becoming clearer.  https://t.co/upuzUsgFOn"}, {"author_id": 162081496, "id": 1495201498510336000, "text": "RT @AlabamaSwimDive: IT'S A CRIMSON TIDE SWEEP! Mogan Scott, Kalia Antoniou &amp; Diana Petkova take the top-three spots in the women's 100 fre\u2026"}, {"author_id": 19080974, "id": 1495200502677749769, "text": "Also unique nicknames: Crimson Tide vs Musketeers https://t.co/D97Bxe0Quv"}, {"author_id": 27082579, "id": 1495200314638704640, "text": "RT @AlabamaSwimDive: Derek Maas is having himself a moment! The Crimson Tide junior won his 2nd individual SEC title of the week,  taking g\u2026"}, {"author_id": 531755908, "id": 1495200080240037898, "text": "RT @jeffborzello: No TyTy Washington, no Sahvir Wheeler -- and Kentucky goes out &amp; drops 90 on Alabama. Erased an early 13-point deficit. C\u2026"}, {"author_id": 1028831271840100352, "id": 1495200018730520576, "text": "RT @AlabamaSwimDive: IT'S A CRIMSON TIDE SWEEP! Mogan Scott, Kalia Antoniou &amp; Diana Petkova take the top-three spots in the women's 100 fre\u2026"}, {"author_id": 419876477, "id": 1495199441548152832, "text": "RT @AlabamaSwimDive: IT'S A CRIMSON TIDE SWEEP! Mogan Scott, Kalia Antoniou &amp; Diana Petkova take the top-three spots in the women's 100 fre\u2026"}, {"author_id": 419876477, "id": 1495199348510048258, "text": "RT @AlabamaSwimDive: Derek Maas is having himself a moment! The Crimson Tide junior won his 2nd individual SEC title of the week,  taking g\u2026"}, {"author_id": 2236609328, "id": 1495199318155964416, "text": "RT @AlabamaSwimDive: Derek Maas is having himself a moment! The Crimson Tide junior won his 2nd individual SEC title of the week,  taking g\u2026"}, {"author_id": 621583227, "id": 1495199153944727565, "text": "RT @AlabamaSwimDive: Derek Maas is having himself a moment! The Crimson Tide junior won his 2nd individual SEC title of the week,  taking g\u2026"}, {"author_id": 350469695, "id": 1495198717175119881, "text": "Derek Maas is having himself a moment! The Crimson Tide junior won his 2nd individual SEC title of the week,  taking gold in the 200 breaststroke with an SEC Championship record of 1:51.56!!!\n\n#SECSD22 | #BamaSpeed | #RollTide https://t.co/x1jBO5ocCz"}, {"author_id": 478190595, "id": 1495197800434487296, "text": "RT @AlabamaSwimDive: IT'S A CRIMSON TIDE SWEEP! Mogan Scott, Kalia Antoniou &amp; Diana Petkova take the top-three spots in the women's 100 fre\u2026"}, {"author_id": 1346108593364492288, "id": 1495197093736103941, "text": "RT @jeffborzello: No TyTy Washington, no Sahvir Wheeler -- and Kentucky goes out &amp; drops 90 on Alabama. Erased an early 13-point deficit. C\u2026"}, {"author_id": 258525812, "id": 1495196344348254218, "text": "RT @AlabamaSwimDive: IT'S A CRIMSON TIDE SWEEP! Mogan Scott, Kalia Antoniou &amp; Diana Petkova take the top-three spots in the women's 100 fre\u2026"}, {"author_id": 261309007, "id": 1495196126450008071, "text": "RT @AlabamaSwimDive: IT'S A CRIMSON TIDE SWEEP! Mogan Scott, Kalia Antoniou &amp; Diana Petkova take the top-three spots in the women's 100 fre\u2026"}, {"author_id": 258525812, "id": 1495195771536293895, "text": "RT @Tide1009: The Crimson Tide baseball team had another wild win at The Joe on Saturday afternoon. https://t.co/zKO4VsFnhq"}, {"author_id": 2236609328, "id": 1495195541562703876, "text": "RT @AlabamaSwimDive: IT'S A CRIMSON TIDE SWEEP! Mogan Scott, Kalia Antoniou &amp; Diana Petkova take the top-three spots in the women's 100 fre\u2026"}, {"author_id": 475417911, "id": 1495195204474703873, "text": "https://t.co/vlKGdl493I\nVery close to the bone.Scott Morrison's alter ego Dr Strangelove sends a shiver up the spine &amp; beware any more laser lights from ENEMY ships.Morrison may think he should go press the button &amp; we'll be faced with a Crimson Tide."}, {"author_id": 182032245, "id": 1495194494899216392, "text": "The Crimson Tide baseball team had another wild win at The Joe on Saturday afternoon. https://t.co/zKO4VsFnhq"}, {"author_id": 251949008, "id": 1495193337636216834, "text": "RT @AlabamaSwimDive: IT'S A CRIMSON TIDE SWEEP! Mogan Scott, Kalia Antoniou &amp; Diana Petkova take the top-three spots in the women's 100 fre\u2026"}, {"author_id": 25041930, "id": 1495193126440419328, "text": "@ScottLEOWarrior I\u2019m tagging my bestie &amp; fellow Alabamaian @CrimsonHulk he\u2019s the bestest of the best even if he does root for the Crimson Tide \ud83e\udd23\ud83e\udd23\n Seriously though, always there when I need an ear, a shoulder, someone to vent to. Bestest friend. https://t.co/cVhmesL0cZ"}]