[{"author_id": 950269522547638272, "id": 1495282580211781632, "text": "@CoaltrainHunter It\u2019s interesting the left calling women crumb maidens, while both Albo and Shorten, have considerably younger partners. Shorten even running around the election with vote 1 for Chloe Shortens husband."}, {"author_id": 1289969320861155328, "id": 1495282477891346432, "text": "RT @RJHCFEED: hi renhyuckville, here's a little crumb for ya'll \ud83d\ude1a https://t.co/6BlVxmplyS"}, {"author_id": 709975616, "id": 1495282390243102728, "text": "RT @supremevhs: IMAGINE being the miserable ass people who are like\u2026\n\nHalloween Kills HATED\n\nScream (2022) TERRIBLE\n\nTexas Chainsaw Massacr\u2026"}, {"author_id": 1478108976801853443, "id": 1495282323918671875, "text": "RT @VerbenaAster: Yass here we got OhmTu crumb \ud83d\ude2d \ud83d\ude2d I\u2019m just so excited when he mentioned Tu \ud83d\ude2d\ud83d\ude2d\ud83d\ude2d can\u2019t wait for 10 years ticket \n\n#OhmTu #to\u2026"}, {"author_id": 1352151057300742144, "id": 1495281925346369540, "text": "RT @caroledwine: Mood: eating cheesecake with my fingers and being jealous of the sink because I dropped the last crumb."}, {"author_id": 1287119274306404353, "id": 1495281676120850440, "text": "RT @supremevhs: IMAGINE being the miserable ass people who are like\u2026\n\nHalloween Kills HATED\n\nScream (2022) TERRIBLE\n\nTexas Chainsaw Massacr\u2026"}, {"author_id": 1250533494637420545, "id": 1495281416870920192, "text": "AYYY \ud83d\ude2d\ud83d\ude2d\ud83d\ude2d\ud83d\ude2d BTS AND YOASOBI CRUMB https://t.co/eg3a7BNS96"}, {"author_id": 1314809171628367874, "id": 1495281252563570689, "text": "ALSO YEONJUN AND RM crumb... ONE OF MY FAV SHOWS\ud83d\ude2d\ud83d\ude2d https://t.co/GZRvG6GEee"}, {"author_id": 1282385014223712262, "id": 1495281040335642625, "text": "You noticed how Pearson's had a bottle in his hand ever since we fled Blackwater? We give the camp cook five minutes to grab the essentials and go, and he doesn't even bring a crumb of food."}, {"author_id": 842312155, "id": 1495280986535387136, "text": "RT @supremevhs: IMAGINE being the miserable ass people who are like\u2026\n\nHalloween Kills HATED\n\nScream (2022) TERRIBLE\n\nTexas Chainsaw Massacr\u2026"}, {"author_id": 1330296157730385921, "id": 1495280752841293829, "text": "Just give them the smallest crumb of kindness or acknowledgement and they will throw themselves at you for breathing next to them."}, {"author_id": 1117858599462744067, "id": 1495280648315092993, "text": "If I don\u2019t finally shift or get one of my good boyfriend dreams Imma lose it when I wake up I\u2019m the morning. You hear me universe? Give me a fuckin CRUMB."}, {"author_id": 113514304, "id": 1495280365220417537, "text": "RT @blueeyesgreene: The distance between baking cookies before he comes over to just eating a bag of his favorite chips before he comes hom\u2026"}, {"author_id": 22195589, "id": 1495280317963321346, "text": "Here's how to tell if someone's stupid. Are they comparing Justin Trudeau to Adolf Hitler? There you go. I'm not saying Trudeau's a saint, but for the love of crumb cake. Think before you open your mouth."}, {"author_id": 1355079472035184643, "id": 1495280124303790082, "text": "Sungjae doing sanha's bbu bbu \ud83d\ude2d I'll take this as my btobxastro crumb \n https://t.co/gpSfZSCMtZ"}, {"author_id": 23368922, "id": 1495279713291763717, "text": "@parnellpalme @JCocktoast @smh Conservative women who maintain the status quo of disempowering women so they can receive a crumb, are deserving of criticism.\n\nYou attack women who hold other women to account for abusing or maintaining power structures which disadvantage other women"}, {"author_id": 14085873, "id": 1495279414514532360, "text": "max drazen, pls drop a single. just a CRUMB !"}, {"author_id": 1492801713937346564, "id": 1495279384013709314, "text": "@UnderTale can u please add crumb as a character? as like a bakery owner \ud83e\udd7a https://t.co/QXbFSNw3fc"}, {"author_id": 1338881606807932928, "id": 1495279012255387648, "text": "@cupTWOst go crumb https://t.co/JqqGRdMQ7B"}, {"author_id": 921361519559901184, "id": 1495278681698156544, "text": "RT @VerbenaAster: Yass here we got OhmTu crumb \ud83d\ude2d \ud83d\ude2d I\u2019m just so excited when he mentioned Tu \ud83d\ude2d\ud83d\ude2d\ud83d\ude2d can\u2019t wait for 10 years ticket \n\n#OhmTu #to\u2026"}, {"author_id": 772118532540604416, "id": 1495278464085245953, "text": "@cupTWOst Crumb your not alone I would also join too, this is just getting annoying at this point"}, {"author_id": 954792038, "id": 1495278292085067778, "text": "RT @VerbenaAster: Yass here we got OhmTu crumb \ud83d\ude2d \ud83d\ude2d I\u2019m just so excited when he mentioned Tu \ud83d\ude2d\ud83d\ude2d\ud83d\ude2d can\u2019t wait for 10 years ticket \n\n#OhmTu #to\u2026"}, {"author_id": 1457602304593793025, "id": 1495278251035426818, "text": "RT @VerbenaAster: Yass here we got OhmTu crumb \ud83d\ude2d \ud83d\ude2d I\u2019m just so excited when he mentioned Tu \ud83d\ude2d\ud83d\ude2d\ud83d\ude2d can\u2019t wait for 10 years ticket \n\n#OhmTu #to\u2026"}, {"author_id": 1492801713937346564, "id": 1495278072505192453, "text": "RT @wy_spers: She\u2019s glowin!! \nCrumb doodle :)\n#crumbfanart https://t.co/hO3dmHeHTv"}, {"author_id": 421432491, "id": 1495278025960607745, "text": "RT @JayJay91341991: @PRGuy17 Paul Murray another Murdoch crumb maiden.\ud83e\udd2e"}, {"author_id": 1182466985373794305, "id": 1495277842082545665, "text": "of all the posts to try to ratio ,,,, i was quote tweeting that tweet every day begging for a crumb of him like a whiff of hairspray anything https://t.co/a9drKdhead"}, {"author_id": 1672464782, "id": 1495277591540150275, "text": "RT @VerbenaAster: Yass here we got OhmTu crumb \ud83d\ude2d \ud83d\ude2d I\u2019m just so excited when he mentioned Tu \ud83d\ude2d\ud83d\ude2d\ud83d\ude2d can\u2019t wait for 10 years ticket \n\n#OhmTu #to\u2026"}, {"author_id": 1407891559488516098, "id": 1495277558627123205, "text": "RT @VerbenaAster: Yass here we got OhmTu crumb \ud83d\ude2d \ud83d\ude2d I\u2019m just so excited when he mentioned Tu \ud83d\ude2d\ud83d\ude2d\ud83d\ude2d can\u2019t wait for 10 years ticket \n\n#OhmTu #to\u2026"}, {"author_id": 1492801713937346564, "id": 1495277558400942083, "text": "RT @goldenchara: boxed in\n#generationlossfanart #crumbfanart \ngl!crumb by @omelettecandy https://t.co/ku3KzMHE5i"}, {"author_id": 1158451489, "id": 1495277545041784836, "text": "@stardustsvm just a crumb \ud83e\udd32"}, {"author_id": 1040453872806842369, "id": 1495277470219603968, "text": "RT @VerbenaAster: Yass here we got OhmTu crumb \ud83d\ude2d \ud83d\ude2d I\u2019m just so excited when he mentioned Tu \ud83d\ude2d\ud83d\ude2d\ud83d\ude2d can\u2019t wait for 10 years ticket \n\n#OhmTu #to\u2026"}, {"author_id": 1319274115249836045, "id": 1495277454025703426, "text": "RT @VerbenaAster: Yass here we got OhmTu crumb \ud83d\ude2d \ud83d\ude2d I\u2019m just so excited when he mentioned Tu \ud83d\ude2d\ud83d\ude2d\ud83d\ude2d can\u2019t wait for 10 years ticket \n\n#OhmTu #to\u2026"}, {"author_id": 1049593596809162752, "id": 1495277418981912578, "text": "RT @VerbenaAster: Yass here we got OhmTu crumb \ud83d\ude2d \ud83d\ude2d I\u2019m just so excited when he mentioned Tu \ud83d\ude2d\ud83d\ude2d\ud83d\ude2d can\u2019t wait for 10 years ticket \n\n#OhmTu #to\u2026"}, {"author_id": 911410279082205184, "id": 1495277394629853185, "text": "RT @VerbenaAster: Yass here we got OhmTu crumb \ud83d\ude2d \ud83d\ude2d I\u2019m just so excited when he mentioned Tu \ud83d\ude2d\ud83d\ude2d\ud83d\ude2d can\u2019t wait for 10 years ticket \n\n#OhmTu #to\u2026"}, {"author_id": 1492801713937346564, "id": 1495277143349432323, "text": "wholesome mother crumb https://t.co/gsamDCLkmS"}, {"author_id": 574988631, "id": 1495277046544568322, "text": "@vaivnvai AAAAAAAAAAAA OMG \ud83d\ude2d\ud83d\ude2d\ud83d\ude2d\ud83d\ude2d FINALLY A CRUMB!! THANK YOU!!!!!!!!"}, {"author_id": 21648921, "id": 1495276757389303814, "text": "@GinnyCPickles @an_feilding @psedoali @LetsFishSmarter Yep! Like \u201cwe made a crumb of progress. Let\u2019s shoot all our progress in the foot now and go back to square 1\u201d"}, {"author_id": 972937364, "id": 1495276747620765703, "text": "@mizdefiant @DeplorableNorth Hah! You\u2019re right about that! He\u2019s more of a crumb catcher than anything."}, {"author_id": 1450734326090399748, "id": 1495276734312185856, "text": "RT @sikhyefanatic: - \ud83e\uddc2 post\n- \ud83c\udf53 crumb\n- swoon sikhye post \n- 11street post \n \nALL of these happened in just ONE day for me bc of where i li\u2026"}, {"author_id": 1310814966971207680, "id": 1495276731531362305, "text": "RT @sikhyefanatic: - \ud83e\uddc2 post\n- \ud83c\udf53 crumb\n- swoon sikhye post \n- 11street post \n \nALL of these happened in just ONE day for me bc of where i li\u2026"}, {"author_id": 2935659938, "id": 1495276638778519556, "text": "RT @VerbenaAster: Yass here we got OhmTu crumb \ud83d\ude2d \ud83d\ude2d I\u2019m just so excited when he mentioned Tu \ud83d\ude2d\ud83d\ude2d\ud83d\ude2d can\u2019t wait for 10 years ticket \n\n#OhmTu #to\u2026"}, {"author_id": 1015674000029159425, "id": 1495276006365609984, "text": "Whooooo whooooo, not a crumb been mentioned, mind you neither has Canada https://t.co/NfPMjtxrep"}, {"author_id": 3196923198, "id": 1495275445373517825, "text": "crumb based"}, {"author_id": 1472416497574170629, "id": 1495275408778199041, "text": "RT @VerbenaAster: Yass here we got OhmTu crumb \ud83d\ude2d \ud83d\ude2d I\u2019m just so excited when he mentioned Tu \ud83d\ude2d\ud83d\ude2d\ud83d\ude2d can\u2019t wait for 10 years ticket \n\n#OhmTu #to\u2026"}, {"author_id": 1477597487858868229, "id": 1495275143639277571, "text": "RT @caroledwine: Mood: eating cheesecake with my fingers and being jealous of the sink because I dropped the last crumb."}, {"author_id": 1478553067851190273, "id": 1495274964987039745, "text": "RT @VerbenaAster: Yass here we got OhmTu crumb \ud83d\ude2d \ud83d\ude2d I\u2019m just so excited when he mentioned Tu \ud83d\ude2d\ud83d\ude2d\ud83d\ude2d can\u2019t wait for 10 years ticket \n\n#OhmTu #to\u2026"}, {"author_id": 559220359, "id": 1495274810594631683, "text": "RT @VerbenaAster: Yass here we got OhmTu crumb \ud83d\ude2d \ud83d\ude2d I\u2019m just so excited when he mentioned Tu \ud83d\ude2d\ud83d\ude2d\ud83d\ude2d can\u2019t wait for 10 years ticket \n\n#OhmTu #to\u2026"}, {"author_id": 1490176094418653188, "id": 1495274613416538112, "text": "RT @VerbenaAster: Yass here we got OhmTu crumb \ud83d\ude2d \ud83d\ude2d I\u2019m just so excited when he mentioned Tu \ud83d\ude2d\ud83d\ude2d\ud83d\ude2d can\u2019t wait for 10 years ticket \n\n#OhmTu #to\u2026"}, {"author_id": 818330961263742976, "id": 1495274593489014784, "text": "RT @VerbenaAster: Yass here we got OhmTu crumb \ud83d\ude2d \ud83d\ude2d I\u2019m just so excited when he mentioned Tu \ud83d\ude2d\ud83d\ude2d\ud83d\ude2d can\u2019t wait for 10 years ticket \n\n#OhmTu #to\u2026"}, {"author_id": 1492801713937346564, "id": 1495274140286464000, "text": "yo just cause crumb makes dsmp fanart doesnt mean she has to just do it https://t.co/tvdpZ5vNXu"}, {"author_id": 1334492818765619200, "id": 1495274067330404353, "text": "RT @VerbenaAster: Yass here we got OhmTu crumb \ud83d\ude2d \ud83d\ude2d I\u2019m just so excited when he mentioned Tu \ud83d\ude2d\ud83d\ude2d\ud83d\ude2d can\u2019t wait for 10 years ticket \n\n#OhmTu #to\u2026"}, {"author_id": 1457751614220283907, "id": 1495273712005758976, "text": "RT @sikhyefanatic: - \ud83e\uddc2 post\n- \ud83c\udf53 crumb\n- swoon sikhye post \n- 11street post \n \nALL of these happened in just ONE day for me bc of where i li\u2026"}, {"author_id": 1473174337943322632, "id": 1495273647799701505, "text": "RT @sikhyefanatic: - \ud83e\uddc2 post\n- \ud83c\udf53 crumb\n- swoon sikhye post \n- 11street post \n \nALL of these happened in just ONE day for me bc of where i li\u2026"}, {"author_id": 2200750548, "id": 1495273621379751938, "text": "My gym finally got a hip thrust machine???? Yea yall bout to see me get a crumb of ass !!"}, {"author_id": 1373547157882503169, "id": 1495273604262494216, "text": "@cupTWOst Crumb what happened where did you go why didn't u finish your sentence crumb crumb crumb!!!!!!!!!!!?!?!??"}, {"author_id": 248977424, "id": 1495273540072865792, "text": "RT @caroledwine: Mood: eating cheesecake with my fingers and being jealous of the sink because I dropped the last crumb."}, {"author_id": 1290968464266469377, "id": 1495273504073154565, "text": "@cupTWOst i obliterate all of them for you crumb"}, {"author_id": 1316989984604221440, "id": 1495273440055492608, "text": "RT @sikhyefanatic: - \ud83e\uddc2 post\n- \ud83c\udf53 crumb\n- swoon sikhye post \n- 11street post \n \nALL of these happened in just ONE day for me bc of where i li\u2026"}, {"author_id": 2589464654, "id": 1495272625194553344, "text": "@Alisa_crumb_NFT @hotasshilly DM us for promotion on 10K account\nWe have amazing results"}, {"author_id": 1410110896672808972, "id": 1495272497721315329, "text": "RT @VerbenaAster: Yass here we got OhmTu crumb \ud83d\ude2d \ud83d\ude2d I\u2019m just so excited when he mentioned Tu \ud83d\ude2d\ud83d\ude2d\ud83d\ude2d can\u2019t wait for 10 years ticket \n\n#OhmTu #to\u2026"}, {"author_id": 1414384130058448896, "id": 1495272482919837696, "text": "RT @halfpave: @cupTWOst this is the future of crumb ethan winters art https://t.co/8yYawlKwQI"}, {"author_id": 1261720538034118656, "id": 1495272104983420930, "text": "he was THE moment ate every single crumb of manbun eren i got like i haven\u2019t eaten in centuries\ud83d\ude35\u200d\ud83d\udcab https://t.co/KlZM4OomMP"}, {"author_id": 1239254255195783177, "id": 1495271296258789376, "text": "RT @wfreemantle: Just a crumb of cuddle\u2026I\u2019m starting to disappear \ud83d\ude14"}, {"author_id": 1427425812588884003, "id": 1495271170714734592, "text": "RT @newyeheadlines: Kanye essentially said \u201cI\u2019m giving you music, your going to stream it illegally, all those streaming services won\u2019t get\u2026"}, {"author_id": 360341291, "id": 1495271040611725318, "text": "\u201cI\u2019m the whole loaf he da bread crumb\u201d"}, {"author_id": 212895247, "id": 1495270987985989635, "text": "@theliverdr If the treatment of eye nerve damage is a crumb from your table, you should use the cake on your table and cure the same."}, {"author_id": 1024158217977253889, "id": 1495270981992009731, "text": "They ate and left nary a crumb https://t.co/9myRMMU2Zh"}, {"author_id": 1051350072963657728, "id": 1495270922973954049, "text": "ok i apologize thag was neither a crumb nor lip piercing the angle just got me bamboozled \ud83d\ude2d"}, {"author_id": 1475601154213965824, "id": 1495270762709909510, "text": "@LesStonehouse Crumb Maidens"}, {"author_id": 3116120941, "id": 1495270614122250241, "text": "Nothing left to do\nWhen you know that you've been taken\nNothing left to do\nWhen you're begging for a crumb\nNothing left to do\nWhen you've got to go on waiting\nWaiting for the miracle to come"}, {"author_id": 1028764313278799872, "id": 1495270418361446403, "text": "please... yoi season two... ice adolescence... a crumb pls https://t.co/R0MEJOtT49"}, {"author_id": 1051350072963657728, "id": 1495270392704892928, "text": "is that a crumb on his lip or a new piercing https://t.co/BOzphAuwrb"}, {"author_id": 1430636060955090957, "id": 1495270083974901762, "text": "\"i dont care if thats what you like what i like is to punch you in the face\" so true crumb cuptoast so true"}, {"author_id": 1384870485343625221, "id": 1495269778897862656, "text": "@cupTWOst GET EM CRUMB"}, {"author_id": 926230104828649472, "id": 1495269701877780488, "text": "RT @VerbenaAster: Yass here we got OhmTu crumb \ud83d\ude2d \ud83d\ude2d I\u2019m just so excited when he mentioned Tu \ud83d\ude2d\ud83d\ude2d\ud83d\ude2d can\u2019t wait for 10 years ticket \n\n#OhmTu #to\u2026"}, {"author_id": 1479368401277517824, "id": 1495269467525316613, "text": "RT @VerbenaAster: Yass here we got OhmTu crumb \ud83d\ude2d \ud83d\ude2d I\u2019m just so excited when he mentioned Tu \ud83d\ude2d\ud83d\ude2d\ud83d\ude2d can\u2019t wait for 10 years ticket \n\n#OhmTu #to\u2026"}, {"author_id": 996132354, "id": 1495269397081903107, "text": "@MuffysMusings @politicalham But this will be worth it\u2026 Making it tomorrow. \ud83d\ude03\n\nhttps://t.co/QVqHwX22rS"}, {"author_id": 1490374333759475716, "id": 1495269324822560768, "text": "@HOE4ROSE left not a single crumb\u2026 didn\u2019t even spare the plate"}, {"author_id": 852340777, "id": 1495269068336734210, "text": "@UltimaShadowX @OnTheDownLoTho waiting till the end of the event to get a crumb of new content for the dragon ball games i play"}, {"author_id": 1293598810334273539, "id": 1495269013231968256, "text": "@cupTWOst crumb do i have your permission to write \"seek help\" as a reply to all of these people"}, {"author_id": 1273056491201675266, "id": 1495268794314412035, "text": "johnmark crumb i kiss you op \ud83d\ude22\u2764\ufe0f https://t.co/57ua7FpzD5"}, {"author_id": 1435336868992675841, "id": 1495268753637998593, "text": "@JoyAnnReid Don\u2019t sit there and act like blacks don\u2019t do/say racist crap about whites and Asians and others, cause everyone knows so many of you do. All 1 need do is turn to IG, FB &amp; here under your threads along with Shaun King, Ben Crumb, Lee Merritt, Al Sharpton and so many more. #bigotry"}, {"author_id": 1389396282242834432, "id": 1495268713456488449, "text": "naur yall r annoying not everything is dsmp related literally crumb isnt even and hasnt ever been a dsmp fanartist. stop comparing shit that has nothing to do with mcyt to mcyt,, its annoying :/ https://t.co/XOyVR8MtFy"}, {"author_id": 1005984736123195392, "id": 1495268573102718976, "text": "@abbysiatkowski i GRACIOUSLY accept this crumb"}, {"author_id": 901818553971556352, "id": 1495268496891998209, "text": "RT @VerbenaAster: Yass here we got OhmTu crumb \ud83d\ude2d \ud83d\ude2d I\u2019m just so excited when he mentioned Tu \ud83d\ude2d\ud83d\ude2d\ud83d\ude2d can\u2019t wait for 10 years ticket \n\n#OhmTu #to\u2026"}, {"author_id": 1083329006269648897, "id": 1495268441430708228, "text": "RT @VerbenaAster: Yass here we got OhmTu crumb \ud83d\ude2d \ud83d\ude2d I\u2019m just so excited when he mentioned Tu \ud83d\ude2d\ud83d\ude2d\ud83d\ude2d can\u2019t wait for 10 years ticket \n\n#OhmTu #to\u2026"}, {"author_id": 952180155719368705, "id": 1495268346106769411, "text": "RT @VerbenaAster: Yass here we got OhmTu crumb \ud83d\ude2d \ud83d\ude2d I\u2019m just so excited when he mentioned Tu \ud83d\ude2d\ud83d\ude2d\ud83d\ude2d can\u2019t wait for 10 years ticket \n\n#OhmTu #to\u2026"}, {"author_id": 466851167, "id": 1495268145078038532, "text": "RT @dxryk: I\u2019m the whole loaf, he the bread crumb https://t.co/WM3DROrAHY"}, {"author_id": 1452578810860236804, "id": 1495267961828884481, "text": "@sikhyefanatic what\u2019s the \ud83c\udf53 crumb? \ud83e\udd7a"}, {"author_id": 1471933618092011526, "id": 1495267952253620225, "text": "RT @VerbenaAster: Yass here we got OhmTu crumb \ud83d\ude2d \ud83d\ude2d I\u2019m just so excited when he mentioned Tu \ud83d\ude2d\ud83d\ude2d\ud83d\ude2d can\u2019t wait for 10 years ticket \n\n#OhmTu #to\u2026"}, {"author_id": 3383624386, "id": 1495267847974514692, "text": "@cupTWOst Crumb has had enough, y'all"}, {"author_id": 715286350400983045, "id": 1495267783927549956, "text": "@macaiyla This is probably the most shocking story in LCS history, completely out of nowhere without a single crumb of explanation. So many people were excited for this team and it\u2019s all gone in an instant. People have the right to be upset and demand answers."}, {"author_id": 895433934812594177, "id": 1495267660262563840, "text": "FINALLY A REAL TRSRPINK CRUMB \ud83d\ude2d\ud83d\ude2d https://t.co/95kLebVuCD"}, {"author_id": 502097960, "id": 1495267558664327169, "text": "@LettersFromOz @bushplato It\u2019s the little crumb that\u2019s thrown at the citizens to appease them for now."}, {"author_id": 1375262010556956673, "id": 1495267385896493061, "text": "RT @Blueheart1789: \"If I had the opportunity to take back the value I gave to people, I would not leave even a crumb for some people.\"\u2026"}, {"author_id": 2660335880, "id": 1495267345442480130, "text": "Crumb is still a content creator that makes their own art and streams!! Just bc they\u2019re associated with mcyt bc of people they enjoy being friends with. DOESNT MEAN YOU HAVE TO COMPARE THEIR ART AND OTHER PROJECTS. TO MCYT. JUST BE RESPECTFUL"}]