[{"author_id": 1910607955, "id": 1495280447953252352, "text": "South Africa: The Lockdown We Must Never Forget. https://t.co/v8nqqKkvib via @YouTube Cry the Beloved Country #VoetsekANC"}, {"author_id": 21112073, "id": 1495277355958423553, "text": "RT @NextOnTCM: CRY, THE BELOVED COUNTRY (1952) Canada Lee, Sidney Poitier, Charles Carson. Dir: Zoltan Korda 2:00 AM ET \n\nA South African m\u2026"}, {"author_id": 278222169, "id": 1495277091318816769, "text": "CRY, THE BELOVED COUNTRY (1952) Canada Lee, Sidney Poitier, Charles Carson. Dir: Zoltan Korda 2:00 AM ET \n\nA South African minister travels to Johannesburg to find his missing son.\n\n1h 40m | Drama | TV-14 https://t.co/aDfyoLUFMI"}, {"author_id": 3125208149, "id": 1495277090962395142, "text": "CRY, THE BELOVED COUNTRY (1952) Canada Lee, Sidney Poitier, Charles Carson. Dir: Zoltan Korda 11:00 PM PT \n\nA South African minister travels to Johannesburg to find his missing son.\n\n1h 40m | Drama | TV-14 https://t.co/i9gYFsVEuI"}, {"author_id": 1006402392, "id": 1495275597974679555, "text": "@JoburgMPD @CityofJoburgZA @CoJPublicSafety @mphophalatse1 @David_S_Tembe @MmcPublicSafety @AngieMokasi @Abramjee @GP_CommSafety @SAPoliceService We honestly need and cry for the death panelty to returned  . We cannot carry on like this, day in and day out . We loosing our beloved country to these ruthless people \ud83d\ude2d"}, {"author_id": 28055175, "id": 1495272576486096897, "text": "Slightly torn between watching \u201cCry the Beloved Country\u201d on TCM after this or continuing the Sir Sidney Poitier romantic drama vibes with \u201cParis Blues\u201d(https://t.co/uvKpmnQOIR) before bed \ud83e\udd14#TCMParty"}, {"author_id": 1433004762954338310, "id": 1495252253590102020, "text": "@MorningLiveSABC @SimzNcongwane @LeboThinane Avuxeni Simz and Lebza...cry the beloved country,daily transport and food wil be expensive nothing we cant do@Diepkloof\n..."}, {"author_id": 53134319, "id": 1495248426342092803, "text": "There are nations where to fetch 1 student, govt runs loss making trains &amp; buses for years. In my country, 1000s are thrown out for a tiny piece of cloth they wear.\nCry my beloved country, cry, for nothing portends the end is nigh, than desperate tears of innocent students\n#hijab"}, {"author_id": 1161839904386691073, "id": 1495218077042155532, "text": "RT @Lauren66793666: #BOTD 1927 \u2013 2022 Sidney Poitier, 94, Bahamian-US actor, director. \n\nNo Way Out (1950) * Cry, the Beloved Country * Bla\u2026"}, {"author_id": 1187282506124529664, "id": 1495214598873657346, "text": "RT @Lauren66793666: #BOTD 1927 \u2013 2022 Sidney Poitier, 94, Bahamian-US actor, director. \n\nNo Way Out (1950) * Cry, the Beloved Country * Bla\u2026"}, {"author_id": 1187282506124529664, "id": 1495179874050490370, "text": "#BOTD 1927 \u2013 2022 Sidney Poitier, 94, Bahamian-US actor, director. \n\nNo Way Out (1950) * Cry, the Beloved Country * Blackboard Jungle * Edge of the City * Defiant Ones (OscarNom) * Porgy and Bess * All the Young Men * A Raisin in the Sun * Lilies of Field (1963 Oscar Best Actor) https://t.co/mfoVAhrf61"}, {"author_id": 474469135, "id": 1495164713864470531, "text": "@ClareSealy @BenPurkert His other, more well-known book, Cry The Beloved Country, also has a beautiful opening paragraph, first three or four paragraphs. I still remember one line even though I read it probably 40 years ago: \"And the hills are lovely beyond any singing of it.\""}, {"author_id": 1383560182924333056, "id": 1495157745015996416, "text": "RT @Barkiologist: Hey, old school film buffs!!!\ud83d\udce2\nit\u2019s Sidney Poitier Spotlight on TCM. Set your DVR. Starts tonight\nIn the Heat of the Nigh\u2026"}, {"author_id": 18451397, "id": 1495152248267194375, "text": "The great Canada Lee - Wikipedia  #Lifeboat on \u2066@criterionchannl\u2069 Leaves 2/28 Final role, Cry the Beloved Country with #SidneyPoitier \u2066@tcm\u2069 tomorrow/tonight at 2 a.m. #blacklist #PaulRobeson  https://t.co/fRuejztXNE"}, {"author_id": 890920500247109632, "id": 1495130557180792835, "text": "@nickmangwana @psczimbabwe The whole of a minister unashamedly report such cock and a bull story, cry my beloved country"}, {"author_id": 466101468, "id": 1495128144927289344, "text": "RT @Barkiologist: Hey, old school film buffs!!!\ud83d\udce2\nit\u2019s Sidney Poitier Spotlight on TCM. Set your DVR. Starts tonight\nIn the Heat of the Nigh\u2026"}, {"author_id": 1258522333666402305, "id": 1495116876401111040, "text": "@JaniceFiamengo Many are in shock around the world I believe. In Australia we always thought of Canada as an exemplar. We have so much in common and it is so sad. Cry, your beloved Country."}, {"author_id": 904497300034158594, "id": 1495112614640291841, "text": "RT @Barkiologist: Hey, old school film buffs!!!\ud83d\udce2\nit\u2019s Sidney Poitier Spotlight on TCM. Set your DVR. Starts tonight\nIn the Heat of the Nigh\u2026"}, {"author_id": 22937107, "id": 1495098431471300617, "text": "RT @Barkiologist: Hey, old school film buffs!!!\ud83d\udce2\nit\u2019s Sidney Poitier Spotlight on TCM. Set your DVR. Starts tonight\nIn the Heat of the Nigh\u2026"}, {"author_id": 1082434393262571520, "id": 1495087391995879424, "text": "Hey, old school film buffs!!!\ud83d\udce2\nit\u2019s Sidney Poitier Spotlight on TCM. Set your DVR. Starts tonight\nIn the Heat of the Night\nThe Defiant Ones\nA Warm December\nCry, Beloved Country\nSomething of Value\nTo Sir, with Love\nPatch of Blue\nLillies of the field \nand many more"}, {"author_id": 1286713034031927297, "id": 1495059515699609603, "text": "@nickmangwana @ZBCNewsonline And its coming fr u PS who has been in a functional democtracy 4 more than a decade. If thats nt enough...u just need to read the constitution to know that most things us defend are unconstitutional. Cry my beloved country...they died in vain at Nyadzonya @Jamwanda2 @edmnangagwa"}, {"author_id": 1214879709609299969, "id": 1495044020531257345, "text": "RT @helenzille: @IOL A chicken in every pot, an EFF member in every home.  Cry the beloved country."}, {"author_id": 1478615799992619009, "id": 1495008735613304837, "text": "RT @helenzille: @IOL A chicken in every pot, an EFF member in every home.  Cry the beloved country."}, {"author_id": 17922410, "id": 1495001687295156228, "text": "RT @tmzinnen: May I borrow from Alan Paton:\n\"Cry, The Beloved Country\""}, {"author_id": 41341705, "id": 1494994740437266438, "text": "RT @helenzille: @IOL A chicken in every pot, an EFF member in every home.  Cry the beloved country."}, {"author_id": 220777855, "id": 1494955683434930179, "text": "RT @helenzille: @IOL A chicken in every pot, an EFF member in every home.  Cry the beloved country."}, {"author_id": 1468804882379558915, "id": 1494939887941861376, "text": "@GaytonMcK Cry the beloved country! Destroying SA jobs!"}, {"author_id": 1283472044672331777, "id": 1494939418108604416, "text": "@ttgono @JMafume @hwendec This is the legacy of Zanupf cry my beloved country. https://t.co/3sR6XM6CRO"}, {"author_id": 1491327062703067141, "id": 1494915044290801664, "text": "cry the beloved country.. this is a prophecy i received the first time i went to rehab, in hope &amp; beyond.. the country Uganda is pregnant with something, that something is dead. Uganda has to give birth to that dead thing, which has to rot, and out of this something new will rise"}, {"author_id": 1153457474734870529, "id": 1494912329208803330, "text": "RT @Hlarediahloga: @helenzille @IOL \"Cry the beloved country? \" is it no longer your country these days? Do you have 2 passports? Did they\u2026"}, {"author_id": 353103326, "id": 1494910321303203847, "text": "RT @GunnerAfrican: @WilliamsRuto @CPA_kemboi Their are thousands of GSU to arrest Oscar Kipchumba Sudi because of his education( fake paper\u2026"}, {"author_id": 231738908, "id": 1494909328247205889, "text": "@TonyMurega Cry my beloved country, for the government is eating its people."}, {"author_id": 24949848, "id": 1494907735560921090, "text": "The state is a failed broken entity.\nLook around \nNothing the state runs functions\nCorruption nepotism lazy and unaccountable staff.\nNow the tax base has shrunk to beyond acceptable limits\n\nCRY THE BELOVED COUNTRY\n#SouthAfrica"}, {"author_id": 24949848, "id": 1494907511878692864, "text": "The state is a failed broken entity.\nLook around \nNothing the state runs functions\nCorruption nepotism lazy and unaccountable staff.\nNow the tax base has shrunk to beyond acceptable limits\n\nCRY THE BELOVED COUNTRY"}, {"author_id": 460178620, "id": 1494903075559063554, "text": "@WilliamsRuto @CPA_kemboi Their are thousands of GSU to arrest Oscar Kipchumba Sudi because of his education( fake papers) but can't protect our school kids! So sad\ud83d\ude2d\ud83d\ude2d\ud83d\ude2d\n\nCS INTERIOR Fred Matiang'i ODERS FOR THE ARREST OF THE SCHOOL PRINCIPAL TOT INSTEAD OF THE BANDITS\n\nCry my beloved country\ud83d\ude2d\ud83d\ude2d\ud83d\ude2d\ud83d\ude2d"}, {"author_id": 1142967755639013378, "id": 1494888894994817029, "text": "RT @gooseyluc: Sad lessons of the last 2 yrs: you can no longer trust your Justice System, LE, Doctors, Govt, Elections, Bankers, Media, Ed\u2026"}, {"author_id": 254871195, "id": 1494882321597714434, "text": "May I borrow from Alan Paton:\n\"Cry, The Beloved Country\" https://t.co/H116MdcU7C"}, {"author_id": 2152381201, "id": 1494880343811256320, "text": "RT @gooseyluc: Sad lessons of the last 2 yrs: you can no longer trust your Justice System, LE, Doctors, Govt, Elections, Bankers, Media, Ed\u2026"}, {"author_id": 1402395119333089287, "id": 1494875358922829827, "text": "RT @gooseyluc: Sad lessons of the last 2 yrs: you can no longer trust your Justice System, LE, Doctors, Govt, Elections, Bankers, Media, Ed\u2026"}, {"author_id": 1292873586898870273, "id": 1494873977499619328, "text": "@Motho_Wa_Modimo @John_Hlatse So sad, and we expect other nations to take us seriously? No word from so called revolutionary unions. How can you kill and destroy other people\u2019s property like that in the name of the strike! Cry the beloved country."}, {"author_id": 35583219, "id": 1494870089169915906, "text": "Sad lessons of the last 2 yrs: you can no longer trust your Justice System, LE, Doctors, Govt, Elections, Bankers, Media, Educators and most sad of all - some of your own family. \n\nCry the Beloved Country. https://t.co/setumV1lch"}, {"author_id": 163556185, "id": 1494780560245469184, "text": "RT @TomHarry1878: @ewnreporter @_NMabaso This country is a lost cause.\n\nA whole minister of health involved in a corruption scandal in the\u2026"}, {"author_id": 509173255, "id": 1494769460850442244, "text": "@Abramjee Cry the beloved country...what sort of a disgusting depraved unprincipled society have we become?!"}, {"author_id": 1438953935159574536, "id": 1494763690175959040, "text": "@TakaTina1 She is convicted,what happened to the incompetent person that deposited the money to her account.\nCry my beloved country"}, {"author_id": 60498366, "id": 1494762252146257921, "text": "RT @helenzille: @IOL A chicken in every pot, an EFF member in every home.  Cry the beloved country."}, {"author_id": 215192010, "id": 1494760558012342273, "text": "@helenzille @IOL \"Cry the beloved country? \" is it no longer your country these days? Do you have 2 passports? Did they give you ancestral visa in Europe?"}, {"author_id": 1257721906545012740, "id": 1494758251069591555, "text": "RT @helenzille: @IOL A chicken in every pot, an EFF member in every home.  Cry the beloved country."}, {"author_id": 1441474655655645187, "id": 1494756030198292481, "text": "Msholozi \ud83d\udd25\ud83d\udd25 cry the beloved country for our hero is percecuted in post democratic south africa, the very same country he fought for, the very oppressors he fought against, today they want to see Msholozi destroyed, you can never extinguish an uncontrollable flame. Nxamala https://t.co/0PSE9Cc2hQ"}, {"author_id": 1083029841123917825, "id": 1494754371002941450, "text": "Cry my beloved country!!!!!!! You see when I tell peeps I hate ZanuPF to the core. This is what I mean  ! https://t.co/0fJYaIWCtH"}, {"author_id": 1294623043210350592, "id": 1494753336771452934, "text": "RT @Cheetahplains: South Africa has gone to the dogs. Julius Malema is very unethical and shouldn't be in the Ethics and Members Interests\u2026"}, {"author_id": 1111318342529400832, "id": 1494752348543070214, "text": "RT @helenzille: @IOL A chicken in every pot, an EFF member in every home.  Cry the beloved country."}, {"author_id": 1294285476350877696, "id": 1494750833644294145, "text": "RT @helenzille: @IOL A chicken in every pot, an EFF member in every home.  Cry the beloved country."}, {"author_id": 2157350385, "id": 1494749780043517961, "text": "RT @helenzille: @IOL A chicken in every pot, an EFF member in every home.  Cry the beloved country."}, {"author_id": 501491792, "id": 1494749082459336707, "text": "Cry, the Beloved Country"}, {"author_id": 945054602617151488, "id": 1494743498440032259, "text": "@ewnreporter @_NMabaso This country is a lost cause.\n\nA whole minister of health involved in a corruption scandal in the middle of a global pandemic and everything just goes on. Not even an investigation into it.\n\nCry my beloved country"}, {"author_id": 1388523776862822404, "id": 1494741261013692421, "text": "@BonganiBaloyiBB And this is a definition of conducive environment according to the anc,Cry the beloved country."}, {"author_id": 1484523924683739139, "id": 1494738686956744707, "text": "@helenzille @IOL Cry the beloved country if whites gets permanent power to lead through Cyril... We've overthrown white rule in South Africa because white people just can't lead an African Nation... https://t.co/eZ1LJLbZ8r"}, {"author_id": 935054913381552129, "id": 1494737321853431812, "text": "Cry my beloved country, the impoverished police don't know that a change means better living conditions for their families too \ud83d\ude22 \ud83d\udc94 https://t.co/FunJrx7SBD"}, {"author_id": 887257772, "id": 1494733781131051019, "text": "@freep Cry, The Beloved Country"}, {"author_id": 587253694, "id": 1494730228710711304, "text": "RT @helenzille: @IOL A chicken in every pot, an EFF member in every home.  Cry the beloved country."}, {"author_id": 337554845, "id": 1494729198858084362, "text": "RT @helenzille: @IOL A chicken in every pot, an EFF member in every home.  Cry the beloved country."}, {"author_id": 33217691, "id": 1494727694084460546, "text": "RT @helenzille: @IOL A chicken in every pot, an EFF member in every home.  Cry the beloved country."}, {"author_id": 1180723799160999936, "id": 1494726092804046864, "text": "@ZECzim If u want us to atleast believe what u peport to be the ryt nd correct position WHAT IS THE RESULT FOR 2018 ELECTIONS? \nAnd explain yr answer since u ar going to pik one from the three RESULTS that u gave for one ELECTION totangira ipapo\nCry my beloved country cry"}, {"author_id": 20521828, "id": 1494725487880544265, "text": "@IOL A chicken in every pot, an EFF member in every home.  Cry the beloved country."}, {"author_id": 859056437619720192, "id": 1494691325354070019, "text": "@NdunaDexter1 @advocatemahere @ZECzim Zanupf holigans in yellow are coming in now to disrupt the rally. Coz the ground is created by risipo. Cry my beloved country"}, {"author_id": 1261945724100579328, "id": 1494677222422163458, "text": "@zanupf_patriots Other countried are blessed with honest, sincere, democratic, principled, democratic, leaders who dont lack probity. Cry, the beloved Country.\n#ZanuPFMustGo https://t.co/ODtTWMTfRl"}, {"author_id": 246792041, "id": 1494666440166846467, "text": "@HermanMashaba @Lesufi @ElijahMhlanga such a sad case yet these schools get the bulk of the budget compared to quintile 5-7 schools. There is absolutely nothing for the children to look forward to in an Anc run government.. Cry the beloved country \ud83d\ude22"}, {"author_id": 1431304090315804687, "id": 1494654054013849601, "text": "@WendyCrause @JackD157 So so sad and devastating for our country.\nCry the beloved country (maybe not so beloved anymore?)."}, {"author_id": 1085166975993688064, "id": 1494619240086884353, "text": "Cry my beloved country!!\nWhilst our president calls us \"right wingers\" for requesting for the country to be returned to the rule of law \ud83d\udc94\nWoza 2024! \n#PutSouthAfricansFirst\n#WeWantOurCountryBack https://t.co/WxdnIC3640"}, {"author_id": 4226325544, "id": 1494587538283114548, "text": "RT @mike19461117: @rinmor @alechogg I love SA and would really like a swallow type life - 6 months / 6 months. - The SA 6 months will be in\u2026"}, {"author_id": 3027978136, "id": 1494586644678258698, "text": "@kgotso_P_S My son I really wish I could lend a hand. I'm also a pensioner who's got a water bill of R28 000 from @eThekwiniM . My meter got stolen cause of the high crime in my area and that's when my problems began. Cry the beloved country after teaching for 40 years in rural areas"}, {"author_id": 827314154, "id": 1494550566306996225, "text": "RT @mike19461117: @rinmor @alechogg I love SA and would really like a swallow type life - 6 months / 6 months. - The SA 6 months will be in\u2026"}, {"author_id": 2510739927, "id": 1494547097428938763, "text": "@rinmor @alechogg I love SA and would really like a swallow type life - 6 months / 6 months. - The SA 6 months will be in CT, which appears to be the ONLY PROPERLY functioning city in SA sadly! \ud83d\ude22\ud83d\ude22\n\nCry the beloved country"}, {"author_id": 182838560, "id": 1494542017434640412, "text": "RT @Netsai83170333: How do you feel when you such schools with the looting going on unquestioned? Zimbabwe deserves better \ud83d\ude2d\ud83d\ude2d\ud83d\ude2dCRY MY BELOVE\u2026"}, {"author_id": 1419879988116041729, "id": 1494540153129426964, "text": "Are we being sold out here? Cry the beloved country https://t.co/Mh65CIhy1e"}, {"author_id": 517448637, "id": 1494536345859022849, "text": "RT @Cheetahplains: South Africa has gone to the dogs. Julius Malema is very unethical and shouldn't be in the Ethics and Members Interests\u2026"}, {"author_id": 4120725519, "id": 1494413652006428677, "text": "@IsaacSsemakadde Unfortunately,  people are cheering up the lad! Cry my beloved country cry!"}, {"author_id": 4858125563, "id": 1494409787085361155, "text": "@jvnaidoo1 Rolling black-outs, water forever off, huge potholes, long grass everywhere creating dangerous driving conditions, street lights not working, Dump burning creating toxic air, filth and more filth. PMB, city of choice\ud83d\ude2b\ud83d\ude2bcry the beloved country."}, {"author_id": 1207012186515746821, "id": 1494400922079870980, "text": "@AgborNkonghoF Recruitment was based on merit, please. Cry the beloved country."}, {"author_id": 462794859, "id": 1494396756989198337, "text": "Cry the beloved country https://t.co/pmpppDypE4"}, {"author_id": 574545519, "id": 1494384527413846017, "text": "@ewnreporter Cry the Beloved Country"}, {"author_id": 1037360784, "id": 1494364617346367493, "text": "RT @africannovelbot: \u201cThere is a hard law. When an injury is done to us, we never recover until we forgive. \u201d  - Alan Paton (Cry, The Belov\u2026"}, {"author_id": 133481625, "id": 1494347618649927681, "text": "...Steinbeck\n2. To Kill A Mockingbird by Harper Lee \n3. Old Man and the Sea by Hemingway\n4. Fahrenheit 451 by Ray Bradbury\n5. Cry, the Beloved Country by Alan Paton \n\nIt's hard to remember what I read for school &amp; read for love of reading.\n2/2"}, {"author_id": 715963308159995904, "id": 1494337596888997891, "text": "@Abramjee Cry the beloved Country!! I wonder if that useless Bheki Cele has visited the victims Family? \ud83d\ude33\ud83d\ude22"}, {"author_id": 817394846159798275, "id": 1494319996448780294, "text": "@aahales Hannah Coulter\nCry, The Beloved Country\nThe Giver"}, {"author_id": 3632251336, "id": 1494306198690189313, "text": "RT @tebza1004: @CityPowerJhb 33 hours later ? Really ,what is the problem. Our food has gone off and  all non perishables that requires to\u2026"}, {"author_id": 1450785990000488450, "id": 1494284433070903300, "text": "RT @BMkwebu: @zimlive Would they have failed if it was a peaceful CCC meeting? They are failing when investigating death, and those obstruc\u2026"}, {"author_id": 706460609, "id": 1494283625344299009, "text": "@zimlive Would they have failed if it was a peaceful CCC meeting? They are failing when investigating death, and those obstructing the course of justice go scot free. Cry our beloved country"}, {"author_id": 1354756374094368770, "id": 1494275570837901312, "text": "@CityPowerJhb 33 hours later ? Really ,what is the problem. Our food has gone off and  all non perishables that requires to  be refrigerated. We are unemployed and now must throw away food\ud83d\ude2d\ud83d\ude2d\ud83d\ude2dcry my beloved country. @ministergwedemantashe @tebza1004 @PresidencyZA @ministerofenergy"}, {"author_id": 78616892, "id": 1494266111835189250, "text": "@mtnug @MinofHealthUG The sad thing is the publicity budget &amp; organization of the launch event is probably larger than the cost of the toilet aka sanitary facility\n\nHow low #Uganda has sunk\n\nCry my beloved country"}, {"author_id": 819512576388243458, "id": 1494249736643170306, "text": "RT @Cheetahplains: South Africa has gone to the dogs. Julius Malema is very unethical and shouldn't be in the Ethics and Members Interests\u2026"}, {"author_id": 1390761518904512516, "id": 1494226215497973760, "text": "When platforms are given to abusere,Mohale is not Somizi only victim and many people do not know the Somizi pre 2010 world cup,Cry my beloved country.\ud83d\ude2d"}, {"author_id": 812898346344075265, "id": 1494212627026825217, "text": "Oh that's y it got hiped criticism to an extent of the Kenyan envoy to DRC apologises on behalf of of Kenya. Wen will this truth b spread to citizenry. Cry my beloved country https://t.co/yMk6Av3Xnt"}, {"author_id": 1171415972735082502, "id": 1494212000162979840, "text": "@Nqokhondlo Cry the beloved Country"}, {"author_id": 26327435, "id": 1494199892843061248, "text": "@TomiRikhotso Cry, the beloved country."}, {"author_id": 154215462, "id": 1494185531101618178, "text": "RT @Cheetahplains: South Africa has gone to the dogs. Julius Malema is very unethical and shouldn't be in the Ethics and Members Interests\u2026"}, {"author_id": 1409233132155506690, "id": 1494182183417925634, "text": "RT @SeapointO: ...Cry the beloved country. \ud83d\ude2d\ud83d\ude2d\ud83d\ude2dJust horrific to the core!!! https://t.co/tRjoEQVZ9Q"}]