[{"author_id": 1147008714, "id": 1495268928976678914, "text": "@NickAdamsinUSA Curdled milk."}, {"author_id": 1253314414347943937, "id": 1495254240654241793, "text": "My bones are curdled. Peak cringe. Found my glasses tho"}, {"author_id": 1165782308328235008, "id": 1495237953538383882, "text": "@mmpadellan In some parts of the world, curdled milk is the goal. \ud83e\udd37\u200d\u2640\ufe0f"}, {"author_id": 1284574802334953472, "id": 1495228167442911234, "text": "@mmpadellan Toss, toss, toss and don't look back. \n\nI was traumatized as a child when our mom, the original penny pincher, insisted any milk that wasn't curdled was fine to drink. \n\nEven the thought of sniffing into a carton of milk makes me gag."}, {"author_id": 1269792622652141568, "id": 1495219609162727429, "text": "@sarahliz2018 Sarah, it *curdled* and smelled so bad"}, {"author_id": 1019098768334098432, "id": 1495210587835420672, "text": "@heyJTK It would have to be Leip\u00e4juusto (pronounouced LAY-paa-Yoo-stow; also called \u201csqueaky cheese\u201d), a Finnish-style fresh cheese made with colostrum, or with whole milk. It's curdled, pressed, and then baked."}, {"author_id": 47529168, "id": 1495203759642787847, "text": "RT @FrenchRainez: @notcapnamerica That ol' meemaw-ms.millie days missing piece of rotted snatch heaux... is a recipe stealing, cheap pot ma\u2026"}, {"author_id": 1250894593354317825, "id": 1495202418291732482, "text": "@NickAdamsinUSA All curdled. Ew"}, {"author_id": 225911564, "id": 1495200213245509635, "text": "@BigDirtyFry I once added Baileys to such a concoction, which curdled and then stuck to the bits of orange from my Club mixer. Tasted great though!"}, {"author_id": 1096510105561059328, "id": 1495198973216370690, "text": "Dairy milk has curdled."}, {"author_id": 1329307377930174466, "id": 1495196616319328259, "text": "@justicejameson this morning: you can\u2019t make cheese out of the hot milk that accidentally curdled while waiting for cream of wheat\nme, armed with a lemon, a discarded bread bag and a paring knife: I made paneer with a butthole https://t.co/WBT81S9YHJ"}, {"author_id": 1323365352433045504, "id": 1495196210541457410, "text": "@notcapnamerica That ol' meemaw-ms.millie days missing piece of rotted snatch heaux... is a recipe stealing, cheap pot making, curdled milk smelling, melanemic parasite. With her wilted cauliflower looking ass.\nFuck Paula Deen! https://t.co/D6t65B9eT7"}, {"author_id": 1482612046029996032, "id": 1495191185140301825, "text": "@icybmi no sophia you don\u2019t understand i have a fear of milk like sometimes i\u2019ll be like Omg i want a cold glass of milk BUT MY BRAIN ENVISIONS the chunky curdled milk or the slimy milk ITS SO FUCKING GROSS I HATE MY BRAIN"}, {"author_id": 793870122960248832, "id": 1495187922215051265, "text": "@AdamKinzinger Pence is white milk. Seemingly harmless,intolerant to many. He sits in the dark on the shelf waiting for the light to flicker on. The situation is souring each day.He\u2019s going to leave this god-awful lingering smell of curdled milk in your fridge."}, {"author_id": 635341364, "id": 1495176369759834126, "text": "\"High camp Italo-disco mutations from San Fran\u2019s mainman Bezier, dripping with grandiose and curdled synth arrangements, and powered by restless machine rhythms\" https://t.co/sXaaRd8hDl"}, {"author_id": 1432677396466049026, "id": 1495176004343672845, "text": "@NickAdamsinUSA That\u2019s why she looks curdled"}, {"author_id": 1298332004497457153, "id": 1495173654782615558, "text": "@mothwxngs NO NO WHAT HAPPENED WAS IS THAT I POURED MILK INTO A FLAVOURED TEA AND THE MILK INSTANTLY CURDLED AND BECAUSE I PUT A LID ON IT I DIDNT NOTICE"}, {"author_id": 2917968139, "id": 1495167174146621443, "text": "@karleeholmes Hello, I'm sorry to hear that you received a Cold Coffee with curdled Sweet Cream, I would be concerned if that happened to me. I would like to look into this. Could you please send me a DM with info on what drink you ordered? Thank you -Rachael https://t.co/gOy521Fj9l"}, {"author_id": 583212412, "id": 1495166861629177858, "text": "@TheLakeGuy55 gorgeous gorgeous girls love being called curdled"}, {"author_id": 89324879, "id": 1495166657467199496, "text": "@mmpadellan My sil bought over some canned pina colada and the milk was curdled.   Yeeeuuwwww!!!"}, {"author_id": 306908440, "id": 1495160269705822209, "text": "@mmpadellan I pour a little in the sink to see if it's curdled and then sniff it."}, {"author_id": 18399743, "id": 1495160078940315651, "text": "@DonnaLeigh5557 Happy Anniversary! \ud83e\udd70\ud83c\udf89Delete the DM and block the curdled tw@t who sent it to you."}, {"author_id": 896754010962767872, "id": 1495156449084948482, "text": "@NickAdamsinUSA SOUR AND CURDLED"}, {"author_id": 1452720465030615043, "id": 1495155406590599176, "text": "@NickAdamsinUSA Curdled milk."}, {"author_id": 1951066710, "id": 1495151096775405569, "text": "I'm afraid the \"boobs titted about breastily\" jokes have been curdled and milked to death."}, {"author_id": 1426299455540797445, "id": 1495149115222675458, "text": "@NickAdamsinUSA @Cindy62361052 you got that right...curdled and putrid"}, {"author_id": 933120704056356864, "id": 1495147548734017541, "text": "@mmpadellan Sniff test. If it's iffy, it can still be used for baking. If it's curdled, the LGD doesn't care - she loves it."}, {"author_id": 2713628120, "id": 1495147056054226953, "text": "@mmpadellan Toss it. Drinking curdled milk causes instant vomit lol"}, {"author_id": 532166320, "id": 1495145836228972545, "text": "@NickAdamsinUSA \ud83d\ude02 She's curdled."}, {"author_id": 1470517936104230914, "id": 1495143371278454784, "text": "@mmpadellan I\u2019ve had milk go bad before the expiration date and some last a bit longer. If it isn\u2019t sour/curdled, I\u2019ll keep it around. Hopefully I use it before that happens.\n\nAside, why do people think this question is the place to push their alternatives?"}, {"author_id": 1105144641572167680, "id": 1495143365557383169, "text": "If it's not curdled I use it. https://t.co/gXxlFpSjiC"}, {"author_id": 743796848, "id": 1495139782338527233, "text": "RT @evangelainy: Harry, dear boy, don't be ridiculous! Despite my rather corpulent and triangular appearance, I can assure you, I did not e\u2026"}, {"author_id": 1414419752118800385, "id": 1495133279888064512, "text": "\"Job 10:10 Hast thou not poured me out as milk, and curdled me like cheese?\n\" #Biblia https://t.co/DtWtNiyxA1"}, {"author_id": 832348758960697344, "id": 1495129071717597187, "text": "@NickAdamsinUSA Curdled milk! https://t.co/AXHTThVvBw"}, {"author_id": 888943146045919232, "id": 1495128450213953536, "text": "@mmpadellan I don't have a sense of smell so I usually give it a day or so before tossing it. Unless that shit comes out the glass curdled. Then it's gone"}, {"author_id": 1002664213997813760, "id": 1495127293081305088, "text": "@TraceyM0802 @mmpadellan Know you meant sniff but gave me a weird thought. If it\u2019s stiff it\u2019s curdled beyond sniffing"}, {"author_id": 1454351760072470528, "id": 1495117122971656196, "text": "Mighty strength indeed. His blood flowed with that of the Sisters, too. Altair met his gaze, teasing eyes now staid, and Nasir knew what his half brother\u2019s next words would be. They curdled in his stomach."}, {"author_id": 1362055478813945859, "id": 1495116906415550465, "text": "'Clint, Clint, Clint,' Loki says, and he's wearing a suit now, deep green and well-pressed, a scarf hanging from his neck. Clint hates the sound of his own name on this tongue, curdled with hate, with disdain, with something that might be called intent."}, {"author_id": 3282833292, "id": 1495113730635542535, "text": "My curdled brain processed this as Blink 182 for a split second. https://t.co/XGEe533KCI"}, {"author_id": 832104869179822080, "id": 1495112807876120577, "text": "@mmpadellan Sniff and check if it curdled"}, {"author_id": 19535251, "id": 1495111201780637704, "text": "@mmpadellan I use it for coffee until it's gone or curdled,   but it's gotta be fresh for drinking."}, {"author_id": 1173226982999580672, "id": 1495110406800556032, "text": "@mmpadellan I give it swirl  - to see if it has curdled into chunks.  Even then it might go in a smoothie.  \n\nGrew up with great depression parents, not wasting stuff becomes a kind of hobby."}, {"author_id": 1442990691529986050, "id": 1495102836400607232, "text": "@mmpadellan I sniff it. Pour some in sink to see if curdled"}, {"author_id": 253306038, "id": 1495101424824463370, "text": "It\u2019s just that in this particular moment, when we are less inclined to give a pass to all our racist uncles, it\u2019s so easy to imagine how the conservativism and casual antisemitism of the good people of Combray curdled into something far more treacherous in the century to come."}, {"author_id": 1011874244303642624, "id": 1495097623677603843, "text": "@mmpadellan Cottage cheese is curdled milk."}, {"author_id": 1048605360527790082, "id": 1495097215064309760, "text": "@mmpadellan If the milk curdled in my coffee then I throw it out!"}, {"author_id": 1148332763596017664, "id": 1495093174666084356, "text": "@mmpadellan Sniff,  then usually toss. I don't drink much milk anymore, but don't want curdled milk in my coffee or food."}, {"author_id": 2474288462, "id": 1495089957458878466, "text": "RT @evangelainy: Harry, dear boy, don't be ridiculous! Despite my rather corpulent and triangular appearance, I can assure you, I did not e\u2026"}, {"author_id": 3396362631, "id": 1495066499815546884, "text": "RT @VoidWitchTX: Our next merch drop- \n\nVOID WITCH: STENCH \n\nAn androgynous cologne redolent of the sweet miasma of rot; coppery tang of cu\u2026"}, {"author_id": 1373770299401981958, "id": 1495054536226004992, "text": "Our next merch drop- \n\nVOID WITCH: STENCH \n\nAn androgynous cologne redolent of the sweet miasma of rot; coppery tang of curdled blood from the slaughterhouse floor balanced with a dear friend\u2019s gently decomposing body.\n\nWhile supplies last!"}, {"author_id": 2514277850, "id": 1495053155658309633, "text": "how about discontinue coconut milk since you sell it curdled everyday you dummbbb +*++*^%^ @dunkindonuts"}, {"author_id": 1188083634428923904, "id": 1495052953216077830, "text": "@ratemyplatenow Looks like Curdled custard on murdered bread \ud83e\udd22\ud83e\udd23\ud83e\udd23"}, {"author_id": 900471900916338689, "id": 1495048121637904389, "text": "@ratemyplatenow More like curdled eggs on bread &amp; dripping \ud83e\udd2e"}, {"author_id": 1328749952604975110, "id": 1495035471436652550, "text": "RT @evangelainy: Harry, dear boy, don't be ridiculous! Despite my rather corpulent and triangular appearance, I can assure you, I did not e\u2026"}, {"author_id": 951041348450177026, "id": 1495034869642330117, "text": "@TamePunk I was 15 when I was groomed by a 40yo married man. I was the schoolgirl babysitter. 35 years later, my memory of it still brings up a curdled up mix of thoughts and emotions. At 19 I was doing the exact same thing as you were."}, {"author_id": 2220563162, "id": 1495031588639420425, "text": "RT @evangelainy: Harry, dear boy, don't be ridiculous! Despite my rather corpulent and triangular appearance, I can assure you, I did not e\u2026"}, {"author_id": 1460962579749212169, "id": 1495022376064589827, "text": "@Rae_C Like curdled milk this kid!"}, {"author_id": 1087429976440401921, "id": 1495019860778274821, "text": "@RebeccaRukeyser enthusiasm curdled into notes of slightly bitter unhingedness"}, {"author_id": 1236380015060586497, "id": 1495013432994963456, "text": "RT @evangelainy: Harry, dear boy, don't be ridiculous! Despite my rather corpulent and triangular appearance, I can assure you, I did not e\u2026"}, {"author_id": 1164144500048109568, "id": 1495013186541858817, "text": "RT @evangelainy: Harry, dear boy, don't be ridiculous! Despite my rather corpulent and triangular appearance, I can assure you, I did not e\u2026"}, {"author_id": 1276074014255968258, "id": 1495007502185889792, "text": "i hate when cum is drawn or animated with lumps cause then it just looks curdled lol"}, {"author_id": 1439005812702257156, "id": 1494921685837004804, "text": "Good news. I\u2019ll be graduating early from my highschool (@KickapooChiefs) that thinks they\u2019re the \u201cbest\u201d in the district when they have asshole or creepy teachers, school lunch having curdled milk cartons or uncooked food and our sport club teams who dont try unless needed to"}, {"author_id": 1341990697776214016, "id": 1494920306577657861, "text": "@shyneyspears - curdled milk!"}, {"author_id": 88849738, "id": 1494906183299260427, "text": "@IanTheWonderdog Sorry if it curdled you"}, {"author_id": 273778644, "id": 1494897801641480195, "text": "Sometime soon I\u2019ve gotta peel prawns &amp; my still curdled-red-wine-gut is doing backflips at the thought of it."}, {"author_id": 635833181, "id": 1494879268987363329, "text": "You see when you aren't rotton to the core you don't age like curdled milk https://t.co/7QZzJZlqzp"}, {"author_id": 59314784, "id": 1494859230951714821, "text": "@garrickroegner @Cgdezmond Anyone with eyes could\u2019ve told you that Yueill Lletget Zardes and co are what they are and don\u2019t need to be tried out\u2026 you try out the players you aren\u2019t familiar with\u2026 also how can the cream rise to the top if they aren\u2019t called up bc we have curdled MLS milk on the roster"}, {"author_id": 796272071487549440, "id": 1494856932426874884, "text": "Curdled Jam \n(yuck! \ud83e\udd22)\n #appetizerbands"}, {"author_id": 1433116744617537538, "id": 1494851147311501316, "text": "RT @LStories3: @MessyJoe_ @davidjones1989 @EvilVillainCell @StreamerBans @Eugenia_Cooney Are you ok? Do you always walk around suggesting t\u2026"}, {"author_id": 1349280149364236289, "id": 1494846155204800513, "text": "played a fart sound too loud on my phone and the waves bounced around the atmosphere for a century, curdled into a new kind of wave and gave birds migraines."}, {"author_id": 943786624453959680, "id": 1494831552534138880, "text": "Terror Tweet:\n\nCURDLE\nThere was a fella and every time he played Wordle the word was 'SATAN'. He found it weird because everyone else in the world got normal words like 'igloo' and 'melee'. Then he looked around and his blood curdled when he realised that he was in HELL!\n\nEnd\ud83d\udc80"}, {"author_id": 7164372, "id": 1494827139002109954, "text": "@screamcummer I only found this out 1 hour ago and it literally made me feel sick. Like something had curdled in my heart"}, {"author_id": 212640808, "id": 1494816671151759362, "text": "Also today in class discussion over word use a means to further oppress someone started a sentence with \"i took a ling class and\" and i died i cringed &amp; died &amp; have exploded. How i know im a bad bean? Precisely this event. sorry i just curdled (its bc I have a speechscideg+suck)"}, {"author_id": 24687759, "id": 1494807578286727172, "text": "Yeah we\u2019re going on the hunch of a curdled bucket of mayonnaise with dementia. https://t.co/Y84WwqKn6j"}, {"author_id": 1487135773891649543, "id": 1494804187590184962, "text": "curdled by frost \ntoo young to rust"}, {"author_id": 716993085968883712, "id": 1494784010849075204, "text": "because of reflecting your topography remembered like curdled milk"}, {"author_id": 2591131524, "id": 1494771304133795843, "text": "@JonathanCohn Almost Curdled"}, {"author_id": 4686926354, "id": 1494768636224937984, "text": "@penandjen You had me at\u2026 curdled."}, {"author_id": 937261149707436032, "id": 1494755091647279106, "text": "shayne looks like his sweat smells like sour milk but he\u2019s always sweating heavy wiping his porky little hands off on his trousers and he doesn\u2019t know how to shower properly so he just always stinks like ten jars of curdled cream in the sun"}, {"author_id": 964296646174658560, "id": 1494751843397914631, "text": "@ZucchiniFuzz The curdled cowboy"}, {"author_id": 26059449, "id": 1494750366453407750, "text": "@thisone0verhere Milkman during a spectacularly hot summer. On arriving at 3 am, I spilt curdled milk over myself almost immediately and had to sit in the se clothes for the next 8 hours getting progressively stinkier.\nI didn't go back for a second night."}, {"author_id": 1324385690851942406, "id": 1494736974455795712, "text": "Off The Shelf EP3 Quote:\nWax in the eyes, curdled milk, Christmas tree falling, dominant dog, pimple drawings, and maxi pads as gauze &amp; bonus tarot card readings by Kim! What happened to us and what will happen to us?\nListen: https://t.co/WvA7yG7GUh\n#bookinterrupted #OffTheShelf https://t.co/Z40r0Lf9Eg"}, {"author_id": 1363271784246689795, "id": 1494731457474015245, "text": "RT @LStories3: @MessyJoe_ @davidjones1989 @EvilVillainCell @StreamerBans @Eugenia_Cooney Are you ok? Do you always walk around suggesting t\u2026"}, {"author_id": 1352493557802815488, "id": 1494729051134644229, "text": "@MessyJoe_ @davidjones1989 @EvilVillainCell @StreamerBans @Eugenia_Cooney Are you ok? Do you always walk around suggesting that you can sexually exploit (read: \u201crape\u201d) a mentally ill person in your everyday life? Or do you only make those kind of comments online bc you think no one will call you out on being a rape-apologist waste of curdled sperm?"}, {"author_id": 703921509786632192, "id": 1494725639047462916, "text": "RT @RavenRichards93: #ButOnceUponATime a goat threatened to cast a curse onto my family unless I drank its curdled cheese milk whilst rubbi\u2026"}, {"author_id": 1491407806985125892, "id": 1494724594376318976, "text": "RT @RavenRichards93: #ButOnceUponATime a goat threatened to cast a curse onto my family unless I drank its curdled cheese milk whilst rubbi\u2026"}, {"author_id": 274790254, "id": 1494723664524238858, "text": "RT @RavenRichards93: #ButOnceUponATime a goat threatened to cast a curse onto my family unless I drank its curdled cheese milk whilst rubbi\u2026"}, {"author_id": 1096510105561059328, "id": 1494723349691387905, "text": "States accounting for the taste that is typical of curd, the pure cultures are curdled only travelers would encounter with"}, {"author_id": 768999674585882625, "id": 1494720177790873600, "text": "RT @RavenRichards93: #ButOnceUponATime a goat threatened to cast a curse onto my family unless I drank its curdled cheese milk whilst rubbi\u2026"}, {"author_id": 492514246, "id": 1494719794314104837, "text": "RT @RavenRichards93: #ButOnceUponATime a goat threatened to cast a curse onto my family unless I drank its curdled cheese milk whilst rubbi\u2026"}, {"author_id": 1466351615951187973, "id": 1494719480492183553, "text": "#ButOnceUponATime a goat threatened to cast a curse onto my family unless I drank its curdled cheese milk whilst rubbing its head with a mahogany spoon and calling it the GOAT goat."}, {"author_id": 3997195035, "id": 1494716946624958468, "text": "Finally at 4:32pm they tell me they can\u2019t deliver today (I was told at 9am it would be here 12-2) Not sure why they didn\u2019t tell me at 10am which is when THEY knew they couldn\u2019t deliver. So obviously all that defrosted food and curdled milk is now in the bin (or down the sink)"}, {"author_id": 24822555, "id": 1494695633994747905, "text": "@cbelial45 @CDKTX And the eggs are curdled"}, {"author_id": 1210488047936004096, "id": 1494694441415700483, "text": "@JOHT0S HOW THE FUCK IS MILK JELLO TEXTURE???\n\nthats what you call CURDLED"}, {"author_id": 1080292512982597632, "id": 1494689408116830210, "text": "@Echonoxica Your milk is rotten; that is milk curdled, just like cheese but worse..."}, {"author_id": 4449000455, "id": 1494668342203850759, "text": "I think Parrys sugar @parrysugar coincides with our Budget2022. When comes to utilisation, the purpose fails.\n\nTea got curdled when parry sugar is added to the tea.worstuu\n#parrysugar https://t.co/ZQefBpWzBf"}, {"author_id": 767297735544283136, "id": 1494667886790590464, "text": "Fate, it against the early twenty-first century all look like curdled milk."}]