[{"author_id": 1252640362658578432, "id": 1495285266336010240, "text": "@MumbaichaDon Congress is always in support of AAP  .  Thy just staged a drama .  Hope BJP  wins otherwise it will b a dangerous sucidal game for Punjab ."}, {"author_id": 1451876203036557312, "id": 1495284985355509765, "text": "@milesblunt if the ref.dont see him do that to one of the other teams best players,its actually a gd.tactic the player will definitely hit him and get thrown out.but its actually a dangerous tactic also bc.s u know that kid will be waiting for him after the game to."}, {"author_id": 1449906641428643841, "id": 1495284879604342786, "text": "RT @vcdgf555: A most dangerous game. \n\nHOMER71 is RC-135V Rivet Joint SIGINT 63-9792 #AE01CA https://t.co/tUVxu7cv1H"}, {"author_id": 38251431, "id": 1495284877272526854, "text": "@DaveDuFourNBA Replace it with The Most Dangerous Game. Kill or be killed."}, {"author_id": 856959757, "id": 1495284707419959302, "text": "RT @vcdgf555: A most dangerous game. \n\nHOMER71 is RC-135V Rivet Joint SIGINT 63-9792 #AE01CA https://t.co/tUVxu7cv1H"}, {"author_id": 1077444631, "id": 1495284701451493380, "text": "RT @vcdgf555: A most dangerous game. \n\nHOMER71 is RC-135V Rivet Joint SIGINT 63-9792 #AE01CA https://t.co/tUVxu7cv1H"}, {"author_id": 382673815, "id": 1495284555825115141, "text": "RT @vcdgf555: A most dangerous game. \n\nHOMER71 is RC-135V Rivet Joint SIGINT 63-9792 #AE01CA https://t.co/tUVxu7cv1H"}, {"author_id": 826160552812609537, "id": 1495284424207912960, "text": "RT @vcdgf555: A most dangerous game. \n\nHOMER71 is RC-135V Rivet Joint SIGINT 63-9792 #AE01CA https://t.co/tUVxu7cv1H"}, {"author_id": 749588473619714048, "id": 1495284127934795779, "text": "RT @vcdgf555: A most dangerous game. \n\nHOMER71 is RC-135V Rivet Joint SIGINT 63-9792 #AE01CA https://t.co/tUVxu7cv1H"}, {"author_id": 1408961568960811016, "id": 1495283750082682883, "text": "I guess. Fear factor runs out after the 4th dude who^s read out your like, full ass hive address. Entertainments a dangerous game but it^s my birthright or sumn.\n\nNot like I don^t enjoy it, but.\nY^know it^s always a fuckin^ experience. https://t.co/n8D8Qd9Yjh"}, {"author_id": 1435758116516339718, "id": 1495283698887016456, "text": "RT @vcdgf555: A most dangerous game. \n\nHOMER71 is RC-135V Rivet Joint SIGINT 63-9792 #AE01CA https://t.co/tUVxu7cv1H"}, {"author_id": 18460100, "id": 1495283698010308613, "text": "RT @alexprismbreak: @TheMarieOakes Police Chief just created a Zero Sum game where there can only be one winner with that statement.  A dan\u2026"}, {"author_id": 1438513165499654145, "id": 1495283514312376321, "text": "RT @vcdgf555: A most dangerous game. \n\nHOMER71 is RC-135V Rivet Joint SIGINT 63-9792 #AE01CA https://t.co/tUVxu7cv1H"}, {"author_id": 1445990630946131972, "id": 1495283399929606150, "text": "RT @vcdgf555: A most dangerous game. \n\nHOMER71 is RC-135V Rivet Joint SIGINT 63-9792 #AE01CA https://t.co/tUVxu7cv1H"}, {"author_id": 2877986672, "id": 1495283377686999041, "text": "RT @pGurus1: The US is playing a dangerous game by passing the #Islamophobia Bill, whose effects they do not comprehend https://t.co/YSRqRW\u2026"}, {"author_id": 1133809434927534085, "id": 1495283331189121025, "text": "RT @CFCPys: Chelsea\u2019s attacking players are overall so disappointing but when you need a moment in a game, it\u2019s so often Hakim Ziyech, in t\u2026"}, {"author_id": 1493084704211443716, "id": 1495283314025975809, "text": "RT @vcdgf555: A most dangerous game. \n\nHOMER71 is RC-135V Rivet Joint SIGINT 63-9792 #AE01CA https://t.co/tUVxu7cv1H"}, {"author_id": 125751639, "id": 1495283253728604165, "text": "Exactly! A very dangerous game. Shame on these guys. https://t.co/6PRtK7q9pb"}, {"author_id": 1952855342, "id": 1495283109734096905, "text": "RT @vcdgf555: A most dangerous game. \n\nHOMER71 is RC-135V Rivet Joint SIGINT 63-9792 #AE01CA https://t.co/tUVxu7cv1H"}, {"author_id": 2320140193, "id": 1495282931773837315, "text": "RT @vcdgf555: A most dangerous game. \n\nHOMER71 is RC-135V Rivet Joint SIGINT 63-9792 #AE01CA https://t.co/tUVxu7cv1H"}, {"author_id": 1367515986866307072, "id": 1495282848659562496, "text": "@jformane @ox45tallboy @Justin_Ling Clearly you didn't read 1984 by George Orwell. Everything done in the book was ran on the same idea. We are going to maximize security by removing your rights in the name of safety. That's a dangerous game and you two clearly don't see the big picture."}, {"author_id": 826460197162012673, "id": 1495282756758167558, "text": "RT @vcdgf555: A most dangerous game. \n\nHOMER71 is RC-135V Rivet Joint SIGINT 63-9792 #AE01CA https://t.co/tUVxu7cv1H"}, {"author_id": 1098317762626088961, "id": 1495282699799392258, "text": "RT @vcdgf555: A most dangerous game. \n\nHOMER71 is RC-135V Rivet Joint SIGINT 63-9792 #AE01CA https://t.co/tUVxu7cv1H"}, {"author_id": 746500488959496194, "id": 1495282656686358529, "text": "RT @vcdgf555: A most dangerous game. \n\nHOMER71 is RC-135V Rivet Joint SIGINT 63-9792 #AE01CA https://t.co/tUVxu7cv1H"}, {"author_id": 636791961, "id": 1495282464931127298, "text": "RT @vcdgf555: A most dangerous game. \n\nHOMER71 is RC-135V Rivet Joint SIGINT 63-9792 #AE01CA https://t.co/tUVxu7cv1H"}, {"author_id": 1238665353691115525, "id": 1495282449500176386, "text": "RT @vcdgf555: A most dangerous game. \n\nHOMER71 is RC-135V Rivet Joint SIGINT 63-9792 #AE01CA https://t.co/tUVxu7cv1H"}, {"author_id": 34533138, "id": 1495282337419915265, "text": "RT @vcdgf555: A most dangerous game. \n\nHOMER71 is RC-135V Rivet Joint SIGINT 63-9792 #AE01CA https://t.co/tUVxu7cv1H"}, {"author_id": 1100266332283559936, "id": 1495282170176290816, "text": "A most dangerous game. \n\nHOMER71 is RC-135V Rivet Joint SIGINT 63-9792 #AE01CA https://t.co/tUVxu7cv1H"}, {"author_id": 1209240454513876992, "id": 1495282098784989188, "text": "RT @TASNoContext: (Volume and flashing lights warning)\n\nGame: Ultimate Mortal Kombat Trilogy (Rom Hack, Genesis)\nTAS author: Rick Dangerous\u2026"}, {"author_id": 58484009, "id": 1495282020968275970, "text": "RT @NickelsonMJ: @DefenseNigeria Heard troops from French are advancing to Benin. \nThe game seem dangerous when they finally place nigeria\u2026"}, {"author_id": 1480430086386073602, "id": 1495281995840172035, "text": "@enputation you are playing a dangerous game, sir \ud83d\ude12\ud83d\udd2a\ud83e\ude78"}, {"author_id": 949282476270157824, "id": 1495281573284962308, "text": "RT @CFCPys: Chelsea\u2019s attacking players are overall so disappointing but when you need a moment in a game, it\u2019s so often Hakim Ziyech, in t\u2026"}, {"author_id": 1494977671473905675, "id": 1495281346897453057, "text": "Playing with me is dangerous game..."}, {"author_id": 1472010552742277122, "id": 1495280864929878016, "text": "\" a dangerous game at that ~ \"\n\nShe smirked letting out a low growl as he nipped her lip gently, trailing a finger tip along his wings. https://t.co/CmNrCXoSDj"}, {"author_id": 1614471882, "id": 1495280767001403393, "text": "Dancing is a dangerous game"}, {"author_id": 379160624, "id": 1495280496095473666, "text": "Drinking &amp; online shopping at this hour is a dangerous game"}, {"author_id": 1482405721337917443, "id": 1495280490273964032, "text": "RT @Promila68072207: TRUST IS A VERY DANGEROUS GAME.\n\nPHENOMENAL ACTOR PRIYANKIT\n\n#FaTejo #AnkitGupta #PriyankaChaharChoudhary #udaariyaan"}, {"author_id": 1114530638277820416, "id": 1495280099293286401, "text": "It\u2019s a dangerous game to underestimate me."}, {"author_id": 1954829071, "id": 1495279890169434115, "text": "RT @merry123459: The prank by Rebel News and BS about horse trampling\u2019s was a dangerous game to play. Those actors rolling around on the gr\u2026"}, {"author_id": 68390130, "id": 1495279656312139780, "text": "RT @CFCPys: Chelsea\u2019s attacking players are overall so disappointing but when you need a moment in a game, it\u2019s so often Hakim Ziyech, in t\u2026"}, {"author_id": 1302168775546994688, "id": 1495279631687041025, "text": "TRUST IS A VERY DANGEROUS GAME.\n\nPHENOMENAL ACTOR PRIYANKIT\n\n#FaTejo #AnkitGupta #PriyankaChaharChoudhary #udaariyaan"}, {"author_id": 49365245, "id": 1495279485889003526, "text": "@RespectIsVital If the Ukrainian army moves in on the Crimea and Sebastopol there will be carnage against the Russian majority. The Russians, not Putin nor anyone successor will ever let Crimea go, nor let NATO troops be stationed anywhere near the place. This makes for a very dangerous game."}, {"author_id": 1278844658953736192, "id": 1495279115166965763, "text": "RT @TASNoContext: (Volume and flashing lights warning)\n\nGame: Ultimate Mortal Kombat Trilogy (Rom Hack, Genesis)\nTAS author: Rick Dangerous\u2026"}, {"author_id": 2818909989, "id": 1495278906986971143, "text": "RT @TASNoContext: (Volume and flashing lights warning)\n\nGame: Ultimate Mortal Kombat Trilogy (Rom Hack, Genesis)\nTAS author: Rick Dangerous\u2026"}, {"author_id": 2946492251, "id": 1495278391121129472, "text": "Looks like the #Canadians are TOTALLY NOT IMPRESSED with the new totalitarian policy @JustinTrudeau implemented in #Canada. Canadians hold the line despite the threads, he is in real trouble, seems he doesn\u2019t  know he\u2019s playing a dangerous game with them. #DoNotComplyEVER https://t.co/qcsemNA4a5"}, {"author_id": 2517157454, "id": 1495277600150859778, "text": "RT @CFCPys: Chelsea\u2019s attacking players are overall so disappointing but when you need a moment in a game, it\u2019s so often Hakim Ziyech, in t\u2026"}, {"author_id": 1275285783918841856, "id": 1495277034578325505, "text": "some of y'all make me think i'm funny. that's a dangerous game, because i will never shut up if you tell me that."}, {"author_id": 952408441989009408, "id": 1495276506607767552, "text": "@BigTittyDragon It's been a solid game for a while if you like explorative game that's a bit more arcadey than say Elite Dangerous"}, {"author_id": 1431229907854508043, "id": 1495275738714742788, "text": "RT @CFCPys: Chelsea\u2019s attacking players are overall so disappointing but when you need a moment in a game, it\u2019s so often Hakim Ziyech, in t\u2026"}, {"author_id": 1523583775, "id": 1495275193425707013, "text": "RT @JohnFraserOS: Vaccines Do Matter. \n\nMy statement on @fordnation's dangerous game: https://t.co/PSf69tyidM"}, {"author_id": 1279483323375484928, "id": 1495274561314582530, "text": "@jkdb86 @TOSOTC_CFC Where did Lukaku start off well? He had one game where he looked good against arsenal and turned up against Aston villa. He has been shot for 80% of his time here. And no, we looked dangerous on the attack against Liverpool. Created a lot of changes that we didn't take"}, {"author_id": 1006554178901061634, "id": 1495274117171675139, "text": "RT @merry123459: The prank by Rebel News and BS about horse trampling\u2019s was a dangerous game to play. Those actors rolling around on the gr\u2026"}, {"author_id": 362759436, "id": 1495273722911105024, "text": "@Craig1977pinka1 @Super70sSports Why would anyone want this in todays game just unnecessarily dangerous"}, {"author_id": 1224930281347604481, "id": 1495273581575561217, "text": "@doitbetter93 That\u2019s a dangerous game"}, {"author_id": 1186128652645359616, "id": 1495272339428237314, "text": "y\u2019all playing a dangerous game out there. can\u2019t be me. https://t.co/rt8LGWq3s2"}, {"author_id": 1442124541, "id": 1495272021227446272, "text": "\u201cU never wanted this like I did\nU never really had no idea\nU had me drownin' in my fears\u2026\nLove is a dangerous game\n&amp; you can get it all of me, my baby\nU take the air that I breathe, oh baby\nU can't be scared of your dreams, oh baby\nFallin' in love again\nHmm, I'm so TIRED OF YOU\u201d"}, {"author_id": 324542541, "id": 1495271934002667525, "text": "@sadbalmain this is a dangerous game my friend"}, {"author_id": 2921872216, "id": 1495271785356349444, "text": "@MrsGandhi Congress have started playing a dangerous game of dividing India since they know they have no chance of coming back to power !"}, {"author_id": 1184484958620004358, "id": 1495271154642300932, "text": "RT @CFCPys: Chelsea\u2019s attacking players are overall so disappointing but when you need a moment in a game, it\u2019s so often Hakim Ziyech, in t\u2026"}, {"author_id": 53864882, "id": 1495271096244838400, "text": "RT @geetv79: #AAPdePaap from 2015\ud83d\udc47 \nAAP is playing a dangerous game by supporting radicals &amp; playing into the hands of hardliners, said AAP\u2026"}, {"author_id": 1082958552837300224, "id": 1495270791910510596, "text": "RT @geetv79: #AAPdePaap from 2015\ud83d\udc47 \nAAP is playing a dangerous game by supporting radicals &amp; playing into the hands of hardliners, said AAP\u2026"}, {"author_id": 71795051, "id": 1495270748256014341, "text": "RT @geetv79: #AAPdePaap from 2015\ud83d\udc47 \nAAP is playing a dangerous game by supporting radicals &amp; playing into the hands of hardliners, said AAP\u2026"}, {"author_id": 818751367305105409, "id": 1495270556069134339, "text": "RT @geetv79: #AAPdePaap from 2015\ud83d\udc47 \nAAP is playing a dangerous game by supporting radicals &amp; playing into the hands of hardliners, said AAP\u2026"}, {"author_id": 828104932779778048, "id": 1495270270059352067, "text": "shooting jamo picklebacks at work always feels like such a dangerous game and i just be doing it \ud83d\udc80"}, {"author_id": 1230867126, "id": 1495269990798299137, "text": "RT @TASNoContext: (Volume and flashing lights warning)\n\nGame: Ultimate Mortal Kombat Trilogy (Rom Hack, Genesis)\nTAS author: Rick Dangerous\u2026"}, {"author_id": 162930122, "id": 1495269728310673408, "text": "RT @geetv79: #AAPdePaap from 2015\ud83d\udc47 \nAAP is playing a dangerous game by supporting radicals &amp; playing into the hands of hardliners, said AAP\u2026"}, {"author_id": 3025754858, "id": 1495269645988761605, "text": "RT @geetv79: #AAPdePaap from 2015\ud83d\udc47 \nAAP is playing a dangerous game by supporting radicals &amp; playing into the hands of hardliners, said AAP\u2026"}, {"author_id": 1143164378570731520, "id": 1495269478791327744, "text": "#Ethiopia #GERD dam start to produce energy wiithout reach any reasonable agreement with #Egypt #Sudan.  Dangerous war game. 1/2\n https://t.co/ym9jLQrZ0q"}, {"author_id": 2492548314, "id": 1495269249996443649, "text": "RT @phoebecaliel: starting a novel at 5 am is a dangerous game but let's just say im the star player"}, {"author_id": 2183493194, "id": 1495269139614629889, "text": "It boggles the mind that Imogen Barnett has only played two games. I think if you gave her, Alexander and Molloy every game together to build a connection that's a very dangerous three pronged attack, with Sheridan and Chaston/Newman/whoever at ground level"}, {"author_id": 1092087119235960835, "id": 1495268437593055234, "text": "Sober vs Drunk self is a dangerous game"}, {"author_id": 3292588384, "id": 1495268430588620803, "text": "RT @MonyepaoShoes: @thatishi Kane is massive. His combination with Son is deadly, specially when he goes deep to collect the ball while Son\u2026"}, {"author_id": 1315170246, "id": 1495268423726731266, "text": "As an adult the most dangerous game you can play is take a nap Saturday evening before going out bc it\u2019s a 50/50 chance you\u2019ll make it out!"}, {"author_id": 342165044, "id": 1495267082027651075, "text": "#StlBlues end #LeafsForever home win streak at seven\n\n\u201cThey\u2019re as dangerous as any team in the NHL on the rush and they showed that tonight.\u201d\n\nMy \u2066@NHLdotcom\u2069 story: https://t.co/D0v6rQ9600"}, {"author_id": 1143164378570731520, "id": 1495267064646361089, "text": "@EA_DevCouncil Without reach any reasonable agreement with #Egypt and #Sudan. A dangerous war game. The electricity wiil be destinate all to export. #Amhara leadership has asked to #Italy ( #ENEL )  a solar complex in #Oromia to give light at least to Addis Ababa..."}, {"author_id": 2618471419, "id": 1495265746649329667, "text": "RT @merry123459: The prank by Rebel News and BS about horse trampling\u2019s was a dangerous game to play. Those actors rolling around on the gr\u2026"}, {"author_id": 1486090079793729536, "id": 1495265599735443458, "text": "RT @HoodieDraws: I'm back with a new drawing! Morning Max can be quite... dangerous :^) \ud83d\ude33, hope you like it! Will get back to work on the g\u2026"}, {"author_id": 709529619012001794, "id": 1495265363310698506, "text": "How much more provocation will Russia ignore? The Donbass region is getting evacuated because of the shelling by Ukraine. Same with Donetsk, Lugansk regions.\nBiden, Boris and NATO are playing a very dangerous game to deflect public's attention and to appear as heroes."}, {"author_id": 1433243513743974406, "id": 1495265064005292033, "text": "RT @Iam_Tkeyz: The most dangerous game to play is resting your eyes for a few minutes in the morning after shutting down your alarm\ud83e\udd7a\n\nIt\u2019s\u2026"}, {"author_id": 1040473880715030528, "id": 1495264981771866114, "text": "love is a dangerous game\n#tunein #hiphop"}, {"author_id": 1140166585178419201, "id": 1495264593018380289, "text": "@adultinquestion @nofrndofmine frier oil is a dangerous game\u2026 \ud83e\udd1e\ud83e\udd1e"}, {"author_id": 1120637424, "id": 1495264580167208960, "text": "RT @nezumi_ningen: Can not stress enough that Walt Disney was like one bad bout of amp psychosis away from going full Most Dangerous Game i\u2026"}, {"author_id": 66197511, "id": 1495264182886879232, "text": "This a dangerous game"}, {"author_id": 493713446, "id": 1495264133792600068, "text": "Knowing there are Reese Cups in the pantry that are not mine and I really want to eat them, but I don\u2019t know if I can replace them before they\u2019re noticed. This is a dangerous game \ud83e\udd14"}, {"author_id": 1480320061470560264, "id": 1495263867949232133, "text": "RT @TASNoContext: (Volume and flashing lights warning)\n\nGame: Ultimate Mortal Kombat Trilogy (Rom Hack, Genesis)\nTAS author: Rick Dangerous\u2026"}, {"author_id": 1479143326502821901, "id": 1495263820708728834, "text": "RT @von_kuroe_2dfd: Getting addicted to a loli is a very dangerous game right ?\ud83d\udc95\nbut the thrill is too much for a pedo loser like you~\ud83d\udc45\nYou\u2026"}, {"author_id": 843912689651015680, "id": 1495263715075235841, "text": "RT @Ikemenfangirl: Devil Kiss, a romance-interactive otome game with attractive angels and dangerous devils\n\n\u25b6 Characters\n\ud83d\ude07 Arthur - Reliab\u2026"}, {"author_id": 1309844213303894022, "id": 1495263595076063234, "text": "@MapleGlazed_ fr, dating @ethanw_110 is a dangerous game"}, {"author_id": 865611782211031040, "id": 1495263506643492868, "text": "RT @merry123459: The prank by Rebel News and BS about horse trampling\u2019s was a dangerous game to play. Those actors rolling around on the gr\u2026"}, {"author_id": 448594414, "id": 1495263226107510786, "text": "RT @Lewis_C134: Changmin: There's a drinking game that Kyu-line like to play.\n\nChangmin: But we stop doing it cuz it's too dangerous for ou\u2026"}, {"author_id": 939960307719356417, "id": 1495263168456654851, "text": "playing a dangerous game (getting tailored adidas ads emailed to me) https://t.co/N6qdjZsG0b"}, {"author_id": 1334986929440514049, "id": 1495262594369605634, "text": "RT @TASNoContext: (Volume and flashing lights warning)\n\nGame: Ultimate Mortal Kombat Trilogy (Rom Hack, Genesis)\nTAS author: Rick Dangerous\u2026"}, {"author_id": 142507905, "id": 1495262514246004737, "text": "Y\u2019all entered a dangerous game just because?"}, {"author_id": 4314064407, "id": 1495261577376931840, "text": "RT @phoebecaliel: starting a novel at 5 am is a dangerous game but let's just say im the star player"}, {"author_id": 70131239, "id": 1495261502479249408, "text": "Dana Altman is one of the more underrated coaches in CBB. His teams are always there at tournament time and are usually a dangerous and tough out. No matter how this game turns out, the Ducks are a tourney team if they keep this effort up the rest of the season."}, {"author_id": 3315363504, "id": 1495261261365317633, "text": "RT @TASNoContext: (Volume and flashing lights warning)\n\nGame: Ultimate Mortal Kombat Trilogy (Rom Hack, Genesis)\nTAS author: Rick Dangerous\u2026"}, {"author_id": 750101276361318400, "id": 1495260268099940355, "text": "this is a dangerous game we're playing"}]