[{"author_id": 3249260534, "id": 1495266723808747520, "text": "@MeghanJMJW The Police Services believed that they made it less dangerous else they would not have been there.  The Police Services are currently being backed by the best minds available in Canada.   We go in a circle :)"}, {"author_id": 94663372, "id": 1495266600076775430, "text": "@Imaginary_Ones All men dream, but not equally. Those who dream by night in the dusty recesses of their minds, wake in the day to find that it was vanity: but the dreamers of the day are dangerous men, for they may act on their dreams with open eyes, to make them possible. -T. E. Lawrence"}, {"author_id": 1854746526, "id": 1495265001908563971, "text": "For people that think this is hyperbole. The othering of unvaccinated citizens is a dangerous path. See how easy it is to make them subhuman in some peoples minds. https://t.co/SfcaTQ34NC https://t.co/08x0EnPBFR"}, {"author_id": 3020651054, "id": 1495263958785163265, "text": "@stage_fright22 @realandrewhorto @SkyNewsAust Lol can the charade. Nobody buys it and besides, even if China are planning something, it just means the sooner we change governments the better. Nobody wants these fwits in charge if things are getting dangerous. We haven't all lost our minds you know"}, {"author_id": 1485248776415883269, "id": 1495240729626513408, "text": "RT @drankitgupta37: All men dream: but not equally. Those who dream by night in the dusty recesses of their minds wake up in the day to fin\u2026"}, {"author_id": 784770348696952832, "id": 1495238855548706816, "text": "@josh_posts He did not justify any further expansion to any regions controlled by the Ukrainian govs. So no full invasion. If he did it would be dangerous for his position in minds of Russian people who still believe he is a good guy and wont kill for power over Ukraine."}, {"author_id": 85425228, "id": 1495236153087336458, "text": "RT @F2Humanity: One track minds are dangerous. \n\nThis upcoming election will determine your children\u2019s future.\n\nPut Liberal, Labor, Greens,\u2026"}, {"author_id": 752496286742351872, "id": 1495235858764423169, "text": "One track minds are dangerous. \n\nThis upcoming election will determine your children\u2019s future.\n\nPut Liberal, Labor, Greens, Nationals at the bottom.\n\nIt\u2019s time for change. \n\n#Election2022 https://t.co/TL4x7YkMnQ"}, {"author_id": 1343746396663521283, "id": 1495230454747869186, "text": "someone with a \"nothing to lose\" mentality are dangerous minds simply due to their lack of discernment and self worth."}, {"author_id": 1357385956127563781, "id": 1495221273680662531, "text": "RT @michaelharriot: White people LOVE \u201chood movies.\u201d They don\u2019t make or watch movies about human beings who live in Black neighborhoods but\u2026"}, {"author_id": 997597484, "id": 1495214003500552198, "text": "RT @michaelharriot: White people LOVE \u201chood movies.\u201d They don\u2019t make or watch movies about human beings who live in Black neighborhoods but\u2026"}, {"author_id": 1967249449, "id": 1495213967773343744, "text": "@republic @UdayMahurkar heinous to cover young girls in hijab. these medical barbaric minds r pushing India to an Islamic state is to be dealt with iron hand. we cannot be sitting and dealing  Pak liking grps instigated attack in courts. so land India into pockets of Taliban kind spots? dangerous"}, {"author_id": 1493130281666154497, "id": 1495210495279828994, "text": "@Colebrook1620 @T_a_h_mina Many people have made the mistake of feeling sorry for them. People who SEEK to be martyrs are dangerous. The leaders are more savvy than people think. They use the young as cannon fodder. It will take generations to change their minds. NRF tried repeatedly to negotiate."}, {"author_id": 954835045, "id": 1495208975142633472, "text": "All men dream but not equally. Those who dream by night in the dusty recesses of their minds wake in the day to find that it was vanity; but the dreamers of the day are dangerous men, for they may act their dream with open eyes to make it possible."}, {"author_id": 1294588583139872768, "id": 1495201329362321412, "text": "RT @NewmanSocPres: Yes, and I\u2019d argue that \u201cviewpoint diversity\u201d itself is as dangerous as the new ideology, if it prevents holding to trut\u2026"}, {"author_id": 1480259498501677062, "id": 1495199773271465986, "text": "@washingtonpost The Washington Post asked on its headline: \"How do you host television in 2022?\" By focusing on good old fashioned talk show ways and culture, in which the dangerous and constant bringing up of politics to the mix, wouldn't have crossed anyone's minds."}, {"author_id": 871168915338121217, "id": 1495197225915322369, "text": "RT @NewmanSocPres: Yes, and I\u2019d argue that \u201cviewpoint diversity\u201d itself is as dangerous as the new ideology, if it prevents holding to trut\u2026"}, {"author_id": 68224437, "id": 1495196839364243459, "text": "@TimRussell @AOC @TuckerCarlson @TuckerCarlson's show contains a repeating theme that the 2020 presidential election was stolen. That is false. Voter fraud is very rare in the United States. A lie like that puts doubt in the minds of voters about the legitimacy of our elections and that's dangerous to democracy"}, {"author_id": 1284538566371160066, "id": 1495192327320657925, "text": "@etteness @lizstl13 @AmarisPixie @TragicEra @michellmybell1 @SoyBoyRoy1 @ThePoorMan95 @dogsneck @WithLovingCare_ @FUatJackDorsey @FECKFECK611 @DaniTrump2020 @CrayonShy @PRM13001813 @TomDoubting @UseLogicPlease1 @RealDoctorT @echarlotte5525 @LadyOfTheOcean1 @BearClaws5 @Blackhearted59 @drdeblk @DeplosGhost @3DIian @george_geranios @yesisworld @MFKNOMAR @Jennie_SC1 @LifeNyc2 @PigPenTrump @TallybanJoe @AggressiveDem @Monstersexdee @Executionnow @timothyjamessos @Flattielover @ChefUnderwater @TwinkieAngry @OverideKrash @MaskMeNot1 @Corvus_corone99 @mind_hunter3 @Stans_Clubhouse @EliaLucaze @slappityslap7 @ShellyRKirchoff @SumatraSue @PaulConfer @SandraNotSandy1 @yammerapple That\u2019s what they want. They want to literally burn it all down and rebuild it to some utopia they have in their minds. These people are dangerous with power..and they long for it. https://t.co/OC4yPrKfbI"}, {"author_id": 764231214, "id": 1495187880070848515, "text": "@SaruhMarcella I don't watch this show but this person reminds me of some girls from dangerous minds."}, {"author_id": 775017578, "id": 1495185619794161664, "text": "@magsnichols Margaret \ud83d\ude4f\ud83d\udc4d, Jung \ud83d\udde3re: the \u201cpsychic dangers\u201d of \u2018infected minds\u2019; Matthias Desmet\ud83d\udde3re: \u201cmass formation psychosis\u201d. Same, same! You\u2019ve just\ud83d\udc40this. Far more dangerous than any\ud83e\udda0. \u2018Adverse events\u2019 rival the\ud83d\udc89. V\ud83d\udc7b\ud83e\udd2a\ud83d\udca9. I\ud83d\udd8aa feature on this.\u2b07\ufe0f\ud83d\udc40\n\nhttps://t.co/qLsnjDIBXp"}, {"author_id": 58819354, "id": 1495177331396202498, "text": "RT @michaelharriot: White people LOVE \u201chood movies.\u201d They don\u2019t make or watch movies about human beings who live in Black neighborhoods but\u2026"}, {"author_id": 284706329, "id": 1495166668766695426, "text": "@OzKaterji My mate worked at Bush House. Missed that bomb by just 5 minutes.  \nWe'd been in the pub after watching Dangerous Minds with Michelle Pfeifer. Then she walked down to work &amp; I went home."}, {"author_id": 844841346368073728, "id": 1495162510756007946, "text": "@GoogleStadia \"All men dream \u2013 but not equally. Those who dream by night, in the dusty recesses of their minds, wake in the day to find that it was vanity\u2026 But the dreamers of the day are dangerous men, for they may act their dream with open eyes, to make it possible. This I did.\""}, {"author_id": 49893483, "id": 1495159766376583169, "text": "RT @SoulVersified: adults watching #pornography responsibly how is that dangerous? \nProblem is free and cheap access to non-adults who can'\u2026"}, {"author_id": 24823512, "id": 1495155938331971584, "text": "RT @dathinktank: @_ashawndabney Before it can be taught in schools it must be understood that slavery was woven into the minds to become a\u2026"}, {"author_id": 1086481301262221312, "id": 1495154132931469316, "text": "@magsnichols Yah...sad to say but NYC folks lost their minds around 2012. Noticed it was worse/I was being attacked at work around 2014 for making obvious statements about political things. They're brainwashed into insanity &amp; mob mentality took over. They are dangerous stay away. Leave NYC"}, {"author_id": 1276271601663660032, "id": 1495148454766538752, "text": "RT @IntelPropHQ: All men dream, but not equally. Those who dream by night in the dusty recesses of their minds, wake in the day to find tha\u2026"}, {"author_id": 1104584398278615042, "id": 1495143449716137986, "text": "RT @IntelPropHQ: All men dream, but not equally. Those who dream by night in the dusty recesses of their minds, wake in the day to find tha\u2026"}, {"author_id": 2825211664, "id": 1495135932974047235, "text": "RT @Heyitshassan: There is nothing more dangerous in this world than a false narrative against u. You can fight for truth, give as many pro\u2026"}, {"author_id": 1357086195717730305, "id": 1495133582104408064, "text": "RT @IntelPropHQ: All men dream, but not equally. Those who dream by night in the dusty recesses of their minds, wake in the day to find tha\u2026"}, {"author_id": 1191339726281879553, "id": 1495133437291909121, "text": "@horrorwriter61 Their world is dark and gritty and they themselves are inherently evil. Razor Blades let you step first person into the minds of the most dangerous gang in the city. Who can be trusted? Can those deemed evil have redemption? \n\nhttps://t.co/iAW6mTQ9xB"}, {"author_id": 2518934879, "id": 1495130240011706375, "text": "RT @IntelPropHQ: All men dream, but not equally. Those who dream by night in the dusty recesses of their minds, wake in the day to find tha\u2026"}, {"author_id": 1175370275531165697, "id": 1495129674564964352, "text": "Dangerous minds is my comfort film \ud83d\ude01"}, {"author_id": 1460780475107135492, "id": 1495127610354974725, "text": "RT @NewmanSocPres: Yes, and I\u2019d argue that \u201cviewpoint diversity\u201d itself is as dangerous as the new ideology, if it prevents holding to trut\u2026"}, {"author_id": 1273755922360401921, "id": 1495125104363249670, "text": "@Gray_Mackenzie It\u2019s like they can\u2019t make up their minds which way they fly it. Personally, I find the appropriation of national symbols the most dangerous and disturbing."}, {"author_id": 1355109387120074752, "id": 1495125066530660354, "text": "RT @IntelPropHQ: All men dream, but not equally. Those who dream by night in the dusty recesses of their minds, wake in the day to find tha\u2026"}, {"author_id": 2392281179, "id": 1495124317440552963, "text": "We keep feeding our minds with hope ,but sometimes hope can be very dangerous."}, {"author_id": 1007563324152639488, "id": 1495123264812711936, "text": "RT @IntelPropHQ: All men dream, but not equally. Those who dream by night in the dusty recesses of their minds, wake in the day to find tha\u2026"}, {"author_id": 1425990209301323777, "id": 1495120090660220928, "text": "@LACGFY You may believe whatever you want. No on changes minds on Twitter. Just think about what power they have given themselves and how that sets a dangerous precedent."}, {"author_id": 17461996, "id": 1495105582067499011, "text": "@_ashawndabney Before it can be taught in schools it must be understood that slavery was woven into the minds to become a societal norm vs a deep inbred hatred for one species. This makes slavery very dangerous. People in power believed it to be and justified it by every means possible."}, {"author_id": 476755076, "id": 1495100807334744071, "text": "Meet Chandra, the pre-teen who released a fantastic post-punk record in 1980 | Dangerous Minds https://t.co/7vIG123kzO"}, {"author_id": 355097325, "id": 1495097287617302528, "text": "RT @IntelPropHQ: All men dream, but not equally. Those who dream by night in the dusty recesses of their minds, wake in the day to find tha\u2026"}, {"author_id": 1402231168372723714, "id": 1495092761569251331, "text": "@Sliverman70 @greg_price11 @RyanAFournier @RebelNewsOnline Yes. Should have stayed away from that dangerous stick. Those batons have minds of their own and will beat people at random. The good cop tried to control the stick but it was intent on striking that woman."}, {"author_id": 2327847480, "id": 1495092388158709765, "text": "RT @askbillball: 4.\n\u25a0 USA govt ALSO appear to be filled with full blown dangerous sociopaths!\n\nRead Fractured Minds by Jeanie Olgen = by @P\u2026"}, {"author_id": 798622411977420800, "id": 1495087602357006336, "text": "4.\n\u25a0 USA govt ALSO appear to be filled with full blown dangerous sociopaths!\n\nRead Fractured Minds by Jeanie Olgen = by @PeggyeJames on GETTR"}, {"author_id": 1252255409152425985, "id": 1495086304887197696, "text": "@popeyeamit @fuzel_daduji @Delhi_Sarcasm @ANI Carrying arms is not the job of a peaceful organization if it is.Carrying any kind of arms like guns,swords,sticks in a mind to attack others is dangerous to whole society.Radicalisation of young minds are also dangerous."}, {"author_id": 76421187, "id": 1495085356081086464, "text": "RT @IntelPropHQ: All men dream, but not equally. Those who dream by night in the dusty recesses of their minds, wake in the day to find tha\u2026"}, {"author_id": 722578476, "id": 1495080094355935236, "text": "@Saint_Peeter @OttawaPolice Wouldnt it be awesome for the @OttawaPolice to show the evidence of their seizure of such dangerous weapons and goods, would really put some peoples minds at ease"}, {"author_id": 1355072738122203136, "id": 1495079971404005382, "text": "RT @IntelPropHQ: All men dream, but not equally. Those who dream by night in the dusty recesses of their minds, wake in the day to find tha\u2026"}, {"author_id": 201046827, "id": 1495079522802311174, "text": "RT @IntelPropHQ: All men dream, but not equally. Those who dream by night in the dusty recesses of their minds, wake in the day to find tha\u2026"}, {"author_id": 3264632935, "id": 1495077749630849035, "text": "@IronSharpeneth @MiracleJanet @YouTubeJEFF9K @jamft The doctors who disagree are overwhelming outnumbered by those who know the risks from the Covid vaccines are minimal; every vaccine, every drug has a LONG list of possible yet improbable side effects. Anti-vaxxers inflate those risks in their minds. Covid is much more dangerous."}, {"author_id": 1195361426749231106, "id": 1495076087491084289, "text": "RT @Florin_Uncovers: @R_H_Ebright @STWorg @EU_Commission It does sound like dangerous GOFR inside the subjects' minds. It's also a shame th\u2026"}, {"author_id": 61008839, "id": 1495074275895783425, "text": "RT @wez45091067: @MelissaRNMBA @LABeachGal1 Watching the vid now... \n\nSeems NY subways have become their state psychiatric hospital. Too da\u2026"}, {"author_id": 954835045, "id": 1495073076756635651, "text": "All men dream but not equally. Those who dream by night in the dusty recesses of their minds wake in the day to find that it was vanity; but the dreamers of the day are dangerous men, for they may act their dream with open eyes to make it possible."}, {"author_id": 1337008169915191301, "id": 1495071587384627202, "text": "RT @IntelPropHQ: All men dream, but not equally. Those who dream by night in the dusty recesses of their minds, wake in the day to find tha\u2026"}, {"author_id": 1240898986694844416, "id": 1495070346927554565, "text": "@MelissaRNMBA @LABeachGal1 Watching the vid now... \n\nSeems NY subways have become their state psychiatric hospital. Too dangerous to use as a subway... unreal. These people are out of their minds."}, {"author_id": 1396527644901101574, "id": 1495069367364694018, "text": "Americans who agree with Franklin Graham and think we should be praying for Putin - have y\u2019all lost your gotdamn minds? At this point the people on the right are just doing shit out of spite. Y\u2019all know Putin is dangerous but anything to get the other side riled up ammirite?"}, {"author_id": 1307710555868856322, "id": 1495065954673471497, "text": "@jodisp2019 @EvanLSolomon I think @EvanLSolomon is brave! \ud83d\udc4f\ud83c\udffd\ud83d\udc4f\ud83c\udffd\ud83d\udc4f\ud83c\udffd\n\nI wouldn\u2019t want to be near the occupiers - a lot of unhinged warped minds that are embedded in racism and conspiracy theories. Dangerous combination."}, {"author_id": 1390181571768963076, "id": 1495065186713026564, "text": "RT @drankitgupta37: All men dream: but not equally. Those who dream by night in the dusty recesses of their minds wake up in the day to fin\u2026"}, {"author_id": 1354839911514464262, "id": 1495065124108967937, "text": "RT @IntelPropHQ: All men dream, but not equally. Those who dream by night in the dusty recesses of their minds, wake in the day to find tha\u2026"}, {"author_id": 1491144809536540674, "id": 1495064774085730307, "text": "RT @IntelPropHQ: All men dream, but not equally. Those who dream by night in the dusty recesses of their minds, wake in the day to find tha\u2026"}, {"author_id": 1363591012879392772, "id": 1495063561336406019, "text": "RT @IntelPropHQ: All men dream, but not equally. Those who dream by night in the dusty recesses of their minds, wake in the day to find tha\u2026"}, {"author_id": 274191932, "id": 1495063447372972032, "text": "RT @michaelharriot: White people LOVE \u201chood movies.\u201d They don\u2019t make or watch movies about human beings who live in Black neighborhoods but\u2026"}, {"author_id": 186608941, "id": 1495062924074774531, "text": "RT @IntelPropHQ: All men dream, but not equally. Those who dream by night in the dusty recesses of their minds, wake in the day to find tha\u2026"}, {"author_id": 877535353023864833, "id": 1495062800934256644, "text": "All men dream, but not equally. Those who dream by night in the dusty recesses of their minds, wake in the day to find that it was vanity: but the dreamers of the day are dangerous men, for they may act on their dreams with open eyes, to make them possible. - T.E. Lawrence"}, {"author_id": 873667231, "id": 1495060805854900226, "text": "@FinlayPuffin @bidetmarxman \"Unwinnable wars\" happened past 20 years.\nIn the minds of \"boardroom warrior\" politicians &amp; CEOs only positives in putting russians for the choice of abandoning Donbass Lugansk regions or invading.\nNATO = hubris\nThey all are playing a very dangerous game.\nhttps://t.co/Jaoxzelyj4"}, {"author_id": 1313478731198070786, "id": 1495060432574316544, "text": "@alexboutilier @ezralevant is helping to fuel this behavior. His goal is to create a fox news environment in \ud83c\udde8\ud83c\udde6. The simple minds that follow this dangerous rhetoric will always pose a threat to democracy &amp; the bona fide media.\nThe thugs committing these crimes must be held accountable!"}, {"author_id": 703036305861574657, "id": 1495059172748152833, "text": "RT @michaelharriot: White people LOVE \u201chood movies.\u201d They don\u2019t make or watch movies about human beings who live in Black neighborhoods but\u2026"}, {"author_id": 290028823, "id": 1495052512285581319, "text": "RT @michaelharriot: White people LOVE \u201chood movies.\u201d They don\u2019t make or watch movies about human beings who live in Black neighborhoods but\u2026"}, {"author_id": 1261105859792261121, "id": 1495052340868653062, "text": "RT @NewmanSocPres: Yes, and I\u2019d argue that \u201cviewpoint diversity\u201d itself is as dangerous as the new ideology, if it prevents holding to trut\u2026"}, {"author_id": 987769710044483585, "id": 1495051602973110273, "text": "RT @michaelharriot: White people LOVE \u201chood movies.\u201d They don\u2019t make or watch movies about human beings who live in Black neighborhoods but\u2026"}, {"author_id": 113629646, "id": 1495043529940340736, "text": "Here are the concerning words/phrases from Dan Patrick's statement that I see:\n\n\"poison the minds\"\n\"not be able to hide\"\n\"leftist\"\nThe invocation of CRT\n\nIt's a cocktail of words and ideas with a long and dangerous history."}, {"author_id": 76934637, "id": 1495040200703197192, "text": "@TacTiCOrc @maualibar @candacePatriot It\u2019s Twitter.  So yes you can\u2019t believe everything you read Bc there are bots on both sides pushing narratives. It\u2019s a war for our minds. That said, the vax has proven to be dangerous for a subset of people &amp; has known side effects so I\u2019m sure some kids have died from it"}, {"author_id": 22614965, "id": 1495038494850363398, "text": "@Richie_Sombrero Add In Dangerous Minds vibe we got ourselves a movie"}, {"author_id": 102354989, "id": 1495032755985473543, "text": "It is so obvious this whole thing is being staged for spreading lies and disinformation. \nGo read the tweets otherside of the #OttawaOccupation \n#Disinformation is rampant\nFoxNews are whipping lies\nPeople are going to lose their minds \nThis is really dangerous."}, {"author_id": 154433522, "id": 1495031778830168073, "text": "RT @michaelharriot: White people LOVE \u201chood movies.\u201d They don\u2019t make or watch movies about human beings who live in Black neighborhoods but\u2026"}, {"author_id": 1195888597, "id": 1495028999290261505, "text": "@andrewbogut What has happened in the hearts and minds of people to think this is okay? A worldwide deception of dangerous proportions."}, {"author_id": 1279286982254854144, "id": 1495021437727363077, "text": "Criminal Minds (2005-2020)\nCrime, thriller, police procedural, drama / 15 seasons\n\nAn elite group of profilers analyse the nation's most dangerous criminal minds to anticipate their next moves before they strike again. https://t.co/pIlZIp2riF"}, {"author_id": 11333452, "id": 1495015714096357382, "text": "@BriannaWu Not even just \"the coasts,\" but anywhere outside their personal bubbles of privilege. Yeah, Trump was &amp; is a clown, but the fucker was still dangerous all the same &amp; many of us on the margins were yelling to take this seriously. The Tea Party was still fresh on our minds, ffs."}, {"author_id": 1248685356872077312, "id": 1495015592646123521, "text": "RT @Elmsbkawy: It is so sad to see educated woman accepting this kind of abuse and so dangerous to see this minds on TV #\u0627\u0648\u0642\u0641\u0648\u0627_\u064a\u0627\u0633\u0645\u064a\u0646_\u0639\u0632"}, {"author_id": 2332951065, "id": 1495004080669872130, "text": "RT @NewmanSocPres: Yes, and I\u2019d argue that \u201cviewpoint diversity\u201d itself is as dangerous as the new ideology, if it prevents holding to trut\u2026"}, {"author_id": 1336421948914462720, "id": 1494991211932753920, "text": "i\u2019m gonna go to gary indiana and try to dangerous minds my way into a New York Times article by making kids listen to this and meditate their way into Princeton https://t.co/CwfL4sCE2A"}, {"author_id": 965268370705866752, "id": 1494986107632730112, "text": "@Logically_JC Because in their tiny minds information is more dangerous. They are stuck in 1800's times."}, {"author_id": 1441925362791763972, "id": 1494982007394553859, "text": "The fact so many minds are warped by prejudice proves a warped mind is dangerous and the only way to stop prejudice is to show no mercy .."}, {"author_id": 1463607155278462989, "id": 1494978761850187776, "text": "It's dangerous to be of many minds."}, {"author_id": 1379849729249579008, "id": 1494973290099716099, "text": "I\u2019ve told a few of those stories, when asked, to colleagues in pvt school and then felt really uncomfortable because they make the excellent comps I\u2019ve loved sound like zoos, or make me sound like I thought I was in Dangerous Minds. They\u2019re not. I wasn\u2019t. It was mostly lovely."}, {"author_id": 1492203696586772480, "id": 1494972050196209664, "text": "@UshaNirmala @naikrakesh HOW CLEVERLY SHE TWISTS FACTS? SHE IS A DANGEROUS VIRUS WHICH INFECTING MINDS OF THE PEOPLE."}, {"author_id": 206113482, "id": 1494962806361366530, "text": "It is so sad to see educated woman accepting this kind of abuse and so dangerous to see this minds on TV #\u0627\u0648\u0642\u0641\u0648\u0627_\u064a\u0627\u0633\u0645\u064a\u0646_\u0639\u0632"}, {"author_id": 1484888226921955334, "id": 1494960353855291402, "text": "RT @morrigan2k: @queervengeance Because your relationship with the medications are now different, doesn't mean the entire spectrum of ADHD\u2026"}, {"author_id": 1061247386289197062, "id": 1494954134084419584, "text": "@GotabayaR @PodujanaParty If the govt don't take any action on fake reporting we hear on daily basis about people economy,education,development, environment,country will be in a dangerous position in the eyes of the world.People are confused they are in two minds what to believe?"}, {"author_id": 553520503, "id": 1494950528299806720, "text": "@CapTopPicks @APompliano Joe rogan continued doing this by exposing us to the dangerous professor of misinformation last week \u201cjoey diaz\u201d, that podcast was definitely about guiding all our thoughts and controlling our minds with misinformation!!!! https://t.co/Ji73z5tXM4"}, {"author_id": 304568228, "id": 1494943165564219394, "text": "RT @SoulVersified: @Sudhir94047449 @DrHarish139 adults watching #pornography responsibly how is that dangerous? \nProblem is free and cheap\u2026"}, {"author_id": 1256851145940762627, "id": 1494940797019426816, "text": "RT @bbcstag2: A single mom in her 40\u2019s is a dangerous type of horny but the family is kinky asf so nobody minds it really\ud83d\ude05 https://t.co/FJr\u2026"}, {"author_id": 954835045, "id": 1494937192464265223, "text": "All men dream but not equally. Those who dream by night in the dusty recesses of their minds wake in the day to find that it was vanity; but the dreamers of the day are dangerous men, for they may act their dream with open eyes to make it possible."}, {"author_id": 1272390033324929025, "id": 1494928747748737026, "text": "RT @drankitgupta37: All men dream: but not equally. Those who dream by night in the dusty recesses of their minds wake up in the day to fin\u2026"}, {"author_id": 1154441085134880769, "id": 1494928412758085633, "text": "Something in the US air and water is making TWICE more dangerous, ONCEs are collectively losing their minds"}, {"author_id": 726027651706683392, "id": 1494914902636765184, "text": "RT @LotusBharat: @ShekharGupta @praveenswami If you think they are small kids then tell those leftist nd congis to stop poisoning young min\u2026"}, {"author_id": 1164445487740493825, "id": 1494914770738180101, "text": "@OtagoGrad Yes and it's very concerning. It seems as if the left have lost their minds in their self-righteous justification of maintaining the narrative even if it goes against their core values and morals. \nThe recent events brought more awareness of how dangerous it is.\nNice quote, btw"}, {"author_id": 1038096318483316736, "id": 1494914083572879361, "text": "Yes, and I\u2019d argue that \u201cviewpoint diversity\u201d itself is as dangerous as the new ideology, if it prevents holding to truth and teaching it. When education has no basis in truth, anything can creep in \u2014 or nothing. Just blank minds. https://t.co/QUeD3wU5b9"}]