[{"author_id": 1290902493183049734, "id": 1495287940259278849, "text": "@jooniezbonsai Stop lying in broad daylight"}, {"author_id": 992353375072194561, "id": 1495287916850913280, "text": "RT @SomaDut96461948: Which were taking place behind everyone's eyes, now all those r happening in broad daylight. T masks r now gt removed\u2026"}, {"author_id": 865557503941136385, "id": 1495287913328054273, "text": "RT @SomaDut96461948: Which were taking place behind everyone's eyes, now all those r happening in broad daylight. T masks r now gt removed\u2026"}, {"author_id": 25809418, "id": 1495287864875450373, "text": "@rickeyrecricket @BigBashBoard Fireworks are better in the daylight\u2026"}, {"author_id": 1393555387463331841, "id": 1495287852342546438, "text": "def daylight from lover https://t.co/nUDON4v1ia"}, {"author_id": 1021321353419374592, "id": 1495287812824104969, "text": "RT @BhvrKing: Dead by Daylight characters as Euphoria characters \n\nA thread \ud83e\uddf5\u2728(idea inspired by @fengtheemin) \n\nFirst up we have\u2026 https://t\u2026"}, {"author_id": 1350363483506941952, "id": 1495287809464311808, "text": "Check out my broadcast from my PlayStation 4! #PS4live (Dead by Daylight)  live at https://t.co/gNoWSueMWW"}, {"author_id": 1412660707024384002, "id": 1495287726882627584, "text": "RT @JeeTaiba: Journalism is a responsible profession But in Pakistan under the guise of journalism people's personal lives are targeted and\u2026"}, {"author_id": 2420712286, "id": 1495287570082770946, "text": "RT @MSNBC: 'It does us no good to pretend that this isn't happening': Neo-Nazi gatherings in Florida spark alarm https://t.co/MNdpKBCp9O"}, {"author_id": 1069810653861478401, "id": 1495287537425858560, "text": "RT @TankBabyBoyNsfw: \"As I whisper in your ear\nI want to fucking tear you apart\" \u2764\ufe0f\u200d\ud83d\udd25\nDavid from Death by Daylight for: @DbdDavidSimp https\u2026"}, {"author_id": 1314915093742669825, "id": 1495287503368036355, "text": "RT @ysIcupid: that company fr sabotaged got7 in broad daylight by not putting eng subs for their contents like tourlog etc like? thats why\u2026"}, {"author_id": 1417512116458827777, "id": 1495287372027736065, "text": "@MichaelHallman4 @charmsblowpop It's in all but name \"non-profit\". Hospitals have been scamming communities for decades now, it's robbery in broad daylight."}, {"author_id": 135578944, "id": 1495287325768790020, "text": "RT @Rafa_Mangual: Four year old punched in broad daylight in Times Square by a guy with 51 priors per the @nypost: https://t.co/SqQD51STGN\u2026"}, {"author_id": 811544952794587136, "id": 1495287195405795328, "text": "I'm not ready to start again\nAnd you're not willing to make amends\nNow the daylight's dangerous\nAnd it is much too late for us"}, {"author_id": 1006613519859499008, "id": 1495287130792554500, "text": "RT @ysIcupid: that company fr sabotaged got7 in broad daylight by not putting eng subs for their contents like tourlog etc like? thats why\u2026"}, {"author_id": 539508983, "id": 1495287123439947776, "text": "WHAT IF DEAD BY DAYLIGHT BUT INSTEAD OF HORROR TROPE KILLERS WE'RE SHARKS?!\n\n(We playing DEPTH!)"}, {"author_id": 861203106079678465, "id": 1495287123234201603, "text": "RT @jjsmith1245: https://t.co/a5O1ZauSrh Two of Ashmeet Soni's victims were attacked in broad daylight on busy roads \u2013 one while she was wa\u2026"}, {"author_id": 1446105025600753664, "id": 1495287071354896385, "text": "@ABC Until white people start shooting each other on Main Street in broad daylight, this will not stop...."}, {"author_id": 1152849062355439617, "id": 1495287058520236032, "text": "RT @Stephen_Quentin: If you missed Nazanin on @BBCRadio4, presented by @CeriThomas01, you can catch up with all episodes on @BBCSounds. The\u2026"}, {"author_id": 3104993772, "id": 1495287031584665600, "text": "Dead by Daylight =THE ESCAPE=\n\n-------\nCLEAR\n-------\n\n#DeadbyDaylight #DbD\u30a8\u30b9\u30b1\u30a4\u30d7 #DbD\u30ab\u30d5\u30a7 #RIDDLER \n\nhttps://t.co/VohpxZRWsr"}, {"author_id": 1461500237739032576, "id": 1495286997631442946, "text": "@gigiliey LIKE BEFORE I SAW RHE PRICES\u2026. Daylight robbery i hope the boba tasted like shit TOO!"}, {"author_id": 1400453350055825411, "id": 1495286959031341059, "text": "RT @SomaDut96461948: Which were taking place behind everyone's eyes, now all those r happening in broad daylight. T masks r now gt removed\u2026"}, {"author_id": 811544952794587136, "id": 1495286894430941184, "text": "And it's the road that leads to nowhere\nBut all I want to do is go there\nShe's got me running from the daylight daylight"}, {"author_id": 2482426098, "id": 1495286871722799106, "text": "@SECGov Fines are an incentive for increased corruption. Imagine bank robbers steal $7mil in broad daylight and instead of going to jail or returning all the stolen money, they get a fine of $250,000. Would that not be an incentive for everyone to rob banks \ud83c\udfe6 #citadel #AMCSTOCK"}, {"author_id": 1456987708039909379, "id": 1495286760024076290, "text": "RT @TaylorSwiftChar: \"You Belong With Me (Taylor's version)\" (88,2M) has surpassed \"Daylight\" (87,6M) and It is now the 10th closest song o\u2026"}, {"author_id": 1447652109420310533, "id": 1495286727086280704, "text": "A girl named Claire was violated in the broad daylight in Namibia."}, {"author_id": 1483396972266799104, "id": 1495286693414330373, "text": "RT @RashmiDVS: The murder of Garishma Vekaria in broad daylight by a stalker points to the abject need of cmplsry self-def training for all\u2026"}, {"author_id": 15248759, "id": 1495286676523929605, "text": "RT @jmil400: @L_DeWeaver @OnDaBall5 @chromecastings @CousinsKevin100 @djshaneday @ricklevy67 We should have 4 months of daylight saving, li\u2026"}, {"author_id": 116918507, "id": 1495286648124461058, "text": "RT @Rafa_Mangual: Four year old punched in broad daylight in Times Square by a guy with 51 priors per the @nypost: https://t.co/SqQD51STGN\u2026"}, {"author_id": 1064952364229111809, "id": 1495286624699265025, "text": "@TwilightNK It\u2019s a joke I play used to play dead by daylight religiously lol"}, {"author_id": 1469376044511678467, "id": 1495286579178393602, "text": "you can expose them in broad daylight in the street \nnobody cares"}, {"author_id": 1247827752369008641, "id": 1495286543484923904, "text": "Police kill a man in board daylight and people praying for the dog \ud83e\udd23 na fuck that dog fr you yt folk different been fuck you all since time \ud83d\ude43 https://t.co/QxYgwaPWRx"}, {"author_id": 16174472, "id": 1495286529371312131, "text": "RT @MSNBC: 'It does us no good to pretend that this isn't happening': Neo-Nazi gatherings in Florida spark alarm https://t.co/MNdpKBCp9O"}, {"author_id": 47298848, "id": 1495286421531533313, "text": "RT @UncleLucq: @shamsul__kamal @tonyfernandes_ It's not free market or capitalism. The Air Asia protected by states against market reaction\u2026"}, {"author_id": 1451165972530753539, "id": 1495286411028623360, "text": "to bring it into daylight\uff0cand realize that nightmares aren't so scary without the protection of the dark\uff0e"}, {"author_id": 793350882, "id": 1495286363566055427, "text": "The 1st day of \"Daylight Savings Time\" (CDT) in 2022 (Mar.13 2022) is 3 wks and 21 days from today!#21DaystilDaylightSavingsTimein2022 #DaylightSavingsTime2022"}, {"author_id": 1346185262804570122, "id": 1495286284272603141, "text": "RT @simplysab_ttv: HEY FRIENDS!!! I\u2019m live for the first time this week!! Come hangout for some late night cozy dead by daylight vibes. Als\u2026"}, {"author_id": 1402653598446587908, "id": 1495286202387222532, "text": "RT @MSNBC: 'It does us no good to pretend that this isn't happening': Neo-Nazi gatherings in Florida spark alarm https://t.co/MNdpKBCp9O"}, {"author_id": 1004974740522590208, "id": 1495286185450741760, "text": "RT @Owusuakyems: God bless you for seeing the future so clearly as daylight.\n#TheFutureIsPregnant"}, {"author_id": 1142054647559069697, "id": 1495286062079520773, "text": "RT @HEBobiwine: Today we celebrate Archbishop Janan Luwum. A great contradiction that Museveni has the courage to join the celebration. For\u2026"}, {"author_id": 127637721, "id": 1495285955212763138, "text": "Had a lovely time with @HoracchiVT @Lilin_VDaemon @BulbaVT and @DanHasGames tonight. Thank you for showing smushy medic how Dead by Daylight works \ud83d\ude0a"}, {"author_id": 1702949996, "id": 1495285927316500484, "text": "daylight savings is one of the biggest pieces of evidence to show that time isn\u2019t real. how are the hours just different for a couple months. and before you say farming go out and plow a field and tell me if you care what hour it is"}, {"author_id": 826195629928022016, "id": 1495285837524787200, "text": "I\u2019m embarrassed Bc why are you doing it in broad daylight? \ud83d\ude2d\ud83d\ude2d https://t.co/KY7GpWNnZK"}, {"author_id": 354940414, "id": 1495285832751718400, "text": "RT @SteamGamesPC: \u2728\ud83c\udf81FREE STEAM GAME CODE GIVEAWAY\ud83c\udf81\u2728\n\nWin \ud83d\udd25\"Dead By Daylight\"\ud83d\udd25 Steam CD-Key\u203c\ufe0f\n\nTo enter:\u2935\ufe0f\n\u2705Follow me &amp; @GGMattt_\n\u2705Tag a Fri\u2026"}, {"author_id": 1483860980337573891, "id": 1495285719446667266, "text": "BAD LUCK I DONT WANNA BE HOME AT MIDNIGHT, SUNS UP I DONT REALLY WANNA FIGHT THE DAYLIGHT"}, {"author_id": 1379557596743405573, "id": 1495285652044201988, "text": "RT @Rafa_Mangual: Four year old punched in broad daylight in Times Square by a guy with 51 priors per the @nypost: https://t.co/SqQD51STGN\u2026"}, {"author_id": 2913889495, "id": 1495285621845282817, "text": "RT @JeeTaiba: Journalism is a responsible profession But in Pakistan under the guise of journalism people's personal lives are targeted and\u2026"}, {"author_id": 956028612121161728, "id": 1495285613720866821, "text": "RT @ysIcupid: that company fr sabotaged got7 in broad daylight by not putting eng subs for their contents like tourlog etc like? thats why\u2026"}, {"author_id": 940818966263599105, "id": 1495285548516208641, "text": "RT @MSNBC: 'It does us no good to pretend that this isn't happening': Neo-Nazi gatherings in Florida spark alarm https://t.co/MNdpKBCp9O"}, {"author_id": 4722294674, "id": 1495285356501299201, "text": "@senyamiku0 encouragement at the end of the day working in broad daylight."}, {"author_id": 1168325561309159426, "id": 1495285349244887041, "text": "RT @banndy_nexzy: BROAD DAYLIGHT STEALING IN THE NAME OF TAX \ud83d\udc40\ud83d\ude20\ud83d\ude12"}, {"author_id": 36621166, "id": 1495285346191683587, "text": "RT @RashmiDVS: The murder of Garishma Vekaria in broad daylight by a stalker points to the abject need of cmplsry self-def training for all\u2026"}, {"author_id": 1171633695393865728, "id": 1495285319683690502, "text": "RT @hvggabIe: my arm's numb but im honored to be your pillow\nyour hair tickles the tip of my nose, but thats joy\nyour eyelashes are so long\u2026"}, {"author_id": 44892466, "id": 1495285229719855108, "text": "@DMarciBeauCoup @twoeightnine NHL needs to have their players in it. I absolutely watched the living daylight out of Olympic hockey when it was the best players. Now it\u2019s like baseball. It doesn\u2019t feel like it means anything."}, {"author_id": 1862524742, "id": 1495285216545492992, "text": "RT @roganlyrics: i've been sleeping so long in a twenty year dark night, but now i see daylight https://t.co/A1vBYgJn6I"}, {"author_id": 1451133511646138382, "id": 1495285185469943809, "text": "RT @JeeTaiba: Journalism is a responsible profession But in Pakistan under the guise of journalism people's personal lives are targeted and\u2026"}, {"author_id": 3438034840, "id": 1495285178431942656, "text": "Four year old punched in broad daylight in Times Square by a guy with 51 priors per the @nypost: https://t.co/SqQD51STGN\n\n\u201cProgressive\u201d strategists: \u201ctHiNGs WeRE wOrSe iN THe \u201890s!\u201d"}, {"author_id": 1268215904875282433, "id": 1495285160857804800, "text": "RT @banndy_nexzy: BROAD DAYLIGHT STEALING IN THE NAME OF TAX \ud83d\udc40\ud83d\ude20\ud83d\ude12"}, {"author_id": 1045366960278581248, "id": 1495285056427859969, "text": "RT @ysIcupid: that company fr sabotaged got7 in broad daylight by not putting eng subs for their contents like tourlog etc like? thats why\u2026"}, {"author_id": 18688771, "id": 1495284977084211201, "text": "@wantmy2dollars_ @Ruckus69S @clay0nline @marinarapatriot @SebGorka Some were even wearing gas masks to deal with the tear gas. \n\nAll a rioter has to say in court is \"it wasn't me\" &amp; the prosecutor has to prove them wrong...but CANT.\n\nMeanwhile the Jan 6 rioters were mostly maskless in broad daylight &amp; proudly filmed themselves \ud83d\ude2e\ud83c\uddfa\ud83c\uddf2"}, {"author_id": 1430561663044841485, "id": 1495284926907707392, "text": "@Bagofbread2 @nayibbukele I have been to Central America many times\u2026 it\u2019s worst in America\u2026 you should see my ring activity houses getting robbed in daylight everyday almost."}, {"author_id": 1309121049242591233, "id": 1495284909878874113, "text": "@shamsul__kamal @tonyfernandes_ It's not free market or capitalism. The Air Asia protected by states against market reaction. \n\nThis is state sponsor daylight robbery"}]