[{"author_id": 2979806885, "id": 1494748063935651848, "text": "\"He was now in that state of fire that she loved. She wanted to be burnt.\"\n-Ana\u00efs Nin,\u00a0Delta of Venus https://t.co/3vT07IYBrG"}, {"author_id": 1479442542, "id": 1494551327678124040, "text": "RT @AnaisNin546: \u201cOnly the united beat of sex and heart together can create ecstasy.\u201d\n\nAna\u00efs Nin, Delta of Venus https://t.co/Hn7kZdLWPv"}, {"author_id": 1428836464347996160, "id": 1494387558826094594, "text": "@gia_venetia @PartitionLA The Hungry Caterpillar or selections from The Delta of Venus. One is playful, fun, and hearkens back to childhood wonder, the other is erotic poetry. Which is which depends on you... \ud83d\ude06"}, {"author_id": 1105802703169441792, "id": 1494188785784918020, "text": "RT @itshazelsimone: Hi, I'm Hazel.\n\nFavourite book? Delta of Venus\nFavourite film? Am\u00e9lie\nFavourite position? Only one way to find out \u2b07\n\n\ud83d\udc8c\u2026"}, {"author_id": 1400277678645776387, "id": 1494111746771939330, "text": "RT @AnaisNin546: \u201cOnly the united beat of sex and heart together can create ecstasy.\u201d\n\nAna\u00efs Nin, Delta of Venus https://t.co/Hn7kZdLWPv"}, {"author_id": 625474278, "id": 1493983499514265606, "text": "@_Delta_of_Venus The image incites the senses to do better than good and get to know everything about it!\nHere is the question on posts: Should the image fit the text or the text the image? \n\n\u201cFemale foot seeking love belonging to ex-ballerina\u201d"}, {"author_id": 776667730955100160, "id": 1493595590475010049, "text": "RT @NASASun: Q: How do you fly to the Sun?\n\nA: You planet! \ud83d\ude02  You need a powerful Delta IV Heavy rocket, a state-of-the-art heat shield, an\u2026"}, {"author_id": 1391353806982717445, "id": 1493476690261118979, "text": "RT @Jkdking01: \"they were now in that state of fire that she loved. she wanted to be burnt\" - Ana\u00efs Nin, Delta of Venus. https://t.co/Mrd2j\u2026"}, {"author_id": 73825597, "id": 1493365872253337603, "text": "RT @NASASun: Q: How do you fly to the Sun?\n\nA: You planet! \ud83d\ude02  You need a powerful Delta IV Heavy rocket, a state-of-the-art heat shield, an\u2026"}, {"author_id": 1493049279929151491, "id": 1493078537418555393, "text": "(*EPUB)-&gt;DOWNLOAD Delta of Venus https://t.co/r3WdDAcglG https://t.co/A5806dCrs6"}, {"author_id": 1328514318548180994, "id": 1492991198918705154, "text": "RT @Jkdking01: \"they were now in that state of fire that she loved. she wanted to be burnt\" - Ana\u00efs Nin, Delta of Venus. https://t.co/Mrd2j\u2026"}, {"author_id": 1048980698474995714, "id": 1492990390609211398, "text": "RT @Jkdking01: \"they were now in that state of fire that she loved. she wanted to be burnt\" - Ana\u00efs Nin, Delta of Venus. https://t.co/Mrd2j\u2026"}, {"author_id": 1224040351675142149, "id": 1492957170744414214, "text": "RT @AnaisNin546: \u201cOnly the united beat of sex and heart together can create ecstasy.\u201d\n\nAna\u00efs Nin, Delta of Venus https://t.co/Hn7kZdLWPv"}, {"author_id": 1363938082349871106, "id": 1492928354403639303, "text": "RT @manny_tell: Delta Of Venus In Blue Jeans\n #TunefulTomes"}, {"author_id": 3421662243, "id": 1492927490943295496, "text": "Delta Of Venus In Blue Jeans\n #TunefulTomes"}, {"author_id": 1487451943341637634, "id": 1492923778136956935, "text": "RT @AnaisNin546: \u201cOnly the united beat of sex and heart together can create ecstasy.\u201d\n\nAna\u00efs Nin, Delta of Venus https://t.co/Hn7kZdLWPv"}, {"author_id": 1071668431378882560, "id": 1492869356073766914, "text": "RT @AnaisNin546: \u201cOnly the united beat of sex and heart together can create ecstasy.\u201d\n\nAna\u00efs Nin, Delta of Venus https://t.co/Hn7kZdLWPv"}, {"author_id": 1330053685, "id": 1492775470613553152, "text": "RT @AnaisNin546: \u201cOnly the united beat of sex and heart together can create ecstasy.\u201d\n\nAna\u00efs Nin, Delta of Venus https://t.co/Hn7kZdLWPv"}, {"author_id": 404109361, "id": 1492773839645806592, "text": "RT @AnaisNin546: \u201cOnly the united beat of sex and heart together can create ecstasy.\u201d\n\nAna\u00efs Nin, Delta of Venus https://t.co/Hn7kZdLWPv"}]