[{"author_id": 1259644772907724813, "id": 1495284909845405696, "text": "@mollygos It\u2019s like that museum exhibit in Demolition Man"}, {"author_id": 33783489, "id": 1495282978079002624, "text": "@mollygos Its like the movie demolition man"}, {"author_id": 1451605116885168129, "id": 1495281063173758979, "text": "\"Demolition Man\" is the movie, just FYI https://t.co/Js23eA9oED"}, {"author_id": 2788470623, "id": 1495261616157437954, "text": "@RandomRetroDude Omg 3DO I miss that system so much. Gex and Demolition Man were my jam. Road Rash I think I played on genesis. 3DO better version?"}, {"author_id": 256965158, "id": 1495261234836357123, "text": "@fastackl Believe it or not - demolition man  was hilariously on the money in moments"}, {"author_id": 1439078288417333252, "id": 1495253928954535936, "text": "@RiverseCowboy That top pic reminds me of the dude from Demolition Man. https://t.co/55goHfynp4"}, {"author_id": 1058058975193763840, "id": 1495248568814383112, "text": "Good lord, Wesley Snopes is awesome in Demolition Man! I wish he had gotten to play villains like Simon Phoenix more often https://t.co/HlS86UcFEp"}, {"author_id": 1336402427327733761, "id": 1495246605997547524, "text": "Now I need to see a https://t.co/nqB0qe2g8s.feels page on insta. That shot would be fire"}, {"author_id": 364441422, "id": 1495243569669492744, "text": "I *really* want to watch Demolition Man now."}, {"author_id": 1204960161099649024, "id": 1495241756908179457, "text": "How dare @HISTORY not show @tacobell on \u201cThe food that built America\u201d when clearly Demolition man predicted to be the top winner."}, {"author_id": 4705865785, "id": 1495241729078972417, "text": "Is this Demolition Man? https://t.co/prOhpN7N0f"}, {"author_id": 756257428388257792, "id": 1495239786080133125, "text": "Demolition Man fuckin slaps @MollyH_PhD"}, {"author_id": 355143622, "id": 1495239623504769024, "text": "@ChaseNCashe He look like Wesley snipes character in demolition man.. if he had high blood pressure"}, {"author_id": 1250532695089823744, "id": 1495231285429776386, "text": "WPC-DCS: Demolition Man, the active ROM bank is 27, the active ROM bank is 27, CC register value is 0x81, the active ROM bank is 27, diagnostic LED is on, the active ROM bank is 27. #Pinball https://t.co/wykTRWp44n"}, {"author_id": 364441422, "id": 1495227534560145415, "text": "The big problem is, a film that is already satirical and darkly funny, thinks Dredd need Duece Bigalow as his comedy sidekick.\n\nIt doesn't. The two \"Basically Judge Dredd\" films, Robocop and Demolition Man, sure as he'll didn't need one. https://t.co/8y8rS3AQBU"}, {"author_id": 1392264797714935809, "id": 1495226509891543043, "text": "@SaintEd61 I haven't watched those movies. I should check them out.\n I agree watching movies knowing what we know now it changes them a bit. You see it from another perspective. Even watching an old corny movie like demolition man. \nThey had a one world government etc."}, {"author_id": 247634049, "id": 1495225336723906563, "text": "Wesley Snipes needs to sue all these dudes that keep stealing his look from demolition man cause it's way outta hand now"}, {"author_id": 839027893, "id": 1495225101092016130, "text": "@OdysseyFunk Less known but good: Sneakers, Demolition Man, Boss Level, Office Space\nOut there but interesting: Coma, Archive, The Circle, The Platform"}, {"author_id": 1199723954715410433, "id": 1495223258718867456, "text": "@TheCameronRice im really wondering when we start the weird circle \"handshake\" from Demolition Man. its kinda great."}, {"author_id": 1075236272891879425, "id": 1495221331368968195, "text": "In the DAZN opener, Rafael \u201cEl Divino\u201d Espinoza (18-0, 15 KOs), 27 of Guadalajara, Mexico, stopped Alie \u201cDemolition Man\u201d Laurel (18-7-1, 11 KOs), 30, of Sampaloc, Philippines, for the first time in his career in round-one of their scheduled 10-round featherweight contest. #boxing"}, {"author_id": 364441422, "id": 1495220957543342086, "text": "And mask off could have still worked as Stallone made a brilliant Judge Dredd film two years earlier, in Demolition Man."}, {"author_id": 357082490, "id": 1495219417193529349, "text": "RT @KSMitchell77: Am I the only one in Canada that feels like I am living Demolition Man in real time. I am waiting to violate the Verbal M\u2026"}, {"author_id": 414074642, "id": 1495218721572278272, "text": "Am I the only one in Canada that feels like I am living Demolition Man in real time. I am waiting to violate the Verbal Morality Code and be fined credits!"}, {"author_id": 1088500328557891585, "id": 1495212341692096526, "text": "@ManletThorin Demolition Man rules, enjoy"}, {"author_id": 1487162843434782725, "id": 1495208894846615557, "text": "@makeitstop21 Hey does the Movie Demolition Man ring a bell"}, {"author_id": 338894792, "id": 1495208830938062848, "text": "@DanRera This shit is like the three shells in Demolition Man. It\u2019ll all make sense after the rapture\u2026which will apparently center around the University of Michigan"}, {"author_id": 4071665709, "id": 1495196208465256453, "text": "@Demolition_Nuke @Augmented1_ @dantekilz @OfflineBTW @im_kipper Im sorry man but that intentional oversight you made is just embarrassing"}, {"author_id": 1117882918049865730, "id": 1495188221864595460, "text": "RT @abeersami112: \ud83c\uddf5\ud83c\uddf8#Palestine || The Israeli occupation forces detain a Palestinian young man while he is trying to stop the demolition of\u2026"}, {"author_id": 2866985969, "id": 1495175677645045764, "text": "RT @BadWolfe09: If you haven\u2019t seen Demolition Man, you need to go watch it. Thank me later. https://t.co/KXttXkw9Fn"}, {"author_id": 931635274899058688, "id": 1495175146004492298, "text": "@KevinBaum013 The Demolition Man references are slammin\u2019"}, {"author_id": 79327305, "id": 1495175139155226627, "text": "Demolition job. My man @SpecialKBrook! My man. Yes!!!!!!!!!!!!!!!"}, {"author_id": 4738489289, "id": 1495173820671578113, "text": "this article is sick! I need to rewatch this movie asap https://t.co/uJMSSUVmzd"}, {"author_id": 142444860, "id": 1495172417064472577, "text": "Oh Em Gee! That Livingston was aliiive! @HowdenPark Centre. What a fun gig. Highlights were Leather Master, Paisley Pies, Stuart the Demolition man, Navy Project Manager and \u2018Gay Account Manager!\u2019 Whit a riot! \ud83d\ude02"}, {"author_id": 822049969943154689, "id": 1495165167516237830, "text": "That's the museum from Demolition Man. https://t.co/XprwVthoUt"}, {"author_id": 1222643950684639232, "id": 1495162432494477316, "text": "@BoneJail Demolition Man movie is a good depiction"}, {"author_id": 866958995784970241, "id": 1495162402274484224, "text": "RT @iliad1orig: @earthygirl011 @davesh153 He is a demolition do little man\n\nPurposefully doing very little but feeding the preposterous Pus\u2026"}, {"author_id": 939616491321749504, "id": 1495161988703416320, "text": "Tough but I\u2019d go Demolition man, bad boys, matrix https://t.co/w7gcroCDEZ"}, {"author_id": 908679734, "id": 1495161031005454340, "text": "@UberFacts Has nobody seen Demolition Man?? https://t.co/cer4wG3TDU"}, {"author_id": 1481822518201786369, "id": 1495155531094319111, "text": "San Angelos society in demolition man is filled with soyjacks"}, {"author_id": 1486790409963589636, "id": 1495153187279581189, "text": "@BadWolfe09 If you haven't seen demolition man are you ok"}, {"author_id": 1436844612, "id": 1495149101725458436, "text": "RT @BadWolfe09: If you haven\u2019t seen Demolition Man, you need to go watch it. Thank me later. https://t.co/KXttXkw9Fn"}, {"author_id": 342180772, "id": 1495149035400962062, "text": "If you haven\u2019t seen Demolition Man, you need to go watch it. Thank me later. https://t.co/KXttXkw9Fn"}, {"author_id": 29388336, "id": 1495147351975018500, "text": "Demolition Man? RT @UberFacts: Roughly 500 deceased people are currently frozen, waiting to be revived with future technology"}, {"author_id": 462783972, "id": 1495143815295946756, "text": "@bradleyjorgie If you where an honest man after watching mast weeks demolition Glenavons the best the lot"}, {"author_id": 922970359304990720, "id": 1495142690819870721, "text": "@unormal @balmut_ In the future according to demolition man, all restaurants are taco bell. It fits the whole post-cataclysmic theme."}, {"author_id": 2527395063, "id": 1495134616675622914, "text": "Matt Henry - man of Kent! https://t.co/QxM4M4NhEH"}, {"author_id": 154278967, "id": 1495124019774996493, "text": "@TheFreds It's fucking Demolition man coming true \ud83e\udd2c"}, {"author_id": 2691102488, "id": 1495121740799823879, "text": "@Rushthewriter @JustinRust This was the start of a great run. From 1991-93, he was in New Jack City, White Men Can't Jump, Passenger 57, Boiling Point, Rising Sun and Demolition Man."}, {"author_id": 952291667998101504, "id": 1495120173753323520, "text": "@vanguardngrnews One man Demolition squad"}, {"author_id": 951017257601155072, "id": 1495113082162790401, "text": "@DanBarreiroKFAN ..Sandra Bullock was the first to \"O\" in the Metaverse in the 1993 film, \"Demolition Man\" starring Sylvester Stallone and Wesley Snipes.. the more you know.."}, {"author_id": 1353762757011787777, "id": 1495110081397940225, "text": "looks like a scene straight out of demolition man https://t.co/2jj6iLlNVj"}, {"author_id": 1490751614012977152, "id": 1495105676191830020, "text": "RT @PaulJ996: @NotaliaMateo Energy/Climate Mandates, Social Credits System, Financial control. Creating Non Thinkers (already well under wa\u2026"}, {"author_id": 769000335310524417, "id": 1495105591181824004, "text": "@gamesyouloved Two words\u2026Demolition Man"}, {"author_id": 893604255529144320, "id": 1495099630199181315, "text": "@lizmh70 Klaus Schwab is reminiscent of this guy from the movie Demolition Man. https://t.co/KlWenZMHod"}, {"author_id": 3119020044, "id": 1495092922701819907, "text": "Have any of you seen the older movie \"Demolition Man\"??? You know the fake liberal dystopian future where everyone is a fruitcake and dumber than shit??? https://t.co/VvRIth2kkZ"}, {"author_id": 1292337150155988992, "id": 1495092160923852803, "text": "Natural human emotions don\u2019t equal mental health issues \u2026 it\u2019s like we livin\u2019 in demolition man and nobody allowed to express anything but happiness .."}, {"author_id": 1115672288177709056, "id": 1495087209590018048, "text": "@NotaliaMateo Energy/Climate Mandates, Social Credits System, Financial control. Creating Non Thinkers (already well under way).\nStart by watching the movies Demolition Man &amp; Idiocracy &amp; you'll get the general idea.\nMarburg or HIV may arrive before or during but that's just another conspiracy."}, {"author_id": 1115672288177709056, "id": 1495085893518082055, "text": "@NotaliaMateo @trekkadozo @BrydenBradley Energy/Climate Mandates, Social Credits System, Financial control. Creating Non Thinkers (already well under way).\nStart by watching the movies Demolition Man &amp; Idiocracy &amp; you'll get the general idea."}, {"author_id": 2912362011, "id": 1495080342952230912, "text": "@TheFreds It all reminds me of Demolition Man..."}, {"author_id": 1351386365133418498, "id": 1495078256671744003, "text": "@LatinxPutler I've hired a 2 man mexican demolition crew that did better work than that\ud83e\udd23"}, {"author_id": 893604255529144320, "id": 1495076072764985345, "text": "Eureka! I couldn't put my finger on it til now.\nThe movie \"Demolition Man\". \ud83d\ude02\nKlause Schwab is Dr. Raymond Cocteau or vise versa https://t.co/rzWZ1xhfnK https://t.co/8EwOEAfkdg"}, {"author_id": 22684143, "id": 1495076056927293445, "text": "@Brooker411 She RULES in Demolition Man!"}, {"author_id": 129663762, "id": 1495075767914577922, "text": "@misterdv She\u2019s outstanding. \nI always think her genuinely laugh out loud performance in Demolition Man is often overlooked. \n\nShe looks great in Lost City. I\u2019m pumped for that. \nBah, Spu was alright. I liked it. But take Statham out of it and it\u2019s completely forgettable"}, {"author_id": 80962927, "id": 1495073769408372739, "text": "Hell, one of the main reasons I like one of man friends is because he works in demolition.\n\nThat\u2019s big, beefy man energy! Big piece of chicken, energy!"}, {"author_id": 1469225499662692355, "id": 1495073596380753922, "text": "@openplains12 @ConceptualJames That sounds cooler than what I anticipate, more like simply Demolition Man meets Nineteen Eighty-Four. All the promising high tech gets pushed back by \"the other side\" so we only get the worst of both worlds, the most conservative of centralized, planned obsolescence dystopias."}, {"author_id": 210277611, "id": 1495070789707898881, "text": "Rodman Spurs Debut - Birth of Demolition Man https://t.co/aJbVg4mJly @YouTube"}, {"author_id": 1408790160112717829, "id": 1495064564634828801, "text": "RT @pelican_food: @daven_skilnyk @laliluLeahlo @zenocoyote Taco Bell is in the dystopian future of Demolition Man lol"}, {"author_id": 1453177716241362945, "id": 1495058676872146949, "text": "@Roxyfighter You should grill them as rat burgers like in demolition man"}, {"author_id": 38739341, "id": 1495057885470113793, "text": "@joshstifter Demolition Man and you just cover their eyes and ears for the bad parts. (Actual answer, I agree with playing anything Ernest)"}]