[{"author_id": 1214277650312646656, "id": 1494056683647250433, "text": "@grady_hendrix I mean, real props for pulling out Destiny Turns on the Radio in the first few paragraphs, only available on region 4 DVD. I had to buy a portable DVD player to even watch it."}, {"author_id": 2584732664, "id": 1494040439174971395, "text": "@cheeserburger I grew up with a guy who is now a somewhat well-known film critic. In 7th grade he saw Destiny Turns on the Radio and the first thing he told me about it was \u201cyeah he should stop acting. His chin\u2019s all fucked up\u201d"}]