[{"author_id": 1040142109, "id": 1495252858865917954, "text": "@HReview73 I'll go Die Hard With a Vengeance."}, {"author_id": 1048792681776910340, "id": 1495239844573945862, "text": "Die Hard with a Vengeance https://t.co/WBhhpZQyeb"}, {"author_id": 815390069787860992, "id": 1495237858587820043, "text": "@HReview73 Die Hard with a Vengeance. Bruce Willis forever!"}, {"author_id": 37054858, "id": 1495237448682639360, "text": "@HReview73 Die hard with a vengeance"}, {"author_id": 1263480304347553794, "id": 1495223983968501763, "text": "RT @HReview73: True Lies or Die Hard with a Vengeance? https://t.co/d0PESt2BbP"}, {"author_id": 608053140, "id": 1495214805715722244, "text": "RT @HReview73: True Lies or Die Hard with a Vengeance? https://t.co/d0PESt2BbP"}, {"author_id": 233718748, "id": 1495212989141684225, "text": "RT @HReview73: True Lies or Die Hard with a Vengeance? https://t.co/d0PESt2BbP"}, {"author_id": 3122352269, "id": 1495210776990257160, "text": "@HReview73 Die Hard with a Vengeance! \u201cYou\u2019re brother Hans was a real A**hole!\u201d\n\u201cYes he was.\u201d"}, {"author_id": 1442171773961654272, "id": 1495209434670317570, "text": "Die Hard all day! I would consider Die Hard with a Vengeance one of the best one in the series.. https://t.co/HcLi0itWUS https://t.co/2p30g3qs8R"}, {"author_id": 20193923, "id": 1495207038665822208, "text": "@HReview73 Die Hard with a Vengeance"}, {"author_id": 167762477, "id": 1495202212288552968, "text": "@HReview73 Die Hard with a Vengeance https://t.co/frmyrJf6yS"}, {"author_id": 848672021978415106, "id": 1495188437875494912, "text": "RT @HReview73: True Lies or Die Hard with a Vengeance? https://t.co/d0PESt2BbP"}, {"author_id": 17410413, "id": 1495170340447604736, "text": "At the 9 minute mark of Die Hard with a Vengeance ...\n\nAnd they couldn't shoot THIS scene today"}, {"author_id": 50484999, "id": 1495144506097872904, "text": "@andrewfx_51 @mattstew_art Die Hard 2's mint, but how it can be seen as superior to Die Hard With a Vengeance is baffling."}, {"author_id": 118752246, "id": 1495144048046264327, "text": "@HReview73 Die hard with a vengeance"}, {"author_id": 1461805093280485380, "id": 1495124698077839361, "text": "#BlackTwitter even in my tweets I am educating myself. Old habits die hard...with a vengeance ."}, {"author_id": 1661504791, "id": 1495121644293083145, "text": "@BigMedicine @ShawnGoldwater @ToulasTake And Mr. Squall via old man winter came back with a vengeance. This is a better sequel than Die Hard 2 \ud83e\udd23\ud83e\udd23\ud83e\udd23 Die Hard 3 was as good as the first imo. I want to forget about 4+ \ud83e\udd23"}, {"author_id": 303169844, "id": 1495116694985056266, "text": "@HReview73 True Lies. But I do like Die Hard With A Vengeance"}, {"author_id": 3305182084, "id": 1495114674479771651, "text": "RT @HReview73: True Lies or Die Hard with a Vengeance? https://t.co/d0PESt2BbP"}, {"author_id": 47656326, "id": 1495113279785611268, "text": "@HReview73 Die Hard With A Vengeance"}, {"author_id": 238733992, "id": 1495110823601074179, "text": "@HReview73 Die hard with a vengeance but its close ive always felt bruce willis is a better action star than arnold"}, {"author_id": 274269959, "id": 1495110496625864707, "text": "@HReview73 Very close, Die Hard with a Vengeance"}, {"author_id": 57387727, "id": 1495109559962251273, "text": "@HReview73 Die Hard With A Vengeance \ud83d\udcaf\ud83d\udcaf\ud83d\udcaf\ud83d\udcaf https://t.co/UyCCbUrRbo"}, {"author_id": 1458095175633362964, "id": 1495108250638950401, "text": "@HReview73 Die Hard with a vengeance"}, {"author_id": 1303798818069254150, "id": 1495104026106548225, "text": "#NowWatching Die Hard With A Vengeance (1995). \n\n\"Hey, fuckhead. Yeah, you, fuckhead. There's just one thing I got to know... you got any aspirins? I've had a bad fucking headache all day long.\" \n\nWhat a film for Saturday night! \ud83d\udd25\ud83d\udd25\ud83d\udd25\n\nLet's do this... https://t.co/UfhVvd0q6V"}, {"author_id": 352043028, "id": 1495096314404782087, "text": "True Lies or Die Hard with a Vengeance? https://t.co/d0PESt2BbP"}, {"author_id": 803707999592267776, "id": 1495070262395654151, "text": "When you are Bruce Willis in Die hard with a Vengeance. https://t.co/5lG7A9FJqz"}, {"author_id": 229026021, "id": 1495006053993521157, "text": "RT @matthewdmarsden: Just watching Die Hard With A Vengeance. The cab sequence is incredible stunt driving."}, {"author_id": 3307303587, "id": 1494954502608273409, "text": "@nielskalkman Zo lastig dit: Dark Knight, Interstellar, the Departed, Matrix, the Return of the King, Die hard with a vengeance, Kill Bill, Shawshank Redemption, Schindler\u2019s List, Jurassic Park, Watchmen, Grand Budapest Hotel, Amelie, Blues Brothers, Seven, Big Hero 6, Terminator 2."}, {"author_id": 11281392, "id": 1494895735967338501, "text": "Old habits Die Hard with a Vengeance"}, {"author_id": 778284816617705472, "id": 1494891323010158593, "text": "Tautulli (BUSYBEAGLE)\nExistentialist (Chromecast) started playing Die Hard With A Vengeance. https://t.co/F2zmyt05hO"}, {"author_id": 3530136020, "id": 1494879631660490755, "text": "Just watching Die Hard With A Vengeance. The cab sequence is incredible stunt driving."}, {"author_id": 24641849, "id": 1494879333906731009, "text": "@mattstew_art Die Hard with a Vengeance better than Die Hard 2 Die Harder"}, {"author_id": 14524664, "id": 1494814084428181507, "text": "@tomworthtweets Die Hard then With A Vengeance then 2. There are only 3 Die Hard films."}, {"author_id": 1060212036, "id": 1494791332681981961, "text": "@ProfessorFerg8 Think John McClane walking round Harlem in Die Hard with a Vengeance, and Trudeau in one of his old costumes"}, {"author_id": 4678936758, "id": 1494784040683163649, "text": "@Chillindamos1 Die Hard with a Vengeance is better than DH2"}, {"author_id": 723157924437217280, "id": 1494774892704772096, "text": "RT @JoinNerdParty: Retooling a good script, John McTiernan reteamed w/ Bruce Willis to salve the let-down of Die Hard 2 w/ \"Die Hard with a\u2026"}, {"author_id": 4399769595, "id": 1494747519171112962, "text": "@gamesyouloved Die Hard: With A Vengeance https://t.co/yPqMAwcRCZ"}, {"author_id": 543102521, "id": 1494745584674160645, "text": "@colleen_eileen Die Hard with a Vengeance plot device favourite meal confirmation! This Friday rocks!"}, {"author_id": 1021828980779962368, "id": 1494641318907506690, "text": "@Beerenalia Plus the cover of that album got her the acting gig in Die Hard with a Vengeance."}, {"author_id": 182024231, "id": 1494585698883678218, "text": "@allahliker @_FleerUltra I am immediately setting up my ice cream truck in this zone die hard with a vengeance x hebdo style"}, {"author_id": 726441402658332672, "id": 1494456976742436870, "text": "@blumenfeld I will defend Die Hard with a Vengeance to the death\u2026hard\u2026with a vengeance\u2026to the death hard aaaaaaaaaaaaaahhhhhhhhhh"}, {"author_id": 1369898294, "id": 1494427356311785479, "text": "@disneyplus How do I change the age rating on my account... I was wanting  to watch Die Hard with a Vengeance, but it's apparently set to 14.. I'm 47 ... thanks for the help"}, {"author_id": 155936725, "id": 1494385161756037138, "text": "RT @JoinNerdParty: Retooling a good script, John McTiernan reteamed w/ Bruce Willis to salve the let-down of Die Hard 2 w/ \"Die Hard with a\u2026"}, {"author_id": 391255342, "id": 1494377406173433857, "text": "@bushontheradio Seconding the original Pelham 123 and Italian Job. Die Hard with a Vengeance is also pretty good.\n\nBuster gets an honourable mention, too."}, {"author_id": 882597763527192576, "id": 1494376079984893954, "text": "RT @JoinNerdParty: Retooling a good script, John McTiernan reteamed w/ Bruce Willis to salve the let-down of Die Hard 2 w/ \"Die Hard with a\u2026"}, {"author_id": 25819655, "id": 1494369304946561025, "text": "RT @JoinNerdParty: Retooling a good script, John McTiernan reteamed w/ Bruce Willis to salve the let-down of Die Hard 2 w/ \"Die Hard with a\u2026"}, {"author_id": 2724306417, "id": 1494362653111762949, "text": "RT @JoinNerdParty: Retooling a good script, John McTiernan reteamed w/ Bruce Willis to salve the let-down of Die Hard 2 w/ \"Die Hard with a\u2026"}, {"author_id": 86796953, "id": 1494361901270290437, "text": "RT @JoinNerdParty: Retooling a good script, John McTiernan reteamed w/ Bruce Willis to salve the let-down of Die Hard 2 w/ \"Die Hard with a\u2026"}, {"author_id": 2488011204, "id": 1494358090145308678, "text": "RT @JoinNerdParty: Retooling a good script, John McTiernan reteamed w/ Bruce Willis to salve the let-down of Die Hard 2 w/ \"Die Hard with a\u2026"}, {"author_id": 14581772, "id": 1494352069804716034, "text": "RT @JoinNerdParty: Retooling a good script, John McTiernan reteamed w/ Bruce Willis to salve the let-down of Die Hard 2 w/ \"Die Hard with a\u2026"}, {"author_id": 74029492, "id": 1494351972903710723, "text": "Die Hard with a Vengeance is great. https://t.co/3TYriLjaC8"}, {"author_id": 41079852, "id": 1494351175889600516, "text": "RT @JoinNerdParty: Retooling a good script, John McTiernan reteamed w/ Bruce Willis to salve the let-down of Die Hard 2 w/ \"Die Hard with a\u2026"}, {"author_id": 201574313, "id": 1494351021555994629, "text": "RT @JoinNerdParty: Retooling a good script, John McTiernan reteamed w/ Bruce Willis to salve the let-down of Die Hard 2 w/ \"Die Hard with a\u2026"}, {"author_id": 2732472312, "id": 1494350750947889158, "text": "Retooling a good script, John McTiernan reteamed w/ Bruce Willis to salve the let-down of Die Hard 2 w/ \"Die Hard with a Vengeance.\" Attaching Sam Jackson &amp; Jeremy Irons, did they create new magic or dilute the memory of a classic?\n\n#PodernFamily #Podcast\nhttps://t.co/8sFjvEC8mT https://t.co/yYqESNHruf"}, {"author_id": 78923213, "id": 1494339814254161923, "text": "@HG_101 @EstalonRocko -looks up Die Hard with a Vengeance release date- https://t.co/He5i4aOMx1"}, {"author_id": 1445123848098222106, "id": 1494288709495230471, "text": "@KaylaChowShow Die Hard \nAnd Die Hard with a Vengeance\nNot a big fan of Die Harder, but I still watch it \ud83e\udd23"}, {"author_id": 90472721, "id": 1494275333935218695, "text": "People will get mad about this, but my counter point is 3rd movies should usually involve a robot (See Superman 3 and Die Hard With a Vengeance) https://t.co/zHNUkejiy8"}, {"author_id": 1311923770567938050, "id": 1494264737168830465, "text": "@ladbible Die hard with a vengeance.\nTop gun."}, {"author_id": 123356769, "id": 1494120884549799938, "text": "@Ginsburg i remember recording the world broadcast premiere of \"die hard with a vengeance\" back in 1999 and i watched half of it, went on a school field trip and then came home and find out that indian soaps had been recorded over it, literally stopped at the heist scene!"}, {"author_id": 2349903380, "id": 1494092030133342214, "text": "@ryanpaige @BOBMONEY711 @mattyglesias He was an important figure in Die Hard: with a vengeance"}, {"author_id": 1054009990955057153, "id": 1494059871179788291, "text": "@DebStevo90 @shooterkriegler Who knew Die Hard with a Vengeance was a history lesson?"}, {"author_id": 16410125, "id": 1494055972377178119, "text": "RT @DebStevo90: Simon says we are #NowWatching Die Hard with a Vengeance (1995) I haven\u2019t seen any DH film past this and I feel like I don\u2019\u2026"}, {"author_id": 60407454, "id": 1494050716255674374, "text": "Simon says we are #NowWatching Die Hard with a Vengeance (1995) I haven\u2019t seen any DH film past this and I feel like I don\u2019t need to. So flipping good! \n\nEnjoy your evening! https://t.co/l2GmrC8UKz"}, {"author_id": 581720378, "id": 1493956101427113988, "text": "Three In One @BBCSheffield Answer:\n1995 February Die Hard With A Vengeance Movie Theme\n1995 February Sharon Stone - Ellen \"The Lady\" - The Quick And The Dead Mystery Voice\n1995 February Celine Dion - Think Twice Intro"}, {"author_id": 1445862416454086660, "id": 1493809122323619841, "text": "@ConceptualJames Ah the 90s. Die Hard With a Vengeance. The Matrix. MMMBop. James Lindsay's fraudulent papers. Good times."}, {"author_id": 1357152655869698051, "id": 1493795098085187585, "text": "Is Die Hard : With A Vengeance good???"}, {"author_id": 51672093, "id": 1493784079577194500, "text": "\u2533\u253b|\n\u253b\u2533|\n\u2533\u253b|\n\u253b\u2533|\n\u2533\u253b|\n\u253b\u2533|\n\u2533\u253b|\n\u253b\u2533|\n\u2533\u253b|\n\u253b\u2533|\n\u2533\u253b|\n\u253b\u2533|\n\u2533\u253b| _\n\u253b\u2533| \u2022.\u2022)  \"Die Hard with a Vengeance\"\n\u2533\u253b|\u2282\uff89   is the best one.\n\u253b\u2533|"}, {"author_id": 786430409315717120, "id": 1493764923947687936, "text": "RT @Breon: 7 Days to Die Hard with a Vengeance!\n\nhttps://t.co/dPnu1LjfXO"}, {"author_id": 15865902, "id": 1493764913050750976, "text": "7 Days to Die Hard with a Vengeance!\n\nhttps://t.co/dPnu1LjfXO"}, {"author_id": 12145352, "id": 1493749308620947460, "text": "@SaraJBenincasa I made shooting Die Hard with a Vengeance difficult at 72nd St AND in the Village. They were in my way anywhere I wanted to go. \ud83d\ude29"}, {"author_id": 1186953650, "id": 1493745028736241672, "text": "@GregYuppie Nah die hard with a vengeance was great"}, {"author_id": 608053140, "id": 1493745000240328706, "text": "Top 50 crime thrillers No 20 - Die Hard With A Vengeance https://t.co/Z2acZtBDC4"}, {"author_id": 164435509, "id": 1493734965682475014, "text": "@turksespinnekop I love Die Hard with a Vengeance, would\u2019ve been interesting with Riggs and Murtaugh. I always thought Die Hard with a Vengeance felt like a second cousin to Lethal Weapon."}, {"author_id": 26805855, "id": 1493690034112761857, "text": "@darylwriterguy Old Bruce: \u201cYou\u2019re going to say no to every \u2018Die Hard\u2019 after \u2018With a Vengeance\u2019\u201d\n\nYoung Bruce: \u201cNo way, I love money!\u201d\n\nOld Bruce starts laughing maniacally, hand inching towards something taped to his back."}, {"author_id": 1310541766890860544, "id": 1493668991272902662, "text": "Die Hard with a Vengeance with Bruce Willis and Angela Bassett.\n\nThat would've been AMAZING. https://t.co/kkloxY7vlA https://t.co/96ItNLwhDc"}, {"author_id": 1301888925699641347, "id": 1493616494445568012, "text": "The best part of \"Die Hard With a Vengeance\" is when they steal the kids' bikes.\n\nRight after the kid says, \"You can steal city hall!\" https://t.co/TtxdPayBOM"}, {"author_id": 1390629809408020480, "id": 1493579040573190145, "text": "@korndiddy Mighty Ducks 2 and/or 3, Die Hard with a Vengeance (the one with Samuel Jackson)or Live Free or Die Hard... Finally, my fave underrated movie AND  Samuel L Jackson's fave character to play \"The Long Kiss Goodnight\" ya that one def"}, {"author_id": 3155875826, "id": 1493549307559038986, "text": "Hey @Alsboringtweets maybe the person leaving the stickers is the brother of the person who used to leave the beer bottles around to avenge him.  Like the guy in Die Hard With A Vengeance."}, {"author_id": 1337632543, "id": 1493532868592779271, "text": "@yousseffouzan99 @FilmstoFilms_ And :\nSeven\nTitanic\nThe sixth sense\nThe Man in the Iron Mask\nDie Hard with a Vengeance\nMission Impossible 1"}, {"author_id": 959924642503835651, "id": 1493487641093808129, "text": "@MaracleMan I am vengeance, Die Hard with a vengeance, Vengeance, or Acts of vengeance"}, {"author_id": 571357629, "id": 1493363770713939968, "text": "@ThatEricAlper Die Hard with a Vengeance:  Summer in the City, bomb goes off and off we go to a great movie.  I Always blast that song to warn my pets we're watching it Again!!!\ud83d\ude0a\ud83d\ude0a\ud83d\ude0a"}, {"author_id": 2757360866, "id": 1493350611022225409, "text": "@ThatEricAlper These all come to mind\u2026\nStar Wars\nRaiders of the Lost Ark\nThe Dark Knight \nDie Hard with a Vengeance \nOnce Upon a Time in the West"}, {"author_id": 130040478, "id": 1493347656659357696, "text": "Only The Good Habits Die Hard With A Vengeance"}, {"author_id": 1332143741948354561, "id": 1493334922085425165, "text": "Let\u2019s settle this right now. \n- Die Hard IS a Christmas movie.\n- Die Hard 2 is also a Christmas movie.\n- Die Hard with a Vengeance is a romantic comedy\n- Live Free or Die hard is a fantasy documentary. \n\nAnd finally...\n- A Good Day to Die Hard is a mistake"}, {"author_id": 951902343829716992, "id": 1493326768710856707, "text": "@ThatEricAlper Die Hard with a vengeance"}, {"author_id": 781797426, "id": 1493302334784516096, "text": "@Stevevolkwriter @Live_for_Films Die Hard With a Vengeance. What the fuck does that even mean?"}, {"author_id": 953245539881058304, "id": 1493297682248515585, "text": "RT @JRaw1285part2: @ChetMonteiro Can't find one, but insert a gif of Jeremy irons in die hard with a vengeance saying \"hook, line and sinke\u2026"}, {"author_id": 1310929907829166080, "id": 1493297224301760513, "text": "@ChetMonteiro Can't find one, but insert a gif of Jeremy irons in die hard with a vengeance saying \"hook, line and sinker\" right hwre"}, {"author_id": 30573964, "id": 1493209566594674691, "text": "@iHarlandos just reading this book, where the girl has just seen the movie Die Hard with a Vengeance....damn its everywhere! and in Feb, its still not a Christmas movie  even a Valentine movie! Happy Valentines Day!\ud83d\ude0d\u2764\ufe0f\ud83e\udd23"}, {"author_id": 317918692, "id": 1493190335287156739, "text": "@CatTheKitty11 It's certainly more Die Hard With A Vengeance. The second best of the series. https://t.co/mWlOTQri2W"}, {"author_id": 563726287, "id": 1493183230358523907, "text": "@BrummieFrog Die Hard with a Vengeance"}]