[{"author_id": 1228646979950931968, "id": 1495286166966648834, "text": "RT @normalistoxic: Bit of a Stretch 5 ed - 3 $XTZ \nhttps://t.co/bOizXz8lTg https://t.co/XxEvJ7K8cf"}, {"author_id": 1285909049943289856, "id": 1495286151132839938, "text": "RT @Im_NitinJ30: .@ips_nupurprasad @IPS_Association @narcoticsbureau @dir_ed\n\n#JusticeForSushantSinghRajput is a Global Demand.\n\nDelhi Figh\u2026"}, {"author_id": 192619122, "id": 1495286136142503936, "text": "RT @blondemedSJW: People in EM: Why do people use the ED like primary care? \n\n*Me trying to schedule a PCP appointment* Next available time\u2026"}, {"author_id": 1317089744522596353, "id": 1495286134787620866, "text": "RT @itsBiresh13: Justice 4 Sushant Disha Jiah\nDelhi Fight Back 4 SSR\n#JusticeForSushantSinghRajput #SushantSinghRajput\n@itsSSR @Poly1307 @i\u2026"}, {"author_id": 1140295140, "id": 1495286132648685575, "text": "RT @cmatewu: @PoliceZimbabwe detaining our cars and refusing exit out of Marondera. Our Cllrs at Marondera Police. Had to nicodimusly get o\u2026"}, {"author_id": 1449546269928558593, "id": 1495286131029868546, "text": "Vote for Progress\nBhagwant Maan as CM is the best option, rest all have old cases and will kneel infront of Modi, Shah as they will use ED, CBI against them or their relatives like Amrinder son, Channi relative, Badal\u2019s Majithia\n#VoteforAAP \n#Vote2DefeatBJP https://t.co/dj3RyXAlAo https://t.co/2TKVOGG8nv"}, {"author_id": 178309014, "id": 1495286129796554752, "text": "RT @talbotrice75: EVENT \nIn Another Tongue \nThursday 3 March, 7pm\n\n'In Another Tongue' is a creative response to #AngelicaMesiti \u2019s exhibit\u2026"}, {"author_id": 1343852614543282177, "id": 1495286121441284100, "text": "RT @BokaroKhan: @FinMinIndia @IncomeTaxIndia @IncomeTaxNWR  @nsitharaman @HemantSorenJMM\nrequested the Income Tax Department  to intervene\u2026"}, {"author_id": 1495280613943017472, "id": 1495286118719188993, "text": "RT @Deeksha46789491: #conduct_BTET_before_7thphase\n@sanjayjavin @VijayKChy \n@abpbihar @yadavtejashwi @iChiragPaswan @KashishBihar \n\nPlease\u2026"}, {"author_id": 1473371383291957255, "id": 1495286117226143746, "text": "@vanilleflavor I am recovering and most ed twt accs r sh twt too, the last time i was searching for a thread and i saw someone literally cutting open their arm..."}, {"author_id": 1480981024347549698, "id": 1495286099228622854, "text": "RT @Sweepsgg: I'm giving $10 to a random follower that retweets this within 15 minutes. You must also complete the following tasks for a ch\u2026"}, {"author_id": 288232527, "id": 1495286093046063104, "text": "Investing in 5G: 4 Benefits of 5G in your Business\nhttps://t.co/Zxs2Jzm7cX"}, {"author_id": 1444023527942721537, "id": 1495286059512438786, "text": "RT @rd20082022: Did any case was registered by ED in SSR Case or any report submitted so far ?\nDelhi Fight Back 4 SSR\n@ips_nupurprasad @PMO\u2026"}, {"author_id": 1297075845182509056, "id": 1495286050667008001, "text": "@spennyxcx me when bey did the song w Ed sheeran"}, {"author_id": 1324583222022340611, "id": 1495286049962336256, "text": "RT @jjoyuIcart: kim minju pro memoria full pc &amp; pob set, feta isf tbf payo to secure.\n\n\u2022 price: 16200 php\n\u2022 i can host this for tingi\n\n\ud83c\udff7 wt\u2026"}, {"author_id": 1482716514600239106, "id": 1495286048511115264, "text": "RT @Geet_205: Thread 11 \ud83d\udd31\nWhere are the CCTV footages of Sushant and Disha's building?\n@ips_nupurprasad @PMOIndia\n@HMOIndia @NIA_India @dir\u2026"}, {"author_id": 1493132131618684929, "id": 1495286043754434568, "text": "#conduct_BTET_before_7thphase\n@sanjayjavin @VijayKChy \n@abpbihar @yadavtejashwi @iChiragPaswan @KashishBihar \n\nPlease conduct BTET 2022 if you not conduct exams in 2022, lakhs of D.El.Ed aspirants also have voting power we will show youth power in coming CM election."}, {"author_id": 1145736137534771200, "id": 1495286023651217408, "text": "i once air guitar solo\u2019ed jessie\u2019s girl with the girl i liked &amp; i ain\u2019t been able to get over her since then"}, {"author_id": 1343740953580847104, "id": 1495286013618360321, "text": "RT @blacksheep_119: \u2753What did ED find out about Sushant's forged signatures &amp; why was no one held accountable for the same\n@PMOIndia @HMOIn\u2026"}, {"author_id": 1493596964654661640, "id": 1495286004554813441, "text": "RT @ShamsheerNo: #conduct_BTET_before_7thphase\n@sanjayjavin @VijayKChy \n@abpbihar @yadavtejashwi @iChiragPaswan @KashishBihar \n\nPlease cond\u2026"}, {"author_id": 1492049776375996416, "id": 1495286003413696515, "text": "@rosawritesit @LaurenZavodny @leylasantiago @KaceyMusgraves @JLo @maryjblige @fatbellybella @MsLaurynHill @NatalieMerchant first that, then snow'flake, the horse that train'Ed me, 4 real, formal like\n1\u2661Stream\u2661Red\u2764 \nOne Love Selah\n@RaeLynn ssshhh...\n@JanetJackson\n@MarenMorris https://t.co/CMB1RrUZEZ"}, {"author_id": 16420048, "id": 1495286002155343875, "text": "@ed_solomon @BittrScrptReadr The most fun I ever had in a courtroom was watching Art Buchwald sue Paramount over bullshit accounting like this. He had a funny take on everything Paramount\u2019s people said on the witness stand. His attorney, Pierce O\u2019Donnell, was legendary."}, {"author_id": 1425427660625223682, "id": 1495286002059182081, "text": "RT @intherainsol: the loona girls talk about near death experiences so casually like LMFAOOOO orbits lemme tell you something did you know\u2026"}, {"author_id": 1253005906473660417, "id": 1495285995926814722, "text": "Also a big Ed Sheeran fan"}, {"author_id": 1343740953580847104, "id": 1495285995851313154, "text": "RT @blacksheep_119: \u2753What about the mystery of 17 crores &amp; Raabta producer. \n\u2753What was the outcome of the letter rogatory to Hungary sent b\u2026"}, {"author_id": 1298462873732001793, "id": 1495285992932052996, "text": "RT @headlineplanet: .@edsheeran &amp; @taylorswift13's The Joker And The Queen debuts in Top 15 on Global YouTube Music Videos Chart https://t.\u2026"}, {"author_id": 968736722812047362, "id": 1495285991417933824, "text": "RT @Geet_205: What did Sushant wanted to reveal in the press conference?\n@ips_nupurprasad @PMOIndia\n@HMOIndia @NIA_India @dir_ed\n@indSuprem\u2026"}, {"author_id": 228878648, "id": 1495285985764163586, "text": "@LocD_Loaded What\u2019s so crazy it\u2019s not a special cologne it\u2019s some Ed Hardy!!!! It\u2019s a all black skull bottle"}, {"author_id": 1242709697397952512, "id": 1495285973097213953, "text": "RT @2Rrob: @TweetsPamela @DaveMadison1948 @krick0604 @MichalKleinRN @Artemis888Infin @BlueLoveSummer @RcRegalstarfire @ErinLoftus015 @phoen\u2026"}, {"author_id": 885960297210687488, "id": 1495285962116587527, "text": "Hearing the crowd boo Steph and Ayesha tonight was hilarious. NBA knows Cleveland don\u2019t like them. Houston don\u2019t like them either. Rockets fans would have boo\u2019ed them as well. \ud83d\ude02\ud83d\ude02"}, {"author_id": 1169541515133247488, "id": 1495285953258217473, "text": "@pjmarino1 @ed_solomon I would push a button to give 30% of the population donuts."}, {"author_id": 1215397623722598403, "id": 1495285940436279298, "text": "RT @ilymir_EZGbora: The children\nThese ED\u2019s are so good #aot #Aots4 \n#ErenJaeger #MikasaAckerman #HistoriaReiss https://t.co/oQjW47f05R"}, {"author_id": 164922625, "id": 1495285939622588420, "text": "RT @sertransparent3: &lt;title=\"i will upload u\"&gt; https://t.co/EPVmn6ZUOH\n\n299/300 ed. / 00.1 tz\n\n#tezos #tezosart #CleanNFT #digital https://\u2026"}, {"author_id": 1343740953580847104, "id": 1495285923105280000, "text": "RT @blacksheep_119: \u2753Has CBI, ED &amp; NCB investigated KWAN thoroughly \n\u2753Is KWAN involved in Drug &amp; Human trafficking business under the guise\u2026"}, {"author_id": 1407507914550513666, "id": 1495285920039583744, "text": "RT @NeelamKumariSa2: #conduct_BTET_before_7thphase\n@sanjayjavin @VijayKChy \n@abpbihar @yadavtejashwi @iChiragPaswan @KashishBihar @Live_Cit\u2026"}, {"author_id": 1420237124394172418, "id": 1495285917220810752, "text": "wait till ed twt realizes that the way BMI is calculated is so incredibly inaccurate and your BMI is way more than you think it is"}, {"author_id": 1107769752707952640, "id": 1495285913806860288, "text": "RT @notemmaactually: My uncle died yesterday from \u201cPost Covid Pneumonia\u201d. When I was in ED with him, they said there were 3 other Post Covi\u2026"}, {"author_id": 3730365612, "id": 1495285912741294081, "text": "RT @DeputyRustArt: What the hell is lean\n\nWhy the hell is Eduardo from Ed\u2019s World a FNF meme\n\nWhat is going on"}, {"author_id": 1272878657317396480, "id": 1495285898790858754, "text": "RT @rd20082022: Did any case was registered by ED in SSR Case or any report submitted so far ?\nDelhi Fight Back 4 SSR\n@ips_nupurprasad @PMO\u2026"}, {"author_id": 1493642590134374400, "id": 1495285898409549825, "text": "RT @PriteeSandilya: #conduct_BTET_before_7thphase\n@sanjayjavin @VijayKChy \n@abpbihar @yadavtejashwi @iChiragPaswan @KashishBihar \n\nPlease c\u2026"}, {"author_id": 1311341302819282945, "id": 1495285896601645057, "text": "RT @sekurudhimba: @TembaMliswa Nhai shumba if zanu pf boost that it got more numbers than any opposition why does it behavior like this ? B\u2026"}, {"author_id": 1493596964654661640, "id": 1495285896425672708, "text": "RT @RaviKrishna88: #conduct_BTET_before_7thphase\n@sanjayjavin @VijayKChy \n@abpbihar @yadavtejashwi @iChiragPaswan @KashishBihar \n\nPlease co\u2026"}, {"author_id": 1286808492536287232, "id": 1495285880814137345, "text": "ed song tbh https://t.co/PDKKKhPXec"}, {"author_id": 122399734, "id": 1495285875596484608, "text": "@Ed_Whitaker @IHemmens Depends what you call hasn\u2019t do anything. Saved Leeds from relegation. Left Mansfield (in play off positions) to join a bigger club in posh. Not entirely sure why they parted ways and then after saving Gillinghams end to the season winning MOTM, he was let go this season."}, {"author_id": 1446275700386795575, "id": 1495285864523792385, "text": "This is from the agenda for the CA Sen Subcmte on Ed Finance. Meeting will be Feb 22, 2022. https://t.co/OT2r02cAAq"}, {"author_id": 1155932676093882368, "id": 1495285858341208066, "text": "RT @broomstickbones: Being half in recovery and half in your ed\u2026"}, {"author_id": 1449546269928558593, "id": 1495285829677514752, "text": "Vote for Progress\nBhagwant Maan as CM is the best option, rest all have old cases and will kneel infront of Modi, Shah as they will use ED, CBI against them or their relatives like Amrinder son, Channi relative, Badal\u2019s Majithia\n#VoteforAAP \n#Vote2DefeatBJP https://t.co/tNlLRbfi2H https://t.co/SzuKAO6UnH"}, {"author_id": 1407507914550513666, "id": 1495285801185595398, "text": "RT @Quaisarshahid: #conduct_BTET_before_7thphase\n@sanjayjavin @VijayKChy @yadavtejashwi @btetctet\n@ChitranjanGaga1 @NitishKumar\n@123vivekan\u2026"}]