[{"author_id": 1212548129108529154, "id": 1495287685732200455, "text": "RT @Anu82924769: If you can't be a pencil to write someone's happiness, \nthen try to be the eraser to remove their sadness.\n\nGood morning @\u2026"}, {"author_id": 1227658612744454144, "id": 1495287378545561609, "text": "RT @Anu82924769: If you can't be a pencil to write someone's happiness, \nthen try to be the eraser to remove their sadness.\n\nGood morning @\u2026"}, {"author_id": 1030058990783418369, "id": 1495286984792805377, "text": "RT @MyHeroUI: #MHUI VE Tower New Stage\n\nEraser Stage was added to the high difficulty VE Tower!\nRanking groups shuffle!\n\nThe key to win is\u2026"}, {"author_id": 1375437545081876480, "id": 1495286148901609474, "text": "RT @MyHeroUI: #MHUI VE Tower New Stage\n\nEraser Stage was added to the high difficulty VE Tower!\nRanking groups shuffle!\n\nThe key to win is\u2026"}, {"author_id": 848574265347592192, "id": 1495285838460207108, "text": "RT @MyHeroUI: #MHUI VE Tower New Stage\n\nEraser Stage was added to the high difficulty VE Tower!\nRanking groups shuffle!\n\nThe key to win is\u2026"}, {"author_id": 922198559742726144, "id": 1495285164016033794, "text": "RT @JISOOANDHAEIN: @BVG_official @BTS_twt Tape\nPencil\nBallpen \nPaper\nEraser\nI'm currently studying so the this are like that\n\ud83d\uddf3\ufe0f I vote for\u2026"}, {"author_id": 1428724360471220239, "id": 1495285004590592000, "text": "RT @Harsh241221: @BohemiaArtFair I didn't find a pencil with an eraser, I had to draw with a pen, it was worth it, I tried and I don't want\u2026"}, {"author_id": 1428724360471220239, "id": 1495284806565134336, "text": "@BohemiaArtFair I didn't find a pencil with an eraser, I had to draw with a pen, it was worth it, I tried and I don't want to miss\ud83e\udd7a\u2764\ufe0f https://t.co/4aaPNL3kbm"}, {"author_id": 1485622876451614727, "id": 1495283976251994116, "text": "This is a lemon-coated ice-cream that once belonged to Napoleon. I call it the unforgettable artery-eraser."}, {"author_id": 1213904645422080001, "id": 1495283584915099649, "text": "\"Write your plans in pencil and give God the eraser\" -- Paulo Coelho https://t.co/M4qHhQVanQ"}, {"author_id": 949138774339985410, "id": 1495283379142635524, "text": "@LumLotus Micellar water works well for me.\n\nI often just use regular water with a makeup remover cloth (Walmart has a good dupe for the Makeup Eraser cloths)."}, {"author_id": 1310836644946145286, "id": 1495282332319821831, "text": "RT @Ronald_vanLoon: #SmartCities 2025\nby @UnfoldLabs\n\nGo to: https://t.co/dwfEQgg9H1\n\n#AI #IoT #BigData #MachineLearning #ArtificialIntelli\u2026"}, {"author_id": 1494950281192345601, "id": 1495281586132111361, "text": "RT @Ronald_vanLoon: #SmartCities 2025\nby @UnfoldLabs\n\nGo to: https://t.co/dwfEQgg9H1\n\n#AI #IoT #BigData #MachineLearning #ArtificialIntelli\u2026"}, {"author_id": 1076158222816419846, "id": 1495281099806814209, "text": "Would you, as a teen or adult, buy a pencil if the eraser was shaped like a dick / pussy?"}, {"author_id": 807643171484114944, "id": 1495280223465709568, "text": "RT @MyHeroUI: #MHUI VE Tower New Stage\n\nEraser Stage was added to the high difficulty VE Tower!\nRanking groups shuffle!\n\nThe key to win is\u2026"}, {"author_id": 758878736, "id": 1495279919772811266, "text": "RT @Anu82924769: If you can't be a pencil to write someone's happiness, \nthen try to be the eraser to remove their sadness.\n\nGood morning @\u2026"}, {"author_id": 1494886245641900033, "id": 1495279323577667589, "text": "RT @MyHeroUI: #MHUI VE Tower New Stage\n\nEraser Stage was added to the high difficulty VE Tower!\nRanking groups shuffle!\n\nThe key to win is\u2026"}, {"author_id": 2984119982, "id": 1495278565511745536, "text": "RT @MyHeroUI: #MHUI VE Tower New Stage\n\nEraser Stage was added to the high difficulty VE Tower!\nRanking groups shuffle!\n\nThe key to win is\u2026"}, {"author_id": 57419253, "id": 1495278175206711298, "text": "Just pulled out a pencil eraser sized wart from my foot. It's strange how the pain reactors in my foot just stopped for like no reason."}, {"author_id": 42755505, "id": 1495277822344327168, "text": "@MootePoints I need a men\u2019s cellulite eraser and collagen shots!!\u2019"}, {"author_id": 1734655495, "id": 1495277734532362240, "text": "RT @MyHeroUI: #MHUI VE Tower New Stage\n\nEraser Stage was added to the high difficulty VE Tower!\nRanking groups shuffle!\n\nThe key to win is\u2026"}, {"author_id": 1549964520, "id": 1495277248018096128, "text": "RT @MyHeroUI: #MHUI VE Tower New Stage\n\nEraser Stage was added to the high difficulty VE Tower!\nRanking groups shuffle!\n\nThe key to win is\u2026"}, {"author_id": 1465862154905878528, "id": 1495277036297867265, "text": "#MHUI VE Tower New Stage\n\nEraser Stage was added to the high difficulty VE Tower!\nRanking groups shuffle!\n\nThe key to win is how quickly you can defeat opponents that strengthen opponents and cancel temporary buffs of the allies!\n\nTeam up with a good type compatibility (STR/DST)! https://t.co/yqYDCri9yJ"}, {"author_id": 1414776470250037254, "id": 1495274297006313477, "text": "RT @Diya21012000: Trust is like an eraser. It gets smaller with every mistake you make\u2026\n\nASIM RIAZ X HELIX INDIA"}, {"author_id": 1495273617302728708, "id": 1495274070916616192, "text": "We all have an eraser incorporated withi\nhttps://t.co/XUCLVUdwdk\nWe all have an eraser inc\n\u00ef\u00bb\u00bf KM11-OMG-AY20 https://t.co/albugncdfo"}, {"author_id": 1495273238095667203, "id": 1495274052302381058, "text": "50/05/42 24:61:00 \u0645e\nWe all have an eraser incorporated within us, a delete key, but we f\n\nhttps://t.co/u2WQ3P4j6B\nhttps://t.co/jMMYz5DWel"}, {"author_id": 1477515329668620289, "id": 1495273683987963904, "text": "ANJI ON ASAP\n\n#AnjiSalvacion  @anjisalvacion\nTrust is like an eraser. It gets smaller with every mistake you make\u2026"}, {"author_id": 3302591159, "id": 1495273682293313536, "text": "scaling it with just a jump or two, and landing cat-quiet on top of it. \u201cLook. He wouldn\u2019t have kept the GPS on if he didn\u2019t want us to follow, and if he wanted anyone else, he\u2019d have taken an earlier patrol, he wouldn\u2019t have taken Shinsou.\u201d\n\n\u201cWe /need you/, Eraser, this mission"}, {"author_id": 3302591159, "id": 1495273673472700422, "text": "\u201cI /know/ that,\u201d he wasn\u2019t stupid. Irrational, occasionally, reckless, sometimes, but he wasn\u2019t stupid. He knew what this meant he just\u2026 \u201cBut it\u2019s a trap for /me/.\u201d\n\n\u201cDon\u2019t play into his hand, Eraser, call for backup.\u201d\n\n\u201cConsider this me calling for backup,\u201d he shook his head,"}, {"author_id": 3302591159, "id": 1495273670452801537, "text": "pulsing in his palm.\n\n\u201cEraser.\u201d\n\n\u201cPatrol hasn\u2019t checked in,\u201d he replied, flicking his eyes up just often enough not to walk into anyone. \u201cThe GPS hasn\u2019t been disabled for one of them, but I don\u2019t know where they\u2019re taking him.\u201d\n\n\u201cIt\u2019s a trap,\u201d"}, {"author_id": 3302591159, "id": 1495273648357183488, "text": "He was not only an adult now, but more than capable of taking care of himself.\n\nUsually.\n\nUsually he was, but not here.\n\nNot against someone like this.\n\n\u201cForward me the signal,\u201d Aizawa yelled over his shoulder.\n\n\u201cEraser don\u2019t be stupid!\u201d Mandalay called after him, but he"}, {"author_id": 3302591159, "id": 1495273637544284162, "text": "cohabitation with Aizawa. There was no way in hell they\u2019d just /forgotten/ to check in, /forgotten/ that they had timed patrols, /forgotten/ that they were working Yakuza territory, /forgotten/\u2013\n\n\u201cTry again.\u201d\n\n\u201cEraser,\u201d Mandalay gave him a look. \u201cI\u2019ve tried again."}, {"author_id": 1355189852757581824, "id": 1495271636517277699, "text": "RT @Anu82924769: If you can't be a pencil to write someone's happiness, \nthen try to be the eraser to remove their sadness.\n\nGood morning @\u2026"}, {"author_id": 1437264112732442624, "id": 1495271606650028032, "text": "RT @Anu82924769: If you can't be a pencil to write someone's happiness, \nthen try to be the eraser to remove their sadness.\n\nGood morning @\u2026"}, {"author_id": 1466482870596345862, "id": 1495270883002392577, "text": "4\u201d Car Decal Remover For Glue Rubber Eraser Wheel Remove Adhesive\u00a0Sticker https://t.co/vpwatHanUB"}, {"author_id": 1372863855248896000, "id": 1495270844591149061, "text": "it would be end of spring and eraser!!!! \u2728 end of spring is my first love as a weve!! and eraser becauseeee for some reasons that i can't explain it's a really good song and very close to my heart \ud83d\udc96 https://t.co/f6oCIwwRri"}, {"author_id": 2377407248, "id": 1495270250052395008, "text": "@tcwtlh @DrGJackBrown This is often described *inaccurately* in popular summaries. Erasing the information does not restore the interference pattern on the screen. There's no connection to consciousness.\n\nhttps://t.co/p7xX7ARoeh"}, {"author_id": 14624283, "id": 1495269294313459714, "text": "@engineers_feed \"Delayed choice quantum eraser test\". The past is rewritten based on what you decide in the future."}, {"author_id": 1246668273594200064, "id": 1495269066638045184, "text": "So for the one person who voted me to redraw my pfp I completely forgot but I am going to start getting to work on doing and as stated I\u2019m not perfect so give me a little bit of a break if there\u2019s a lot of eraser marks I try really hard to draw things above my league!"}, {"author_id": 1303013362754879489, "id": 1495269064863883267, "text": "Me: wants to draw right now\n\nAlso me: BUT WHAT IF I MESS UP\n\n\ud83e\udd26\ud83c\udffc\u200d\u2640\ufe0f\n\nAlso also me: THAT'S WHAT ERASERS ARE FOR\n\nMe again: BUT WHAT IF THE ERASER MAKES IT WORSE\n\nPerfection paralysis in a nutshell\n\nThanks everyone\n*Bows*"}, {"author_id": 76483981, "id": 1495268179895017472, "text": "vlad: eraser! midoriya's attacking!\nme, imitating aizawa: i know, i'm watching\naizawa actually in the show immediately after i said that: i know, i'm watching\nme: https://t.co/7AhbEHuaEf"}, {"author_id": 1398528284, "id": 1495268084302561282, "text": "RT @Trendsurfn: @JackPosobiec The pen is mightier than the sword and a pencil with an eraser is a time machine."}, {"author_id": 576267366, "id": 1495265627803893761, "text": "@eberstarkmusic for sure, there were a lot of interesting little things from many movies. like a mask from gremlin or a little doll from eraser head etc"}, {"author_id": 1378913592288833547, "id": 1495264939094597637, "text": "RT @Anu82924769: If you can't be a pencil to write someone's happiness, \nthen try to be the eraser to remove their sadness.\n\nGood morning @\u2026"}, {"author_id": 1418069317552201730, "id": 1495264071989350404, "text": "@fluffhee1015 pilot frixion bp with eraser p try n'yooo"}, {"author_id": 700352550701240321, "id": 1495262571074514949, "text": "Large Sanrio Hello Kitty Lot of 10 Items Keychains, Books, Eraser, Toys from $3.0 https://t.co/AThu5NMREh"}, {"author_id": 161614543, "id": 1495261706989314048, "text": "@sam_amick Adam Silver gives off pencil eraser vibes mixed with undercooked bread feelings."}, {"author_id": 1491380919009042441, "id": 1495261190804566016, "text": "It used to regulus when it was released (a special spot in every weve's heart) but I love how powerful star sounds, and the lyrics are just so good... eraser just has the j-rock vibes i like and they have so much fun performing it."}, {"author_id": 490376361, "id": 1495260702524665856, "text": "ife is the art of drawing without an eraser"}, {"author_id": 1491380919009042441, "id": 1495260554474053632, "text": "Star and eraser. \ud83d\ude0c https://t.co/5JPd15bNtN"}, {"author_id": 1402907955356336129, "id": 1495260320574558209, "text": "@OnEternalVigil Pencil husband eraser wife cleaning his mess \ud83d\ude02"}, {"author_id": 992955098883117058, "id": 1495258539266301952, "text": "@CourtneyTwing yess i agree!! i feel like he would starting complaining about how some stuff doesn't fit how he likes it\ud83d\ude2d\ud83d\ude2d but do you think he will do better than foolish?? because let's be honest foolish should never be a interior decorator HE LITERALLY KEPT CALLING THE ERASER DEODORANT OMG"}, {"author_id": 2863497857, "id": 1495257100871557121, "text": "@communoah It's not that goddamn difficult. In fact it's like finding the eraser in a 1 inch circle that makes your companion go \"oooooo!\"\n\nSeriously wtf\n\nSome dudes should be disqualified\n\nFrom what you ask\n\nEverything"}, {"author_id": 2848398830, "id": 1495256884391313408, "text": "wait. b-but I also have eraser as my staple\ud83d\ude2d"}, {"author_id": 296387150, "id": 1495256414868148227, "text": "RT @Gibbermouth: @bombsfall without a blockchain someone could just sneak into the corporate office at microsoft and find the list of peopl\u2026"}, {"author_id": 251481899, "id": 1495256109837283333, "text": "\u201clife is the art of drawing without an eraser.\u201d \u2014 john w. gardner"}, {"author_id": 1216626770843062273, "id": 1495255649139445760, "text": "RT @idward_j_b22: Life is the art of drawing without an eraser.\u201d\n\nWE HEART U EDWARD \n\n#EdwardBarber\n@Barber_Edward_"}, {"author_id": 1471026209358180355, "id": 1495255266190761990, "text": "RT @idward_j_b22: Life is the art of drawing without an eraser.\u201d\n\nWE HEART U EDWARD \n\n#EdwardBarber\n@Barber_Edward_"}, {"author_id": 294945604, "id": 1495254923453231104, "text": "RT @AnInterObserver: @Bowenchris Where do I buy that memory eraser you are using? Must be super powerful to eliminate Rudd / Gillard from t\u2026"}, {"author_id": 1206694586279702528, "id": 1495254776770035713, "text": "Cecil the wizard who threw an eraser."}, {"author_id": 1369744466010112006, "id": 1495254470309171201, "text": "@exolorian oh this happened to me haha used a magic eraser, alcohol to clean it off \ud83d\ude02\n\nin general the poop, pee and throwup is what's hardest to deal with \ud83d\ude29\ud83d\ude35\ud83e\udd74"}, {"author_id": 2911683948, "id": 1495254104267898880, "text": "@EC_Carstens @sewimperfect I don't have the flat electric stove, but I love the magic eraser for my stainless fridge and dishwasher! No scratches."}, {"author_id": 1492274268650053641, "id": 1495253824407326723, "text": "@COMETHAMMER okay.\n\n[he nods. holding up his eraser again.]\n\ni'll throw this when it's up. give it a try."}, {"author_id": 938755732983382016, "id": 1495253084695629832, "text": "@engineers_feed The Delayed Choice Quantum Eraser Double Slit experiment. \ud83e\udd37\ud83c\udffc\u200d\u2642\ufe0f\n\nhttps://t.co/IPRlU9xT8n"}, {"author_id": 1489624364194877444, "id": 1495252677957402624, "text": "Life is the art of drawing without an eraser. \n\n#ElhaNympha"}]