[{"author_id": 1310956838641336324, "id": 1495287905761529865, "text": "Have you heard about the black nursery  of a tram? When the crows exploring, there will be water monsters without face open eyes."}, {"author_id": 2931403540, "id": 1495286076511961088, "text": "@LtUhura2017 For some bizarre reason,  when I was a kid I thought Billy Idol was saying,  \"how's about a baby\" instead of,  \"eyes without a face.\" No idea why."}, {"author_id": 1485068587262177283, "id": 1495285583895224320, "text": "My eyes widened as they rested upon a familiar face, handsome without all the mud smears from last time. A striking pair of dark eyes. An aquiline nose and a chiseled jaw. Hollowed cheeks that spoke of hunger, though nothing that a few hearty meals couldn\u2019t fix."}, {"author_id": 1363306261853446145, "id": 1495285317514969090, "text": "@GodlySonOfNone She blinks twice upon the contact. Suddenly, the world seems a little more stable without her bumbling about. \n\nEyes turn up to his face. \"I will, Loki, I will. I just want to make the brownies first.\""}, {"author_id": 1310956838641336324, "id": 1495277836512358400, "text": "Have you heard about the images of a darkness? When the black bats shaking, there will be fox fairies without face open eyes."}, {"author_id": 148261403, "id": 1495276430443233286, "text": "For some reason is a high % purikura booths won\u2019t recognize my face and luckily to me I look better without the filter they give me\ud83e\udd37\ud83c\udffb\u200d\u2640\ufe0f \n\nUsually I need to edit-shrink my eyes so I don\u2019t look like an alien frog \ud83d\udc38 \nBlessed wasn\u2019t any need on this one \ud83d\ude4f https://t.co/9bJ8I7HhQT"}, {"author_id": 1105182431613800448, "id": 1495273288850808838, "text": "Playing right now - eyes without a face by boys cruise."}, {"author_id": 2905529391, "id": 1495249261235216384, "text": "eyes without a face"}, {"author_id": 2945394158, "id": 1495248516507176963, "text": "Eyes without a face"}, {"author_id": 1394065448300388358, "id": 1495246826110435328, "text": "He usado Shazam para descubrir Eyes Without A Face, de Billy Idol https://t.co/W3KgXKhi64"}, {"author_id": 3627458296, "id": 1495241958364692482, "text": "@celine_dionysus *billy idol \"eyes without a face\" voice* miiilf without a chiiild"}, {"author_id": 1359192328506773504, "id": 1495234792295890945, "text": "Vi talking about being an older sister and how much work it is, Cait rolling her eyes bc her big brother figure is annoying and doting and she can do without him teasing her every 5 minutes (w a smile on her face ofc)"}, {"author_id": 1259833409519706112, "id": 1495227098755211264, "text": "After almost 40 years, I just caught the lyrics to Billy Idol's\"Eyes Without A Face\" - whoa, that's a dark song. \ud83e\udd2f"}, {"author_id": 1391470924386471936, "id": 1495207490564370437, "text": "@Mr_Wilson__ \"But I'm tired...don't wanna get up Sam...\" She whispered, poking her face out to look at him. It was mere seconds before her eyes closed again with a soft whimper. \"Everything aches...besides...I jumped without a parachute again.\""}, {"author_id": 163435292, "id": 1495205651450105861, "text": "My \u2605\u2605\u2605\u2605 review of Eyes Without a Face (1960) on @letterboxd: https://t.co/K5Ary9NNgg"}, {"author_id": 95328958, "id": 1495205502640345103, "text": "@jadedcreative @HeatherThomasAF \u201cAl gore makes me sad.\u201d\n\nEyes without a face."}, {"author_id": 1412433017268695046, "id": 1495204155190743044, "text": "@alishaaiken @DGA_Fork @DesperateOld @rgp464 @NotWhiteyNation When I was young late teens early 20\u2019s and went days without sleeping (face it we all went w/o sleep) I totally looked like I was high. Dilated eyes &amp; all. No drug use ever. I did however live on a lot of coffee"}, {"author_id": 1481682762008436736, "id": 1495194882217971715, "text": "@AUSTlNSPD \u201c oh without a doubt . . . do you see who their parents are ? i already love them and they aren\u2019t even here yet. \u201d\n\nhe laughed brightly ,  his voice going soft with his last sentence. eyes softening even more as carlos turned to face him. his lip getting caught between his\n\n+"}, {"author_id": 1328475119451209728, "id": 1495191534098071559, "text": "Mr. Bill Radio playing Eyes Without a Face by Billy Idol KKMB-DB #60s #70s #80s #ClassicRock #music #radio https://t.co/NrQxjLdSEx https://t.co/u7tK3Wlhzn"}, {"author_id": 4042176207, "id": 1495190197323157508, "text": "RT @thorpsec: @cyberlymac My son walked through the living room earlier and said \u201cI have a poop gun. And it\u2019s my butthole.\u201d Eyes forward, s\u2026"}, {"author_id": 1485579990095872007, "id": 1495184992078553091, "text": "eyes remained on her , worryingly switching between the booze and the tears on her face . without a word , max\u2019s hand reached for hers , thumb softly grazing on it as he sighed deeply. \n\n\u201c you\u2019re really cold . \u201d he murmured , taking off his jacket and placing it over her + https://t.co/82xDPwjgIt"}, {"author_id": 1458810191537975303, "id": 1495176821545054212, "text": "Playing Now: Billy Idol, \"Eyes Without a Face\", 04:14, #BillyIdol https://t.co/PNH0QKwxu3"}, {"author_id": 1440120607622979584, "id": 1495170023438135300, "text": "Speaking of Billy idol it's a lot of eyes without face running around \ud83e\udd14"}, {"author_id": 15543626, "id": 1495169259852468226, "text": "RT @ChrisNeuen: \"Eyes without a face\nGot no human grace\nYour eyes without a face\nSuch a human waste\nYour eyes without a face\n\nAnd now it's\u2026"}, {"author_id": 954593267747827712, "id": 1495168263973711876, "text": "Eyes without a face....\nhttps://t.co/EOo7oHYTA9 https://t.co/E36u1VLmcm"}, {"author_id": 1454298494953574404, "id": 1495167128542261248, "text": "@TurnOffYourTvN1 Eyes without a face , David Bowie."}, {"author_id": 1013369238546010118, "id": 1495163153742766096, "text": "@YellowFlashGuy if they don't show his face then sure... they already showed us his face as a kid but it didn't amount to much. The showing of only his eyes was a way to show he was Human without revealing much more than that"}, {"author_id": 1273781423795666944, "id": 1495161310367080459, "text": "#NP On Eardrum Buzz Radio - Eyes Without A Face by @BillyIdol - Listen at https://t.co/EiwKG3DCyk https://t.co/saL6VNNSpE"}, {"author_id": 1158404081733513217, "id": 1495156513014525955, "text": "@lucifersfursona Haha\ud83d\ude02 I have only ever done traditional art and still I'm like \"fuck no fuck not like that!\". The nose defines a face so I think it's the most difficult part to draw beside eyes. Digital art is kinda neat tho because you can try/use different brushes without buying them\ud83d\ude02"}, {"author_id": 1476639660428468224, "id": 1495156116833067019, "text": "@hibachijustice Eyes Without A Face for 2 dollars. Does not get much better than that. :)"}, {"author_id": 2269181474, "id": 1495154353300475905, "text": "idk how to model facial features so i just used an image plane floating just infront of the model. lets the eyes be bigger without distorting around the face + gives a neat look to it"}, {"author_id": 1398073823577186305, "id": 1495153352832913415, "text": "@cyberlymac My son walked through the living room earlier and said \u201cI have a poop gun. And it\u2019s my butthole.\u201d Eyes forward, straight face, never stopped walking. Just walked into the kitchen and walked back without saying a word. So, what do I even do with that?"}, {"author_id": 1310956838641336324, "id": 1495149471436394496, "text": "Have you heard about the epics of a tower? When the cats rotating, there will be dolls without face open eyes."}, {"author_id": 1158727995848306689, "id": 1495145173365497861, "text": "Nu op KINK Classics: Billy Idol - Eyes Without A Face https://t.co/jUjb7XtMYQ"}, {"author_id": 1405615021225299974, "id": 1495137821941710851, "text": "Billy Idol - Eyes Without A Face (Official Music Video) https://t.co/vJ3aH9SGsy via @YouTube"}, {"author_id": 1477815211281338377, "id": 1495136971584376832, "text": "@SirenisAvem \"You can't compare who you were to who you are now. Not without counting for all the control you've gained.\"\n\nA cold hand cups their face to make them look him in the eyes.\n\n\"You should not fear what you are, all that will accomplish is prevent you from knowing yourself.\" \u27b3"}, {"author_id": 968630088, "id": 1495135245548634116, "text": "@GlennBTully I get you! But imagine close your eyes\u2026\u2026 you can\u2019t feel a footstep to stand on! You can only feel a wind on your face\u2026. You\u2019re told to step forward without looking\u2026. Could you?"}, {"author_id": 102443215, "id": 1495130942352076802, "text": "Billy Idol - Eyes Without A Face"}, {"author_id": 3347511130, "id": 1495130086701420544, "text": "@soundstoryuk Billy Idol, Eyes Without a Face, remastered.\nhttps://t.co/i6NMpmtgVq"}, {"author_id": 2540750971, "id": 1495128202427215879, "text": "RT @Cozumel_Pirata: @DebbieDud @prozakpuppy @Noellenarwhal @JennieVagini And with a straight face too.  I don't think I could stand there l\u2026"}, {"author_id": 1375903736166551555, "id": 1495127911585746946, "text": "@ClappinYaAss @goat_shiki @BradleyHail @koch_colton @DiscussingFilm @IGN His face was never revealed, except his eyes. But for the show it's fine. Different timeline makes it non canon so the chief from the games is still \"without a face\""}, {"author_id": 2887663908, "id": 1495124812053815296, "text": "@DebbieDud @prozakpuppy @Noellenarwhal @JennieVagini And with a straight face too.  I don't think I could stand there listening to that without snort-laughing and rolling my eyes.  I am not police material LOL!"}, {"author_id": 2353552244, "id": 1495109891324891146, "text": "Angel Olsen \u2014 Eyes Without A Face"}, {"author_id": 1326012665899094016, "id": 1495105974503284737, "text": "butterflies flying on your stomach, hot cheeks showing a sweet red tinge on them, with a heart that screams loudly but the voice is muffled seeing a face without a perfect slit in front of the eyes. my face turns your world, shakes the whole world with my sweet visuals. https://t.co/ohXLwyINzI"}, {"author_id": 1340151788775813121, "id": 1495092147317575685, "text": "Is it even possible to fall in love with a person without seeing his face? I'm at the restaurant and this waiter is so hot, but I only see his eyes cause he has a mask on lol help MEEEE \ud83d\ude02"}, {"author_id": 732282702066393088, "id": 1495089220968488966, "text": "Eyes Without a Face by Angel Olsen from the album Aisles - EP"}, {"author_id": 1345417080951119872, "id": 1495070564297617410, "text": "RT @straynations: people who went to the fanmeet are saying that this pic is the closest to show how lee know looks like irl \ud83d\ude2d  and they sa\u2026"}, {"author_id": 741062786449448962, "id": 1495069403712479233, "text": "RT @GeorgeWept: 2. \"Eyes Without a Face\"\n\ud83d\udc40\n\"How's About a Date?\" https://t.co/kkjwUulNnu"}, {"author_id": 1472734857943937024, "id": 1495063845169029120, "text": "RT @straynations: people who went to the fanmeet are saying that this pic is the closest to show how lee know looks like irl \ud83d\ude2d  and they sa\u2026"}, {"author_id": 15965008, "id": 1495062898028257285, "text": "#NowPlaying Billy Idol - Eyes Without A Face (21) [Poolside Remix] Listen now  https://t.co/cjcaoP6cZt"}, {"author_id": 15965008, "id": 1495062412344827908, "text": "#NowPlaying on RadioMaxMusic:  Eyes Without A Face (21) [Poolside Remix] by Billy Idol Listen Now-&gt; https://t.co/EJivlZiFLP"}, {"author_id": 1352270806282342401, "id": 1495056578550054920, "text": "@tecolotadiurna Gentle breeze through her hair,\nshe walks elegantly while astonished eyes all stare.\nRosy cheeks cover her face.\nA flower-child blossoms, kindly accepting embrace.\nShe is a thorn-less rose without compare.\nShe is the love my heart will forever endear.\n\n\u2764\ufe0f\u2764\ufe0f\ud83e\udd70\ud83e\udd70\ud83d\ude18\ud83d\ude18 https://t.co/N1YuNAeGk4"}, {"author_id": 3438807447, "id": 1495055327015976967, "text": "\u266c Angel Olsen - Eyes Without a Face #radyoeksen"}, {"author_id": 1385128976440516608, "id": 1495048449787576324, "text": "RT @GuerreGaspard: @No0where Eyes Without a Face 2022\n(7/10) \u26a1\ufe0f 1.2tz \nhttps://t.co/D3Gp9tPVKs\nhttps://t.co/Uxwu1JPNsH https://t.co/fzPpSHv\u2026"}, {"author_id": 1700162558, "id": 1495043385526161409, "text": "Eyes Without A Long Face by Billy Bridle #ASongOrMovieForAHorse"}, {"author_id": 1389153007594393604, "id": 1495035886882332672, "text": "RT @straynations: people who went to the fanmeet are saying that this pic is the closest to show how lee know looks like irl \ud83d\ude2d  and they sa\u2026"}, {"author_id": 1459933301045608449, "id": 1495035583097417730, "text": "\u2800\n\u2800Tommy licked his lips, his eyes stubbornly fixed on her face even when he felt her hand slipping in his coat and knew he had been caught red handed.\n\n\u201c Yep, \u201d he said without even blinking, \u201c It\u2019s Ada\u2019s. \u201d\n\nHe bent his lips with a half-smirk, took off a bite from the \u2014\u2014\n\u2800 https://t.co/aw55dLDiRt"}, {"author_id": 1458810191537975303, "id": 1495034088293814272, "text": "Playing Now: Billy Idol, \"Eyes Without a Face\", 04:14, #BillyIdol https://t.co/PNH0QKx5jB"}, {"author_id": 1040595565, "id": 1495031691366354944, "text": "Listen -----&gt; https://t.co/ZZTAWPrsLB &lt;---- Billy Idol - Eyes Without A Face - Single Billy Idol Carolina Classic Hits https://t.co/1uarv2NSQc"}, {"author_id": 2828112856, "id": 1495022780039016450, "text": "Eyes without a face is apparently a semi popular tiktok sound now and I cant even be mad bc the original video the sound came from is an Edward Norton fan edit"}, {"author_id": 892736954126614531, "id": 1495022472101777408, "text": "RT @ladyelocin: After a few seconds, he hears a hum coming from the man beside him. \u201cHm?\u201d\n\n\u201cCan you wake me up in thirty minutes? I have cl\u2026"}, {"author_id": 1229828718304034819, "id": 1495021454081019911, "text": "@DailyMonikaPics So beautiful my girl, how could I not love her with such a pretty little face that she has? \nThose little emerald green eyes and that white ribbon that ties her brown hair. Beautiful, without a doubt. Just Monika."}, {"author_id": 1471614479704236033, "id": 1495006466637549568, "text": "@2V164 @marsup1al her pictures from different angles r very consistent... even the pictures that dont show her full face and only her eyes. even old pictures, which are obvious she looked different bc she was a different weight, are very consistent. even without the testimony  the answer is clear?"}, {"author_id": 1100409902223175680, "id": 1495004325046894594, "text": "RT @ladyelocin: After a few seconds, he hears a hum coming from the man beside him. \u201cHm?\u201d\n\n\u201cCan you wake me up in thirty minutes? I have cl\u2026"}, {"author_id": 1275784938428739584, "id": 1494995572796833793, "text": "A smirk would appear on his face as he look at Valerie in the eyes.\n\n\"You almost make it sound as if you're caring about me aha.\nBut I'd not mind such a twist of fate.\nI forfeited my life years ago and aim without any goal.\n\nSurely I'll not give you my body.\nBut my loyalty sure\" https://t.co/8V4qm03tx8"}, {"author_id": 1191912190644637696, "id": 1494989421980319744, "text": "RT @straynations: people who went to the fanmeet are saying that this pic is the closest to show how lee know looks like irl \ud83d\ude2d  and they sa\u2026"}, {"author_id": 133220175, "id": 1494986819708108801, "text": "Eyes without a long face  #ASongOrMovieForAHorse https://t.co/hAvWiY8J71"}, {"author_id": 914888144553758720, "id": 1494973229357834242, "text": "I tend to find making names for things hard and sometimes i resort to lifting names from thing i find in my room or something. Usually this is either something normal like Highsmith for an OC or something bizarre like Eyes Without a Face for a note in my notepad app."}, {"author_id": 1397955853664219136, "id": 1494969309570822144, "text": "RT @straynations: people who went to the fanmeet are saying that this pic is the closest to show how lee know looks like irl \ud83d\ude2d  and they sa\u2026"}, {"author_id": 1391065698600996875, "id": 1494967449116045315, "text": "Chaghan\u2019s eyes, pale and without pupils or irises, were normally unsettling. But up close they were strangely alluring, two shards of a snowy landscape embedded in his thin face that drew her in like some hypnotized prey."}, {"author_id": 1422471248718802951, "id": 1494966693008973824, "text": "@crestbIood \"You could break me like a toothpick even without a weapon, my love.\"\n\nThe kiss has his face ease again, lazy eyes lying on him, shining along with his smile. Something he didn't manage for so long but... here, with Dimitri, it felt natural.\n\n\"I guess I'm just not used to cling -"}, {"author_id": 1118945689864523777, "id": 1494945993556520960, "text": "RT @straynations: people who went to the fanmeet are saying that this pic is the closest to show how lee know looks like irl \ud83d\ude2d  and they sa\u2026"}, {"author_id": 1449787277698347015, "id": 1494941359093927939, "text": "eyes without a face\nles yeux sans visage"}, {"author_id": 770644555, "id": 1494940335553880067, "text": "Your eyes without a face\u2026\nWhen you hear the music you make a dip. \ud83c\udfb6\ud83c\udfb6\ud83c\udfb6"}, {"author_id": 1309931062081073152, "id": 1494938450281308161, "text": "@YesterdaysSmil steering the wheel of life ? how can u do that? without a chat up face flirt make eyes smile kiss face? navigate life without a face to chat up etc people like want to live with ?"}, {"author_id": 1461198787997843456, "id": 1494934835101679617, "text": "Billy Idol - Eyes Without A Face (Official Music Video) https://t.co/neG9oaRtgj via @YouTube"}, {"author_id": 1242746018468450306, "id": 1494933719735582725, "text": "Billy Idol - Eyes Without A Face (Official Music Video) https://t.co/bIRRgsmUfq https://t.co/rVP2YQrZQZ"}, {"author_id": 1322439890047430658, "id": 1494933061708169221, "text": "RT @straynations: people who went to the fanmeet are saying that this pic is the closest to show how lee know looks like irl \ud83d\ude2d  and they sa\u2026"}, {"author_id": 1450165060689616896, "id": 1494922956518182913, "text": "RT @straynations: people who went to the fanmeet are saying that this pic is the closest to show how lee know looks like irl \ud83d\ude2d  and they sa\u2026"}, {"author_id": 1405172334705610756, "id": 1494918448169639937, "text": "RT @straynations: people who went to the fanmeet are saying that this pic is the closest to show how lee know looks like irl \ud83d\ude2d  and they sa\u2026"}, {"author_id": 1478773014460129281, "id": 1494916390356017153, "text": "RT @straynations: people who went to the fanmeet are saying that this pic is the closest to show how lee know looks like irl \ud83d\ude2d  and they sa\u2026"}, {"author_id": 1404952286129004548, "id": 1494916340364234754, "text": "RT @diabolic_rose: Your face is a must for my eyes to see.\nWithout you, it is not possible to survive.\nEven if I have a breath without your\u2026"}, {"author_id": 1475547765006610440, "id": 1494916024419954691, "text": "RT @evilvincephoto: Billy Idol . Eyes Without A Face \u2022 #livevinyl \u2022 https://t.co/7xBqI0TRWs"}, {"author_id": 360700732, "id": 1494916015150575619, "text": "Billy Idol . Eyes Without A Face \u2022 #livevinyl \u2022 https://t.co/7xBqI0TRWs"}, {"author_id": 4440832332, "id": 1494911251075448833, "text": "after a fight, pyra was unconscious on a bed, and the camera followed rex's mournful eyes, watching her from outside the room. but he couldn't have been looking at her face, since it was covered up by her HUGE boobs, pointing straight up into the air without concern for gravity"}, {"author_id": 130354689, "id": 1494910893431279622, "text": "@MLeeLunsford I have a scar on my eye that prevents me from wear contacts ever again, i feel that adhd (and being able to see without a thing in your face) life, but i highly recommend you take them out, for the safety of your eyes"}, {"author_id": 1315425901975408640, "id": 1494910816088477696, "text": "RT @straynations: people who went to the fanmeet are saying that this pic is the closest to show how lee know looks like irl \ud83d\ude2d  and they sa\u2026"}, {"author_id": 1288950289341526022, "id": 1494904080451485703, "text": "RT @straynations: people who went to the fanmeet are saying that this pic is the closest to show how lee know looks like irl \ud83d\ude2d  and they sa\u2026"}, {"author_id": 1347872750208118787, "id": 1494899051707637764, "text": "RT @straynations: people who went to the fanmeet are saying that this pic is the closest to show how lee know looks like irl \ud83d\ude2d  and they sa\u2026"}, {"author_id": 1138726725817257986, "id": 1494897340549058564, "text": "RT @straynations: people who went to the fanmeet are saying that this pic is the closest to show how lee know looks like irl \ud83d\ude2d  and they sa\u2026"}, {"author_id": 1395591390608990208, "id": 1494895472439402496, "text": "\u2014\n\n   with those red eyes before getting up.\n\n   \u275d I\u2019m going to get some more food and maybe a drink. It\u2019s nice to meet you love. \u275e\n\n   Without another word, she grabbed her plate and just walked off. Bulma on the other hand, had a cunning smirk on her face.\n\n\u275d You like her \u2014"}]