[{"author_id": 344636497, "id": 1495276533455355905, "text": "FAREWELL TO MY CONCUBINE \"After the Cultural Revolution, Xiaolou and Dieyi meet with each other and they..\" https://t.co/geRQIe7C2R"}, {"author_id": 1485767945527701505, "id": 1495147256638545920, "text": "@SabinaKnight1 Chen Kaige (1952- ) is a Chinese film director. He was nominated for two Academy Awards and won the grand prize at the 1993 Cannes Film Festival with his film Farewell My Concubine.\nhttps://t.co/M7u3BBE78L https://t.co/RYLhmSpd84"}, {"author_id": 2380396020, "id": 1495144242104377344, "text": "RT @winterhyenas: leslie cheung as cheng dieyi in 'farewell my concubine' (1993) // lee joon-gi as gong-gil in 'the king &amp; the clown' (2005\u2026"}, {"author_id": 30444637, "id": 1495144067918880769, "text": "So the same guy behind masterpieces like Yellow Earth and Farewell my Concubine made THIS?!?! \u2014 The Battle at Lake Changjin (2021)\n#IMDb https://t.co/R1ThwVTQj4"}, {"author_id": 322694640, "id": 1495134340711268354, "text": "@yilingliu95 This is many things but not baffling. Neither the funding not the audience for a film like Farewell My Concubine exists in 2022. Look at Hollywood. Geist has moved on to other media."}, {"author_id": 1426738152383909898, "id": 1495121301001940997, "text": "RT @PhilippeLENOIR2: Adieu Ma Concubine/Farewell My Concubine (1993)\nde Chen Kaige https://t.co/NqSEDJr5Bn"}, {"author_id": 375133806, "id": 1495118593066999815, "text": "@yilingliu95 Lu Wei\u2019s screenplay turns out to be crucial for the success of Farewell my concubine. When Chen\u2019s own ideas take over it\u2019s mostly just a shell of movie made of overblown aesthetics"}, {"author_id": 1249032874633973760, "id": 1495009924174262273, "text": "My \u2605\u2605\u2605 review of Farewell My Concubine on @letterboxd: https://t.co/UUSyB2M5VH"}, {"author_id": 1485709238508924935, "id": 1494893912262991877, "text": "@SabinaKnight1 Chen Kaige is a Chinese film director and is known for the movie Farewell My Concubine and Yellow Earth. Specifically, Farewell My Concubine won the FIPRESCI Prize. https://t.co/4fCa9cpj4r"}, {"author_id": 1344414952862441479, "id": 1494834957184872449, "text": "@Markado1234 Farewell my Concubine \n\nVery kino movie\u2026kinda wanna see what you give it knowing your thoughts on ITMFL lol\u2026\nNot that it\u2019s similar, but since it\u2019s one of my favourite movies I wonder what you\u2019d give it \ud83e\udd14"}, {"author_id": 1091828770636320768, "id": 1494666407904112645, "text": "@drjonty Farewell My Concubine\n\nRoots (miniseries)\nThe Day After (miniseries)\nThe International\n\nThe Killing Fields \nChildren of Men\nThe Year of Living Dangerously\nCloud Atlas\n\nDune should be on this list, but nothing on film comes close to the book. The Lynch/Smithee version is closest."}, {"author_id": 748474091301179392, "id": 1494664446375088134, "text": "added farewell my concubine to my favorites in letterboxd it was That good i\u2019m never getting over it"}, {"author_id": 748474091301179392, "id": 1494642589802405890, "text": "farewell my concubine\n(movie, chinese, 1993) https://t.co/SR9hA4nFMm"}, {"author_id": 344636497, "id": 1494604610795106304, "text": "FAREWELL TO MY CONCUBINE \"After the Cultural Revolution, Xiaolou and Dieyi meet with each other and they..\" https://t.co/geRQIdQz0R"}, {"author_id": 1431891296684216322, "id": 1494588938081742877, "text": "@ladbible farewell my concubine"}, {"author_id": 2805704833, "id": 1494578028281692163, "text": "RT @bb03271690: Iconic photos! Gong Li \u5de9\u4fd0 at Festival de Cannes 1993 for the film Farewell My Concubine \u9738\u738b\u5225\u59ec, which was the winner of Palm\u2026"}, {"author_id": 1339056991675801606, "id": 1494568294170480675, "text": "My \u2605\u2605\u2605\u2605\u2605 review of Farewell My Concubine (1993) on @letterboxd: https://t.co/ZOCoKKQVMG"}, {"author_id": 344636497, "id": 1494498919438426117, "text": "FAREWELL TO MY CONCUBINE \"After the Cultural Revolution, Xiaolou and Dieyi meet with each other and they..\" https://t.co/geRQIe7C2R"}, {"author_id": 732708933903613952, "id": 1494494819875385344, "text": "RT @deanfluencer: leslie cheung smoking on the set of 'farewell my concubine' (1993) https://t.co/6dibRDfyXi"}, {"author_id": 748474091301179392, "id": 1494447818114744324, "text": "@coeurmix farewell my concubine! didn\u2019t know it\u2019s gonna be This heavy"}, {"author_id": 787822751255932928, "id": 1494399214700605441, "text": "Iconic photos! Gong Li \u5de9\u4fd0 at Festival de Cannes 1993 for the film Farewell My Concubine \u9738\u738b\u5225\u59ec, which was the winner of Palm d\u2019Or that year https://t.co/SftPcSNWsd"}, {"author_id": 1363761488016588800, "id": 1494261342299164679, "text": "Farewell My Concubine\nUHDCLUB DP\n\nBeauty Shots preview updated \ud83e\udd29\nPrintrun : 200 copies\n\n\u26a0\ufe0f Secure your copie today on ULTRA COLLECTORS \u26a0\ufe0f\n\n#farewellmyconcubine #palmedor #festivaldecannes #uhdclub #moviecollector #bluraycollection  #collector #artcollector  #ultracollectorsclub https://t.co/65qpXiSxth"}, {"author_id": 1226456762741612544, "id": 1494218855052451841, "text": "@Anarqxista Farewell My Concubine\n\nOr if foreign language films are not your thing,\none of the best war films of all time is A Bridge Too Far.  Stellar cast, and the Germans actually spoke German!"}, {"author_id": 625849778, "id": 1494074787139751937, "text": "@MaxColllodi Not at all. I think the popularity of the songs, and thus their banality (themes from Papa Can You Hear Me Sing and Farewell My Concubine, Teresa Teng, Faye Wong, Sally Yeh, \"Gengis Khan\", etc) is one of the most interesting things about his work."}, {"author_id": 344636497, "id": 1493955343268810756, "text": "FAREWELL TO MY CONCUBINE \"After the Cultural Revolution, Xiaolou and Dieyi meet with each other and they..\" https://t.co/geRQIe7C2R"}, {"author_id": 1363761488016588800, "id": 1493842776651440128, "text": "Farewell My Concubine\nUHDCLUB DP\n\nBeauty Shots preview \ud83e\udd29\nVery limited printrun\n\n\u26a0\ufe0f Secure your copie today on ULTRA COLLECTORS \u26a0\ufe0f\n\n#farewellmyconcubine #palmedor #festivaldecannes #uhdclub #moviecollector #bluraycollection  #collector #artcollector  #ultracollectorsclub https://t.co/toVTfkoTMW"}, {"author_id": 1357710726094196739, "id": 1493735564486475793, "text": "@miserablesdyke the handmaiden, yi yi, tokyo story, and farewell my concubine"}, {"author_id": 66270991, "id": 1493730482051182601, "text": "@PrimeVideo Farewell My Concubine"}, {"author_id": 1017981571507236864, "id": 1493714954821591042, "text": "Why is this album no longer playable here, please I just want to be able listen to it again one more time, esp Farewell My Concubine please https://t.co/6ekERi2RDJ"}, {"author_id": 344636497, "id": 1493713726507450368, "text": "FAREWELL TO MY CONCUBINE \"After the Cultural Revolution, Xiaolou and Dieyi meet with each other and they..\" https://t.co/geRQIdQz0R"}, {"author_id": 1414764340067110912, "id": 1493706569846034434, "text": "@J_Marcus_P @eurorabbit Communist Culture revolution did much worse than hitler, watch \"Farewell my Concubine\" or does bashing leftists ideas not fit in your narrative?"}, {"author_id": 169880662, "id": 1493577165434200066, "text": "2 people found #385814 and @KoriganFou was 1st! It was \"Ba wang bie ji\" / \"Farewell my Concubine\" (1993) by Kaige Chen. Back in 5 min! https://t.co/nIeUORG6on"}, {"author_id": 1493313091865657348, "id": 1493571761975271426, "text": "RT @hkpopculture: leslie cheung with zhi yin, the actor who played young douzi in farewell my concubine https://t.co/vsc73ce2vl"}, {"author_id": 1493313091865657348, "id": 1493571632228667394, "text": "RT @cncalavia: Farewell My Concubine (Chen Kaige, 1993) https://t.co/Rrwo3NGl4k"}, {"author_id": 17832685, "id": 1493515998061862914, "text": "#NFT Leslie Cheung collection - Farewell My Concubine  https://t.co/eZYKfGvpuo"}, {"author_id": 1493209347073224709, "id": 1493486954985492480, "text": "RT @hopowingg: @moviemenfes Leslie Cheung\n- Farewell My Concubine\n- Happy Together (\ud83c\udff3\ufe0f\u200d\ud83c\udf08)\n- Rouge\n- A Better Tomorrow https://t.co/iJ7TUP13\u2026"}, {"author_id": 344636497, "id": 1493457051791814657, "text": "FAREWELL TO MY CONCUBINE \"After the Cultural Revolution, Xiaolou and Dieyi meet with each other and they..\" https://t.co/geRQIdQz0R"}, {"author_id": 1307323008625696768, "id": 1493373260473384963, "text": "leslie cheung as cheng dieyi in 'farewell my concubine' (1993) // lee joon-gi as gong-gil in 'the king &amp; the clown' (2005) https://t.co/HxpZ0mH0l7"}, {"author_id": 2600520990, "id": 1493302436567691268, "text": "RT @spacelabmachine: leslie cheung in farewell my concubine (1993)\n\nhappy birthday to one of the most talented artists that ever walked thi\u2026"}, {"author_id": 944941807942750209, "id": 1493299826376822784, "text": "RT @spacelabmachine: leslie cheung in farewell my concubine (1993)\n\nhappy birthday to one of the most talented artists that ever walked thi\u2026"}, {"author_id": 755380564555890688, "id": 1493299080415657985, "text": "RT @spacelabmachine: leslie cheung in farewell my concubine (1993)\n\nhappy birthday to one of the most talented artists that ever walked thi\u2026"}, {"author_id": 731018276403220480, "id": 1493276413587496965, "text": "Farewell my concubine \nThe farewell \nCapernaum https://t.co/gSoXTsBQE3"}, {"author_id": 344636497, "id": 1493275842281349126, "text": "FAREWELL TO MY CONCUBINE \"After the Cultural Revolution, Xiaolou and Dieyi meet with each other and they..\" https://t.co/geRQIdQz0R"}, {"author_id": 370730208, "id": 1493266673855569932, "text": "RT @rzhongnotes: farewell my concubine but with a happy ending/modern day take when"}, {"author_id": 237840690, "id": 1493261411396505601, "text": "RT @rzhongnotes: farewell my concubine but with a happy ending/modern day take when"}, {"author_id": 3288413315, "id": 1493259146434695170, "text": "farewell my concubine but with a happy ending/modern day take when"}, {"author_id": 1306938732629487616, "id": 1493228394305454081, "text": "@moviemenfes Leslie Cheung\n- Farewell My Concubine\n- Happy Together (\ud83c\udff3\ufe0f\u200d\ud83c\udf08)\n- Rouge\n- A Better Tomorrow https://t.co/iJ7TUP13K5"}, {"author_id": 36586564, "id": 1493175505759125505, "text": "My \u2605\u2605\u2605\u2605\u2605 review of Farewell My Concubine on Letterboxd https://t.co/Xof3Un83KV"}, {"author_id": 1289853046407729153, "id": 1493149973545955329, "text": "@vincentlao18 Should have won for Farewell My Concubine (sorry Anna Paquin xx)"}, {"author_id": 871925575354548224, "id": 1493081434705186816, "text": "The Baby of M\u00e2con, Farewell My Concubine, The Revenant, perhaps also Eraserhead. Though I think all of these films are masterpieces, they are very, very uncomfortable. https://t.co/Fl06ZEqRv7"}, {"author_id": 344636497, "id": 1493072010397696003, "text": "FAREWELL TO MY CONCUBINE \"After the Cultural Revolution, Xiaolou and Dieyi meet with each other and they..\" https://t.co/geRQIe7C2R"}, {"author_id": 168935461, "id": 1493056777126043648, "text": "5 Movie Recs, No Rules:\n\nCairo Time (2009)\nThe Last of Sheila (1973)\nThe Void (2016)\nFarewell, My Concubine (1993)\nTam Lin (1970)\n\n5 @\n@RonW1970 \n@analgesicsleep \n@MsJillbill \n@theshadowknows3 \n@TheVampireRobot https://t.co/iC13Sa6baJ"}, {"author_id": 997151942005567488, "id": 1492961904490270720, "text": "@isabell_v22 farewell my concubine \ud83d\ude0d\ud83d\ude0d\ud83d\ude0d it was amazing!!!"}, {"author_id": 1410950739082596366, "id": 1492918060113698828, "text": "RT @spacelabmachine: leslie cheung in farewell my concubine (1993)\n\nhappy birthday to one of the most talented artists that ever walked thi\u2026"}, {"author_id": 2181578509, "id": 1492895645207707651, "text": "@steeldieman @garfield628 @cy_beh @seanbrown_ @ruima Farewell my concubine is a movie released in PRC in 1993.  And it is about two Chinese opera actors.  You probably mixed it with some red corner.  Now that was banned."}, {"author_id": 260586345, "id": 1492894439307726849, "text": "@centralkingdom @garfield628 @cy_beh @seanbrown_ @ruima Farewell my concubine it\u2019s movie about a dancer who defects from communist China. You\u2019ve probably never been able to see it."}, {"author_id": 925547173, "id": 1492868677808816128, "text": "rip judith butler you wouldve loved Farewell, My Concubine"}]