[{"author_id": 2761296148, "id": 1495145138062077963, "text": "@GadSaad Now he is known as Richard \"Farinelli\" Hanania."}, {"author_id": 1083818434033582080, "id": 1495140214477672449, "text": "RT @NUCatsBaseball: B3 | Michael Farinelli makes his Northwestern debut coming out of the bullpen.\n\nNU 1\nUAB 2\n\n#GoCats"}, {"author_id": 1295467256, "id": 1495137325965357065, "text": "E6 | 1-2-3 innings by Farinelli.\nLast chance to score in Game 1.\n\nNU 1\nUAB 4\n\n#GoCats https://t.co/K2v1BkUvoI"}, {"author_id": 1295467256, "id": 1495134155348320258, "text": "E5 | Farinelli strands a runner as we head to the 6th.\n\nNU 1\nUAB 4"}, {"author_id": 1295467256, "id": 1495123960886874117, "text": "B3 | Michael Farinelli makes his Northwestern debut coming out of the bullpen.\n\nNU 1\nUAB 2\n\n#GoCats"}, {"author_id": 1339014111770906627, "id": 1494824108907012100, "text": "Montana\u2019s only underground #coalmine, @Signal_Peak, has kicked off 2022 with new leadership. The operation seated Parker Phipps as president and CEO, replacing Joseph Farinelli.\n\nLearn more: https://t.co/JKloKcz59D https://t.co/12TC52hOOC"}, {"author_id": 1128334872, "id": 1494723370696462341, "text": "RT @RCMLondon: Enjoy a walkthrough of the @RCMMuseum, with items including the earliest stringed keyboard instrument, original autograph sc\u2026"}, {"author_id": 1397180193995956225, "id": 1494709994427719683, "text": "\ud83c\udfc7 Farinelli Paulois\n\ud83d\udccd #Graignes\n\u23f0 R3 - 4.55pm\n\n\u2b55\ufe0f 3 wins from 4 course starts\n\ud83d\udcaf 7 places from 7 starts without shoes\n\ud83d\udd25 6 places from 7 autostarts https://t.co/RYLuSiCXjd"}, {"author_id": 4295235928, "id": 1494686729915281408, "text": "RT @RCMLondon: Enjoy a walkthrough of the @RCMMuseum, with items including the earliest stringed keyboard instrument, original autograph sc\u2026"}, {"author_id": 135945057, "id": 1494674252804640768, "text": "Enjoy a walkthrough of the @RCMMuseum, with items including the earliest stringed keyboard instrument, original autograph scores, and portraits featuring Haydn &amp; Farinelli.\n\nWatch now to experience this space on a virtual tour...\nhttps://t.co/qnpe6cowWv"}, {"author_id": 707513483617837056, "id": 1494589986850680837, "text": "Playboy Cybergirl - Patricia Farinelli ! Best of #Playboy #Erotic ! See more &gt;&gt; https://t.co/88YeOFvBPY &lt;&lt; https://t.co/LLEk0S3B9a"}, {"author_id": 1121511568057913344, "id": 1494544272841871363, "text": "So good I had to share! Check out all the items I'm loving on @Poshmarkapp from @DarkVampryss #poshmark #fashion #style #shopmycloset #reborn #unbranded #farinelli: https://t.co/kaoag5nPCh https://t.co/0OWGe8ydkc"}, {"author_id": 3072793804, "id": 1494506593240727556, "text": "@iza_farinelli Puts, sim"}]