[{"author_id": 1373060086948528130, "id": 1495285317880152066, "text": "RT @lolswift1313: Comparing Taylor's discography daily Spotify streams to 6 months ago (both Tuesday numbers)\n\nFearless TV\n17/8/2021 - 1.89\u2026"}, {"author_id": 2358571848, "id": 1495285292013654016, "text": "RT @SenRickScott: Great to see my friend, @EnesFreedom again today. Enes is a fearless fighter for human rights &amp; freedom for all &amp; I could\u2026"}, {"author_id": 173728888, "id": 1495285277316706305, "text": "RT @NiceWigg: The fearless leader, Commander Erwin. \n\nTattoo #3 https://t.co/veq9Byerkj"}, {"author_id": 1407283838393499653, "id": 1495285270970781698, "text": "RT @jesypearls: A strong woman knows she has strength enough for the journey, but a woman of strength knows it is in the journey where she\u2026"}, {"author_id": 134340234, "id": 1495285267607007232, "text": "RT @PTIofficial: You know why this man is fearless? It's because he knows that the people of Pakistan are behind him. He led the nation thr\u2026"}, {"author_id": 1048533241853038592, "id": 1495285262250819585, "text": "RT @PTIofficial: You know why this man is fearless? It's because he knows that the people of Pakistan are behind him. He led the nation thr\u2026"}, {"author_id": 1493096234109726724, "id": 1495285247981731844, "text": "@goldcndayIight You give me fearless"}, {"author_id": 1134932449375293440, "id": 1495285241560256513, "text": "RT @yujpics: i\u2019d be a fearless leader, i\u2019d be an alpha type https://t.co/yl1W9YZDpJ"}, {"author_id": 2680000657, "id": 1495285200246427649, "text": "RT @HLDTour: \u2018Fearless\u2019, Louis Tomlinson, live from The Andrew J Brady Music Center. \n#LTWTCincinnati \n2.19.22 \n\n\ud83c\udfa5: goldenwithlou https://t\u2026"}, {"author_id": 2943947192, "id": 1495285162443218948, "text": "You know why this man is fearless? It's because he knows that the people of Pakistan are behind him. He led the nation through Global Pandemic, extremely tough economic crises and he is destined to take us to new heights! #BehindYouSkipper \n#PrimeMinisterImranKhan https://t.co/EENNXxEtuP"}, {"author_id": 1357291119164485633, "id": 1495285101042835460, "text": "RT @PTIofficial: You know why this man is fearless? It's because he knows that the people of Pakistan are behind him. He led the nation thr\u2026"}, {"author_id": 776870547032506368, "id": 1495285075545665541, "text": "Looks like some Canadians have a bit of American blood after all. Fearless and persistent in the face of fascism. A beautiful site. https://t.co/C8vlZ0whwO"}, {"author_id": 1451744022444322820, "id": 1495284908801105924, "text": "You know why this man is fearless? It's because he knows that the people of Pakistan are behind him. He led the nation through Global Pandemic, extremely tough economic crises and he is destined to take us to new heights! #BehindYouSkipper https://t.co/aRuCiNGS0I"}, {"author_id": 1249042270772494340, "id": 1495284892266942465, "text": "RT @sentacoumar: I don't ask GOD to make my life easier,but give me patience,give me strength ....So be strong,be fearless, be beautiful an\u2026"}, {"author_id": 833210036, "id": 1495284857835966468, "text": "RT @PTIofficial: You know why this man is fearless? It's because he knows that the people of Pakistan are behind him. He led the nation thr\u2026"}, {"author_id": 2254601879, "id": 1495284850093625347, "text": "RT @chineebop: Asia\u2019s Songbird @reginevalcasid x Fearless diva @jona #ASAP4all \u2728\ud83d\udc95 https://t.co/2PmAkU3oms"}, {"author_id": 1253346211618324481, "id": 1495284815532335110, "text": "RT @NiceWigg: The fearless leader, Commander Erwin. \n\nTattoo #3 https://t.co/veq9Byerkj"}, {"author_id": 1490275148225658880, "id": 1495284776122474496, "text": "RT @lolswift1313: Comparing Taylor's discography daily Spotify streams to 6 months ago (both Tuesday numbers)\n\nFearless TV\n17/8/2021 - 1.89\u2026"}, {"author_id": 1263011741933473792, "id": 1495284738092933120, "text": "RT @PTIofficial: You know why this man is fearless? It's because he knows that the people of Pakistan are behind him. He led the nation thr\u2026"}, {"author_id": 1475185109397655565, "id": 1495284719038222336, "text": "RT @PTIofficial: You know why this man is fearless? It's because he knows that the people of Pakistan are behind him. He led the nation thr\u2026"}, {"author_id": 343062535, "id": 1495284674561658884, "text": "RT @LouisPromoSquad: \ud83d\udcf2Louis during Fearless tonight at #LTWTCincinnati \ud83d\ude0a\n\n\u00a9 goldenwithlou \n\n19.02.22\n\n https://t.co/uinqCZqhbp"}, {"author_id": 2448091338, "id": 1495284575849033729, "text": "RT @JaneCaro: Grace Tame is formidable in just the right way. Articulate, smart, compassionate, fearless and plain speaking."}, {"author_id": 1351142133500174340, "id": 1495284551781810182, "text": "@DJLWorldWideHK I am fearless\n\nDJLOONYO NFTTalksOnKumu"}, {"author_id": 1365077826685165568, "id": 1495284512623718402, "text": "@nftsonsolana @DarkTerminalSol @InfinitySerps @Fearless_Bulls +fully doxxed"}, {"author_id": 776870547032506368, "id": 1495284481007267840, "text": "@RealCandaceO Wow. Canadians fearless in the face of fascism. A beautiful sight."}, {"author_id": 1365077826685165568, "id": 1495284403055988737, "text": "@nftsonsolana @DarkTerminalSol @InfinitySerps @Fearless_Bulls please dyor"}, {"author_id": 1250927239828590597, "id": 1495284398975066115, "text": "RT @PTIofficial: You know why this man is fearless? It's because he knows that the people of Pakistan are behind him. He led the nation thr\u2026"}, {"author_id": 1191049398752559105, "id": 1495284376325828608, "text": "RT @PTIofficial: You know why this man is fearless? It's because he knows that the people of Pakistan are behind him. He led the nation thr\u2026"}, {"author_id": 700443817, "id": 1495284348072955905, "text": "(2/3)\n\nSpeak Now - Fall of 2022. Let\u2019s face it. It\u2019s a Fall album. Idk what it is about it, but it\u2019s very much not a Summer album to me. Plus I think it would be a little more interesting with doing Fearless, Red, 1989 and THEN Speak Now. \ud83e\udd37\ud83c\udffb\u200d\u2642\ufe0f"}, {"author_id": 1202912016, "id": 1495284308189204486, "text": "RT @reckedmaserati: wearing my ur my lover pajamas with my fearless crewneck on top and putting on wonderstruck lotion before sitting on th\u2026"}, {"author_id": 856760583382745088, "id": 1495284244318650368, "text": "RT @gralaxies: no ginting, no jojo, no vito, no minions, no daddies, no fajri, no greyap, no sirib? yes, they did it!! our precious 2nd str\u2026"}, {"author_id": 603522174, "id": 1495284226131959809, "text": "RT @PTIofficial: You know why this man is fearless? It's because he knows that the people of Pakistan are behind him. He led the nation thr\u2026"}, {"author_id": 16187223, "id": 1495284198730391552, "text": "@samcaseys @brittania_ bless both your hearts \n\nreally not ideal for our long term future that neither Alice nor I is the scrappy fearless butch with homeowner skills, we are both the squeamish femme who has too much anxiety to call in a professional until it\u2019s an emergency"}, {"author_id": 263561821, "id": 1495284170960289792, "text": "Fearless\nhttps://t.co/6lRyPemV8o"}, {"author_id": 1312780883301146624, "id": 1495284161061568514, "text": "RT @PTIofficial: You know why this man is fearless? It's because he knows that the people of Pakistan are behind him. He led the nation thr\u2026"}, {"author_id": 1479026776315674624, "id": 1495284150445694976, "text": "RT @HLDTour: \u2018Fearless\u2019, Louis Tomlinson, live from The Andrew J Brady Music Center. \n#LTWTCincinnati \n2.19.22 \n\n\ud83c\udfa5: goldenwithlou https://t\u2026"}, {"author_id": 1310485286707695617, "id": 1495284108133642241, "text": "RT @HLDTour: \u2018Fearless\u2019, Louis Tomlinson, live from The Andrew J Brady Music Center. \n#LTWTCincinnati \n2.19.22 \n\n\ud83c\udfa5: goldenwithlou https://t\u2026"}, {"author_id": 847027933755596800, "id": 1495284092661022720, "text": "RT @gralaxies: no ginting, no jojo, no vito, no minions, no daddies, no fajri, no greyap, no sirib? yes, they did it!! our precious 2nd str\u2026"}, {"author_id": 2925391589, "id": 1495284086214172674, "text": "RT @PTIofficial: You know why this man is fearless? It's because he knows that the people of Pakistan are behind him. He led the nation thr\u2026"}, {"author_id": 1427324614783471619, "id": 1495284035014303748, "text": "RT @jaIenci: Happy 34th birthday to the doll, groundbreaking, trailblazing and first of her name forever etched in history books for always\u2026"}, {"author_id": 1492183636355203072, "id": 1495283981864284163, "text": "RT @AdrunnerNft: \ud83d\udce2  MAKE YOUR STATEMENT! \ud83d\udce2\n\nDiscord daily AMA\nOur amazing Discord community is bumpin' and we want to talk to you. Join us\u2026"}, {"author_id": 4855044657, "id": 1495283977652998144, "text": "RT @SenRickScott: Great to see my friend, @EnesFreedom again today. Enes is a fearless fighter for human rights &amp; freedom for all &amp; I could\u2026"}, {"author_id": 955939374, "id": 1495283971554701314, "text": "RT @PTIofficial: You know why this man is fearless? It's because he knows that the people of Pakistan are behind him. He led the nation thr\u2026"}, {"author_id": 1396436106141442050, "id": 1495283962612260864, "text": "RT @jaIenci: Happy 34th birthday to the doll, groundbreaking, trailblazing and first of her name forever etched in history books for always\u2026"}, {"author_id": 3704444892, "id": 1495283854013255681, "text": "RT @davidhogg111: There are some badass young people working in Devin Nune's district to register young people to vote. I think they have a\u2026"}, {"author_id": 1455285542682308616, "id": 1495283832823627778, "text": "Fez voice: \"Damn Lexi, you're fearless\" https://t.co/c6NEI69PS7"}, {"author_id": 1455566070400552961, "id": 1495283812087083010, "text": "RT @ku_kingpin: With @DidmusWaBarasa western Kenya is promised to get good leader and a fearless man who can drive a huge crowd\n#DidmusBara\u2026"}, {"author_id": 974388325086908416, "id": 1495283778469568512, "text": "RT @RajKArya9: Delhi Fight Back 4 SSR\ud83d\udca5\n\nLet's extend our support to our valiant and fearless Delhi SSRians who are doing a Candle March pea\u2026"}, {"author_id": 1327027251183947776, "id": 1495283748623253506, "text": "RT @chartdata: .@taylorswift13's 'Fearless (Taylor\u2019s Version)' has now surpassed 1 billion streams on Spotify."}, {"author_id": 1250975408020996097, "id": 1495283709620068352, "text": "RT @HLDTour: \u2018Fearless\u2019, Louis Tomlinson, live from The Andrew J Brady Music Center. \n#LTWTCincinnati \n2.19.22 \n\n\ud83c\udfa5: goldenwithlou https://t\u2026"}, {"author_id": 1369713080859389954, "id": 1495283650690093057, "text": "I am important. I am fearless, nothing scares me. I am a grand being, a wise one. I am the reason of existence..."}, {"author_id": 732378527111086081, "id": 1495283606230646786, "text": "RT @HLDTour: \u2018Fearless\u2019, Louis Tomlinson, live from The Andrew J Brady Music Center. \n#LTWTCincinnati \n2.19.22 \n\n\ud83c\udfa5: goldenwithlou https://t\u2026"}, {"author_id": 1277443683789361152, "id": 1495283569962278914, "text": "RT @SpotifySwiftie: Taylor's Top Albums 2/18/2022\n\nRED (Taylor's Version) - 5.27m\n1989 - 3.79m\nLover - 3.43m\nfolklore - 2.99m\nevermore - 2.\u2026"}, {"author_id": 1480656127096406024, "id": 1495283504397094914, "text": "RT @SHADY_CUSTOM: Soon at the #opensea\n\nThe name is canvas \"Fearless\" \n\n#canvas #acrylicpainting #Calligraphy #NFTartist #NFTCommmunity #NF\u2026"}, {"author_id": 1438550374697242625, "id": 1495283501423284226, "text": "RT @PTIofficial: You know why this man is fearless? It's because he knows that the people of Pakistan are behind him. He led the nation thr\u2026"}, {"author_id": 1398650729233928193, "id": 1495283450986700801, "text": "on a more serious note, i\u2019m talking about fearless choreo"}, {"author_id": 2339662986, "id": 1495283430287888385, "text": "@freefalling8644 @chvcgos @itshauteoutside @AwellieT @Learnthingss @anarozee @fearless_cait Loved it! Thanks for sharing."}, {"author_id": 933014503750537216, "id": 1495283408238526469, "text": "RT @ku_kingpin: With @DidmusWaBarasa western Kenya is promised to get good leader and a fearless man who can drive a huge crowd\n#DidmusBara\u2026"}, {"author_id": 1074060534, "id": 1495283405294084097, "text": "RT @joy_zelda: Nhlanhla Lux Appreciation Post \ud83d\udcaa\ud83d\udc4f\nPolice are paid to kill him they trying to silence him,But he is Fearless,and making sure\u2026"}, {"author_id": 1431876997840441353, "id": 1495283401460371458, "text": "@narendramodi Fearless president\nhttps://t.co/Qp4BqYW5It"}, {"author_id": 1222117619005710336, "id": 1495283353574002692, "text": "RT @silviakutu02: ITV is full of Pari type character\nBe a #Neeti\n\nFierce, Fearless\nAnd #TanviDogra is just nailing this character by her aw\u2026"}, {"author_id": 2579955098, "id": 1495283296309329921, "text": "RT @jacob_coats9: real talk my favorite people are all my music homies, u know how fearless u gotta be to go in THAT field?"}, {"author_id": 384389582, "id": 1495283240717803521, "text": "RT @ibabekeiys: @JohnTM718 @SHINee @superm Sexuality by our fearless Taemin!  \n\n#TAEMIN #\ud0dc\ubbfc  #\u30c6\u30df\u30f3 @SHINee @superm"}, {"author_id": 1416076023192375298, "id": 1495283190604304386, "text": "RT @LouisTWorIdTour: \ud83c\udfa5| Louis durante Fearless esta noche #LTWTCincinatti \n\n\u00a9\ufe0f2weeksfromlou https://t.co/vax1EjLWpt"}, {"author_id": 1366845305904324618, "id": 1495283181750128641, "text": "RT @HLDTour: \u2018Fearless\u2019, Louis Tomlinson, live from The Andrew J Brady Music Center. \n#LTWTCincinnati \n2.19.22 \n\n\ud83c\udfa5: goldenwithlou https://t\u2026"}, {"author_id": 1436630795427344387, "id": 1495283173978439688, "text": "RT @KennyLoaded: I am afraid not enough people are talking about @Fearless_Bulls, please stop chasing pump and dumps. Almost 87% staked, th\u2026"}, {"author_id": 1010637424328892417, "id": 1495283149483479044, "text": "RT @uaustinorg: Are you a rising, current, or recently graduated undergraduate? This summer, join some of the world\u2019s most courageous acade\u2026"}, {"author_id": 1485276973488168960, "id": 1495282975969198080, "text": "RT @LOONYOSWORLDOFC: @DJLWorldWideHK I am fearless \n\nDJLOONYO NFTTalksOnKumu"}, {"author_id": 1369179700975730688, "id": 1495282962316730368, "text": "@DJLWorldWideHK I am fearless\n\nDJLOONYO NFTTalksOnKumu"}, {"author_id": 821916460712947712, "id": 1495282897229688833, "text": "RT @NiceWigg: The fearless leader, Commander Erwin. \n\nTattoo #3 https://t.co/veq9Byerkj"}, {"author_id": 1207932415949201408, "id": 1495282811292372998, "text": "RT @taylorswift13: I\u2019m thrilled to tell you that my new version of Fearless (Taylor\u2019s Version) is done and will be with you soon. It has 26\u2026"}, {"author_id": 1485276973488168960, "id": 1495282811166547969, "text": "@DJLWorldWideHK I am fearless\n\nDJLOONYO NFTTalksOnKumu"}, {"author_id": 992345458172456960, "id": 1495282749065904128, "text": "RT @PTIofficial: You know why this man is fearless? It's because he knows that the people of Pakistan are behind him. He led the nation thr\u2026"}, {"author_id": 1461640006200606720, "id": 1495282722637422593, "text": "RT @pebaoboy: hello im not a new swiftie but im new to tweeter. im doing retweet a lot mainly about miss taylor swift \u2764\ufe0f\n\nmy fav album is d\u2026"}, {"author_id": 95151029, "id": 1495282713204514816, "text": "RT @PTIofficial: You know why this man is fearless? It's because he knows that the people of Pakistan are behind him. He led the nation thr\u2026"}, {"author_id": 1483196754858287106, "id": 1495282708456656903, "text": "RT @ku_kingpin: With @DidmusWaBarasa western Kenya is promised to get good leader and a fearless man who can drive a huge crowd\n#DidmusBara\u2026"}, {"author_id": 1320767506546520065, "id": 1495282680984129536, "text": "RT @kdramacontents_: #CHACENZO #\uc13c\ucc28 \u2014 fearless\n\n#\ube48\uc13c\uc870 \n#OneYearWithVincenzo https://t.co/ZH32pPR9qv"}, {"author_id": 1344191856301625344, "id": 1495282678664335362, "text": "RT @RajKArya9: Delhi Fight Back 4 SSR\ud83d\udca5\n\nLet's extend our support to our valiant and fearless Delhi SSRians who are doing a Candle March pea\u2026"}, {"author_id": 962868950504693762, "id": 1495282678375251969, "text": "RT @JaneCaro: Grace Tame is formidable in just the right way. Articulate, smart, compassionate, fearless and plain speaking."}, {"author_id": 1090432429, "id": 1495282676881936386, "text": "RT @PTIofficial: You know why this man is fearless? It's because he knows that the people of Pakistan are behind him. He led the nation thr\u2026"}, {"author_id": 1489856983314444289, "id": 1495282669889990656, "text": "RT @ku_kingpin: With @DidmusWaBarasa western Kenya is promised to get good leader and a fearless man who can drive a huge crowd\n#DidmusBara\u2026"}, {"author_id": 1470057700503351301, "id": 1495282665729433600, "text": "@taylorswift13 omg fearless (taylor's version)'s (taylor's version) ?"}, {"author_id": 366498596, "id": 1495282613740736513, "text": "RT @davidhogg111: There are some badass young people working in Devin Nune's district to register young people to vote. I think they have a\u2026"}, {"author_id": 1275265481377820672, "id": 1495282613719904259, "text": "RT @LouisBlueblog: People who are planning to go to Louis Tomlinson World Tour, I know some of you are new here but please know our culture\u2026"}, {"author_id": 1249544311995109377, "id": 1495282581691981826, "text": "@DJLWorldWideHK I am fearless \n\nDJLOONYO NFTTalksOnKumu"}, {"author_id": 1468608382567272452, "id": 1495282572813045760, "text": "@joonieswift13 one of taylor's tracks on the fearless album \ud83d\ude2d\ud83d\ude2d"}, {"author_id": 1193388319809273856, "id": 1495282509403197446, "text": "RT @silviakutu02: ITV is full of Pari type character\nBe a #Neeti\n\nFierce, Fearless\nAnd #TanviDogra is just nailing this character by her aw\u2026"}, {"author_id": 1470057700503351301, "id": 1495282501874765828, "text": "RT @taylorswift13: I\u2019m thrilled to tell you that my new version of Fearless (Taylor\u2019s Version) is done and will be with you soon. It has 26\u2026"}, {"author_id": 483713295, "id": 1495282461101731844, "text": "RT @ku_kingpin: With @DidmusWaBarasa western Kenya is promised to get good leader and a fearless man who can drive a huge crowd\n#DidmusBara\u2026"}]