[{"author_id": 806566620969701377, "id": 1494964027566419973, "text": "RT @America_First17: Pastor Mark has done it; he's done a sermon on ALL THE CALENDARS OF EARTH, &amp; WHITLED THEM DOWN TO WE ARE AT YEAR 6000\u2026"}, {"author_id": 806566620969701377, "id": 1494963999166722048, "text": "Pastor Mark has done it; he's done a sermon on ALL THE CALENDARS OF EARTH, &amp; WHITLED THEM DOWN TO WE ARE AT YEAR 6000 YEARS, THE VIDEO WAS DONE IN 2021 JULY; THE FALL FEAST ARE SIGNIFICANT THIS YEAR! WATCH&gt;https://t.co/oglCzXaBu2"}, {"author_id": 2789628483, "id": 1494310825229754370, "text": "RT @historitage: Half-term holiday reading has arrived!! But do I begin with H.E. Bates The Feast of July (1954) or Jennifer Dawson The Ha-\u2026"}, {"author_id": 298724681, "id": 1494295787932721160, "text": "RT @historitage: Half-term holiday reading has arrived!! But do I begin with H.E. Bates The Feast of July (1954) or Jennifer Dawson The Ha-\u2026"}, {"author_id": 1834848265, "id": 1494284518794178562, "text": "Half-term holiday reading has arrived!! But do I begin with H.E. Bates The Feast of July (1954) or Jennifer Dawson The Ha-Ha (1961)? #amreading #bookcovers https://t.co/Qr0thYiUrT"}, {"author_id": 16745147, "id": 1493990308232798209, "text": "Between May and July along the east coast of South Africa, billions of sardines gather in the largest biomass migration on the planet. But their journey quickly becomes a moveable feast for predators like sharks, dolphins, gannets, seals, &amp; whales. Tonight at 8 PM on @PBSNature. https://t.co/rhBzRPKWWl"}, {"author_id": 990941804987146240, "id": 1493668556550062093, "text": "We\u2019re hosting it primarily for our people to feast on God\u2019s Word\u2014we also love and respect other styles and forms of Bible preaching and this complements our camp-meeting gospel style July Jubilee we have each summer as well."}, {"author_id": 210649325, "id": 1493643942113460244, "text": "RT @aciafricanews: Pope Francis has added the memorial of Sts. Mary, Martha, and Lazarus to the General Roman Calendar, giving them the com\u2026"}, {"author_id": 214725163, "id": 1493602261255311377, "text": "ADVENTURE AWAITS! \n\nStarting this month feast your eyes on the grand prize: a @suzukicycles #KingQuad #ATV. \ud83d\ude31 \n\nBut wait...there's more! There are several other great prizes each month until the end of July. Not to be missed!\n\nSee details (rules &amp; entry): https://t.co/gy93upaQ5w https://t.co/xZqA8FdIKS"}, {"author_id": 1486638914060304384, "id": 1493550702949453827, "text": "Imagine celebrating Ireland\u2019s national holiday not in March but in July! You see, July 24 marks the feast day of St Declan who preceded St Patrick's arrival to these shores. Read how he is to be honored with a brand new pilgrim path:\nhttps://t.co/PYZSQZ6xeK\n#stdeclansway #pilgrim https://t.co/iB7SGotuU5"}, {"author_id": 1472115292545458179, "id": 1493530133998809089, "text": "@brielarson Born: 175 AD, Terni, Italy\nDied: 14 February 269 AD, Rome, Italy\nFull name: Valentine of Terni\nFeast: February 14 (Catholic, Anglican and Lutheran Churches), July 6 and July 30 (Eastern Orthodox)\nPlace of burial: Basilica di San Valentino, Terni, Italy"}, {"author_id": 1472115292545458179, "id": 1493529730875863044, "text": "Born: 175 AD, Terni, Italy\nDied: 14 February 269 AD, Rome, Italy\nFull name: Valentine of Terni\nFeast: February 14 (Catholic, Anglican and Lutheran Churches), July 6 and July 30 (Eastern Orthodox)\nPlace of burial: Basilica di San Valentino, Terni, Italy."}, {"author_id": 981371510, "id": 1493270110101979145, "text": "@padrebrendon @matthewwalther the Byzantine date is May 11, and interestingly, Pius IX moved the national feast from *March* to July, then Leo XIII added it to the Roman calendar only to move it by two days a few years later. Despite the dies natalis of St Cyril being today, it was never their feast!"}, {"author_id": 1411380096976359426, "id": 1493261949655605250, "text": "RT @F_SebastianWTT: Saints of the Franciscan Order #7\n\nSt. Veronica Giuliani. \n\nAbbess, Mystic, and Stigmatist\n\nFeast of St. Veronica Giuli\u2026"}, {"author_id": 838876525269233664, "id": 1493250005733298177, "text": "@matthewwalther What\u2019s particularly amusing is that in Slovakia and the Czech Republic, both of which venerate Ss. Cyril and Methodius as their patrons, their Feast remains on 5 July according to the national calendars. So I\u2019m not really sure the move served any purpose whatsoever."}, {"author_id": 861934651606282240, "id": 1493247194614353924, "text": "(2/8) On the western calendar of saints, February 14 is traditionally the feast of St. Valentine of Rome. The eastern calendar, which is followed by most of the Orthodox Church, celebrates St. Valentine of Rome on July 6."}, {"author_id": 1120118042, "id": 1493200837426008065, "text": "@padrebrendon The best thing is, that in our national calendar \ud83c\udde8\ud83c\uddff we celebrate the feast on 5th of July."}, {"author_id": 831756643272626176, "id": 1493141545821736961, "text": "RT @F_SebastianWTT: Saints of the Franciscan Order #7\n\nSt. Veronica Giuliani. \n\nAbbess, Mystic, and Stigmatist\n\nFeast of St. Veronica Giuli\u2026"}, {"author_id": 88991510, "id": 1493122904053194756, "text": "RT @lazapir: Sf. Valentine was a 3rd-century Roman saint, commemorated in Western Christianity on February 14 and in Eastern Orthodoxy on J\u2026"}, {"author_id": 279150265, "id": 1493117740063862786, "text": "Sf. Valentine was a 3rd-century Roman saint, commemorated in Western Christianity on February 14 and in Eastern Orthodoxy on July 6. His feast Day is associated with a tradition of courtly love. He is also a patron saint of Terni, epilepsy &amp; beekeepers. \nHappy #ValentinesDay2022"}, {"author_id": 758933051338465280, "id": 1493109116675362820, "text": "RT @F_SebastianWTT: Saints of the Franciscan Order #7\n\nSt. Veronica Giuliani. \n\nAbbess, Mystic, and Stigmatist\n\nFeast of St. Veronica Giuli\u2026"}, {"author_id": 1416222615748890624, "id": 1493108482731565058, "text": "A lot of people are talking about St. Valentine for some reason. He's a cool saint and all but his feast day isn't until July 30th. Weird"}, {"author_id": 1427835936176365571, "id": 1493095401263538176, "text": "RT @F_SebastianWTT: Saints of the Franciscan Order #7\n\nSt. Veronica Giuliani. \n\nAbbess, Mystic, and Stigmatist\n\nFeast of St. Veronica Giuli\u2026"}, {"author_id": 1402406022183112705, "id": 1493080959289282565, "text": "Saints of the Franciscan Order #7\n\nSt. Veronica Giuliani. \n\nAbbess, Mystic, and Stigmatist\n\nFeast of St. Veronica Giuliani - July 9. https://t.co/b579qxg3YE"}, {"author_id": 1328173753562492929, "id": 1492968262459658258, "text": "RT @AnEarful: At this rate, I'll be done by July...in the meantime FEAST on the latest #bestof2021: Electronic - feat. @AmandaBerlind, Foud\u2026"}, {"author_id": 323964290, "id": 1492957964088524802, "text": "RT @AnEarful: At this rate, I'll be done by July...in the meantime FEAST on the latest #bestof2021: Electronic - feat. @AmandaBerlind, Foud\u2026"}, {"author_id": 1045713498, "id": 1492952292772962307, "text": "At this rate, I'll be done by July...in the meantime FEAST on the latest #bestof2021: Electronic - feat. @AmandaBerlind, Foudre!, @na4nana4na, @corntuth, @mndsgn, Matt Evans, Luce Celestiale, @phongmusic, @cuthbear, Daniel Rhode...tbc https://t.co/D7wpdBQ5g6"}]