[{"author_id": 1143683311010664449, "id": 1495288329696256001, "text": "@mcburls 1/2 Republicans are short reality. Tyrannical? Canada? Clearly she was absent the day her class discussed Pol Pot, Khmer Rouge, Cambodia &amp; the 'killing fields'. My family fled Cuba in 1960. Being in politics against Castro my parents were on a Castro hit-list. Their mole, the..."}, {"author_id": 19401808, "id": 1495288275313082374, "text": "RT @phalpern: When Niels Bohr fled Nazi-occupied Denmark in a fishing boat to Sweden, and then in a high-altitude plane to England, he clut\u2026"}, {"author_id": 1233197013614891010, "id": 1495288189677932548, "text": "@BlueTexasLady1 @coybranscum These are the failed  results of BLUE run cities and states! \n\nPeople fled BLUE states and ran to RED states for safer, cleaner, better lives. \n\nDon\u2019t screw up Texas or Florida!! Change your ticket and voting habits. Thank you. https://t.co/gHp9OkPcl4"}, {"author_id": 249022032, "id": 1495288144450801667, "text": "Police said armed men riding a motorcycle opened fire on Sadullah Khan, killing him on the spot.\n\nThey said that the attackers fled the place, and the body was shifted to the District Headquarters Hospital, Tajazai. https://t.co/9uxxYrDURI"}, {"author_id": 766386156313440260, "id": 1495288117447831553, "text": "RT @danielmarven: These 2 killed the rain Queen their real names are Maloru and Grace... They fled to Turfloop using fake names as Alfred a\u2026"}, {"author_id": 1162699508742070272, "id": 1495288109004734466, "text": "RT @RefugeesinLibya: The protest in #Tunis is sending us deep into reckon how black refugees in Arab countries are undermined,their rights\u2026"}, {"author_id": 1439012935838298117, "id": 1495288056215007234, "text": "RT @RefugeesinLibya: The protest in #Tunis is sending us deep into reckon how black refugees in Arab countries are undermined,their rights\u2026"}, {"author_id": 189101826, "id": 1495288013626109953, "text": "RT @drvyom: He fled from Iraq in 2014\u00a0where he was a qualified doctor, and requalified in Australia, where he was a cancer researcher at Gr\u2026"}, {"author_id": 17027924, "id": 1495287997008211974, "text": "RT @LadyDoctorSays: I don't think y'all realize how insanely intelligent &amp; resilient Iraqis are.\n\nThis man fled Iraq while ISIS was taking\u2026"}, {"author_id": 742484898896740352, "id": 1495287982387048448, "text": "RT @did_nazi: The islamophobe has fled.\nAnd thinks he\u2019s in a position to \"disconnect\" while abandoning the foot soldiers he assembled to cr\u2026"}, {"author_id": 2778656239, "id": 1495287716572909570, "text": "RT @ryanztweetz: Hey Someone hit me with their \ud83d\ude97  and fled on Thursday I got knocked around a little and hit my head and thigh pretty sore\u2026"}, {"author_id": 1483321627777859585, "id": 1495287642145329158, "text": "RT @logyal143: #Kalimpong in 1950s. It became an important center for trade with Tibet and had a centuries-old #connection with #Tibet. \n\nW\u2026"}, {"author_id": 357224791, "id": 1495287641188847616, "text": "RT @EpshtainItay: My great-grandmother was murdered in Auschwitz, my grandmother and grandfather survived against all odds. The rest of my\u2026"}, {"author_id": 1233197013614891010, "id": 1495287096914890752, "text": "@coybranscum These are the failed  results of BLUE run cities and states! \n\nPeople fled BLUE states and ran to RED states for safer, cleaner, better lives. \n\nDon\u2019t screw up Texas or Florida!! Change your ticket and voting habits. Thank you. https://t.co/swA1URab64"}, {"author_id": 2638379287, "id": 1495287083224739841, "text": "RT @NoContextHumans: How China is using black sites in the UAE as they target Uyghurs abroad. Chinese agents and police routinely operate a\u2026"}, {"author_id": 764477151345254400, "id": 1495287064560087040, "text": "@tedcruz Why? Were you searching for her in Cancun, Fled?"}, {"author_id": 109457750, "id": 1495287024793829381, "text": "RT @ryanztweetz: Hey Someone hit me with their \ud83d\ude97  and fled on Thursday I got knocked around a little and hit my head and thigh pretty sore\u2026"}, {"author_id": 1246170365828759557, "id": 1495287019207020547, "text": "RT @SAPoliceService: #sapsKZN Drugs valued at more than R400 000 seized by police officers from the Provincial Drug and Firearm Unit at Uni\u2026"}, {"author_id": 1434123064044703746, "id": 1495286803879784450, "text": "RT @samar11: An unprecedented level of intimidation against #journalists in #Kashmir, with security forces raiding their homes, calling the\u2026"}, {"author_id": 1286468488261963778, "id": 1495286710292213761, "text": "RT @Tetrametracall1: Alone you decembered us\nturning minds to ice\nwe lost everything\nsanity fled without you\n\nYou\u2019ve healed us since\ntogeth\u2026"}, {"author_id": 1420073086603317248, "id": 1495286680386871301, "text": "@tedcruz Hey Teddy, Seemed you and Trump were not too concerned with security during attack on the Capitol. Around same time last year weren't you the fool who fled to cancun while Texans froze?  Zip it Teddy!"}, {"author_id": 977081844666519552, "id": 1495286663664193541, "text": "RT @GrayConnolly: As an Anglo, I unironically get this aspect of the Americans. They are a republic. They form a continent on their own. Th\u2026"}, {"author_id": 1084643485158846464, "id": 1495286539781554176, "text": "RT @drvyom: He fled from Iraq in 2014\u00a0where he was a qualified doctor, and requalified in Australia, where he was a cancer researcher at Gr\u2026"}, {"author_id": 1644686383, "id": 1495286458898587651, "text": "RT @drvyom: He fled from Iraq in 2014\u00a0where he was a qualified doctor, and requalified in Australia, where he was a cancer researcher at Gr\u2026"}, {"author_id": 629190780, "id": 1495286405152800769, "text": "@FoxNews Which class did Fled Cruz fly to Cancun when his constituents were freezing to death? \ud83e\udd14"}, {"author_id": 11717102, "id": 1495286403164422146, "text": "RT @LadyDoctorSays: I don't think y'all realize how insanely intelligent &amp; resilient Iraqis are.\n\nThis man fled Iraq while ISIS was taking\u2026"}, {"author_id": 1238080592618676224, "id": 1495286273493323781, "text": "RT @RefugeesinLibya: The protest in #Tunis is sending us deep into reckon how black refugees in Arab countries are undermined,their rights\u2026"}, {"author_id": 1444983851311267850, "id": 1495286250684948481, "text": "RT @logyal143: #Kalimpong in 1950s. It became an important center for trade with Tibet and had a centuries-old #connection with #Tibet. \n\nW\u2026"}, {"author_id": 981287750094786561, "id": 1495286050742321152, "text": "@SenTedCruz No they dont.  You are disliked around the world including in the air.   Nobody pulls you aside for anything. #fled #liar"}, {"author_id": 1141772174, "id": 1495286016432918531, "text": "RT @__Insafian: The accused continued to lust and torture the girls throughout the night and the next day they left the girls outside the h\u2026"}, {"author_id": 1363209689517858820, "id": 1495285752561029121, "text": "RT @NinaByzantina: There are up to 2 million Donbass refugees who fled after 2014\u2014not to inner Ukraine, but to Russia, the \u201caggressor.\u201d If\u2026"}, {"author_id": 1477966009680240645, "id": 1495285750195126272, "text": "I cowered inside with my daughter, 13, as Storm Eunice\u2019s 122mph gales ripped our roof off \u2013 we fled to to\u00a0safety https://t.co/O5LeOdC4oa"}, {"author_id": 1440703338740256768, "id": 1495285731144581126, "text": "I cowered inside with my daughter, 13, as Storm Eunice\u2019s 122mph gales ripped our roof off \u2013 we fled to to\u00a0safety https://t.co/HGmca7eFV4"}, {"author_id": 1484542324814368768, "id": 1495285714086363139, "text": "I cowered inside with my daughter, 13, as Storm Eunice\u2019s 122mph gales ripped our roof off \u2013 we fled to to\u00a0safety https://t.co/wFk1gkSL3u"}, {"author_id": 1361685749666570250, "id": 1495285695593648131, "text": "I cowered inside with my daughter, 13, as Storm Eunice\u2019s 122mph gales ripped our roof off \u2013 we fled to to\u00a0safety https://t.co/eJ0yPtO7aE"}, {"author_id": 1484509891020611586, "id": 1495285677688197121, "text": "I cowered inside with my daughter, 13, as Storm Eunice\u2019s 122mph gales ripped our roof off \u2013 we fled to to\u00a0safety https://t.co/HROoSosclh"}, {"author_id": 1484280778548723714, "id": 1495285660743192577, "text": "I cowered inside with my daughter, 13, as Storm Eunice\u2019s 122mph gales ripped our roof off \u2013 we fled to to\u00a0safety https://t.co/QYVH86t9eg"}, {"author_id": 1474000180592746497, "id": 1495285642900619269, "text": "I cowered inside with my daughter, 13, as Storm Eunice\u2019s 122mph gales ripped our roof off \u2013 we fled to to\u00a0safety https://t.co/Y8mB8jUZFi"}, {"author_id": 1484138188818034693, "id": 1495285624995074055, "text": "I cowered inside with my daughter, 13, as Storm Eunice\u2019s 122mph gales ripped our roof off \u2013 we fled to to\u00a0safety https://t.co/MNNOhSfWjW"}, {"author_id": 1485590293684625410, "id": 1495285608406675456, "text": "I cowered inside with my daughter, 13, as Storm Eunice\u2019s 122mph gales ripped our roof off \u2013 we fled to to\u00a0safety https://t.co/IMPauUjskN"}, {"author_id": 1485586038403866627, "id": 1495285590190739459, "text": "I cowered inside with my daughter, 13, as Storm Eunice\u2019s 122mph gales ripped our roof off \u2013 we fled to to\u00a0safety https://t.co/EZuFffTGp4"}, {"author_id": 1485582283646152712, "id": 1495285572901871616, "text": "I cowered inside with my daughter, 13, as Storm Eunice\u2019s 122mph gales ripped our roof off \u2013 we fled to to\u00a0safety https://t.co/Xp54T5dmb8"}, {"author_id": 1485578302660268033, "id": 1495285555982061570, "text": "I cowered inside with my daughter, 13, as Storm Eunice\u2019s 122mph gales ripped our roof off \u2013 we fled to to\u00a0safety https://t.co/lldJCHOIgf"}, {"author_id": 1394254183470043140, "id": 1495285484578164738, "text": "RT @logyal143: #Kalimpong in 1950s. It became an important center for trade with Tibet and had a centuries-old #connection with #Tibet. \n\nW\u2026"}, {"author_id": 1226721322832556033, "id": 1495285375761207300, "text": "RT @Eren48518528: If children in a country leave their birthplace risking death to live: it is murder, not war. It's not politicians, it's\u2026"}, {"author_id": 4832901327, "id": 1495285337698050051, "text": "#cannabiscommunity #marijuana #cannabis Police: Teen charged in Squirrel Hill Tunnel crash had gun, marijuana \n\nA teenager ran out of his shoes when he fled from state troopers after a brief chase and crash in the Squirrel Hill Tunnel on Wednesday, https://t.co/caypwamtmb https://t.co/vTp4mA947Q"}, {"author_id": 1470921064276451329, "id": 1495285309050953728, "text": "I cowered inside with my daughter, 13, as Storm Eunice\u2019s 122mph gales ripped our roof off \u2013 we fled to to\u00a0safety https://t.co/zW5CU1cSJy"}, {"author_id": 194953511, "id": 1495285301157191682, "text": "I cowered inside with my daughter, 13, as Storm Eunice\u2019s 122mph gales ripped our roof off \u2013 we fled to to\u00a0safety https://t.co/kZ0H0mXaWq"}, {"author_id": 1443143429878427649, "id": 1495285293766909955, "text": "I cowered inside with my daughter, 13, as Storm Eunice\u2019s 122mph gales ripped our roof off \u2013 we fled to to\u00a0safety https://t.co/a2YzWqC5zD"}, {"author_id": 1450182291054022664, "id": 1495285286812725250, "text": "I cowered inside with my daughter, 13, as Storm Eunice\u2019s 122mph gales ripped our roof off \u2013 we fled to to\u00a0safety https://t.co/pBraoIhLyy"}, {"author_id": 326388002, "id": 1495285281163034625, "text": "RT @Waandyl: @JeneralJay3 @newyeheadlines I think he fled the scene because his notepad was blank. Those beats were too hard for him lol"}, {"author_id": 1426631599014260739, "id": 1495285279808274433, "text": "I cowered inside with my daughter, 13, as Storm Eunice\u2019s 122mph gales ripped our roof off \u2013 we fled to to\u00a0safety https://t.co/XmzhcxiI4n"}, {"author_id": 1481639326094028801, "id": 1495285271952191488, "text": "I cowered inside with my daughter, 13, as Storm Eunice\u2019s 122mph gales ripped our roof off \u2013 we fled to to\u00a0safety https://t.co/62te6VBDXu"}, {"author_id": 1470921064276451329, "id": 1495285265530863617, "text": "Brit mum who fled UK to join fugitive husband is found DEAD from single stab wound \u2013 as cops probe \u2018foul\u00a0play\u2019 https://t.co/alqooKB7lU"}, {"author_id": 1451919230383886336, "id": 1495285264725561344, "text": "I cowered inside with my daughter, 13, as Storm Eunice\u2019s 122mph gales ripped our roof off \u2013 we fled to to\u00a0safety https://t.co/cRfgtihNG8"}, {"author_id": 1477966009680240645, "id": 1495285262745755648, "text": "Brit mum who fled UK to join fugitive husband is found DEAD from single stab wound \u2013 as cops probe \u2018foul\u00a0play\u2019 https://t.co/VFS5iD9FY1"}, {"author_id": 194953511, "id": 1495285259360944129, "text": "Brit mum who fled UK to join fugitive husband is found DEAD from single stab wound \u2013 as cops probe \u2018foul\u00a0play\u2019 https://t.co/3LB5eoamkp"}, {"author_id": 1435202878705184768, "id": 1495285257314058240, "text": "I cowered inside with my daughter, 13, as Storm Eunice\u2019s 122mph gales ripped our roof off \u2013 we fled to to\u00a0safety https://t.co/AiqLSlQZDt"}, {"author_id": 1440703338740256768, "id": 1495285256219512833, "text": "Brit mum who fled UK to join fugitive husband is found DEAD from single stab wound \u2013 as cops probe \u2018foul\u00a0play\u2019 https://t.co/dTYoAZGVqt"}, {"author_id": 1443143429878427649, "id": 1495285253258321922, "text": "Brit mum who fled UK to join fugitive husband is found DEAD from single stab wound \u2013 as cops probe \u2018foul\u00a0play\u2019 https://t.co/gluMEWfJkm"}, {"author_id": 1484542324814368768, "id": 1495285250288664578, "text": "Brit mum who fled UK to join fugitive husband is found DEAD from single stab wound \u2013 as cops probe \u2018foul\u00a0play\u2019 https://t.co/i1bPVn1ChJ"}, {"author_id": 1434545684200493065, "id": 1495285250183909384, "text": "I cowered inside with my daughter, 13, as Storm Eunice\u2019s 122mph gales ripped our roof off \u2013 we fled to to\u00a0safety https://t.co/dSgTe39U3K"}, {"author_id": 1450182291054022664, "id": 1495285247382011911, "text": "Brit mum who fled UK to join fugitive husband is found DEAD from single stab wound \u2013 as cops probe \u2018foul\u00a0play\u2019 https://t.co/ztVPFz1Ubx"}, {"author_id": 1444556217884491777, "id": 1495285243036958720, "text": "I cowered inside with my daughter, 13, as Storm Eunice\u2019s 122mph gales ripped our roof off \u2013 we fled to to\u00a0safety https://t.co/y4T11dHGcz"}, {"author_id": 1361685749666570250, "id": 1495285242772410368, "text": "Brit mum who fled UK to join fugitive husband is found DEAD from single stab wound \u2013 as cops probe \u2018foul\u00a0play\u2019 https://t.co/BfS23iFMCd"}, {"author_id": 1426631599014260739, "id": 1495285241459744771, "text": "Brit mum who fled UK to join fugitive husband is found DEAD from single stab wound \u2013 as cops probe \u2018foul\u00a0play\u2019 https://t.co/73OE3JLVZp"}, {"author_id": 1417685749269368834, "id": 1495285237311426562, "text": "Finally, Shi Qingxuan couldn't take it anymore, and he started screaming like he was crazy. Shi Qingxuan screamed for who knows how long, screamed until it felt like his soul and spirit had fled, and he couldn't remember when he had stopped."}, {"author_id": 1479147374199119874, "id": 1495285235474481153, "text": "I cowered inside with my daughter, 13, as Storm Eunice\u2019s 122mph gales ripped our roof off \u2013 we fled to to\u00a0safety https://t.co/yRk0TvXTrI"}, {"author_id": 1484509891020611586, "id": 1495285235201843201, "text": "Brit mum who fled UK to join fugitive husband is found DEAD from single stab wound \u2013 as cops probe \u2018foul\u00a0play\u2019 https://t.co/qK2UkfSw1o"}, {"author_id": 1481639326094028801, "id": 1495285234698530819, "text": "Brit mum who fled UK to join fugitive husband is found DEAD from single stab wound \u2013 as cops probe \u2018foul\u00a0play\u2019 https://t.co/vOBDDKpxuA"}, {"author_id": 1451919230383886336, "id": 1495285228310515715, "text": "Brit mum who fled UK to join fugitive husband is found DEAD from single stab wound \u2013 as cops probe \u2018foul\u00a0play\u2019 https://t.co/TX4IGu7V0h"}, {"author_id": 1439564468908957698, "id": 1495285228084117508, "text": "I cowered inside with my daughter, 13, as Storm Eunice\u2019s 122mph gales ripped our roof off \u2013 we fled to to\u00a0safety https://t.co/6ULdepc3fP"}, {"author_id": 1484280778548723714, "id": 1495285227916300291, "text": "Brit mum who fled UK to join fugitive husband is found DEAD from single stab wound \u2013 as cops probe \u2018foul\u00a0play\u2019 https://t.co/8bGxpNWGu6"}, {"author_id": 1435202878705184768, "id": 1495285221947752449, "text": "Brit mum who fled UK to join fugitive husband is found DEAD from single stab wound \u2013 as cops probe \u2018foul\u00a0play\u2019 https://t.co/CptYszp3hU"}, {"author_id": 1463086204211978249, "id": 1495285220135821313, "text": "I cowered inside with my daughter, 13, as Storm Eunice\u2019s 122mph gales ripped our roof off \u2013 we fled to to\u00a0safety https://t.co/03gfwuefxL"}, {"author_id": 1474000180592746497, "id": 1495285219812855810, "text": "Brit mum who fled UK to join fugitive husband is found DEAD from single stab wound \u2013 as cops probe \u2018foul\u00a0play\u2019 https://t.co/sK1rcXIpf0"}, {"author_id": 1434545684200493065, "id": 1495285216021291008, "text": "Brit mum who fled UK to join fugitive husband is found DEAD from single stab wound \u2013 as cops probe \u2018foul\u00a0play\u2019 https://t.co/ykSDnAf5Ho"}, {"author_id": 1484138188818034693, "id": 1495285211784957953, "text": "Brit mum who fled UK to join fugitive husband is found DEAD from single stab wound \u2013 as cops probe \u2018foul\u00a0play\u2019 https://t.co/PGCM6v3kfS"}, {"author_id": 1444556217884491777, "id": 1495285210132406272, "text": "Brit mum who fled UK to join fugitive husband is found DEAD from single stab wound \u2013 as cops probe \u2018foul\u00a0play\u2019 https://t.co/VVyBRkJCzB"}, {"author_id": 1485590293684625410, "id": 1495285204403040256, "text": "Brit mum who fled UK to join fugitive husband is found DEAD from single stab wound \u2013 as cops probe \u2018foul\u00a0play\u2019 https://t.co/CDoy0TdYWG"}, {"author_id": 1479147374199119874, "id": 1495285203866206209, "text": "Brit mum who fled UK to join fugitive husband is found DEAD from single stab wound \u2013 as cops probe \u2018foul\u00a0play\u2019 https://t.co/4rtwZvPMfo"}, {"author_id": 1485586038403866627, "id": 1495285195947323398, "text": "Brit mum who fled UK to join fugitive husband is found DEAD from single stab wound \u2013 as cops probe \u2018foul\u00a0play\u2019 https://t.co/bSSZSRPgha"}, {"author_id": 1439564468908957698, "id": 1495285195263692806, "text": "Brit mum who fled UK to join fugitive husband is found DEAD from single stab wound \u2013 as cops probe \u2018foul\u00a0play\u2019 https://t.co/Bv5gUzhqkq"}, {"author_id": 1452648881485975562, "id": 1495285195079135234, "text": "I cowered inside with my daughter, 13, as Storm Eunice\u2019s 122mph gales ripped our roof off \u2013 we fled to to\u00a0safety https://t.co/Ay4AGb5JUP"}, {"author_id": 1485582283646152712, "id": 1495285188468920320, "text": "Brit mum who fled UK to join fugitive husband is found DEAD from single stab wound \u2013 as cops probe \u2018foul\u00a0play\u2019 https://t.co/RobHmdOccy"}, {"author_id": 1463086204211978249, "id": 1495285186577195010, "text": "Brit mum who fled UK to join fugitive husband is found DEAD from single stab wound \u2013 as cops probe \u2018foul\u00a0play\u2019 https://t.co/mKP9JkRQHQ"}, {"author_id": 1485578302660268033, "id": 1495285180575145988, "text": "Brit mum who fled UK to join fugitive husband is found DEAD from single stab wound \u2013 as cops probe \u2018foul\u00a0play\u2019 https://t.co/xRT389wMpf"}, {"author_id": 1452648881485975562, "id": 1495285161646338050, "text": "Brit mum who fled UK to join fugitive husband is found DEAD from single stab wound \u2013 as cops probe \u2018foul\u00a0play\u2019 https://t.co/NtRrrFVWHF"}, {"author_id": 1474000180592746497, "id": 1495285139999494148, "text": "Brit mum who fled UK to join fugitive husband is found DEAD from single stab wound \u2013 as cops probe \u2018foul\u00a0play\u2019 https://t.co/PpJUkTfPXN"}, {"author_id": 1440703338740256768, "id": 1495285128347762694, "text": "Brit mum who fled UK to join fugitive husband is found DEAD from single stab wound \u2013 as cops probe \u2018foul\u00a0play\u2019 https://t.co/NJhx06QQn7"}, {"author_id": 440651784, "id": 1495285106784800768, "text": "RT @kastrokalu: Sleep fled away. I knew my belongings and probably life might have been tampered with had I not woken at the moment."}, {"author_id": 1284191778690695173, "id": 1495285098937262081, "text": "RT @sssingh21: @swati_gs These are #refugee girls who fled from Pakistan to India in search of safer future. Here they feel liberated and p\u2026"}, {"author_id": 996781385988820993, "id": 1495285082420129793, "text": "So we had a massive combat in which each part was happening in a different location. Hiskaria faced her parents\u2019 killer Tachtel, who somehow remembered the alternate doomed timeline we\u2019d seen and fled from\u2014"}, {"author_id": 2751682864, "id": 1495285033397108746, "text": "Many families have fled other communities in Zacatecas as well. It\u2019s so heartbreaking watching all this happen from the other side, knowing theres absolutely nothing you could do to help your family. https://t.co/c5pvoJwth9"}, {"author_id": 84036630, "id": 1495285019228930049, "text": "RT @drvyom: He fled from Iraq in 2014\u00a0where he was a qualified doctor, and requalified in Australia, where he was a cancer researcher at Gr\u2026"}, {"author_id": 1397650248890294280, "id": 1495284983405101060, "text": "If children in a country leave their birthplace risking death to live: it is murder, not war. It's not politicians, it's bastards who rule the world where aylan, who fled the war, died to live.\n\n#Donetsk https://t.co/9U6NFW8MQn"}, {"author_id": 2252146516, "id": 1495284613631123461, "text": "RT @RefugeesinLibya: The protest in #Tunis is sending us deep into reckon how black refugees in Arab countries are undermined,their rights\u2026"}, {"author_id": 839946872835866624, "id": 1495284589673123841, "text": "It's not the damage of heavy equipment and other property that is viewed as violence, its the terrorism of the workers that were there and then fled fearing for their lives after thugs wielding axes smashed their truck and tried to set it on fire while they were still in it. https://t.co/qCZThBqRM0"}, {"author_id": 2305562935, "id": 1495284571583225856, "text": "They will rewrite the history of America &amp; paint Trump as some sort of anarchist just as Cicero wrote the fake news calling Julius Caesar was a horrible dictator when he crossed the Rubicon &amp; the Senate fled bc they had no support of the people bc they were corrupt oligarchs."}, {"author_id": 879327176, "id": 1495284354603491328, "text": "@BetoORourke You\u2019re evil you wrote about killing kids and you have a dui and fled arrest you\u2019ll also take guns"}]