[{"author_id": 1092145197901889536, "id": 1495277409427415045, "text": "he always got me \u2764\ufe0f\u200d\ud83e\ude79 https://t.co/nDKS6eThJc"}, {"author_id": 3438958258, "id": 1495275476868378624, "text": "RT @dean_frey: John Frankenheimer provides direction to Jason Robards &amp; Maria Schell on the set of \"For Whom the Bell Tolls\"\n\ud83d\udcf7 Alfred Eisen\u2026"}, {"author_id": 1283449298663936000, "id": 1495265897489043464, "text": "We're only tuning to the tone of the bell curve now\nAsk not for whom it tolls\nBut with my head up in the clouds I can see so much ground\nAnd from up here you look like ants in a row"}, {"author_id": 483384942, "id": 1495253607318499331, "text": "For Whom the Bell Tolls...\n\nTime Marches On!!!\n\nhttps://t.co/5uKDLR0TRL"}, {"author_id": 847603349780168704, "id": 1495247531013455875, "text": "RT @nolanwpeterson: Each man's death diminishes me,\nFor I am involved in mankind.\nTherefore, send not to know\nFor whom the bell tolls,\nIt t\u2026"}, {"author_id": 876554359030632448, "id": 1495241856048844803, "text": "Ask not for whom the bell tolls, it tolls for thee.\n\nThey'll eventually get her, and we'll never know what happened with Epstein \n#Epsteindidntkillhimself https://t.co/9h3GkfflUN"}, {"author_id": 1492543281099509762, "id": 1495240294089981963, "text": "@GBBShah For whom the bell tolls in temple??"}, {"author_id": 1143773778729508864, "id": 1495229190882344967, "text": "@medusaflower For whom the Bell tolls \n\nHe would love that aged bottle at place \ud83e\udd2d"}, {"author_id": 1445056095232282634, "id": 1495227197853814785, "text": "For Whom the Bell Tolls...https://t.co/9bT9zGVMWO"}, {"author_id": 2251143875, "id": 1495222431614738440, "text": "RT @RockandMetalll: Cliff 'Em All... \n\nMetallica - For Whom the Bell Tolls\nhttps://t.co/csDFpfzkUF"}, {"author_id": 1953012342, "id": 1495222248927600646, "text": "RT @nolanwpeterson: Each man's death diminishes me,\nFor I am involved in mankind.\nTherefore, send not to know\nFor whom the bell tolls,\nIt t\u2026"}, {"author_id": 147363164, "id": 1495220520010330114, "text": "Literraly end up bouncing around the house every time For Whom The Bell Tolls hits and @thekingnickgage walks out #GCWBelieveMe"}, {"author_id": 3730739238, "id": 1495216064979947524, "text": "@KMGVictoria No man is an island,\nEntire of itself.\nEach is a piece of the continent,\nA part of the main.\nIf a clod be washed away by the sea,\nEurope is the less.\nFor I am involved in mankind.\nTherefore, send not to know\nFor whom the bell tolls,\nIt tolls for thee."}, {"author_id": 235964830, "id": 1495202878604341252, "text": "Inclined to go with:\nFight Fire With Fire\nRide The Lightning\nFor Whom The Bell Tolls\n\nProps to the mentions of Hot Fuss (Jenny Was A Friend Of Mine is an under-the-radar classic) and 100 Broken Windows https://t.co/7aNrN2z4gy"}, {"author_id": 1456821159354191873, "id": 1495200500110610434, "text": "we're only tuning to the tone of the bell curve now \n ask not for whom it tolls \n but with my head up in the clouds, i can see so much ground \n and from up here you look like ants in a row \n it doesn't take a killer to murder \n it only takes a reason to kill"}, {"author_id": 462183720, "id": 1495196844149903361, "text": "@SensDJ can I get For Whom The Bell Tolls tonight? \u263a\ufe0f"}, {"author_id": 291942892, "id": 1495196817486663680, "text": "@chris_hawkins Metallica, 'Ride The Lightning':\nFight Fire With Fire\nRide The Lightning\nFor Whom The Bell Tolls https://t.co/QLab2LqAnV"}, {"author_id": 820975412, "id": 1495196114638811140, "text": "Really @WWE ? you are going to use a @Metallica song for The #undertaker who has forever come out to an ominous Tolling of a bell and you choose Sad but true and NOT for whom the bell tolls? how did you mess this up? https://t.co/8kS1NJ6n96"}, {"author_id": 732970885452169216, "id": 1495189648427020288, "text": "For Whom The Bell Tolls https://t.co/Ks5iqoFCqK via @YouTube"}, {"author_id": 1211845448740196352, "id": 1495184137795235841, "text": "For Whom The Bell Tolls https://t.co/2YWkU9DMGM via @YouTube @JustinTrudeau"}, {"author_id": 873968311230509058, "id": 1495183565155405831, "text": "@jewfsha Send not to know for whom the bell tolls, it tolls for thee"}, {"author_id": 947962898, "id": 1495175006933954561, "text": "@JeffOnTheRight Marvin....Sexual Healing, Annie Lenoxx, Sweet Dreams, Metallica For whom the Bell tolls, Clash Tain in vain ..so many good ones hard to pin down one"}, {"author_id": 759729159820218368, "id": 1495167803346886656, "text": "It's official. I'm keeping all my old books. How can I not?\n1948 The Plague,Camus\n1969 Venture w a story by Koontz\n1870s? Decent of Man, Darwin\n1855 Star Papers,HW Beecher\n1889 Girlhood, Lucy Larcom\n1927 Outlaw of Torn, Burroughs\n1940 For Whom the Bell Tolls, Hemingway\n&amp; more \ud83e\udd29 https://t.co/M2zxNUbZAK"}, {"author_id": 1341846631650648064, "id": 1495167167872081922, "text": "\u21dd #NowPlaying! \u21dd Metallica - For Whom The Bell Tolls! \u21dd #Listen \u21dd #Live \u21dd #Now!\u21dd #ClassicRock \u21dd #HardRock \u21dd #HeavyMetal \u21dd #InternetRadio \u21dd #StreamingLive \u27f1 https://t.co/uvtRa7kC3f"}, {"author_id": 1430968894244724747, "id": 1495161171074293776, "text": "@cathy_fillion @DavidWCochrane Don\u2019t ask for whom the bell tolls\u2026 it tolls for thee. Be careful what you wish for.."}, {"author_id": 803738838036258820, "id": 1495151465517756420, "text": "for whom the bell tolls"}, {"author_id": 2239306671, "id": 1495150947277889538, "text": "@KevinAndrewTO Do not ask for whom the bell tolls, it tolls for thee."}, {"author_id": 1145706716748759040, "id": 1495149494190620688, "text": "@Super70sSports For Whom the Bell Tolls @Metallica"}, {"author_id": 42666715, "id": 1495136548945203201, "text": "John Frankenheimer takes advantage of CBS's state-of-the-art technology as he monitors the broadcast of \"For Whom the Bell Tolls\" on Network 90.\n\ud83d\udcf7 Alfred Eisenstaedt, 1959 https://t.co/ZqDaKi3XzP"}, {"author_id": 42666715, "id": 1495135153819062272, "text": "John Frankenheimer provides direction to Jason Robards &amp; Maria Schell on the set of \"For Whom the Bell Tolls\"\n\ud83d\udcf7 Alfred Eisenstaedt, 1959 https://t.co/UwUEYFk5zj"}, {"author_id": 1365442871776727041, "id": 1495134699198558213, "text": "@chris_hawkins Ride the Lightning by Metallica:\nFight Fire with Fire, Ride the Lightning, For Whom the bell tolls"}, {"author_id": 42666715, "id": 1495134567639834624, "text": "Alfred Eisenstaedt's great shot from the set of \"For Whom the Bell Tolls\", a two-part Episode 90 presentation that aired March 12 &amp; March 19, 1959.\nNehemiah Persoff, director John Frankenheimer, Maria Schell &amp; Maureen Stapleton. Jason Robards was also in the cast.\n#GoldenAgeTV https://t.co/BPLE8ySMfO"}, {"author_id": 1250123993161572353, "id": 1495133196270411779, "text": "For Whom The Bell Tolls https://t.co/1bnXLmmEuW via @YouTube"}, {"author_id": 2981917840, "id": 1495130400842297345, "text": "@ezralevant Do not ask for whom the bell tolls. It tolls for you. You will find yourselves doing more and more acts of evil. You are now among the walking dead. You are slaves to the state"}, {"author_id": 232633960, "id": 1495128563577724929, "text": "#NowPlaying Metallica - For Whom The Bell Tolls #Radio #webplayer: https://t.co/QqbW4t8XkZ"}, {"author_id": 822504671780675584, "id": 1495128243606900744, "text": "@soundstoryuk For Whom the Bell Tolls, Metallica \nRusty Cage, Soundgarden \nGett Off, Prince &amp; The NPG\nYou'll See, Madonna"}, {"author_id": 1367390667144585229, "id": 1495125030044266500, "text": "RT @nolanwpeterson: Each man's death diminishes me,\nFor I am involved in mankind.\nTherefore, send not to know\nFor whom the bell tolls,\nIt t\u2026"}, {"author_id": 1329435320, "id": 1495118408207249410, "text": "RT @F3Ambassador: Shout out to Bullhorn \ud83d\udce2 for completing his first BTE pre and for answering \u201cFor Whom The Bell \ud83d\udd14 Tolls?\u201d Turns out it toll\u2026"}, {"author_id": 87783556, "id": 1495112239803768833, "text": "So they\u2019re using Metallica for the Taker HoF video package, but not using For Whom The Bell Tolls? Fail. #WWEChamber"}, {"author_id": 3169258075, "id": 1495111188165926914, "text": "Shout out to Bullhorn \ud83d\udce2 for completing his first BTE pre and for answering \u201cFor Whom The Bell \ud83d\udd14 Tolls?\u201d Turns out it tolls for thee. Will it toll for you @F3Raleigh next week? Come make some Saturday memories\u2026 https://t.co/6KrZu962nB"}, {"author_id": 1438886770259767298, "id": 1495111012856573961, "text": "There's one song by the bee gees which touches my heart more than any other and thats For Whom The Bell Tolls"}, {"author_id": 1141776749740601344, "id": 1495108560925212678, "text": "The Frog For Whom The Bell Tolls (2022)\n\n#art #digitalart #Procreate #illustration #drawing https://t.co/QaYb6PRGCm"}, {"author_id": 1488005147041087488, "id": 1495092548829909010, "text": "@kryvutski @ElsegoodTara @kiansimone44 @ThevoiceAlexa Ask not for whom the bell tolls, it tolls for thee"}, {"author_id": 225961630, "id": 1495079334687744012, "text": "@WWE @undertaker How do you use a Metallica song for this &amp; not use For Whom The Bell Tolls?"}, {"author_id": 875736376993501184, "id": 1495077608333377541, "text": "Bee Gees - For Whom The Bell Tolls https://t.co/Az22uNJzKk via @YouTube"}, {"author_id": 1263668809870819329, "id": 1495071981825404935, "text": "For Whom The Bell Tolls https://t.co/hhMXWCi4F4 via @YouTube \n\nHow much control over the market do they have.\n\nIm 97% percent controlled. Although I take the deals they are only offered by those who control the markets.\nBig money control the markets."}, {"author_id": 1382045356557537286, "id": 1495065738276704267, "text": "@WritersOnWax Like potato chips, can't have just one. Venus in Furs by the Velvet Underground, Rime of the Ancient Mariner by Iron Maiden, For Whom the Bell Tolls by Metallica. Too many to pick"}, {"author_id": 937483383738834944, "id": 1495065464053002241, "text": "@Carezzzz @therealmix For Whom the Bell Tolls as well. \ud83e\udd18\ud83c\udffc https://t.co/lpUQgXfkt1"}, {"author_id": 1454799414162251778, "id": 1495063585495687168, "text": "@el33tgamer69 I\u2019m currently reading \u2018For Whom The Bell Tolls\u2019 but I may pause that to read \u2018The Old Man and The Sea\u2019 this weekend."}, {"author_id": 1408509600136060934, "id": 1495059631915388930, "text": "Ask not whom the bell tolls, for it tolls for thee ."}, {"author_id": 4225561634, "id": 1495054261180407818, "text": "RT @nolanwpeterson: Each man's death diminishes me,\nFor I am involved in mankind.\nTherefore, send not to know\nFor whom the bell tolls,\nIt t\u2026"}, {"author_id": 94763203, "id": 1495052754615685125, "text": "@haciendoelrubio @JesusSemperfree Silvertown blues (Dire Straits) \nRadio nowhere (Bruce Springsteen) \nFor Whom the bell tolls (Metallica) \nRose Tatoo (Dropkick Murphys) \nLullaby (The Cure)"}, {"author_id": 231132378, "id": 1495049645667631108, "text": "@Super70sSports For Whom the Bell Tolls by Metallica"}, {"author_id": 22818577, "id": 1495045133221380097, "text": "@ArtfulCodger2 What is \"For whom the bell tolls\"?"}, {"author_id": 1482397388228734978, "id": 1495038566749159424, "text": "RT @nolanwpeterson: Each man's death diminishes me,\nFor I am involved in mankind.\nTherefore, send not to know\nFor whom the bell tolls,\nIt t\u2026"}, {"author_id": 935284455891177473, "id": 1495038531227594757, "text": "RT @nolanwpeterson: Each man's death diminishes me,\nFor I am involved in mankind.\nTherefore, send not to know\nFor whom the bell tolls,\nIt t\u2026"}, {"author_id": 1424441294072520711, "id": 1495032101653172226, "text": "Continued:\n11. Welcome Home (Sanitarium) jam\n12. Nothing Else Matters\n13. Until it Sleeps\n14. For Whom The Bell Tolls\n15. Fade To Black\n16. Wherever I May Roam https://t.co/MzjiTnZyhl"}, {"author_id": 1321883651039207425, "id": 1495027438279090177, "text": "RT @nolanwpeterson: Each man's death diminishes me,\nFor I am involved in mankind.\nTherefore, send not to know\nFor whom the bell tolls,\nIt t\u2026"}, {"author_id": 2739680245, "id": 1495020720916738055, "text": "RT @nolanwpeterson: Each man's death diminishes me,\nFor I am involved in mankind.\nTherefore, send not to know\nFor whom the bell tolls,\nIt t\u2026"}, {"author_id": 546110933, "id": 1495014567189041154, "text": "for whom the bell tolls...\n\nThe Dark Century https://t.co/xbP25f0zRy"}, {"author_id": 721984924283232257, "id": 1495012581916000268, "text": "RT @bluewendysday: Never ask for whom the bell tolls ..\nNow Tories set to remove all protections &amp; like this man\u2019s father a trip to a shop\u2026"}, {"author_id": 1467960383604510724, "id": 1495009137889005570, "text": "@Super70sSports For Whom the Bell Tolls.  Metallica"}, {"author_id": 729233256, "id": 1495008977465360384, "text": "@DrewLawDesign For Whom the Bell tolls - Metallica \ud83d\udd14\ud83c\udfb8\ud83c\udfb9\ud83c\udfb6"}, {"author_id": 3783444014, "id": 1495008196288679938, "text": "RT @nolanwpeterson: Each man's death diminishes me,\nFor I am involved in mankind.\nTherefore, send not to know\nFor whom the bell tolls,\nIt t\u2026"}, {"author_id": 829859948502929409, "id": 1495004483939667975, "text": "RT @nolanwpeterson: Each man's death diminishes me,\nFor I am involved in mankind.\nTherefore, send not to know\nFor whom the bell tolls,\nIt t\u2026"}, {"author_id": 783053485357010945, "id": 1494999788277874691, "text": "Agora na Melody 94.1: BEE GEES - FOR WHOM THE BELL TOLLS"}, {"author_id": 1494680277846839298, "id": 1494996883152031747, "text": "RT @nolanwpeterson: Each man's death diminishes me,\nFor I am involved in mankind.\nTherefore, send not to know\nFor whom the bell tolls,\nIt t\u2026"}, {"author_id": 885086458243158016, "id": 1494993435048165376, "text": "12:30pm TODAY on #GreatMoviesClassic\n\nThe 1943 film\ud83c\udfa5 \u201cFor Whom The Bell Tolls\u201d directed by #SamWood from a screenplay by #DudleyNichols \n\nBased #ErnestHemingway\u2019s 1940 novel\ud83d\udcd6 of that name \n\n\ud83c\udf1f#GaryCooper #IngridBergman https://t.co/6tsCeeLuRb"}, {"author_id": 850358987610615809, "id": 1494992994189164549, "text": "RT @renegadestyle: \u201cYou do not want to complain when you have been so lucky. I wish there was some way to pass on what I've learned, though\u2026"}, {"author_id": 255671860, "id": 1494992477064994817, "text": "@jds1912 The NoInBetweeners...has a certain ring to it...you know the one...for whom the bell tolls..."}, {"author_id": 277304132, "id": 1494991811127005184, "text": "RT @nolanwpeterson: Each man's death diminishes me,\nFor I am involved in mankind.\nTherefore, send not to know\nFor whom the bell tolls,\nIt t\u2026"}, {"author_id": 3080378583, "id": 1494991389712650244, "text": "Finished \"The Problem with Heather\" yesterday. 5 pages, 1,253 words. Classroom horror.  Sent to \"For Whom the School Bell Tolls\" sub call."}, {"author_id": 2324159978, "id": 1494989509414559744, "text": "@JDfromNY206 How is it taker has never once used \"For whom the bell tolls\" even though they have licensed Metallica songs countless times. classic WWE to miss the blindingly obvious."}, {"author_id": 1397625895133728769, "id": 1494988060739526658, "text": "We\u2019re only tuning to the tone of the bell curve now\nAsk not for whom it tolls\nBut with my head up in the clouds, I can see so much ground\nAnd from up here you look like ants in a row"}, {"author_id": 820344569527226370, "id": 1494987248118472704, "text": "RT @nolanwpeterson: Each man's death diminishes me,\nFor I am involved in mankind.\nTherefore, send not to know\nFor whom the bell tolls,\nIt t\u2026"}, {"author_id": 86204978, "id": 1494984480578285572, "text": "RT @bluewendysday: Never ask for whom the bell tolls ..\nNow Tories set to remove all protections &amp; like this man\u2019s father a trip to a shop\u2026"}, {"author_id": 2272185878, "id": 1494983549690298368, "text": "Never ask for whom the bell tolls ..\nNow Tories set to remove all protections &amp; like this man\u2019s father a trip to a shop could be a death warrant.\nTories don\u2019t care about supporting the older &amp; vulnerable\nhttps://t.co/ZoFufLzkNc\n#JohnsonOut26 #TakeBackDemocracy #ToryCovidDisaster"}, {"author_id": 86327801, "id": 1494983389396488192, "text": "RT @nolanwpeterson: Each man's death diminishes me,\nFor I am involved in mankind.\nTherefore, send not to know\nFor whom the bell tolls,\nIt t\u2026"}, {"author_id": 232633960, "id": 1494978786244415488, "text": "#NowPlaying Metallica - For Whom The Bell Tolls #Radio #webplayer: https://t.co/QqbW4t8XkZ"}, {"author_id": 1298280700391706624, "id": 1494978740987772928, "text": "RT @Key3Skeleton: Any man's death diminishes me because I am involved in mankind; therefore never send to know for whom the bell tolls; it\u2026"}, {"author_id": 62264590, "id": 1494966589887762434, "text": "RT @nolanwpeterson: Each man's death diminishes me,\nFor I am involved in mankind.\nTherefore, send not to know\nFor whom the bell tolls,\nIt t\u2026"}]