[{"author_id": 1160930884356362240, "id": 1495287234077077504, "text": "RT @darkfarces: I must be one of many that think the force feeding of duckling to produce foie gras is an evil and disgusting idea. That th\u2026"}, {"author_id": 1357053658517688320, "id": 1495286201380904961, "text": "RT @benshapiro: Somebody gave $40 to the Freedom Convoy? Track 'em down, freeze their accounts, and force them to answer for their evil on\u2026"}, {"author_id": 1239222514171006977, "id": 1495286185618714624, "text": "sa lahat ng theories na nakita ko, yung 10th anniv album/song, 2nd album of Suho and Obsession repacked or 2.0 with D.O., Xiumin and Lay are the best for me! Imagine XiuSooLay are the one's saving other members in red force or fighting with their evil self too? CAN'T WAIT GRRR!!!"}, {"author_id": 1260280992264335361, "id": 1495285757757595659, "text": "RT @dockaurG: One must witness evil to know the existence of evil. But no force is more powerful than love. Light will prevail over the dar\u2026"}, {"author_id": 755114148, "id": 1495285394002173952, "text": "RT @darkfarces: I must be one of many that think the force feeding of duckling to produce foie gras is an evil and disgusting idea. That th\u2026"}, {"author_id": 1473278294426624012, "id": 1495284885589827586, "text": "RT @benshapiro: Somebody gave $40 to the Freedom Convoy? Track 'em down, freeze their accounts, and force them to answer for their evil on\u2026"}, {"author_id": 82680502, "id": 1495284655360196610, "text": "@sronkatsu That place is strong with the Dark Side of the Force. A domain of evil it is."}, {"author_id": 82680502, "id": 1495284654605221891, "text": "@_cherrysmooth That place is strong with the Dark Side of the Force. A domain of evil it is."}, {"author_id": 1267540478, "id": 1495283356807745537, "text": "RT @caitoz: The Mafia hasn't happened to make bad decisions throughout its history that resulted in the unfortunate demise of certain indiv\u2026"}, {"author_id": 822833460, "id": 1495283012342370304, "text": "RT @KBAndersen: Peter Thiel is  is such an unabashed force for evil, a plausible successor to Rupert Murdoch as the single greatest America\u2026"}, {"author_id": 723520998666964993, "id": 1495282094636875777, "text": "#BlackfaceHilter is an evil man and the so called Western leaders are watching this c%*t use police and military force against civilians without even batting an eye...\n\nI think this lack of condemnation, means we are next..."}, {"author_id": 382266606, "id": 1495281547942920193, "text": "RT @benshapiro: Somebody gave $40 to the Freedom Convoy? Track 'em down, freeze their accounts, and force them to answer for their evil on\u2026"}, {"author_id": 97463389, "id": 1495280787209469959, "text": "@KatietheCrabb @dkdrewitt Of course, you do realize that he was under the corrupting force of evil when he was saying this, then was able to come back to his senses. \nThat's a bold point to make."}, {"author_id": 18038964, "id": 1495280435412279303, "text": "RT @benshapiro: Somebody gave $40 to the Freedom Convoy? Track 'em down, freeze their accounts, and force them to answer for their evil on\u2026"}, {"author_id": 734184327391645696, "id": 1495280297109196805, "text": "RT @KBAndersen: Peter Thiel is  is such an unabashed force for evil, a plausible successor to Rupert Murdoch as the single greatest America\u2026"}, {"author_id": 809315036, "id": 1495280050366652417, "text": "@Raylon_Helix @amyhoy @BakerPlantLady @thatpowellgirl Because that is what the person was talking about so you are either denying reality or derailing the issue by playing word games about \u201cevil\u201d not being a literal mystical force when most people understand the meaning in terms of discussions of ethics and morality."}, {"author_id": 1316989234662748160, "id": 1495279912680407043, "text": "RT @darkfarces: I must be one of many that think the force feeding of duckling to produce foie gras is an evil and disgusting idea. That th\u2026"}, {"author_id": 817142082666106880, "id": 1495279767641370624, "text": "RT @darkfarces: I must be one of many that think the force feeding of duckling to produce foie gras is an evil and disgusting idea. That th\u2026"}, {"author_id": 1218964947155275777, "id": 1495279537139105792, "text": "Nigerian criminal force NCF popularly known as NPF have actually resurrected the EVIL MENACE called ROAD BLOCKS. It's like we have forgotten the series of demonic events by the NPF/NCF that broke the national heart in the year 1992. Do we need police Roadblocks in Nigeria?"}, {"author_id": 340551839, "id": 1495279204090449928, "text": "RT @dockaurG: One must witness evil to know the existence of evil. But no force is more powerful than love. Light will prevail over the dar\u2026"}, {"author_id": 888231752, "id": 1495279040860762112, "text": "RT @darkfarces: I must be one of many that think the force feeding of duckling to produce foie gras is an evil and disgusting idea. That th\u2026"}, {"author_id": 2341560667, "id": 1495278514102157312, "text": "RT @CarlRob79154616: @InsidersABC @SenPaterson So after 4 minutes of questions the answer was no, there is no evidence whatsoever. How abou\u2026"}, {"author_id": 1216201644301606912, "id": 1495277556152610819, "text": "RT @benshapiro: Somebody gave $40 to the Freedom Convoy? Track 'em down, freeze their accounts, and force them to answer for their evil on\u2026"}, {"author_id": 82680502, "id": 1495277149607141382, "text": "@ClassySavageMo That place is strong with the Dark Side of the Force. A domain of evil it is."}, {"author_id": 21323705, "id": 1495276640015896576, "text": "RT @KBAndersen: Peter Thiel is  is such an unabashed force for evil, a plausible successor to Rupert Murdoch as the single greatest America\u2026"}, {"author_id": 1339385483416268803, "id": 1495276468716376066, "text": "RT @NyctoTheWolf: \ud83d\udd1eKelani Labs\n'The evil organization decided to tame the titan dragon @TerlixAD through an.... 'experiment' in an attempt\u2026"}, {"author_id": 1255070696549613568, "id": 1495276458146680843, "text": "RT @KBAndersen: Peter Thiel is  is such an unabashed force for evil, a plausible successor to Rupert Murdoch as the single greatest America\u2026"}, {"author_id": 1453061803085385732, "id": 1495276394670080004, "text": "You will never hear me complain about China or Russia. America has been the most evil force, that still, exists of the past 100 years, without a doubt. I\u2019d be a dipshit and moron to fall for the propaganda that would like to distract me from USAs unpunished crimes."}, {"author_id": 1433024770526744584, "id": 1495276150108479489, "text": "RT @caitoz: The Mafia hasn't happened to make bad decisions throughout its history that resulted in the unfortunate demise of certain indiv\u2026"}, {"author_id": 4721302452, "id": 1495275419616301059, "text": "RT @KBAndersen: Peter Thiel is  is such an unabashed force for evil, a plausible successor to Rupert Murdoch as the single greatest America\u2026"}, {"author_id": 3920289735, "id": 1495275155542745091, "text": "I mean yeah I agree if there's a serial rapist you have to use force to stop them but yeah guess what that's why jail in some sense of the word is a necessary evil"}, {"author_id": 1261626729539309569, "id": 1495273620607672320, "text": "RT @benshapiro: Somebody gave $40 to the Freedom Convoy? Track 'em down, freeze their accounts, and force them to answer for their evil on\u2026"}, {"author_id": 1491864628510478337, "id": 1495271842633994240, "text": "RT @dockaurG: One must witness evil to know the existence of evil. But no force is more powerful than love. Light will prevail over the dar\u2026"}, {"author_id": 114160239, "id": 1495271445345312772, "text": "RT @dockaurG: One must witness evil to know the existence of evil. But no force is more powerful than love. Light will prevail over the dar\u2026"}, {"author_id": 189737138, "id": 1495270703469236225, "text": "RT @KBAndersen: Peter Thiel is  is such an unabashed force for evil, a plausible successor to Rupert Murdoch as the single greatest America\u2026"}, {"author_id": 1288041842, "id": 1495270099548196864, "text": "@UN @WHO look at what a normal faxed Canadian became\u2026.A terrorist supported by the liberals.  This must be written in the history to show such evil. When policing force became licking dogs of liberals, the tyranny arrived. Summon JT to international criminal court now. https://t.co/EHy0OI4BoB"}, {"author_id": 1015686517573013504, "id": 1495270097837084673, "text": "just in case any of you forgot jim miller was dragged into that toilet by some evil force"}, {"author_id": 1494919666803699712, "id": 1495268960488820736, "text": "\" Clearly, brutes of whatever evil land you came from have no idea what it truly means to rule.\n\nYou simply kneel to whatever force you acknowledge is far stronger than you in hopes that you won't wind up dead.\n\nNo different from the beasts that roam Jurrasic World, I'm afraid. \" https://t.co/uRWWlDqVl9"}, {"author_id": 712791996, "id": 1495267273782800386, "text": "@ProfKlausSchwab how about we make you own nothing and force you to be happy with it , you evil piece of shit.  Your great reset will never happen and you will fail"}, {"author_id": 1491909864582676483, "id": 1495266947436785669, "text": "RT @Tinkerb65712648: Just as we think governments cannot be any more evil, #Scotland use 'anti vaxxers' as an excuse to hide death  data fr\u2026"}, {"author_id": 1182129351959175168, "id": 1495266570708426754, "text": "RT @caitoz: The Mafia hasn't happened to make bad decisions throughout its history that resulted in the unfortunate demise of certain indiv\u2026"}, {"author_id": 1253735513921654785, "id": 1495265325394407424, "text": "RT @benshapiro: Somebody gave $40 to the Freedom Convoy? Track 'em down, freeze their accounts, and force them to answer for their evil on\u2026"}, {"author_id": 146846407, "id": 1495265269417234432, "text": "RT @caitoz: The Mafia hasn't happened to make bad decisions throughout its history that resulted in the unfortunate demise of certain indiv\u2026"}, {"author_id": 363549180, "id": 1495264354899484679, "text": "RT @KBAndersen: Peter Thiel is  is such an unabashed force for evil, a plausible successor to Rupert Murdoch as the single greatest America\u2026"}, {"author_id": 467330439, "id": 1495263407754387458, "text": "RT @KBAndersen: Peter Thiel is  is such an unabashed force for evil, a plausible successor to Rupert Murdoch as the single greatest America\u2026"}, {"author_id": 1229320750542266368, "id": 1495262814700773377, "text": "Why US and Opposition are Trying to Dethrone Imran Khan Before Russia's ... https://t.co/RzTuLVji0I via @YouTube WATCH AND SHARE IT FOR PUBLIC AWARENESS. STAND UP AGAINST THE CORRUPT MAFIA AND THEIR SUPPORTING EVIL FORCE OF THE WORLD."}, {"author_id": 3303025153, "id": 1495262812154728449, "text": "Sometimes I think Christians have used evil people so frequently, to accomplish their political goals, that they have actually become a force for evil in the world. They have become the opposite of what they intend. They actually serve the forces of darkness."}, {"author_id": 1208783261477982208, "id": 1495262616087773186, "text": "RT @KBAndersen: Peter Thiel is  is such an unabashed force for evil, a plausible successor to Rupert Murdoch as the single greatest America\u2026"}, {"author_id": 2878638917, "id": 1495261195066134530, "text": "...there's a bunch of lightsaber battles, and Rey's evil son is really strong with the force. (Btw turns out you can use the force to make a whole planet blow up.) But then it turns out Rey's evil son was actually kind of good (even though he undoubtedly murdered millions..."}, {"author_id": 822529208970661888, "id": 1495261151483076610, "text": "RT @darkfarces: I must be one of many that think the force feeding of duckling to produce foie gras is an evil and disgusting idea. That th\u2026"}, {"author_id": 834242431377952770, "id": 1495260722774876162, "text": "The two axis of evil will try to force compliance. https://t.co/q8Zw7eD19o"}, {"author_id": 1229320750542266368, "id": 1495259441482149890, "text": "Why James Faulkner Withdraws From PSL? | Who Hold Secret Meetings? | Imr... https://t.co/d2k6xPIRgj via @YouTube  WORLD NO.1 EVIL FORCE DIRTY GAME AGAINST PAKISTAN IS EXPOSED, $ &amp; ALL KINDS OF CORRUPT MAFIA IS BEING used, WAKE UP TIME 4 ALL TRUE HONEST PAKISTANI, STAND UP AGAINST"}, {"author_id": 1063254963823026176, "id": 1495259334217023488, "text": "@FoxyDean1 @Zyfigamer tolkien, as a catholic, believed evil is not a static thing, but a corrupting force. this, even if not intended in the lore, definitely influences his framing and delivery of what elves are, the way he describes them are, for lack of a better term, pure."}, {"author_id": 412773158, "id": 1495258809303973889, "text": "RT @caitoz: The Mafia hasn't happened to make bad decisions throughout its history that resulted in the unfortunate demise of certain indiv\u2026"}, {"author_id": 1376602066307649538, "id": 1495258377219366913, "text": "every evil\u2026is always bound up &amp; predicated on an ideological confidence that good can ONLY be good &amp; is worth remaking the world, no matter the cost of investment. \n\nIt\u2019s not. They\u2019re wrong &amp; they\u2019re gonna impose themselves on others by force. By violence. \n\nThere can be no evil"}, {"author_id": 158218335, "id": 1495258128711143426, "text": "Together, they outwit a cabal of evil potentates, minions and dictators as they ricochet around the globe on Air Force Three. Call it, \"The Sisterhood of the Traveling Pantsuits.\" (1/6) https://t.co/pwYvtcCxkK"}, {"author_id": 736303644912406528, "id": 1495257973194690563, "text": "RT @benshapiro: Somebody gave $40 to the Freedom Convoy? Track 'em down, freeze their accounts, and force them to answer for their evil on\u2026"}, {"author_id": 34551138, "id": 1495257094190161927, "text": "@OttawaPolice Unlawful?! What YOU\u2019RE doing is unlawful! Y\u2019all pepper sprayed ran over with horses, gassed and used all kinds of force with PEACEFUL PROTESTORS YOU SICK EVIL PEOPLE. Disgusting to think your police force has children. One day we\u2019ll tell them! \u270a\ud83c\udffc\ud83d\udcaf"}, {"author_id": 275327533, "id": 1495256581683961858, "text": "RT @KBAndersen: Peter Thiel is  is such an unabashed force for evil, a plausible successor to Rupert Murdoch as the single greatest America\u2026"}, {"author_id": 1083832246891626498, "id": 1495255593950629893, "text": "RT @caitoz: The Mafia hasn't happened to make bad decisions throughout its history that resulted in the unfortunate demise of certain indiv\u2026"}, {"author_id": 1085577185790955525, "id": 1495254659879030785, "text": "If God puts women \"in this moment\" to be raped, just so they can be impregnated, that sounds like a sadistic God to me. No. God CONDEMNS these evil acts &amp; if you want to force girls &amp; women to give birth, you better have your wallets open to pay up for the care of these women. https://t.co/CECTpdXme1"}, {"author_id": 82680502, "id": 1495254473589116934, "text": "@jennmartineezzz That place is strong with the Dark Side of the Force. A domain of evil it is."}, {"author_id": 1407873050998022150, "id": 1495254273810071552, "text": "RT @dockaurG: One must witness evil to know the existence of evil. But no force is more powerful than love. Light will prevail over the dar\u2026"}, {"author_id": 241359234, "id": 1495253514024538117, "text": "RT @benshapiro: Somebody gave $40 to the Freedom Convoy? Track 'em down, freeze their accounts, and force them to answer for their evil on\u2026"}, {"author_id": 745480699, "id": 1495253329454194689, "text": "RT @benshapiro: Somebody gave $40 to the Freedom Convoy? Track 'em down, freeze their accounts, and force them to answer for their evil on\u2026"}, {"author_id": 1420404998828134405, "id": 1495252276629364736, "text": "RT @benshapiro: Somebody gave $40 to the Freedom Convoy? Track 'em down, freeze their accounts, and force them to answer for their evil on\u2026"}, {"author_id": 1229320750542266368, "id": 1495252234376040448, "text": "@KrqOfficial @_03NG THOSE PEOPLE KNOW WHAT DIRTY GAME IS GOING ON AGAINST PAKISTAN, PEOPLE OF PAKISTAN, THEY ARE STANDING WITH IMRAN KHAN, NOT BLAMING. I STAND WITH IMRAN KHAN, AS I KNOW THE INTERNATION EVIL FORCE USING $ AGAINST PAK. AND IMRAN KHAN, HIS CORRUPT PUPPETS TO STOP PAKISTAN FROM CPEC."}, {"author_id": 468961398, "id": 1495251207920574464, "text": "RT @benshapiro: Somebody gave $40 to the Freedom Convoy? Track 'em down, freeze their accounts, and force them to answer for their evil on\u2026"}, {"author_id": 1481438410363523072, "id": 1495250715647922180, "text": "RT @dockaurG: One must witness evil to know the existence of evil. But no force is more powerful than love. Light will prevail over the dar\u2026"}, {"author_id": 488101851, "id": 1495249649795354626, "text": "The Holy Spirit testified to me about the Godhead &amp; its defining compassion. He doesn't support selfishness &amp; evil like that of this Lich person. Any spiritual influence they are getting is demonic. Rebels against the common good who want to force their will on the majority."}, {"author_id": 697654774192336896, "id": 1495249256101433352, "text": "RT @benshapiro: Somebody gave $40 to the Freedom Convoy? Track 'em down, freeze their accounts, and force them to answer for their evil on\u2026"}, {"author_id": 1268461085025275904, "id": 1495247141744386048, "text": "RT @benshapiro: Somebody gave $40 to the Freedom Convoy? Track 'em down, freeze their accounts, and force them to answer for their evil on\u2026"}, {"author_id": 1483425762048806914, "id": 1495246898524868608, "text": "RT @benshapiro: Somebody gave $40 to the Freedom Convoy? Track 'em down, freeze their accounts, and force them to answer for their evil on\u2026"}, {"author_id": 2785659181, "id": 1495246681377742848, "text": "RT @CarlRob79154616: @InsidersABC @SenPaterson So after 4 minutes of questions the answer was no, there is no evidence whatsoever. How abou\u2026"}, {"author_id": 445236643, "id": 1495246674800828417, "text": "RT @benshapiro: Somebody gave $40 to the Freedom Convoy? Track 'em down, freeze their accounts, and force them to answer for their evil on\u2026"}, {"author_id": 1850420952, "id": 1495246497453154312, "text": "RT @benshapiro: Somebody gave $40 to the Freedom Convoy? Track 'em down, freeze their accounts, and force them to answer for their evil on\u2026"}, {"author_id": 1407208482965704706, "id": 1495245425393410048, "text": "@RussianEmbassy @TimesRadio @mfa_russia @FCDOGovUK @trussliz @cathynewman @thesundaytimes @REESOxford @RT_com @BBCWorld @SkyNewsWorld @Telegraph Russia has always been evil. Putin stole a huge amount of dollars from the Chinese people through various deceptive methods. Sanctions cannot force the dictator to step down. It should be targeted."}, {"author_id": 1407208482965704706, "id": 1495244642778066951, "text": "@StargateVsEvil @RussianEmbassy @TimesRadio @mfa_russia @FCDOGovUK @trussliz @RusEmbUSA @BBCWorld @guardianworld @thesundaytimes @cathynewman @RTUKnews @TelegraphWorld Russia has always been evil. Putin stole a huge amount of dollars from the Chinese people through various deceptive methods. Sanctions cannot force the dictator to step down. It should be targeted."}, {"author_id": 1407208482965704706, "id": 1495244547907063809, "text": "@IanD19708728 @RussianEmbassy @TimesRadio @mfa_russia @FCDOGovUK @trussliz @RusEmbUSA @BBCWorld @guardianworld @thesundaytimes @cathynewman @RTUKnews @TelegraphWorld Russia has always been evil. Putin stole a huge amount of dollars from the Chinese people through various deceptive methods. Sanctions cannot force the dictator to step down. It should be targeted."}, {"author_id": 1407208482965704706, "id": 1495244453803696129, "text": "@RussianEmbassy @TimesRadio @mfa_russia @FCDOGovUK @trussliz @RusEmbUSA @BBCWorld @guardianworld @thesundaytimes @cathynewman @RTUKnews @TelegraphWorld Russia has always been evil. Putin stole a huge amount of dollars from the Chinese people through various deceptive methods. Sanctions cannot force the dictator to step down. It should be targeted."}, {"author_id": 1380860630, "id": 1495244448761999366, "text": "RT @dockaurG: One must witness evil to know the existence of evil. But no force is more powerful than love. Light will prevail over the dar\u2026"}, {"author_id": 1407208482965704706, "id": 1495244401664315396, "text": "@GuyWDavis @RussianEmbassy @TimesRadio @mfa_russia @FCDOGovUK @trussliz @RusEmbUSA @BBCWorld @guardianworld @thesundaytimes @cathynewman @RTUKnews @TelegraphWorld Russia has always been evil. Putin stole a huge amount of dollars from the Chinese people through various deceptive methods. Sanctions cannot force the dictator to step down. It should be targeted."}, {"author_id": 487956421, "id": 1495244383712591877, "text": "RT @benshapiro: Somebody gave $40 to the Freedom Convoy? Track 'em down, freeze their accounts, and force them to answer for their evil on\u2026"}, {"author_id": 1334337376215240704, "id": 1495244296055889925, "text": "RT @RobbersonJon: There is only one thing the forces of evil are afraid of: enough people realizing what\u2019s going on to tear them to pieces\u2026"}, {"author_id": 757158991583588353, "id": 1495243679694409730, "text": "RT @Ka_tet84: So much I loved about Resident Evil #welcometoraccooncity: the sets, costumes, easter eggs, enemies, the overall look and fee\u2026"}, {"author_id": 867397752833093632, "id": 1495243033637310470, "text": "There's no such thing as pure evil! Why do you think they hate Humanity so much? It's because of people like Cardin - people like YOU - that force the White Fang to take such drastic measures!"}, {"author_id": 358542158, "id": 1495242837880758273, "text": "RT @dockaurG: One must witness evil to know the existence of evil. But no force is more powerful than love. Light will prevail over the dar\u2026"}, {"author_id": 311886923, "id": 1495240892856209410, "text": "@RandyRRQuaid Amen\ud83d\ude4f We also need to pray for the world, there is a force of good and evil going on. https://t.co/KHCvDwAygE"}, {"author_id": 82680502, "id": 1495239375394848768, "text": "@Infinity_xh That place is strong with the Dark Side of the Force. A domain of evil it is."}, {"author_id": 104601778, "id": 1495238422851571713, "text": "RT @benshapiro: Somebody gave $40 to the Freedom Convoy? Track 'em down, freeze their accounts, and force them to answer for their evil on\u2026"}, {"author_id": 28030571, "id": 1495237102555963396, "text": "RT @benshapiro: Somebody gave $40 to the Freedom Convoy? Track 'em down, freeze their accounts, and force them to answer for their evil on\u2026"}, {"author_id": 1478065429012787201, "id": 1495237095157379072, "text": "RT @benshapiro: Somebody gave $40 to the Freedom Convoy? Track 'em down, freeze their accounts, and force them to answer for their evil on\u2026"}, {"author_id": 2577892627, "id": 1495236369249144832, "text": "RT @caitoz: The Mafia hasn't happened to make bad decisions throughout its history that resulted in the unfortunate demise of certain indiv\u2026"}, {"author_id": 539722403, "id": 1495235100685975555, "text": "Disney G-Force: Guinea Pigs Hero Adventures - PS2 Game\n\nPlayers control the members of a secret team of guinea pigs to defeat an evil organization.\nhttps://t.co/m0wy6HCpPq\n#playstation2 #adventure #shooter https://t.co/MTL258c62e"}, {"author_id": 1088609138458935298, "id": 1495234539404283907, "text": "RT @benshapiro: Somebody gave $40 to the Freedom Convoy? Track 'em down, freeze their accounts, and force them to answer for their evil on\u2026"}, {"author_id": 1064602980404457475, "id": 1495232317761077249, "text": "Things I like to get to know me better \n- Animation\n- Horror\n- Aqua Teen Hunger Force\n- Yu-Gi-Oh: The Abridged Series\n- Sonic For Hire\n- Pokemon\n- The Legend of Zelda\n- Resident Evil\n- Aladdin\n- Wreck-It Ralph\n- The Amazing World of Gumball\n- Gravity Falls\n- Shrek\n- TV Shows https://t.co/rl0fZ1WLOZ"}, {"author_id": 24799533, "id": 1495232008796073987, "text": "@Computron34 @Fuzzy_Kun If you look at the other factions and think oh those guys with all the robots are cool or I want to be the hella evil S&amp;M elves then don\u2019t force yourself you build one of the starters. You want to do an army you think is cool not the one you have to use. https://t.co/H73pUWNr7w"}, {"author_id": 1431990673356558341, "id": 1495231727727525888, "text": "RT @KBAndersen: Peter Thiel is  is such an unabashed force for evil, a plausible successor to Rupert Murdoch as the single greatest America\u2026"}, {"author_id": 370512192, "id": 1495231719322103809, "text": "@BigBarryBitcoin @cwt_news It makes me really sad to think so many of my fellow humans would happily see me force-vaxxed against my will, in a gulag, or dead. I have done nothing wrong. I am not sick, I haven't even gotten Covid! Makes me not want to be on this evil planet anymore."}, {"author_id": 4005173539, "id": 1495231552413855744, "text": "RT @benshapiro: Somebody gave $40 to the Freedom Convoy? Track 'em down, freeze their accounts, and force them to answer for their evil on\u2026"}]