[{"author_id": 768789958723338240, "id": 1495284683684384770, "text": "RT @PrimeVideo: Forrest Gump is streaming free all month long\u2014run and watch! https://t.co/C55UN9wCXd"}, {"author_id": 1101603918830809088, "id": 1495284253793284098, "text": "@SmackeyCracks With all his upcoming legal troubles other guy is not running in 2024; he\u2019s just milking his supporters for everything he can before going to jail. His, supporters are going to be looking like the people in the movie Forrest Gump when Forrest stopped running (what do we do now)."}, {"author_id": 2734340015, "id": 1495284071722729473, "text": "@Fairly_Vocal Shawshank Redemption and Forrest Gump"}, {"author_id": 20169711, "id": 1495282022088011783, "text": "RT @michael_j_conte: First show to use invisible VFX in a major way?\n\nYou could make a good argument for Backdraft (1991), but I'll say For\u2026"}, {"author_id": 311977144, "id": 1495281884041039873, "text": "Kung Fu Hustle,Shaolin Soccer and Forrest Gump https://t.co/6UecV1alC1"}, {"author_id": 4288648395, "id": 1495281686703079426, "text": "First show to use invisible VFX in a major way?\n\nYou could make a good argument for Backdraft (1991), but I'll say Forrest Gump (1994).  1/2 https://t.co/yyZB6NdUAn"}, {"author_id": 4860661628, "id": 1495278990860369926, "text": "@alsosnow yesss you /are/ the real winner!!! life is like a box of chocolates huh ;)) \n(hope you saw forrest gump or this'll sound weird hahah) https://t.co/N4Ksste3XO"}, {"author_id": 1458478513980379139, "id": 1495278918512918530, "text": "I\u2019ll never understand how \u201cThe Shawshank Redemption\u201d didn\u2019t win Best Picture when it\u2019s held up so much better than \u201cForrest Gump\u201d. Another reminder of what a joke the Oscars are."}, {"author_id": 830887692758048768, "id": 1495277526347747328, "text": "@Fairly_Vocal Forrest Gump"}, {"author_id": 1492848294774591490, "id": 1495277048377524228, "text": "Forrest Gump voice: https://t.co/pEZr2jai8v"}, {"author_id": 1403414600666685445, "id": 1495275634167549952, "text": "RT @SamMalamig: My mama always said, life is like a box of chocolates. You never know what you\u2019re gonna get.\u201d \u2014 Forrest Gump\nMAYMAY OurFEBo\u2026"}, {"author_id": 1385743216142659585, "id": 1495275267979366401, "text": "@Fairly_Vocal It's between Pulp Fiction, Shawshank, Forrest Gump, and Natural Born Killers. I could lose the other 4."}, {"author_id": 726950470808260609, "id": 1495275064853336066, "text": "Just watched Forrest Gump, Cringe. 0/5"}, {"author_id": 1372796168543948801, "id": 1495273230621626370, "text": "RT @SamMalamig: My mama always said, life is like a box of chocolates. You never know what you\u2019re gonna get.\u201d \u2014 Forrest Gump\nMAYMAY OurFEBo\u2026"}, {"author_id": 1070190681296056320, "id": 1495272623617413123, "text": "Just watched Forrest Gump for the first time \ud83d\ude22"}, {"author_id": 871857372179902464, "id": 1495272582081359877, "text": "@SilversMemez Forrest gump \ud83e\udd23\ud83e\udd23\ud83e\udd23\ud83e\udd23\ud83e\udd23\ud83e\udd23\ud83e\udd23\ud83e\udd23\ud83e\udd23\ud83e\udd23\ud83e\udd23\ud83e\udd23\ud83e\udd23\ud83e\udd23\ud83e\udd23\ud83e\udd23\ud83e\udd23\ud83e\udd23\ud83e\udd23"}, {"author_id": 83028413, "id": 1495270912907616257, "text": "@Fairly_Vocal Forrest Gump"}, {"author_id": 1348704957726388224, "id": 1495270442550050818, "text": "@realLizUSA \u201cStupid is as stupid does\u201d\n-Forrest Gump referring to #POTUS45 #TrumpIsATraitor #LockHimUp"}, {"author_id": 1007294353818226694, "id": 1495270325541642242, "text": "@PepperOceanna Forrest Gump obviously https://t.co/ucLJxReryW"}, {"author_id": 1256757276146315264, "id": 1495270242230091780, "text": "@ChristineTX34 Placing oneself into a perpetual state of willful ignorance doesn\u2019t make you a minority or a protected class. It simply makes you ignorant. And, to quote Forrest Gump, \u201cstupid is as stupid does.\u201d Apparently, stupid reigns supreme on the RRISD School Board."}, {"author_id": 1436956083839332355, "id": 1495269560291053571, "text": "Ok, these were \u26a1\ufe0fquick so not 100% which version of the Cortez here - but I'm going with \nNike Classic Cortez Leather 'Forrest Gump' / Ted Lasso / S02E01 'Goodbye Earl' \nIf any good eye small fries out there know better - lemme know \ud83e\uddd0\ud83d\ude43 #TedLasso #Nike #illustration https://t.co/B05WoVPlcq"}, {"author_id": 935299209271676928, "id": 1495269513637494788, "text": "Daniel Day-Lewis as Forrest Gump starring in The Lion King"}, {"author_id": 860676258, "id": 1495267258129473537, "text": "@Fairly_Vocal Forrest Gump"}, {"author_id": 96038104, "id": 1495265677539962880, "text": "\u3010BOT\u3011\"Life is like a box of chocolates. you never knowwhat you're gonna get.\" -Forrest Gump-"}, {"author_id": 1095954172342525953, "id": 1495265486992740355, "text": "RT @SamMalamig: My mama always said, life is like a box of chocolates. You never know what you\u2019re gonna get.\u201d \u2014 Forrest Gump\nMAYMAY OurFEBo\u2026"}, {"author_id": 19864603, "id": 1495265224437420032, "text": "@Fairly_Vocal @skcamper1 Forrest Gump"}, {"author_id": 39711998, "id": 1495264851442163713, "text": "@Fairly_Vocal Forrest Gump"}, {"author_id": 2336592345, "id": 1495264588262256640, "text": "@CinemaScore So many nominees and so many winners. I would have to go with Tom Hanks in Forrest Gump."}, {"author_id": 1012975189, "id": 1495264286943301632, "text": "@moosemayr @Fairly_Vocal It has to be that or Forrest Gump\u2026"}, {"author_id": 1288041231621095424, "id": 1495264075118366723, "text": "@kevin3300 Fortunate Son in Forrest Gump"}, {"author_id": 927620457284562946, "id": 1495262822145605637, "text": "Why don\u2019t they have an emoji to describe how a human cries while watching Forrest Gump"}, {"author_id": 1490213222170906636, "id": 1495261688404185089, "text": "RT @PrimeVideo: Forrest Gump is streaming free all month long\u2014run and watch! https://t.co/C55UN9wCXd"}, {"author_id": 938410580544647170, "id": 1495261126036434944, "text": "@vanshika_garg17 Sorrari Pottru\nJay Bhim\nThe Pursuit of Happyness\nForrest Gump\nWolf of the Wall Street"}, {"author_id": 1349200267141664769, "id": 1495260942300377090, "text": "Anikin\u2019s voice when he\u2019s saying his weird love confessing speech to Padme sounds like Forrest Gump"}, {"author_id": 755864125750677504, "id": 1495259428253155330, "text": "Forrest Gump and then the rest of channel orange on repeat for days/weeks \ud83e\udde1 https://t.co/7mTOTtwYnc"}, {"author_id": 1466355782941691906, "id": 1495259034299121676, "text": "\u2018Forrest Gump\u2019 trio Tom Hanks, Robert Zemeckis, Eric Roth to reunite for \u2018Here\u2019 adaptation https://t.co/aExYXViy3B"}, {"author_id": 1421683046881792004, "id": 1495258942611419137, "text": "RT @SamMalamig: My mama always said, life is like a box of chocolates. You never know what you\u2019re gonna get.\u201d \u2014 Forrest Gump\nMAYMAY OurFEBo\u2026"}, {"author_id": 947789227, "id": 1495258218851082240, "text": "\u201cMy mama always said, life is like a box of chocolates. You never know what you\u2019re gonna get.\u201d \u2014\u00a0Forrest Gump"}, {"author_id": 16487403, "id": 1495257798539558917, "text": "What is Forrest Gump's password? 1Forrest1.\n\n@shamanzs &amp; @HOWLERZNFT\n\n\ud83d\udc40\n\nOpen sesame \n\ud83e\udd19\ud83c\udffc\ud83d\udc4a\ud83c\udffc\ud83e\udd0c\ud83c\udffc\ud83e\udef0\ud83c\udffc https://t.co/O4oCcVzOOJ"}, {"author_id": 131392833, "id": 1495256536217800707, "text": "Forrest Gump hands down! https://t.co/wV0wYOToYa"}, {"author_id": 3493029792, "id": 1495254880809717761, "text": "forrest gump is a cartoon character that plays bball"}, {"author_id": 753227835196735488, "id": 1495253555581759488, "text": "Actually Philadelphia, the green mile, Forrest Gump, saving private Ryan, the Shawshank redemption, Sophie's choice and many more changed my thinking a lot that\u2019s why I love movies and I love Tom hanks \u2764\ufe0f"}, {"author_id": 18733222, "id": 1495252779039793154, "text": "@TweetsBy_Steph @Fairly_Vocal Forrest Gump myself."}, {"author_id": 1476937409648488449, "id": 1495252712778133504, "text": "RT @SamMalamig: My mama always said, life is like a box of chocolates. You never know what you\u2019re gonna get.\u201d \u2014 Forrest Gump\nMAYMAY OurFEBo\u2026"}, {"author_id": 1361601502104621058, "id": 1495252695602860032, "text": "@eskopirum FORREST GUMP https://t.co/WwGdsfWCgh"}, {"author_id": 1052737939573235712, "id": 1495250957378142210, "text": "RT @kate6638: @MagaRisingJohn Maybe when I saw Forrest Gump shake hands with JFK &amp; I realized just how news video could be altered.  Hadn\u2019t\u2026"}, {"author_id": 827494859040776192, "id": 1495250535833915398, "text": "RT @voochie_p: Me &amp; Big @pesopeso409 just dropped Forrest Gump 2 \ud83d\udd25\ud83d\udd25\ud83d\udd25\ud83d\udd25\ud83d\udd25\ud83d\udd25\ud83d\udd25\ud83d\udd25 link in my bio click it https://t.co/qcHFv5M6or"}, {"author_id": 1360525504273518594, "id": 1495250311862419457, "text": "RT @SamMalamig: My mama always said, life is like a box of chocolates. You never know what you\u2019re gonna get.\u201d \u2014 Forrest Gump\nMAYMAY OurFEBo\u2026"}, {"author_id": 738154135229366272, "id": 1495250252168765441, "text": "I love this movie so much. Between Forrest Gump and Breakfast at Tiffany\u2019s, these two are my all time favs. Pretty Woman follows up in third."}, {"author_id": 885618605412544513, "id": 1495250122187411458, "text": "@Fairly_Vocal Forrest Gump"}, {"author_id": 1237711815703810049, "id": 1495248558093602820, "text": "RT @SamMalamig: My mama always said, life is like a box of chocolates. You never know what you\u2019re gonna get.\u201d \u2014 Forrest Gump\nMAYMAY OurFEBo\u2026"}, {"author_id": 1306857632695635974, "id": 1495248453760618499, "text": "My mama always said, life is like a box of chocolates. You never know what you\u2019re gonna get.\u201d \u2014 Forrest Gump\nMAYMAY OurFEBoriteGirl\n@maymayentrata07"}, {"author_id": 738154135229366272, "id": 1495248004323758081, "text": "Lieutenant Dan: \u201cHave you found Jesus yet Gump?\nForrest: \u201cI didn\u2019t know I was supposed to be looking for him sir.\u201d \ud83d\ude02\ud83d\ude02\n\nForrest was so innocent."}, {"author_id": 441890200, "id": 1495246961657659392, "text": "Niggas get a grill and start holding the mouth like bubba from Forrest Gump"}, {"author_id": 935299209271676928, "id": 1495246900823400455, "text": "Meryl Streep as Forrest Gump starring in Shrek"}, {"author_id": 1259946725357375495, "id": 1495246815750459394, "text": "@kannnela Forrest gump. https://t.co/VXbbNnDNTQ"}, {"author_id": 1156376958424571904, "id": 1495245836577558530, "text": "@zachbgilbert oh forrest gump because he reminded me of my grandpa."}, {"author_id": 1067889892368236545, "id": 1495245793154015238, "text": "my name is forrest gump\npeople call me \"forrest gump\""}, {"author_id": 98025551, "id": 1495245695468642310, "text": "@Fairly_Vocal This is too easy, there are some sucky and mediocre movies in this group. Pulp Fiction is the obvious choice. Not even sure why Dumb and Dumber and Four Weddings is on this list. Forrest Gump is overrated, Lion King is made for children. Shawshank, Clerks, and NBK are very good."}, {"author_id": 2925742185, "id": 1495244959766790145, "text": "@OTavaresCrl Forrest Gump"}, {"author_id": 1426908609057861635, "id": 1495244787162796032, "text": "@miabuggzy Eyes Wide Shut, Lion King, Forrest Gump, Pan's Labyrinth"}, {"author_id": 3299968419, "id": 1495244371503067138, "text": "@Fairly_Vocal Forrest Gump."}, {"author_id": 2472205216, "id": 1495243813140373505, "text": "Forrest Gump is my top 50 film. Such a fantastic film."}, {"author_id": 20193923, "id": 1495243674896195585, "text": "@Fairly_Vocal Forrest Gump"}, {"author_id": 228306267, "id": 1495243313372295175, "text": "@ItsBouquet 'Stupid is, as stupid does.'\nForrest Gump."}, {"author_id": 246123322, "id": 1495243113073287171, "text": "@HallieOop Just like Forrest Gump https://t.co/jNRKFLchGn"}, {"author_id": 26430021, "id": 1495241527668449281, "text": "@AesPolitics @lastcall83 Forrest Gump was kind, generous, loyal and loving \u2014 all traits TFG lacks!"}, {"author_id": 130425602, "id": 1495241414610931712, "text": "RT @ChoreBore: Thought-in-progress: Forrest Gump and the Being There protagonist Chance excel because they don't \"know\" enough to know they\u2026"}, {"author_id": 3320928235, "id": 1495240916713549825, "text": "@RunGum Forrest Gump!! https://t.co/4N34NyTknM"}, {"author_id": 1146838090352222208, "id": 1495240017064701958, "text": "Oh yeah? Well Forrest Gump played football in college and then served in Vietnam and saved his commanding officer and depending on who you ask also went into space with a chimpanzee. \ud83e\udd74 https://t.co/RFXNjyptv5"}, {"author_id": 1481170244538224645, "id": 1495239581293514753, "text": "RT @FairyMariaRosas: \u201cI don\u2019t know if we each have a destiny, or if we\u2019re all just floating around accidental\u2014like on a breeze\u2014but I think\u2026"}, {"author_id": 723102058723704833, "id": 1495239280414707712, "text": "RT @FairyMariaRosas: \u201cI don\u2019t know if we each have a destiny, or if we\u2019re all just floating around accidental\u2014like on a breeze\u2014but I think\u2026"}, {"author_id": 1265394060270825472, "id": 1495238713533558785, "text": "I\u2019m gonna be a while - just a little bit - hubby\u2019s put the Forrest Gump sound track on \u2026..  re re re re re re re re respect \u2026\u2026.."}, {"author_id": 2209991814, "id": 1495238649306574851, "text": "\u201cI don\u2019t know if we each have a destiny, or if we\u2019re all just floating around accidental\u2014like on a breeze\u2014but I think maybe it\u2019s both. Maybe both is happening at the same time.\" - Forrest Gump\n\nALEXAmazing BdayOnASAP \n#HappyAlexaDay https://t.co/VOBs5C6zwW"}, {"author_id": 738154135229366272, "id": 1495238413531836416, "text": "Currently watching Forrest Gump lol https://t.co/AiiQuVZkdJ"}, {"author_id": 1166618594270208000, "id": 1495237988736897028, "text": "@charismabreaker the forrest gump of the fourth reich"}, {"author_id": 3299757884, "id": 1495237608078811140, "text": "RT @PrimeVideo: Forrest Gump is streaming free all month long\u2014run and watch! https://t.co/C55UN9wCXd"}, {"author_id": 819746004, "id": 1495236624522829825, "text": "@twi_covenmom @Fairly_Vocal I was a 15 year old in a theatre showing Forrest Gump and chose to see \"The Shadow\" with Alec Baldwin in the summer of 94. That was my 3rd movie in a theatre ever. I'm mortified to this day, lol."}, {"author_id": 43529456, "id": 1495235960971227139, "text": "@ProfessorShakey @Fairly_Vocal Idk. It\u2019s awful. My second choice is Forrest Gump."}, {"author_id": 2785117849, "id": 1495235680045350919, "text": "@VctorSn70602092 Con Forrest Gump!!!"}, {"author_id": 1493537777417605122, "id": 1495235552391532545, "text": "BTW, I had no idea Forrest Gump only had 70%. That's why I don't trust that site anymore. https://t.co/lptu7KqZDw"}, {"author_id": 122232677, "id": 1495235184374996995, "text": "RT @WhackNicholson: Me neither. That's why I watched Toy Story, Forrest Gump, and A League Of Their Own on repeat. https://t.co/COAquRfW6Z"}, {"author_id": 1217082590, "id": 1495234891864236036, "text": "@Fairly_Vocal I just finished watching Shawshank Redemption minutes ago! But, I\u2019d pick Forrest Gump or The Lion King."}, {"author_id": 982390070614339584, "id": 1495234867679875078, "text": "@VctorSn70602092 Con Forrest Gump... https://t.co/Y9YQodapC5"}]