[{"author_id": 4736563842, "id": 1495285570829832199, "text": "RT @enenenenhypenn_: wts lfb ph | pls rt !!\nd:d sunoo tshirt pc \n-onhand, fresh pull\n-mint condition\n-700 php (650 if can payo)\nrfs: need f\u2026"}, {"author_id": 1259096504893136898, "id": 1495285569110294531, "text": "RT @SMQureshiPTI: Announcement to present no confidence motion is an attempt at a bargaining chip for a fresh deal. @PTIofficial parliament\u2026"}, {"author_id": 98815972, "id": 1495285554958807043, "text": "RT @City_Press: Good morning! Here's a rundown of what to expect in today's #CityPress | Zuma man\u2019s fake degree | Ace takes war to NPA | DJ\u2026"}, {"author_id": 1131090248518078464, "id": 1495285551183777795, "text": "RT @DarkIceBear: #NSFW\n\nAfter stretching Grimfaust for days on end, Charlie heaves in more than relief as he finally releases his pent up s\u2026"}, {"author_id": 1414024528171204608, "id": 1495285549719961604, "text": "RT @NASCAR_Xfinity: We'd need a fresh fire suit if this happened to us.\n\n@NoahGragson | @DAYTONA https://t.co/2xfadJt7ne"}, {"author_id": 1692680071, "id": 1495285549053136898, "text": "RT @SMQureshiPTI: Announcement to present no confidence motion is an attempt at a bargaining chip for a fresh deal. @PTIofficial parliament\u2026"}, {"author_id": 1224172530157490178, "id": 1495285543646932999, "text": "Trending on #LunarCrush:\n\n\"Veteran Trader Who Called Bitcoin\u2019s 2018 Collapse Issues Fresh Warning to Crypto Traders - The Daily\" via @TheDailyHodl\n\nTop coin mentions\n$btc\n\nhttps://t.co/XWcBCIIdsS"}, {"author_id": 1422452597185728513, "id": 1495285535497244675, "text": "RT @AfarWatch: #Afar Region of #Ethiopia in crisis as a result of TPLF fresh war says this news report. #AfarMassacre #AfarCantWait #AfarUn\u2026"}, {"author_id": 1486235460, "id": 1495285532385230850, "text": "@MichelleHavers Start working on your exit,it's never too late. \n2 things will happen,you'll find a fresh out...\nAnd\nYou'll get treated much better at work. \nWhen you don't care (about losing a job) managers have to ask themselves if they need and value you.\nThe answer is almost certainly yes."}, {"author_id": 1227952044, "id": 1495285527137894404, "text": "@Realrclark25 Him saying Bel Air is not the Fresh Prince is not saying he doesn't like it. IMO"}, {"author_id": 824331320771878914, "id": 1495285527100235777, "text": "RT @Heidi_Cuda: For a list of the hooligans responsible for our fresh hell, plz read my original thread here. Thank you.\nhttps://t.co/E0Qhv\u2026"}, {"author_id": 1154252814232772608, "id": 1495285523186868224, "text": "RT @SMQureshiPTI: Announcement to present no confidence motion is an attempt at a bargaining chip for a fresh deal. @PTIofficial parliament\u2026"}, {"author_id": 1259862969703452672, "id": 1495285511522508809, "text": "RT @CountBinface: I propose knocking down the Dome and replacing it with a nature reserve, giving humans and animals a place in London by t\u2026"}, {"author_id": 1451586522029821955, "id": 1495285507970187266, "text": "RT @for_hiyyih: wts lfb\u30fbph \ud83c\uddf5\ud83c\udded\u30fbhelp rt po\n\nHave: connect -\nyujin, hikaru pc, dayeon poca, yujin baby\n\n-shapi\n-see thread for other infos\n-10\u2026"}, {"author_id": 1433335539449532419, "id": 1495285499488997376, "text": "RT @Britto59938830: Malasiyan tamil ponnu hot sexy talk and fresh boobies \ud83d\ude0d\ud83e\udd75\ud83d\udd25\ud83d\udc45\ud83c\udf51\ud83c\udf51\ud83d\udca6 RT for more videos \ud83d\ude4f https://t.co/K2uGqsbfA8"}, {"author_id": 1342222854322941952, "id": 1495285493659226116, "text": "RT @charliemktplace: \ud83d\udea8 NFT EXPLOIT \ud83d\udea8\n @opensea hack is BAD - This guy tornado'd into a fresh wallet 12/30, made a weird contract call on Ja\u2026"}, {"author_id": 524559198, "id": 1495285486423838721, "text": "RT @MizCazorla1: I've heard of atleast two women who God miraculously saved from the Kidnappers den in Rivers State. There stories were so\u2026"}, {"author_id": 3837997042, "id": 1495285484032966658, "text": "RT @SatoshiMama2: Can\u2019t wait for these! Fresh new #giveaway ships.\n\nIn the meantime, I still have some OG ships to hand out.\n\nI\u2019ll give awa\u2026"}, {"author_id": 786055459824214016, "id": 1495285481424232454, "text": "RT @oatmiIkIattes: how did they go from new day fresh start to this i"}, {"author_id": 1477151584828067840, "id": 1495285480023216129, "text": "RT @weed28growing: Fresh na Freshhhh\u203c\ufe0f\ud83d\udc8e\ud83c\udf6c\ud83d\udc8e\ud83c\udf6c\ud83d\udc8e\nLOADING ANYTIME TODAY until 5pm only + FREE SHIPPING\ud83d\ude80\ud83d\ude80\n\n\ud83d\udc8e1.10g, \ud83d\udc8e.65g, \ud83d\udc8e.40g, \ud83d\udc8e.25g \n\u26d4FREEbies\u2026"}, {"author_id": 3019180254, "id": 1495285477213093893, "text": "RT @SMQureshiPTI: Announcement to present no confidence motion is an attempt at a bargaining chip for a fresh deal. @PTIofficial parliament\u2026"}, {"author_id": 149844397, "id": 1495285475933769729, "text": "RT @rpsharma1510: @cmohry @mlkhattar Sir, deep sewer excavation work has been going on in Panchwati Colony area of #Palwal town. We fear th\u2026"}, {"author_id": 1463703755019411456, "id": 1495285470703636482, "text": "@Suuer_idol @Nut1Man I said \"Fresh pee\" Not been in some dead body for the last 48 hours"}, {"author_id": 1367895849397813255, "id": 1495285470028353536, "text": "@Fresh_691 @DeathBattleBot @thiccthighs_69 tough battle, but bowser win\ud83d\udcaa\ud83d\udcaa\ud83d\udcaa"}, {"author_id": 1046891994, "id": 1495285463149539328, "text": "@Ninergirl99 Maybe it was time to start fresh. A new elevated you. Memes will be even better."}, {"author_id": 1416350040784883719, "id": 1495285462294056962, "text": "RT @charliemktplace: \ud83d\udea8 NFT EXPLOIT \ud83d\udea8\n @opensea hack is BAD - This guy tornado'd into a fresh wallet 12/30, made a weird contract call on Ja\u2026"}, {"author_id": 621682073, "id": 1495285457676128256, "text": "RT @TimesofIsrael: Foreign Ministry issues fresh call for Israelis in Ukraine to leave immediately https://t.co/iK4oWNpZ9H"}, {"author_id": 55195387, "id": 1495285454027071490, "text": "@TheRealPro7 Those 170 cows will eat him during winter &amp; also drink him &amp; he will be their medication too, he will also fight criminals, predators with a bow &amp; arrow, patrol the farm himself without a fence, pee fresh water during drought seasons...."}, {"author_id": 1435712399168851969, "id": 1495285444422115328, "text": "RT @in_matz: Hey guys, just got this fresh @alienfrens. Is this community really strong? Following back every fren that interact with this\u2026"}, {"author_id": 1375117375184502786, "id": 1495285439623798784, "text": "And now he's getting award buzz for Fresh while y'all post the same 1 clip to try and prove the original tweet wrong https://t.co/zRc6vM68SR"}, {"author_id": 1007449438992982017, "id": 1495285437631541250, "text": "@laideolatundun Fresh guy......."}, {"author_id": 947060143954333696, "id": 1495285421680787458, "text": "@dawn_com These r only pressure tactics on imran Khan to call fresh elections nothing more nothing less"}, {"author_id": 1306090791341821953, "id": 1495285420900372486, "text": "RT @RealSamboFatiu: If there is an agreement between the husband and the wife that she can still use it after his demise, then this wouldn'\u2026"}, {"author_id": 771050186026184704, "id": 1495285420053221383, "text": "RT @CountBinface: I propose knocking down the Dome and replacing it with a nature reserve, giving humans and animals a place in London by t\u2026"}, {"author_id": 1251764765581508608, "id": 1495285417616232449, "text": "He rubbed the back of his neck and blew on the coffee, after he tasted it he spit it out \u201cUuack! So bitter!\u2026I might need some fresh chocolate to sweeten it up, OH maybe some of that vanilla ice cream too!\u201d He said Digging around his freezer. A load BOOM was heard outside \u201chm?\u201d"}, {"author_id": 945756555089186816, "id": 1495285413883387906, "text": "RT @NisforNora: as long as you can make your fresh food or hire a cook. No p"}, {"author_id": 1175288710180421632, "id": 1495285408497750019, "text": "RT @HKFF_UK: Created by Hongkongers. Born in the UK. Serving the world.\n\nWe are ready to blow your mind. We are Hong Kong Film Festival (UK\u2026"}, {"author_id": 1386656191825252354, "id": 1495285399702601731, "text": "RT @SMQureshiPTI: Announcement to present no confidence motion is an attempt at a bargaining chip for a fresh deal. @PTIofficial parliament\u2026"}, {"author_id": 36551713, "id": 1495285397831753733, "text": "RT @Realrclark25: \u201cBel Air\u201d is not the \u201cFresh Prince\u201d."}, {"author_id": 1451744022444322820, "id": 1495285389644513287, "text": "RT @SMQureshiPTI: Announcement to present no confidence motion is an attempt at a bargaining chip for a fresh deal. @PTIofficial parliament\u2026"}, {"author_id": 1170146401185095680, "id": 1495285382019231744, "text": "RT @RAES196: Cum Fresh \ud83c\udf46\ud83d\udca6\ud83d\udca6 https://t.co/FFZ6FHbIKr"}, {"author_id": 1360662124809359361, "id": 1495285377028202497, "text": "RT @SMQureshiPTI: Announcement to present no confidence motion is an attempt at a bargaining chip for a fresh deal. @PTIofficial parliament\u2026"}, {"author_id": 396244829, "id": 1495285366164701184, "text": "@DWPippy I love fresh mayonnaise. Sometimes I make Hollandaise or B\u00e9arnaise Sauce for salmon. I love tarragon. A little of something like that makes a meal so elegant and delicious."}, {"author_id": 325396331, "id": 1495285361462763523, "text": "GT Bakar, Fresh From the Sea...\n#SMR https://t.co/fjz3LfWGKx"}, {"author_id": 964029082831851520, "id": 1495285359604899843, "text": "RT @SMQureshiPTI: Announcement to present no confidence motion is an attempt at a bargaining chip for a fresh deal. @PTIofficial parliament\u2026"}, {"author_id": 1482324796063256577, "id": 1495285346115866626, "text": "RT @zayshaMauritius: Every moment is a fresh beginning. \u2013 T.S Eliot\n 2.0\nTHE RISE OF TEJASSWI"}, {"author_id": 1269265636745568259, "id": 1495285343259541506, "text": "You may have a fresh start any moment you choose, for this thing that we call \u2018failure\u2019 is not the falling down, but the staying down.\n\nDJLOONYO NFTTalksOnKumu"}, {"author_id": 3095645656, "id": 1495285341858709504, "text": "Saudi Arabia plans for fresh round of talks with Iran: Foreign minister https://t.co/CDoJVcEJPn"}, {"author_id": 771632291193815041, "id": 1495285338583240705, "text": "RT @OT7Ahga: Create a FRESH NEW link every time you want to share it on social media.\n\u274c NO copy-paste\n\u2705 YES Share + copy song link \nhttps:/\u2026"}, {"author_id": 1962911022, "id": 1495285314021212160, "text": "RT @ckosxxx: sorry for being reclusive lately, here's some fresh out the shower feminine penis as tribute \ud83c\udf27\ud83d\udc9e https://t.co/nQ93PKRiRP"}, {"author_id": 1482364884868538370, "id": 1495285312914075650, "text": "RT @taylrswiftzone: \u201cwe were a fresh page on the desk,  filling in the blanks as we go\u201d - taylor swift"}, {"author_id": 1082513647, "id": 1495285309776535554, "text": "RT @City_Press: Good morning! Here's a rundown of what to expect in today's #CityPress | Zuma man\u2019s fake degree | Ace takes war to NPA | DJ\u2026"}, {"author_id": 233124455, "id": 1495285307356368900, "text": "Fresh weekends from now on\ud83e\udd22"}, {"author_id": 951144729814605824, "id": 1495285299097661440, "text": "RT @News4SA: FAMILY'S GRIEF! The families say they want to speak out against the injustice. The families of Baby James Chairez and Mercedes\u2026"}, {"author_id": 2319354435, "id": 1495285298489696259, "text": "@RazeHellFryMen @SteveatCCPR @ravenscimaven You have the patience of a saint. I\u2019m fresh out of f**ks to give after 15 months of dealing with people like him. So wrong and yet so very loud."}, {"author_id": 1282711717483446272, "id": 1495285297877118976, "text": "RT @wafababayi: SB19 deserves a massive comeback. I can't wait to hear their fresh and new songs that they've been working on. SB19's music\u2026"}, {"author_id": 4068314619, "id": 1495285297676013569, "text": "RT @SMQureshiPTI: Announcement to present no confidence motion is an attempt at a bargaining chip for a fresh deal. @PTIofficial parliament\u2026"}, {"author_id": 1173909783029719041, "id": 1495285292386988039, "text": "RT @nhlanhla_lux_: A police lady just told me to be careful of 2 high ranking officers who have received brown envelopes to arrest/shoot me\u2026"}, {"author_id": 1233513916875051013, "id": 1495285287181852675, "text": "RT @tyleriacona: Got a shoulder tattoo and a fresh fade I feel unstoppable \ud83d\ude2e\u200d\ud83d\udca8 https://t.co/OSUV1Opu2W"}, {"author_id": 833813080006090752, "id": 1495285285030182917, "text": "RT @Trish4DJT: I went to my grandsons baseball game today in Cali &amp; \u2018NO MASK\u2019s\u2019 required! I could breath fresh\n air!"}, {"author_id": 301232163, "id": 1495285278373982209, "text": "@sung_minkim His battery mate yesterday is an 18 year old fresh draftee out of high school who has a chance at being the opening day catcher.  Interesting times."}, {"author_id": 1312389674778980352, "id": 1495285260124311552, "text": "RT @City_Press: Good morning! Here's a rundown of what to expect in today's #CityPress | Zuma man\u2019s fake degree | Ace takes war to NPA | DJ\u2026"}, {"author_id": 945756555089186816, "id": 1495285258878693379, "text": "RT @thic_didi: Nothing at all. \nWhoever said anything was wrong? \nJust make the fresh FOOD by yourself anytime you want. \nDon\u2019t tell anyone\u2026"}, {"author_id": 1070227456236249090, "id": 1495285249726582784, "text": "RT @supershawnlee: Wanna suck my cock with fresh cum? https://t.co/kjJoGf3L5n"}, {"author_id": 1282362054200958978, "id": 1495285246761209858, "text": "If only your name rhymed with fresh-squeezed oleaginous Steve Buscemi \ud83c\udfb5 I'd have a great idea for a song."}, {"author_id": 1125129226162724864, "id": 1495285246459269122, "text": "RT @JoyceMeyer: No matter how many times you mess up, God is always there to give you a fresh start! #JoyceQuote"}, {"author_id": 1528943719, "id": 1495285246413185030, "text": "invoice International Tuna moderator parsing Account Program connecting Rustic up Fresh hardware https://t.co/jz9IHHtzXD"}, {"author_id": 1204482636548378625, "id": 1495285245935030274, "text": "RT @lulthickumss: Fresh out lol I\u2019m doing to much \ud83d\ude02\ud83d\ude18let me go get dress \ud83d\udc57 https://t.co/2weP8q8BC5"}, {"author_id": 776420839822467072, "id": 1495285238721019906, "text": "@ItalianComments Food Network: Kardea Brown's Pasta Carbonara with Peas \u200b| Delicious Miss Brown | Food Network.\nhttps://t.co/5AibvIZKlo\nAbomination. Garlic, pea, parmesan pasta, okay. Carbonara? NO.  And fresh pasta? Egg on egg, really? You talk to your mom with that palate?"}, {"author_id": 1252329089337298949, "id": 1495285238037159940, "text": "Now Playing =&gt;&gt; Feel by Obzkure\n\nTune In Here =&gt;&gt; https://t.co/FpOb8Mllyx\n\nListen latest Fresh Tracks =&gt;&gt; https://t.co/rMfgeyGf9B\n\nAlbum ArtCover =&gt;&gt; https://t.co/IsO6XkjPjz"}, {"author_id": 2307485738, "id": 1495285236544196615, "text": "@Voice4Victoria Fresh air how dumb do u think we are. more sweet caring propaganda from disgraceful msm. I hope they like the location of that fresh air as that will be their home or a 6x4 once the dust settles and all these brain washed numbskulls WAKE THE F%\u00a5K UP.."}, {"author_id": 22673791, "id": 1495285229870665730, "text": "RT @iheartedmonton: Has anyone here tried the Alberta Donair kits, in which you take home fresh local ingredients &amp; prepare your own donair\u2026"}, {"author_id": 2579806357, "id": 1495285227547250688, "text": "Associate optical seize Cheese Ranch invoice Tuvalu Fresh lime Investment relationships Incredible https://t.co/E9LHcW2G52"}, {"author_id": 1048055519385202688, "id": 1495285220530130944, "text": "RT @CountryMilfShay: Fresh and clean!! #tanlines #ShowerThoughts #milf #pawg https://t.co/MAkQxpmSDX"}, {"author_id": 1312660165200547841, "id": 1495285206084767746, "text": "RT @yuzubear: HYK is my favourite program. from start to end it is beautiful, soft, delicate, feelings of the new spring, fresh flowers, an\u2026"}, {"author_id": 1430744544, "id": 1495285205011251202, "text": "Industrial artificial Fresh engage Producer Bypass compress ivory Berkshire hardware repurpose neutral https://t.co/CL8cyJtj2o"}, {"author_id": 770943484454768640, "id": 1495285202192535553, "text": "@ailovernft hello friends, you never seen anything like this one before \ud83d\udd25\ud83d\udd25\nfresh on FOUNDATION\nhttps://t.co/784eqj6A7w"}, {"author_id": 22411482, "id": 1495285199768195072, "text": "@kvbeth Def \u2018fresh princess plays baseball\u2019 \ud83d\udc4c\ud83c\udffc"}, {"author_id": 1254351713768783873, "id": 1495285198602256387, "text": "RT @andikho_ryt: Fresh start \ud83e\udd7a\ud83e\udd7a\ud83e\udd7a\ud83e\udd7a https://t.co/uqZlTiZC6M"}, {"author_id": 1495010617, "id": 1495285192658984962, "text": "RT @goddessole: Just got back from a long jog \ud83d\udc5f\n\nMy feet are super sweaty and smelly \ud83d\udc63\n\nWho\u2019s going to have the honor in cleaning these up\u2026"}, {"author_id": 1118476820, "id": 1495285190809337856, "text": "RT @charliemktplace: \ud83d\udea8 NFT EXPLOIT \ud83d\udea8\n @opensea hack is BAD - This guy tornado'd into a fresh wallet 12/30, made a weird contract call on Ja\u2026"}, {"author_id": 1204729504964452353, "id": 1495285190444429314, "text": "RT @JJExclusive1: How do you expect a fresh graduate to have work experience. He go steal am ?"}, {"author_id": 1650525404, "id": 1495285182240276485, "text": "Crossroad Tools Guilder Direct Baby Marks Armenian Awesome Fresh directional Data Avon https://t.co/Yj7XPEFava"}, {"author_id": 105590613, "id": 1495285178561970184, "text": "RT @CPJAfrica: Authorities in #Ethiopia should:\n\n- Drop any plans to charge journalists Amir Aman Kiyaro and Thomas Engida with terrorism;\u2026"}, {"author_id": 1356276740310577152, "id": 1495285170676641794, "text": "RT @AyazGul64: #Afghanistan received a fresh consignment of 2.5 tons of medicines and other relief aid from #India. \u201cWe are grateful to Ind\u2026"}, {"author_id": 1362421329966690305, "id": 1495285169791508482, "text": "RT @franciszamora30: Getting some sunshine, fresh air &amp; exercise in Sta. Elena with Boysen's Justin Ongsue who helped us with the painting\u2026"}, {"author_id": 1462521790656303112, "id": 1495285167329452035, "text": "wts lfb ph | pls rt !!\nd:d sunoo tshirt pc \n-onhand, fresh pull\n-mint condition\n-700 php (650 if can payo)\nrfs: need funds bibili prio pc i jay \nmod: ggx\nmop:gcash\n# wts lfb enhypen sunoo photocard ph https://t.co/pcxkvoztYP"}, {"author_id": 770943484454768640, "id": 1495285164603166720, "text": "@SergioAustinNFT hello friends, you never seen anything like this one before \ud83d\udd25\ud83d\udd25\nfresh on FOUNDATION\nhttps://t.co/784eqj6A7w"}, {"author_id": 1375670924, "id": 1495285162443087880, "text": "RT @supershawnlee: Wanna suck my cock with fresh cum? https://t.co/kjJoGf3L5n"}, {"author_id": 495066084, "id": 1495285154654343169, "text": "invoice Customizable withdrawal hack cross-platform sensor Pants algorithm ivory platforms Borders Fresh https://t.co/NHTlqfh3qC"}, {"author_id": 1074060534, "id": 1495285141035532290, "text": "RT @nhlanhla_lux_: A police lady just told me to be careful of 2 high ranking officers who have received brown envelopes to arrest/shoot me\u2026"}, {"author_id": 1274188391576408064, "id": 1495285139991105537, "text": "@DastardlyDeacon base game: fresh\nmod: chaos (my computer was really shitty when i played it the first time)"}, {"author_id": 809911160761942016, "id": 1495285139856936961, "text": "@bfforcejs i\u2019m so glad u like it!! cherry magic was like a breath of fresh air tbh"}]