[{"author_id": 1467876956435800065, "id": 1495289076559204354, "text": "RT @kattwtsagain: how much do you enjoy giant mascots on a scale of scott moir to yuzuru hanyu"}, {"author_id": 1402366593087148033, "id": 1495289074290094080, "text": "RT @skoobi3_: So here comes the African Giant https://t.co/DIoe4IRjhn"}, {"author_id": 1462530683377696777, "id": 1495289059660472322, "text": "RT @pareekhjain: Giant Lego-like building blocks for construction. All blocks are from recyclable material. \n\n#EIIRTrend #engineering #cons\u2026"}, {"author_id": 3654747798, "id": 1495289042543382533, "text": "Because this giant walking suit of armor/elemental has a girl voice they gave it the female sexy walk animation \ud83e\udd23\ud83e\udd23 https://t.co/YcYDojziUH"}, {"author_id": 1347068021752344577, "id": 1495289035266441217, "text": "RT @LillaQos: He literally almost dislocated her jaw with his giant hard black dick https://t.co/DR75Uet9BW"}, {"author_id": 1436411599166771204, "id": 1495289030413635587, "text": "RT @CryptoIRELAND1: $ADA Is Going To Explode\u201d, CCV Founder Reveals Why \u2018Cardano Is The Biggest Sleeping Giant In Crypto \ud83d\ude0e https://t.co/UMC8\u2026"}, {"author_id": 1346866758255316992, "id": 1495288998566285314, "text": "@PTXofficial Life on Mars by Pentatonix \ud83e\udd23Or David Bovie or Giant Rooks"}, {"author_id": 1458997341973889030, "id": 1495288969268969481, "text": "RT @hnordstrom22: @Vahid02307384 @Marvin72595037 @Seanin603 #Kishimoto is a sleeping giant\n\n\ud83e\udd77Available on 4 chains\n\ud83e\udd77Katsumi stealth \n\ud83e\udd77Staki\u2026"}, {"author_id": 1159931570028892161, "id": 1495288948754567168, "text": "RT @ruskertweets: wow, he a cow!\n\n\u2022  super submissive giant bottom\n\u2022  insecure, wears big puffy sweaters\n\u2022  watches cooking youtube late at\u2026"}, {"author_id": 1246636217958981632, "id": 1495288940353695749, "text": "RT @MyNuest01: My \ub274\uc774\uc2a4\ud2b8 \ud83d\udc97 \nFACE | The beginning...\n\ud83c\udfb6\ud83c\udfb6This is story about a dwarf and giant...\ud83c\udfb6\ud83c\udfb6\ud83e\udd18\n\n#JR #\uc544\ub860 #\ubc31\ud638 #\ubbfc\ud604 #\ub80c \n#\ub274\uc774\uc2a4\ud2b8 #NUEST @NUESTNEW\u2026"}, {"author_id": 1430748168, "id": 1495288932501794818, "text": "RT @BigCockAddicts: While walking through the park, I spotted a giant monster cock \ud83e\udd24 https://t.co/6B03fjq9D5"}, {"author_id": 1370142795067916289, "id": 1495288922817060864, "text": "@eattherich33 @RandyRRQuaid you're  a giant putz, what have you done beside suck on the teet of the woke?"}, {"author_id": 1304645947197022208, "id": 1495288854668103682, "text": "@spuff165 Eat garlic and then take a giant shit in my pants."}, {"author_id": 43851461, "id": 1495288852323487744, "text": "@BradfordPearson My friend once brought his giant snapping turtle to an elementary class, and one kid raised his hand and asked \"What would happen if the turtle bit off my dick?\" and he had to put all his effort into not laughing."}, {"author_id": 379110780, "id": 1495288850943385605, "text": "RT @Tizzy69511862: The sea level dropped &amp; giant machines rose up casting off the accretions of millennia.\nThe Reapers were nothing but app\u2026"}, {"author_id": 118158666, "id": 1495288849274216448, "text": "the giant........ \ud83d\ude33 sir you can smash me against glass walls any time of the day"}, {"author_id": 1306312574284124161, "id": 1495288819540656128, "text": "RT @Key_Cast: So I decided to replay 0.2 and I never noticed that during the Darkside battle, the giant ball of darkness turns into a giant\u2026"}, {"author_id": 858417873575956480, "id": 1495288814465699843, "text": "RT @Obinna_esq: Belgium a major oil importer with a population of 11.6M is the country refining crude oil for a country of over 200M people\u2026"}, {"author_id": 1245827387620601857, "id": 1495288810472542212, "text": "do u like loona or young the giant  #aimseyspace"}, {"author_id": 131073854, "id": 1495288800959885312, "text": "RT @xzTheatreActor: Watching cute edits of him all day sometimes I forget what a giant Xiao Zhan is https://t.co/SvsVIuX2Yi"}, {"author_id": 81985478, "id": 1495288769553043459, "text": "Looks like Jon and Don have to handle a giant One Eyed Monster. #MeTVLostInSpace https://t.co/86PDfovfoq"}, {"author_id": 1365788863977947140, "id": 1495288763060264964, "text": "Again\nI CAME HERE  ALONE ACCOMPANIED BY THESE \ud83d\udd73\ud83d\udd73\ud83d\udd73ONLY - FOR A GIANT PURPOSE \nand I AM THE SOLE OWNER and MANAGER OF MY CREATIONS - off limits to any of you EVEN IF they were hacked\n google or all military, delirious pseudo new age figures, and all satanic finance\nGet it yet?"}, {"author_id": 127278478, "id": 1495288746878590978, "text": "This is possibly a weird and vaguely drunken observation, but based on what multiple people have said to me tonight, I feel quite validated in my belief that life is one giant random cosmic farce best experienced with an air of casual bemusement."}, {"author_id": 1289705315940872194, "id": 1495288746723393543, "text": "RT @DMHeel: The Fire Giant Dreadnought surprises our hero with a devastating Backhand Chop! As God as my witness, that adventurer was broke\u2026"}, {"author_id": 1069696391612485632, "id": 1495288735377752066, "text": "RT @BVDGRRLXXX: \u274cBeing a beautiful woman\n\n\u2705 Being a giant stacked werewolf beast that can't even make out a single word other than snarling\u2026"}, {"author_id": 1335787019365183489, "id": 1495288723046481921, "text": "LIKE. IMAGINE A 14-YEAR-OLD LUNA POSING IN FRONT OF A MIRROR DOING THE MOST ANIME GIRL POSE WITH THE CAPTION \"KAWAII\" IN MEME FONT WITH TWO GIANT RED DOTS OVER MY FACE THAT'S \"\"\"APPARENTLY\"\"\" SUPPOSED TO BE BLUSH\n\nMENTAL AGONY IN THE HIGHEST."}, {"author_id": 1177634572063801344, "id": 1495288717551960065, "text": "My favorite of Allllllll time... grew up as a young boy watching his iconic matches with Andre the Giant n many many more... what a career n boots that no other man can fill or follow... https://t.co/u0T4sVbE4c"}, {"author_id": 1319733043293310986, "id": 1495288698425991171, "text": "@mksneepsnorp I picture a sound effect at the end like a dunnnnnnnn. Like a giant stopped above the water type of dunnnnnn."}, {"author_id": 1106931780018274304, "id": 1495288690213474307, "text": "giant caterpillar https://t.co/9l3Rrc8P9D"}, {"author_id": 8622162, "id": 1495288688166998020, "text": "Biggest galaxy ever recorded discovered by scientists \nIt's been named Alcyoneus, after the giant who fought Hercules- and it's 16.3 million light years wide. That's 160 times wider than the galaxy we live in, the Milky Way \nhttps://t.co/BOGCL0oaDz"}, {"author_id": 1333629516749578242, "id": 1495288683401908224, "text": "RT @legitchickss: Giant boobs + tiny bikini = Nipslip!! Live on instagram \ud83d\ude0d #nipslip #live #caught #bigboobs #tits #bikini #instagram https\u2026"}, {"author_id": 139754666, "id": 1495288681363488772, "text": "@RexChapman that guy was a giant!"}, {"author_id": 99167707, "id": 1495288679585173506, "text": "RT @MirrorPolitics: Jacob Rees-Mogg profits from investments in Russian gas giant and Chinese pharma firm\nhttps://t.co/5sLR3Lqhm1 https://t\u2026"}, {"author_id": 319247876, "id": 1495288657682513921, "text": "RT @kenna10_x: Straight facts! Paul Craig the giant killer! #UFCVegas48 https://t.co/kAVHFpw9Tl"}, {"author_id": 1457602304593793025, "id": 1495288648832413702, "text": "RT @vanlovesbl: Ohm I wish I could give you the most giant hug \ud83d\ude2d @ohmpawatt #ohmpawat #ohmnanon #PurePlusSnowxOhnNanon https://t.co/k9EUEPY\u2026"}, {"author_id": 1153524766612918272, "id": 1495288639319777284, "text": "RT @xzTheatreActor: Watching cute edits of him all day sometimes I forget what a giant Xiao Zhan is https://t.co/SvsVIuX2Yi"}, {"author_id": 234360198, "id": 1495288635641536518, "text": "Laca has never been goals galore,  and I long quit over expecting I am here for the tussle he serves. That Gabi goal vs Wolves ws all him, Saka's assist yesterday was picked off his scraps, Odegaard skewed a chance in the same vein and so much more. Laca is a giant team player."}, {"author_id": 1492014759402782720, "id": 1495288590234013701, "text": "RT @helice77: ONGOING AIRDROP (WITH GUARANTEED BUYBACK)\n\nA crypto is nothing without a giant community behind it. \nTo participate, you just\u2026"}, {"author_id": 713180918178058240, "id": 1495288559657439232, "text": "RT @nytimes: A $1.7 billion settlement between Navient, the U.S. student lending giant accused of making predatory loans, and 39 states was\u2026"}, {"author_id": 922307264991473665, "id": 1495288547913306113, "text": "RT @kattwtsagain: how much do you enjoy giant mascots on a scale of scott moir to yuzuru hanyu"}, {"author_id": 1479488351514341381, "id": 1495288542494343171, "text": "@sexbasedrights @helensaxby11 @HJoyceGender He has a couple.\n\nMy genitals do not define me.\n\nA penis is a vagina but just called a different thing.\n\nI\u2019m a real woman (insert giraffe, rhinoceros, chimpanzee whatever) and you cannot tell me I am not.\n\nIntellectual giant (insert fuckwit)"}, {"author_id": 1490997768311418880, "id": 1495288533619068930, "text": "RT @mysterydust123: Winner is @juliaaurorae !! It\u2019s 1 am so I can\u2019t give it to you atm, but I can when I wake up! Congratulations. Giant te\u2026"}, {"author_id": 1271174968454393856, "id": 1495288524240830465, "text": "RT @scallysex: #funsizeboys\nIt's all about the gay size difference! Giant guys, extra small guys, and putting these two extremes together!\u2026"}, {"author_id": 1430451607175585794, "id": 1495288519538970626, "text": "RT @shaziamurad: The magic of giant screens @KSAExpo2020 \n#Expo2020Dubai https://t.co/68bD5kuja1"}, {"author_id": 700907577, "id": 1495288519132323840, "text": "@RahneAlexander Or seriously price gouge and make giant profits!"}, {"author_id": 1070492456771354624, "id": 1495288515898269698, "text": "RT @xartknight: Giant plant lady, Draca.\n#draca #nsfwfanart #tucaandbertie https://t.co/UxB7vpWOvl"}, {"author_id": 925698299633348610, "id": 1495288484147478528, "text": "RT @hungfoxshorty: Being a shortstack do have its perks... having two giant tits sluts at their side worshiping him. https://t.co/qayOWp6VzH"}, {"author_id": 1073948884421017601, "id": 1495288466321592323, "text": "RT @Succ_Hannah: A tentacle that goes right into your mouth. It holds you captive just by being inside you. You can feel it filling your st\u2026"}, {"author_id": 1271174968454393856, "id": 1495288451532570629, "text": "RT @scallysex: #funsizeboys\nIt's all about the gay size difference! Giant guys, extra small guys, and putting these two extremes together!\u2026"}, {"author_id": 22290426, "id": 1495288449959530498, "text": "RT @WhootKnows: Now that Turdeax has gone full on Dictator, how soon will it take for Biden to become a complete Dictator. He already suppo\u2026"}, {"author_id": 4367443817, "id": 1495288449737232384, "text": "My only real goal in standup is to meet the wizard who sells the beans to make beanstalk so I can outsmart the giant and get the golden egg"}, {"author_id": 1228310075191779328, "id": 1495288445438210051, "text": "RT @brabblemark: @DiceDungeonUK I also make #DnD5e creations like the Arrowsmith (a #Hawkeye and Green Arrow-style rogue archetype; https:/\u2026"}, {"author_id": 1080856378741186560, "id": 1495288434281562112, "text": "wanda \"harbinger of chaos\" maximoff!! the way she made the giant grape purple alien cries for help is just *chefs kiss* homegirl did not ate that scene but instead she COOKED THE WHOLE ASS MEAL https://t.co/v72CvwLSYv https://t.co/4bQcZUD3ZY"}, {"author_id": 2362489899, "id": 1495288426157035522, "text": "RT @pareekhjain: Giant Lego-like building blocks for construction. All blocks are from recyclable material. \n\n#EIIRTrend #engineering #cons\u2026"}, {"author_id": 1274668852325093378, "id": 1495288394649321473, "text": "Character Options B&amp;M Exclusive DOCTOR WHO K-1 Giant ROBOT Collector Set 1974 \ud83d\udd25\n\nEnds Sun 20th Feb @ 9:50am\n\nhttps://t.co/9LpBRjRz5Z\n\n#ad #doctorwho #thdoctor #tardis #whovian #drwho https://t.co/o2EGMpbdSF"}, {"author_id": 804466814486884352, "id": 1495288387099529225, "text": "RT @kattwtsagain: how much do you enjoy giant mascots on a scale of scott moir to yuzuru hanyu"}, {"author_id": 347012389, "id": 1495288378220486656, "text": "RT @toymakr3d: New Giant Robot Tetsujin 28 is now available for free download \nhttps://t.co/ZGlDXqtmjY\n#3Dprinting \n#toymakr3d https://t.co\u2026"}, {"author_id": 1208274553845276672, "id": 1495288368372097025, "text": "A tentacle that goes right into your mouth. It holds you captive just by being inside you. You can feel it filling your stomach.\nAnd after a while you see a giant maw around that tentacle that is approaching you - and you're about to be swallowed alive~"}, {"author_id": 1459959370943549443, "id": 1495288337241976834, "text": "NOW THERES A GIANT WET SPOT\ud83d\udc94\ud83d\udc94"}, {"author_id": 885270774, "id": 1495288329486569476, "text": "RT @WhootKnows: Now that Turdeax has gone full on Dictator, how soon will it take for Biden to become a complete Dictator. He already suppo\u2026"}, {"author_id": 2511788401, "id": 1495288327993704452, "text": "RT @ianuragthakur: A historic moment as the International Olympic Committee Session is coming to \ud83c\uddee\ud83c\uddf3 India in 2023!\n\nIndian sport has made g\u2026"}, {"author_id": 1184905467354632192, "id": 1495288326236086272, "text": "@PA5408_ @LongedEth373 Right, I definitely think the p2e is a sleeping giant and will awaken when these type of games release. Pixelmon game trailer has been the best so far. Anyway, hope you have a great one"}, {"author_id": 1179708731040419842, "id": 1495288317377753095, "text": "RT @LeeCram: The universe is just a giant black hole and we're all in the process of getting devoured."}, {"author_id": 1076033330649448448, "id": 1495288316287193088, "text": "@KenRhen Tsm: wanna speedrun spring split implosion+giant drama any%?\n\nC9: HELL YEAH M8 I\u2019M IN"}, {"author_id": 918156854722621440, "id": 1495288287530913797, "text": "RT @kattwtsagain: how much do you enjoy giant mascots on a scale of scott moir to yuzuru hanyu"}, {"author_id": 876331708500631552, "id": 1495288278462967810, "text": "RT @LillaQos: He literally almost dislocated her jaw with his giant hard black dick https://t.co/DR75Uet9BW"}, {"author_id": 1418881079818301444, "id": 1495288277909139459, "text": "RT @helice77: ONGOING AIRDROP (WITH GUARANTEED BUYBACK)\n\nA crypto is nothing without a giant community behind it. \nTo participate, you just\u2026"}, {"author_id": 885270774, "id": 1495288277770727424, "text": "RT @WhootKnows: All along, the Russian Hoax was Hillary paying to have Trump implicated with with a fake Steele Dossier, set it up to look\u2026"}, {"author_id": 1495195392819884036, "id": 1495288276403449856, "text": "I was looking at the giant christmas tree at sm when I saw a familiar back. He was carrying a little girl and when the little girl lool at my direction..."}, {"author_id": 1457793592517353524, "id": 1495288274675453953, "text": "RT @helice77: ONGOING AIRDROP (WITH GUARANTEED BUYBACK)\n\nA crypto is nothing without a giant community behind it. \nTo participate, you just\u2026"}, {"author_id": 2382860342, "id": 1495288268950163462, "text": "@JuddLegum So when Dems lose Texas will they be kicking themselves for not killing the filibuster to save Voting Rights? Will there be a giant Ho Hum &amp; all those disenfranchised voters forgotten?"}, {"author_id": 26596853, "id": 1495288267314450436, "text": "RT @BenjaminNorton: US and European leaders are preparing \u201cpainful\u201d sanctions on Russia, which could include sabotaging Germany\u2019s Nord Stre\u2026"}, {"author_id": 1360227293617037313, "id": 1495288258791624705, "text": "RT @Reaproy: Out goes @Kirin_Brewery, another int'l company leaving military controlled #Myanmar. Kirin should ensure it departs in a right\u2026"}, {"author_id": 258032623, "id": 1495288246229770241, "text": "RT @kattwtsagain: how much do you enjoy giant mascots on a scale of scott moir to yuzuru hanyu"}, {"author_id": 22673791, "id": 1495288228915519488, "text": "RT @SAFEteamrescue: Happy Caturday from new recruit adoptable kitty, Theo!  Look at this precious smile!  Theo is a soon to be 5 year old G\u2026"}, {"author_id": 1354981914025848832, "id": 1495288215615508481, "text": "Winner is @juliaaurorae !! It\u2019s 1 am so I can\u2019t give it to you atm, but I can when I wake up! Congratulations. Giant teddy gw ending soon! https://t.co/ZoTLV00wBR"}, {"author_id": 597612291, "id": 1495288195390574593, "text": "RT @scallysex: #funsizeboys\nIt's all about the gay size difference! Giant guys, extra small guys, and putting these two extremes together!\u2026"}, {"author_id": 97306045, "id": 1495288174628999172, "text": "Ok grandpa, get in the giant condom so I can give you a hug https://t.co/qhdBDVIjW1"}, {"author_id": 1452689952018509828, "id": 1495288141351059461, "text": "@babymac023 Science is amazing. For instance:  Quasars emit more energy than 100 giant galaxies. @ScienceBotikus"}, {"author_id": 1302890701617651713, "id": 1495288131980914689, "text": "RT @THEGIDLEROOM: Apple Music \ud83c\uddea\ud83c\uddec Egypt \u2013 K-Pop chart:\n\n#171 #Giant \n(RE-entry)\n\n#GIDLE #\uc5ec\uc790\uc544\uc774\ub4e4 @G_I_DLE #\uc6b0\uae30 #YUQI https://t.co/DIGhYDLpKg"}, {"author_id": 1443194938997366787, "id": 1495288128424509444, "text": "RT @vanlovesbl: Ohm I wish I could give you the most giant hug \ud83d\ude2d @ohmpawatt #ohmpawat #ohmnanon #PurePlusSnowxOhnNanon https://t.co/k9EUEPY\u2026"}, {"author_id": 731433347055026176, "id": 1495288121931403266, "text": "You investigate a strange noise around the tunnels, creating the giant witches. You get beheaded noisily... and are never heard from again"}, {"author_id": 1141216897855213568, "id": 1495288114281328640, "text": "RT @cz_binance: \u00bb Crypto Giant Binance\u2019s U.S. Arm Hires New Compliance Chief - WSJ https://t.co/3gOXzIkfuJ"}, {"author_id": 717194691146592257, "id": 1495288112267857922, "text": "RT @littlekeish: Anyone in Tampa with a giant dick please hit me up ASAP"}, {"author_id": 709095415401021440, "id": 1495288097042427907, "text": "Talent Man, Talent Man, doing the things a talent can.\nWhat's he like? it's not giant. Talent Man"}, {"author_id": 2915460530, "id": 1495288090897707009, "text": "RT @wzthings: pocket sized woozi waving his giant snack voucher (2021) https://t.co/Yuf4kjnSnM"}, {"author_id": 1036855295157256192, "id": 1495288088003694594, "text": "my gentle, art-loving giant https://t.co/8dkNIA3xMx"}, {"author_id": 950890131501674497, "id": 1495288074145722370, "text": "RT @AnythingGOE: Haha, Keegan is such an amazing gala performer! Almost wish the giant flag had made an appearance after it\u2019s been such an\u2026"}, {"author_id": 1495268962812284929, "id": 1495288073831211011, "text": "RT @helice77: ONGOING AIRDROP (WITH GUARANTEED BUYBACK)\n\nA crypto is nothing without a giant community behind it. \nTo participate, you just\u2026"}, {"author_id": 881054170895179779, "id": 1495288045855477760, "text": "What\u2019s something most people don\u2019t know about you until you tell them? \u2014 i guess most people don\u2019t know i\u2019m part italian until i tell them bc not a single part of my appearance reflects it (i guess my giant nose does BUT we\u2019re not\u2026 https://t.co/St22pJTdZT"}, {"author_id": 1123642129857818625, "id": 1495288041337851905, "text": "Custodian of  condemned, the effulgence and indescribable Emperor of Fanatics, lord Andromalius. Mountains surround their giant keep and gambrel mantises swarm their keep"}]