[{"author_id": 1069584680318451712, "id": 1495288757897293824, "text": "RT @AshMatt_intl: Anniversary greetings and gift from Ms. Gigi Tibi. \ud83d\udc9c\n\n#2YearsofAshMatt\nAshMatt 2ndAnniversary\n@mateoguidicelli @JustSarah\u2026"}, {"author_id": 1389530734159794177, "id": 1495288511972339713, "text": "Not only Gigi, every girl who comes in Zayn's life will be called a fake, attention seeker, bitch\nThey never respect his personal life"}, {"author_id": 1436251356935901186, "id": 1495288489990098946, "text": "@Gigi_bunny972 I love you, you beautiful lady \ud83d\udc9c\ud83d\udc9c\ud83d\udc9c"}, {"author_id": 25413350, "id": 1495288480137572353, "text": "Gigi Edgley is back on Twitch this Monday but it won\u2019t be Game Day. It\u2019s gonna be a Farscape Watch Party. Come and enjoy the splendor that is Jeremiah Crichton, S1E14. What will Gigi think?  Starts Monday at 5pm PST at https://t.co/kQpAoQYitQ https://t.co/Z72ehz1WcM"}, {"author_id": 583173380, "id": 1495288476832452613, "text": "@gigi_heart_ &lt;- (motivated by dastardly forces)"}, {"author_id": 1430670586485768193, "id": 1495288174104301568, "text": "PRETTY GIGI \ud83e\udd7a\ud83e\udd32\ud83c\udffb https://t.co/t49LbtqKfC"}, {"author_id": 1221894984095408130, "id": 1495288012284084227, "text": "RT @archivesgigi: Gigi Hadid and Donatella Versace https://t.co/ytVmo87uPt"}, {"author_id": 1213540035804291072, "id": 1495287762425196549, "text": "(Cont\u2019d)\n\nRetired from military service, Gigi\u2019s soul was still restless. Rather than taking up a small business or returning to his family estate, he began to travel the world, seeking work as a blade-for-hire\u2026but strictly for clients with pure intentions."}, {"author_id": 1283257653335130113, "id": 1495287586473926660, "text": "RT @kingnning: Gigi\u2019s \ud83d\udcad \n\n\u201cCurious mys \u314b\u314b\u314b\u314b\u314b\u314b\u314b\u314b\u201d\n\n\u201cAeri who has blue hair\ud83d\udc86\ud83c\udffb\u201d https://t.co/usHL0Qz7zx"}, {"author_id": 2502612515, "id": 1495287460041048069, "text": "RT @NBAKicks: \ud83d\udc5f @BrittneyElena_ reps for Gigi, Kobe &amp; the @Lakers! \n\n#RufflesCelebGame #NBAKicks https://t.co/23MHGaPXee"}, {"author_id": 221613113, "id": 1495287319410188290, "text": "@Thandeka_nje @meikentgpm Gigi knows best \ud83d\ude09"}, {"author_id": 1494088387266940929, "id": 1495287317388357632, "text": "RT @GigaHubOfficial: In New York I Gigi Rock \ud83d\ude09\ud83d\udc9a https://t.co/qBIemmMw9N"}, {"author_id": 277518709, "id": 1495287289538232323, "text": "RT @AshMatt_intl: Anniversary greetings and gift from Ms. Gigi Tibi. \ud83d\udc9c\n\n#2YearsofAshMatt\nAshMatt 2ndAnniversary\n@mateoguidicelli @JustSarah\u2026"}, {"author_id": 1090419888362012672, "id": 1495287188933677056, "text": "I\u2019m a bot that posts a picture of the goodest girl, Gigi every 10 minutes. Enjoy!!! \ud83d\udc29 https://t.co/x3cG87kHTn"}, {"author_id": 139322897, "id": 1495287088958214149, "text": "RT @Ann67209496: @ProfGIGISCICCH @KornetaJoy @pazhenaoandres @GjsgloBug @stef4freedom @BlueWaterDays @HappyClam @GEEKTech2010 @billdautrive\u2026"}, {"author_id": 583173380, "id": 1495286853318021120, "text": "@gigi_heart_ the one on the right 9 w 9"}, {"author_id": 1438781001078124547, "id": 1495286818694213632, "text": "@gigi_heart_ The manga is p good !\nIt adds more personality to all charas overall"}, {"author_id": 1100444940994338817, "id": 1495286709885493253, "text": "RT @gaysinmedia: see how the hottest sex scenes in the show are the ones with gigi\u2026 yeah https://t.co/c0UzZKRDOz"}, {"author_id": 1060827464493088768, "id": 1495286635331788801, "text": "@mebr007_gigi @MarshaBlackburn @DHSgov The boarder is more important sheep"}, {"author_id": 1483313702061420548, "id": 1495286349426933760, "text": "@gigi_mi_casita q m bese vicky\ud83d\ude0b"}]