[{"author_id": 924982441265258498, "id": 1495198142634999808, "text": "Tonight, Uncle Fester drives a Pink Cadillac with a page 3 girl in the passenger footwell, to The Shard"}, {"author_id": 1408042648099864577, "id": 1495172227913981959, "text": "@darugona_ Ranboo is in the cadillac girl\n\n\ud83e\udd7a"}, {"author_id": 1362151478723571714, "id": 1495154578731458561, "text": "\ud83c\udfb6Jump in the Cadillac girl let\u2019s put some miles on it anything u want just to put a smile on it \ud83c\udfb6"}, {"author_id": 633516160, "id": 1495146177725181953, "text": "always in my face\n\ntalkin\u2019 dis and dat\n\ngirl i had to buy some rims for the \ncadillac \ud83d\udc83\ud83c\udffd"}, {"author_id": 1091531983820390401, "id": 1495095963266035722, "text": "this girl just stabbed a guy in the ear with a pen what the hell is going on, one minute shes grinding on a cadillac the next shes killing a man for wanting her autograph"}, {"author_id": 1302550046441906177, "id": 1495061745865576449, "text": "@gw3ncor3 jump in the cadillac girl les put some miles on it"}, {"author_id": 1355686955850354688, "id": 1495047889394933764, "text": "jump in the cadillac, girl lets put some miles on it."}, {"author_id": 1389451617787944962, "id": 1494911927709011972, "text": "\ud83d\udd34?:\u201dJUMP IN THE CADILLAC!!\u201d\n\n\u2b50\ufe0f?:\u201dGIRL LETS PUT SOME MILES ON IT!!\u201d\n\n\u26aa\ufe0f\u2b50\ufe0f:\u201dANYTHING YOU WANT!!\u201d\n\n\u201cJUST A PUT A SMILE ON YOU!!\u201d\n\nAll:\u201dYOU DESERVE IT BABY YOU DESERVE IT ALL!!\u201d\n\n\ud83e\udde8:\u201dAND IM GONNA GIVE IT TO YOU!!!\u201d"}, {"author_id": 297584064, "id": 1494871647664304128, "text": "I just need them to make a big body Escalade in the electric power version so I can still live out my 2005 icy baby girl dreams while still being earth conscious \ud83d\ude44 come on Cadillac!!!!! 2024 it\u2019s comin"}, {"author_id": 416213504, "id": 1494868584715063298, "text": "Jump in the Cadillac\n(Girl, let's put some miles on it)\nAnything you want\n(Just to put a smile on you)\nYou deserve it baby, you deserve it all\nAnd I'm gonna give it to you"}, {"author_id": 1454209154822848514, "id": 1494792497679278084, "text": "Jump in the Cadillac, girl, let's put some miles on it\nAnything you want, just to put a smile on it\nYou deserve it, baby, you deserve it all\nAnd I'm gonna give it to you. :) https://t.co/XHIL37tM6f"}, {"author_id": 1483055435435417603, "id": 1494739839270457349, "text": "Jump in the Cadillac \nGirl let\u2019s put some miles on it"}, {"author_id": 1408042648099864577, "id": 1494708383429103619, "text": "@daziedream Dream and George are in the cadillac girl let's go to the store and get the killer son of a bitch\n\nWhat..?"}, {"author_id": 1355686955850354688, "id": 1494677727269441542, "text": "jump in the cadillac, girl lets put some miles on it."}, {"author_id": 1482135319910699010, "id": 1494419070736863243, "text": "RT @minty_salad: @staniscool_ Jump in the Cadillac girl let\u2019s put some miles on it"}, {"author_id": 1466678595145789446, "id": 1494418898162118682, "text": "@staniscool_ Jump in the Cadillac girl let\u2019s put some miles on it"}, {"author_id": 1089190832186580995, "id": 1494374686293168129, "text": "JUMP IN THE CADILLAC GIRL LETS PUT SOME MILES ON IT"}, {"author_id": 359134689, "id": 1494362102185795584, "text": "#lyricoftheday\n\u201cJump in the Cadillac \nGirl, let\u2019s put some miles on it!\nAnything you want \nJust to put a smile on it!\u201d \ud83d\ude0a"}, {"author_id": 1308769551849582601, "id": 1494330756600004615, "text": "I bought a white Cadillac\nI bought it off my mom and dad\nThey said don't forget the keys girl\nso you can get it on\nI keep the back seat for lovin'\nI like to drive up front\nAnd when were makin' out?\nI keep you boyfriend in the trunk!"}, {"author_id": 1308769551849582601, "id": 1494330749532598283, "text": "I bought a white Cadillac\nI bought it off my mom and dad\nThey said don't forget the keys girl\nso you can get it on\nI keep the back seat for lovin'\nI like to drive up front\nAnd when we're makin' out?\nI keep your boy in the trunk!"}, {"author_id": 1449417157864009735, "id": 1494311972338388999, "text": "@tommyaltinnit I got a thought its \n\nJUMP IN THE CADILLAC YEAH GIRL PUT SOME MILES ON IT ANYTHING YOU WANT JUST TO PUT A SMILE ON IT YOU DESERVE IT BABY YOU DESERVE IT ALL AND IM GOING TO GIVE IT TO YOU"}, {"author_id": 1382900350856921095, "id": 1494300665207672832, "text": "jump in the cadillac, girl, let's put some miles on it"}, {"author_id": 1232488493085003776, "id": 1494065265516154888, "text": "@Elgatoblanco63 @JennyERock I know your old and I know what time period you grew up in dumbass. And I haven\u2019t failed at anything. I own a Cadillac and a gf hotter than any girl you have EVER touched. Only failure here is you. Go schedule your funeral gramps. I do what the fuck I want"}, {"author_id": 1041347653622161410, "id": 1493954875193012226, "text": "Help me out here.  I am a truck and Jeep girl, however, I think it is time to get a speedy car in the collection.  Which do you recommend and why?  Hellcat Charger or Cadillac CTS-V?"}, {"author_id": 346176366, "id": 1493938097293119490, "text": "Regina King's Style History Includes Power Suits, Glittery Gowns &amp; Soaring Heels ,She\u2019s A Legend Since 227 As A Lil Girl Hell Now She Directing Her Own Movies \ud83c\udfa5 &amp; Stay In The Cadillac Commercials\n\ud83d\udc98\ud83d\udc51\u2b50\ufe0f https://t.co/Fka0CSOF4I"}, {"author_id": 1355686955850354688, "id": 1493696228973891589, "text": "jump in the cadillac, girl lets put some miles on it."}, {"author_id": 1325398483952668675, "id": 1493685142979813377, "text": "@finntheroo @mup1ter jump in the cadillac girl lets puts some miles on it"}, {"author_id": 1323005368528756736, "id": 1493610594217439243, "text": "Jump in the Cadillac girl put some miles on it \ud83d\ude44"}, {"author_id": 798992310667067392, "id": 1493418307768262657, "text": "Ranboo said, \nRanboo smiled, \nRanboo jumped\u2026 IN THE CADILLAC GIRL LETS PUT SOME MILES ON IT ANYTHING YOU WANT JUST TO PUT A SMILE ON IT"}, {"author_id": 1355686955850354688, "id": 1493069652301266946, "text": "jump in the cadillac, girl lets put some miles on it."}, {"author_id": 1478134830076473352, "id": 1493069067363696641, "text": "JUMP IN THE CADILLAC GIRL LET'S PUT SOME MILES ON IT ANYTHING YOU WANT https://t.co/HVmk4aobQh"}, {"author_id": 372982226, "id": 1492953417517617157, "text": "Someone tell me the chorus of that song Crush - by Yuna and Usher doesn't sound exactly like like the girl singing in Lloyd's song, Cadillac Love? Just had Cadillac Love on repeat, so many memories \u2764\ufe0f"}, {"author_id": 1490756478449373189, "id": 1492880922173222926, "text": "There ain\u2019t a thing in the world that\u2019ll take me back like a dark haired girl in a Cadillac"}, {"author_id": 1244030460700905473, "id": 1492839245781872644, "text": "Jump in the Cadillac GIRL LETS PUT SOME MILES ON IT"}, {"author_id": 1406671905243938821, "id": 1492769073700159491, "text": "@AdrianR28082265 @ftDerpy jump in the cadillac, girl, lets put some miles on it"}]