[{"author_id": 714434936, "id": 1495288903238324232, "text": "RT @christi35065788: @TamePunk My goodness Grace, you are a gift to this earth and all of us who live here. It breaks my heart to see how t\u2026"}, {"author_id": 1381876639, "id": 1495284485167976452, "text": "RT @adriearsenault: To all reporters, camera operators, producers from ALL the networks who have been working with such grace; trying to li\u2026"}, {"author_id": 1101410711337664512, "id": 1495283706126348292, "text": "RT @Pastor__West: Dear Lord,\n\nToday, may every good and perfect plan You have for my life begin to manifest and be brought to fulfillment.\u2026"}, {"author_id": 1306388777380622336, "id": 1495283305083813889, "text": "RT @adriearsenault: To all reporters, camera operators, producers from ALL the networks who have been working with such grace; trying to li\u2026"}, {"author_id": 1324421893324214273, "id": 1495283209835368449, "text": "RT @ElectSense: @SamuelDrake51 My heart is broken for you.I\u2019m comforted by the love and support from all of these amazing friends.I hope it\u2026"}, {"author_id": 1327748201143808006, "id": 1495282443905114114, "text": "@SamuelDrake51 My heart is broken for you.I\u2019m comforted by the love and support from all of these amazing friends.I hope it will ease your pain even the slightest bit.I\u2019m praying for you &amp; your family that GOD may touch you with his healing grace.Please don\u2019t hesitate to ask for help.We\u2019re here"}, {"author_id": 591383718, "id": 1495281687646720001, "text": "RT @adriearsenault: To all reporters, camera operators, producers from ALL the networks who have been working with such grace; trying to li\u2026"}, {"author_id": 931172473, "id": 1495279827917709315, "text": "RT @adriearsenault: To all reporters, camera operators, producers from ALL the networks who have been working with such grace; trying to li\u2026"}, {"author_id": 2153964217, "id": 1495277241143599104, "text": "RT @adriearsenault: To all reporters, camera operators, producers from ALL the networks who have been working with such grace; trying to li\u2026"}, {"author_id": 1118031998, "id": 1495276368518696968, "text": "Light From Old Times: among my 10 favorite books of all time! When the Doctrines of Grace crashed in on me, this saint was part of the equipping that brought the Faith Once Delivered home in my heart!\nNever looked back!\nThank You Jesus!\n(Man I love this group of saints!) https://t.co/JdoTqEiLKC"}, {"author_id": 1474875447146008577, "id": 1495276349702893570, "text": "RT @adriearsenault: To all reporters, camera operators, producers from ALL the networks who have been working with such grace; trying to li\u2026"}, {"author_id": 1379562319466872835, "id": 1495275961742344199, "text": "When I behold thy wondrous face, a precious jewel of form and grace, my heart...torn by the dread of night, is purified with golden light. Poetry is the only way I can begin to describe my feelings for you."}, {"author_id": 318682786, "id": 1495274265536389123, "text": "RT @adriearsenault: To all reporters, camera operators, producers from ALL the networks who have been working with such grace; trying to li\u2026"}, {"author_id": 4081755685, "id": 1495274111555325957, "text": "RT @adriearsenault: To all reporters, camera operators, producers from ALL the networks who have been working with such grace; trying to li\u2026"}, {"author_id": 791594084339159040, "id": 1495273744868442115, "text": "RT @Pastor__West: Dear Lord,\n\nToday, may every good and perfect plan You have for my life begin to manifest and be brought to fulfillment.\u2026"}, {"author_id": 14217419, "id": 1495273346035945473, "text": "RT @adriearsenault: To all reporters, camera operators, producers from ALL the networks who have been working with such grace; trying to li\u2026"}, {"author_id": 380462843, "id": 1495272899695071234, "text": "RT @adriearsenault: To all reporters, camera operators, producers from ALL the networks who have been working with such grace; trying to li\u2026"}, {"author_id": 840079430521253890, "id": 1495272235279523844, "text": "RT @adriearsenault: To all reporters, camera operators, producers from ALL the networks who have been working with such grace; trying to li\u2026"}, {"author_id": 19567149, "id": 1495271821758717953, "text": "RT @adriearsenault: To all reporters, camera operators, producers from ALL the networks who have been working with such grace; trying to li\u2026"}, {"author_id": 535553301, "id": 1495270971980206081, "text": "RT @adriearsenault: To all reporters, camera operators, producers from ALL the networks who have been working with such grace; trying to li\u2026"}, {"author_id": 25359575, "id": 1495270665691271170, "text": "RT @adriearsenault: To all reporters, camera operators, producers from ALL the networks who have been working with such grace; trying to li\u2026"}, {"author_id": 1920200431, "id": 1495269645040820228, "text": "RT @adriearsenault: To all reporters, camera operators, producers from ALL the networks who have been working with such grace; trying to li\u2026"}, {"author_id": 35636909, "id": 1495269447719800833, "text": "RT @louiseteaches: Only in your presence\nCan I lie down\nIn a cool room &amp; listen\nTo the rhythmless sounds\nOf the unanswered mind\nOnly in you\u2026"}, {"author_id": 1091450930145492992, "id": 1495269240991068161, "text": "RT @adriearsenault: To all reporters, camera operators, producers from ALL the networks who have been working with such grace; trying to li\u2026"}, {"author_id": 580541548, "id": 1495268409638109190, "text": "RT @adriearsenault: To all reporters, camera operators, producers from ALL the networks who have been working with such grace; trying to li\u2026"}, {"author_id": 1291933250, "id": 1495268347599941634, "text": "RT @adriearsenault: To all reporters, camera operators, producers from ALL the networks who have been working with such grace; trying to li\u2026"}, {"author_id": 1480349853200826369, "id": 1495268199486660608, "text": "RT @adriearsenault: To all reporters, camera operators, producers from ALL the networks who have been working with such grace; trying to li\u2026"}, {"author_id": 250804618, "id": 1495267914206822402, "text": "RT @adriearsenault: To all reporters, camera operators, producers from ALL the networks who have been working with such grace; trying to li\u2026"}, {"author_id": 297742844, "id": 1495266286493913090, "text": "RT @adriearsenault: To all reporters, camera operators, producers from ALL the networks who have been working with such grace; trying to li\u2026"}, {"author_id": 3654139038, "id": 1495265712339750912, "text": "RT @adriearsenault: To all reporters, camera operators, producers from ALL the networks who have been working with such grace; trying to li\u2026"}, {"author_id": 244425750, "id": 1495264721154551809, "text": "RT @Pastor__West: Dear Lord,\n\nToday, may every good and perfect plan You have for my life begin to manifest and be brought to fulfillment.\u2026"}, {"author_id": 32913859, "id": 1495263263424196612, "text": "RT @adriearsenault: To all reporters, camera operators, producers from ALL the networks who have been working with such grace; trying to li\u2026"}, {"author_id": 517928221, "id": 1495262892798709760, "text": "RT @adriearsenault: To all reporters, camera operators, producers from ALL the networks who have been working with such grace; trying to li\u2026"}, {"author_id": 2341257349, "id": 1495262191204790286, "text": "RT @adriearsenault: To all reporters, camera operators, producers from ALL the networks who have been working with such grace; trying to li\u2026"}, {"author_id": 2305007798, "id": 1495261899868438529, "text": "RT @adriearsenault: To all reporters, camera operators, producers from ALL the networks who have been working with such grace; trying to li\u2026"}, {"author_id": 25487241, "id": 1495261833820655618, "text": "RT @adriearsenault: To all reporters, camera operators, producers from ALL the networks who have been working with such grace; trying to li\u2026"}, {"author_id": 229216008, "id": 1495261195598630922, "text": "RT @adriearsenault: To all reporters, camera operators, producers from ALL the networks who have been working with such grace; trying to li\u2026"}, {"author_id": 386072477, "id": 1495261089965223939, "text": "RT @adriearsenault: To all reporters, camera operators, producers from ALL the networks who have been working with such grace; trying to li\u2026"}, {"author_id": 281221725, "id": 1495261051759255555, "text": "RT @adriearsenault: To all reporters, camera operators, producers from ALL the networks who have been working with such grace; trying to li\u2026"}, {"author_id": 76252215, "id": 1495260788906508289, "text": "RT @adriearsenault: To all reporters, camera operators, producers from ALL the networks who have been working with such grace; trying to li\u2026"}, {"author_id": 16332425, "id": 1495260592940138498, "text": "RT @adriearsenault: To all reporters, camera operators, producers from ALL the networks who have been working with such grace; trying to li\u2026"}, {"author_id": 255835074, "id": 1495260422802341891, "text": "RT @adriearsenault: To all reporters, camera operators, producers from ALL the networks who have been working with such grace; trying to li\u2026"}, {"author_id": 88121522, "id": 1495260262345158660, "text": "RT @adriearsenault: To all reporters, camera operators, producers from ALL the networks who have been working with such grace; trying to li\u2026"}, {"author_id": 837751015487102976, "id": 1495260232012144641, "text": "RT @TinaNgataPublic: Holding Taranaki Whanui in my heart today. If you've been a part of (a proper) hikoi ki Paremata you will have experie\u2026"}, {"author_id": 603093854, "id": 1495259887726522368, "text": "RT @adriearsenault: To all reporters, camera operators, producers from ALL the networks who have been working with such grace; trying to li\u2026"}, {"author_id": 614044114, "id": 1495259798052483073, "text": "RT @adriearsenault: To all reporters, camera operators, producers from ALL the networks who have been working with such grace; trying to li\u2026"}, {"author_id": 1608033470, "id": 1495259518560780297, "text": "RT @adriearsenault: To all reporters, camera operators, producers from ALL the networks who have been working with such grace; trying to li\u2026"}, {"author_id": 255554825, "id": 1495259405230739456, "text": "RT @adriearsenault: To all reporters, camera operators, producers from ALL the networks who have been working with such grace; trying to li\u2026"}, {"author_id": 581039109, "id": 1495258405237313543, "text": "RT @adriearsenault: To all reporters, camera operators, producers from ALL the networks who have been working with such grace; trying to li\u2026"}, {"author_id": 108448773, "id": 1495258368780427264, "text": "RT @adriearsenault: To all reporters, camera operators, producers from ALL the networks who have been working with such grace; trying to li\u2026"}, {"author_id": 28115444, "id": 1495257763928281090, "text": "RT @adriearsenault: To all reporters, camera operators, producers from ALL the networks who have been working with such grace; trying to li\u2026"}, {"author_id": 20010095, "id": 1495257268157403138, "text": "RT @adriearsenault: To all reporters, camera operators, producers from ALL the networks who have been working with such grace; trying to li\u2026"}, {"author_id": 178968699, "id": 1495256431888588801, "text": "7 prayers before worship:\n\n1. Lord, fix my heart upon Christ.\n2. Lord, open my mind to your Word.\n3. Lord, remind me of the gospel.\n4. Lord, empty me of this world.\n5. Lord, bless those who minister.\n6. Lord, help me to encourage others.\n7. Lord, equip me to respond in grace."}, {"author_id": 927431950100393985, "id": 1495255536644009987, "text": "RT @TinaNgataPublic: Holding Taranaki Whanui in my heart today. If you've been a part of (a proper) hikoi ki Paremata you will have experie\u2026"}, {"author_id": 3280336904, "id": 1495255394305773569, "text": "RT @adriearsenault: To all reporters, camera operators, producers from ALL the networks who have been working with such grace; trying to li\u2026"}, {"author_id": 16927010, "id": 1495254974648881159, "text": "RT @adriearsenault: To all reporters, camera operators, producers from ALL the networks who have been working with such grace; trying to li\u2026"}, {"author_id": 130668428, "id": 1495254584217976833, "text": "RT @adriearsenault: To all reporters, camera operators, producers from ALL the networks who have been working with such grace; trying to li\u2026"}, {"author_id": 161783335, "id": 1495253880594210816, "text": "RT @adriearsenault: To all reporters, camera operators, producers from ALL the networks who have been working with such grace; trying to li\u2026"}, {"author_id": 958909009200910336, "id": 1495253650394034178, "text": "RT @adriearsenault: To all reporters, camera operators, producers from ALL the networks who have been working with such grace; trying to li\u2026"}, {"author_id": 910190256284160001, "id": 1495252643861647364, "text": "RT @adriearsenault: To all reporters, camera operators, producers from ALL the networks who have been working with such grace; trying to li\u2026"}, {"author_id": 480586426, "id": 1495252564027322370, "text": "RT @adriearsenault: To all reporters, camera operators, producers from ALL the networks who have been working with such grace; trying to li\u2026"}, {"author_id": 245628513, "id": 1495252551771508738, "text": "RT @adriearsenault: To all reporters, camera operators, producers from ALL the networks who have been working with such grace; trying to li\u2026"}, {"author_id": 395569923, "id": 1495252503620902915, "text": "RT @adriearsenault: To all reporters, camera operators, producers from ALL the networks who have been working with such grace; trying to li\u2026"}, {"author_id": 785448020628430849, "id": 1495252330715000832, "text": "RT @adriearsenault: To all reporters, camera operators, producers from ALL the networks who have been working with such grace; trying to li\u2026"}, {"author_id": 31579196, "id": 1495251544878370818, "text": "RT @adriearsenault: To all reporters, camera operators, producers from ALL the networks who have been working with such grace; trying to li\u2026"}, {"author_id": 4823070971, "id": 1495251373046349826, "text": "RT @Pastor__West: Dear Lord,\n\nToday, may every good and perfect plan You have for my life begin to manifest and be brought to fulfillment.\u2026"}, {"author_id": 42840922, "id": 1495251042509930498, "text": "RT @adriearsenault: To all reporters, camera operators, producers from ALL the networks who have been working with such grace; trying to li\u2026"}, {"author_id": 566944892, "id": 1495250987942039558, "text": "RT @adriearsenault: To all reporters, camera operators, producers from ALL the networks who have been working with such grace; trying to li\u2026"}, {"author_id": 1491662107, "id": 1495250835894419459, "text": "RT @adriearsenault: To all reporters, camera operators, producers from ALL the networks who have been working with such grace; trying to li\u2026"}, {"author_id": 229011907, "id": 1495250828751421440, "text": "RT @adriearsenault: To all reporters, camera operators, producers from ALL the networks who have been working with such grace; trying to li\u2026"}, {"author_id": 957653509129887745, "id": 1495250680495419400, "text": "RT @Pastor__West: Dear Lord,\n\nToday, may every good and perfect plan You have for my life begin to manifest and be brought to fulfillment.\u2026"}, {"author_id": 989821, "id": 1495249762987118592, "text": "RT @adriearsenault: To all reporters, camera operators, producers from ALL the networks who have been working with such grace; trying to li\u2026"}, {"author_id": 1383639214504366085, "id": 1495248554134286337, "text": "RT @adriearsenault: To all reporters, camera operators, producers from ALL the networks who have been working with such grace; trying to li\u2026"}, {"author_id": 191281199, "id": 1495248350425276422, "text": "RT @adriearsenault: To all reporters, camera operators, producers from ALL the networks who have been working with such grace; trying to li\u2026"}, {"author_id": 27568448, "id": 1495248289071079429, "text": "RT @adriearsenault: To all reporters, camera operators, producers from ALL the networks who have been working with such grace; trying to li\u2026"}, {"author_id": 10507282, "id": 1495248162302267393, "text": "RT @adriearsenault: To all reporters, camera operators, producers from ALL the networks who have been working with such grace; trying to li\u2026"}, {"author_id": 14574055, "id": 1495247944500588549, "text": "RT @adriearsenault: To all reporters, camera operators, producers from ALL the networks who have been working with such grace; trying to li\u2026"}, {"author_id": 23814303, "id": 1495247900678496260, "text": "RT @adriearsenault: To all reporters, camera operators, producers from ALL the networks who have been working with such grace; trying to li\u2026"}, {"author_id": 27557627, "id": 1495247543718055941, "text": "RT @Pastor__West: Dear Lord,\n\nToday, may every good and perfect plan You have for my life begin to manifest and be brought to fulfillment.\u2026"}, {"author_id": 25997352, "id": 1495246722355843081, "text": "RT @adriearsenault: To all reporters, camera operators, producers from ALL the networks who have been working with such grace; trying to li\u2026"}, {"author_id": 1163583384, "id": 1495246700767678466, "text": "RT @adriearsenault: To all reporters, camera operators, producers from ALL the networks who have been working with such grace; trying to li\u2026"}, {"author_id": 635073762, "id": 1495246381979631616, "text": "RT @TinaNgataPublic: Holding Taranaki Whanui in my heart today. If you've been a part of (a proper) hikoi ki Paremata you will have experie\u2026"}, {"author_id": 25031052, "id": 1495246166304473092, "text": "RT @adriearsenault: To all reporters, camera operators, producers from ALL the networks who have been working with such grace; trying to li\u2026"}, {"author_id": 163086710, "id": 1495245984535916544, "text": "RT @adriearsenault: To all reporters, camera operators, producers from ALL the networks who have been working with such grace; trying to li\u2026"}, {"author_id": 577537761, "id": 1495245852931100673, "text": "RT @adriearsenault: To all reporters, camera operators, producers from ALL the networks who have been working with such grace; trying to li\u2026"}, {"author_id": 145151171, "id": 1495245814284779524, "text": "RT @adriearsenault: To all reporters, camera operators, producers from ALL the networks who have been working with such grace; trying to li\u2026"}, {"author_id": 31738292, "id": 1495245694457757699, "text": "To all reporters, camera operators, producers from ALL the networks who have been working with such grace; trying to listen, report in the face of the rancour, thank you from someone watching from afar but right there with you in my heart. https://t.co/IrUFJ3YYZB"}, {"author_id": 1446546001796517890, "id": 1495242603452940288, "text": "RT @Pastor__West: Dear Lord,\n\nToday, may every good and perfect plan You have for my life begin to manifest and be brought to fulfillment.\u2026"}, {"author_id": 84827737, "id": 1495240959462100992, "text": "RT @TinaNgataPublic: Holding Taranaki Whanui in my heart today. If you've been a part of (a proper) hikoi ki Paremata you will have experie\u2026"}, {"author_id": 1101865730876817408, "id": 1495238342576902145, "text": "RT @Pastor__West: Dear Lord,\n\nToday, may every good and perfect plan You have for my life begin to manifest and be brought to fulfillment.\u2026"}, {"author_id": 1447523814963757061, "id": 1495232266645438464, "text": "who could imagine so great a mercy?\nwhat heart could fathom such boundless grace?\nthe God of ages stepped down from glory\nto wear my sin and bear my shame.\nthe cross has spoken,  iam forgiven\nthe King of kings calls me His own\nbeautiful Savior, Im Yours forever\nour living hope"}, {"author_id": 4861069574, "id": 1495227940057108481, "text": "RT @stevejhibbett: \u2764\ufe0fGood morning 2 my little world of twitter,its 6:30ish,its pretty breezy&amp; cool &amp; (smells like rain) i really need my ho\u2026"}, {"author_id": 761160814577397760, "id": 1495227750021742593, "text": "RT @TinaNgataPublic: Holding Taranaki Whanui in my heart today. If you've been a part of (a proper) hikoi ki Paremata you will have experie\u2026"}, {"author_id": 177402383, "id": 1495221230366044167, "text": "RT @Pastor__West: Dear Lord,\n\nToday, may every good and perfect plan You have for my life begin to manifest and be brought to fulfillment.\u2026"}, {"author_id": 23565903, "id": 1495213787334733825, "text": "RT @TinaNgataPublic: Holding Taranaki Whanui in my heart today. If you've been a part of (a proper) hikoi ki Paremata you will have experie\u2026"}, {"author_id": 144565817, "id": 1495205805246894082, "text": "RT @louiseteaches: Only in your presence\nCan I lie down\nIn a cool room &amp; listen\nTo the rhythmless sounds\nOf the unanswered mind\nOnly in you\u2026"}, {"author_id": 67290711, "id": 1495204734244106241, "text": "RT @TinaNgataPublic: Holding Taranaki Whanui in my heart today. If you've been a part of (a proper) hikoi ki Paremata you will have experie\u2026"}, {"author_id": 875016718959116291, "id": 1495200193989562373, "text": "Only in your presence\nCan I lie down\nIn a cool room &amp; listen\nTo the rhythmless sounds\nOf the unanswered mind\nOnly in your grace\nCan I rest in the chaos\nOf the human heart\nWhich always finds something\nTo struggle against\nOnly in your peace\nCan I release the chains\nOf my illusions"}, {"author_id": 825134297904513024, "id": 1495198936176418816, "text": "RT @Believer037: He is faithful to lead us to doors of opportunity we didn't even know to ask for\u2764\ufe0f\n\nAbba, You see the depths of my heart a\u2026"}, {"author_id": 94506402, "id": 1495196829713055746, "text": "RT @Pastor__West: Dear Lord,\n\nToday, may every good and perfect plan You have for my life begin to manifest and be brought to fulfillment.\u2026"}]