[{"author_id": 32566327, "id": 1495217232351150084, "text": "@ParchmentScroll I would watch Gumby all the time. I have been trying to find the elusive The Gumby movie. Hard to find."}, {"author_id": 147091051, "id": 1495140040539840512, "text": "Not unlike the announcement of a new Gumby movie coming after the Gumby screencap account got popular, the new Dr. Evil GM commercial feels like an attempt to cash in on the popular Austin Powers memes and threads that went around the last few months"}, {"author_id": 1374829458100793348, "id": 1494829516660879369, "text": "\ud83c\udfacFULL MOVIE !\ud83d\ude97 GUMBY JOINS THE MAFIA ! Pt 1 https://t.co/gJipLQE9RE via @YouTube https://t.co/aLDNSAv8Eb"}, {"author_id": 751238505414656002, "id": 1494515850161836041, "text": "@TMLO The Gumby Movie is, uh, really something"}, {"author_id": 198065544, "id": 1494365664018116610, "text": "Is Gumby a Mandela Effect kinda thing?? Cause I KNOW I watched the movie a bunch of times, but I can\u2019t remember anything about the actual movie"}, {"author_id": 1136380783512342528, "id": 1493979654725586949, "text": "@grizichi He's from a 1995 stop-motion movie 'Gumby'!  The series aired around 1950's \ud83d\ude02 it was a pretty weird movie"}, {"author_id": 263198234, "id": 1493657626453942273, "text": "@FrackoffF The irony is that all the stuff they didn't keep is reconstructing into a new \"Fox\" entity, which, if they had kept Blue Sky, they would've been spared; Fox owns Gumby now, so Blue Sky Studios would've probably been developing a new \"Gumby\" movie."}, {"author_id": 1101591670594908161, "id": 1493427436951941120, "text": "Omg the Gumby movie is on peacock!!!!!"}, {"author_id": 56484607, "id": 1493313978163994626, "text": "RT @MarvelDailyArt: Longshot stumbles on a movie set, and the director is so impressed that he hires Longshot as a stuntman! Also, can you\u2026"}, {"author_id": 1290031125897732097, "id": 1493216485564502018, "text": "Gumby The Movie &amp; The Brave Little Toaster. Disney channel. 1998 https://t.co/ZVtCgC8iD3"}, {"author_id": 1113913833075167234, "id": 1493215552462020610, "text": "WHAT IF... 20th Century Studios will announce that they will be making an all-new GUMBY movie since FOX buys the Gumby franchise? #Gumby"}, {"author_id": 60010830, "id": 1493104319578750978, "text": "I know people were mad at just how unsubtle the movie \"Green Book\" was several years back, but I'd like to point out just how much worse Hollywood could've made it. Like I'm not saying that an adaptation with Gumby in it wouldn't have been as good, but it would've been different! https://t.co/k1noJOS85c"}, {"author_id": 129987319, "id": 1492923556870574083, "text": "@realalanholman And There might be someone in Botswana that thinks like me, that The Gumby Movie is the funniest film ever made, but it doesn\u2019t make that majority opinion &amp; if I held people hostage in their homes and harassed them until they agreed with me I doubt I\u2019d win their hearts &amp; minds."}, {"author_id": 2428356757, "id": 1492900759611924482, "text": "RT @martyrmesweetly: I truly, genuinely, unironically love The Gumby Movie. But I'm not gonna bring it up when discussing top-tier filmmaki\u2026"}, {"author_id": 1316877059021541376, "id": 1492878719177920513, "text": "I truly, genuinely, unironically love The Gumby Movie. But I'm not gonna bring it up when discussing top-tier filmmaking. Can we not do the same with Marvel flix and things alike? Because if I have to hear about Thor: Ragnarok one more time I stg. It's been four years. Shuddup."}, {"author_id": 22400247, "id": 1492855235991244803, "text": "@Nope_Movie The film setting, wavy tube people and the horses make me think this is the dark future where Gumby and Pokey take revenge on the film industry that shunned them decades ago."}]