[{"author_id": 1495281135537901571, "id": 1495281801220165632, "text": "ermined, I loved working on 'Happy Gilmore' because I love . I\nEros is not tranquil - it g\n\u00ef\u00bb\u061f\nhttps://t.co/wrxqsICkWR https://t.co/jJASfsQG49"}, {"author_id": 987992656306372609, "id": 1495276711981768707, "text": "Read a review describing diehard fans of Dark Souls and other \"get gud\" games like Happy Gilmore in the batting cage and I cant think of a more apt description."}, {"author_id": 1495273062883012610, "id": 1495273747791560705, "text": "I'm always happy for people\nhttps://t.co/MYxarV3zAB\nI loved working on 'Happy Gilmore' because I love to\nhttps://t.co/pLol1xpQRx\nhttps://t.co/ziFV6yhiBT"}, {"author_id": 23768950, "id": 1495270715641282563, "text": "@DaniValentinaXo Happy Gilmore"}, {"author_id": 1495268363702247427, "id": 1495269910280241154, "text": "I loved working on 'Happy Gilmore' \ud83d\ude0a\nhttps://t.co/Z7gR27Twdb\nhttps://t.co/JZU7PQwHkP"}, {"author_id": 990203863, "id": 1495269814209855494, "text": "RT @RadioRicoAC: Found the best beer when playing Putt-Putt golf through a small towns businesses (and being one part of a Happy Gilmore gr\u2026"}, {"author_id": 1495265983355027458, "id": 1495266519780978692, "text": "I loved working on 'Happy Gilmore' \ud83d\udc31\nhttps://t.co/SciaGsZXZY\nhttps://t.co/TTW9Gy3ZfM"}, {"author_id": 766420806, "id": 1495266425723932672, "text": "RT @SportsCenter: \"Happy Gilmore\u201d turns 26 today \ud83c\udfa5\n\nWho gives Shooter McGavin a run for his money? https://t.co/n41ehYAXmJ"}, {"author_id": 18177975, "id": 1495266192495419394, "text": "@benjimenrl @AlphaKep @NoContextRL Why is @AlphaKep just Happy Gilmore playing Rocket League?"}, {"author_id": 1495263606648487941, "id": 1495264295902662657, "text": "I loved working on 'Happy Gilmore' becau\nhttps://t.co/WaM49GBAcM\nThe books we love offer a\n\u00ef\u00bb\u00bf KM11-OMG-AY20\nhttps://t.co/OvK8aSAqEi"}, {"author_id": 1495263116896407557, "id": 1495264238109335554, "text": "I loved working on 'Happy Gilmore' because I love to travel to new places a \ud83d\ude03\nhttps://t.co/4FOCPbLpBF\nhttps://t.co/jRZfMv2veE"}, {"author_id": 1495260091938852865, "id": 1495261216750845955, "text": "You will have many enemies,\nhttps://t.co/I2wIyYX9Sy\nI loved working on 'Happy Gilmore' because I love to\nhttps://t.co/GCJTohYg4u\nhttps://t.co/hlGpOfWAHL"}, {"author_id": 2280241999, "id": 1495260788197519362, "text": "@TinyTino842 dawg they weren\u2019t worth my time \ud83d\ude02\ud83d\ude02 told em i studied Happy Gilmore\u2019s technique before showing up \ud83d\udc80"}, {"author_id": 923485565156233216, "id": 1495255263556866048, "text": "RT @RadioRicoAC: Found the best beer when playing Putt-Putt golf through a small towns businesses (and being one part of a Happy Gilmore gr\u2026"}, {"author_id": 1495252438596878336, "id": 1495253679020347392, "text": "I loved working on 'Happy Gilmore' because I love to travel to new places a \ud83d\ude03\nhttps://t.co/DUSe5FKoC5\nhttps://t.co/coUGufPqYv"}, {"author_id": 48731199, "id": 1495250615571787779, "text": "RT @RadioRicoAC: Found the best beer when playing Putt-Putt golf through a small towns businesses (and being one part of a Happy Gilmore gr\u2026"}, {"author_id": 4824922364, "id": 1495249151293939715, "text": "@JomboyMedia Try and watch this without hearing Happy Gilmore sound effects in your head."}, {"author_id": 57240451, "id": 1495248816659996673, "text": "Found the best beer when playing Putt-Putt golf through a small towns businesses (and being one part of a Happy Gilmore group) https://t.co/cBAAS7pFtM"}, {"author_id": 1495244279362424832, "id": 1495245485321306117, "text": "I wasn't a happy kid. I fel\nhttps://t.co/tvVlOpC0YF\nI loved working on 'Happy Gilmore' because I love to\nhttps://t.co/n3M1GFzOzj\nhttps://t.co/mF4LcTWiXb"}, {"author_id": 1495241454431932419, "id": 1495242709296369666, "text": "I loved working on 'Happy Gilmore' \ud83d\udc31\nhttps://t.co/Zx9OvJdPTV https://t.co/ZL14aFZtMp"}, {"author_id": 1495239398371524608, "id": 1495240223412080642, "text": "You will have many e \u263a\ufe0f\nI loved working on 'Happy Gilmore' bec \ud83d\ude09\nhttps://t.co/vMoZRwWsS0\nhttps://t.co/nPOW6OCOqk"}, {"author_id": 107543724, "id": 1495235240171876356, "text": "@sommbub happy gilmore ass check"}, {"author_id": 48655327, "id": 1495235024395907075, "text": "@BookSyrup The only good things that have to do with golf are Caddyshack and Happy Gilmore."}, {"author_id": 764831951337455616, "id": 1495233254496026627, "text": "RT @dioncini: Brandon has done to NASCAR, what Happy Gilmore did for golf. Get the LGB Bundle for only $39 shipped!\nhttps://t.co/y3L6QT4bV6\u2026"}, {"author_id": 95691693, "id": 1495232473575350275, "text": "@kcrehabguy I give a Happy Gilmore/ Tommy Boy/ Billy Madison etc reference at least once a week my high school students don\u2019t get. Those quotes are my immediate reaction. Can\u2019t help it."}, {"author_id": 362247179, "id": 1495223360854405128, "text": "Robby learned to shoot *happy Gilmore voice* #stlblues"}, {"author_id": 1495220900198850564, "id": 1495221677784973319, "text": "I want to be safe in \u263a\ufe0f\nI loved working on 'Happy Gilmore' bec \ud83d\ude09\nhttps://t.co/zhBRtxdGuL\u2026\nhttps://t.co/mMlYalRgVO"}, {"author_id": 1495218797707673606, "id": 1495220001032511489, "text": "ermined, I loved working on 'Happy Gilmore' because I love . I\nI love to look into your ey\n\u00ef\u00bb\u061f\nhttps://t.co/9bhIkUzogq https://t.co/Mam8vx1hdf"}, {"author_id": 1495209067173736448, "id": 1495209815454674944, "text": "30/03/62 06:72:52 \u0645e\nI loved working on 'Happy Gilmore' because I love to travel to new p\n\nhttps://t.co/GdPi4gQsWf\nhttps://t.co/jnyIARhvgt"}, {"author_id": 3016398130, "id": 1495208468495540228, "text": "I\u2019m gonna become the happy Gilmore of bowling"}, {"author_id": 215750956, "id": 1495204461324775431, "text": "@ReaganHuggins12 \u201cBetter luck next year!\u201d Happy Gilmore edition \ud83d\ude02\ud83d\ude02"}, {"author_id": 148813790, "id": 1495198113203568642, "text": "Happy Gilmore, \u00abpana\u00bb style \ud83c\uddfb\ud83c\uddea https://t.co/Cc8nws0Qok"}, {"author_id": 423649789, "id": 1495194063225737218, "text": "@just_Jimz Unless you\u2019re Happy Gilmore"}, {"author_id": 18733222, "id": 1495189192795557889, "text": "Happy Birthday to one of my favorite American actress and model Arielle Kebbel (37). She has appeared in various television series, including Gilmore Girls, The Vampire Diaries, Life Unexpected, 90210, Ballers, Midnight Texas, and Lincoln Rhyme: Hunt for the Bone Collector. https://t.co/3tWQpHZi9E"}, {"author_id": 1495186540779257858, "id": 1495186947907674112, "text": "\u261d\ud83c\udffb\ud83e\udd29\ud83d\udc4dKM11\ud83d\udc4dP10\ud83e\udd29\u261d\ud83c\udffb\n\nhttps://t.co/Dq44yKSj0y\n\nI loved working on 'Happy Gilmore' because I love. This is\nEros is not tranquil - it giv, I think the biggest disease\nhttps://t.co/48WmzNPK7P\nhttps://t.co/jdFj8JscY4"}, {"author_id": 15332497, "id": 1495186429370146818, "text": "Brandon has done to NASCAR, what Happy Gilmore did for golf. Get the LGB Bundle for only $39 shipped!\nhttps://t.co/y3L6QT4bV6\n\ud83d\udc49 (1) LGB 3'x5' Flag\n\ud83d\udc49\ud83c\udfff (1) LGBT-Shirt\n\ud83d\udc49 (2) LGB Bumper Stickers\n\ud83d\udc49\ud83c\udfff (10) LGB Permanent Stickers\nhttps://t.co/y3L6QT4bV6 https://t.co/P8uvyuTlss"}, {"author_id": 312404151, "id": 1495184375062925329, "text": "@j_shuskey1 @harryhiggs1991 @PGATOUR The didn't like it when Happy Gilmore did it either."}, {"author_id": 1206295485167919105, "id": 1495181949102608386, "text": "RT @tBudz: Big Bird, Happy Gilmore, Captain Barbossa, Air Bud, and Tony the Tiger\n\nVs\n\nThe Michelin Man, Quagmire, David Baker, DJ Khaled,\u2026"}, {"author_id": 1487569453713874946, "id": 1495177970209759236, "text": "RT @KKPatriot1776: My Happy Gilmore \u201cHappy place\u201d moment\u2026don\u2019t judge lol. https://t.co/eohQjwYtJD"}, {"author_id": 1495175410379894787, "id": 1495177117683929088, "text": "80/05/35 73:85:80 \u0645e\nI loved working on 'Happy Gilmore' because I love to travel to new p\n\nhttps://t.co/1yQUwWy8W2\nhttps://t.co/2Av0ngO2tr"}, {"author_id": 498834946, "id": 1495172911438643204, "text": "@m_corob @BurghFan99 My \u201ccomment\u201d should not be seen as a criticism. It just reminded me of Happy Gilmore"}, {"author_id": 1495172269429063685, "id": 1495172617371676674, "text": "60/01/28 08:27:80 \u0645e\nI loved working on 'Happy Gilmore' because I love to travel to new p\n\nhttps://t.co/8aaBQLdTYx https://t.co/FdSQOqIZfH"}, {"author_id": 2313314246, "id": 1495172324789657602, "text": "@ChristinaC40 I\u2019d have to agree with @CadillacCracker ,\n\nHappy Gilmore gets me laughing my ass off ever time I watch it. Adam Sandler is a genius! The fight with Bob Barker is the best!"}, {"author_id": 1421323842761502722, "id": 1495171869623734273, "text": "RT @Garybaldi_77: #NowWatching Happy Gilmore (1996)\n\n\"I eat pieces of shit like you for breakfast!\"\n        \"You eat pieces of shit for bre\u2026"}, {"author_id": 1066482580264968192, "id": 1495167613919371268, "text": "@GolfDigest Happy Gilmore"}, {"author_id": 1432527408679116801, "id": 1495164724110970883, "text": "RT @Kunyeti_: @_matthewtyler @DadBandETH @CameronHarki @HODL_Rooster @jmo92869 @Cryptoink1 @iLLGiLzNFTz @GoldDadPinkPolo @budweiserusa @MrT\u2026"}, {"author_id": 726716569573842945, "id": 1495162088750305285, "text": "Happy Gilmore klaxon  #NotVinylRevival https://t.co/xLMvr4iHLy"}, {"author_id": 1461118000338124802, "id": 1495160940857286658, "text": "@BowTiedCyber @BowtiedFren Never played gold but I'll happy Gilmore that shit no problem"}, {"author_id": 1485439106578456577, "id": 1495160071935840256, "text": "RT @Garybaldi_77: #NowWatching Happy Gilmore (1996)\n\n\"I eat pieces of shit like you for breakfast!\"\n        \"You eat pieces of shit for bre\u2026"}, {"author_id": 1495157728913805324, "id": 1495158335146012676, "text": "I loved working on 'Happy Gilmore' becau\nhttps://t.co/3xYnZjFVnR\nHope is a happy spirit.\n\u00ef\u00bb\u00bf KM11-OMG-AY20 https://t.co/kbH8iSzu5d"}, {"author_id": 232562338, "id": 1495157489842929665, "text": "@_matthewtyler @DadBandETH @CameronHarki @HODL_Rooster @jmo92869 @Cryptoink1 @iLLGiLzNFTz @GoldDadPinkPolo @budweiserusa @MrTravisTho @UncleBurnerNFT @StephenMill3r @IamEdwinTorres @BillyIdol @Spadams15 @SRJR29 One of mine too. \nOne of Adam Sandler's best movies, along with Billy Madison and Happy Gilmore."}, {"author_id": 1425276484722335744, "id": 1495156430411743233, "text": "@disclosetv I'm the mista mista lady in happy Gilmore. \" get me outta here! \""}, {"author_id": 1495146678336344065, "id": 1495147337747943425, "text": "ermined, I loved working on 'Happy Gilmore' because I love . I\nI'm happy to sacrifice a bi\n\u00ef\u00bb\u061f\nhttps://t.co/1gfUlSkW65 https://t.co/Tyvr3mD6vb"}, {"author_id": 1495145918831955970, "id": 1495146875955331072, "text": "I loved working on 'Happy Gilmore' becau\nhttps://t.co/q2pDArzzKd\nI have hope, therefore, I\nhttps://t.co/jCPcBXOvzj"}, {"author_id": 974290843686367232, "id": 1495143068663697411, "text": "@on_reserve happy birthday, new yorkian lorelai gilmore \ud83e\udd73"}, {"author_id": 770391, "id": 1495143044747874304, "text": "Baseball players looking to a new pro sport with the continued MLB Lockout. If this happens it may get me watching golf with players taking swings akin to Happy Gilmore. https://t.co/Ahnn6sDP3K"}, {"author_id": 213013517, "id": 1495142474972639242, "text": "Am I watching the Golf coverage or Happy Gilmore?"}, {"author_id": 3057968236, "id": 1495141827598557185, "text": "coffee makes me happy like a Gilmore"}, {"author_id": 1495141370742386692, "id": 1495141824364744704, "text": "I loved working on 'Happy Gilmore' because I love to trave\nhttps://t.co/JsLpCoHBqs\u2026\n\u00ef\u00bb\u00bf\nhttps://t.co/ErE9HpLLtK"}, {"author_id": 3234369283, "id": 1495141321320845317, "text": "@AmberPatton007 @AdamSandler I watch Happy Gilmore and Airheads repeatedly"}, {"author_id": 1365137359050862594, "id": 1495141150776299520, "text": "@ahogcards \u201cFifty bucks I can hit it over the highway. Any takers?\u201d -Happy Gilmore -Mike Trout"}, {"author_id": 1308195437518770179, "id": 1495140384682520580, "text": "Happy Gilmore = PGA"}, {"author_id": 344854977, "id": 1495139232163057665, "text": "Childish humor but I laugh each and every time.  Happy Gilmore vs Bob Barker Round 2 https://t.co/Wj18dr7TwI via @YouTube"}, {"author_id": 1495135886681460747, "id": 1495136279670972417, "text": "I loved working on 'Happy Gilmore' becau\nhttps://t.co/IVCVNQ40mr\nYou are not here merely t\n\u00ef\u00bb\u00bf KM11-OMG-AY20 https://t.co/V4Fdalr3ZM"}, {"author_id": 918329059515408384, "id": 1495135125545230339, "text": "\"What??? No, an alligator didn't bite my hand off...he used a lightsaber.\"\n\nHAPPY GILMORE \nFebruary 16, 1996\n_\n#happygilmore #adamsandler #carlweathers\n#chubbspeterson #chubbs #starwarssaga #starwars #disney #geek #themandalorian #lightsabers #funko #funkos #funkotoy #funkotoys https://t.co/Br6zGO8S9S"}, {"author_id": 1425457987297153028, "id": 1495133810110963719, "text": "#NowWatching Happy Gilmore (1996)\n\n\"I eat pieces of shit like you for breakfast!\"\n        \"You eat pieces of shit for breakfast?\"\n                   ...No! https://t.co/miBt1K7kFG"}, {"author_id": 1471420067892142083, "id": 1495133511673593859, "text": "RT @TommySledge: ON THIS DAY in 1996 \u2014 \u2018Happy Gilmore\u2019 opened in theaters\n\nFACT: During the iconic fight scene, Bob Barker did most of his\u2026"}, {"author_id": 1495132289205944322, "id": 1495133273248477186, "text": "70/02/33 54:53:87 \u0645e\nI loved working on 'Happy Gilmore' because I love to travel to new p\n\nhttps://t.co/7l7XZKJUP6\nhttps://t.co/elKqstDFlk"}, {"author_id": 1495128696344432640, "id": 1495129614108459010, "text": "\ud83d\udc48\ud83c\udf0eAY20\ud83c\udf0e\ud83d\udc49\n\nWorst feeling :I loved working on 'Happy Gilmore' because I love to travel to new places and we got to go to Britis\n\nhttps://t.co/YJliu1llLp\nhttps://t.co/vjrad3t32X\nhttps://t.co/Eqw0R46z8C"}, {"author_id": 1495126453909958666, "id": 1495126816113180680, "text": "I loved working on 'Happy Gilmore' because I love to trave\nhttps://t.co/KYoh2cbVkE\u2026\n\u00ef\u00bb\u00bf\nhttps://t.co/0JgiQGVMrn"}, {"author_id": 159161670, "id": 1495125191550291981, "text": "Big Bird, Happy Gilmore, Captain Barbossa, Air Bud, and Tony the Tiger\n\nVs\n\nThe Michelin Man, Quagmire, David Baker, DJ Khaled, and Hasbula https://t.co/0BDTZNDGs8"}, {"author_id": 2436163958, "id": 1495124373342142464, "text": "RT @SportsCenter: \"Happy Gilmore\u201d turns 26 today \ud83c\udfa5\n\nWho gives Shooter McGavin a run for his money? https://t.co/n41ehYAXmJ"}, {"author_id": 1495123014203199489, "id": 1495123873599213575, "text": "80/01/54 34:28:75 \u0645e\nI loved working on 'Happy Gilmore' because I love to travel to new p\n\nhttps://t.co/0L0P9KApHh https://t.co/JjqKergbbu"}, {"author_id": 1274245408739467269, "id": 1495121249760333824, "text": "@Danjacklufc Happy Gilmore is a great film"}, {"author_id": 883812339174211584, "id": 1495121113684353030, "text": "@leeds_lord Literally for happy Gilmore he wins only disappointing thing about that film is Ben stiller doesn't get his comeuppance"}, {"author_id": 974856287841288192, "id": 1495120031675568138, "text": "RT @ladbible: ON THIS DAY \ud83d\uddd3:\n\n26 years ago today, Shooter McGavin blew a four-stroke lead on the back nine to hand Happy Gilmore the Tour C\u2026"}, {"author_id": 1274245408739467269, "id": 1495119952524754951, "text": "@Niallwright5 Haha I said the same. Happy Gilmore is a great film."}, {"author_id": 958433911742320640, "id": 1495119847981735939, "text": "@leeds_lord Nothing beats happy Gilmore\u2026.. but hard to say overall I\u2019d back sandler, he\u2019s done some right toss"}, {"author_id": 1274245408739467269, "id": 1495119791044108288, "text": "My opinion: Ben Stiller is the better actor. But Sandler has been in the better films I.e Happy Gilmore. \n\nThen again.. Stiller in Dodgeball is a classic."}, {"author_id": 340146464, "id": 1495118284793995264, "text": "@GolfCentral No one needs a real life Happy Gilmore movie every week.\nBut when it comes regular, non-major tournaments player personality &amp; engagement with the crowd should be encouraged.\nHell the tour pays players with social media activity but discourage interaction Th-Su with same fans"}, {"author_id": 1495114013570928642, "id": 1495115376207994881, "text": "\u261d\ud83c\udffb\ud83e\udd29\ud83d\udc4dKM11\ud83d\udc4dP10\ud83e\udd29\u261d\ud83c\udffb\n\nhttps://t.co/jzpiRawhZ8\n\nI loved working on 'Happy Gilmore' because I love. This is\nSuccess is not the key to hap, I am so happy to be seeing \nhttps://t.co/33fXdUicqs\nhttps://t.co/VXV6q7DkRD"}, {"author_id": 418692203, "id": 1495113316020088832, "text": "@GolfCentral PGA tour also considering banning Happy Gilmore proactively before he shows up"}, {"author_id": 1063105875177586689, "id": 1495113274588811264, "text": "@Theresaroets911 Spaceballs, Happy Gilmore, and The Great Outdoors (John Candy &amp; Dan Aykroyd are great in this!)"}, {"author_id": 1249074181658075138, "id": 1495113142526955521, "text": "@janaiantonellaa Billy Madison and happy Gilmore are top tier"}, {"author_id": 1495111767894208516, "id": 1495113062956863496, "text": "80/08/32 55:65:36 \u0645e\nI loved working on 'Happy Gilmore' because I love to travel to new p\n\nhttps://t.co/bQzfXkWB03\nhttps://t.co/HIgoYcL3AM"}, {"author_id": 1495109871196418049, "id": 1495110661382324229, "text": "ermined, I loved working on 'Happy Gilmore' because I love . I\nThe thing is, when I had my\n\u00ef\u00bb\u061f\nhttps://t.co/6E28StSMpH https://t.co/7Bu61M2P6A"}, {"author_id": 1477267017921142787, "id": 1495110551302717445, "text": "i hate it when i\u2019m watching gilmore girls and it\u2019s sad like you can\u2019t be sad you\u2019re my comfort happy place we both can\u2019t be sad because then i will have to sob my heart out because i\u2019m too attached to the show and it\u2019s characters and i will absolutely cry over their sadness"}, {"author_id": 576796607, "id": 1495109290486599688, "text": "Minkah Fitzpatrick and Flores first day of practice is gonna be a reenactment of Bob Barker and Happy Gilmore in the Pro AM https://t.co/LlirANWG0y"}, {"author_id": 1495107008407687171, "id": 1495108115028717574, "text": "ermined, I loved working on 'Happy Gilmore' because I love . I\nI'm happy with who I am ins\n\u00ef\u00bb\u061f\nhttps://t.co/muF1ZtU7Jw https://t.co/y8rXjEaPIN"}, {"author_id": 60385600, "id": 1495107144236032004, "text": "@ThatEricAlper Happy Gilmore"}, {"author_id": 1495105147797651461, "id": 1495105488794566669, "text": "\u261d\ud83c\udffb\ud83e\udd29\ud83d\udc4dKM11\ud83d\udc4dAY30\ud83e\udd29\u261d\ud83c\udffb\n\nhttps://t.co/HSWQgHmt63\n\nI loved working on 'Happy Gilmore' because I love. This is\nThe purpose of our lives is t, An illusion which makes me https://t.co/o6xpm8yFuj"}, {"author_id": 1495100070034690049, "id": 1495100544410521600, "text": "I loved working on 'Happy Gilmore' becau\nhttps://t.co/auUB1yuuD1\n'Everything To Me' is abo\n\u00ef\u00bb\u00bf KM11-OMG-AY20 https://t.co/GL90G4qvMI"}, {"author_id": 1495100069611245580, "id": 1495100533513850883, "text": "I loved working on 'Happy Gilmore' because I love to travel to ne  \n\n\u25e5 \u30c4 \u0643\u0624\u062f I\u062e\u064f\u0635\u0645I \u30c4 \u25e4 I\u0646\u0648\u0646I\"\nI\u0633\u064a\u0641\u064aII\u0646\u0645\u0634\u064aI\n\nI loved working on 'Happy NBF150\nthan https://t.co/4TreiVfYxe"}, {"author_id": 132395804, "id": 1495100288662921222, "text": "@rjochoa @Tony_Catalina I\u2019ll toss in Happy Gilmore."}, {"author_id": 1138485219634192384, "id": 1495100131137392641, "text": "@KennyKing_Jr Happy Gilmore. Lol \nLooks like the Concord Range, been there a couple of times."}, {"author_id": 1042502222133817346, "id": 1495093532981440528, "text": "@ChristinaC40 Happy Gilmore"}]