[{"author_id": 1478521610, "id": 1495286409842032646, "text": "@cioderella happy weekend too winciy gemes betul"}, {"author_id": 6620522, "id": 1495286405509128192, "text": "RT @ruairicoleman: Happy Saturday everyone!\n\nMake like Logan and Jubilee, and take it easy this weekend.\n\nColours by @ArtOfTimBrown https:/\u2026"}, {"author_id": 1411909591818915840, "id": 1495286385355665409, "text": "RT @philnbuzd: Good morning mis amigos!\nRoses are red and these pants are too!\nHappy Weekend to you!\n#shearbodywear #n2n #coffee\n@coffeeg56\u2026"}, {"author_id": 906877937898721280, "id": 1495286324902903808, "text": "RT @ifntnews: [PocketDols] 220220\nSungjong PocketDols \n\nJjong morning\u263a\ufe0f\nHappy Sunday\ud83d\ude1d\nHave a great day, the last day of the weekend.\nFinall\u2026"}, {"author_id": 1495073703285379075, "id": 1495286315193352195, "text": "RT @shewearprada: Happy weekend. make time for things you love \ud83c\udfa8\u2601\ufe0f\ud83e\udeb4\ud83e\uded0 https://t.co/rdQfeJFyTm"}, {"author_id": 1360877319850651650, "id": 1495286310575112195, "text": "RT @wxyzybxz: 220219 11:52 YIBO-OFFICIAL x Wang Yibo\n\n\u201cHappy weekend\u201d\n\n https://t.co/lYwFJR8D3b"}, {"author_id": 1407941013847617536, "id": 1495286304195686402, "text": "RT @swampcatzNFT: gm fam! Happy weekend from a moggy! \ud83d\udc31\ud83e\udde1 https://t.co/lhcqXDLFR3"}, {"author_id": 1290095748, "id": 1495286297170444291, "text": "RT @AngelsPremium1: Join Us ! Member dan Booking \n\nNew and Fresh ... Happy Weekend \ud83d\ude0a\n\n#OpenBo #PremiumAngels #BisyarPremium https://t.co/dx\u2026"}, {"author_id": 1104501553233358848, "id": 1495286289930850306, "text": "RT @ShadeBarrow2: Happy weekend \ud83c\udf42\ud83c\udf41\u2744\ud83d\ude0e https://t.co/vu9sAE65ZS"}, {"author_id": 991984791133208576, "id": 1495286278085959681, "text": "RT @welhcome: @qteasing happy weekend cantik, i hope today is good day for you \ud83e\udd70 don't forget breakfast, lunch and dinner, be happy \u270a https\u2026"}, {"author_id": 937440395151130624, "id": 1495286260797038593, "text": "RT @dailyjeIly: happy seokjin saturday!! have a great weekend :D https://t.co/ovYhcFupN1"}, {"author_id": 1334813578772135937, "id": 1495286258960338948, "text": "RT @gombos_nikolett: Happy Weekend to everyone \ud83d\udc9b\ud83d\udc9a\ud83d\udc99 https://t.co/Y4BqSaGh3i"}, {"author_id": 135388344, "id": 1495286224960901122, "text": "RT @shewearprada: Happy weekend. make time for things you love \ud83c\udfa8\u2601\ufe0f\ud83e\udeb4\ud83e\uded0 https://t.co/rdQfeJFyTm"}, {"author_id": 1727264929, "id": 1495286131789004801, "text": "RT @Rahmatan2019: Riri:\ud83c\udf38 Happy weekend for those \ud83c\udf38who spend time with friends &amp;\ud83c\udf38  family, along with enjoy music,\ud83c\udf38 sports, social interacti\u2026"}, {"author_id": 938723692674031616, "id": 1495286117133950976, "text": "#Repost with @fastsave_photo_video\ncredit: @pahularyan\n Happy Weekend \ud83d\ude0a \nColoring \nBrain \ud83e\udde0 Boosting\nSo many activities in one book \ud83d\udcd6 \n\n#happy #weekend \n#color #coloring \n#colour #colouring \n#brain #boost \n@wonderhousebooks https://t.co/QibllRYOyR"}, {"author_id": 1040866838870020096, "id": 1495286083088617472, "text": "RT @tineeee_18: Pampagood vibes. Happy Weekend. \n\n#AldenRichards\n#AldenForLazada\nLazada33xALDEN MarchSale https://t.co/0OVYEwdlYQ"}, {"author_id": 1275627391071612928, "id": 1495286076042141697, "text": "RT @dailyjeIly: happy seokjin saturday!! have a great weekend :D https://t.co/ovYhcFupN1"}, {"author_id": 1315185486227357696, "id": 1495286061055889410, "text": "@najrenn Have a nice day dra, happy weekend"}, {"author_id": 1480191412562178052, "id": 1495286047626133504, "text": "RT @LindaLOliv: \u2764\ud83c\udf39\u2618\u2764\ud83c\udf39\u2618\n\nHappy Weekend Dear Friends\n\n                         \u2764\ud83c\udf39\u2618\u2764\ud83c\udf39\u2618 https://t.co/vmgKUBHrJw"}, {"author_id": 58069798, "id": 1495286029980475394, "text": "RT @manuelaellela: Happy Saturday \u2728\nEnjoy your weekend everyone \ud83d\udcab\n\nCan\u2019t help but post more\nTifa Lockhart \ud83d\ude0c https://t.co/axSVNaacnK"}, {"author_id": 1168872844916338689, "id": 1495285955837767683, "text": "RT @k_pawlowska: #GoodMorningTwitterWorld &amp; wishing You a happy #Saturday \ud83d\ude0a\nEnjoy the #weekend \ud83e\udd29\n\nFinally its better weather so #SongOfTheD\u2026"}, {"author_id": 1078886866043236352, "id": 1495285936116367360, "text": "RT @shewearprada: Happy weekend. make time for things you love \ud83c\udfa8\u2601\ufe0f\ud83e\udeb4\ud83e\uded0 https://t.co/rdQfeJFyTm"}, {"author_id": 333975406, "id": 1495285914012368896, "text": "RT @Lorena77618091: Happy weekend\ud83d\udc9a\n#nature #beauty https://t.co/HDRANXoVMW"}, {"author_id": 610381592, "id": 1495285912351424515, "text": "RT @xbayie: @qsullyoon morning dek sullyoon cantik \ud83e\udd70 how's your sleep? did you sleep well? don't forget to have a breakfast and happy weeke\u2026"}, {"author_id": 1380666754586738692, "id": 1495285906973937664, "text": "@nanakuon Happy Sunday happy weekend, nnyie!! \ud83c\udf1e"}, {"author_id": 610381592, "id": 1495285891996467200, "text": "RT @nozble: @qsullyoon Happy sunday! I hope you'll enjoy the weekend and have fun. If you may, eat some sweets along the day, it'll cheer y\u2026"}, {"author_id": 1432610148753702912, "id": 1495285875244032001, "text": "@simjaeyoonxx_ Happy weekend ka kar"}, {"author_id": 1192594452163940352, "id": 1495285873100800000, "text": "RT @pinkyfaye: HAPPY WEEKEND ALL\n#ALDUBatADNEmbraceLove \ud83c\udf39\ud83d\udc69\u200d\u2764\ufe0f\u200d\ud83d\udc68\ud83d\udc9a\n@Salvesayson @wengcookie @NoraNoraCampos @noemicaseres53 @mariachonatabe1\u2026"}, {"author_id": 1096541968719638528, "id": 1495285872626999300, "text": "RT @ManuelH84670868: have a happy weekend \u2600\ufe0f\n@hentaiser @MisterHentai77 @AppDoujins @Stoopendus3 @jtmagill @PornoAnime @AnimeHentaiFans @Ca\u2026"}, {"author_id": 1474307901208817668, "id": 1495285848924823552, "text": "RT @VCChinese: Enjoy life with #GHC , Happy weekend."}, {"author_id": 2457336439, "id": 1495285815701872641, "text": "RT @dailyjeIly: happy seokjin saturday!! have a great weekend :D https://t.co/ovYhcFupN1"}, {"author_id": 250462251, "id": 1495285810022780930, "text": "RT @Leonore0509: \"Never bend your head. Always hold it high. Look the world straight in the eye.\n\n- Helen Keller  \n\nHave a happy Day and a\u2026"}, {"author_id": 3096587964, "id": 1495285804863660032, "text": "@duuurhminic Happy weekend bestie \u2764\ufe0f\ud83c\udf39\u2764\ufe0f\ud83c\udf39 https://t.co/c99WQdoNfu"}, {"author_id": 1458624224558403586, "id": 1495285800694849543, "text": "RT @jacob_mili: \"I love you\"\nKissie\n\"Tu bhi de\"\nUniverse can you give these two munchkins back to me.Good morning nd happy weekend fam.\nEvi\u2026"}, {"author_id": 1386678351901782017, "id": 1495285799998279683, "text": "RT @xxDanni2427xx: Happy Saturday! You should cum hang out with me this weekend on my Onlyfans page \ud83d\ude1c HUGE sale!               https://t.co\u2026"}, {"author_id": 549692610, "id": 1495285783334432768, "text": "RT @TereRC77: Happy weekend to all https://t.co/crpxemQEk9"}, {"author_id": 1377605587517628419, "id": 1495285782709374976, "text": "RT @onlyoneroadM: Happy Sunday! Wishing you all a\nwonderful and a happy weekend.\nTake care and stay safe.(\ud83c\udf3c\u275b \u058a \u275b\u201e)\n#naturelovers #NaturePho\u2026"}, {"author_id": 1348851713554460673, "id": 1495285766133624832, "text": "RT @dailyjeIly: happy seokjin saturday!! have a great weekend :D https://t.co/ovYhcFupN1"}, {"author_id": 1313115642157907973, "id": 1495285753328574464, "text": "RT @iracaves: Kepagian bersama cheesebar\n\nHappy Weekend everyone \u2728 https://t.co/ZNVlkPI7XT"}, {"author_id": 1118446823700451328, "id": 1495285745950420996, "text": "@BTS_twt_JOONIE happy weekend too, have a nice day. I beg you to take care of your health, sorry if my language is wrong because I use translate. \ud83d\ude05\ud83d\ude01 Greetings from Indonesia \ud83c\uddee\ud83c\udde9\u2728"}, {"author_id": 295693924, "id": 1495285735963774980, "text": "The goodness of gratitude: How thankfulness along with #yoga can help keep you happy and stress-free\n\n--by @yoganama (Namita Piparaiya)\n\n#FPJWeekendJournal #SundayRead #weekend #Sunday #lifestyle #SundayMotivation \n\nhttps://t.co/08XRCOMFtz"}, {"author_id": 1386932781859565569, "id": 1495285734122524676, "text": "RT @bunnykie: D-2\n\nHi guys happy weekend\ud83e\udd17hope everyone have a great weekend,i still try my best to win this competition,hope u guys cam lik\u2026"}, {"author_id": 1340600193851551744, "id": 1495285728078610434, "text": "RT @Erin36520358: Happy Weekend!\ud83d\udc99\ud83c\udf0a\ud83c\udf1e https://t.co/0xD9Hc9FiT"}, {"author_id": 1354419541661478920, "id": 1495285711137693696, "text": "RT @cibbih: @keqciI \u2800\n\nIt's already weekend! You know what i mean? Yap, you must take your time to get a great day today. Even if it just l\u2026"}, {"author_id": 1254750956266414080, "id": 1495285696160047105, "text": "RT @OFfreshjosh: Happy Weekend! Last chance to get 50%OFF my page boys. 100\u2019s of videos waiting for you \ud83d\ude08 https://t.co/Ybez4cKNZf \ud83c\udf46\ud83c\udf51\ud83d\udca6 https\u2026"}, {"author_id": 1474197737755508740, "id": 1495285695086166017, "text": "RT @VCChinese: Enjoy life with #GHC , Happy weekend."}, {"author_id": 1105497336250355713, "id": 1495285687834365952, "text": "RT @SaMQhKQR3TwQ6Sr: Good morning friends, the weather in Thailand in the morning is fresh and bright. May you have a happy weekend. God bl\u2026"}, {"author_id": 1354419541661478920, "id": 1495285665319116808, "text": "RT @welhcome: @keqciI happy weekend cantik, i hope today is good day for you \ud83e\udd70 don't forget breakfast, lunch and dinner, be happy \u270a https:/\u2026"}, {"author_id": 1085101236, "id": 1495285664577126400, "text": "RT @anggajooo: @idnft_ Gm! Happy weekend ya\ud83c\udf1e\ud83c\udccf\u2728"}, {"author_id": 1308607751291940864, "id": 1495285638345924610, "text": "RT @vkookfess: Vkf\nHappy weekend guys dari hiu jun9kook \u263a\ufe0f\u263a\ufe0f\u263a\ufe0f  https://t.co/psVM1Xhaul"}, {"author_id": 1366347932203511809, "id": 1495285633522159618, "text": "@aesyaaaaa happy weekend cute elegant girl \ud83e\udd70"}, {"author_id": 1184885002418491393, "id": 1495285609031774208, "text": "RT @kawa_4510: Happy weekend\ud83c\udf89\ud83c\udf89\ud83c\udf89\ud83d\ude80 https://t.co/jeOZu3hyPQ"}, {"author_id": 1085101236, "id": 1495285602736295936, "text": "RT @Debycloud101: @idnft_ Gm min, happy weekend \ud83d\ude4f\ud83c\udffb\ud83e\udd73\u2764\ufe0f"}, {"author_id": 1494046978740736000, "id": 1495285601846931462, "text": "Happy weekend to everyone... https://t.co/L7m0o7Vfst"}, {"author_id": 1379976513957752833, "id": 1495285592996790273, "text": "RT @Marissa93437424: \ud83d\udc9eHappy weekend\ud83d\udc9e\ud83d\ude18\ud83d\udc97 https://t.co/plXsZ9NvSI"}, {"author_id": 1109097037675413504, "id": 1495285590023016449, "text": "Happy Weekend \ud83d\udc9c https://t.co/syLcW9iCQQ"}, {"author_id": 2358147277, "id": 1495285580103827456, "text": "@jeiveus KAK DINNN HAPPY WEEKEND YAA!! HAVE A GREAT DAYY TOO\ud83e\udd7a\ud83e\udd7a\ud83e\udd0d"}, {"author_id": 1085101236, "id": 1495285556225650688, "text": "RT @geraltrizmy: @idnft_ hi, fams! happy weekend\ud83c\udf3c\n\nhttps://t.co/f2tsO3sQ9l"}, {"author_id": 1266814981267488777, "id": 1495285535488843777, "text": "RT @star_zippy: Happy weekend great people of @Hits96Radio station, hope y'all are having blessed weekend? Trust me it will be more sauce t\u2026"}, {"author_id": 1342719923424907265, "id": 1495285508162965506, "text": "RT @otakoyakisoba: Happy Weekend! https://t.co/Sd2mPkZrGr"}, {"author_id": 1130518988, "id": 1495285507890290688, "text": "@ChelseaFC U guys made my weekend a happy one\ud83d\udcaa\ud83d\udcaa, such a magical goal from zyech and wonderful cross from Alonso"}, {"author_id": 1473093943868932103, "id": 1495285505591758850, "text": "Hi. Good morning Twitter. Happy Sunday. Happy weekend. Have a good day. Listening to smooth jazz today. How is everybody?"}, {"author_id": 1422257203201859588, "id": 1495285495865266177, "text": "RT @akpolyme: @valeriazolota @ANASTALYA @viktorinini @NkViktori42 @AmI3580 @bettinaschroed5 @habibisilvia @MarionSpekker @marienassar_ @Ara\u2026"}, {"author_id": 1585554553, "id": 1495285492631609344, "text": "@maiyaiyaii Happy weekend"}, {"author_id": 2313668359, "id": 1495285492492869635, "text": "RT @suzannebernert: Leaning into the Weekend \ud83e\udd7b\nHave a happy Saturday \ud83d\ude0a https://t.co/WhNpoilfdA"}, {"author_id": 1303886598371717120, "id": 1495285491536887811, "text": "RT @dailyjeIly: happy seokjin saturday!! have a great weekend :D https://t.co/ovYhcFupN1"}, {"author_id": 795581547512496129, "id": 1495285479092199426, "text": "RT @Leonore0509: \"Never bend your head. Always hold it high. Look the world straight in the eye.\n\n- Helen Keller  \n\nHave a happy Day and a\u2026"}, {"author_id": 3096587964, "id": 1495285466937004035, "text": "@khootikk Happy weekend @khootikk \ud83c\udf39\ud83c\udf39\ud83c\udf39"}, {"author_id": 1458479950365868033, "id": 1495285465288695808, "text": "RT @suzannebernert: Leaning into the Weekend \ud83e\udd7b\nHave a happy Saturday \ud83d\ude0a https://t.co/WhNpoilfdA"}, {"author_id": 14518761, "id": 1495285440777109505, "text": "RT @jmadmart: @Martyn210 Good morning to you too!\nHappy Weekend! https://t.co/9z6k2D4Dwm"}, {"author_id": 1050788668913446914, "id": 1495285423135993857, "text": "RT @SnoopyKriss: Happy Saturday everyone, wish you a peaceful weekend. \ud83e\udd17\ud83d\ude18\u2764\ufe0f\ud83d\udc36\u2615\ufe0f https://t.co/UUGnwDqtsz"}, {"author_id": 3096587964, "id": 1495285385869463552, "text": "@Amiwitchyy Happy weekend Amii \u2764\ufe0f\u2764\ufe0f\u2764\ufe0f\ud83c\udf39"}, {"author_id": 916195133388812288, "id": 1495285368899264515, "text": "RT @Lorena77618091: Happy weekend\ud83d\udc9a\n#nature #beauty https://t.co/HDRANXoVMW"}, {"author_id": 580004585, "id": 1495285335668162562, "text": "RT @onlyoneroadM: Happy Sunday! Wishing you all a\nwonderful and a happy weekend.\nTake care and stay safe.(\ud83c\udf3c\u275b \u058a \u275b\u201e)\n#naturelovers #NaturePho\u2026"}]