[{"author_id": 3074158757, "id": 1495281061558951938, "text": "RT @DMRHerbs: Help with pain (palliative, reduction, elimination)? 34 HZ tuning fork, therapeutic magnets (4,500 to 12,000 gauss); Far Infr\u2026"}, {"author_id": 1433205876932812801, "id": 1495281059495235585, "text": "RT @BjornLomborg: US heatwaves 1895-2020\n\nWorst-ever in 1936 https://t.co/lZkbePa62j\u2026\n\nObviously, doesn't fit the narrative, so very often\u2026"}, {"author_id": 1457178807698264070, "id": 1495281058064973827, "text": "RT @s3xykhloe: song of the day \nheat waves- Glass Animals"}, {"author_id": 1498326793, "id": 1495281045704380418, "text": "RT @AlboMP: A real Territory wet season campaign launch and welcome - heat then rain. \n\nGreat people and NT Labor\u2019s cracking team of @LukeG\u2026"}, {"author_id": 871289028712255488, "id": 1495281041224916992, "text": "RT @political_int: Sickening, @SusaninLangside gets a rise, @MhairiHunter has serval paid jobs, yet they remove \u00a3100 from pensioners to hea\u2026"}, {"author_id": 2816394438, "id": 1495281035461861377, "text": "RT @ThatOneBlueCat: A moonlight stroll turns awry as a pounding begins in my chest. I just wished to admire the moon before I realized I co\u2026"}, {"author_id": 1427778165833879572, "id": 1495281019435556864, "text": "song of the day \nheat waves- Glass Animals"}, {"author_id": 93718058, "id": 1495281010161946625, "text": "@Lavita_tc Heat in summer!!\ud83d\udd25\ud83d\udd25\ud83d\udd25"}, {"author_id": 1348081430778277896, "id": 1495281007175557122, "text": "RT @holyspacemonkey: Jester Hairston, who plays Endicott\u2019s butler in \u201cIn the Heat of the Night\u201d (1967), had dubbed Sidney Poitier\u2019s singing\u2026"}, {"author_id": 774809649983975426, "id": 1495280998568898561, "text": "RT @cjubarrington: Now (re)Watching: Body Heat (1981) https://t.co/t8ZtY8zwMH"}, {"author_id": 76409156, "id": 1495280995054104583, "text": "But first.. day 7/7 of Barry\u2019s Heat week.. proud of myself for completing it with family here, other friends here, closing a substantial deal &amp; socialising every day &amp; night\u2026 \u2b50\ufe0f"}, {"author_id": 1458861109390483456, "id": 1495280974678364160, "text": "RT @corp_hades: \u210d\ud835\udd38\ud835\udd3b\ud835\udd3c\ud835\udd4a \u2102\ud835\udd46\u211d\u2119\n\n- Run by a rogue Stalker known as Velka Bliss\n- Split division of the company known as ARES\n- works in making r\u2026"}, {"author_id": 1256328013853097984, "id": 1495280951290736641, "text": "RT @the_dogsmith: Summer heat's getting to her, looks like https://t.co/XCZZujOYTZ"}, {"author_id": 1263440252, "id": 1495280948841103360, "text": "DIY emergency heat and Light | power outage | SHTF https://t.co/VWZlWI6syf via @YouTube"}, {"author_id": 1131209776833081344, "id": 1495280909939277827, "text": "RT @johnnys: This July, get ready for Hikaru Iwamoto of #SnowMan to heat up the big screen as a sweet &amp; sexy firefighter in the live-action\u2026"}, {"author_id": 1029172556, "id": 1495280902456623104, "text": "@noheeriye It's not nearly as bad as people make it out to be. I find that it's very similar to Mumbai, although Mumbai does have a longer monsoon season so that's some respite from the heat even if it does present other problems."}, {"author_id": 738017065680834560, "id": 1495280897595408384, "text": "RT @johnnys: This July, get ready for Hikaru Iwamoto of #SnowMan to heat up the big screen as a sweet &amp; sexy firefighter in the live-action\u2026"}, {"author_id": 2370792518, "id": 1495280892234903554, "text": "@Stephen21269176 @WholeMarsBlog @elonmusk It's not about the coolant since that coolant has been used in Teslas before heatpump and has worked in -40c winter. From what I've heard they just closed the valve way too quickly causing a massive pressure surge and breaking the heat pump which was changed in an OTA update"}, {"author_id": 739520844, "id": 1495280888099311616, "text": "@fireboydml &amp; Ed sheeran - Peru&gt;&gt;&gt;&gt;&gt;&gt;&gt;&gt;&gt;&gt;&gt;&gt;&gt; some heat I didn\u2019t know I needed to hear"}, {"author_id": 1447595708916191232, "id": 1495280872999641092, "text": "RT @Moeatu1: @jinslave_7 @Butter_lifeu_ @PeachiesBangtan @OurMoonSeokJin @chicori_7 @btsAH_ @BTS_twt Know that I got that heat\n#BTS_Butter\u2026"}, {"author_id": 53837402, "id": 1495280864648777729, "text": "@mattallen @Bugcrowd the interesting flip side though is that I\u2019d argue that the instant value of cash and the criminal \u201cheat\u201d it\u2019s presence creates contributed to the defensive security leadership you tend to see in banking"}, {"author_id": 72373658, "id": 1495280854339309571, "text": "@geetmh @PlutoSia Heat with water?"}, {"author_id": 902648728560910339, "id": 1495280853437456386, "text": "RT @Cumtastic2021: The heat just made this guy so horny, he just stripped off and enjoyed a good bate session on his front porch. Wish I wa\u2026"}, {"author_id": 501878517, "id": 1495280851143299077, "text": "RT @BabaYehgar: The takeaway plates eateries put in microwave ovens to heat your foods are no where near safe.\n\nTake the food home, turn it\u2026"}, {"author_id": 2527490466, "id": 1495280845229211648, "text": "Differential expression profiling of heat stressed tardigrades reveals major shift in the transcriptome https://t.co/VlfNwXoGfz"}, {"author_id": 1020877270892736512, "id": 1495280843887374337, "text": "@EAWilsonAuthor Oh trust me...there are times I just want to walk away, but sadly...that's the life of living in a desert climate. Scorpions and spiders live in heat climates so we get a lot. The BW usually chill outside in spaces that aren't disturbed for awhile/dark but the scorpions linger."}, {"author_id": 1430817192820428800, "id": 1495280843694444546, "text": "RT @Moeatu1: @jinslave_7 @Butter_lifeu_ @PeachiesBangtan @OurMoonSeokJin @chicori_7 @btsAH_ @BTS_twt Know that I got that heat\n#BTS_Butter\u2026"}, {"author_id": 477240012, "id": 1495280836685488130, "text": "RT @checktherhyme1_: Producer hour is starting at 730 PST/ 1030 EST. Pull up and play some heat \ud83d\udd25\ud83d\udd25\n\nhttps://t.co/igt92aaKbO"}, {"author_id": 1251589198903234560, "id": 1495280817731522561, "text": "RT @_77greys: Thursday freestyle! \nWhat\u2019s the pattern to your system? \n\nRT &amp; LIKE IF YOU FW THIS HEAT! \n@falzthebahdguy \n@DONJAZZY https://\u2026"}, {"author_id": 205297938, "id": 1495280810559168515, "text": "GFL Weather 01:15 AM Temp: 11.7\u00b0  RH: 63  % Heat Index : 6.0\u00b0   Baro :30.370   Wind: SE 1.1 Gust: 1.8 Rainfall - Today: 0.00  Month: 0.72 YTD: 1.08  Today's Temps- Max: 13\u00b0  Min: 11 \u00b0  Snow: Yesterday:0 Month:0 Season: 11.6"}, {"author_id": 839958520468557824, "id": 1495280803781255172, "text": "RT @pissiskris: Kris in Heat! \ud83e\udd75\ud83d\udc95\u2728\n\nWhat will she d- Oh she's already finished https://t.co/A5P12sRtAU"}, {"author_id": 1485053675764531204, "id": 1495280797707739139, "text": "@tr4nsfazbear IVE GOTTEN 10 HEAT STROKES AND ANEURYSMS READINF THIS DAMN BOOK ITS ACTUALLY FOIGN TO KILL ME"}, {"author_id": 1423757416932466691, "id": 1495280778615345153, "text": "@thetitanborn The camel is both playing here and bathing due to the intense summer heat to reduce the intensity of the heat\n0.2ETH\nhttps://t.co/MUJwd098pO https://t.co/ZNm5tDC23v"}, {"author_id": 1471932681357127680, "id": 1495280765235384322, "text": "https://t.co/5CYavhNBbm\nGLASS ANIMALS - HEAT WAVES (LYRICS )  FULL SONG. \ud83d\ude0e\nHOPE YOU LIKE IT\n#glassanimals\n#heatwaves\n#lyrics\n#Lyricvideo"}, {"author_id": 738561656, "id": 1495280762551246849, "text": "RT @itsCSB__: still can't believe Aaron Gordon jumped over Tacko Fall and didn't win because of Dwyane Wade's Heat bias https://t.co/CtD22p\u2026"}, {"author_id": 1452472599611514881, "id": 1495280761477672961, "text": "Sometimes, all I think about is you\nLate nights in the middle of June\nHeat waves been faking me out\nCan't make you happier now\n\n_Heat Waves_\n\nI vote for #Butter for #BestMusicVideo at the 2022 #iHeartAwards @BTS_twt"}, {"author_id": 968243007412727811, "id": 1495280743618076676, "text": "@zachmaxwell07 As in they were heat???"}, {"author_id": 1309168296021889025, "id": 1495280728971653130, "text": "Madlib - Heat (Wlib: King Of The Wigflip)"}, {"author_id": 896923730621874177, "id": 1495280726782054401, "text": "RT @hamill_law: So I have been suspended by my son's basketball league for standing up for 5 yr olds last week and advocating for them to p\u2026"}, {"author_id": 1609935312, "id": 1495280722432573440, "text": "Jaguar Stone (2f Spieth x Leopard Skin) claims a share of the $75,000 @mmsnippets 2yo Classic over 1200m at Launceston with a determined dead heat win!\n\nCongrats to the big ownership group with their $28k purchase and thanks to Harry Coffey for the ride #Magnet #TrinderRacing https://t.co/KblHjQmkYi"}, {"author_id": 1481112602927378433, "id": 1495280709048619009, "text": "you'll be finee . a lil heat never\nhurt anybody."}, {"author_id": 1056722636057780224, "id": 1495280706750230528, "text": "@Raydanaj @John99440330 The Celtics? The spurs were still great. Lebron had one of the most efficient performances in the finals in he lost in 5. The heat roster in the first 2 years were great but the last 2 years weren\u2019t. Wade and Bosh were declining and going through injuries."}, {"author_id": 1472616103646011395, "id": 1495280704904642561, "text": "@soobpat GIRLS GENERATION MAKE U FEEL THE HEAT"}, {"author_id": 990243005595516933, "id": 1495280694389530624, "text": "This album doesn\u2019t get the recognition it deserves. It\u2019s truly a timeless album \n#JadenSmith #syre #Heat https://t.co/xLko7zAroi"}, {"author_id": 769055652, "id": 1495280693898661888, "text": "@Power2People5 @DZBillFulton Well we\u2019ve lived and worked in Palm Springs for 25 years now, so we love and understand the heat lifestyle and have adapted. Luckily we now have a place at the beach for summers, which should be fun1"}, {"author_id": 1417549849172512773, "id": 1495280687829508098, "text": "@TheNBACentral Heat, they couldn't beat the Lakes \ud83d\ude12"}, {"author_id": 1429422856446828546, "id": 1495280676236574721, "text": "masterpiece. \u2066@tydollasign\u2069 gotta bring this heat again  https://t.co/zC8vo3Prq5"}, {"author_id": 1261983096540258305, "id": 1495280653797306368, "text": "RT @johnnys: This July, get ready for Hikaru Iwamoto of #SnowMan to heat up the big screen as a sweet &amp; sexy firefighter in the live-action\u2026"}, {"author_id": 1214415167716413440, "id": 1495280650772893697, "text": "@isaluvr27 ive never read this book in my life but i am about to have heat stroke"}, {"author_id": 1480062415010074626, "id": 1495280634821939203, "text": "RT @Moeatu1: @jinslave_7 @Butter_lifeu_ @PeachiesBangtan @OurMoonSeokJin @chicori_7 @btsAH_ @BTS_twt Know that I got that heat\n#BTS_Butter\u2026"}, {"author_id": 1468548610925150214, "id": 1495280629688463361, "text": "RT @Moeatu1: @jinslave_7 @Butter_lifeu_ @PeachiesBangtan @OurMoonSeokJin @chicori_7 @btsAH_ @BTS_twt Know that I got that heat\n#BTS_Butter\u2026"}, {"author_id": 4112896943, "id": 1495280628987748353, "text": "RT @DMRHerbs: Help with pain (palliative, reduction, elimination)? 34 HZ tuning fork, therapeutic magnets (4,500 to 12,000 gauss); Far Infr\u2026"}, {"author_id": 1461754199570468866, "id": 1495280622415147010, "text": "RT @Moeatu1: @jinslave_7 @Butter_lifeu_ @PeachiesBangtan @OurMoonSeokJin @chicori_7 @btsAH_ @BTS_twt Know that I got that heat\n#BTS_Butter\u2026"}, {"author_id": 1596792121, "id": 1495280615700279298, "text": "@GEMJIMS Noo mine keep the heat on \ud83d\ude2d it be on 78 during the summer"}, {"author_id": 1298424405215895554, "id": 1495280602559369219, "text": "RT @rmakrkn: nsfw #bokuken | omegaverse + arranged mates + first (accidental) heat \n\nKenma was a ball of anxiety and nerves when he was to\u2026"}, {"author_id": 1944743929, "id": 1495280595345108994, "text": "RT @_seeker_oftruth: Canadian's who donated to the convoy were not informed prior that there would be such extreme consequences such as fro\u2026"}, {"author_id": 1257039306113384456, "id": 1495280593986277377, "text": "@sbacktweeting He probably is taking a break and working on new music. This man has put nothing out but heat so idk why ppl lying talking about he got weird. The music evolved and it\u2019s all fire. But he\u2019s been working since a teen so he might just be hibernating. \ud83d\ude02\ud83d\ude02"}, {"author_id": 1470557054205149185, "id": 1495280593227108352, "text": "@gucci1999x @BakeToHigg1ns @DwitjustinGilas @JrepsLA Just like he left the cavs &amp; heat and they\u2019re\u2026 fine?"}, {"author_id": 1308581476599033865, "id": 1495280587908816902, "text": "@saylahachey I can always stand the heat."}, {"author_id": 1133934114090901504, "id": 1495280586226688004, "text": "RT @EliteAJITHIANS: #Valimai - The Heat is Getting Bigger &amp; Bigger \ud83e\udd75\ud83d\udca5"}, {"author_id": 235411416, "id": 1495280584448352256, "text": "RT @johnnys: This July, get ready for Hikaru Iwamoto of #SnowMan to heat up the big screen as a sweet &amp; sexy firefighter in the live-action\u2026"}, {"author_id": 19020412, "id": 1495280573966782470, "text": "General WBGT8758 Heat Stress Monitor Digital Psychrometer NO BATTERY COVER https://t.co/a8zMFYMaMO https://t.co/dirOTTETIF"}, {"author_id": 22126622, "id": 1495280571874181127, "text": "RT @Victori53214701: I'm fed up of people working all hours of the day and night to end up with no heat, not enough food and no quality tim\u2026"}, {"author_id": 2277081938, "id": 1495280571685081092, "text": "RT @NodwinGaming: Straight Outta Delhi, this rap sensation is going to step up the heat at the Valorant Conquerors Championship 2022\ud83d\udd25\ud83e\udd29 #VCC\u2026"}, {"author_id": 1350014733135572993, "id": 1495280557701451783, "text": "RT @_seeker_oftruth: Canadian's who donated to the convoy were not informed prior that there would be such extreme consequences such as fro\u2026"}, {"author_id": 2859301056, "id": 1495280555188887553, "text": "Chicken supreme supper dish was good earlier, right amount of heat and also right amount of pasta gooey!! I\u2019m quiet the chef when I\u2019m bothered makin an effort!"}, {"author_id": 1428724509398368260, "id": 1495280552298967043, "text": "@RLNodeDistrict bringing the heat! https://t.co/0R68UFmVEh"}, {"author_id": 58588745, "id": 1495280551925846016, "text": "@AmysMargin I finely dice two of them and they go in my chili recipe. Just the right amount of smokiness and heat."}, {"author_id": 1427773235526053891, "id": 1495280534477578243, "text": "Singing, sinking, dying, diving\nFalling, feeling, swimming, swinging\nLoving, leaving, pulling, pushing\nSinging, sinking, dying, diving in the cold heat of the pool"}, {"author_id": 1391930614153052162, "id": 1495280529591369728, "text": "@jinslave_7 @Butter_lifeu_ @PeachiesBangtan @OurMoonSeokJin @chicori_7 @btsAH_ @BTS_twt Know that I got that heat\n#BTS_Butter by #BTS @BTS_twt \nGot ARMY right behind us."}, {"author_id": 1263322553059139585, "id": 1495280505498968064, "text": "RT @sxbody007: Saturday Night heat! RT https://t.co/ZpWOcZK9tt"}, {"author_id": 1493702935628460039, "id": 1495280504127602689, "text": "RT @Chicago1Ray: Just paid the heat bill, that way I can stay warm while I fucken starve to death..."}, {"author_id": 2279213406, "id": 1495280502298849283, "text": "RT @Victori53214701: I'm fed up of people working all hours of the day and night to end up with no heat, not enough food and no quality tim\u2026"}, {"author_id": 265351316, "id": 1495280499627110402, "text": "RT @Nymahsemoh_: Just checking best boots for mountaineering and some specifications are : heat insulation of -60C,waterproof,armored edged\u2026"}, {"author_id": 73249150, "id": 1495280494740713477, "text": "Yes we used the grill with wood to heat. https://t.co/WQFjVrARAH"}, {"author_id": 2274001125, "id": 1495280492329025539, "text": "RT @thebatfilm: The actual quote by Paul Dano relates to wearing his mask as Riddler, via @EW:\n\n\"My head was just throbbing with heat. I we\u2026"}, {"author_id": 1465554233105674240, "id": 1495280492232413188, "text": "RT @khelgyani_abhi: I never do this but yeah want to point something.\nI had one arguement with @_cow_corner and @Joecricket_ once. In heat\u2026"}, {"author_id": 3281173946, "id": 1495280491800453124, "text": "RT @HeatvsHaters: J. Cole helped the Heat land Caleb Martin by telling Caron Butler about him\u2026 That\u2019s wild \ud83d\udd25\n\nHonorary Heat legend @JColeNC\u2026"}, {"author_id": 1108575253276454912, "id": 1495280487174082560, "text": "RT @johnnys: This July, get ready for Hikaru Iwamoto of #SnowMan to heat up the big screen as a sweet &amp; sexy firefighter in the live-action\u2026"}, {"author_id": 1274978646705401856, "id": 1495280479699804160, "text": "RT @EliteAJITHIANS: #Valimai - The Heat is Getting Bigger &amp; Bigger \ud83e\udd75\ud83d\udca5"}, {"author_id": 76644610, "id": 1495280470577270784, "text": "@thedragstate People we have heat!"}, {"author_id": 936377724, "id": 1495280463212343296, "text": "RT @georgefwoods: \"every species is affected by climate change, and they're potentially facing a cliff \u2014 that breakpoint of their tolerance\u2026"}, {"author_id": 1326264711537692674, "id": 1495280455935041539, "text": "RT @nifathepen: omo heat dey o\n                            - firelord ozai"}, {"author_id": 1444117327042252800, "id": 1495280443893202944, "text": "AHHH SH SH SH DEMONS OMENS OPEN DOORS FOR TORTURE IN HELL AND THE SURROUNDING AREAS OF YOUR HOME GIVE ME WARMPTH HEAT SH SH SH STELLA"}, {"author_id": 47691584, "id": 1495280428843945986, "text": "The Godfather coming in w/ the HEAT! \ud83d\udd25\ud83d\udd25\ud83d\udd25 https://t.co/ViV24hZNmr"}, {"author_id": 6870322, "id": 1495280422447550464, "text": "RT @happyfacemug: Cozy in the winter cool in the summer my new heat pump helps reduce my carbon footprint air conditioning BC government re\u2026"}, {"author_id": 910855409300267009, "id": 1495280418253275137, "text": "@ALEKS_THE_MAN @yearofthecat11 @MarkMcGowanMP Yes, true, however, contact tracing is after the fact. A heat map with positive postcodes that expire after 7 days is more of a live indicator where cases are...and where cases are more likely to \"nip out to the local shop\".\nIf nothing it provides more transparency."}, {"author_id": 1298955121867489282, "id": 1495280410082828289, "text": "@__sydneyraee Avoid gels, serums and heat on your hair. Post wash use a light weight oil (almond oil) as a leave in. Rice water treatment and hot towel therapy once a week helps. Let me know if any questions or feel free to DM. Believe in managing haircare naturally with home remedies"}, {"author_id": 1302103365824913409, "id": 1495280406664343554, "text": "RT @EliteAJITHIANS: #Valimai - The Heat is Getting Bigger &amp; Bigger \ud83e\udd75\ud83d\udca5"}]