[{"author_id": 1075769723382652928, "id": 1495283485971558403, "text": "RT @HVYWeightHeroes: One of the most dangerous and feared heavyweights of all-time, \"The Black Destroyer,\" Earnie Shavers. Muhammad Ali, La\u2026"}, {"author_id": 147676770, "id": 1495283025323737089, "text": "RT @AimeeDearmon: THE FREAKING SMOTHERS BROTHERS ARE STILL ALIVE!!Comedic political heavyweights. There is a god! \ud83d\ude4f\ud83d\ude4f\ud83d\ude4f"}, {"author_id": 23209705, "id": 1495282054870847491, "text": "I wish someone would've told me New Japan was starting at Midnight on the dot, dangnabit!!!  Also, a 48 man New Japan Cup field with Heavyweights &amp; Juniors is a lot of folks.\n\nSANADA...is walking out with singles gold.  Past due.  Feels right. #njgoldenFINAL"}, {"author_id": 1456016450150440960, "id": 1495280576085073920, "text": "#StanleyKetchel became one of the greatest World Middleweight Champs in History, \"The Michigan Assassin.\" Only a middleweight, he was also known for taking on heavyweights, 1909 battle with Johnson has been called by many a modern-day \"David and Goliath\u201d\n\n49-5-3\n1903-1910\nUSA https://t.co/bs7BhxwosV"}, {"author_id": 460860700, "id": 1495280206214737923, "text": "RT @CenterForBioDiv: #Florida: Help stop the senseless massacre of imperiled goliath groupers. These charismatic heavyweights can be 8 feet\u2026"}, {"author_id": 1388975999228993537, "id": 1495280143501340675, "text": "RT @IpobRaptureMedi: MEET THE PANEL WITH SOME OF THE  IPOB MEDIA HEAVYWEIGHTS ON ( IRM ) - ( EP 10 ) | Feb 19, 2022 https://t.co/HfEGxYQ5Qd"}, {"author_id": 1430580466793517056, "id": 1495280044864073732, "text": "Jeeez. Largest New Japan Cup of all time with 48 People including Junior Heavyweights. March is going to hit different. #njgoldenFINAL \n@njpwglobal https://t.co/VsQotPuWFF"}, {"author_id": 1192643566188793856, "id": 1495279883261550593, "text": "RT @JC1986_: The biggest New Japan Cup in history will be a Openweight tournament. Heavyweights, Jr Heavyweights, Young Lions will be on th\u2026"}, {"author_id": 55345667, "id": 1495279582726995972, "text": "openweight new japan cup. junior heavyweights are involved as well as the current champs. ITS LITERALLY MARCH MADNESS! #njpw"}, {"author_id": 4608843372, "id": 1495279471896768513, "text": "The biggest New Japan Cup in history will be a Openweight tournament. Heavyweights, Jr Heavyweights, Young Lions will be on the field. #njgoldenFINAL"}, {"author_id": 25011825, "id": 1495279299246673920, "text": "Champions and Jr. Heavyweights\u2026 and it\u2019s at the same time as Strong Style Evolved in Tampa show\u2026 *sigh*"}, {"author_id": 760295917002100736, "id": 1495279276597391363, "text": "48 HOLY SHIT 48 WRESTLERS INCLUDING CHAMPIONS &amp; Jr Heavyweights IN THIS YEAR @njpwglobal NEW JAPAN CUP #njgoldenFINAL https://t.co/vkuO7UgRwQ"}, {"author_id": 1406277985141936137, "id": 1495275719978483715, "text": "RT @CenterForBioDiv: #Florida: Help stop the senseless massacre of imperiled goliath groupers. These charismatic heavyweights can be 8 feet\u2026"}, {"author_id": 701699880784277504, "id": 1495274582382546949, "text": "RT @HVYWeightHeroes: One of the most dangerous and feared heavyweights of all-time, \"The Black Destroyer,\" Earnie Shavers. Muhammad Ali, La\u2026"}, {"author_id": 1427898432375590919, "id": 1495274301897195529, "text": "RT @HTPunjab: A triangular electoral contest is on the cards in the rural seat of Rampura Phul that has witnessed a fight between tradition\u2026"}, {"author_id": 2262761306, "id": 1495273860060827653, "text": "RT @CenterForBioDiv: #Florida: Help stop the senseless massacre of imperiled goliath groupers. These charismatic heavyweights can be 8 feet\u2026"}, {"author_id": 1333198260580868102, "id": 1495270474338689025, "text": "RT @CenterForBioDiv: #Florida: Help stop the senseless massacre of imperiled goliath groupers. These charismatic heavyweights can be 8 feet\u2026"}, {"author_id": 106566798, "id": 1495269928382832643, "text": "RT @d1baseball: \ud835\udc03\ud835\udfcf \ud835\udc03\ud835\udc08\ud835\udc06\ud835\udc04\ud835\udc12\ud835\udc13: The 2022 college baseball season started with a bang, as new stars introduced themselves and several heavyweight\u2026"}, {"author_id": 1713184964, "id": 1495266308253831168, "text": "RT @HVYWeightHeroes: One of the most dangerous and feared heavyweights of all-time, \"The Black Destroyer,\" Earnie Shavers. Muhammad Ali, La\u2026"}, {"author_id": 749565180711927808, "id": 1495266302151307265, "text": "RT @CenterForBioDiv: #Florida: Help stop the senseless massacre of imperiled goliath groupers. These charismatic heavyweights can be 8 feet\u2026"}, {"author_id": 950537261757730819, "id": 1495266163147821058, "text": "RT @pdamerica: Join These Progressive Heavyweights (@NinaTurner #OH11 and @harveyjkaye) for a Discussion of How We Win, Sunday\nhttps://t.co\u2026"}, {"author_id": 1480326044, "id": 1495266102120640517, "text": "@ConceptualJames They don\u2019t pit lightweights against heavyweights in boxing. It\u2019s the law of fairness in competition. The advantage of height &amp; shoulder mass is achieved in male puberty &amp; hormones do not undo that. Swimming ability is absolutely tied to upper shoulder/arm strength."}, {"author_id": 20218129, "id": 1495266022902874117, "text": "RT @Judo: The heavyweights mean business today \ud83d\ude0e\n\nFollow the action at https://t.co/Gupw19ZNvy\nor watch on your IJF JUDO App \ud83d\udcf2\n\n#JudoTelAvi\u2026"}, {"author_id": 895227968112513024, "id": 1495265913829924866, "text": "RT @IpobRaptureMedi: MEET THE PANEL WITH SOME OF THE  IPOB MEDIA HEAVYWEIGHTS ON ( IRM ) - ( EP 10 ) | Feb 19, 2022 https://t.co/HfEGxYQ5Qd"}, {"author_id": 2346727490, "id": 1495261438902173698, "text": "RT @BIGHIT_MUSIC: [\uae30\uc0ac] #BTS \u2013 \u2018MAP OF THE SOUL : 7\u2019: Korea\u2019s global heavyweights come of age and survey their already enormous legacy\nhttps\u2026"}, {"author_id": 935480879878512640, "id": 1495261048949010433, "text": "Allie and Saibh - The Climb - Hannah Montana. Written by heavyweights Jessi Alexander and John Mabe. I am never ceased to be amazed by the way she chooses to abuse her fingers @alliesherlock @saibhskelly1 https://t.co/fZSMCBHgoz"}, {"author_id": 1108495602067759105, "id": 1495260973862584322, "text": "@mehdirhasan Look at that panel of heavyweights"}, {"author_id": 1455574696846667782, "id": 1495259404433821696, "text": "RT @allinwithchris: \u201cThe justices cannot just sequester themselves until they feel they're in a \u2018safe space\u2019 of ultra conservative leaders\u2026"}, {"author_id": 1201671709717417984, "id": 1495257783230509057, "text": "@JustTtlyCherry @BrockLesnar @VinceMcMahon @WWERomanReigns @WWEEarlC @EscoMorality @denisehailend @Diva_Christina @JDfromNY206 50 50 Booking is terrible!  Shouldn't play with your heavyweights like that or any champion!"}, {"author_id": 153669690, "id": 1495257428371259394, "text": "@AlexBehunin Dom still deserves something bigger I think, lost to Jones and the current #1 and #2 ranked light heavyweights"}, {"author_id": 1386085658993774594, "id": 1495256260891095043, "text": "RT @CenterForBioDiv: #Florida: Help stop the senseless massacre of imperiled goliath groupers. These charismatic heavyweights can be 8 feet\u2026"}, {"author_id": 1223671269402599425, "id": 1495255088809623552, "text": "RT @IpobRaptureMedi: MEET THE PANEL WITH SOME OF THE  IPOB MEDIA HEAVYWEIGHTS ON ( IRM ) - ( EP 10 ) | Feb 19, 2022 https://t.co/HfEGxYQ5Qd"}, {"author_id": 36327407, "id": 1495254707727892482, "text": "RT @HTPunjab: A triangular electoral contest is on the cards in the rural seat of Rampura Phul that has witnessed a fight between tradition\u2026"}, {"author_id": 401300509, "id": 1495253056023375873, "text": "RT @CenterForBioDiv: #Florida: Help stop the senseless massacre of imperiled goliath groupers. These charismatic heavyweights can be 8 feet\u2026"}, {"author_id": 1014724810935623682, "id": 1495252993939324934, "text": "RT @CenterForBioDiv: #Florida: Help stop the senseless massacre of imperiled goliath groupers. These charismatic heavyweights can be 8 feet\u2026"}, {"author_id": 495780767, "id": 1495252823193587715, "text": "A triangular electoral contest is on the cards in the rural seat of Rampura Phul that has witnessed a fight between traditional political heavyweights of the Congress and SAD \n\n#PunjabElections #ElectionsWithHT \nhttps://t.co/TG2LOc8Zl9"}, {"author_id": 1137127577145946117, "id": 1495252047959973889, "text": "RT @LittWithBritt: In OT, Jonathan Lozano of Hamilton is able to defeat Nathaniel Meza to take home first place for the DI Heavyweights htt\u2026"}, {"author_id": 785343884662480896, "id": 1495251892049350656, "text": "RT @LittWithBritt: In OT, Jonathan Lozano of Hamilton is able to defeat Nathaniel Meza to take home first place for the DI Heavyweights htt\u2026"}, {"author_id": 1052754241721421824, "id": 1495251454822551555, "text": "RT @CenterForBioDiv: #Florida: Help stop the senseless massacre of imperiled goliath groupers. These charismatic heavyweights can be 8 feet\u2026"}, {"author_id": 885539290880634880, "id": 1495251422153261056, "text": "RT @FITPromotions1: Vs Massanutten\n23pts\n10rbs\n3blks\n3stls\n\n@GrassrootsXL @ImHard2Guard @_Nelo13 @PrepHoopsVA \nListen then young against al\u2026"}, {"author_id": 147676770, "id": 1495251375902629889, "text": "THE FREAKING SMOTHERS BROTHERS ARE STILL ALIVE!!Comedic political heavyweights. There is a god! \ud83d\ude4f\ud83d\ude4f\ud83d\ude4f"}, {"author_id": 354658340, "id": 1495249035770437632, "text": "RT @FITPromotions1: Vs Massanutten\n23pts\n10rbs\n3blks\n3stls\n\n@GrassrootsXL @ImHard2Guard @_Nelo13 @PrepHoopsVA \nListen then young against al\u2026"}, {"author_id": 189018137, "id": 1495248355122839552, "text": "RT @hometownJT: Hoop heavyweights Gorman vs. Liberty Round 3:\nHighlights from the news:\n#8NN \n@theballdawgs \n@gormanhoops @OfficialDW03 @ja\u2026"}, {"author_id": 1405636148, "id": 1495247762572689419, "text": "RT @CenterForBioDiv: #Florida: Help stop the senseless massacre of imperiled goliath groupers. These charismatic heavyweights can be 8 feet\u2026"}, {"author_id": 966816239992623111, "id": 1495247478823735303, "text": "RT @IpobRaptureMedi: MEET THE PANEL WITH SOME OF THE  IPOB MEDIA HEAVYWEIGHTS ON ( IRM ) - ( EP 10 ) | Feb 19, 2022 https://t.co/HfEGxYQ5Qd"}, {"author_id": 519304708, "id": 1495246513508741120, "text": "RT @thatl0calguy: why would I watch NBA All-Star Saturday Night when BYU is currently playing Saint Mary's in a matchup of two WCC heavywei\u2026"}, {"author_id": 2247290362, "id": 1495246474560557059, "text": "RT @JeffFoxWriter: UFC Performance Based Fighter Rankings: Heavyweights: Dec 24/21 - @Thebeast_ufc &amp; @bambamtuivasa creep closer to the top\u2026"}, {"author_id": 820772857, "id": 1495244335427710978, "text": "RT @LittWithBritt: In OT, Jonathan Lozano of Hamilton is able to defeat Nathaniel Meza to take home first place for the DI Heavyweights htt\u2026"}, {"author_id": 19343428, "id": 1495243094534631424, "text": "RT @KelleyAshbyPaul: Not surprised Democrat fundraising group ActBlue helped bail out Would-Be Assassin Quintez. For years ActBlue has paid\u2026"}, {"author_id": 375872626, "id": 1495241753561083910, "text": "After seeing Whitechapel play tonight, I\u2019m confident in saying Phil Bozeman is up there in the heavyweights of current death metal vocalists. Dude is un-fucking-real."}, {"author_id": 487480324, "id": 1495241565274394628, "text": "RT @ndtv: #ElectionsWithNDTV | Here are the heavyweights in the fray in Phase 3 of #UttarPradeshElections https://t.co/KW1l3C4DcI"}, {"author_id": 183087588, "id": 1495241415252529153, "text": "In OT, Jonathan Lozano of Hamilton is able to defeat Nathaniel Meza to take home first place for the DI Heavyweights https://t.co/5cS0l0pF6Z"}, {"author_id": 183087588, "id": 1495241020451155976, "text": "Raychon Cardona of Casteel takes home the gold for the DII Heavyweights with a win over Jacob Garrison of Centennial https://t.co/oS5ZCnvdG9"}, {"author_id": 254529119, "id": 1495240826565595145, "text": "@WendySiryj With so many LNP heavyweights staring defeat in the face, #Election2022 is going to be one hell of a show!"}, {"author_id": 883159800992980992, "id": 1495240578891661315, "text": "@MauriceBenard I cannot wait for this! You both are heavyweights. \n\u2764\ufe0f\u2764\ufe0f"}, {"author_id": 1381457114397204481, "id": 1495240542673784836, "text": "@Bobbysworld74 Think it will be better as long as they book the right matches, aew revolution ladder match gonna put the AEW heavyweights on the map"}, {"author_id": 2614128378, "id": 1495239608216571910, "text": "Forget the heavyweights, a women bantam weight couldn\u2019t defeat a man in the same weight class. This whole \u201cthing\u201d going on is absurd to the core and only serves to undermine 2000 yrs western civ.and the lurch toward communism. https://t.co/AcXoQs1XsT"}, {"author_id": 45583938, "id": 1495238827090190337, "text": "RT @DAkacki: @bishopfox are some heavyweights no question."}, {"author_id": 1269922348590718979, "id": 1495238774770393088, "text": "why would I watch NBA All-Star Saturday Night when BYU is currently playing Saint Mary's in a matchup of two WCC heavyweights?"}, {"author_id": 350484908, "id": 1495238674161844226, "text": "@bishopfox are some heavyweights no question. https://t.co/ejlF3Or49G"}, {"author_id": 138548292, "id": 1495237010814115843, "text": "She called in the R&amp;B heavyweights. \ud83d\udd25 https://t.co/nvvDSMterl"}, {"author_id": 929693818454265856, "id": 1495236660862324737, "text": "I missed this yesterday. Is Super J Cup coming? A lot of Junior Heavyweights are going to Tampa. #njpw https://t.co/qH6ROgjRsz"}, {"author_id": 1414053949, "id": 1495236289410609154, "text": "@mikemcnelis @espnmma Them heavyweights will knock him out with a jab"}, {"author_id": 140139022, "id": 1495236195504250884, "text": "@iantheCROAT Two heavyweights .... JLP has more good songs but Nevermind has my favourite song..... I'm going with Alanis as she's the underdog."}, {"author_id": 1124386829745180672, "id": 1495235631311724547, "text": "RT @CenterForBioDiv: #Florida: Help stop the senseless massacre of imperiled goliath groupers. These charismatic heavyweights can be 8 feet\u2026"}, {"author_id": 36090773, "id": 1495233763546210307, "text": "Heavyweights bout to get it on!"}, {"author_id": 330676972, "id": 1495231817632333825, "text": "Trump vs. McConnell: Latest round between GOP heavyweights has the highest stakes yet - NPR https://t.co/tdGff5dK0V"}, {"author_id": 779527519384981504, "id": 1495231814352486404, "text": "RT @CenterForBioDiv: #Florida: Help stop the senseless massacre of imperiled goliath groupers. These charismatic heavyweights can be 8 feet\u2026"}, {"author_id": 1060444233247744000, "id": 1495231486504673286, "text": "@Cirka96 People only care about heavyweights"}, {"author_id": 1477706438348845063, "id": 1495230428701204499, "text": "RT @CenterForBioDiv: #Florida: Help stop the senseless massacre of imperiled goliath groupers. These charismatic heavyweights can be 8 feet\u2026"}, {"author_id": 1605748897, "id": 1495229399276285955, "text": "RT @ndtv: #ElectionsWithNDTV | Here are the heavyweights in the fray in Phase 3 of #UttarPradeshElections https://t.co/KW1l3C4DcI"}, {"author_id": 1221366000752324609, "id": 1495228857863258118, "text": "RT @ndtv: #ElectionsWithNDTV | Here are the heavyweights in the fray in Phase 3 of #UttarPradeshElections https://t.co/KW1l3C4DcI"}, {"author_id": 1367006402619854852, "id": 1495228372699516932, "text": "@MadLabMMA @brent__dexter Rubbers are as important here as never betting low level heavyweights lol"}, {"author_id": 1258041862025289728, "id": 1495228356480348167, "text": "RT @MMAjunkie: Up next at #UFCVegas48: Heavyweights @Parker_Porter and @Alan_Baudot are set to collide.\n\nFull play-by-play: https://t.co/2a\u2026"}, {"author_id": 1487064974115553280, "id": 1495228199017476098, "text": "RT @ndtv: #ElectionsWithNDTV | Here are the heavyweights in the fray in Phase 3 of #UttarPradeshElections https://t.co/KW1l3C4DcI"}, {"author_id": 1460245943945728003, "id": 1495228122026938368, "text": "RT @HVYWeightHeroes: One of the most dangerous and feared heavyweights of all-time, \"The Black Destroyer,\" Earnie Shavers. Muhammad Ali, La\u2026"}, {"author_id": 16207616, "id": 1495228053529763844, "text": "RT @McGregorRousey: Hill is really about to take out my 2 favorite light heavyweights out back to back :("}, {"author_id": 37034483, "id": 1495227959656865792, "text": "#ElectionsWithNDTV | Here are the heavyweights in the fray in Phase 3 of #UttarPradeshElections https://t.co/KW1l3C4DcI"}, {"author_id": 1380672116, "id": 1495227857286889472, "text": "RT @Judo: The heavyweights mean business today \ud83d\ude0e\n\nFollow the action at https://t.co/Gupw19ZNvy\nor watch on your IJF JUDO App \ud83d\udcf2\n\n#JudoTelAvi\u2026"}, {"author_id": 1491488754351099920, "id": 1495227447410933761, "text": "RT @CenterForBioDiv: #Florida: Help stop the senseless massacre of imperiled goliath groupers. These charismatic heavyweights can be 8 feet\u2026"}, {"author_id": 3627509358, "id": 1495227200051847179, "text": "RT @CenterForBioDiv: #Florida: Help stop the senseless massacre of imperiled goliath groupers. These charismatic heavyweights can be 8 feet\u2026"}, {"author_id": 16260425, "id": 1495227039951036419, "text": "RT @CenterForBioDiv: #Florida: Help stop the senseless massacre of imperiled goliath groupers. These charismatic heavyweights can be 8 feet\u2026"}, {"author_id": 1196620657615921153, "id": 1495227019994488834, "text": "@blessedlicious1 @Topuria_SZN He needs to not drain his goofy ass body to 205. Yes, Heavyweights hit harder but he won\u2019t be drained."}, {"author_id": 113093188, "id": 1495226436889853952, "text": "RT @ChuckRossDC: While WaPo hunts down $20 donors to Canadian truck drivers, here\u2019s a story about the Democrats\u2019 fundraising juggernaut sup\u2026"}, {"author_id": 971433677048700928, "id": 1495225372975443969, "text": "RT @CenterForBioDiv: #Florida: Help stop the senseless massacre of imperiled goliath groupers. These charismatic heavyweights can be 8 feet\u2026"}, {"author_id": 1221320355966402561, "id": 1495224916450234368, "text": "RT @CenterForBioDiv: #Florida: Help stop the senseless massacre of imperiled goliath groupers. These charismatic heavyweights can be 8 feet\u2026"}, {"author_id": 25600705, "id": 1495223038329118720, "text": "RT @CenterForBioDiv: #Florida: Help stop the senseless massacre of imperiled goliath groupers. These charismatic heavyweights can be 8 feet\u2026"}, {"author_id": 1021928947, "id": 1495221726778904578, "text": "Dem Heavyweights Back BLM Bail Fund That Freed Would-Be Assassin https://t.co/cceDZVqoQz"}, {"author_id": 1079569558082646017, "id": 1495221577125924864, "text": "@idribblebanned @DESTRUC33063532 It\u2019s probably restricted to heavyweights, light heavyweights and cruises. It\u2019s really not hard to throw"}, {"author_id": 45287457, "id": 1495221543923863553, "text": "A movie that couldn\u2019t be made today but is 100% hilarious is \u201cHeavyweights\u201d"}, {"author_id": 1349118118774202368, "id": 1495221321151754250, "text": "Finally some heavyweights speaking out against spoiled dictator Trudeau. Where are our Senators and Representatives? (We know Biden is asleep.) https://t.co/rfuJpDONBK"}, {"author_id": 1228638541137301504, "id": 1495221320157646849, "text": "RT @CenterForBioDiv: #Florida: Help stop the senseless massacre of imperiled goliath groupers. These charismatic heavyweights can be 8 feet\u2026"}, {"author_id": 1566985364, "id": 1495221187307356163, "text": "RT @CenterForBioDiv: #Florida: Help stop the senseless massacre of imperiled goliath groupers. These charismatic heavyweights can be 8 feet\u2026"}, {"author_id": 862560870815215616, "id": 1495220516554252294, "text": "RT @CenterForBioDiv: #Florida: Help stop the senseless massacre of imperiled goliath groupers. These charismatic heavyweights can be 8 feet\u2026"}, {"author_id": 1243357273646419968, "id": 1495219590929997828, "text": "Vs Massanutten\n23pts\n10rbs\n3blks\n3stls\n\n@GrassrootsXL @ImHard2Guard @_Nelo13 @PrepHoopsVA \nListen then young against all our heavyweights from ranked post grads to JUCO schools to Developmental D3 teams has produced! Yes we @VaPostGrad a 1st program but this kid is overlooked!"}, {"author_id": 1490685345800806415, "id": 1495219548487884803, "text": "RT @hconco: #startup heavyweights @SteveCase @GoPro CEO Nick Woodman to forecast future of Entrepreneurship at @CES story here: https://t.c\u2026"}, {"author_id": 1208985269208305666, "id": 1495218419360272391, "text": "RT @McGregorRousey: Hill is really about to take out my 2 favorite light heavyweights out back to back :("}, {"author_id": 222533297, "id": 1495218366449012739, "text": "RT @ChicoWildcats: Men's Basketball Recap: 11th-ranked \u2019Cats put clamps on high-powered Cougars in battle of CCAA heavyweights; Wildcats im\u2026"}]