[{"author_id": 614794337, "id": 1495224791053131776, "text": "@pluggerpll @RNZSunday @melanielynskey @dontlookupfilm @yellowjackets96 Apparently you haven\u2019t seen Heavenly Creatures? You should definitely watch it. \nhttps://t.co/HndsHJaAKe"}, {"author_id": 176318855, "id": 1495184898956480512, "text": "@TheUluNation She\u2019ll forever be \u2018the girl from heavenly creatures\u2019 to me \ud83d\ude2d damn those English classes haha"}, {"author_id": 258216576, "id": 1495178209771630593, "text": "RT @albert70x7: @Michele44822427 @NewGeneva Amen. \n\ud83c\udfb6\nPraise God, from Whom all blessings flow;\nPraise Him, all creatures here below;\nPraise\u2026"}, {"author_id": 4178724491, "id": 1495174196531548164, "text": "RT @albert70x7: @Michele44822427 @NewGeneva Amen. \n\ud83c\udfb6\nPraise God, from Whom all blessings flow;\nPraise Him, all creatures here below;\nPraise\u2026"}, {"author_id": 523367276, "id": 1495174032072790019, "text": "@melanielynskey ever since I first saw you in Heavenly Creatures (1994) when ever I see your name in the cast I know it\u2019s going to be good and Yellowjackets is just perfect"}, {"author_id": 718592238683422721, "id": 1495173653939597312, "text": "RT @albert70x7: @Michele44822427 @NewGeneva Amen. \n\ud83c\udfb6\nPraise God, from Whom all blessings flow;\nPraise Him, all creatures here below;\nPraise\u2026"}, {"author_id": 1472415372, "id": 1495173416256745474, "text": "RT @albert70x7: @Michele44822427 @NewGeneva Amen. \n\ud83c\udfb6\nPraise God, from Whom all blessings flow;\nPraise Him, all creatures here below;\nPraise\u2026"}, {"author_id": 1433883370702921734, "id": 1495173396652433408, "text": "@LordSteerpike It has long fascinated me; I've read interviews with Perry and while she's circumspect she never attempts to deny it. You must have seen Heavenly Creatures."}, {"author_id": 1462403412889423875, "id": 1495166586994442252, "text": "RT @pan_pharaon: HEAVENLY CREATURES ???????????????????????????????????????????????????????????????????????????????????????????????????????\u2026"}, {"author_id": 1137280630088249346, "id": 1495166411228000257, "text": "HEAVENLY CREATURES ?????????????????????????????????????????????????????????????????????????????????????????????????????????????????????????????????????"}, {"author_id": 1239383707158528001, "id": 1495165837514268672, "text": "@melanielynskey Ever since I saw \"Heavenly Creatures\", I have made it a point to watch all your work. You are so talented!"}, {"author_id": 1371207573471424514, "id": 1495160777313067012, "text": "immaterial realms, the earthly and heavenly spheres, human and angelic creatures.\n\nBird, Michael F.. Colossians and Philemon (New Covenant Commentary Series) (p. 63). Cascade Books, an Imprint of Wipf and Stock Publishers. Kindle Edition."}, {"author_id": 1231078514104791041, "id": 1495160689702408192, "text": "@melanielynskey @PiperPerabo I've loved you since Heavenly Creatures. Amazing woman-- also loved you in \"But I'm a Cheerleader!\""}, {"author_id": 797561889672732672, "id": 1495157125118849028, "text": "@melanielynskey Some of us remember your beginnings from Heavenly Creatures and But I\u2019m a Cheerleader &lt;3"}, {"author_id": 16120903, "id": 1495147172555223046, "text": "@melanielynskey Leo has now officially played the husband of both stars of 'Heavenly Creatures,' and his characters have cheated on both of his on-screen wives. (Has he not seen 'Heavenly Creatures?!' You don't mess w/ these ladies!)"}, {"author_id": 1482823169987776513, "id": 1495144719055302660, "text": "@mimamim85 Nema, heavenly creatures both of them \ud83d\ude0d\ud83d\ude0d\ud83d\ude0d"}, {"author_id": 1050703553478692864, "id": 1495095245729587202, "text": "@QveenFeist @Cocolh44 I first saw her in \"But, Im A Cheerleader\", it was the accent that drove me wild. I saw \"Heavenly Creatures\", Lynskey and Winslet left me in chills.... https://t.co/KhJGVOYWc3"}, {"author_id": 1295904835313664001, "id": 1495092530425126913, "text": "@SalbarreyResis1 @Cocolh44 Me too! Ever since Heavenly Creatures."}, {"author_id": 2494275320, "id": 1495074330547568640, "text": "@SecondSightFilm just curious any chances for blu ray releases like, dreamchild 1985, the stepford wives 1975, blue steel, rush 1991, a better tomorrow 1986, heavenly creatures, the company of wolves, Martin 1977, the driver, girly 1970, melody?"}, {"author_id": 2494275320, "id": 1495073832188755973, "text": "@ArrowFilmsVideo just curious any chances for blu ray releases like, dreamchild 1985, the stepford wives 1975, blue steel, rush 1991, a better tomorrow 1986, heavenly creatures, the company of wolves, Martin 1977, the driver, girly 1970, and melody?"}, {"author_id": 2494275320, "id": 1495073228288630788, "text": "@ShoutFactory just curious any chance on blu ray releases like dream child 1985, the stepford wives 1975, blue steel, rush 1991, a better tomorrow 1986, heavenly creatures, the company of wolves, George A. Romero\u2019s martin, the driver, girly, and melody?"}, {"author_id": 1367663579235835906, "id": 1495072666360983554, "text": "Peter Jackson, director\n\nThe Lovely Bones\nHeavenly Creatures\nDead or Alive\nKing Kong\n\nThe Lovely Bones further proves evidence that Dhanishta is linked to sex trafficking/slavery https://t.co/vMesBySlvV"}, {"author_id": 1387475101873025024, "id": 1495068001791627268, "text": "There is only One Religion in the Universe for all creatures\nGod Almighty sent heavenly messages to all nations with a messenger and in a language from every nation and assigned them to follow the One Religion and adhere to the message specific to each nation in its homeland only https://t.co/M6J0a6ibpq"}, {"author_id": 1355157822942687235, "id": 1495067263531204612, "text": "should i make a holli would edit using too late or heavenly creatures\ud83d\ude17?"}, {"author_id": 59358343, "id": 1494915053824266243, "text": "Worship, I, the power shown these lovely two - \nAn adoring love for so few.\n'Tis indeed miraculous, one must feel,\nsuch that heavenly creatures are real."}, {"author_id": 169880662, "id": 1494890824357842947, "text": "2 people found #386336 and @BrandonMcKC was 1st! It was \"Heavenly Creatures\" (1994) by Peter Jackson. Back in 5 min! https://t.co/z3FE2ps1WU"}, {"author_id": 991069700254846977, "id": 1494813817875927041, "text": "RT @framefound: Kate Winslet in Heavenly Creatures (1994) https://t.co/lpFJ6SGuZC"}, {"author_id": 1474171424680157190, "id": 1494813392326082564, "text": "@dhaleyvicente @tipsybardi @xlilacso really wish 'do it' was released - would've been a hit.\n\nstill one of my fav leaks, next to heavenly creatures."}, {"author_id": 1216059660270260231, "id": 1494762093077221379, "text": "And I've never been so sure that after all these years I'll never learn that heavenly creatures never come..."}, {"author_id": 1701049416, "id": 1494755074421235715, "text": "I often wonder, why do parents die?\nThe only conclusion I could think of is:\n They are heavenly creatures, that's where they go...\nLove them while they are alive..\n#Loveurparents"}, {"author_id": 913458415564984320, "id": 1494721352309350404, "text": "In a world where a programmer and the powerful meet into heavenly creatures...empathy is the planet"}, {"author_id": 1478078044652937220, "id": 1494668099328557056, "text": "Praise GOD\u2764\ufe0f\nFROM WHOM ALL BLESSINGS FLOW.\n\nPRAISE HIM\u2764\ufe0f\nall creatures here below.\n\nPRAISE HIM ABOVE YE\nHEAVENLY HOSTS \ud83c\udfb5\ud83c\udfb6\n\nPRAISE\u270d\ufe0f\nFATHER\u2764\ufe0f\nSON\u2764\ufe0f\nHOLY GHOST\u2764\ufe0f\n\nAMEN\ud83d\udc8c\nI LOVE GOD .\nHE IS IN you  - \ud83d\udc8cEMMA.\nLIKE CHEERIOS - very GROOVY FEELING \ud83c\udfb6\ud83c\udfb5\nGOOD MORNING.\ud83d\ude0a\nCHEERFUL BLISS\ud83d\udc8c https://t.co/9jYqWgWP2E"}, {"author_id": 398049764, "id": 1494630962147250176, "text": "@gaitadaria Heavenly Creatures\nNight, Mother\nA Beautiful Mind\nThe Aviator\nGood Will Hunting\nBlack Swan"}, {"author_id": 799642981833838593, "id": 1494622508875714574, "text": "How about an EP? CREATURE SONGS (2014) by Wolf Alice is a delightful harbinger of things to come. Ellie Rowsell has a wonderful voice that's a throwback to the '90s female vocals we all know &amp; love. Just 4 tracks, \"Heavenly Creatures\" is the dreamiest. \"We're Not The Same\" - yeah https://t.co/JS7kGNdSbG"}, {"author_id": 1158392753996349441, "id": 1494598563996839939, "text": "The accuracy of the informations &amp; data that came in the last heavenly book,is the strongest evidence of the existence of the Creator,who knows all secrets of the genesis of his universe &amp; his creatures . !\n\nThe criterion for this is in ...\n\n+"}, {"author_id": 1451949099675275278, "id": 1494553199268745216, "text": "RT @Fatih0918: \u270f\ufe0fconscience = faith \u270f\ufe0fThe essence of the heavenly religions is compassion and mercy.. the conscientious person has faith..\u2026"}, {"author_id": 1258039191893676039, "id": 1494505844188266500, "text": "RT @Flyers4Cup: Praise GOD from whom all blessings flow\nPraise Him all creatures here below\nPraise Him above ye heavenly hosts\nPraise Fathe\u2026"}, {"author_id": 1050782811932774400, "id": 1494505284772974603, "text": "RT @Flyers4Cup: Praise GOD from whom all blessings flow\nPraise Him all creatures here below\nPraise Him above ye heavenly hosts\nPraise Fathe\u2026"}, {"author_id": 1228948755338100736, "id": 1494504955134234632, "text": "RT @Flyers4Cup: Praise GOD from whom all blessings flow\nPraise Him all creatures here below\nPraise Him above ye heavenly hosts\nPraise Fathe\u2026"}, {"author_id": 1067267587, "id": 1494504676523446273, "text": "Praise GOD from whom all blessings flow\nPraise Him all creatures here below\nPraise Him above ye heavenly hosts\nPraise Father, Son and Holy Ghost https://t.co/ekHQdMYhZr"}, {"author_id": 979962764549591041, "id": 1494499454317211649, "text": "RT @framefound: Kate Winslet in Heavenly Creatures (1994) https://t.co/lpFJ6SGuZC"}, {"author_id": 1394151886291456000, "id": 1494480620491362309, "text": "twirls in the air ~ throws around glitter ~ sings heavenly tunes to the surrounding forest creatures ~ https://t.co/lN0GECj0Rn"}, {"author_id": 460943611, "id": 1494472906759409669, "text": "@Mr_MbulaziSA God is all knowing and above all forgiving to we humans. I don\u2019t know the laws for Angels and heavenly creatures they all must live by the creators law... spirit possesses the body, humans on the other hand can\u2019t possess spirit."}, {"author_id": 309355725, "id": 1494459194786914307, "text": "@debilucha Labyrinth/Heavenly Creatures"}, {"author_id": 1367842297740673025, "id": 1494446549056864256, "text": "@Beerman556 Heavenly creatures? Please\ud83d\ude44The only thing putting a woman on a pedestal does for you is put you in just the right position to kiss her ass."}, {"author_id": 1289311693470699520, "id": 1494444037566185509, "text": "@mammaphiliac Im not so like that. All women are heavenly creatures some are more godlike than others !! You can guess which ones !!"}, {"author_id": 1218958855385862144, "id": 1494415769488220161, "text": "RT @framefound: Kate Winslet in Heavenly Creatures (1994) https://t.co/lpFJ6SGuZC"}, {"author_id": 32130523, "id": 1494412545750409217, "text": "@ExoAcademian 2)\u2026God (source, universe, the all, etc.)  in man, not Jesus\u2019 last name.\n\nAngels are mentioned as looking like us, as well as being \u201cheavenly *creatures*, indicating a myriad of \u201ctypes\u201d. So since a demon *is* a fallen part of the angelic order, they too could have many looks &amp;\u2026"}, {"author_id": 109077406, "id": 1494407798783979520, "text": "RT @framefound: Kate Winslet in Heavenly Creatures (1994) https://t.co/lpFJ6SGuZC"}, {"author_id": 1043865369155383296, "id": 1494406581710114817, "text": "Kate Winslet in Heavenly Creatures (1994) https://t.co/lpFJ6SGuZC"}, {"author_id": 1476536047240634368, "id": 1494387472805023750, "text": "@kmstx78 Heavenly Creatures, great choice, super movie \ud83d\ude00 https://t.co/iLRoa4Q8pv"}, {"author_id": 953338722883440641, "id": 1494381147970686989, "text": "@LordofSnacks And Heavenly Creatures, Dead Alive, Frightners, The Beatles Get Back! \u2764\ufe0f\ud83e\udde1\ud83d\udc9b\ud83d\udc9a\ud83d\udc99\ud83d\udc99"}, {"author_id": 894178215589285888, "id": 1494371539508252677, "text": "RELIGION AND ART: THIS POOR MAN CALLED THE LORD HEARD HIM https://t.co/weFyNlKGo7 Holy Spirit, make me understand the power of the promises of Our Lord Jesus Christ.  In your grace bind all God's creatures to our Heavenly Father. https://t.co/ThZqBPFyCm"}, {"author_id": 894178215589285888, "id": 1494363042586443791, "text": "RELIGION AND ART: THIS POOR MAN CALLED THE LORD HEARD HIM https://t.co/weFyNlKGo7 Holy Spirit, make me understand the power of the promises of Our Lord Jesus Christ.  In your grace bind all God's creatures to our Heavenly Father. https://t.co/ZL6D62l9NQ"}, {"author_id": 905308778, "id": 1494331558848700425, "text": "RT @BitsOfWhitt: \u201cPraise God from Whom all blessings flow!\nPraise Him all creatures here below.\nPraise Him above you heavenly host!\nPraise\u2026"}, {"author_id": 19037934, "id": 1494330906399494151, "text": "Imagine all of existence and heavenly hierarchy caught up on a one-word technicality. Humans are such impossibly stupid, gullible creatures. https://t.co/PO3D9Mw7sR"}, {"author_id": 958766722118508544, "id": 1494322283896180747, "text": "RT @BitsOfWhitt: \u201cPraise God from Whom all blessings flow!\nPraise Him all creatures here below.\nPraise Him above you heavenly host!\nPraise\u2026"}, {"author_id": 327590581, "id": 1494310244599668746, "text": "\u201cPraise God, from whom all blessings flow;\n Praise Him, all creatures here below;\n Praise Him above, ye heavenly host;\n Praise Father, Son, and Holy Ghost. \n Amen.\u201d"}, {"author_id": 19991542, "id": 1494303412044898307, "text": "\u201cPraise God from Whom all blessings flow!\nPraise Him all creatures here below.\nPraise Him above you heavenly host!\nPraise Father, Son and Holy Ghost.\u201d \ud83c\udfb6 \n\n#Doxology \ud83d\ude4c\ud83c\udffb https://t.co/u14Vbfx7r4"}, {"author_id": 1233464323600789506, "id": 1494244012949127176, "text": "RT @Fatih0918: \u270f\ufe0fconscience = faith \u270f\ufe0fThe essence of the heavenly religions is compassion and mercy.. the conscientious person has faith..\u2026"}, {"author_id": 1492463485321502720, "id": 1494215763745402881, "text": "@palkisu @Ukraine I am bowled over @palkisu beauty and smile...Cant believe such beauty can exist in mortal world...Only Immortals and heavenly creatures can be such beautiful , elegant , divine .."}, {"author_id": 1424878057496666115, "id": 1494182152090669058, "text": "i woke up and started singing heavenly creatures ?"}, {"author_id": 1389740592993689604, "id": 1494171705828421635, "text": "@fledglingnomad @mykeyirvin @Coheed listen to the new singles, and the u heavenly creatures album. they always play the songs in keeping secrets and welcome home. expect a lot of stuff from good apollo 1 and the first two albums. no world for tomorrow song is a safe bet"}, {"author_id": 1397637861986344961, "id": 1494157322834247681, "text": "@bluesuitabel and we got heavenly creatures and for your eyes only\ud83e\udd0c\ud83c\udffc"}, {"author_id": 346159937, "id": 1494145953544220673, "text": "@TheNoirEnigma Wait, so y'all did a campaign based on Coheed? How have I not heard of this? Was it Heavenly Creatures or their first storyline?"}, {"author_id": 4399926682, "id": 1494133463640776705, "text": "RT @bobby_capucci: \u201cWhen we drop fear, we can draw nearer to people, we can draw nearer to the earth, we can draw nearer to all the heavenl\u2026"}, {"author_id": 296961216, "id": 1494126095167275008, "text": "@PeterSweden7 I will NEVER bow down to this evil Lucifarian agenda. As long as Our Heavenly Father Adonai in Yeshua is in our hearts, the evil creatures that run this world can NEVER destroy us."}, {"author_id": 502071693, "id": 1494114992081285128, "text": "Can't find words for this heavenly creatures..... https://t.co/k5feAwHKlj"}, {"author_id": 1434898341867970566, "id": 1494096530730455040, "text": "Wherefore, when David speaks of the heavenly creatures, he says: \u2018There is none among the gods like unto Thee, O Lord\u2019; meaning by the gods the angels and holy souls. And elsewhere: \u2018O God, Thy way is in the holy place. What God is there so great as our God?\u2019 4/8"}, {"author_id": 1020490812944265216, "id": 1494094202434695170, "text": "Heavenly Creatures by The Weeknd is his best unreleased song\u2026"}, {"author_id": 1091725741916598274, "id": 1494082393535352835, "text": "This is what People living in Paradise while being Alive on Earth\n\nSound &amp; are heard like\n\nHeavenly!!\n\ntalking mid-air to invisible creatures only visible to their living rooms.."}, {"author_id": 1068515568511180800, "id": 1494078887424319496, "text": "Interesting answer. \n\nSeems a bit... well, stupid. So heavenly creatures are there to seek out sinners, while sinners have been first usually corrupted by demons, i guess, in the heavenly definition, so... why does this seem like a stupid way to run a business? https://t.co/QjesRNRztk"}, {"author_id": 1271314434284118017, "id": 1494077627212128263, "text": "\u3164\nInteresting thinking ;  but to be frank  \u2014\u2014  not even he himself can answer it. \n\nThere are heavenly creatures roaming amongst mortals, just like demonic ones, but it's not heaven that brings them to earth ;  it's the seeking of sinners.\n\u3164 https://t.co/AMXLtSp1Eh"}, {"author_id": 32119426, "id": 1494053292351053824, "text": "@shannon_mcgrew Heavenly Creatures?"}, {"author_id": 1067800064754479104, "id": 1494047444791099392, "text": "RT @Fatih0918: \u270f\ufe0fconscience = faith \u270f\ufe0fThe essence of the heavenly religions is compassion and mercy.. the conscientious person has faith..\u2026"}, {"author_id": 1273568654, "id": 1494033463581761540, "text": "@kelly_ques Definitely \u201cAmerican Psycho\u201d with Christian Bale. But \u201cHeavenly Creatures\u201d with Kate Winslet also."}, {"author_id": 319579498, "id": 1494017323857944580, "text": "RT @cryptickombucha: \u201cmoths are heavenly creatures, in nature they fly towards sunlight. and then we come along with our silly lamps, what,\u2026"}, {"author_id": 388542782, "id": 1494012213723426819, "text": "@bjcolangelo Easy A and Heavenly Creatures"}, {"author_id": 456393142, "id": 1494011524612243457, "text": "@DallinAgatone Highly highly recommend Trust, Heavenly Creatures, Naked, Morvern Callar, My Own Private Idaho, and many more."}, {"author_id": 913458415564984320, "id": 1493996578461388802, "text": "In a world fraught with corruption atomic tangerines and dominatrixes make sense into heavenly creatures...empathy is all"}, {"author_id": 976916627844313088, "id": 1493995910489001986, "text": "\u201cmoths are heavenly creatures, in nature they fly towards sunlight. and then we come along with our silly lamps, what, trying to imitate our sun. there\u2019s nothing wrong with the moths, it\u2019s us\u201d \n\nwasn\u2019t expecting to overhear a very passionate conversation abt moths"}, {"author_id": 957068550, "id": 1493990937869045769, "text": "Praise God from whom all blessings flow\nPraise him all creatures here below\nPraise him above ye heavenly hosts\nPraise Father son and Holy ghost\nAmeeeeeeen"}, {"author_id": 1058396743467982848, "id": 1493966702605918210, "text": "RT @bobby_capucci: \u201cWhen we drop fear, we can draw nearer to people, we can draw nearer to the earth, we can draw nearer to all the heavenl\u2026"}, {"author_id": 82239743, "id": 1493966201231491087, "text": "RT @bobby_capucci: \u201cWhen we drop fear, we can draw nearer to people, we can draw nearer to the earth, we can draw nearer to all the heavenl\u2026"}, {"author_id": 1450025657543581697, "id": 1493953694051753990, "text": "RT @bobby_capucci: \u201cWhen we drop fear, we can draw nearer to people, we can draw nearer to the earth, we can draw nearer to all the heavenl\u2026"}, {"author_id": 1018184783782862849, "id": 1493952731777622021, "text": "RT @bobby_capucci: \u201cWhen we drop fear, we can draw nearer to people, we can draw nearer to the earth, we can draw nearer to all the heavenl\u2026"}, {"author_id": 1218025677019996160, "id": 1493951460295393289, "text": "\u201cWhen we drop fear, we can draw nearer to people, we can draw nearer to the earth, we can draw nearer to all the heavenly creatures that surround us.\u201d  -  Bell Hooks https://t.co/KX7LlKJU2H"}, {"author_id": 1474171424680157190, "id": 1493947969829322753, "text": "@BBCR1 @theweeknd heavenly creatures"}, {"author_id": 1382004566863048709, "id": 1493903548924448771, "text": "RT @Fatih0918: \u270f\ufe0fconscience = faith \u270f\ufe0fThe essence of the heavenly religions is compassion and mercy.. the conscientious person has faith..\u2026"}, {"author_id": 1377241215868018688, "id": 1493899551316586502, "text": "The LORD said, \"The Living Creatures are the closet of the heavenly beings to Me.\""}, {"author_id": 412869039, "id": 1493891824112779266, "text": "RT @Fatih0918: \u270f\ufe0fconscience = faith \u270f\ufe0fThe essence of the heavenly religions is compassion and mercy.. the conscientious person has faith..\u2026"}, {"author_id": 1450811117618352130, "id": 1493890866104381441, "text": "RT @Fatih0918: \u270f\ufe0fconscience = faith \u270f\ufe0fThe essence of the heavenly religions is compassion and mercy.. the conscientious person has faith..\u2026"}, {"author_id": 65983444, "id": 1493886789270085635, "text": "Peter was MOSTLY known for Bad Taste and Braindead (Dead Alive). (Heavenly Creatures, The Frighteners and Forgotten Silver probably played larger roles in landing him LotR)\n\nPeople basically expected weird rubber masks, silly comedy, excessive gore, etc. shot with a Bolex. 2/5"}, {"author_id": 1148160463647232000, "id": 1493872459757539330, "text": "\u270f\ufe0fconscience = faith \u270f\ufe0fThe essence of the heavenly religions is compassion and mercy.. the conscientious person has faith.. the faith of the unscrupulous cannot be mentioned.. a virtuous person who is beneficial to the creatures has tasted faith.. https://t.co/ALw1gXTrbQ"}]