[{"author_id": 1450338378331820032, "id": 1495284814835957760, "text": "RT @AdityaRajKaul: Kashmir based Chinar Corps Commander Lt. Gen. DP Pandey paying wreath at the ceremony while paying homage to Sepoy Santo\u2026"}, {"author_id": 48660857, "id": 1495284797354110976, "text": "RT @love_for_nation: Homage to\nSepoy Santosh Yadav\n&amp;\nSepoy Chavan Romit Tanaji\nof 1 RR\nwho made supreme sacrifice yesterday in an encounter\u2026"}, {"author_id": 1479756499597475840, "id": 1495284796322312194, "text": "RT @adgpi: General MM Naravane #COAS and All Ranks of #IndianArmy pay homage to the brave jawans of Central Reserve Police Force who laid d\u2026"}, {"author_id": 1225074271476518913, "id": 1495284717821652997, "text": "RT @AdityaRajKaul: Kashmir based Chinar Corps Commander Lt. Gen. DP Pandey paying wreath at the ceremony while paying homage to Sepoy Santo\u2026"}, {"author_id": 1373422415175356416, "id": 1495284450921529345, "text": "RT @ivyparkspr: - The song was surprise released with an unlisted music video the day before Beyonc\u00e9\u2019s scheduled Super Bowl half-time show\u2026"}, {"author_id": 984899058983563264, "id": 1495284210642210820, "text": "RT @screenrant: #AFairyTaleAfterAll Review: Creative, Whimsy Homage To Jim Henson Classics https://t.co/bbsBcQoDFQ https://t.co/BmNM6DGhBy"}, {"author_id": 1484273143321616386, "id": 1495284156686909443, "text": "Saraki pays homage to new Serikin Malamai, extols his good character and\u00a0pedigree https://t.co/oiv8sjH1Yy"}, {"author_id": 1334034987281125384, "id": 1495284066224001028, "text": "RT @screenrant: #AFairyTaleAfterAll Review: Creative, Whimsy Homage To Jim Henson Classics https://t.co/bbsBcQoDFQ https://t.co/BmNM6DGhBy"}, {"author_id": 1039830744263213056, "id": 1495283983508287493, "text": "@Leairis3 I'm working on a homage set of favorite covers the after McFarlane pose of spiderman using you as a reference would be \ud83d\udd25\ud83d\udd25"}, {"author_id": 878030105188159488, "id": 1495283832379092994, "text": "RT @AsiyaRodrigo: We live in a society that promotes fake piety, fake lifestyles, fake loyalty and homage that authenticity and straightfor\u2026"}, {"author_id": 1432112764462542856, "id": 1495283780516515855, "text": "Guess what? I got a fever. And the only prescription\u2026 is more beaver. This tee goes to 11 &amp; is our little homage to International Beaver Day with a 1970s twist. And a knot. #internationalbeaverday https://t.co/4VrE9jN9n2"}, {"author_id": 1062042484119871488, "id": 1495283776762662912, "text": "RT @ivyparkspr: - The song was surprise released with an unlisted music video the day before Beyonc\u00e9\u2019s scheduled Super Bowl half-time show\u2026"}, {"author_id": 714336334043856896, "id": 1495283740565590019, "text": "RT @Anubakshi8: Homage to\n\nNAIK SANDEEP KALIRAMAN\n10 PARA SF\nSENA MEDAL (P)\non his 3rd Balidan Diwas today.\n\nNaik Kaliraman was  injured wh\u2026"}, {"author_id": 700756588865277952, "id": 1495283583975518208, "text": "RT @OreBobby: Bugatti Pays Homage To Its Racing History With The All-Electric Baby II At The GP Ice Race https://t.co/1ielhyw4Oo #news #Bug\u2026"}, {"author_id": 1336196919698333697, "id": 1495283494083301379, "text": "The UK has been running the culture for a few years now but you wouldn\u2019t know cause people don\u2019t pay homage or credit it."}, {"author_id": 1605672349, "id": 1495283401959645185, "text": "RT @ivyparkspr: - The song was surprise released with an unlisted music video the day before Beyonc\u00e9\u2019s scheduled Super Bowl half-time show\u2026"}, {"author_id": 999487060556759040, "id": 1495283298976759808, "text": "@jqckwhite homage @thedulab"}, {"author_id": 941971029441654785, "id": 1495283190885335043, "text": "RT @SunilAmbekarM: Ravish tiwari, @IndianExpress was a sensible journalist of very good scholarship , always practiced with higher values a\u2026"}, {"author_id": 1433389332262313984, "id": 1495282647932698625, "text": "RT @DidiForPM: Respectful homage to Chhatrapati Shivaji Maharaj, the great Maratha king, on his birth anniversary!\n\n#Shivaji #DidiForPM #Ch\u2026"}, {"author_id": 1070752423575253000, "id": 1495282449840062464, "text": "RT @Dreln: Apparently there was a 1986 Japanese mag that had a pink haired lady Link. Pink? Found out from @Aeyga_X and @HistoryofHyrule an\u2026"}, {"author_id": 2574972570, "id": 1495282386992566274, "text": "RT @TheMetaSail: \u201cThe art is the same yet with brand new color combinations\u2026 \u201d\n\nBullshit collections like these set back the entire #NFT mo\u2026"}, {"author_id": 359487808, "id": 1495282207828557825, "text": "|| All I can say is if you\u2019re a fan of classic horror/suspense, the new Texas Chainsaw Massacre pays WELL homage to the first original one back in 1972. https://t.co/J6Hr16sNW5"}, {"author_id": 1360595819624333317, "id": 1495282139637628929, "text": "@KgosihadiKopung Thobile must not go to her house again. It was disrespectful. \n\nIm glad the OG Nonku, has not gone to pay homage in that house.."}, {"author_id": 283232281, "id": 1495281988554657793, "text": "Kinda struck me in that same kinda area of modern sci-fi doing the whole faux-Asian dystopia like yea I get you grew up watching Bladerunner and thought it looked cool and wanted to pay homage without realising the iffy subtext, a lot of artists do it, myself included"}, {"author_id": 1355100903158599682, "id": 1495281973304397825, "text": "RT @DrSJaishankar: Pay homage to Chhatrapati Shivaji Maharaj on his Jayanti. Will always remain a symbol of indomitable courage and deep pa\u2026"}, {"author_id": 1491436131883237376, "id": 1495281906434605056, "text": "We know that when we are together, the amount of energy increases. PM Modi paid homage to all religions. \n#ModiWithAfganSikh\nhttps://t.co/kQLW5vZeMg"}, {"author_id": 1260386917373186048, "id": 1495281870191296512, "text": "@WeekendersTags I prefer the term homage.\ud83d\ude43\ud83e\udd23"}, {"author_id": 4908752926, "id": 1495281730265268225, "text": "RT @DrSJaishankar: Pay homage to Chhatrapati Shivaji Maharaj on his Jayanti. Will always remain a symbol of indomitable courage and deep pa\u2026"}, {"author_id": 1456832348838785029, "id": 1495281710212136964, "text": "\u201cThe art is the same yet with brand new color combinations\u2026 \u201d\n\nBullshit collections like these set back the entire #NFT movement. This is plagiarism, not art, not a derivative, not an homage. This is theft.\n\n@0xClones @RTFKTstudios @takashipom @Nike https://t.co/udzFyjoqQk"}, {"author_id": 953491509411708928, "id": 1495281581820416005, "text": "And now I gotta figure out how to hold my smoke w this popsicle stand splint ass homage ass w a hair tie on my index pp\ud83d\ude02\ud83d\ude02\ud83d\ude02\ud83d\ude02\ud83d\ude02"}, {"author_id": 551693237, "id": 1495281466409893891, "text": "@PUNPEE It was an eye opener learning how this song is an homage to Japanese Funk. Got to thank Skeme Richards for opening my eyes on this one. \n\nhttps://t.co/WQLh7i0Y6o"}, {"author_id": 1275263857980616705, "id": 1495281277515276290, "text": "Source:https://t.co/HM9XxeOZ2h Pay Homage to DaCR8iveone  #BLACKARTIST #BLACKOWNED https://t.co/JrrhCzNABl"}, {"author_id": 334051970, "id": 1495281123953455111, "text": "RT @AsiyaRodrigo: We live in a society that promotes fake piety, fake lifestyles, fake loyalty and homage that authenticity and straightfor\u2026"}, {"author_id": 807964194, "id": 1495280980315279361, "text": "@Thefooze @scattermoon The issue It's some kind of... homage (?) to homeless people, while simultaneously being hostile design so homeless people can't lay there."}, {"author_id": 1425670326344552454, "id": 1495280834479542272, "text": "RT @AdityaRajKaul: Kashmir based Chinar Corps Commander Lt. Gen. DP Pandey paying wreath at the ceremony while paying homage to Sepoy Santo\u2026"}, {"author_id": 128131220, "id": 1495280831212171265, "text": "RT @TFTBLpod: 8) Yakuza: Like a Dragon (PS5)- Strikes a masterful balance between paying homage to the Kiryu games and setting a new path.\u2026"}, {"author_id": 1452524629126356997, "id": 1495280749398102016, "text": "8) Yakuza: Like a Dragon (PS5)- Strikes a masterful balance between paying homage to the Kiryu games and setting a new path. Combat is snappy with fun animations. Ichiban rules, and the change to party-based RPG allows more personal storylines to shine. Recommended! (52 hours) https://t.co/Cn00R1FDS7"}, {"author_id": 1358599950930706435, "id": 1495280739713093632, "text": "RT @MUSIKMENFESS: If you like Homage by Mild High Club. This is for you \ud83d\udc4c\ud83c\udffc # https://t.co/fFwY9kWWBq"}, {"author_id": 1480008193086406657, "id": 1495280510351732738, "text": "RT @DirHR_iocl: Visited IndianOil's company owned &amp; operated Fuel Station at Jalampura in Rajasthan yesterday where I felicitated star Cust\u2026"}, {"author_id": 100223606, "id": 1495280472796061696, "text": "RT @angelicadisogno: @dianadep1 @ejlazar @1Atsuhimerose2 @marmelyr @neblaruz @ampomata @BrindusaB1 @Spiros209 @peac4love @djolavarrieta @al\u2026"}, {"author_id": 1320266132868087813, "id": 1495280467150471168, "text": "RT @DidiForPM: Respectful homage to Chhatrapati Shivaji Maharaj, the great Maratha king, on his birth anniversary!\n\n#Shivaji #DidiForPM #Ch\u2026"}, {"author_id": 1438351004991426568, "id": 1495280187923177481, "text": "Latto so real. I have so much respect for her like she been bout this rap game! And she respect and adores all the women who paved the way for her. Paying homage is great and all but shawty got the skill! So proud of how far she\u2019s come honestly. God bless her \ud83e\udd7a\ud83d\udc95 @Latto"}, {"author_id": 743224482, "id": 1495279985141207041, "text": "RT @sbstarherald: To pay homage to their first date, Chelsea and Luke Castner used the courtyard outside of The Tavern for their first look\u2026"}, {"author_id": 97610161, "id": 1495279769478635525, "text": "William Wallace - how to inspire a crowd - and not with the line you think ...\n\nWilliam Wallace - I give homage to Scotland. [Shouting to crowd.] And if this is your army, why does it\ngo?\n\nIf this is your team (in the great resignation) why does it go?\n\nHe was a head of his time!"}, {"author_id": 99064160, "id": 1495279762599731200, "text": "RT @ddickeyart: Tonight\u2019s creation \u2026 this is my homage to de Chirico. https://t.co/krGIHxGVsp"}, {"author_id": 1465424404528222212, "id": 1495279681926574082, "text": "@ajaluabel @PatriqKanyomozi You're transparent there my friend indeed Teso has developed but the question that matters is how has lteso people as a community managed to scratch out from the grass and now up to that visible development that everyone may appreciate, we need to scrutinize who to give a homage."}, {"author_id": 267864634, "id": 1495279593749893122, "text": "RT @Anubakshi8: Homage to\n\nNAIK SANDEEP KALIRAMAN\n10 PARA SF\nSENA MEDAL (P)\non his 3rd Balidan Diwas today.\n\nNaik Kaliraman was  injured wh\u2026"}, {"author_id": 1068505127970058243, "id": 1495279456025518082, "text": "RT @AsiyaRodrigo: We live in a society that promotes fake piety, fake lifestyles, fake loyalty and homage that authenticity and straightfor\u2026"}, {"author_id": 2209808460, "id": 1495279351096504322, "text": "RT @athrunchan1: I'd like to point out that many Cleriths find Marlene's design in AC a homage to Cloud and Aerith's design.\n\nLo and behold\u2026"}, {"author_id": 2551943022, "id": 1495279268384763904, "text": "RT @AdityaRajKaul: Kashmir based Chinar Corps Commander Lt. Gen. DP Pandey paying wreath at the ceremony while paying homage to Sepoy Santo\u2026"}, {"author_id": 3293740174, "id": 1495279126022074368, "text": "RT @DrSJaishankar: Pay homage to Chhatrapati Shivaji Maharaj on his Jayanti. Will always remain a symbol of indomitable courage and deep pa\u2026"}, {"author_id": 815576846091878400, "id": 1495278992693370880, "text": "RT @Harklehypocrits: @BaronessBruck Wow, he can't even pay homage to the man that gave him everything. I shouldn't be surprised...I mean, h\u2026"}, {"author_id": 106810271, "id": 1495278648626380800, "text": "RT @RichardBarrow: Chaloemla Park, otherwise known as Graffiti Park, has had some new artwork done since the last time I was there. Yoichi\u2026"}, {"author_id": 4882413893, "id": 1495278537967689728, "text": "RT @RichardBarrow: Chaloemla Park, otherwise known as Graffiti Park, has had some new artwork done since the last time I was there. Yoichi\u2026"}, {"author_id": 3145161121, "id": 1495278537066041344, "text": "RT @ricardo_matos: My homage to 24 years of Frozen, by #Madonna, released on February 16th \nDrawn on #iPad using #Procreate https://t.co/OK\u2026"}, {"author_id": 1471578522887933954, "id": 1495278104721297408, "text": "RT @JackieSmith114: When in Corpus, you pay homage to Selena. That\u2019s just the law. \ud83c\udf39 https://t.co/TuxUZnLedw"}, {"author_id": 1427286455148171269, "id": 1495278090121060352, "text": "RT @love_for_nation: Homage to\nSepoy Santosh Yadav\n&amp;\nSepoy Chavan Romit Tanaji\nof 1 RR\nwho made supreme sacrifice yesterday in an encounter\u2026"}, {"author_id": 1351595693102690305, "id": 1495278087453360130, "text": "@eylysianm \u201cThis duty, is never easy, isn't it?\u201d\nPaying homage to the fallen warriors of unspoken names, thousand, hundred thousand\u3161fall as a withering auburn leaves in the end of October, yet their warmth preserved still. Through the paved road of million wishes they traversed, wishes"}, {"author_id": 50839570, "id": 1495277885380202498, "text": "RT @RichardBarrow: Chaloemla Park, otherwise known as Graffiti Park, has had some new artwork done since the last time I was there. Yoichi\u2026"}, {"author_id": 1329258745151377408, "id": 1495277780484780034, "text": "RT @ricardo_matos: My homage to 24 years of Frozen, by #Madonna, released on February 16th \nDrawn on #iPad using #Procreate https://t.co/OK\u2026"}, {"author_id": 341805227, "id": 1495277768241659904, "text": "RT @RichardBarrow: Chaloemla Park, otherwise known as Graffiti Park, has had some new artwork done since the last time I was there. Yoichi\u2026"}, {"author_id": 1275263857980616705, "id": 1495277753880518657, "text": "Source:https://t.co/b0oPfHS8h8 Pay Homage to TBD STUDIO #BLACKARTIST #BLACKOWNED https://t.co/IvwTpahAHw"}, {"author_id": 227301906, "id": 1495277751070339076, "text": "RT @JackieSmith114: When in Corpus, you pay homage to Selena. That\u2019s just the law. \ud83c\udf39 https://t.co/TuxUZnLedw"}, {"author_id": 145756383, "id": 1495277308554399744, "text": "@andrewcf_lt @Xandara @TOSSatNight Strange how much of that episode set on Talos IV is an homage to Yesteryear. #DSCSatNight #TOSSatNight"}, {"author_id": 1275263857980616705, "id": 1495277259103604736, "text": "Source:https://t.co/7niKDOhZx8 Homage to #Queen \ud83d\udc78\ud83c\udffe #LatoshaStone #ProperGnar for being the first black skateboard Company #Blackowned #Dollskill  \u2b50\ufe0f\u2b50\ufe0f\u2b50\ufe0f\u2b50\ufe0f\u2b50\ufe0f  \u270a\ud83c\udffd\u270a\ud83c\udffe\u270a\ud83c\udfff https://t.co/LRYwWYxr6N"}, {"author_id": 31406719, "id": 1495277176823824385, "text": "Ahh that\u2019s the basketball coach. The homage is THERE."}, {"author_id": 179430173, "id": 1495277102660153346, "text": "RT @AdityaRajKaul: Kashmir based Chinar Corps Commander Lt. Gen. DP Pandey paying wreath at the ceremony while paying homage to Sepoy Santo\u2026"}, {"author_id": 1471037967926018051, "id": 1495277091712999424, "text": "RT @ayocovi: @MissyElliott one of my favorite songs/music videos of all time. had to get on the beat and pay homage to your creative vision\u2026"}, {"author_id": 1277586927135358976, "id": 1495277061308616705, "text": "RT @AsiyaRodrigo: We live in a society that promotes fake piety, fake lifestyles, fake loyalty and homage that authenticity and straightfor\u2026"}, {"author_id": 1437997257832509444, "id": 1495277042123825153, "text": "RT @KennethFolk: May you be happy.\nMay you be healthy.\nMay you be free from danger.\nMay you live in peace.\n\nHomage to Sharon Salzberg, who\u2026"}, {"author_id": 134918082, "id": 1495276860925788160, "text": "When in Corpus, you pay homage to Selena. That\u2019s just the law. \ud83c\udf39 https://t.co/TuxUZnLedw"}, {"author_id": 937314884, "id": 1495276823487254532, "text": "@Badikathcare You can\u2019t rewind time, you can only use it to pay homage for what they did. Thank you for your service and those that stood beside you \u2764\ufe0f"}, {"author_id": 1275263857980616705, "id": 1495276747130089473, "text": "Source:https://t.co/VGm6XbY7oY Pay Homage to Rheana Smith #BLACKARTIST #BLACKOWNED https://t.co/dop6XOyOYs"}, {"author_id": 919535262371405824, "id": 1495276714381000708, "text": "This is a very cool game that pays so much love and homage to the entire Mega Man series. While it is a gacha game and obviously is not the next Mega Man game we're looking for, it's absolutely worth a look as it's free to play. Please give it a chance. https://t.co/NyD6u7yAdF"}, {"author_id": 1132745653061181441, "id": 1495276513889234944, "text": "The best 3 and a half minutes of television I've seen in ages. From the amazing show Billions - The Scene is a direct homage to Big Night (1996)\n\nhttps://t.co/V7AtcP6Rvj"}, {"author_id": 1075464902003884033, "id": 1495276395173449731, "text": "RT @AsiyaRodrigo: We live in a society that promotes fake piety, fake lifestyles, fake loyalty and homage that authenticity and straightfor\u2026"}, {"author_id": 30552652, "id": 1495276299467776000, "text": "RT @ricardo_matos: My homage to 24 years of Frozen, by #Madonna, released on February 16th \nDrawn on #iPad using #Procreate https://t.co/OK\u2026"}, {"author_id": 1448181846617956354, "id": 1495276221696860164, "text": "RT @ChinarcorpsIA: #ChinarCorps Cdr paid homage to #Kashmiris &amp; valiant soldiers of #IndianArmy who laid down their lives in the decisive #\u2026"}, {"author_id": 293111681, "id": 1495276117166538756, "text": "RT @AsiyaRodrigo: We live in a society that promotes fake piety, fake lifestyles, fake loyalty and homage that authenticity and straightfor\u2026"}, {"author_id": 774813350370750465, "id": 1495276111948832769, "text": "Wouldn\u2019t it be smart to pay homage to the previous all-stars game by having the weekend jerseys based of it ??"}, {"author_id": 609366474, "id": 1495276045439623168, "text": "RT @RichardBarrow: Chaloemla Park, otherwise known as Graffiti Park, has had some new artwork done since the last time I was there. Yoichi\u2026"}, {"author_id": 829812439545999361, "id": 1495275968218415106, "text": "RT @athrunchan1: I'd like to point out that many Cleriths find Marlene's design in AC a homage to Cloud and Aerith's design.\n\nLo and behold\u2026"}, {"author_id": 457424479, "id": 1495275966318485511, "text": "At this point in animation, it's become a right of passage to pay homage to the Akira slide."}, {"author_id": 339376474, "id": 1495275959146139648, "text": "RT @HOMAGE: 29 years ago Jaleel White won the '93 NBA Celebrity Dunk Contest. Pay homage. https://t.co/LBVGKy9NHY"}, {"author_id": 277061155, "id": 1495275955144826880, "text": "RT @AsiyaRodrigo: We live in a society that promotes fake piety, fake lifestyles, fake loyalty and homage that authenticity and straightfor\u2026"}, {"author_id": 2271515422, "id": 1495275878561030144, "text": "@_maddiemueller_ @benhowardmusic @Wrix2 @isrrocks @RadioTfsc @DJencat @Delerium65 @CranberryMerch2 @Robyn_RihannaRF @MitchOliver8 @JimArms09244913 I wrote a bit about the dynamic guitar arrangement and how well you did...that's not my area of technical specialty...just go by ear. Songwriting and Vocal are my thayngs. I know this song and your cover pays homage to the original while truly lending you personally to it."}, {"author_id": 35636909, "id": 1495275708599259137, "text": "RT @KennethFolk: May you be happy.\nMay you be healthy.\nMay you be free from danger.\nMay you live in peace.\n\nHomage to Sharon Salzberg, who\u2026"}, {"author_id": 1233228413386797058, "id": 1495275686600196096, "text": "I'll pay homage to the Humanzoo with a package or two."}, {"author_id": 878231173691957249, "id": 1495275654132092928, "text": "@ComicGirlAshley Love the shameless ultraman homage"}, {"author_id": 3197826883, "id": 1495275423424520193, "text": "RT @jasonshawnalex: My last Norman Rockwell homage cover for #NitaHawesNightmareBlog #6! This is one of my favorites. @TheRodneyBarnes http\u2026"}, {"author_id": 1396153011714465797, "id": 1495275418651598849, "text": "RT @ddickeyart: Tonight\u2019s creation \u2026 this is my homage to de Chirico. https://t.co/krGIHxGVsp"}, {"author_id": 1277381079196893185, "id": 1495275358458982403, "text": "Tonight\u2019s creation \u2026 this is my homage to de Chirico. https://t.co/krGIHxGVsp"}, {"author_id": 3197826883, "id": 1495275355413823488, "text": "RT @Todd_McFarlane: EXTENDED deadline to order THE SCORCHED #3. \n1st of 4 (future issues) that will connect all those covers. Homage to his\u2026"}, {"author_id": 1361376858420490246, "id": 1495275330495385602, "text": "RT @JM_Scindia: I pay my sincere homage to the men  who were martyred on this day in Pulwama, three years ago. The supreme sacrifice that o\u2026"}, {"author_id": 1275263857980616705, "id": 1495275237621088256, "text": "Source:https://t.co/qtCfjhBA3N Pay Homage to SIMONE COTTON #BLACKARTIST #BLACKOWNED https://t.co/HM2YJghxfs"}]