[{"author_id": 1043865369155383296, "id": 1494829359815081984, "text": "Homeward Bound II: Lost in San Francisco (1996) https://t.co/9lJVb5K5Ae"}, {"author_id": 1100190509073600513, "id": 1494673078378549249, "text": "Homeward Bound II: Lost in San Francisco:\n- Golden Retriever\n- Himalayan \n- American Bulldog\n- San Francisco International Airport\n- Golden Gate Bridge\n- Boxer \n- Bullmastiff\n- Laboratory\n- San Francisco Fire Department\n- Battalion chief\n- Backdraft"}, {"author_id": 1321819739040161792, "id": 1494652240405184522, "text": "to avoid objectifying women I masturbate to Homeward Bound II: Lost in San Francisco"}, {"author_id": 1133071056, "id": 1493635547427966978, "text": "Second booster down! (4th shot, for anyone counting) this time I get to watch the beginning of The Mighty Ducks as my post-vaccine entertainment -and the tail end of Homeward Bound II: Lost In San Francisco. https://t.co/jvPsW5ODwF"}, {"author_id": 1486335482481057792, "id": 1493587176981995522, "text": "Homeward Bound Ii [videorecording] : Lost In San Francisco\n2002\nDVD/Videocassette | dvd children h767t 2002\nitems: 7 | circs: 373 | last circ: 1/2022\nfilm adaptations burnford sheila every,burnford sheila every film adaptations\nhttps://t.co/A6rp6L9kjN"}]