[{"author_id": 2612776994, "id": 1495228664451153922, "text": "@Adri_Unsung @Mackletrain If I may: Homeward Bound: The Incredible Journey"}, {"author_id": 738199410333474818, "id": 1494960118504509441, "text": "Brain Games (2011) meets Homeward Bound: The Incredible Journey (1993)"}, {"author_id": 966405282216673281, "id": 1494487305763045384, "text": "@ThatEricAlper The ending scene in Homeward Bound: The Incredible Journey when Peter and Shadow are reunited. One of my favorite movie scenes of all time. https://t.co/Cs9Qw8Lwpt"}, {"author_id": 1426441519700004864, "id": 1494321941045399561, "text": "RT @kinshipcharity: \ud83d\udd34 It\u2019s homeward bound for @TomDaley1994 today as he completes the final leg of his journey for @comicrelief and #Kinshi\u2026"}, {"author_id": 121722641, "id": 1494250387787980801, "text": "\ud83d\udd34 It\u2019s homeward bound for @TomDaley1994 today as he completes the final leg of his journey for @comicrelief and #KinshipFamilies. \n\n\u2764\ufe0f And #KinshipCarer @meyrems will be there to cheer him on at the finish line!\n\n\ud83d\udc4f @kinshipcharity thanks Tom for his incredible support. https://t.co/UnoJsU8R9v"}, {"author_id": 227075220, "id": 1493660482917441538, "text": "@juicycIit Yes I do! Do you remember Homeward Bound: The Incredible Journey"}, {"author_id": 940655170106650624, "id": 1493612359121780742, "text": "@M_ooddie Do love Channing. Not sure I can manage Marley, though. Hell, Homeward Bound and The Incredible Journey made me cry. \ud83d\ude2d"}, {"author_id": 1173305823759650816, "id": 1492924436445548553, "text": "RT @Freebyrd316: Released \ud83c\udfac #OnThisDay in 1993,\nHomeward Bound: The Incredible Journey #90sMovies https://t.co/gu8zdCBGfu"}]