[{"author_id": 1675391942, "id": 1494936692242976769, "text": "@RaggedTP I watched How to make an American Quilt ... not for everyone i think but a feel-good cosy movie that was just right for me last night"}, {"author_id": 1468459848132366343, "id": 1494768670240772097, "text": "How to Make an American Quilt (1995)\n this classic musical film has a biting library shot that does not gladden the film's cutaway. absoulutely incongruent.\n Rating: \u2b50\u2b50\u2b50"}, {"author_id": 1465596145, "id": 1494212170967654406, "text": "@Shogun_Gaming @thatstarwarsgrl How To Make An American Quilt."}, {"author_id": 1410292043956506628, "id": 1494196921216364550, "text": "RT @DekhReviews: \u201cHow to Make an American Quilt\u201d \u2014 Every Movie Has a Lesson https://t.co/rtzX7X4LMw #USA #US #UnitedStates #Sweden #Swiss #\u2026"}, {"author_id": 1412847827563139074, "id": 1494196330331361280, "text": "\u201cHow to Make an American Quilt\u201d \u2014 Every Movie Has a Lesson https://t.co/rtzX7X4LMw #USA #US #UnitedStates #Sweden #Swiss #Europe #Euro #CaymanIsland #Gibraltar #England #Jordan #Oman #bahrain #Kuwait #Canada https://t.co/uS64sm7rYi"}, {"author_id": 999921929233489926, "id": 1493698087235485696, "text": "RT @Katzo60: American character actress Lois Smith is 91. In a career spanning eight decades she is best known for her roles in Five Easy P\u2026"}, {"author_id": 2835572938, "id": 1493676490122268678, "text": "American character actress Lois Smith is 91. In a career spanning eight decades she is best known for her roles in Five Easy Pieces (1970), Resurrection (1980), Fatal Attraction (1987), Fried Green Tomatoes (1991), How To Make An American Quilt (1995) and Dead Man Walking (1995). https://t.co/Gsc09J38dy"}, {"author_id": 1742895787, "id": 1493569150748397568, "text": "@ToniaBuxton @emmakennytv I haven\u2019t seen that in ages! One of my favourite cold, wet and windy day films to sit and watch is How To Make An American Quilt. Superb cast. Keep meaning to read the book too. https://t.co/12vyzXeWuH"}, {"author_id": 1006911200, "id": 1493288820711829517, "text": "@Live_for_Films How to Make an American Quilt."}]