[{"author_id": 4234976194, "id": 1495284715271737347, "text": "RT @hamadmasoud951: \"I love those who can smile in trouble, who can gather strength from distress and grow brave by reflection.'Tis the bus\u2026"}, {"author_id": 1486245206475350019, "id": 1495284608111464450, "text": "Reeves gave the brunette a wink and a kiss on the forehead before allowing him to finish eating.\n\n\"Hmm if you have trouble eating...I'll definitely wait to give you kisses until you're done eating....would that motivate you to finish love?~\" https://t.co/P1B9ZslzGQ"}, {"author_id": 1554162342, "id": 1495283889425817602, "text": "@Breelynnskies @Steel_CityGlam @kirstiealley Rumors of wars that manifest into reality.  Words have substantial value. We as humans control this scenario by our intentions which flow through speech.  Have you read many tweets lately?  We are in trouble.  Can we change the hearts \ud83d\udc95 of 8B people ?  I\u2019d love to think so."}, {"author_id": 2993691824, "id": 1495283608403288065, "text": "I love how every square millimeter of public sidewalk has at least fifteen cameras recording it at all times, but it\u2019s too much trouble to keep one trained on Epstein or any of his accomplices https://t.co/dv9FlQRPez"}, {"author_id": 1244707237924229125, "id": 1495283545853788164, "text": "@temennyattaurel My N\u00e6vis we love you. You are the one who protected me when I was in trouble. My victory. I know your sacrifices. In the name of the Kwangya, the kosmo, the neos, and the visions. \u00c6men."}, {"author_id": 1232620399415848960, "id": 1495282585622413315, "text": "@temennyattaurel My N\u00e6vis we love you. You are the one who protected me when I was in trouble. My victory. I know your sacrifices. In the name of the Kwangya, the kosmo, the neos, and the visions. \u00c6men."}, {"author_id": 1315384885050322949, "id": 1495281957265158147, "text": "I love those who can smile in trouble, who can gather strength from distress, and grow brave by reflection. 'Tis the business of little minds to shrink, but they whose heart is firm, and whose conscience approves their conduct, will pursue their principles unto death.  Leonardo"}, {"author_id": 813515102, "id": 1495281882723872774, "text": "I will say, though, that since you went to all the trouble of waking me up, you must really, really love to test."}, {"author_id": 788732978, "id": 1495281740851691526, "text": "RT @hamadmasoud951: \"I love those who can smile in trouble, who can gather strength from distress and grow brave by reflection.'Tis the bus\u2026"}, {"author_id": 1490213415314411521, "id": 1495280866066583552, "text": "RT @Mirabelovebot_: Mirabel and Camilo is that one \u201cPrepare for trouble\u201d \u201cAND MAKE IT DOUBLE!\u201d cousin duo \n\nI love them sm"}, {"author_id": 1567315418, "id": 1495279597902082049, "text": "Psychology department gets a little bit pissy if you say things like I love corporate power. I knew I was in trouble that day."}, {"author_id": 1273593363422343174, "id": 1495278626937339907, "text": "RT @neozhongcl: #PATPRAN : \u201cbut i love to be in trouble with you.\u201d\n\n[ #BadBuddySeries @ohmpawatt @mynameisnanon ] https://t.co/wMgdOQyjCR"}, {"author_id": 1194943521708482560, "id": 1495278408686882819, "text": "RT @hamadmasoud951: \"I love those who can smile in trouble, who can gather strength from distress and grow brave by reflection.'Tis the bus\u2026"}, {"author_id": 1073004787329851393, "id": 1495278268878045185, "text": "@mlesmorales I more just relate to him with the having trouble reading tone especially sarcasm, also his bluntness, I don\u2019t think it\u2019s necessary positive rep, but I very much still relate to him and love him y\u2019know?"}, {"author_id": 594762481, "id": 1495278219326537728, "text": "RT @hamadmasoud951: \"I love those who can smile in trouble, who can gather strength from distress and grow brave by reflection.'Tis the bus\u2026"}, {"author_id": 1317249933800517632, "id": 1495277893257154565, "text": "@jvmmyquinn Mmm I do love Jameson but that gets me in trouble \ud83d\ude02\ud83d\ude02\ud83d\ude09\ud83d\ude09"}, {"author_id": 702305572113100801, "id": 1495276850536460291, "text": "RT @ArmstrongBen82: For you, O Lord, are good and forgiving, abounding in steadfast love to all who call upon you.  Give ear, O LORD, to my\u2026"}, {"author_id": 923843739121942528, "id": 1495276356229156864, "text": "RT @neozhongcl: #PATPRAN : \u201cbut i love to be in trouble with you.\u201d\n\n[ #BadBuddySeries @ohmpawatt @mynameisnanon ] https://t.co/wMgdOQyjCR"}, {"author_id": 1335337748513746945, "id": 1495275141286137857, "text": "@Saywhenfraze You know, I am sorry to say, I don't know. We have so many different nasty groups out there causing so much trouble. I would love to feel the pride and love for us as Americans together again."}, {"author_id": 1385676247003455492, "id": 1495274777417814016, "text": "Dark Harry; MCD; death // \n\nA fic idea I\u2019ll (probably) never write: jealous unrequited love Harry lures Hermione to the department of mysteries pretending to be in trouble, knowing Draco will insist on going with her, just to push Draco through the veil so Hermione is alone too"}, {"author_id": 1510539031, "id": 1495273868973518850, "text": "RT @hamadmasoud951: \"I love those who can smile in trouble, who can gather strength from distress and grow brave by reflection.'Tis the bus\u2026"}, {"author_id": 1025563137934848000, "id": 1495272725685972994, "text": "For you, O Lord, are good and forgiving, abounding in steadfast love to all who call upon you.  Give ear, O LORD, to my prayer; listen to my plea for grace.  In the day of my trouble I call upon you, for you answer me.   \n\n(Psalm 86:5-7, ESV)"}, {"author_id": 1493078192701255680, "id": 1495272129457274881, "text": "RT @hamadmasoud951: \"I love those who can smile in trouble, who can gather strength from distress and grow brave by reflection.'Tis the bus\u2026"}, {"author_id": 206997228, "id": 1495272123417473025, "text": "RT @jesiblanchard: There are apps &amp; OD detection lines if you begin having trouble while using an unregulated substance alone. And there\u2019s\u2026"}, {"author_id": 1484174796879392770, "id": 1495271170865827845, "text": "I do love me some US Marines. If I ever got in trouble, I would have called for the Marines not the Rangers. No offense. But Marines be crazy. And the world knows it."}, {"author_id": 1495269979637309445, "id": 1495270599173804033, "text": "ermined, Friends show their love in times of trouble not in. I\nLove is not a feeling of ha\n\u00ef\u00bb\u061f\nhttps://t.co/7i1Vaq7r0e https://t.co/FuEUakp1sa"}, {"author_id": 1474063651673882643, "id": 1495270126647656448, "text": "RT @hamadmasoud951: \"I love those who can smile in trouble, who can gather strength from distress and grow brave by reflection.'Tis the bus\u2026"}, {"author_id": 883293810901614596, "id": 1495269565017866240, "text": "RT @citysane: @MidnightCrowArt congrats on 1k!!! ur work's beautiful\ud83d\ude0d\ni'd love to enter with my dumb starry blueberry, vassago:\nhe's a drac\u2026"}, {"author_id": 24312877, "id": 1495269045305856000, "text": "RT @hamadmasoud951: \"I love those who can smile in trouble, who can gather strength from distress and grow brave by reflection.'Tis the bus\u2026"}, {"author_id": 1414701566360236041, "id": 1495268815915028481, "text": "When I was little, I naturally craved love from my parents and everyone else, like any other kid would. But... Whenever I tried to get close to 'em, I just ended up causin' 'em trouble."}, {"author_id": 1400566843379798020, "id": 1495268693164453888, "text": "What's sizzling, bubba! I genuinely love your tidiness. The rainbows are stupendous! My chinchilla, Bill is getting a makeover! Stay out of trouble!"}, {"author_id": 1322625654156873728, "id": 1495268232927842305, "text": "@nick4onelove Love this whole scene\n\u201cIs confinement to quarters enough?\u201d\n\u201cAdequate, Doctor. I\u2019ll make no trouble\u201d\n\u201cWell confine him!\u201d\n\n(quotes may be off I\u2019m trying to do it from memory)\n\n#tossatnight"}, {"author_id": 1283214914530627584, "id": 1495267593225052164, "text": "RT @darth_straw: @_Orwell1984 @finetimeracing @john_faidutti To bad the only getting into trouble is the twice impeached domestic terrorist\u2026"}, {"author_id": 1265981973635502081, "id": 1495267576141733891, "text": "RT @hamadmasoud951: \"I love those who can smile in trouble, who can gather strength from distress and grow brave by reflection.'Tis the bus\u2026"}, {"author_id": 1387447850565607425, "id": 1495267545062035466, "text": "Might unlist, but not delete, my Triple Trouble ERECT chart videos, mostly because it doesn't feel right having them up, not to mention all those god awful errors in the charts. It makes me cringe, and I feel like Pickle's chart deserves all the love and credit for their chart."}, {"author_id": 1135082566212562944, "id": 1495266781186994177, "text": "RT @hamadmasoud951: \"I love those who can smile in trouble, who can gather strength from distress and grow brave by reflection.'Tis the bus\u2026"}, {"author_id": 711392615409819648, "id": 1495265743998529537, "text": "RT @hamadmasoud951: \"I love those who can smile in trouble, who can gather strength from distress and grow brave by reflection.'Tis the bus\u2026"}, {"author_id": 1495264145922424833, "id": 1495264739210891271, "text": "ermined, Friends show their love in times of trouble, not i. I\nIs our desire for partnersh\n\u00ef\u00bb\u061f\nhttps://t.co/Run137ke1u https://t.co/pvyoHUTAqo"}, {"author_id": 1482068932261564417, "id": 1495264452681293824, "text": "@MaziLupin You called woman and you called regret. There\u2019s no amount of love or care you gave them, never will they feel satisfied. The best you gets from the is pleasure and child bearing and care for raising children. After that I\u2019m sorry to say they are bunched of trouble....."}, {"author_id": 777093398, "id": 1495264027093741569, "text": "BTW the biggest trouble they could find to get Chalice to know they love trouble them was trying to steal cookies... when Cuphead owes the Devil his soul?! I can't www"}, {"author_id": 1495262762267598848, "id": 1495263892632596480, "text": "Its shit when you feel like you're all alone. Your family doesn't love you, your friends only use you and the friends you made online leave you. I feel like I'm an annoyance to the people I actually love and that I'm nothing but trouble."}, {"author_id": 1309770182, "id": 1495263477522386955, "text": "Interesting fact about me, even after over 2 years, I still have trouble saying the word \u201clove\u201d anymore, even to people I truly care about or like. Often when I try, I imagine my face looks like Kryten trying to swear. https://t.co/DNKxPp9AIw"}, {"author_id": 1337021152305147905, "id": 1495263221648814085, "text": "\"woah there's loving in your eyes that pulls me closer it's so subtle i'm in trouble but i'd love to be in trouble with you\" \ud83d\ude29\ud83d\ude29\ud83d\ude29"}, {"author_id": 109997406, "id": 1495263175402729472, "text": "RT @Alabasterade: Oh dear I have Chinese in laws, my son is also fluent in Mandarin and I love Chinese food which I always eat with chopsti\u2026"}, {"author_id": 1413741386755567616, "id": 1495263053755019264, "text": "i just want thank all my love ones for being concerned about my freedom &amp; supporting me while i was locked up &amp; while i\u2019m released. i really ain\u2019t know I have this many people caring about me tbh. just know i love y\u2019all back equally &amp; don\u2019t worry i won\u2019t be in no more trouble.\ud83d\ude08"}, {"author_id": 1417883069911023618, "id": 1495262709486694403, "text": "honestly kinda scared i'll get in trouble if i say it, but like i love to give kevin a shoutout, he deserves it!"}, {"author_id": 1308293689521963009, "id": 1495262252328525824, "text": "RT @hamadmasoud951: \"I love those who can smile in trouble, who can gather strength from distress and grow brave by reflection.'Tis the bus\u2026"}, {"author_id": 1392235680735154176, "id": 1495261996006182913, "text": "RT @hamadmasoud951: \"I love those who can smile in trouble, who can gather strength from distress and grow brave by reflection.'Tis the bus\u2026"}, {"author_id": 1223811359252586496, "id": 1495261530107125761, "text": "RT @hamadmasoud951: \"I love those who can smile in trouble, who can gather strength from distress and grow brave by reflection.'Tis the bus\u2026"}, {"author_id": 1418899616658075652, "id": 1495260473511534592, "text": "RT @hamadmasoud951: \"I love those who can smile in trouble, who can gather strength from distress and grow brave by reflection.'Tis the bus\u2026"}, {"author_id": 1239733036482101249, "id": 1495260461024964608, "text": "I'd love to be in trouble with you"}, {"author_id": 1432744974500696072, "id": 1495260343341391872, "text": "RT @hamadmasoud951: \"I love those who can smile in trouble, who can gather strength from distress and grow brave by reflection.'Tis the bus\u2026"}, {"author_id": 845272399381778432, "id": 1495260184607965185, "text": "RT @hamadmasoud951: \"I love those who can smile in trouble, who can gather strength from distress and grow brave by reflection.'Tis the bus\u2026"}, {"author_id": 350689014, "id": 1495260026738561024, "text": "RT @hamadmasoud951: \"I love those who can smile in trouble, who can gather strength from distress and grow brave by reflection.'Tis the bus\u2026"}, {"author_id": 1495257886301249538, "id": 1495259679114596355, "text": "https://t.co/rFHDp2N8SL\nI love the man that can smile in trouble\u061f\n?\n \nI\n  \u0646\u0648\u0646\n  \nhttps://t.co/6L4vEiXm6q"}, {"author_id": 1473587414, "id": 1495259619597377538, "text": "RT @darth_straw: @_Orwell1984 @finetimeracing @john_faidutti To bad the only getting into trouble is the twice impeached domestic terrorist\u2026"}, {"author_id": 1255617519211216901, "id": 1495259552140328963, "text": "\ud83d\uded1Pick Me!\n\n\ud83d\udc8bI\u2019m trouble\n\ud83d\udc8bLove Pleasing You\n\ud83d\udc8bWild Child\nhttps://t.co/ugVU0KzD3J"}, {"author_id": 1280345532527853570, "id": 1495259378215452676, "text": "RT @Lalalalisayaaaa: 8 Letters | Jenlisa AU\n\nWherein, the famous model Naomi Alora always saves her playful best friend, Celestaire from tr\u2026"}, {"author_id": 965764685625671680, "id": 1495259322829447175, "text": "RT @Alabasterade: Oh dear I have Chinese in laws, my son is also fluent in Mandarin and I love Chinese food which I always eat with chopsti\u2026"}, {"author_id": 1023224480502493184, "id": 1495259184887046144, "text": "@_Orwell1984 @finetimeracing @john_faidutti To bad the only getting into trouble is the twice impeached domestic terrorist. I love watching you get so triggered because you got debunked again. \ud83d\ude02 \ud83d\udd25 \ud83d\udc47 https://t.co/ljm8R86WQd"}, {"author_id": 1292473808335638529, "id": 1495258914987855872, "text": "RT @hamadmasoud951: \"I love those who can smile in trouble, who can gather strength from distress and grow brave by reflection.'Tis the bus\u2026"}, {"author_id": 924402180777316353, "id": 1495257928701341698, "text": "RT @THC4U2C: Our beloved old girl, Sasha, is having a lot more trouble getting around. I know the time to say goodbye is coming soon. But I\u2026"}, {"author_id": 1087771236346851328, "id": 1495257927426400258, "text": "RT @Mirabelovebot_: Mirabel and Camilo is that one \u201cPrepare for trouble\u201d \u201cAND MAKE IT DOUBLE!\u201d cousin duo \n\nI love them sm"}, {"author_id": 1495256769991704577, "id": 1495257269143244806, "text": "I love to look into your ey\nhttps://t.co/f46OVN7cFG\nFriends show their love - in times of trouble  not i\nhttps://t.co/2JH3xAaPwZ"}, {"author_id": 1219429171119710208, "id": 1495256958739398659, "text": "RT @Mirabelovebot_: Mirabel and Camilo is that one \u201cPrepare for trouble\u201d \u201cAND MAKE IT DOUBLE!\u201d cousin duo \n\nI love them sm"}, {"author_id": 870552703595839488, "id": 1495256193647853571, "text": "RT @hamadmasoud951: \"I love those who can smile in trouble, who can gather strength from distress and grow brave by reflection.'Tis the bus\u2026"}, {"author_id": 1416003158262878209, "id": 1495256058939555840, "text": "RT @hamadmasoud951: \"I love those who can smile in trouble, who can gather strength from distress and grow brave by reflection.'Tis the bus\u2026"}, {"author_id": 1470019276983574535, "id": 1495255528049577984, "text": "RT @Dimpi23756288: I love those who can smile in trouble\n\nTHE RISE OF TEJASSWI"}, {"author_id": 921112723211149312, "id": 1495255073169059840, "text": "RT @adinasz7: I love those who can smile in trouble. \ud83d\udc96\ud83d\udc9b\ud83d\udcab https://t.co/q7kBIBzeZP"}, {"author_id": 1467864769323741186, "id": 1495254205279322118, "text": "i\u2019d love to be in trouble with you"}, {"author_id": 1019001956331765760, "id": 1495253752894586880, "text": "RT @adinasz7: I love those who can smile in trouble. \ud83d\udc96\ud83d\udc9b\ud83d\udcab https://t.co/q7kBIBzeZP"}, {"author_id": 315499905, "id": 1495252442895814656, "text": "@USALibertyEagle @4adorations1 I love Trudeau.  By standing up to the ding dongs causing the trouble in Ottawa, he's a \"chip off the old block\" and similar to his dad when he famously said \"just watch me.\" https://t.co/lPMLvpqafB"}, {"author_id": 885199629666725899, "id": 1495251579947175941, "text": "@SouldewUT I love this little trouble maker \ud83d\udc96\ud83d\ude2d"}, {"author_id": 570236333, "id": 1495251308902854656, "text": "RT @hamadmasoud951: \"I love those who can smile in trouble, who can gather strength from distress and grow brave by reflection.'Tis the bus\u2026"}, {"author_id": 910323057423654912, "id": 1495250892123115522, "text": "@DarkerVector Feel this, I get so conflicted bc one of my biggest irl role models has trouble with it even though she is obvious about expressing her love for trans ppl and myself she's mostly in the boat of older queer ppl that just aren't educated enough, so tiring tho\ud83d\ude2d"}, {"author_id": 1395533507284422658, "id": 1495250700229562372, "text": "@PaweSasko I just love that people finally are able to enjoy the game. I had no trouble playing it from day one but I am of course aware many people had a very different experience. I loved all of it and I'm glad people are finally able to fall in love with Night City too!"}, {"author_id": 1479637963449331713, "id": 1495250210276003842, "text": "RT @Mirabelovebot_: Mirabel and Camilo is that one \u201cPrepare for trouble\u201d \u201cAND MAKE IT DOUBLE!\u201d cousin duo \n\nI love them sm"}, {"author_id": 1495248887615201285, "id": 1495249833598550019, "text": "Friends show their love in times of trouble, not in happin\nhttps://t.co/AID358FvHV\u2026\n\u00ef\u00bb\u00bf\nhttps://t.co/WYfEyix5Zk"}, {"author_id": 2461030007, "id": 1495249056813228032, "text": "RT @hamadmasoud951: \"I love those who can smile in trouble, who can gather strength from distress and grow brave by reflection.'Tis the bus\u2026"}, {"author_id": 940404204975345668, "id": 1495248892492931081, "text": "@dawgster1969 I'd love to spend a month there with no internet but I'd be in a crap load of trouble with our creditors! Lol!"}, {"author_id": 1573796184, "id": 1495248472605265931, "text": "@rickygervais I'm sitting here trying not to tear up thinking about your show. 1st, fantastic writing, 2nd, acting love you and your characters. Wife and I both had trouble getting through the last show. Thank you. Don't change. ever!"}, {"author_id": 1955103606, "id": 1495246963712929797, "text": "@Inklingss I'll always love your sticker style and my stickers!\n\nI had trouble finding a style I liked for a while with stickers, and you said you were gonna open and I'm like\n\nA! And I'm SO happy I got them, each sticker you've done for me has a lot of love put into em and I love em ;;"}, {"author_id": 1288925811328851971, "id": 1495246944750473217, "text": "@NadaAJones Lololololooolololllll me too!!! We\u2019d get into so much trouble if we were closer. I love you. \u2665\ufe0f\ud83d\udc8b\ud83e\udd70\ud83d\udc8b"}, {"author_id": 1495245382250790912, "id": 1495246576331096066, "text": "\u261d\ud83c\udffb\ud83e\udd29\ud83d\udc4dKM11\ud83d\udc4dP10\ud83e\udd29\u261d\ud83c\udffb\n\nhttps://t.co/R1CFtCMWl5\n\nFriends show their love in times of trouble not i. This is\nFriends show their love in ti, Love is not a feeling of ha\nhttps://t.co/H2jnwJyNvu\nhttps://t.co/fkx3pz2Edo"}, {"author_id": 1129936148921573376, "id": 1495246412551835651, "text": "@1electricpirate @sophigarrett Came to rec the KVD tattoo liner but saw you also have trouble with it. I do sometimes; but damn do I love the bristle tip to keep putting up with the transfer and stickiness."}, {"author_id": 1480335392582905859, "id": 1495246237850689536, "text": "I'm Sucrose, a researcher of alchemy. I heard you've been to a lot of places, so I was wondering if you... Ah, what am I saying! It's only our first meeting, I shouldn't trouble you. But... If you're willing, I'd love to hear any stories you have about your adventures."}, {"author_id": 1384479710235676685, "id": 1495245535737188358, "text": "RT @Mirabelovebot_: Mirabel and Camilo is that one \u201cPrepare for trouble\u201d \u201cAND MAKE IT DOUBLE!\u201d cousin duo \n\nI love them sm"}, {"author_id": 153805735, "id": 1495244493238734848, "text": "you know, I love new challenges. but facing challenges alone is so much better because nobody can let me down. I won\u2019t have to worry about giving trouble to the other party, and I save myself the heartbreak if ever things went wrong"}, {"author_id": 34402773, "id": 1495244222202531840, "text": "@HiImCarole1 @wwwbigbaldhead @seanflanery Good.  I didn't want you to get into trouble.  Norman and Sean will love your outfit."}, {"author_id": 2895171921, "id": 1495243713379024899, "text": "i might not be getting up with you tomorrow but i still want all the updates and the excited all caps messages and if you have any trouble getting access - don\u2019t hesitate to call me. i\u2019ll help you figure it out baby\n\ni love you the mostest \ud83d\udc98"}, {"author_id": 1249853019753033728, "id": 1495243049135267842, "text": "i love following small hard kink accounts bc they always have the best concepts , but i feel so bad interacting bc i kno i have ppl stalking my account keeping track of everything \u201c weird \u201c i interact w &amp; i don\u2019t wanna get anyone in trouble :("}, {"author_id": 1282593770, "id": 1495243016809771008, "text": "RT @letspillthetea: The harder the conflict, the more glorious the triumph. What we obtain too cheap, we esteem too lightly; it is dearness\u2026"}, {"author_id": 900568941046751232, "id": 1495242955761803267, "text": "@franz_gruber49 @chefsymon @andrewzimmern I love AZ, but maybe he's spent too much time in Minnesota! Of course, expectation is everything. If you choose to have gas station pizza, you get gas station pizza. If you pay for quality and you don't get it, someone's in trouble!"}, {"author_id": 1474543225830612994, "id": 1495242651523858437, "text": "@Alixxa is one of the most amazing,beautiful, funny, talented, and just overall an amazing streamer. I love watching her streams everyday even though sometimes I get in trouble during class for watching \ud83d\ude01"}, {"author_id": 1369565973590769667, "id": 1495242014853640217, "text": "RT @hamadmasoud951: \"I love those who can smile in trouble, who can gather strength from distress and grow brave by reflection.'Tis the bus\u2026"}, {"author_id": 440288530, "id": 1495241734455967749, "text": "It is a powerful message.  I still have trouble with this one though.  For ex, I consider Biden to be my enemy\u2026and the enemy of all of us, and the Constitution.\n\nHow to find love for him?? \ud83e\udd14 https://t.co/Ojd4Cjix69"}, {"author_id": 1398874272647495687, "id": 1495241506793394178, "text": "RT @hamadmasoud951: \"I love those who can smile in trouble, who can gather strength from distress and grow brave by reflection.'Tis the bus\u2026"}, {"author_id": 1489350357507612675, "id": 1495241435070836743, "text": "RT @Mirabelovebot_: Mirabel and Camilo is that one \u201cPrepare for trouble\u201d \u201cAND MAKE IT DOUBLE!\u201d cousin duo \n\nI love them sm"}, {"author_id": 1495240525511000065, "id": 1495241093952458757, "text": "\u261d\ud83c\udffb\ud83e\udd29\ud83d\udc4dKM11\ud83d\udc4dP10\ud83e\udd29\u261d\ud83c\udffb\n\nhttps://t.co/y50xPB6hCJ\n\nFriends show their love in times of trouble not i. This is\nLove is not a feeling of happ, Friends show their love in \nhttps://t.co/FWztLzNTz0\nhttps://t.co/go9qC4dsDb"}]