[{"author_id": 16467600, "id": 1495210609847193601, "text": "@magicalbody And who got hired to play the Velvets in I Shot Andy Warhol? Checkmate, buddy!"}, {"author_id": 1376347938348281859, "id": 1494865719368028165, "text": "RT @creativeconect: it\u2019s crazy. I really shot Andy Warhol\u2019s Closing Exhibit at @FotografiskaNY for @VICE in @Margiela .   \n\nHappy Black Fut\u2026"}, {"author_id": 66041396, "id": 1494857976733216778, "text": "it\u2019s crazy. I really shot Andy Warhol\u2019s Closing Exhibit at @FotografiskaNY for @VICE in @Margiela .   \n\nHappy Black Future Year!\n\n#BlackHistoryMonth"}, {"author_id": 46185001, "id": 1494772728745938945, "text": "\ud83d\udcf9: Installation view of Cory Arcangel, I Shot Andy Warhol, 2022. Hacked Hogan's Alley cartridge, Nintendo Entertainment System console and light gun. Courtesy of the artist and Arcangel Studio, Inc., USA CA 2002-002.1 \u00a9\ufe0f Cory Arcangel."}, {"author_id": 1470848729976492033, "id": 1494477577460748293, "text": "@averycutedog there's already i shot andy warhol if that counts"}, {"author_id": 1429816513192726529, "id": 1494402753770237960, "text": "Why was I getting so much life when I watched I Shot Andy Warhol in hs?? Lol"}, {"author_id": 817488540988829697, "id": 1493763783512272898, "text": "@delphicbitch What is your opinion on Dorff in I Shot Andy Warhol? Seems like a portrayal I liked only because I didn't know anything in the '90s."}, {"author_id": 357536515, "id": 1493448203315912706, "text": "*.\u2727Movie\uff61*\uff9f\n17. I shot Andy Warhol (1996)\nDir. Mary Harron https://t.co/FjxzXfUrHn"}, {"author_id": 749443986478227457, "id": 1492965456650674177, "text": "@VK_HM I'm not that kind of poster, but if I were, I like to think mine would be either I Love You Phillip Morris or I Shot Andy Warhol"}]