[{"author_id": 786349810336997377, "id": 1495235817689788418, "text": "Immortal Beloved \nhttps://t.co/J4GdzXWQ7A\n\nSign up now and get 10 free iAstraCoins No Credit Card Needed\n\nmobile users go to https://t.co/v7D6NfYWWr for advertising free viewing\n#NASA"}, {"author_id": 2679880238, "id": 1495230551715950594, "text": "Immortal Beloved \nhttps://t.co/bHWoe9dw3F\n\nSign up now and get 10 free iAstraCoins No Credit Card Needed\n\nmobile users go to https://t.co/OdnwFUJXAa for advertising free viewing\n#Cinema https://t.co/ikqHmDKPbV"}, {"author_id": 1474704536593862657, "id": 1495209106491146243, "text": "RT @RahulGandhi: Received the sad news of Lata Mangeshkar ji\u2019s demise. She remained the most beloved voice of India for many decades. \nHer\u2026"}, {"author_id": 3661330401, "id": 1495179267004674049, "text": "...beloved and immortal. https://t.co/kSfZBJxhRR"}, {"author_id": 833701981017473024, "id": 1495156616928370694, "text": "no cause why this look like the memory montage of a human from the pov of his immortal beloved \ud83e\udd7a https://t.co/aG4T1rT3v0"}, {"author_id": 1408253778, "id": 1495154725154697217, "text": "Watching the beautiful movie IMMORTAL BELOVED about Beethoven starring the exquisite Gary Oldman. https://t.co/r1jkrT1Tof"}, {"author_id": 3580696697, "id": 1495123630568755200, "text": "Immortal Beloved \nhttps://t.co/JI3iUMg5NB\n\nSign up now and get 10 free iAstraCoins No Credit Card Needed\n\nmobile users go to https://t.co/nW88l4lDgO for advertising free viewing\n#Recreation"}, {"author_id": 780861484171526144, "id": 1495110024984608769, "text": "RT @glooomi_: the Immortal and the Beloved Child #goldenkamuy \ud83c\udff9 https://t.co/KECCkUxwCt"}, {"author_id": 3093630534, "id": 1495104023938146316, "text": "@robertjwolfmd Immortal Beloved."}, {"author_id": 1399269637418733576, "id": 1495103468352139264, "text": "Rumors said that after the Qing Jing Peak peak lord lost his beloved disciple at the Immortal Alliance Conference, he\u2019d fallen into inconsolable heartbreak for a long time; seeing him now, it looked like he still hadn\u2019t accepted that Luo Binghe was already gone."}, {"author_id": 714339759749922816, "id": 1495103157134782464, "text": "RT @glooomi_: the Immortal and the Beloved Child #goldenkamuy \ud83c\udff9 https://t.co/KECCkUxwCt"}, {"author_id": 1136302978443358208, "id": 1495094191617024004, "text": "RT @TheSkandar: Tribute to a legendary music composer and singer #BappiLahiri on his demise.\n\nHe remained the most beloved voice of India f\u2026"}, {"author_id": 746059828250943488, "id": 1495074776427155457, "text": "Immortal Beloved \nhttps://t.co/R5S55Tnhb1\n\nSign up now and get 10 free iAstraCoins No Credit Card Needed\n\nmobile users go to https://t.co/XnjVM5Joq6 for advertising free viewing\n#movienight"}, {"author_id": 1182923600, "id": 1495069769413926917, "text": "Immortal Beloved \nhttps://t.co/EpbNxIOMvr\n\nSign up now and get 10 free iAstraCoins No Credit Card Needed\n\nmobile users go to https://t.co/lGHufoqFec for advertising free viewing\n#models"}, {"author_id": 272319109, "id": 1495056050772271112, "text": "RT @svssstxt: Rumors said that after the Qing Jing Peak peak lord lost his beloved disciple at the Immortal Alliance Conference, he\u2019d falle\u2026"}, {"author_id": 1036946473173307393, "id": 1495047813595791361, "text": "RT @RahulGandhi: Received the sad news of Lata Mangeshkar ji\u2019s demise. She remained the most beloved voice of India for many decades. \nHer\u2026"}, {"author_id": 385925750, "id": 1494982374614044673, "text": "@HamillHimself No one's going to remember me for anything. The cheers and tears over seeing you in \"The Mandalorian\" and \"Book of Boba Fett\" are evidence you're clearly immortal now. Add in Joker and Trickster. Your mark has been inscribed across multiple fandoms. All beloved. Thank you, sir."}, {"author_id": 17732405, "id": 1494975715996946435, "text": "RT @glooomi_: the Immortal and the Beloved Child #goldenkamuy \ud83c\udff9 https://t.co/KECCkUxwCt"}, {"author_id": 1431294116554579969, "id": 1494975442054533121, "text": "RT @cicerfics: I am thinking of the Terrifying Yiling Patriarch, Immortal Emperor of the Cultivation World, Fearsome and Indefatigable, All\u2026"}, {"author_id": 1469149918392913923, "id": 1494973999624847367, "text": "RT @cicerfics: I am thinking of the Terrifying Yiling Patriarch, Immortal Emperor of the Cultivation World, Fearsome and Indefatigable, All\u2026"}, {"author_id": 1420778556343296003, "id": 1494968866753028097, "text": "RT @RahulGandhi: Received the sad news of Lata Mangeshkar ji\u2019s demise. She remained the most beloved voice of India for many decades. \nHer\u2026"}, {"author_id": 746102674869870592, "id": 1494966794913816577, "text": "Immortal Beloved \nhttps://t.co/DcAw7QsYLo\n\nSign up now and get 10 free iAstraCoins No Credit Card Needed\n\nmobile users go to https://t.co/gTIwgwMVY4 for advertising free viewing\n#PeopleMagazine"}, {"author_id": 2468004421, "id": 1494946683620311043, "text": "Immortal Beloved \nhttps://t.co/F3yG2HboBO\n\nSign up now and get 10 free iAstraCoins No Credit Card Needed\n\nmobile users go to https://t.co/bifYbq1ind for advertising free viewing\n#Art https://t.co/knMIDP47mm"}, {"author_id": 2668614840, "id": 1494937863661961217, "text": "RT @glooomi_: the Immortal and the Beloved Child #goldenkamuy \ud83c\udff9 https://t.co/KECCkUxwCt"}, {"author_id": 296816253, "id": 1494937159165304833, "text": "RT @glooomi_: the Immortal and the Beloved Child #goldenkamuy \ud83c\udff9 https://t.co/KECCkUxwCt"}, {"author_id": 1228538239, "id": 1494936733170888704, "text": "RT @glooomi_: the Immortal and the Beloved Child #goldenkamuy \ud83c\udff9 https://t.co/KECCkUxwCt"}, {"author_id": 1077434859897860096, "id": 1494915765715161089, "text": "RT @glooomi_: the Immortal and the Beloved Child #goldenkamuy \ud83c\udff9 https://t.co/KECCkUxwCt"}, {"author_id": 1394834017, "id": 1494914943002595330, "text": "Immortal Beloved \nhttps://t.co/yehtPi6CMa\n\nSign up now and get 10 free iAstraCoins No Credit Card Needed\n\nmobile users go to https://t.co/gVhozmngN7 for advertising free viewing\n#Technology https://t.co/DMaViIBxhp"}, {"author_id": 1283652963685130240, "id": 1494908296129495042, "text": "RT @RahulGandhi: Received the sad news of Lata Mangeshkar ji\u2019s demise. She remained the most beloved voice of India for many decades. \nHer\u2026"}, {"author_id": 3252067069, "id": 1494867217443622918, "text": "RT @RahulGandhi: Received the sad news of Lata Mangeshkar ji\u2019s demise. She remained the most beloved voice of India for many decades. \nHer\u2026"}, {"author_id": 936233566626766849, "id": 1494864823532011520, "text": "RT @RahulGandhi: Received the sad news of Lata Mangeshkar ji\u2019s demise. She remained the most beloved voice of India for many decades. \nHer\u2026"}, {"author_id": 336108705, "id": 1494856727992451072, "text": "@lara_bronson Immortal Beloved"}, {"author_id": 1378577710654451714, "id": 1494828329769136128, "text": "RT @RahulGandhi: Received the sad news of Lata Mangeshkar ji\u2019s demise. She remained the most beloved voice of India for many decades. \nHer\u2026"}, {"author_id": 988855537, "id": 1494793288502579201, "text": "RT @RahulGandhi: Received the sad news of Lata Mangeshkar ji\u2019s demise. She remained the most beloved voice of India for many decades. \nHer\u2026"}, {"author_id": 3364817657, "id": 1494772273064075268, "text": "Immortal Beloved https://t.co/LA4Cd32PyP"}, {"author_id": 39507240, "id": 1494770528145522691, "text": "RT @LibraryatNight: I'll be doing a free virtual talk with my immortal beloved @TheRosenbach on Feb 23... From the Dark Archives: Books Bou\u2026"}, {"author_id": 849366916493979648, "id": 1494755437379473410, "text": "RT @PFemme2: Xianxia is similar to wuxia; it involves martial arts. However, xianxia is set in the realm of immortals such as gods, fairies\u2026"}, {"author_id": 751627476, "id": 1494754522278903812, "text": "RT @ShoebillsTDS: As an immortal thespian once said, in a film of great repute, beloved by all, renowned and lauded by the critics of its d\u2026"}, {"author_id": 525548420, "id": 1494751254651838473, "text": "RT @LibraryatNight: I'll be doing a free virtual talk with my immortal beloved @TheRosenbach on Feb 23... From the Dark Archives: Books Bou\u2026"}, {"author_id": 12237542, "id": 1494750589221285893, "text": "RT @LibraryatNight: I'll be doing a free virtual talk with my immortal beloved @TheRosenbach on Feb 23... From the Dark Archives: Books Bou\u2026"}, {"author_id": 19733088, "id": 1494750496237973504, "text": "I'll be doing a free virtual talk with my immortal beloved @TheRosenbach on Feb 23... From the Dark Archives: Books Bound in Human Skin and the New Science of Old Books\nhttps://t.co/p2Ld4Am79P"}, {"author_id": 1385695638835314696, "id": 1494747605125017600, "text": "Xianxia is similar to wuxia; it involves martial arts. However, xianxia is set in the realm of immortals such as gods, fairies, demons, spirits, and elementals. In xianxia, mortals try to \u201ccultivate\u201d to become immortal.\n\nTen Miles of Peach Blossoms is a beloved xianxia. https://t.co/O1ujlncbxX"}, {"author_id": 1421720227134406661, "id": 1494707459096657925, "text": "RT @basu_bratya: I pay my heart-felt tribute to the departed icon of India, Bharatratna Lata Mangeshkar. She remained the most beloved voic\u2026"}, {"author_id": 528408078, "id": 1494703915237052420, "text": "@rabihalameddine Immortal Beloved (1994) - Bernard Rose https://t.co/3rfjbfPfyD"}, {"author_id": 1254393904138502144, "id": 1494676654094000128, "text": "RT @cicerfics: I am thinking of the Terrifying Yiling Patriarch, Immortal Emperor of the Cultivation World, Fearsome and Indefatigable, All\u2026"}, {"author_id": 1345599695729483778, "id": 1494672424519958528, "text": "RT @RahulGandhi: Received the sad news of Lata Mangeshkar ji\u2019s demise. She remained the most beloved voice of India for many decades. \nHer\u2026"}, {"author_id": 936120064411127808, "id": 1494658686396289026, "text": "RT @cicerfics: I am thinking of the Terrifying Yiling Patriarch, Immortal Emperor of the Cultivation World, Fearsome and Indefatigable, All\u2026"}, {"author_id": 1460290789662097409, "id": 1494582337694171138, "text": "My Immortal Beloved \nLudwig Van Beethoven\n\nMy thoughts go out to you, my Immortal Beloved\nI can live only wholly with you or not at all-\nBe calm my life, my all.\nOnly by calm consideration of\nour existence can we achieve our purpose to live together.\nOh continue to love me,"}, {"author_id": 1476767800060309507, "id": 1494560974065389569, "text": "RT @RahulGandhi: Received the sad news of Lata Mangeshkar ji\u2019s demise. She remained the most beloved voice of India for many decades. \nHer\u2026"}, {"author_id": 1451552213109641218, "id": 1494510789150994433, "text": "RT @RollingStone: Ronnie Spector, the lead singer of beloved girl group the Ronettes and the voice behind immortal classics like \u201cBe My Bab\u2026"}, {"author_id": 1490475112755343365, "id": 1494510098022027274, "text": "RT @glooomi_: the Immortal and the Beloved Child #goldenkamuy \ud83c\udff9 https://t.co/KECCkUxwCt"}, {"author_id": 1483036140060168193, "id": 1494509880962842624, "text": "RT @RahulGandhi: Received the sad news of Lata Mangeshkar ji\u2019s demise. She remained the most beloved voice of India for many decades. \nHer\u2026"}, {"author_id": 746066484871430144, "id": 1494489670209744909, "text": "Immortal Beloved \nhttps://t.co/ERSsm0pNZ2\n\nSign up now and get 10 free iAstraCoins No Credit Card Needed\n\nmobile users go to https://t.co/swPj8mKYJf for advertising free viewing\n#congress"}, {"author_id": 1318155446910283776, "id": 1494466214696874021, "text": "- The Sweet Blood\n- Orange Marmalade\n- Immortal Goddess\n\nBucin no flat\n- Hometown Cha Cha Cha\n- Nevertheless\n- Vincenzo\n- Our Beloved Summer\n- Strong Woman Do Bong Soon\n- Heart String"}, {"author_id": 1357963462723346433, "id": 1494455355937476609, "text": "RT @cicerfics: I am thinking of the Terrifying Yiling Patriarch, Immortal Emperor of the Cultivation World, Fearsome and Indefatigable, All\u2026"}, {"author_id": 25486157, "id": 1494453226820849666, "text": "Immortal Beloved Moonlight Sonata Scene https://t.co/fcDob6P50B via @YouTube"}, {"author_id": 1504303334, "id": 1494452660812013575, "text": "Immortal Beloved \nhttps://t.co/hxbQxfr9sC\n\nSign up now and get 10 free iAstraCoins No Credit Card Needed\n\nmobile users go to https://t.co/DQgsR7VEBq for advertising free viewing\n#College"}, {"author_id": 1430787093991731202, "id": 1494437790242717704, "text": "RT @endersmiler: cDream saying he actually doesn't mind cTubbo and that he is the only one who did nothing wrong reminds me of Cornelius an\u2026"}, {"author_id": 746077302505766912, "id": 1494436854162206726, "text": "Immortal Beloved \nhttps://t.co/o1FXCVrVJX\n\nSign up now and get 10 free iAstraCoins No Credit Card Needed\n\nmobile users go to https://t.co/8qp5p9bWjr for advertising free viewing\n#cryptomovies"}, {"author_id": 110554788, "id": 1494428299753361409, "text": "@AdrienneLeilani Amadeus the movie is one of my favorites as well, since you were talking about letters, I was going to send you a clip from Immortal Beloved, another fantastic movie, but I couldn\u2019t find the perfect clip, https://t.co/0fBRnFBHQ0"}, {"author_id": 1429114503875252225, "id": 1494422035614814223, "text": "@bryanalvarez Maaaaaassssssaaaaaacccccrrrrreeeeeesdddddddsd\nIn the immortal words of Bryan Alvarez. On a weaker and limited network WWE raw a show you constantly slate destroyed your beloved AEW Dynamite by nearly double the viewers plus beat them in your beloved 18-49 basement boy demo."}, {"author_id": 2612256200, "id": 1494391876660703237, "text": "RT @glooomi_: the Immortal and the Beloved Child #goldenkamuy \ud83c\udff9 https://t.co/KECCkUxwCt"}, {"author_id": 773536924069945345, "id": 1494376407274860549, "text": "Immortal Beloved \nhttps://t.co/FJtpAtkLye\n\nSign up now and get 10 free iAstraCoins No Credit Card Needed\n\nmobile users go to https://t.co/yz1oMrmCD5 for advertising free viewing\nUniversity"}, {"author_id": 1428515994167808005, "id": 1494345452099100678, "text": "RT @cicerfics: I am thinking of the Terrifying Yiling Patriarch, Immortal Emperor of the Cultivation World, Fearsome and Indefatigable, All\u2026"}, {"author_id": 157188115, "id": 1494342498571153408, "text": "RT @cicerfics: I am thinking of the Terrifying Yiling Patriarch, Immortal Emperor of the Cultivation World, Fearsome and Indefatigable, All\u2026"}, {"author_id": 936233566626766849, "id": 1494339264615948290, "text": "RT @RahulGandhi: Received the sad news of Lata Mangeshkar ji\u2019s demise. She remained the most beloved voice of India for many decades. \nHer\u2026"}, {"author_id": 2679880238, "id": 1494338937178890248, "text": "Immortal Beloved \nhttps://t.co/bHWoe8VUF5\n\nSign up now and get 10 free iAstraCoins No Credit Card Needed\n\nmobile users go to https://t.co/OdnwFV1yrI for advertising free viewing\n#Cinema https://t.co/9aOGv3ZbUO"}, {"author_id": 746117612354973696, "id": 1494310860499693569, "text": "Immortal Beloved \nhttps://t.co/EOEpxnNOEi\n\nSign up now and get 10 free iAstraCoins No Credit Card Needed\n\nmobile users go to https://t.co/PNmUXIeEpO for advertising free viewing\n#FeatureMovie"}, {"author_id": 21111862, "id": 1494308416524886017, "text": "British Library looms later today...rather glad the Really Nasty Storm isn't coming til tomorrow, though it might be quite appropriate for the 'Appassionata'.\nhttps://t.co/YIGRLgbK1J"}, {"author_id": 1441253346787020801, "id": 1494305171601600515, "text": "RT @cicerfics: I am thinking of the Terrifying Yiling Patriarch, Immortal Emperor of the Cultivation World, Fearsome and Indefatigable, All\u2026"}, {"author_id": 1308465816258719749, "id": 1494303051745832962, "text": "1-While You Were Sleeping\n2-Bulgasal Immortal Souls\n3-All Of Us Are Dead,Forecasting Love And Weather,Twenty Five Twenty One,Moonshine\n4-The Red Sleeve \n5-The Red Sleeve, Happiness, Run On, Move To Heaven, The Game Towards Zero, Vagabond, Our Beloved Summer, My Name https://t.co/TgVRY1bRtN"}, {"author_id": 1332007039942283265, "id": 1494295906169933824, "text": "RT @cicerfics: I am thinking of the Terrifying Yiling Patriarch, Immortal Emperor of the Cultivation World, Fearsome and Indefatigable, All\u2026"}, {"author_id": 786349810336997377, "id": 1494293122653855744, "text": "Immortal Beloved \nhttps://t.co/J4GdzXWQ7A\n\nSign up now and get 10 free iAstraCoins No Credit Card Needed\n\nmobile users go to https://t.co/v7D6NfYWWr for advertising free viewing\n#NASA"}, {"author_id": 246087962, "id": 1494292647149719552, "text": "Immortal Beloved (1994) \n\nCinematography by Peter Suschitzky\nDirected by Bernard Rose https://t.co/5yacI6G8YQ"}, {"author_id": 591538799, "id": 1494282640253497347, "text": "@deborah_feder @JeffWQXR @KeitzFrederica @RachPodger Anytime, Ludwig, my Immortal Beloved"}, {"author_id": 746102674869870592, "id": 1494239011694694400, "text": "Immortal Beloved \nhttps://t.co/DcAw7QsYLo\n\nSign up now and get 10 free iAstraCoins No Credit Card Needed\n\nmobile users go to https://t.co/gTIwgwMVY4 for advertising free viewing\n#PeopleMagazine"}, {"author_id": 1432652425018675204, "id": 1494228220920668162, "text": "RT @glooomi_: the Immortal and the Beloved Child #goldenkamuy \ud83c\udff9 https://t.co/KECCkUxwCt"}, {"author_id": 1429922151667142665, "id": 1494217556298645504, "text": "RT @cicerfics: I am thinking of the Terrifying Yiling Patriarch, Immortal Emperor of the Cultivation World, Fearsome and Indefatigable, All\u2026"}, {"author_id": 1295738541234778114, "id": 1494217514293030914, "text": "RT @cicerfics: I am thinking of the Terrifying Yiling Patriarch, Immortal Emperor of the Cultivation World, Fearsome and Indefatigable, All\u2026"}, {"author_id": 1321119279547256839, "id": 1494216918777036804, "text": "RT @cicerfics: I am thinking of the Terrifying Yiling Patriarch, Immortal Emperor of the Cultivation World, Fearsome and Indefatigable, All\u2026"}, {"author_id": 1480091152825020417, "id": 1494214192059977729, "text": "RT @RahulGandhi: Received the sad news of Lata Mangeshkar ji\u2019s demise. She remained the most beloved voice of India for many decades. \nHer\u2026"}, {"author_id": 2468004421, "id": 1494193230115753988, "text": "Immortal Beloved \nhttps://t.co/F3yG2HboBO\n\nSign up now and get 10 free iAstraCoins No Credit Card Needed\n\nmobile users go to https://t.co/bifYbq1ind for advertising free viewing\n#Art https://t.co/nJbMxctQV5"}, {"author_id": 1441134112442441739, "id": 1494192291254349827, "text": "RT @cicerfics: I am thinking of the Terrifying Yiling Patriarch, Immortal Emperor of the Cultivation World, Fearsome and Indefatigable, All\u2026"}, {"author_id": 1390619019288457220, "id": 1494184030622957573, "text": "RT @cicerfics: I am thinking of the Terrifying Yiling Patriarch, Immortal Emperor of the Cultivation World, Fearsome and Indefatigable, All\u2026"}, {"author_id": 1342773725729591298, "id": 1494177262958112771, "text": "RT @cicerfics: I am thinking of the Terrifying Yiling Patriarch, Immortal Emperor of the Cultivation World, Fearsome and Indefatigable, All\u2026"}, {"author_id": 1395263835200626688, "id": 1494172048716828672, "text": "@TheCassiniJohn Being Honest....\nThere is NO any End for GHOST Era...\nLEGENDS NEVER DIE \u270c\ud83d\ude01\nSimply, My Beloved Iconic Character GHOST is Immortal \ud83d\ude0e"}, {"author_id": 1077587420005232641, "id": 1494170408622383106, "text": "RT @glooomi_: the Immortal and the Beloved Child #goldenkamuy \ud83c\udff9 https://t.co/KECCkUxwCt"}, {"author_id": 1351238165659590661, "id": 1494166098727608322, "text": "RT @glooomi_: the Immortal and the Beloved Child #goldenkamuy \ud83c\udff9 https://t.co/KECCkUxwCt"}, {"author_id": 844769032607707137, "id": 1494165320973832193, "text": "RT @RahulGandhi: Received the sad news of Lata Mangeshkar ji\u2019s demise. She remained the most beloved voice of India for many decades. \nHer\u2026"}, {"author_id": 850179768452395008, "id": 1494164978223693824, "text": "RT @Seoul_Cafe: \u0e04\u0e19\u0e40\u0e01\u0e32\u0e2b\u0e25\u0e35\u0e14\u0e39\u0e2d\u0e30\u0e44\u0e23\u0e43\u0e19 Netflix?\n10 \u0e2d\u0e31\u0e19\u0e14\u0e31\u0e1a\u0e2b\u0e19\u0e31\u0e07\u0e41\u0e25\u0e30\u0e17\u0e35\u0e27\u0e35\u0e42\u0e0a\u0e27\u0e4c\u0e17\u0e35\u0e48\u0e04\u0e19\u0e14\u0e39\u0e21\u0e32\u0e01\u0e2a\u0e38\u0e14\u0e43\u0e19\u0e2a\u0e31\u0e1b\u0e14\u0e32\u0e2b\u0e4c\u0e17\u0e35\u0e48\u0e41\u0e25\u0e49\u0e27\n1. All of Us are Dead\n2. Don't Look Up\n3. O\u2026"}, {"author_id": 1422099766322688004, "id": 1494154170940624904, "text": "RT @cicerfics: I am thinking of the Terrifying Yiling Patriarch, Immortal Emperor of the Cultivation World, Fearsome and Indefatigable, All\u2026"}, {"author_id": 1089441944244244480, "id": 1494152557643857921, "text": "RT @cicerfics: I am thinking of the Terrifying Yiling Patriarch, Immortal Emperor of the Cultivation World, Fearsome and Indefatigable, All\u2026"}, {"author_id": 1323460012522418176, "id": 1494148001916649476, "text": "RT @cicerfics: I am thinking of the Terrifying Yiling Patriarch, Immortal Emperor of the Cultivation World, Fearsome and Indefatigable, All\u2026"}, {"author_id": 432994402, "id": 1494145597640790021, "text": "@themadkingatmey @OneWingedKaiju Oh, B:TAS is absolutely immortal. Considering it introduced a completely new (and beloved) character to the franchise (Harley), who, arguably, has spiritual descendants in other franchises as well (Jinx!)."}, {"author_id": 1470977332462735367, "id": 1494136385195982848, "text": "Silver Linings Playbook\nThe Hot Chick\nImmortal Beloved \nLittle Women (the 90\u2019s one)\nForgetting Sarah Marshall https://t.co/PkEALRAAdc"}]