[{"author_id": 1346340228299034624, "id": 1495271975228678147, "text": "RT @horneewakin: A passionate telling of the story of Joaquin, a biatch whose affair with his master led to an obsessive and ultimately des\u2026"}, {"author_id": 1095986160805933056, "id": 1495158568948928512, "text": "RT @horneewakin: A passionate telling of the story of Joaquin, a biatch whose affair with his master led to an obsessive and ultimately des\u2026"}, {"author_id": 1261487070326878209, "id": 1495133182294781952, "text": "RT @horneewakin: A passionate telling of the story of Joaquin, a biatch whose affair with his master led to an obsessive and ultimately des\u2026"}, {"author_id": 4703393298, "id": 1495127789195837440, "text": "RT @horneewakin: A passionate telling of the story of Joaquin, a biatch whose affair with his master led to an obsessive and ultimately des\u2026"}, {"author_id": 1122028756304945152, "id": 1495112213191077888, "text": "RT @horneewakin: A passionate telling of the story of Joaquin, a biatch whose affair with his master led to an obsessive and ultimately des\u2026"}, {"author_id": 1357691024764731394, "id": 1495106119701778439, "text": "RT @Daddy_chub: In the realm of the senses\n(best scene part 1) https://t.co/9mLcRe9tSB"}, {"author_id": 1037655923395706880, "id": 1495099657416228864, "text": "RT @horneewakin: A passionate telling of the story of Joaquin, a biatch whose affair with his master led to an obsessive and ultimately des\u2026"}, {"author_id": 1348522284646993927, "id": 1495080553728868352, "text": "RT @horneewakin: A passionate telling of the story of Joaquin, a biatch whose affair with his master led to an obsessive and ultimately des\u2026"}, {"author_id": 1340984166045761536, "id": 1495075564218052616, "text": "RT @horneewakin: A passionate telling of the story of Joaquin, a biatch whose affair with his master led to an obsessive and ultimately des\u2026"}, {"author_id": 1451149641966260229, "id": 1495063234172583937, "text": "RT @Daddy_chub: in the realm of the senses\n(best scene part 3) https://t.co/mVgeMtjFmV"}, {"author_id": 1166551777774321665, "id": 1495054845258002435, "text": "RT @horneewakin: A passionate telling of the story of Joaquin, a biatch whose affair with his master led to an obsessive and ultimately des\u2026"}, {"author_id": 1082270469225508864, "id": 1495045571584741382, "text": "RT @horneewakin: A passionate telling of the story of Joaquin, a biatch whose affair with his master led to an obsessive and ultimately des\u2026"}, {"author_id": 1390433515737653248, "id": 1495030045475229696, "text": "RT @horneewakin: A passionate telling of the story of Joaquin, a biatch whose affair with his master led to an obsessive and ultimately des\u2026"}, {"author_id": 1482412458019270662, "id": 1495024310389379073, "text": "RT @horneewakin: A passionate telling of the story of Joaquin, a biatch whose affair with his master led to an obsessive and ultimately des\u2026"}, {"author_id": 1263314402654195717, "id": 1495018409079324674, "text": "RT @Daddy_chub: In the realm of the senses\n(best scene part 1) https://t.co/9mLcRe9tSB"}, {"author_id": 887706198228652032, "id": 1495013274168922116, "text": "RT @horneewakin: A passionate telling of the story of Joaquin, a biatch whose affair with his master led to an obsessive and ultimately des\u2026"}, {"author_id": 1101259010848636928, "id": 1494981324368596992, "text": "RT @horneewakin: A passionate telling of the story of Joaquin, a biatch whose affair with his master led to an obsessive and ultimately des\u2026"}, {"author_id": 1362039685355216901, "id": 1494978944994476036, "text": "RT @horneewakin: A passionate telling of the story of Joaquin, a biatch whose affair with his master led to an obsessive and ultimately des\u2026"}, {"author_id": 1368316148177981440, "id": 1494958591178326018, "text": "RT @horneewakin: A passionate telling of the story of Joaquin, a biatch whose affair with his master led to an obsessive and ultimately des\u2026"}, {"author_id": 1461398732344152073, "id": 1494944067536699394, "text": "RT @artfilmm: In the Realm of the Senses , \u00a0Nagisa \u00d4shima , 1976. https://t.co/JpMCaNanY9"}, {"author_id": 1252441861651705859, "id": 1494938402982035473, "text": "RT @horneewakin: A passionate telling of the story of Joaquin, a biatch whose affair with his master led to an obsessive and ultimately des\u2026"}, {"author_id": 1429110092519985159, "id": 1494937180627632128, "text": "RT @horneewakin: A passionate telling of the story of Joaquin, a biatch whose affair with his master led to an obsessive and ultimately des\u2026"}, {"author_id": 1479064830455980035, "id": 1494936071552966658, "text": "RT @horneewakin: A passionate telling of the story of Joaquin, a biatch whose affair with his master led to an obsessive and ultimately des\u2026"}, {"author_id": 1405986951769985028, "id": 1494916698368925698, "text": "RT @horneewakin: A passionate telling of the story of Joaquin, a biatch whose affair with his master led to an obsessive and ultimately des\u2026"}, {"author_id": 190186622, "id": 1494909510477283330, "text": "RT @horneewakin: A passionate telling of the story of Joaquin, a biatch whose affair with his master led to an obsessive and ultimately des\u2026"}, {"author_id": 1368753757383581700, "id": 1494904059165249536, "text": "RT @horneewakin: A passionate telling of the story of Joaquin, a biatch whose affair with his master led to an obsessive and ultimately des\u2026"}, {"author_id": 1441368859378814982, "id": 1494897836424511490, "text": "RT @horneewakin: A passionate telling of the story of Joaquin, a biatch whose affair with his master led to an obsessive and ultimately des\u2026"}, {"author_id": 1182711648273846272, "id": 1494895156981800961, "text": "RT @horneewakin: A passionate telling of the story of Joaquin, a biatch whose affair with his master led to an obsessive and ultimately des\u2026"}, {"author_id": 1116549936953294848, "id": 1494894038155149313, "text": "me watching in the realm of the senses (more like fifty frames though) https://t.co/9Tb1b9JTR2"}, {"author_id": 1341934222915727360, "id": 1494891454627409921, "text": "RT @horneewakin: A passionate telling of the story of Joaquin, a biatch whose affair with his master led to an obsessive and ultimately des\u2026"}, {"author_id": 1340546842589712389, "id": 1494877322696347651, "text": "RT @horneewakin: A passionate telling of the story of Joaquin, a biatch whose affair with his master led to an obsessive and ultimately des\u2026"}, {"author_id": 1390952386085081089, "id": 1494874385056157697, "text": "RT @horneewakin: A passionate telling of the story of Joaquin, a biatch whose affair with his master led to an obsessive and ultimately des\u2026"}, {"author_id": 1291229564400594946, "id": 1494874214095994885, "text": "RT @horneewakin: A passionate telling of the story of Joaquin, a biatch whose affair with his master led to an obsessive and ultimately des\u2026"}, {"author_id": 1005017360921591809, "id": 1494871656681984001, "text": "RT @horneewakin: A passionate telling of the story of Joaquin, a biatch whose affair with his master led to an obsessive and ultimately des\u2026"}, {"author_id": 1472002468011655170, "id": 1494867054926897153, "text": "RT @horneewakin: A passionate telling of the story of Joaquin, a biatch whose affair with his master led to an obsessive and ultimately des\u2026"}, {"author_id": 1254234767303811072, "id": 1494866010675064834, "text": "burnt popcorn rly badly bc im trying to watch in the realm of the senses but got bait and switched and was mesmerized and in awe thinking this was the real opening title card https://t.co/7BQa1DRv3o"}, {"author_id": 353361344, "id": 1494814156477931522, "text": "The top five most controversial movies of all time:\n5. IN THE REALM OF THE SENSES (1976, Oshima)\n4. SALO, OR THE 120 DAYS OF SODOM (1975, Pasolini)\n3. THE LAST TEMPTATION OF CHRIST (1988, Scorsese)\n2. THE DEVILS (1977, Russell)\n1. GUARDIANS OF THE GALAXY, VOL. 2 (2017, Gunn) https://t.co/xLsgTTzONc"}, {"author_id": 344636497, "id": 1494800896902848518, "text": "Inspired by controversial masterpiece, \"In the Realm of the Senses,\" \"Sada\" is a visually stunning erotic film...\nhttps://t.co/ywpsyPhSAb"}, {"author_id": 890464259540373504, "id": 1494764001741451266, "text": "Working during tonight's 35mm screening of In the Realm of the Senses at the Siskel..... :("}, {"author_id": 1015403853334712321, "id": 1494756629191049217, "text": "@bitchvibrations also IN THE REALM OF THE SENSES, especially the scenes with snow."}, {"author_id": 1417839582142296069, "id": 1494732247093497858, "text": "RT @horneewakin: A passionate telling of the story of Joaquin, a biatch whose affair with his master led to an obsessive and ultimately des\u2026"}, {"author_id": 2162730799, "id": 1494732191045144579, "text": "Parfum De La Nuit No.1 is the first to make itself know in any room it enters. \n\nThis bold, sexy scent is the true alpha of the olfactory realm. Based around dark Leathers and smoky Woods wrapped around a smooth gourmand finish, it seduces the senses in just one intake of breath. https://t.co/Fhuk7674KW"}, {"author_id": 3189170496, "id": 1494717827860811778, "text": "Reason operates in the realm of the physical, but God by man's faith operates in the realm of the spiritual. We're not to be unreasonable just to be unreasonable, &amp; reason has it's legitimate place, God also gave us that, but the senses can be deceived &amp; corrupted, but faith..."}, {"author_id": 626667446, "id": 1494703435899449345, "text": "RT @ziggymanni: Smoking helped put me in touch with the realm of the senses. https://t.co/4pp8xZ9bd4"}, {"author_id": 2615197412, "id": 1494700036952838148, "text": "Smoking helped put me in touch with the realm of the senses. https://t.co/4pp8xZ9bd4"}, {"author_id": 1033009170809806848, "id": 1494670217309564940, "text": "RT @filmcenter: \ud83d\udd25\ud83d\udda4 \"The most convincing and compelling portrait of an overpowering sexual and romantic obsession that I have seen on screen\u2026"}, {"author_id": 863035281179463681, "id": 1494597302191034369, "text": "RT @suryakane: @vtchakarova At the basic level it\u2019s in the numerals - zero, infinity and imaginary numbers, extending into the realm of the\u2026"}, {"author_id": 1281203784484610048, "id": 1494595885468160004, "text": "@vtchakarova At the basic level it\u2019s in the numerals - zero, infinity and imaginary numbers, extending into the realm of theoretical physic and beyond. That mathematics gives irrefutable evidence of what exists beyond our five senses is indeed \u201cmystical\u201d in some ways. https://t.co/Xb3vPee8Ls"}, {"author_id": 461548148, "id": 1494562735941689345, "text": "RT @filmcenter: \ud83d\udd25\ud83d\udda4 \"The most convincing and compelling portrait of an overpowering sexual and romantic obsession that I have seen on screen\u2026"}, {"author_id": 1218196617536450561, "id": 1494560183921655808, "text": "I wasn't allowed to watch Friday the 13th growing up because of nudity and now the best movie I've watched so far this year has been In the Realm of Senses so somewhere along the line something got messed up"}, {"author_id": 2796965504, "id": 1494512421079162881, "text": "@GoodPostReilly that was the one by Oshima i was thinking! that, Sing a Song, or In the Realm of Senses"}, {"author_id": 38009518, "id": 1494509887912566787, "text": "\ud83d\udd25\ud83d\udda4 \"The most convincing and compelling portrait of an overpowering sexual and romantic obsession that I have seen on screen.\" - Stephen Farber, New West\n\n\ud83d\udcfd\ufe0f IN THE REALM OF THE SENSES in 35mm\n\ud83d\udd2a Final screening: Tomorrow (2/18), 7pm\n\ud83c\udf9f\ufe0f https://t.co/HRt2dbtOq9 https://t.co/mbLOSSvbnA"}, {"author_id": 1337091162486824960, "id": 1494486472606593032, "text": "RT @artfilmm: In the Realm of the Senses , \u00a0Nagisa \u00d4shima , 1976. https://t.co/JpMCaNanY9"}, {"author_id": 138763275, "id": 1494467971934298112, "text": "@plane_pats Likely a different dimension. To assume they/them/whatever form they might occupy fall(s) within the realm of our senses, assumes that our senses are the only ones in The Universe. Others might be searching as we are and can\u2019t find us, either. Deep sea creatures by (poor) analogy"}, {"author_id": 867191249459191809, "id": 1494462906938716170, "text": "RT @artfilmm: In the Realm of the Senses , \u00a0Nagisa \u00d4shima , 1976. https://t.co/JpMCaNanY9"}, {"author_id": 1493419619583152135, "id": 1494461891498115072, "text": "RT @Daddy_chub: in the realm of the senses\n(best scene part 3) https://t.co/mVgeMtjFmV"}, {"author_id": 3282669966, "id": 1494455024096878592, "text": "RT @Daddy_chub: In the realm of the senses\n(best scene part 1) https://t.co/9mLcRe9tSB"}, {"author_id": 344636497, "id": 1494423406233612299, "text": "Inspired by controversial masterpiece, \"In the Realm of the Senses,\" \"Sada\" is a visually stunning erotic film...\nhttps://t.co/ywpsyPhSAb"}, {"author_id": 1260410487755493384, "id": 1494400235032178689, "text": "RT @horneewakin: A passionate telling of the story of Joaquin, a biatch whose affair with his master led to an obsessive and ultimately des\u2026"}, {"author_id": 1487065857784049667, "id": 1494399101945131008, "text": "RT @Daddy_chub: In the realm of the senses\n(best scene part 1) https://t.co/9mLcRe9tSB"}, {"author_id": 344636497, "id": 1494393204585955328, "text": "Inspired by controversial masterpiece, \"In the Realm of the Senses,\" \"Sada\" is a visually stunning erotic film...\nhttps://t.co/ywpsyPA1Oj"}, {"author_id": 1049491006851301376, "id": 1494389430416822278, "text": "Having In the Realm of the Senses in your \u201cWant to Watch\u201d on Letterboxd is far more perverted than having watched it"}, {"author_id": 1049491006851301376, "id": 1494388635784953856, "text": "I love how much of in the realm of the senses is a fake out to when the death actually happens"}, {"author_id": 1219333002519400448, "id": 1494384465816485888, "text": "RT @Daddy_chub: In the realm of the senses\n(best scene part 1) https://t.co/9mLcRe9tSB"}, {"author_id": 880591975090495490, "id": 1494309693853822984, "text": "RT @horneewakin: A passionate telling of the story of Joaquin, a biatch whose affair with his master led to an obsessive and ultimately des\u2026"}, {"author_id": 1379700287070302211, "id": 1494307337456160769, "text": "RT @horneewakin: A passionate telling of the story of Joaquin, a biatch whose affair with his master led to an obsessive and ultimately des\u2026"}, {"author_id": 1047785192180633600, "id": 1494211216209846272, "text": "Satan knows that we function in the realm of the senses so he brings things that resonate with your senses and when you see them you become depressed.....\n\n *Apostle Joshua Selman*"}, {"author_id": 1130730206677950464, "id": 1494209131506712578, "text": "RT @artfilmm: In the Realm of the Senses , \u00a0Nagisa \u00d4shima , 1976. https://t.co/JpMCaNanY9"}, {"author_id": 1329795724507156480, "id": 1494187905946099715, "text": "RT @Daddy_chub: in the realm of the senses\n(best scene part 2) https://t.co/psq9Hu5pLb"}, {"author_id": 1399802332309716994, "id": 1494132377961914371, "text": "RT @iAsura_: Everything that our senses can touch,smell,see,hear or taste falls in the realm of Fear. And where there is Fear, there is Act\u2026"}, {"author_id": 344636497, "id": 1494068568430092289, "text": "Inspired by controversial masterpiece, \"In the Realm of the Senses,\" \"Sada\" is a visually stunning erotic film...\nhttps://t.co/ywpsyPA1Oj"}, {"author_id": 2687572422, "id": 1494047185372995584, "text": "@kelly_ques Jodorowsky's \"Holy Mountain\"\nTarkovsky's \"Stalker\"\nSvankmajer's \"Alice\"\nPassolini's \"Salo\"\nOshima's \"In the Realm of the Senses\"\nKusturica's \"Underground\"\nBrothers Quay \"Street of Crocodiles\"\nLynch's \"Eraserhead\"\nSato's \"Cat Soup\"\nTsukamoto's \"Tetsuo: The Iron Man\"\n\nfor starters"}, {"author_id": 344636497, "id": 1494045922375782400, "text": "Inspired by controversial masterpiece, \"In the Realm of the Senses,\" \"Sada\" is a visually stunning erotic film...\nhttps://t.co/ywpsyPhSAb"}, {"author_id": 1380372624862248961, "id": 1493988776133103622, "text": "RT @horneewakin: A passionate telling of the story of Joaquin, a biatch whose affair with his master led to an obsessive and ultimately des\u2026"}, {"author_id": 1445743756926357505, "id": 1493968597038862336, "text": "Nagisa \u014cshima (1932-2013) was a Japanese film director and one of the foremost directors within the Japanese New Wave. His films include In the Realm of the Senses and  Merry Christmas, Mr. Lawrence, about World War II prisoners of war held by the Japanese."}, {"author_id": 4498368972, "id": 1493946677266288644, "text": "RT @horneewakin: A passionate telling of the story of Joaquin, a biatch whose affair with his master led to an obsessive and ultimately des\u2026"}, {"author_id": 1461297048926392327, "id": 1493945856734928896, "text": "RT @Daddy_chub: In the realm of the senses\n(best scene part 1) https://t.co/9mLcRe9tSB"}, {"author_id": 1471647015591309312, "id": 1493921857300733953, "text": "RT @artfilmm: In the Realm of the Senses , \u00a0Nagisa \u00d4shima , 1976. https://t.co/JpMCaNanY9"}, {"author_id": 1279214107795873792, "id": 1493837684086697985, "text": "RT @horneewakin: A passionate telling of the story of Joaquin, a biatch whose affair with his master led to an obsessive and ultimately des\u2026"}, {"author_id": 161842955, "id": 1493783417309130761, "text": "@CassHowardStan @realtedcogs @maddiewhittle warning: that one requires a strong stomach. \n\nbut a deeply plot driven, simple (yet also wildly complex) intimate film which is basically all excessive sexual depictions done correctly, is Nagisa Oshima\u2019s \u2018In the Realm of  Senses\u2019. brilliant film: \n\nhttps://t.co/CyPSIvWhCB"}, {"author_id": 1465426331433193472, "id": 1493728252166545408, "text": "RT @artfilmm: In the Realm of the Senses , \u00a0Nagisa \u00d4shima , 1976. https://t.co/JpMCaNanY9"}, {"author_id": 1487505124423770113, "id": 1493692362136047624, "text": "RT @horneewakin: A passionate telling of the story of Joaquin, a biatch whose affair with his master led to an obsessive and ultimately des\u2026"}, {"author_id": 1408961531144929282, "id": 1493674006226284544, "text": "RT @Daddy_chub: in the realm of the senses\n(best scene part 3) https://t.co/mVgeMtjFmV"}, {"author_id": 344636497, "id": 1493660896362565636, "text": "Inspired by controversial masterpiece, \"In the Realm of the Senses,\" \"Sada\" is a visually stunning erotic film...\nhttps://t.co/ywpsyPhSAb"}, {"author_id": 1329795724507156480, "id": 1493645330684182528, "text": "RT @Daddy_chub: In the realm of the senses\n(best scene part 1) https://t.co/9mLcRe9tSB"}, {"author_id": 1073050640987893761, "id": 1493605545349107724, "text": "Still, the human need to engage as many of our physical senses in order to function rationally in a physical world, will, in my opinion, make tangible art approach the realm of the priceless. This may be the threshold of a renewal of the \u201cmovement age\u201d in the arts\u2026"}, {"author_id": 85105264, "id": 1493601650057097222, "text": "RT @theartsdesk: Thwarted political subversion morphed into socioerotic rebellion? IN THE REALM OF THE SENSES - #Nagisa\u014cshima's subversive\u2026"}, {"author_id": 1332791461, "id": 1493583877964713993, "text": "C. Breillat movies \u201cRomance\u201d \u201cA Real Young Girl\u201d \u201cBlue is the Warmest Color\u201dKechiche \u201cIn the Realm of the Senses\u201d Oshima. \u201cFat Girl\u201d \u201cSex is Comedy\u201d \u201cBetty Blue\u201d These are My reminders about movies that deal with the depth of Eroticism. Might be too heavy for #PuritanCrowd Lol"}, {"author_id": 2731322392, "id": 1493582947714322433, "text": "RT @UmbrellaEnt: For the first time in our Sensual Sinema collection, we are releasing a double feature \u2013 including Nagisa \u014cshima's In the\u2026"}, {"author_id": 1471615550195265539, "id": 1493575941297037318, "text": "RT @Daddy_chub: In the realm of the senses\n(best scene part 1) https://t.co/9mLcRe9tSB"}, {"author_id": 846724051489906688, "id": 1493571452921995269, "text": "RT @horneewakin: A passionate telling of the story of Joaquin, a biatch whose affair with his master led to an obsessive and ultimately des\u2026"}, {"author_id": 63104039, "id": 1493508359294799875, "text": "Thwarted political subversion morphed into socioerotic rebellion? IN THE REALM OF THE SENSES - #Nagisa\u014cshima's subversive study of an obsessive sexual relationship, now on @Criterion Blu-ray - review @SebScotney https://t.co/mOgh4lmKxX https://t.co/vVi8mA4Hwb"}, {"author_id": 935318550, "id": 1493484820990771202, "text": "Next Week's \"To Watch\" Queue Additions:\n\nMovie Of The Week: In The Realm Of the Senses (1976)\n\nLetterboxd: The Intouchables (2011)\n\nAll first-time watches, except for \"Blazing Saddles\", \"The Long Goodbye\" and \"Burning\".\n\n#2022FilmsDH https://t.co/rZoyTE5dHO"}, {"author_id": 344636497, "id": 1493472150337982466, "text": "Inspired by controversial masterpiece, \"In the Realm of the Senses,\" \"Sada\" is a visually stunning erotic film...\nhttps://t.co/ywpsyPhSAb"}]