[{"author_id": 940820339499720709, "id": 1495286419753156608, "text": "RT @csankalp: So my son scores a rank in an International Olympiad- \n\nI asked him what do you want as gift? \n\nHe - Chaat Party \ud83c\udf89 \n\nI guess\u2026"}, {"author_id": 1434759608988409856, "id": 1495285167237132291, "text": "@herrada_alex @iwwon_official @herrada_alex wow thanks for the compliment my man! \ud83d\ude4f\ud83c\udffd my energy is only where its at cause yall always bring the party \ud83c\udf89 NFB2.0 WAGMI! 0x6d640323BE406056461Aa687f855D33b855f986C"}, {"author_id": 216894406, "id": 1495284686414749699, "text": "its my son telling his auntie he went to uncle primo \"birthday party\" and there was no cake \ud83e\udd23\ud83e\udd23 poor lil guy just wanted some cake lmfaoo"}, {"author_id": 1010408400193245185, "id": 1495284070275817473, "text": "RT @Ieathersuit: ITS MY BIRTHDAYYY!! lexi nation let\u2019s get this party started \ud83d\udd7a\ud83c\udffb\ud83c\udf89\ud83e\udd73\ud83c\udf8a https://t.co/RYMFIZ19bV"}, {"author_id": 1345479486704398336, "id": 1495281309211676676, "text": "RT @Ieathersuit: ITS MY BIRTHDAYYY!! lexi nation let\u2019s get this party started \ud83d\udd7a\ud83c\udffb\ud83c\udf89\ud83e\udd73\ud83c\udf8a https://t.co/RYMFIZ19bV"}, {"author_id": 1028516505233711106, "id": 1495281300395237380, "text": "lmaooo my dad finally came home from his friends birthday party last night. its 7pm. and he went straight to bed. someone very clearly had a fun night and a not so fun mornin"}, {"author_id": 1020251513736781825, "id": 1495280067840147457, "text": "@AnzelikaXO @AngusReid Day after day more protesters are joining. I for one will never vote for the liberal or NDP party the rest of my life after this. Something is really wrong when our civil rights institutions are suing the federal government over abuse of power and its backed by progressives."}, {"author_id": 1472725667951304707, "id": 1495279186193358849, "text": "RT @CRYPTIC_3y3: @KrakenSociety_ \nThe most lit discord initiation process ever!!!! Its party Time!!! So glad i made it and thankful that i\u2026"}, {"author_id": 1482908480965169152, "id": 1495278108685094912, "text": "RT @CRYPTIC_3y3: @KrakenSociety_ \nThe most lit discord initiation process ever!!!! Its party Time!!! So glad i made it and thankful that i\u2026"}, {"author_id": 284102172, "id": 1495278068415733762, "text": "RT @PeterSpottswoo2: @Biggy1883 @QLDLabor @AlboMP @AustralianLabor @walabor @alboforpm My family members were instrumental in both the move\u2026"}, {"author_id": 1335557544, "id": 1495276682625921024, "text": "@RBHam63 @OttawaPolice This is not that. My point is only that this (which I believe was accident, not intentional) was predictable, not that it was deserved. The party atmosphere of this convoy &amp; its refusal to acknowledge that police meant what they said did not serve its vulnerable well."}, {"author_id": 1045716379461136385, "id": 1495276201786576899, "text": "@jihyoungfiles Yeah fresher's party !!! Its basically in colleges but I was shook when My new school did it when I just got in ."}, {"author_id": 932734241623953408, "id": 1495275471671644162, "text": "my god why anybody would want to go to a house party till daft o clock in the morning get absolutely mortal and sniff coke then expect to have their 4 month old baby the next day is absolute madness especially when its the one day a week they get to see them \ud83e\udd2f"}, {"author_id": 1443004903316606976, "id": 1495274401885229064, "text": "@HeHeNOPE_YT @Roblox my robux had a \"?\" on it so its either meepcity no party protesters or another spider in the server rooms"}, {"author_id": 1090443640323764224, "id": 1495272445124636674, "text": "my ttrpg party is funny bc theres three of us and the spectrum is\n&gt;its bad to kill people. anyone\n&gt;its bad to directly kill humans but if someone else does it its fine\n&gt;anyone can be killed i dont care"}, {"author_id": 1027848401101017089, "id": 1495271365888266240, "text": "its time to make drafts for later's trending party &lt;33 HBD MY LOVE @winmetawin"}, {"author_id": 805072251888418816, "id": 1495270135224889344, "text": "@KrakenSociety_ \nThe most lit discord initiation process ever!!!! Its party Time!!! So glad i made it and thankful that i made it in with my bois @FlareOG7 and @Web3Rev0lution !!!!\nCan't wait to see where we go form here!!!! \ud83d\ude0d\ud83d\udd25\ud83d\udd25\ud83d\udd25 https://t.co/5smyIg9bWN"}, {"author_id": 364658494, "id": 1495269394141913106, "text": "@peterpe38 Yes actually bcoz I have until the time I stand in front of a box to cast my vote. I have that right to the last min to choose the party of candidates of PERSONAL choice. \n\nSo if your party got into office and you asked me who I supported in its 1st 100 days! Would u best me too?"}, {"author_id": 1172585959180787712, "id": 1495269224788336641, "text": "RT @LordCaptions: She - Its my birthday.. ask your friends to join for the party.\nMe - Called 13 bulls gang.\nShe - Will i have my next birt\u2026"}, {"author_id": 1430329888892878849, "id": 1495268695580426241, "text": "@volkvulture1 @blcommunist @YCLUSA_NY @communistsusa The straw man arguments can go on forever my friend, I implore you to read left-wing communism: an infantile disorder, and learn more about the party. Screw the democrats, its the ultra-leftistism that can't separate neoliberalism from protecting workers and building a party"}, {"author_id": 819268980863094784, "id": 1495264709490130945, "text": "everybody looks amess , wait till my party ima show mfs how its done."}, {"author_id": 1301576043065749505, "id": 1495264621594398721, "text": "Some people think its \"cringe\" or \"disloyal\" of me that I vocally call out my Party on a number of different topics.\n\nTo them I say this: I hold my friends to a higher standard than I do my foes."}, {"author_id": 1361375029863337990, "id": 1495263669617410051, "text": "RT @nsfwdooby: The other day I dreamt I was collared at a party full of people I trust. They were able to ask my partner for the leash and\u2026"}, {"author_id": 4432563855, "id": 1495262645963968515, "text": "ITS MY BIRTHDAYYY!! lexi nation let\u2019s get this party started \ud83d\udd7a\ud83c\udffb\ud83c\udf89\ud83e\udd73\ud83c\udf8a https://t.co/RYMFIZ19bV https://t.co/zzdPTvq5Q8"}, {"author_id": 705551910300995584, "id": 1495260923073904647, "text": "\u00a35 for a pantsless dance party to my pop princess playlist because its the end of the Clones ever end???"}, {"author_id": 1437620910056411137, "id": 1495259978302738434, "text": "RT @Alistair1965: I resigned from Labour because of its shift to the right (leaving my council Labour group/Cabinet post) in Nov 20, inform\u2026"}, {"author_id": 1076167397344727041, "id": 1495259283604361218, "text": "RT @Alistair1965: I resigned from Labour because of its shift to the right (leaving my council Labour group/Cabinet post) in Nov 20, inform\u2026"}, {"author_id": 1145493688153456641, "id": 1495257647892897794, "text": "RT @Alistair1965: I resigned from Labour because of its shift to the right (leaving my council Labour group/Cabinet post) in Nov 20, inform\u2026"}, {"author_id": 424478521, "id": 1495257054285635587, "text": "@CharlieAl5 Think George has it completely. With what used to be my Tory party. Scarcely half of its MPs' have ever supported Brexit. With Labour who knows maybe a quarter. Likely most of whom simply terrified to admit such. \"Cake\" will become Brexiteers only food If we don't stick together."}, {"author_id": 1378055993758785547, "id": 1495256829860794368, "text": "RT @PickledPlatypuz: @its_ugo @eleanaurrr Aye can my Leopard Seal join the party? https://t.co/DWEWT1o72k"}, {"author_id": 86318763, "id": 1495255072912990212, "text": "@advocatemahere Your party needs to spread its wings to matabeleland areas.l was surprised when talking to my mum in Maphisa about CCC and she said they have never heard of  party called CCC"}, {"author_id": 978947007418118146, "id": 1495254698630209538, "text": "i wanna get into wizardry and etrian oddyssey but its hard for me to get through the mental block of \"i have to spend a lot of time watching animations while my party trudges square to square\""}, {"author_id": 3313571796, "id": 1495253827011985411, "text": "I was at a birthday party tonight and sent someone my r\u00e9sum\u00e9. Adulthood at its finest https://t.co/OrXdp84YVB"}, {"author_id": 706340098267164672, "id": 1495253604994674691, "text": "on my wey to euphoria themed party its gonna be ass i already know"}, {"author_id": 1281009518810406915, "id": 1495252552136470530, "text": "fuck@ u its my birthday party"}, {"author_id": 1485167013861670920, "id": 1495252225752403969, "text": "RT @ARanganathan72: Unbelievable. The party founded on the principles of making wild allegations without any proof is today not only demand\u2026"}, {"author_id": 33972817, "id": 1495251550515642373, "text": "@KristolePerkins Tis true. I\u2019m the life of the party and my husband is an introvert it has its pros and cons"}, {"author_id": 2685926647, "id": 1495250598198796289, "text": "RT @PeterSpottswoo2: @Biggy1883 @QLDLabor @AlboMP @AustralianLabor @walabor @alboforpm My family members were instrumental in both the move\u2026"}, {"author_id": 68466842, "id": 1495250055581687810, "text": "Quotes from my karaoke party. \nPlayer 1: ITS CURSED!\nPlayer 2: Its KOREAN"}, {"author_id": 1470696865435820037, "id": 1495248789334282242, "text": "@Biggy1883 @QLDLabor @AlboMP @AustralianLabor @walabor @alboforpm My family members were instrumental in both the movement and the party in its infancy Henry My involvement spans 55years.I knew Hayden as I am a Queenslander that battled Nicklan Bjelke Petersen and every Tory government since Thank you comrade for your grit your fight&amp; principle"}, {"author_id": 1226678948978806784, "id": 1495248209811488768, "text": "its the way my parents think im such a bad kid when there are kids my age at parties where the cops literally have to block the entrance and shut the party down\ud83d\udc80 like i don\u2019t do any of that shit"}, {"author_id": 551276607, "id": 1495247495810596871, "text": "RT @ARanganathan72: Unbelievable. The party founded on the principles of making wild allegations without any proof is today not only demand\u2026"}, {"author_id": 24972134, "id": 1495245351787323392, "text": "My neighbors r having like a fucking party and the room they in is under mine. Like its past 11. The only reason I know the bylaws about noise is because of living under neighbors who partied all the time. I have to fucking work in the morning. I am tired for sucks sake."}, {"author_id": 40187935, "id": 1495244388439830528, "text": "RT @ARanganathan72: Unbelievable. The party founded on the principles of making wild allegations without any proof is today not only demand\u2026"}, {"author_id": 1407739834278502402, "id": 1495244348711133186, "text": "RT @AmpersandD20: @StoriesTavern Hello there, sorry im late to the party. Today I'm hyping up my upcoming live stream Homebrew Havoc featur\u2026"}, {"author_id": 1280631436895191041, "id": 1495243067703672840, "text": "@ace_of_dragons Thank you! \ud83e\udd7a Its still bizarre to me when people in my group just hit me with an \u201cI love Kata so much\u201d because my first party really did not like either character I played with them. Finding likeminded people improved the game for me so much."}, {"author_id": 1032864116061470721, "id": 1495241659432329219, "text": "RT @ARanganathan72: Unbelievable. The party founded on the principles of making wild allegations without any proof is today not only demand\u2026"}, {"author_id": 524686403, "id": 1495240078364483584, "text": "RT @AbuAizabear: Alhamdullillah. I have to say I love the Muslims of Bangladesh, the country of my origin, there is no give when it comes t\u2026"}, {"author_id": 1088355629335404549, "id": 1495238363971944448, "text": "@KartiPC Its started by the very congress https://t.co/sM0q4iQ74S 1967 election at my Modakurichi constituency, the congress paid Re 1 per vote and free food for three days but eventually Socialist Party https://t.co/GlPt5RhKZO last election in 2021 BJP as well as DMK paid 200,500 but.."}, {"author_id": 228378417, "id": 1495237240229875712, "text": "RT @Alistair1965: I resigned from Labour because of its shift to the right (leaving my council Labour group/Cabinet post) in Nov 20, inform\u2026"}, {"author_id": 313602740, "id": 1495236414522286082, "text": "alr i like most of u on twitter so if u wanna come to my shrek party lmk its in 2 weeks &amp; u must dress up or else im charging u 20$ no refund \ud83e\uddda"}, {"author_id": 110397194, "id": 1495235758915203073, "text": "RT @manicdistopia: Its Saturday - what am I doing .. at a dope party or on a date with my very active girlfriend? \n\nno mfer I am training a\u2026"}, {"author_id": 952468796807069696, "id": 1495235093249486849, "text": "RT @manicdistopia: Its Saturday - what am I doing .. at a dope party or on a date with my very active girlfriend? \n\nno mfer I am training a\u2026"}, {"author_id": 1112334812864499712, "id": 1495234941608951808, "text": "its my bestfriend\u2019s engagement party and i have to wear this corset thing and im finding it hard to breathe. SO IF USER @BTS_twt CAN JUST GIVE ME A BREAK TODAY THATD BE GREAT THX"}, {"author_id": 1275211796001910785, "id": 1495234937632350210, "text": "Its Saturday - what am I doing .. at a dope party or on a date with my very active girlfriend? \n\nno mfer I am training am Ai-neural network to turn mfers into real-life ugly mfers....... because someone has to do it https://t.co/ffxm2c3bM7"}, {"author_id": 1382841108959526912, "id": 1495234256674635780, "text": "i made it to my home girl party.. its smokey AF in here.. ion smoke no weed and im not drinking no liquor.. fuckkkkk that, ion got it to do."}, {"author_id": 1074533736467841024, "id": 1495234071659945985, "text": "RT @ARanganathan72: Unbelievable. The party founded on the principles of making wild allegations without any proof is today not only demand\u2026"}, {"author_id": 969265099, "id": 1495233424168472577, "text": "RT @moa4eve: Guysss. Do you know Scener ?? It's a YT version of StationHead. That's mean host will hosting a streaming party, and we will s\u2026"}, {"author_id": 1306521142732095488, "id": 1495232824311713793, "text": "RT @moa4eve: Guysss. Do you know Scener ?? It's a YT version of StationHead. That's mean host will hosting a streaming party, and we will s\u2026"}, {"author_id": 1466019065776984066, "id": 1495232074801987593, "text": "@fiverr Their response with has no base and i didn't say user i say my friend is using my PayPal account so they are saying this is not allowed in fiverr TOS.\n\nWhat is this? If my friend use PayPal which is third party not fiverr its meaning i have more than one account? What is logic? https://t.co/ZPBfJ9QimZ"}, {"author_id": 1144191547761541125, "id": 1495232072222343173, "text": "RT @moa4eve: Guysss. Do you know Scener ?? It's a YT version of StationHead. That's mean host will hosting a streaming party, and we will s\u2026"}, {"author_id": 1364378270221836288, "id": 1495230095723999234, "text": "RT @moa4eve: Guysss. Do you know Scener ?? It's a YT version of StationHead. That's mean host will hosting a streaming party, and we will s\u2026"}, {"author_id": 1463199644834406406, "id": 1495229685327925250, "text": "RT @Alistair1965: I resigned from Labour because of its shift to the right (leaving my council Labour group/Cabinet post) in Nov 20, inform\u2026"}, {"author_id": 2312877361, "id": 1495229684560412678, "text": "@MagicRosey @kinda_i_want_to puppet directly puts mask on dead kid corpses while afton in pizza party hangs around broken robots and the player taking freddy\n\nits likely afton did stuff the kids and puppet gave them life but uhhhh that doesnt fit with my headcanon as puppet lays the smackdown on the kids https://t.co/jW1C2UYYvr"}, {"author_id": 1421037241770471427, "id": 1495228677680144385, "text": "Guysss. Do you know Scener ?? It's a YT version of StationHead. That's mean host will hosting a streaming party, and we will streaming too but dont need to monitor ! Just leave it to streaming host. This is my first time joining and ITS SOOOO EASY ! \ud83e\udd29 https://t.co/7LTUHFP5NT"}, {"author_id": 15099301, "id": 1495228631580221441, "text": "RT @DhivehiOne: I have never ever seen in my life any government promoting another country to challenge its own citizens..how much #India i\u2026"}, {"author_id": 1481111116927406080, "id": 1495226354551476227, "text": "@ansellcameron That's an absurd assertion, you are using her FAMILY had with a 3rd party to justify this rampant insanity.  Its a BAD look when Black Men run around acting like they are the victim to their White Woman.  Her crime is what? divorcing him SO WHAT it happens my friend"}, {"author_id": 1354240529366536193, "id": 1495226027756306435, "text": "RT @SatoshiSteiff: @EricRWeinstein Life long Dem here -- for the first time ever I'd like to vote against my party for its own good, but I\u2026"}, {"author_id": 1309227168560549902, "id": 1495223499379679233, "text": "RT @Candy4Gremlin: It's Party Time!\n\nIm more so practicing blood rn for my next drawin. its gonna be kinda a sequel to this one.\n\n#oc #ocar\u2026"}, {"author_id": 2266908210, "id": 1495222423041757188, "text": "3. Take it from me my friend. \nGo back to the drawing board and take a STEP BY STEP approach to plan,strategies, unify, consolidate and build MUDA into a formidable party.\nThe foundation of any organisation is its membership. Build up the membership quickly. \n4/"}, {"author_id": 293465061, "id": 1495222172070989824, "text": "RT @SaharKhaliliFP: Some good ol sneaky childhood edutainment!\n\nMy sister and I used to bag this show out for its dorky earnestness, but ev\u2026"}, {"author_id": 66451939, "id": 1495221916474482688, "text": "RT @Alistair1965: I resigned from Labour because of its shift to the right (leaving my council Labour group/Cabinet post) in Nov 20, inform\u2026"}, {"author_id": 978167070633291776, "id": 1495217126877061123, "text": "RT @PaulBar85039345: I've written about my profound experience volunteering for Pete Buttigieg's campaign for the 2020 Democratic Party pre\u2026"}, {"author_id": 761851168481959936, "id": 1495215749345984514, "text": "d&amp;d campaign but it\u2019s just the party trying to find its way out of my ass"}, {"author_id": 986370324307603456, "id": 1495215604151861249, "text": "RT @Alistair1965: I resigned from Labour because of its shift to the right (leaving my council Labour group/Cabinet post) in Nov 20, inform\u2026"}, {"author_id": 1109111430257823744, "id": 1495212623406809088, "text": "RT @PaulBar85039345: I've written about my profound experience volunteering for Pete Buttigieg's campaign for the 2020 Democratic Party pre\u2026"}, {"author_id": 1492652426058506244, "id": 1495209491519918085, "text": "RT @PaulBar85039345: I've written about my profound experience volunteering for Pete Buttigieg's campaign for the 2020 Democratic Party pre\u2026"}, {"author_id": 1456091943595745281, "id": 1495209355653746688, "text": "@dmuthuk You are one of my favorite persons in Twitter.Your statements really Impacted my Financial planning and turned more to investing. BJP is the only party that can bring changes and i'm also hardcore supporter and have no membership in BJP and no relation to its leaders.\ud83d\ude4f"}, {"author_id": 1195456421116043270, "id": 1495208046334672897, "text": "RT @PaulBar85039345: I've written about my profound experience volunteering for Pete Buttigieg's campaign for the 2020 Democratic Party pre\u2026"}, {"author_id": 1443262537, "id": 1495207365112897537, "text": "RT @ARanganathan72: Unbelievable. The party founded on the principles of making wild allegations without any proof is today not only demand\u2026"}, {"author_id": 336772524, "id": 1495206874412564482, "text": "Cunning Germany's dictatorship should be restrained by its jurisdiction,not ever growing to my neighbourhood in Sri-lanka, then follow me wherever. If any** obsession is present from #anyNation- they should come w/their flags,not hire3rd party+\ud83c\udf0e terror.Lawsuit compounds for harm"}, {"author_id": 3399060101, "id": 1495206691293515777, "text": "its the way i didnt get invited to my friends birthday party https://t.co/hQx2i3QOLm"}, {"author_id": 1952606570, "id": 1495206661463498756, "text": "its curse of strahd night and we start in 10 minutes. What shenanigans will the party get into as the festival in valaki is upon us after having dinner with lady wachter  last session.\nWe are all however agreed we're gonna leave valaki as soon as we can i believe.\nmy character"}, {"author_id": 1271981893123276803, "id": 1495205662464299016, "text": "@MC1LFTV ITS BEEN GOOD!!! STUDIED PHILOSOPHY AND CAME TO A PARTY WITH MY FRIENDS SO IVE BEEN HAVING A GREAT DAY :)))))"}, {"author_id": 1471982736374210562, "id": 1495204092523786240, "text": "i have a horrible headache but its saturday night so of course one of my neighbors is having a party"}, {"author_id": 1108533764886618112, "id": 1495203630487678982, "text": "@TomTugendhat I'm roaring with laughter at the thought of your corrupt work event, sorry party cutting off one of the major sources of its own revenues. Bent as a nine bob note the lot of you. Your starter for 10 https://t.co/TOVIRHavkd"}, {"author_id": 1495054747975356416, "id": 1495202490349875204, "text": "bein in a party school city taught me  lot. .. majority of ppl in my generation have a desperate need to escape reality . thus many flock to social media for an \"influencer\" (=manipulator) \"career\" // or migrate to excessive drug usage. its unfathomable how bad it is."}, {"author_id": 726715155908857856, "id": 1495202275211591681, "text": "RT @Alistair1965: I resigned from Labour because of its shift to the right (leaving my council Labour group/Cabinet post) in Nov 20, inform\u2026"}, {"author_id": 1417698966993620998, "id": 1495202248883941376, "text": "its my little brothers bday party and i just feel so horrible rn"}, {"author_id": 1361857674850291712, "id": 1495199968235249670, "text": "RT @TacoDDR: Every DND campaign has its party!\nDrew my buds and I's characters in the DND campaign were playing in! So far it's so freaking\u2026"}, {"author_id": 938479923467087872, "id": 1495197875336368134, "text": "RT @PaulBar85039345: I've written about my profound experience volunteering for Pete Buttigieg's campaign for the 2020 Democratic Party pre\u2026"}, {"author_id": 1181551215072727047, "id": 1495197609702608898, "text": "RT @robynafrik: When jackfruit decides to show up to the party as lox on your Saturday brunch bagel? @kale_my_name makes sure its your busi\u2026"}, {"author_id": 759889140519411712, "id": 1495197346816266241, "text": "why is the strong painful tension headache on the top left of my head making me feel more normal and grounded than the constant head pressure \ud83d\ude2d someone tell ash head to end the headache party already its been almost 2 months of symptoms!!"}, {"author_id": 1045696911544594432, "id": 1495196959933710336, "text": "RT @PaulBar85039345: I've written about my profound experience volunteering for Pete Buttigieg's campaign for the 2020 Democratic Party pre\u2026"}, {"author_id": 1186736770676711425, "id": 1495195951039844353, "text": "I've written about my profound experience volunteering for Pete Buttigieg's campaign for the 2020 Democratic Party presidential nomination in \"Paul for Pete: Politics. Theatre. Life. One Man's Adventures,\" now in its 2nd printing. Here's a quick taste of what people are saying. https://t.co/ti1NGcJEfP"}, {"author_id": 1290232155847630849, "id": 1495194260227776514, "text": "RT @ARanganathan72: Unbelievable. The party founded on the principles of making wild allegations without any proof is today not only demand\u2026"}, {"author_id": 1477932087676219392, "id": 1495192967954538500, "text": "RT @Alistair1965: I resigned from Labour because of its shift to the right (leaving my council Labour group/Cabinet post) in Nov 20, inform\u2026"}, {"author_id": 83941678, "id": 1495192079647096839, "text": "RT @Alistair1965: I resigned from Labour because of its shift to the right (leaving my council Labour group/Cabinet post) in Nov 20, inform\u2026"}, {"author_id": 987922230922260480, "id": 1495191156673683458, "text": "RT @MjSmaglinskie: @JustinTrudeau This is an act of dictatorship, people's freedoms taken away, totalitarianism at its fullest. You showed\u2026"}]