[{"author_id": 929842570145828864, "id": 1495287698604445700, "text": "@tanyaschampagne Jack Copeland \ud83d\ude02 https://t.co/kCr6Ulo0ne"}, {"author_id": 465188531, "id": 1495287683555332096, "text": "RT @ThevoiceAlexa: Nathan Jack from Perth, West Australia had a message to say to his mother.\n\nhttps://t.co/VfgKKYKzKr\n\n#FreedomConvoy2022\u2026"}, {"author_id": 1413482329377427460, "id": 1495287682804568067, "text": "I am Jack\u2019s complete lack of surprise. https://t.co/TWW7CyC9GA"}, {"author_id": 1303152632882761729, "id": 1495287671169732608, "text": "RT @SantanaXXLL: I love when my men jack off to me and say my name  \ud83d\ude08\ud83c\udf46\ud83c\udf46\ud83c\udf46\ud83c\udf46\u2764\ufe0f\ud83e\udd70\ud83e\udd70\ud83e\udd70\u2705https://t.co/3KyyWe3S6h and \u2764\ufe0f\u2705https://t.co/NnfVwrmIkz and a\u2026"}, {"author_id": 1398567945500954626, "id": 1495287670515601410, "text": "RT @Lunekuma: @nightray_710 Jack, why so cute? \ud83d\ude2d https://t.co/M0bgp4KHAv"}, {"author_id": 26269045, "id": 1495287665557651461, "text": "RT @KiavashNajafi: Ottawa, meet Jack. He\u2019s out there on messy but liberated Kent St. cleaning up the occupiers\u2019 garbage. \n\nAnd look at that\u2026"}, {"author_id": 305937420, "id": 1495287664534196225, "text": "@AndTimos Love you Jack &amp; Timos! \ud83d\udc96"}, {"author_id": 1029457852132466688, "id": 1495287663540293634, "text": "@mo_hassy @xAPPLExJACKx @hasanthehun they are also willing to pay ot because the increase of productivity every other industry gets for using the rail network is an overall net gain in profit.\nApple Jack here just never passed econ 101 and thinks individual profit is the only thing thay matters"}, {"author_id": 3035076004, "id": 1495287657655685121, "text": "RT @Super70sSports: Roger Goodell would've suspended Jack Lambert a year for this. Lambert would've appealed that decision by also ripping\u2026"}, {"author_id": 1331839225310838786, "id": 1495287656925700098, "text": "RT @models_fp2: My favourite ebony milf is always  #DiamondJackson \n\n@JDawgRRFanPage @JerkToPorn @SccsMRUK @whypullout1 @VrfdPornAddict @XX\u2026"}, {"author_id": 60072792, "id": 1495287651976433665, "text": "Jack Harlow a different breed"}, {"author_id": 2290709502, "id": 1495287649115979776, "text": "Jack ass was funny asf omg \ud83d\ude2d\ud83d\ude2d\ud83d\ude2d\ud83d\ude02"}, {"author_id": 1493419108716597249, "id": 1495287646947405824, "text": "@Jack_Afton1983 c-cant s-see"}, {"author_id": 1238890242616307714, "id": 1495287610343931906, "text": "@GazaYute3 Let's jack"}, {"author_id": 1485559304677695493, "id": 1495287606443134982, "text": "RT @AnglingInsights: So Cool to see large schools of Jack Crevalles!  Looking forward to catching some of these tackle busters! \n\n#fishing\u2026"}, {"author_id": 1246602969090412544, "id": 1495287598125703171, "text": "never wash my dick tip so it develops a rash and hurts when I jack off and then I can finally feel something for once"}, {"author_id": 705100021927157760, "id": 1495287580400578560, "text": "Please have some a drink of jack daniels never!"}, {"author_id": 893886421915901953, "id": 1495287563980005378, "text": "RT @TheAdamSass: When playing the Joker, Jack Nicholson had it in his contract that his filming schedule be organized around the Lakers\u2019 ho\u2026"}, {"author_id": 910133545066225664, "id": 1495287558661672960, "text": "@the_davidatta You know this ! Someone was telling me the likes of me shouldn't be on twitter cos of support for buhari - I told him \" you must be Jack \" cos only Jack should have that kind audacity on this twitter  - that was then o ! - cos even that Jack sef , where e dey now \ud83e\udd23"}, {"author_id": 1477570530161016833, "id": 1495287554110750720, "text": "@estomms Well im not gonna!! Because dream's not getting you!! He doesnt know where jack's house is- right..?"}, {"author_id": 1431982374737219589, "id": 1495287553561292802, "text": "Pls DO NOT follow me, if you are THE supporter of CCP or Soft on Terrorist Or Support corruption Or support jack dorsey Or you are in dilemma of crypto Decentralisation (fyi currently no crypto in this world is Decentralised)\nOr\n\"If you are fake environmentalists\".\n#MotherEarth https://t.co/gGfEv5Cd8P"}, {"author_id": 44145386, "id": 1495287546418712577, "text": "RT @STKJackets: AJ Brown has the first pitch at our SHS Baseball Home Opener TODAY!\n\nThank you to our gameday sponsors:\nLEARFIELD\nCOUNTRY P\u2026"}, {"author_id": 370495058, "id": 1495287546238095360, "text": "RT @TheAdamSass: When playing the Joker, Jack Nicholson had it in his contract that his filming schedule be organized around the Lakers\u2019 ho\u2026"}, {"author_id": 1230317917549494273, "id": 1495287542408744962, "text": "RT @yudeckiel: @jack chariot 11 \u2649 https://t.co/HnTL3aYElF"}, {"author_id": 1588689301, "id": 1495287540324048896, "text": "My favourite ebony milf is always  #DiamondJackson \n\n@JDawgRRFanPage @JerkToPorn @SccsMRUK @whypullout1 @VrfdPornAddict @XXXAddict24 @Pensfan19801 @ForTheLoveOfP18\n@TittiesBbc @ICHPS2 @damage_jack\n@g00n_general https://t.co/fuS80fBBBC"}, {"author_id": 1493744039656493058, "id": 1495287527531376640, "text": "RT @KiavashNajafi: Ottawa, meet Jack. He\u2019s out there on messy but liberated Kent St. cleaning up the occupiers\u2019 garbage. \n\nAnd look at that\u2026"}, {"author_id": 1494482989157269506, "id": 1495287517393797121, "text": "RT @spankzilla85: Go to #Pensacon this weekend to get a rare autograph opportunity with Bin Furuya and Eiichi Kikuchi, #Ultraman and Ultram\u2026"}, {"author_id": 3494071934, "id": 1495287515032391681, "text": "Jack Nicholson eats garbage-eating pork"}, {"author_id": 756051562561241089, "id": 1495287499387805696, "text": "RT @LivEchoLFC: Alisson is now one assist behind Jack Grealish in the Premier League this season \ud83d\ude0f https://t.co/UfTtjgb7mp"}, {"author_id": 69034924, "id": 1495287456513642499, "text": "RT @TheAdamSass: When playing the Joker, Jack Nicholson had it in his contract that his filming schedule be organized around the Lakers\u2019 ho\u2026"}, {"author_id": 1212819776730349568, "id": 1495287454106071041, "text": "RT @BlackAndRandom1: Jack Harlow just 2013 Big Sean but not as talented and white"}, {"author_id": 213364197, "id": 1495287449408446465, "text": "RT @dzinosam: So much evidence on Jack's app that a lot here read but don't understand."}, {"author_id": 340784157, "id": 1495287447466524675, "text": "RT @ronsirak: Viktor Hovland just hit a 5-iron from 242 yards. In his prime, Jack Nicklaus hit his 5-iron 175-180 yards\u2026"}, {"author_id": 79923822, "id": 1495287435735011328, "text": "Jack Harlow is Lil Dicky meets Fez from Euphoria."}, {"author_id": 106876972, "id": 1495287425962291200, "text": "RT @TheAdamSass: When playing the Joker, Jack Nicholson had it in his contract that his filming schedule be organized around the Lakers\u2019 ho\u2026"}, {"author_id": 82150334, "id": 1495287413698035712, "text": "@davenewworld_2 Hey that looks like Jack Torrance. I thought he was spending the winter being the caretaker at the Outlook Hotel down south..........Working on a book or something"}, {"author_id": 1234726633484898305, "id": 1495287401178341376, "text": "Tasmania Starting line-up graphic.\n\u201cJack McVeigh - Guard\u201d\n#NBL #NBL22 https://t.co/PvBopGtrp4"}, {"author_id": 829834968956297216, "id": 1495287399194275840, "text": "RT @katieporteroc: Corporations are using supply chain issues as an excuse to jack up prices on families. Not only are CEOs admitting their\u2026"}, {"author_id": 1177983833746132992, "id": 1495287393599074305, "text": "@FLASKKY_WS Gundam never grew on me + his fans, Jack is a little  too crazy for me and Miu is so fucking horny"}, {"author_id": 710703890, "id": 1495287389303889920, "text": "@OttawaPolice @SaraCarterDC If you facist jack boots would knock off your violence against your brothers and sisters who are peacefully protesting, it would all go away. You will not be forgiven by saying \"I was just following orders\".\n\nThe lies spread by Trudeau and your press are putting commies to shame."}, {"author_id": 709647472105103361, "id": 1495287378499747841, "text": "RT @stripchat: Stay tuned for todays VR American porn show! \n\nToday 4th of February at 21:00 GMT/ 13:00 PST\n\nStarring Asia Vargas, Jack Rip\u2026"}, {"author_id": 1044395882727305217, "id": 1495287373541912579, "text": "jack literally stealing all of my jokes, I can\u2019t believe it https://t.co/DuLVwTsKFJ"}, {"author_id": 1471862659700039681, "id": 1495287352394395649, "text": "RT @Babysiabitcoin: This is really exciting because @DreamsQuestNFT\u2728 has Michael Weiss from Writer's Room, \n\nan award-winning screenplay in\u2026"}, {"author_id": 898115913148452864, "id": 1495287336409743360, "text": "RT @Melanin_AmenRa: (Chuchuza)Black jack:\n\nIs an Excellent plant for Prevention and treatment Of Breast ,prostate,colon and any type of Can\u2026"}, {"author_id": 1447118018010566664, "id": 1495287334933258242, "text": "RT @BlackAndRandom1: Jack Harlow just 2013 Big Sean but not as talented and white"}, {"author_id": 377895239, "id": 1495287306588069890, "text": "RT @TMZ: It looks like Chrissy Teigen and John Legend are in the process of having another baby, but this time via surrogate. https://t.co/\u2026"}, {"author_id": 590354014, "id": 1495287304084148224, "text": "RT @Classicbritcom: Remembering the late Actor, Jack Howarth (19 February 1896\u00a0\u2013 31 March 1984) https://t.co/GQIqBjfjS4"}, {"author_id": 252698921, "id": 1495287298686021639, "text": "I remember McIllhargey at a best ever program during the lockout.  Each team sent three kids to a practice run by the Nucks. One of my kids heard about Jack, so he skates over to him and asks him, \"Mr McIllhargey, can you show me how to drop the mitts?\". Jack laughed so much. https://t.co/3riG26izY7"}, {"author_id": 1120495093, "id": 1495287287055368194, "text": "RT @TheAdamSass: When playing the Joker, Jack Nicholson had it in his contract that his filming schedule be organized around the Lakers\u2019 ho\u2026"}, {"author_id": 250723217, "id": 1495287279153074177, "text": "RT @KiavashNajafi: Ottawa, meet Jack. He\u2019s out there on messy but liberated Kent St. cleaning up the occupiers\u2019 garbage. \n\nAnd look at that\u2026"}, {"author_id": 1235396159897628672, "id": 1495287266541023236, "text": "RT @gabbgoudy: jack harlow is unbelievable \ud83d\ude2d\ud83d\ude02 https://t.co/dAH3dM8Is7"}, {"author_id": 1722202273, "id": 1495287260576550912, "text": "The Hawks have 5 guys who are genuine centres. The Jack Jumpers have 1 development centre."}, {"author_id": 115055995, "id": 1495287249159659521, "text": "RT @JackdeJess1: jack of jesus\n22 years\n190 pounds\nshort field @NJCAABaseball @JucoUncommitted @JUCOBsb @TopPreps @NAIABall @NAIA @CJBecas\u2026"}, {"author_id": 899686918719381506, "id": 1495287229610016771, "text": "RT @katieporteroc: Corporations are using supply chain issues as an excuse to jack up prices on families. Not only are CEOs admitting their\u2026"}, {"author_id": 1488961356091072515, "id": 1495287217220169736, "text": "@Shinysilkyhot It's the Sack Jack from Oxballs. Youbwill definitely find it \ud83d\ude09"}, {"author_id": 263439460, "id": 1495287215366316035, "text": "@jackharlow I like Jack buuuuut Kanye is also off his meds right now soooo...."}, {"author_id": 27058611, "id": 1495287215286595585, "text": "RT @kingtopvegas: Wanted to show yall what it looks like from both ends when I fuck @jack_baileyxxx \ud83d\ude08\ud83d\ude08\ud83d\ude08\nPart 1 is now up on Onlyfans https:\u2026"}, {"author_id": 1294373247052472321, "id": 1495287214758105088, "text": "RT @ThevoiceAlexa: Nathan Jack from Perth, West Australia had a message to say to his mother.\n\nhttps://t.co/VfgKKYKzKr\n\n#FreedomConvoy2022\u2026"}, {"author_id": 358922958, "id": 1495287213973811204, "text": "RT @Henrythejannie: Fantastic news, from March 1 all UK registration plates will have the Union Jack on them, it'll be illegal to have EU o\u2026"}, {"author_id": 241823734, "id": 1495287209762635777, "text": "RT @AdoptionsUk: Please retweet to help Rascal find a home #PERTHSHIRE #SCOTLAND \ud83c\udff4\udb40\udc67\udb40\udc62\udb40\udc73\udb40\udc63\udb40\udc74\udb40\udc7f\n\nJack Russell aged 6, sadly his owner has gone int\u2026"}, {"author_id": 1365471967592079363, "id": 1495287207388532739, "text": "@Dun_Jack_ This is incredible! Pups do have interesting Locktober....\ud83d\udc3e\ud83d\udd10"}, {"author_id": 1230317917549494273, "id": 1495287203517407232, "text": "RT @yudeckiel: @jack Pisces East https://t.co/es921B9TrT"}, {"author_id": 1100820791124549633, "id": 1495287190431186945, "text": "RT @MackaFamous: I\u2019m learning to NOT CHEAT and just jack my dick off when I\u2019m horny .\nDay 50. of Being Loyal \ud83d\ude02\ud83d\ude29\ud83d\udc9d https://t.co/tUzVqZNnud"}, {"author_id": 493761678, "id": 1495287183216836608, "text": "@PhotosOfKanye Maybe he should worry more about being a decent man to their mother, so she doesn\u2019t end up with a Jack a$$ like him."}, {"author_id": 1310611352688488448, "id": 1495287170210402305, "text": "RT @LivEchoLFC: Alisson is now one assist behind Jack Grealish in the Premier League this season \ud83d\ude0f https://t.co/UfTtjgb7mp"}, {"author_id": 1071548992268447744, "id": 1495287165231632387, "text": "@rah_jack @cartoonsnft @austin_amadi_ \ud83d\udcaa yes knew it\n\nLFG \ud83d\ude80\ud83d\ude80\ud83d\ude80"}, {"author_id": 1345597412275007488, "id": 1495287147062079490, "text": "RT @Letter_to_Jack: Guys, please help me report this account massively for impersonation @letter_to_jack_ . \n\nThe person is an impostor who\u2026"}, {"author_id": 1174676849496137728, "id": 1495287138182647810, "text": "@Letter_to_Jack Bini is not going anywhere"}, {"author_id": 1473708421568507913, "id": 1495287137180303365, "text": "@AlanAle62407097 Omg jack walten train! https://t.co/xXQBhuOaCj"}, {"author_id": 1716513002, "id": 1495287124395974661, "text": "RT @TheAdamSass: When playing the Joker, Jack Nicholson had it in his contract that his filming schedule be organized around the Lakers\u2019 ho\u2026"}, {"author_id": 1488134329456685056, "id": 1495287123678838789, "text": "Genghis Khan and the Making of the Modern World PDF EPUB Full Pages FREE Jack Mciver Weatherford\n\nLet\u00f6lt\u00e9s  : https://t.co/fwtYLlsBSV \nISBN 9780609809648 https://t.co/7gcDW9mvmZ"}, {"author_id": 906379351280816129, "id": 1495287122688892929, "text": "@KiavashNajafi This is Canadian Pride its folks like Jack that make Canada Great .....Thank you Jack"}, {"author_id": 1437990235829276674, "id": 1495287119014625281, "text": "@macaiyla Thank you for standing up!!!! I am angry at C9 and Jack they fucked up https://t.co/HiPTgAnmhO"}, {"author_id": 1417373403439378478, "id": 1495287114329591814, "text": "a film by denis villeneuve: WHITE HELL.  starring anya taylor joy, jack dylan grazer and julia roberts"}, {"author_id": 1140419175955009536, "id": 1495287104292720641, "text": "@The_Jack_Knight A\u201d depends on the role you get"}, {"author_id": 1493595169748361227, "id": 1495287093701988352, "text": "@Babysiabitcoin @DreamsQuestNFT @jack Awesome promotion page \nDM us @nftcrypto_space"}, {"author_id": 1381104537612779521, "id": 1495287092456394752, "text": "RT @m_crouton: You looking at me? #jack #nap #boxer #boxerdog #saturday https://t.co/HUJUCe9yXQ"}, {"author_id": 1094838859773419520, "id": 1495287089247707137, "text": "RT @TheAdamSass: When playing the Joker, Jack Nicholson had it in his contract that his filming schedule be organized around the Lakers\u2019 ho\u2026"}, {"author_id": 1411239421, "id": 1495287073598803971, "text": "RT @BlackAndRandom1: Jack Harlow just 2013 Big Sean but not as talented and white"}]