[{"author_id": 1433497022049357827, "id": 1495284287423188992, "text": "It's already been a month since S2 started but I'm still so excited to be with y'all every Friday night \ud83d\udc99 Don't hesitate to submit your stories to ELF Space's form if you need someone to listen to your problems without judgment, and even get great advices from our panelists! \ud83d\udc99 https://t.co/XcfivMUOA8"}, {"author_id": 609834780, "id": 1495266637636907012, "text": "RT @jesuswired: Here's a bit of late night #SundayEncouragement to help you start your week with a lighter load - Let this #SpotOn Word mot\u2026"}, {"author_id": 719570481410633728, "id": 1495255943235440640, "text": "@EnterDaDome Ya know what we need 2 have a discussion about? How dope the soundtracks were between 94-99. The Show, Above the Rim, Sunset Park, Nutty Professor, How To Be A Player, Soul in the Hole, Tales From the Hood, Bulworth, Judgment Night, High School High, the list goes on"}, {"author_id": 378838323, "id": 1495254243833430016, "text": "@Bosko_DePompo Man. What a curious soundtrack. The whole Judgment Night mash-up template had some diminishing returns."}, {"author_id": 1338677543570911233, "id": 1495230064090304513, "text": "Came up a few spots short of making the @DIRTcarNats finale @VolusiaSpeedway.\n\nA poor judgment call in our heat race took us out of contention which led to the decision to load up and call it a night early.\n\nThank you to my crew, sponsors and fans for the never ending support. \ud83d\udc4a https://t.co/DkdmbiZesY"}, {"author_id": 227010728, "id": 1495228687930867717, "text": "Now to get off of my last (very serious) thread and onto my current rap/metal obsession: Onyx and Biohazard should've made a whole album together. I used to kickbox to \"Judgment Night\" and \"Slam.\"\n\nMaybe I could've taken out Russia by now.  I coulda solved it all.\ud83d\ude06"}, {"author_id": 43680030, "id": 1495225491351027713, "text": "@BarredinDC @LaFeinman Def agree on the off night. Was this the first time you visited? Is it a relatively new place still ironing out kinks, perhaps? If so, would reserve judgment until a second visit. But if you\u2019re not willing to go back, an email is the way to go."}, {"author_id": 1331411885422329856, "id": 1495206733903323138, "text": "Should this world, like a beast prowling in the night, covet your dreams, then I, Prinzessin der Verurteilung, she'll sell it with my ensorcelled arrows of judgment!"}, {"author_id": 1355300127766941700, "id": 1495189975884656647, "text": "@JohnGoo68488654 @WallStreetQuee2 @mmpadellan If you really believe you've been respectful I'm really sorry about your judgment. Anyhow I'm gonna go do something exponentially more interesting like pick up dog turds in my yard. Have a nice night."}, {"author_id": 880911603490861056, "id": 1495149656636022787, "text": "Kim, I don\u2019t know what to say? I mean if you enjoy swimming at night then fantastic and good for you. Have fun \ud83d\ude0e \n\nEither I\u2019m a big time fool or just too emotional involved with you. My romantic feelings effect my judgment. I want you to be happy. Move on from Kanye too\u2026 https://t.co/43BZQN8Xhf"}, {"author_id": 2923082413, "id": 1495136807528321032, "text": "RT @LifestylesL2htx: SAT 2/19\ud83d\udea8Join \u2018Lifestyles Lounge\u2019 for our BLACKED OUT party \ud83d\ude08\ud83d\udd25 Ski masks are recommended not required. $25 cover all n\u2026"}, {"author_id": 1234212240104009734, "id": 1495133737331347458, "text": "m night shyamalan is the george lucas of horror. he's pretty good at coming up with cool ideas but he's got absolute shit judgment and requires smarter, more careful people around him in order to make those ideas into something coherent and entertaining"}, {"author_id": 1478811807934525442, "id": 1495121347248365568, "text": "RT @LifestylesL2htx: SAT 2/19\ud83d\udea8Join \u2018Lifestyles Lounge\u2019 for our BLACKED OUT party \ud83d\ude08\ud83d\udd25 Ski masks are recommended not required. $25 cover all n\u2026"}, {"author_id": 1147298730124677121, "id": 1495119454476419073, "text": "RT @AreWhyaynn: When I was 6 I went to Applebees with my family and got shrimp and my dad told me I could eat the tails\n\nDidn\u2019t think anyth\u2026"}, {"author_id": 1244710859961774084, "id": 1495110421447155718, "text": "When I was 6 I went to Applebees with my family and got shrimp and my dad told me I could eat the tails\n\nDidn\u2019t think anything of it until I woke up covered in hives that night \n\nI learned very early on not to trust that man\u2019s judgment \ud83d\ude02"}, {"author_id": 1427252640388370436, "id": 1495103664037453825, "text": "@ReturnofR Judgment night. Movie is horrible though..."}, {"author_id": 1194684526590484482, "id": 1495093478572937217, "text": "@denverdrewC @SlackSupremacy Reading this thread, I felt a guilty pleasure in replying Judgment Night and then you did, so cool. Apex rap/rock.\n\n\"Fear of a Slack Planet\" \ud83e\udd23\n\nAre ya familiar with the Church of the Subgenius? https://t.co/GY29s97HOr"}, {"author_id": 1110030971938787329, "id": 1495085007441997830, "text": "Turning this June morning into some dark judgment night"}, {"author_id": 21771608, "id": 1495078775368921098, "text": "You do sonething evil all the time up all night in sauron one eye hating humans.\nWe live through bloody ruins down all day in Quran onicode meditating on Allah and Day of Judgment."}, {"author_id": 2372313654, "id": 1495050630653792263, "text": "When you\u2019re so nouveau riche that it impairs your judgment while setting up a false flag attack. \n\nReminiscent of a certain brand new palace of 1150 rooms that was miraculously spared while the parliament was bombed during a certain awful night of terror. https://t.co/1iBnOfi6sx"}, {"author_id": 182574439, "id": 1495047819647877121, "text": "@SlackSupremacy The Judgment Night soundtrack is the last good one that I can remember"}, {"author_id": 1473426961003393034, "id": 1495044043700645892, "text": "With my soul have I desired thee in the night; yea, with my spirit within me will I seek thee early: for when thy judgment are in the earth, the inhabitants of the world will learn righteousness. { ISAIAH  26:9 }  [ KJV ]"}, {"author_id": 3296841311, "id": 1495030660687400968, "text": "RT @JCookeEngineer1: @CoalvilleTownFC @RoystonTownFC Pathetic!! I could have and did tell you earlier that there\u2019s now way the ref was goin\u2026"}, {"author_id": 1199253170335166466, "id": 1495030481057988609, "text": "@CoalvilleTownFC @RoystonTownFC Pathetic!! I could have and did tell you earlier that there\u2019s now way the ref was going to let it go ahead!! You should have made an earlier call/judgment as we did on Tuesday night. Not easy I know but someone\u2019s got to have the balls to make the decision before we travel!!"}, {"author_id": 21771608, "id": 1495004276489396225, "text": "Television at night sauron one eye everytime can reach us through political strategy delight white supremacy in evil hatred of humans.\nReal life at day Wuran onicode wont you hear my redemption song get dislike black survival in righteous meditation on Allah and Day of Judgment."}, {"author_id": 1181198116353122304, "id": 1494918186646773760, "text": "@ProudMu65041480 @SE_AfghanWGH @IIFA_official @oic @POTUS Mashaallah I believe  is like sky that day and night we are looking and I believe in grave punishment and day of judgment sinners should understand this"}, {"author_id": 214074911, "id": 1494902976250462209, "text": "These monsters will return to their communities.\n\nThey deserve to be deserted by their loved ones, ostracized from society and never ever get a good night's sleep again until the day they will face their final judgment and eternity burning in Hell.\n\nEach. And. Every. One. https://t.co/jldzlST5qW"}, {"author_id": 1492567436620664835, "id": 1494899808523493378, "text": "@TheGuySwann Where does violence begin? Is it when you block streets? When you honk horns at night when people are trying to sleep? When bank accounts are frozen? When cops push you? Do you blame the last domino or the first? Judgment is so easy, resolving peacefully isn't so much."}, {"author_id": 2366341231, "id": 1494879770420875270, "text": "Cry justice into the dark of night, and it will echo back, \"Cynthia!\" Any who would face divine judgment, step forward and meet my blade!"}, {"author_id": 1485436128194879497, "id": 1494858282346979331, "text": "is taht what the way you would treat your mother Justin, i hope you sleep good at night,, without remorse... But charma will be there as well as judgment day"}, {"author_id": 2389068850, "id": 1494858104114188295, "text": "@PinePark Brought my brother with me against my better judgment for his first time. He got geeked and called our parents at 2am on a work night. Mom snatched me from between the couch cushions by the ear as a grown man as I pretended to be asleep. Brother told dad it was laced.. with thc.."}, {"author_id": 922550947297087488, "id": 1494853316320374786, "text": "@take_body @DiaryOzzy @OnlineOzzy @TheTapesArchive @Vol4Recording @docvader2 @punt_rd @DavidKlement2 @Metalmike3 This is the poor man\u2019s Judgment Night Soundtrack. I definitely \u201cNapstered\u201d this back in the day though."}, {"author_id": 279727096, "id": 1494849715938095107, "text": "Good night, sweet princes... #Judgment #XboxShare https://t.co/DMlLmpai8C"}, {"author_id": 1378418039545298947, "id": 1494846073252114432, "text": "Should this world, like a beast prowling in the night, covet your dreams, then I, Prinzessin der Verurteilung, shall fell it with my ensorcelled arrows of judgment!"}, {"author_id": 1332444101258719236, "id": 1494832553273954306, "text": "RT @ANCA_DC: \u201cOz\u2019s dual citizenship \u2014 and his reluctance to renounce Turkish citizenship \u2014 will keep the FBI and security managers up at ni\u2026"}, {"author_id": 93671018, "id": 1494830456130449413, "text": "@1hunnitdash1 Its true tho. \ud83d\ude02\ud83d\ude02 I scored 32 in 42 straight games. I\u2019m allowed an off night with no judgment. Its gonna be a career high next time"}, {"author_id": 1246922100390219778, "id": 1494818305810522122, "text": "RT @HoneeDesigner: Sudden deaths for lawmakers of the world SHALL COME like thieves in the night. The Angels of death &amp; judgment coming for\u2026"}, {"author_id": 300584854, "id": 1494810016724967435, "text": "@ReturnofR Bought Judgment Night on vinyl a couple of weeks ago. Very cool!! \ud83e\udd1f\ud83d\udd25 https://t.co/mbLyTqtQmU"}, {"author_id": 887688979516182528, "id": 1494808414463086595, "text": "@xhyuck @boycottaquaman2 @lilmissaurora1 @NoctrnlValkyrie @PrinConsuella_ @RaquelDobson @la77465262 @lucy_carling @ioangruffudd Reserving judgment is not crucification. You are becoming angry that others may have a different opinion which we are all entitled to. Have a good night."}, {"author_id": 31322322, "id": 1494797558765563911, "text": "@MadCityBeerGeek But that\u2019s a great movie with a great soundtrack. Judgment Night is an awful movie with a great soundtrack."}, {"author_id": 88537089, "id": 1494793183733194755, "text": "RT @daveforsythe: Work off due to bad weather so against my better judgment I\u2019m joining #bootlegFriday my trailer is Dark Night of the Scar\u2026"}, {"author_id": 22683667, "id": 1494793086677000197, "text": "Work off due to bad weather so against my better judgment I\u2019m joining #bootlegFriday my trailer is Dark Night of the Scarecrow https://t.co/4u8MrlhYqX"}, {"author_id": 31322322, "id": 1494790554177183754, "text": "The eternal answer to this is Judgment Night. https://t.co/x74KkgJuwJ"}, {"author_id": 1232742531621892096, "id": 1494783741910212615, "text": "@ChulAamodt \u00abJudgment Night\u00bb."}, {"author_id": 1401526497635078147, "id": 1494774988771143680, "text": "21:78. And remember David and Solomon when they gave judgment in the matter of the field into which the sheep of certain people had strayed by night: We did witness their judgment.\n\n #Quran"}, {"author_id": 71671148, "id": 1494767204721586177, "text": "@malwaslike I pulled up to the gym bumping this last night. Ugh. No judgment."}, {"author_id": 126596212, "id": 1494762597714964481, "text": "Just then, as Pilate was sitting on the judgment seat, his wife sent him this message: \u201cLeave that innocent man alone. I suffered through a terrible nightmare about him last night.\u201d\nMatthew 27:19 (NLT) https://t.co/EoE4Wk68MS https://t.co/lsKWb1qb2g"}, {"author_id": 84182283, "id": 1494759563282853890, "text": "@mrhick01 @Black_Action Ya know, one man looks at a coming day as Judgment day and another man sees it as doomsday. \n\nIf a Man poisoned your food last night, intent on ending your life, would you allow him to prepare your meal tonight?\n\nNot anarchy, pedophile, apathetic monsters control our water today."}, {"author_id": 126596212, "id": 1494751210460618753, "text": "Just then, as Pilate was sitting on the judgment seat, his wife sent him this message: \u201cLeave that innocent man alone. I suffered through a terrible nightmare about him last night.\u201d\nMatthew 27:19 (NLT) https://t.co/3Z64lA7x6w"}, {"author_id": 3991511792, "id": 1494730477634134016, "text": "She\u2019s the One, Judgment Night, Singles, Beautiful Girls, Tank Girl, If Beale Street Could Talk, Bamboozled https://t.co/h1PDwnmiRW"}, {"author_id": 832957875290984449, "id": 1494726394965725184, "text": "RT @HoneeDesigner: Sudden deaths for lawmakers of the world SHALL COME like thieves in the night. The Angels of death &amp; judgment coming for\u2026"}, {"author_id": 93938795, "id": 1494722808068386820, "text": "Another work week done &lt;3\nGoing to take the night to relax and catch up on some games and stuff. \nWill see you all tomorrow for more Judgment and we will go a bit longer than usual :)"}, {"author_id": 2153317003, "id": 1494718079468810244, "text": "@richterscale @VegHistory my friend and former bandmate won a gold record for recording the Helmet/HOP track\nhttps://t.co/00350Kn26v"}, {"author_id": 1183460340903956480, "id": 1494710698177355787, "text": "RT @MindShift2018: Imagine: if Jesus hadn\u2019t included all the apocalyptic warnings about his imminent return, end of the world &amp; judgment to\u2026"}, {"author_id": 239928035, "id": 1494687417303019524, "text": "@BarryNutbag @Petewrestling @WWEGareth Lmfao yeah cause Monday Night Football is the same as the Olympics. I mean are you dense or are you just that much of a negative person that it clouds your judgment?"}, {"author_id": 71032377, "id": 1494682704486572038, "text": "@Joe_Gillian81 @GoogleStadia Yo bro, spent all night playing all the Sega games on Judgment, thanks for the heads up\n\nI already bought it to support the platform\n\nYou rock and I now have another game I will occasionally be playing"}, {"author_id": 112203234, "id": 1494673751845257220, "text": "@helen_of_roy As a boomer I\u2019m sorry to hear this. Just for the record, though I do aspire to vacation frequently, I can\u2019t wait to have grandchildren, look forward to babysitting incl. night duty w/newborns, and to offering love and support, which helps, not judgment, which doesn\u2019t."}, {"author_id": 1275625967768272897, "id": 1494664815977054211, "text": "@CredicoRandy Up is down right is left day is night east is west wrong is right\nThis has been long been my judgment when it is broadcasted on msm"}, {"author_id": 789134096937123840, "id": 1494640965151297556, "text": "Ok\u2026 so I won anal beads last night at sex toy bingo and I don\u2019t really need them atm so if anyone would like a free present message me! No judgment or shame here \u263a\ufe0f"}, {"author_id": 14245265, "id": 1494608352550207488, "text": "I hate when people retweet a dumb tweet at night because Twitter is slow and I have to see it 5 times because I go back to Twitter and no one's tweeting \n\nPsa retweet dumb tweets during the day, thank you \n\nUnless it's my dumb tweet those are fine I trust my judgment"}, {"author_id": 1090308804758126592, "id": 1494579561178140672, "text": "\"Historic Judgment\"\nThe biggest verdict in the history of the country in the 2008 #AhmedabadSerialBlasts case in which 38 convicts were sentenced to death simultaneously.All these officers are credited with speeding the accused day &amp; night and bringing them to their destination. https://t.co/ksgsknfYWA"}, {"author_id": 1492642320063291394, "id": 1494561915628044288, "text": "(there were more things that happened that night that rubbed me the wrong way and made my final judgment of him weird)"}, {"author_id": 1488404996035170305, "id": 1494560204511498252, "text": "@NeededRoads @AliPlumb Judgment Night I mean"}, {"author_id": 1355300127766941700, "id": 1494528082668974082, "text": "@waldejh @Fidelity I wonder if you realize how ridiculous it is for you insert this garbage into this particular thread. I'm very sorry about your judgment and you are clearly part of the problem. Have a nice night."}, {"author_id": 2955535081, "id": 1494510710830899202, "text": "I just want to go outside under the night sky and contemplate creation. I want a church without walls, without all the answers, where I can ask big questions without pat answers and without judgment if I don't agree with you. https://t.co/Pj9y9dCHO7"}, {"author_id": 1365254190809948160, "id": 1494509478632468482, "text": "It\u2019s appointed for man \nto die once and after that comes judgment. \nFor the day of the Lord will come unexpectedly, like\na thief in the night. When people are\nsaying, Everything is peaceful and\nsecure, then sudden disaster will fall\non them as a pregnant woman's labor\npains begin"}, {"author_id": 2736742474, "id": 1494456474642399232, "text": "@AliPlumb Judgment Night"}, {"author_id": 1346685991759695874, "id": 1494452014448668681, "text": "RT @ANCA_DC: \u201cOz\u2019s dual citizenship \u2014 and his reluctance to renounce Turkish citizenship \u2014 will keep the FBI and security managers up at ni\u2026"}, {"author_id": 107833380, "id": 1494451920844513281, "text": "If you can count on a friend to answer or respond to a call from you damn near any time of the day or night, they are a REAL FRIEND. If not, they are ONLY an associate. I say this not for judgment. Nor to be cruel. Only so that the nature of the relationship is crystal clear.\u2764\ufe0f\ud83d\ude4f\ud83c\udffd"}, {"author_id": 258491262, "id": 1494451343238569984, "text": "Here's an example for your judgment. You have very poor judgment. You think you have a right to impose you judgement on Iowans. No, you don't.\n\nhttps://t.co/zaitPYyt9C"}, {"author_id": 1181701254, "id": 1494449934061514758, "text": "RT @ANCA_DC: \u201cOz\u2019s dual citizenship \u2014 and his reluctance to renounce Turkish citizenship \u2014 will keep the FBI and security managers up at ni\u2026"}, {"author_id": 1401889769672515586, "id": 1494443706916777987, "text": "RT @FrayedBlueJeans: \ud83d\udea8 No Judgment Zone \ud83d\udea8\n\nJust curious, what do y'all set your thermostat on in the winter?\n\nWe like our shack on the cool\u2026"}, {"author_id": 17541569, "id": 1494442812003209221, "text": "@inthefade +1 on Judgment Night"}, {"author_id": 7214972, "id": 1494442524957622272, "text": "judgment night, spawn, bride of chucky https://t.co/vauSFsbbfM"}, {"author_id": 1139997614, "id": 1494441768099663872, "text": "\ud83d\udea8 No Judgment Zone \ud83d\udea8\n\nJust curious, what do y'all set your thermostat on in the winter?\n\nWe like our shack on the cooler side. During the day we keep it between 66\u00b0-68\u00b0. At night, we put the thermostat on 60\u00b0. \n\n(Lots of fleece-y, lined flannel in the crib)."}, {"author_id": 1417302145062244430, "id": 1494437188854960129, "text": "I settle down and sleep in peace at night knowing that God's enemies are my enemies and they will be purged in eternal fire. It's one of the only things that puts a smile on my face nowadays. God's judgment truly is worth worship."}, {"author_id": 1331411885422329856, "id": 1494436837657493519, "text": "Should this world, like a beast prowling in the night, covet your dreams, then I, Prinzessin der Verurteilung, she'll sell it with my ensorcelled arrows of judgment!"}, {"author_id": 289141312, "id": 1494431919366418437, "text": "@AliPlumb Judgment Night \nhttps://t.co/Sd06vME4tr"}, {"author_id": 115063978, "id": 1494418099445116932, "text": "@slimyswampghost Judgment Night takes place in some kind of store/market at one point"}, {"author_id": 900197766, "id": 1494406982941347847, "text": "@d_s_edwards Today\u2019s album was the Judgment Night soundtrack. There\u2019s a Del and Dinosaur Jr track on it that was decent"}, {"author_id": 1453601885638774785, "id": 1494406199453835275, "text": "@impeachqueen @megafant1 @IngridIngwah @AnthonyT2_ @MichaelSteidel @PatricktheB @TheCOAPodcast @michellmybell1 @spanna65 @p3driver @Truthwiththord @Kokushi1x @malo_j @Bitcoinbabbi @MassillonAt @horusrage @abusaqer @kraegkust @Canna420Uk @odktiger @brough_joshua @ScientiaPercept @MucusMucous @AweNature_ @DrSly16 @Thedukeistheman @geraldpayne25 @nadsshoes @Samson37123571 @wpcguy @bumpus_lumpus @jojointassie @reactiveIntent @BrianNazarenus @tk_the_kitsune @0x526978 @Atheist_1978 @HeathenWombat @DeusSupreme @ainjalut1260 @jonesant041 @LeannEAF @SharkTooth787 @bs_tolerance_0 @DanielJNickolas @PeterFi98279139 @ei9iw In fact, last night I had a good conversation with someone that turned out to be a Catholic. If I had allowed my personal views to dictate my judgment I would've missed the opportunity of chatting with someone that turned out to be a cool person."}, {"author_id": 771503841133072384, "id": 1494393107101765634, "text": "It\u2019s an emotional day for me. \ud83e\udd7a\nTwo nights in a row, back to back dreams, what I saw in prayer last night, seeing God\u2019s pending hand of judgment on wicked, + growing battle weary, watching everything unfold. I need a grab a bite to eat and look at feeds to see what is going on\u2026 https://t.co/o1M6KIDAjO"}, {"author_id": 1047208584382177281, "id": 1494385842395271169, "text": "When I see the \u201clikes\u201d are more than comments, I feel sad and disappointed as a rough judgment. Last night I had a dream, where many trucks drove by, without any light, in total darkness. I was scared. https://t.co/ih3mjfjK2Z"}, {"author_id": 2897741469, "id": 1494375407856107526, "text": "@FendlerTweets It was good seeing you last night. You looked good but I could tell there was some exhaustion there. Take your time. We are gonna be here when you get back. BUT, if you ever start drifting towards the dark, please call me. I'll be there expeditiously and without judgment."}, {"author_id": 1475526638452543496, "id": 1494356755270316034, "text": "@elizaorlins How disappointing to read all the statements of judgment. That fact is there are many, many people who are so less fortunate than we. I was lucky no food but found tree houses to sleep in a night. I never stole but that was my choice. Any one of you can guess at any reason ppl do"}, {"author_id": 78914170, "id": 1494347766419836935, "text": "Doctor A took data from all the investigations done, looked at the CT scan reports, checked the blood work, looked at the patient's comorbidities, and then exercised professional judgment to perform emergency surgery in the middle of the night."}, {"author_id": 1239440524702081024, "id": 1494297256174002178, "text": "7. These are the thoughts that keep me up at night tbh. I sometimes fear the awake world becoming to religious like over time and developing a religious like disgust for the world, when in reality it's a judgment made from internalized shame. So ya, it runs deep, soul level deep."}, {"author_id": 21929652, "id": 1494291728525926400, "text": "Trudeau has been driving division in Canada. @MelissaLantsman appeared on Fox News last night. Just listen to the exchange without judgment of the source https://t.co/92c7hPeVNL"}, {"author_id": 20160095, "id": 1494289579591057411, "text": "@AliPlumb Judgment Night - cracking soundtrack, absolutely mediocre film."}, {"author_id": 979183010581852161, "id": 1494276900495425536, "text": "Night talks + talking about our deep secrets + no judgment = ?"}, {"author_id": 996603536703197184, "id": 1494264388555100163, "text": "slept 1 hour last night because I was watching Matrix Reloaded only to come in to class today (against my better judgment) for my professor to make a borderline transphobic comment about the Wachowski sisters. I'm literally going to raise hell"}, {"author_id": 935343085, "id": 1494240294442881026, "text": "RT @flickeringmyth: The Wrong Side of Town in \u201993: Trespass and Judgment Night https://t.co/NHk5RI35yB https://t.co/ytbvrSNHz6"}, {"author_id": 1376634996715323393, "id": 1494229465680986114, "text": "after a 3am shower and intense judgment from the resident Very Large Cat i now feel like i can sleep again\n\ngood night and happy sora pussy to you all! \ud83d\ude0c"}]