[{"author_id": 1388842780970024968, "id": 1495280821376204805, "text": "@trshaloy Judge the book, newspaper, magazine, comic by Judge Dredd. https://t.co/Jek3rvA6C3"}, {"author_id": 1279438687038607360, "id": 1495277460497133571, "text": "RT @StazJohnson: Happy 45th birthday to @2000AD , here's to another 45. I can't claim to be one of those who read it from issue #1, #24 was\u2026"}, {"author_id": 1369029115446239235, "id": 1495276322125496323, "text": "RT @Swooshface38: I\u2019m not Lotas, but I think Judge Dredd traits would be sick to see.\n@TheWildBunchNFT https://t.co/a2a61Mmt8c"}, {"author_id": 35044923, "id": 1495275415782531073, "text": "These titles are just a tiny fraction of an entire comic publishing universe found in the 45 year breadth of 2000 AD (and its sister publication, The Judge Dredd Megazine). 19/ https://t.co/uQLi7xt0q1"}, {"author_id": 35044923, "id": 1495275404483043329, "text": "Judge Dredd, Strontium Dog, ABC Warriors, Nemesis the Warlock, Halo Jones, The V.Cs, Rogue Trooper, Bad Company, Zenith, Robo-Hunter, Indigo Prime, Tyranny Rex, Nikolai Dante, Sinister-Dexter... 17/ https://t.co/s2k4MAHRmv"}, {"author_id": 35044923, "id": 1495275396442566660, "text": "It showed me a level of nuance I wasn\u2019t expecting, while also showcasing the apocalyptic level of destruction Judge Dredd stories can contain. 15/ https://t.co/HpOg18ssnC"}, {"author_id": 35044923, "id": 1495275389014487046, "text": "But then, 2 progs later in 1408, Judge Dredd Total War started. A 12 part mini-epic by John Wagner and Henry Flint, where I finally got my first taste of what Judge Dredd really was. 13/ https://t.co/PUbrrEYZF8"}, {"author_id": 35044923, "id": 1495275385461817345, "text": "So I had avoided the few Judge Dredd themed collections that DC had put out, and honestly this first Judge Dredd strip in 1406 was nothing special to dissuade me from my initial reaction. 12/ https://t.co/O34Vikb7dV"}, {"author_id": 35044923, "id": 1495275378486689794, "text": "My first prog ended up being 1406, an interesting mix of horror and sci-fi strips. Caballistics Inc., Robo Hunter, Asylum II, Strontium Dog, and, of course, Judge Dredd. I admit Judge Dredd was my biggest hurdle getting into 2000 AD at the very start. 10/ https://t.co/PNDdfkVcOV"}, {"author_id": 285089956, "id": 1495275038710263809, "text": "@IGN @HaloTheSeries Back in 1995 they showed Judge Dredd's \"face\" for the first time too. https://t.co/AUH5631v9p"}, {"author_id": 108139787, "id": 1495274004864815109, "text": "RT @2000AD: The Masters of British Comics digital bundle with @humble is now live - get an incredible list of classic collections and suppo\u2026"}, {"author_id": 365427450, "id": 1495269722924982276, "text": "RT @krawezynski: @Kojima_Hideo \n#JudgeDredd\nAlan Silvestri - Judge Dredd'sTheme [Extended by Gilles Nuytens]\nThis is an extended version of\u2026"}, {"author_id": 365427450, "id": 1495269652058062851, "text": "@Kojima_Hideo \n#JudgeDredd\nAlan Silvestri - Judge Dredd'sTheme [Extended by Gilles Nuytens]\nThis is an extended version of the great theme by Alan Silvestri for the movie \"Judge Dredd\" (1995).\n https://t.co/LaUBDLRHXa"}, {"author_id": 365427450, "id": 1495268209771044864, "text": "Alan Silvestri - Judge Dredd 's Theme\n[Extended by Gilles Nuytens]\nhttps://t.co/LaUBDLRHXa"}, {"author_id": 1185564757530685440, "id": 1495265484689887233, "text": "so you can publish names of donators but not the judge dredd squad ?? seems democracy https://t.co/5uP6S7DX0m"}, {"author_id": 1375965225564913667, "id": 1495263411655032838, "text": "@Kotaku Let me guess why do this cause they will cast a big star to play Master Chief &amp; they don't want the big star to be wearing the mask all the time kinda like when Sylvester Stallone played Judge Dredd in 90s &amp; he wore a mask until 2nd half of the movie decided to unmask him."}, {"author_id": 783515005882888192, "id": 1495261088685834242, "text": "2000AD was a huge influence on me as a youngster. My every penny was spent on paper and pens. My imagination was stirred. My intellect expanded. Stories are one of mankind's greatest skills, and I got mine from a weekly comic.\n\nJudge Dredd by Steve Dillon. RIP https://t.co/YDYPpvfznO"}, {"author_id": 340699085, "id": 1495257313120342017, "text": "@CDPROJEKTRED should make a Judge Dredd game. A 3rd person Dredd game would be so sick."}, {"author_id": 125892758, "id": 1495257153304735744, "text": "RT @jason1749: If you're interested in Judge Dredd, America is $17 in the new Essentials line and it's an incredible comic. https://t.co/Y6\u2026"}, {"author_id": 518561010, "id": 1495256497785389058, "text": "I\u2019ve really gotten back into watching movies again. The Rock, The Wicker Man, Judge Dredd (2012), Texas Chainsaw Massacre (2022), Jackass Forever, and Any Given Sunday in the last 36 hours"}, {"author_id": 1105976184116895744, "id": 1495254871515471874, "text": "@Civilwarfare101 be a lot of people are peeved off by it saying \"Chief shouldn't take his mask off.\" (almost in level of reaction to hardcore Dredd fans reacting to Stallone's Judge Dredd film with him spending most of that film without the helmet).\n\nBut I highly doubt that will be the case here."}, {"author_id": 21125753, "id": 1495251019172917254, "text": "RT @jason1749: If you're interested in Judge Dredd, America is $17 in the new Essentials line and it's an incredible comic. https://t.co/Y6\u2026"}, {"author_id": 23682439, "id": 1495250838625058816, "text": "RT @StazJohnson: Happy 45th birthday to @2000AD , here's to another 45. I can't claim to be one of those who read it from issue #1, #24 was\u2026"}, {"author_id": 7000002, "id": 1495250037336641539, "text": "If you're interested in Judge Dredd, America is $17 in the new Essentials line and it's an incredible comic. https://t.co/Y6RZBN1psa."}, {"author_id": 1069689859533459457, "id": 1495249914929946627, "text": "@InflatableDalek YES. Urban takes the character of Judge Dredd and adapts a movie around him, whereas Stallone takes a Judge Dredd comic and shoves the actor Sylvester Stallone in to take the character's place\n\nIf that makes sense"}, {"author_id": 364441422, "id": 1495243333328908297, "text": "Props to the woman who's entire role in the film is to go \"BOY DO JUDGE DREDD AND RICO LOOK SO ALIKE\""}, {"author_id": 3239373876, "id": 1495243244241784839, "text": "Judge Dredd is one crazy ass movie"}, {"author_id": 1366088562786111490, "id": 1495242792301387780, "text": "RT @StazJohnson: Happy 45th birthday to @2000AD , here's to another 45. I can't claim to be one of those who read it from issue #1, #24 was\u2026"}, {"author_id": 1194393276566188032, "id": 1495242614198648832, "text": "Of course he will... I mean it's like when STALLONE took off his helmet when he played JUDGE DREDD. It wasn't necessary. So why should #MasterChief   \n#Halo #HaloTheSeries https://t.co/VQ1hHrIH2I"}, {"author_id": 364441422, "id": 1495242563183431680, "text": "\"WHO'S THE BEST 2000AD COMIC NOW\"\n\n\"Why are non Judge Dredd characters even in this film?!\"\n\n\"FUCK YOU\" https://t.co/STEfBfhguB"}, {"author_id": 364441422, "id": 1495240624328617986, "text": "I'm going to assume, after establishing people recognise Judge Dredd only when he's in the uniform, that Judge Dredd disguises himself my wearing the Judge uniform is an intentional gag."}, {"author_id": 1047612356459724802, "id": 1495240184455041032, "text": "Judge Joe Dredd/Grinch would be soooo cute together"}, {"author_id": 1337079445, "id": 1495240042008223748, "text": "Judge Dredd, World War Z, The Man in the High Castle. Speculative \nworld spanning dystopic fiction always hand waves Africa. The second largest (in both population and size) and most resource rich continent."}, {"author_id": 965450311300239365, "id": 1495239561567522819, "text": "@InflatableDalek Doh. She was in an ad with judge dredd though once"}, {"author_id": 250294471, "id": 1495237250346532869, "text": "@gameism Did they learn nothing from Sly's 'Judge Dredd'?"}, {"author_id": 965450311300239365, "id": 1495237238589992960, "text": "RT @InflatableDalek: So, in honour of 2000AD's 45th anniversary, watching a film that opens with a wall of their comic covers. So it must b\u2026"}, {"author_id": 364441422, "id": 1495236689043898373, "text": "And who thought Judge Dredd didn't have enough catchphrase? \"I knew you'd say that\" isn't the best."}, {"author_id": 351671009, "id": 1495236360843644928, "text": "@rob_keyes That works SO well in the first Judge Dredd film. \ud83d\ude44"}, {"author_id": 1274668852325093378, "id": 1495235620746240004, "text": "2000ad Prog 2. *one page of Judge Dredd Missing *\n\nEnds Sun 20th Feb @ 12:00pm\n\nhttps://t.co/7rSahoCKg3\n\n#ad #doctorwho #thdoctor #tardis #whovian #drwho https://t.co/o8meimmpvq"}, {"author_id": 433105845, "id": 1495234019537137669, "text": "@SpawnWaveMedia It\u2019s like the Judge Dredd movie all over again."}, {"author_id": 364441422, "id": 1495233783297155074, "text": "Not to bang on about the best Judge Dredd film...\n\nBut Robocop plays all the genuine serious emotional beats with him remembering his past 100% straight."}, {"author_id": 462467664, "id": 1495233568360079360, "text": "RT @SaHreports: It's @2000AD 's 45th brithday so I've just done a Judge Dredd sketch to celebrate\n#IAmtheLaw #Dredd #sketch #illustration h\u2026"}, {"author_id": 940832638490894336, "id": 1495233367046074368, "text": "RT @InflatableDalek: That Judge Dredd learning the system he believes in is a lie and his own personal history is fake and his subsequent D\u2026"}, {"author_id": 364441422, "id": 1495233342618443777, "text": "That Judge Dredd learning the system he believes in is a lie and his own personal history is fake and his subsequent Deep Emotional But Still Manly acting is intercut with Rob Schneider gurning really hits home the issues with the film."}, {"author_id": 364441422, "id": 1495232315089469440, "text": "(Though if the photo of Judge Dredd as a baby with his family was faked 20 years ago... but Baby Judge Dredd is the one real thing in it... is Stallone meant to be 20 in this?!) https://t.co/CZXZ9NPSjQ"}, {"author_id": 2784193669, "id": 1495229721491165186, "text": "@GatorTimeYT These same people are the same people who are fans of Judge Dredd, not realizing that in 2000AD, he would have cracked your skull too."}, {"author_id": 364441422, "id": 1495229378556567558, "text": "Judge Dredd... mowing down a lot of Judges. Then pulling a sad face afterwards."}, {"author_id": 881723309154598912, "id": 1495229275582177282, "text": "@winterion Lame.  This is like the Judge Dredd scenario all over again."}, {"author_id": 1206615809868599296, "id": 1495229210931216387, "text": "@IGN @k_wolfkill Stallone judge dredd vibes. No thanks https://t.co/8afD2w1qV5"}, {"author_id": 1863018564, "id": 1495227542655094790, "text": "@Bolverk15 Mega city one from Judge Dredd is nightmare fuel for me"}, {"author_id": 364441422, "id": 1495227534560145415, "text": "The big problem is, a film that is already satirical and darkly funny, thinks Dredd need Duece Bigalow as his comedy sidekick.\n\nIt doesn't. The two \"Basically Judge Dredd\" films, Robocop and Demolition Man, sure as he'll didn't need one. https://t.co/8y8rS3AQBU"}, {"author_id": 364441422, "id": 1495223599174668289, "text": "Hit me with your rhythm stick. \n\nDury dying only 5 years after this means UK viewers wind up more sympathetic to the film than Americans even if they don't know Judge Dredd and that he's only in it for 5 minutes. Because we all love the Blockhead. https://t.co/0WBlquCS2J"}, {"author_id": 364441422, "id": 1495222693398032387, "text": "And Judge Dredd wasn't even 20 years old when this came out, that's still young enough that \"Yeah, the hat comes off\" shouldn't have been so sacrilegious."}, {"author_id": 364441422, "id": 1495221946790862850, "text": "The problem is, the mystery of what Judge Dredd looks like can only work in media where he's not played by a visible actor. Live action onscreen, he has a face. He appears outside the film.\n\nSo you seeing Dredd isn't the issue, it's so mundane that's the problem."}, {"author_id": 2204688295, "id": 1495221863571763200, "text": "@GailSimone Judge Dredd"}, {"author_id": 364441422, "id": 1495220957543342086, "text": "And mask off could have still worked as Stallone made a brilliant Judge Dredd film two years earlier, in Demolition Man."}, {"author_id": 364441422, "id": 1495219678825926656, "text": "@roseymoseyberry and I first became friends talking the Urban Dredd film and especially Judge Anderson, so I present the widely regarded as the best thing in the first attempt, future Ma Kent Diane Lane as Judge Hershy. https://t.co/OOLq9umMyu"}, {"author_id": 802589464484777984, "id": 1495218169467871240, "text": "RT @B17Liberty: So FrostByte is a character set in the Judge Dredd/F-Zero universe, in a universe of sprawling megacities, breakneck racing\u2026"}, {"author_id": 1266623527, "id": 1495217747776651264, "text": "RT @ComicsOmen: Happy 45th Birthday to @2000AD! I feel I must pay homage to my favorite character from them. Judge Joseph Dredd!  \n\nI Am Th\u2026"}, {"author_id": 2161638645, "id": 1495217583221579787, "text": "@Kotaku Do they not remember Judge Dredd with Stallone in it. They unmasked Dredd in that and that wasn't the only shit thing in the film."}, {"author_id": 364441422, "id": 1495217413868208137, "text": "Visually this is definitely the World of Dredd more than the Urban film. If you judged a film on its production design alone, it wins.\n\nIf you judge a film on having Rob Schneider in it, if fails. https://t.co/czbgQ7GiVX"}, {"author_id": 1030970494734880768, "id": 1495217014297673733, "text": "RT @SaHreports: It's @2000AD 's 45th brithday so I've just done a Judge Dredd sketch to celebrate\n#IAmtheLaw #Dredd #sketch #illustration h\u2026"}, {"author_id": 364441422, "id": 1495216610906365952, "text": "So, in honour of 2000AD's 45th anniversary, watching a film that opens with a wall of their comic covers. So it must be a faithful adaptation that's much loved. Judge Dredd 1995! https://t.co/QNdVxYL7hI"}, {"author_id": 2494765259, "id": 1495216343246721024, "text": "Happy 45th Birthday @2000AD! Thanks for Judge Dredd comics! https://t.co/6VkZULmCz0 #comics #horror https://t.co/lA4K20Mw2v"}, {"author_id": 2497151497, "id": 1495215437239529473, "text": "@geoffkeighley @IGN remember when stallone played judge dredd and had his helmet off for 98% of the movie and everyone totally loved it"}, {"author_id": 334954781, "id": 1495212773449641990, "text": "I\u2019m not normally a @DCComics Suicide Squad guy, but this @matiasbergara cover is awesome! I know he\u2019s busy with @DCpeacemaker, but this cover has serious @JohnCena as @JudgeDredd vibes. A Judge Dredd Christmas Carol with Cena, @TheSlyStallone &amp; @KarlUrban ? \ud83e\udd23 (Reposted w/ pic.) https://t.co/73ZHyLMuVV"}, {"author_id": 1245716144658493443, "id": 1495210727883300865, "text": "RT @StazJohnson: Happy 45th birthday to @2000AD , here's to another 45. I can't claim to be one of those who read it from issue #1, #24 was\u2026"}, {"author_id": 716559531669467136, "id": 1495209849763741699, "text": "RT @StazJohnson: Happy 45th birthday to @2000AD , here's to another 45. I can't claim to be one of those who read it from issue #1, #24 was\u2026"}, {"author_id": 1242284755, "id": 1495209619236478979, "text": "RT @Ramsking14: \u201cYou\u2019re Next, PUNK!\u201d- DLR wearing that classic Judge Dredd shirt. \u201cBig  Ed\u201d right behind too\ud83d\ude0e https://t.co/2Tc2XOVq5T"}, {"author_id": 297144356, "id": 1495208858037329922, "text": "RT @Ramsking14: \u201cYou\u2019re Next, PUNK!\u201d- DLR wearing that classic Judge Dredd shirt. \u201cBig  Ed\u201d right behind too\ud83d\ude0e https://t.co/2Tc2XOVq5T"}, {"author_id": 3063548970, "id": 1495208743373615107, "text": "RT @LarryBundyJr: @DreamcastGuy Exactly what happened with the first Judge Dredd movie.\n\nShows the lack of creativity in the industry when\u2026"}, {"author_id": 1245716144658493443, "id": 1495208561210761223, "text": "RT @2000AD: FLESH! HARLEM HEROES! DAN DARE! M.A.C.H.1! INVASION! JUDGE DREDD!\n\nThey were the thermonuclear line-up from our first two issue\u2026"}, {"author_id": 139487742, "id": 1495208293781979136, "text": "Judge Dredd found dead\nFace down in Snoopy's bed\nOutside Tweetie Pie's getting itchy on more supplies\nMeanwhile Snow White's getting ready for work tonight\nTurning tricks with crystal tips\nTrying to make the best of it's absurd"}, {"author_id": 229026021, "id": 1495208132632530944, "text": "RT @Ramsking14: \u201cYou\u2019re Next, PUNK!\u201d- DLR wearing that classic Judge Dredd shirt. \u201cBig  Ed\u201d right behind too\ud83d\ude0e https://t.co/2Tc2XOVq5T"}, {"author_id": 938987413082218496, "id": 1495206849238425604, "text": "RT @LeoHealy: On @2000AD's birthday I've written an article for @shelfdustsite about the last Judge Dredd story by Wagner &amp; Ezquerra, Dredd\u2026"}, {"author_id": 51019534, "id": 1495206745584517123, "text": "@2000AD Issue one.  With its magical space spinner.  And lack of Judge Dredd.  Wish it was still 8p \ud83d\ude02 #2000AD45"}, {"author_id": 363815484, "id": 1495204772265316352, "text": "62% done with Judge Dredd, by Michael Carroll https://t.co/eGfh0KQq2C"}, {"author_id": 2348314832, "id": 1495204679164338178, "text": "@MarkZajac @2000AD It was done for the spine drawing for the Judge Dredd Mega collection a few years ago. It was a great opportunity to draw all of Dredd\u2019s characters from over the years."}, {"author_id": 253076635, "id": 1495204017173151744, "text": "RT @2000AD: The Masters of British Comics digital bundle with @humble is now live - get an incredible list of classic collections and suppo\u2026"}, {"author_id": 1069055051426074624, "id": 1495202282941689858, "text": "RT @Ramsking14: \u201cYou\u2019re Next, PUNK!\u201d- DLR wearing that classic Judge Dredd shirt. \u201cBig  Ed\u201d right behind too\ud83d\ude0e https://t.co/2Tc2XOVq5T"}, {"author_id": 1248690396332515330, "id": 1495202002913091587, "text": "@jacob_mauren @IGN @k_wolfkill this doesn\u2019t feel as bad as showing Judge Dredd\u2019s face, but it\u2019s maybe close, right?"}, {"author_id": 18539284, "id": 1495201424401219587, "text": "RT @ComicsOmen: Happy 45th Birthday to @2000AD! I feel I must pay homage to my favorite character from them. Judge Joseph Dredd!  \n\nI Am Th\u2026"}, {"author_id": 1154139885869129733, "id": 1495201230892769285, "text": "RT @Ramsking14: \u201cYou\u2019re Next, PUNK!\u201d- DLR wearing that classic Judge Dredd shirt. \u201cBig  Ed\u201d right behind too\ud83d\ude0e https://t.co/2Tc2XOVq5T"}, {"author_id": 923793986, "id": 1495201028333084674, "text": "RT @Ramsking14: \u201cYou\u2019re Next, PUNK!\u201d- DLR wearing that classic Judge Dredd shirt. \u201cBig  Ed\u201d right behind too\ud83d\ude0e https://t.co/2Tc2XOVq5T"}, {"author_id": 1377687320665677832, "id": 1495200612748832768, "text": "@YellowFlashGuy Stallone's Judge Dredd flashbacks are coming"}, {"author_id": 115669903, "id": 1495200220321402887, "text": "RT @SaHreports: It's @2000AD 's 45th brithday so I've just done a Judge Dredd sketch to celebrate\n#IAmtheLaw #Dredd #sketch #illustration h\u2026"}, {"author_id": 41513732, "id": 1495200030827102208, "text": "@oskarhowell It's Sylvester Stallone's Judge Dredd movie all over again!"}, {"author_id": 930529415477444608, "id": 1495198345559568386, "text": "RT @ComicsOmen: Happy 45th Birthday to @2000AD! I feel I must pay homage to my favorite character from them. Judge Joseph Dredd!  \n\nI Am Th\u2026"}, {"author_id": 2298539306, "id": 1495198000293027843, "text": "RT @ComicsOmen: Happy 45th Birthday to @2000AD! I feel I must pay homage to my favorite character from them. Judge Joseph Dredd!  \n\nI Am Th\u2026"}, {"author_id": 44698860, "id": 1495197966889537541, "text": "RT @ComicsOmen: Happy 45th Birthday to @2000AD! I feel I must pay homage to my favorite character from them. Judge Joseph Dredd!  \n\nI Am Th\u2026"}, {"author_id": 1035210383215063040, "id": 1495197552127266821, "text": "Happy 45th Birthday to @2000AD! I feel I must pay homage to my favorite character from them. Judge Joseph Dredd!  \n\nI Am The Law by #Anthrax \ud83d\udc47\ud83e\udd18\nhttps://t.co/FSjsORQ9zC https://t.co/sxMwAzIuqU"}, {"author_id": 25641939, "id": 1495195431223148552, "text": "@vicious696 Agreed, like judge Dredd, the mask is the face. Never compromise that. One of the reasons I love Karl urban, he insisted on remaining masked"}, {"author_id": 44237417, "id": 1495195052464824321, "text": "They've never read a Judge Dredd comic in their life, have they. https://t.co/0sggy0ecj4"}, {"author_id": 2431322984, "id": 1495194435553873921, "text": "@SarahDemp I\u2019d be like \u201cI loved you in Judge Dredd\u201d"}, {"author_id": 2469679688, "id": 1495194168787972099, "text": "RT @SaHreports: It's @2000AD 's 45th brithday so I've just done a Judge Dredd sketch to celebrate\n#IAmtheLaw #Dredd #sketch #illustration h\u2026"}, {"author_id": 1477373695580590095, "id": 1495194134407168002, "text": "@benoski73 If they really are gonna go down this route, I'd personally have Chief's face reveal be a big event, and not done very often, like a single episode at most.\n\nUnlike, say, the 90s Judge Dredd movie with Stallone."}]