[{"author_id": 1218165515937624068, "id": 1495283915854172162, "text": "RT @TheLastDegree: the Gold section inside my junior PF has been on \ud83d\udd25\n\nthanks to Copaur, Cassiar, Snowline, Stelmine which are all at 52 we\u2026"}, {"author_id": 15272192, "id": 1495283875039358977, "text": "RT @Sascade: King Fidi on his throne, with pussy junior #CatsOfTwitter https://t.co/muXoLJt0a7"}, {"author_id": 768789958723338240, "id": 1495283864746536962, "text": "RT @goal: When Vinicius Junior hits you with this smirk, you're in big trouble \ud83d\ude0f https://t.co/BuNlxMXDAI"}, {"author_id": 1416686657626021892, "id": 1495283854562983939, "text": "RT @pinkaholic1485: imagine getting a comeback from your 3 ults all in the same year, SUPER JUNIOR, BIGBANG AND EXO \ud83d\ude2d\ud83d\udd25\ud83d\udca5\ud83d\udcb3\ud83d\udca5\ud83d\udcb3 BEH HIMLAY MALAL\u2026"}, {"author_id": 1488964713513947138, "id": 1495283852134203392, "text": "@Junior_memer0 You need lie man kawai \ud83e\udd14\ud83e\udd14"}, {"author_id": 201145351, "id": 1495283851752779780, "text": "King Fidi on his throne, with pussy junior #CatsOfTwitter https://t.co/muXoLJt0a7"}, {"author_id": 1337771314359242752, "id": 1495283849084952576, "text": "RT @OlamiEle: God has not yet stared with you yet and he's still not yet about to finish. What I trust and know is He will see to the estab\u2026"}, {"author_id": 937387927432175616, "id": 1495283843896844289, "text": "RT @jeonmanwon: Hoshi hung out with Super Junior's Eunhyuk and Donghae to have Dakgalbi. They even posted this picture of Hoshi on Bubble \ud83e\udd7a\u2026"}, {"author_id": 1308747883739410434, "id": 1495283834166063104, "text": "RT @mkcores: #NCTDREAM as Coboy Junior / CJR songs https://t.co/9yCYcn7EC4"}, {"author_id": 1305201807480610817, "id": 1495283822732398592, "text": "RT @ZeeTamil: \u0bb5\u0bc7\u0bb1 \u0bae\u0bbe\u0bb1\u0bbf... \u0bb5\u0bc7\u0bb1 \u0bae\u0bbe\u0bb1\u0bbf.. \ud83e\udd73\ud83e\udd73\n\nJUNIOR SUPER STARS | Mannum Mozhium Round | Saturday and Sunday 6:30 PM\n\n#Zeetamil #JuniorSuperSta\u2026"}, {"author_id": 708219032797712385, "id": 1495283797037703172, "text": "RT @ZeeTamil: \u0bb5\u0bc7\u0bb1 \u0bae\u0bbe\u0bb1\u0bbf... \u0bb5\u0bc7\u0bb1 \u0bae\u0bbe\u0bb1\u0bbf.. \ud83e\udd73\ud83e\udd73\n\nJUNIOR SUPER STARS | Mannum Mozhium Round | Saturday and Sunday 6:30 PM\n\n#Zeetamil #JuniorSuperSta\u2026"}, {"author_id": 1351895512719343616, "id": 1495283796408926216, "text": "RT @skrrrtshopph: [HELP RT]\n\nSuper Junior : D&amp;E - Album Vol.1 [COUNTDOWN] (COUNTDOWN Ver.)\n\n\u2611 ONHAND AND SEALED\n\u2611 READY TO SHIP\n\n\ud83d\udcb5P800 each\u2026"}, {"author_id": 1333942452818898944, "id": 1495283786350837767, "text": "RT @EFriends123: \ud83e\udd70\ud83e\udd70\ud83e\udd70\ud83e\udd70\ud83e\udd70\nSuper Junior coming soon\ud83d\udc99\n#Heechul @ShinsFriends \n#SUPERJUNIOR\u00a0\u00a0\u00a0\u00a0\u00a0\u00a0\u00a0@SJofficial \n#Shindong @SjInternacional https:/\u2026"}, {"author_id": 1028983611066728448, "id": 1495283767480520705, "text": "RT @everyw0n_w0o: If ever someone you know tweeted the photo of Hoshi w/ Super Junior' D&amp;E, kindly ask them to take it down. As much as I'm\u2026"}, {"author_id": 3309462816, "id": 1495283753060487168, "text": "RT @ohmy2woo: Yesterday, Hoshi met with Super Junior Eunhyuk &amp; Donghae, they ate Dak Galbi\n\nHoshi\u2019s photo was uploaded on Bubble\ud83d\ude06\ud83d\udc95"}, {"author_id": 980308925542121472, "id": 1495283740263604224, "text": "RT @SJ_Billboard: This chart will help Super Junior get more exposure.\n\u2705Use the format share by us to help.\n\u2705Use a phrase and keywords like\u2026"}, {"author_id": 1485141202261651459, "id": 1495283696974188549, "text": "RT @jeonmanwon: Hoshi hung out with Super Junior's Eunhyuk and Donghae to have Dakgalbi. They even posted this picture of Hoshi on Bubble \ud83e\udd7a\u2026"}, {"author_id": 2556368421, "id": 1495283681002659841, "text": "RT @jeonmanwon: Hoshi hung out with Super Junior's Eunhyuk and Donghae to have Dakgalbi. They even posted this picture of Hoshi on Bubble \ud83e\udd7a\u2026"}, {"author_id": 3284075402, "id": 1495283680847142912, "text": "RT @jeonmanwon: Hoshi hung out with Super Junior's Eunhyuk and Donghae to have Dakgalbi. They even posted this picture of Hoshi on Bubble \ud83e\udd7a\u2026"}, {"author_id": 1364998157499830281, "id": 1495283679123460096, "text": "RT @grbenny: Junior Parker - Mystery Train 1953 https://t.co/iA2znwL2MT @DavidBSamuels @l78lancer @PaulJHomer @TheJazzHerald @omackson @all\u2026"}, {"author_id": 1140278275614203905, "id": 1495283672014274563, "text": "RT @everyw0n_w0o: If ever someone you know tweeted the photo of Hoshi w/ Super Junior' D&amp;E, kindly ask them to take it down. As much as I'm\u2026"}, {"author_id": 1602038130, "id": 1495283671003287552, "text": "RT @LosBlancos_Live: \ud83d\udea8 Fede Valverde and Eden Hazard likely to be in the starting XI. Vinicius Junior may be rested. #RealMadridAlaves"}, {"author_id": 1311789133157732352, "id": 1495283659779330056, "text": "RT @veronic86120159: Super Junior coming soon\ud83d\udc99\n#Heechul @ShinsFriends \n#SUPERJUNIOR @SJofficial\n#Shindong @SjInternacional \n5 viernes https\u2026"}, {"author_id": 1320896446195888128, "id": 1495283637318668289, "text": "@SMTOWNFESSAREA choose only 2 song\u2019s fav sms\n\nkangta; -\nBoA; No. 1, who are you\ntvxq; -\nsuper junior; Bonamana, No other\nsnsd; ini susah bgt \ud83d\ude2d, time machine, Mr. Mr\nshinee; ring ding dong\nexo; makin susah \ud83d\ude2d, don't go, lucky\nred velvet; Carpool, Sassy me (tbh susah Wak!!)"}, {"author_id": 1049661844267233280, "id": 1495283636630814728, "text": "RT @BLACKPINKGLOBAL: The Daily Sports x Mubeat | The best main vocalist in Kpop:\n\n1 EXO Baekhyun\n2 PENTAGON Jinho\n3 ATEEZ Jongho\n4 TREASURE\u2026"}, {"author_id": 832946771462651904, "id": 1495283607841222659, "text": "RT @brfootball: Karim Benzema assists Vin\u00edcius J\u00fanior for his 16th goal of the season.\n\nThey continue to deliver the goods for Real Madrid\u2026"}, {"author_id": 1313566613300367360, "id": 1495283605601329154, "text": "Check out this listing I just added to my #Poshmark closet: Diamant\u00e9 Frayed junior long skinny jeans. https://t.co/2PN9mp7cCs #shopmycloset @poshmarkapp"}, {"author_id": 953804969102249984, "id": 1495283605320392704, "text": "RT @CuttieElf: They say, more ELF came when the pandemic happened. I think the reason is that, Super Junior is the cure to our loneliness w\u2026"}, {"author_id": 1454719465732526081, "id": 1495283594046029828, "text": "RT @jeonmanwon: Hoshi hung out with Super Junior's Eunhyuk and Donghae to have Dakgalbi. They even posted this picture of Hoshi on Bubble \ud83e\udd7a\u2026"}, {"author_id": 1312878796803117058, "id": 1495283591336628225, "text": "@127slayer That's Super Junior for you. Suju is not for haters. And by the way : https://t.co/Fni0b9I40f"}, {"author_id": 1440162286757240833, "id": 1495283576853741568, "text": "RT @benjamindube: My 60th Birthday Update on Bursary payments: \ud83d\udc4f\ud83c\udffd\ud83c\uddff\ud83c\udde6\ud83d\udc68\ud83c\udffd\u200d\ud83c\udf93\ud83d\ude07\n1. Buisiwe Motaung R36 420 Bachelor of Accounting\n2. Kamagana Seth\u2026"}, {"author_id": 1351895512719343616, "id": 1495283569727778819, "text": "RT @skrrrtshopph: HELP RT\n\nSUPER JUNIOR - Special Single Album [The Road : Winter for Spring] PH GO\n\n\ud83d\udcb5 510 each + LSF\n\ud83d\udcb5 1500 set + LSF\n\ud83d\udcbfKTO\u2026"}, {"author_id": 1457782370237444111, "id": 1495283545337569282, "text": "RT @SgTopOpenFun: The cute guy well-liked by the junior girls in college. The top in his relationship. While being popular in college &amp; sex\u2026"}, {"author_id": 1116496076763090945, "id": 1495283538853502977, "text": "@osamadorias Any junior positions?"}, {"author_id": 1495281796195536897, "id": 1495283532675043329, "text": "20/05/46 00:72:32 \u0645e\nWhen I was in junior high school, I used to think that Disney's 1990\n\nhttps://t.co/AgC7GIj3Hc https://t.co/UBiLLu6s35"}, {"author_id": 1527835094, "id": 1495283525058449408, "text": "RT @SJofficial: SUPER JUNIOR Special Single Album [The Road : Winter for Spring]\n\n'Callin'' MV Teaser #1\n\n#\uc774\ud2b9 #LEETEUK\n#\uc608\uc131 #YESUNG\n#\ub3d9\ud574 #DON\u2026"}, {"author_id": 2810481657, "id": 1495283522638131200, "text": "RT @ZeeTamil: \u0bb5\u0bc7\u0bb1 \u0bae\u0bbe\u0bb1\u0bbf... \u0bb5\u0bc7\u0bb1 \u0bae\u0bbe\u0bb1\u0bbf.. \ud83e\udd73\ud83e\udd73\n\nJUNIOR SUPER STARS | Mannum Mozhium Round | Saturday and Sunday 6:30 PM\n\n#Zeetamil #JuniorSuperSta\u2026"}, {"author_id": 2795361500, "id": 1495283520679608326, "text": "Quizmaster @Shrija999 welcoming Professor @DrChetanSolanki to the 97th edition of the #Sunday #FamilyQuiz, Junior category! \n\nWatch it live on #YouTube: https://t.co/nZMPfwEaVA https://t.co/8TgTWo7EPH"}, {"author_id": 1369904091900485636, "id": 1495283515302510593, "text": "RT @hyukleii: \"kapatid pt. 4\"\n\n-an one-shot super junior au where leeteuk decided to fetch his siblings on their school."}, {"author_id": 1407193435530924036, "id": 1495283514098393089, "text": "RT @imclosetocaring: Interesting info from the TROS Junior novel \ud83e\udd14 https://t.co/k98xgvvbXb"}, {"author_id": 1311789133157732352, "id": 1495283512768933888, "text": "RT @MarceShindong: Super Junior coming soon\ud83d\udc99\n#Heechul \n@ShinsFriends \n#SUPERJUNIOR \n@SJofficial\n#Shindong \n@SjInternacional\n5a. Viernes htt\u2026"}, {"author_id": 1495282839973425153, "id": 1495283490245742595, "text": "When I was in junior high school, I used\nhttps://t.co/eFBWhOQXJ1\nContemplating the goodnes\nhttps://t.co/r7LdpPihLs"}, {"author_id": 74088354, "id": 1495283478404890625, "text": "@usnigg NATO is the reason their governments were not toppled by socialist revolutions after WW2. They still have a strong material interest in the protection that comes with being junior partners of US imperialism, even though the US decline is making that deal worse all the time."}, {"author_id": 1513116912, "id": 1495283445399896064, "text": "RT @ZeeTamil: \u0bb5\u0bc7\u0bb1 \u0bae\u0bbe\u0bb1\u0bbf... \u0bb5\u0bc7\u0bb1 \u0bae\u0bbe\u0bb1\u0bbf.. \ud83e\udd73\ud83e\udd73\n\nJUNIOR SUPER STARS | Mannum Mozhium Round | Saturday and Sunday 6:30 PM\n\n#Zeetamil #JuniorSuperSta\u2026"}, {"author_id": 1336442838872170501, "id": 1495283437233659905, "text": "i mean, can you ask for much more out of a junior enlisted? https://t.co/If2MbNf9fY"}, {"author_id": 1311789133157732352, "id": 1495283422037696513, "text": "RT @mariale_r7: \ud83d\udc99Viernes 5\ud83d\udc99\n\ud83c\udf1fRENAISSANCE TEAM\ud83c\udf1f\n\nSuper Junior coming soon\ud83d\udc99\n#Heechul @ShinsFriends \n#SUPERJUNIOR @SJofficial\n#Shindong @SjInt\u2026"}, {"author_id": 1311789133157732352, "id": 1495283415159033858, "text": "RT @AnaAstorga10: Quinta\nSuper Junior coming soon\ud83d\udc99\n#Heechul @ShinsFriends \n#SUPERJUNIOR @SJofficial\n#Shindong @SjInternacional https://t.co\u2026"}, {"author_id": 1311789133157732352, "id": 1495283402148352005, "text": "RT @AnaAstorga10: Tercera\nSuper Junior coming soon\ud83d\udc99\n#Heechul @ShinsFriends \n#SUPERJUNIOR @SJofficial\n#Shindong @SjInternacional https://t.c\u2026"}, {"author_id": 1431963549585182731, "id": 1495283401762705408, "text": "RT @jeonmanwon: Hoshi hung out with Super Junior's Eunhyuk and Donghae to have Dakgalbi. They even posted this picture of Hoshi on Bubble \ud83e\udd7a\u2026"}, {"author_id": 1080191778802802690, "id": 1495283396502769668, "text": "RT @ahmekaed: A Business man from Kebbi found out I'm Ebira from the name, while he was making transfer to me. Omo this man no gree let me\u2026"}, {"author_id": 1311789133157732352, "id": 1495283388441411590, "text": "RT @AnaAstorga10: Primera\nSuper Junior coming soon\ud83d\udc99\n#Heechul @ShinsFriends \n#SUPERJUNIOR @SJofficial\n#Shindong @SjInternacional https://t.c\u2026"}, {"author_id": 1398520578873589760, "id": 1495283386612535297, "text": "RT @jeonmanwon: Hoshi hung out with Super Junior's Eunhyuk and Donghae to have Dakgalbi. They even posted this picture of Hoshi on Bubble \ud83e\udd7a\u2026"}, {"author_id": 1492872313850662936, "id": 1495283386251821056, "text": "RT @jeonmanwon: Hoshi hung out with Super Junior's Eunhyuk and Donghae to have Dakgalbi. They even posted this picture of Hoshi on Bubble \ud83e\udd7a\u2026"}, {"author_id": 1034098921151324160, "id": 1495283382921666564, "text": "RT @timtales_com: A pool in Rio, two huge dicked tops and a bottom who really knows how to take big calibers.\nCheck out the result of that\u2026"}, {"author_id": 1311789133157732352, "id": 1495283380879077384, "text": "RT @elf_yari: Super Junior coming soon\ud83d\udc99\n#Heechul @ShinsFriends \n#SUPERJUNIOR @SJofficial\n#Shindong @SjInternacional\n\u2763\ufe0f RENAISSANCE TEAM \u2763\ufe0f\u2026"}, {"author_id": 1311789133157732352, "id": 1495283371278319617, "text": "RT @AaronnELF: Super Junior coming soon\ud83d\udc99\n#Heechul @ShinsFriends \n#SUPERJUNIOR @SJofficial\n#Shindong @SjInternacional \n5/5 https://t.co/3Bvg\u2026"}, {"author_id": 1311789133157732352, "id": 1495283363824996355, "text": "RT @AaronnELF: Super Junior coming soon\ud83d\udc99\n#Heechul @ShinsFriends \n#SUPERJUNIOR @SJofficial\n#Shindong @SjInternacional \n4/5 https://t.co/yZlP\u2026"}, {"author_id": 1311789133157732352, "id": 1495283356212342785, "text": "RT @AaronnELF: Super Junior coming soon\ud83d\udc99\n#Heechul @ShinsFriends \n#SUPERJUNIOR @SJofficial\n#Shindong @SjInternacional \n3/5 https://t.co/4cb6\u2026"}, {"author_id": 4855453199, "id": 1495283350684278787, "text": "RT @juniorminingpro: Aurion $AU Discovers New #Gold Mineralization in Northern #Finland http://t.co/AhnY35xNeL #Junior #Mining #Stocks #Inv\u2026"}, {"author_id": 1311789133157732352, "id": 1495283349153267712, "text": "RT @AaronnELF: Super Junior coming soon\ud83d\udc99\n#Heechul @ShinsFriends \n#SUPERJUNIOR @SJofficial\n#Shindong @SjInternacional \n2/5 https://t.co/VIxh\u2026"}, {"author_id": 1320426237915873280, "id": 1495283347576082433, "text": "RT @jeonmanwon: Hoshi hung out with Super Junior's Eunhyuk and Donghae to have Dakgalbi. They even posted this picture of Hoshi on Bubble \ud83e\udd7a\u2026"}, {"author_id": 1311789133157732352, "id": 1495283342215888897, "text": "RT @AaronnELF: Super Junior coming soon\ud83d\udc99\n#Heechul @ShinsFriends \n#SUPERJUNIOR @SJofficial\n#Shindong @SjInternacional \n1/5 https://t.co/VFon\u2026"}, {"author_id": 1392490113091792896, "id": 1495283338256338945, "text": "RT @131onlyiKON: this is just how bobby is. in kingdom, he stepped up and gave the spotlight to the 2 junior rappers to give them the chanc\u2026"}, {"author_id": 1944663170, "id": 1495283335131717638, "text": "RT @data_barbs: Junior Data Scientist. \u00a350-\u00a370k remote UK. \n\nYou will be working with technology such as Python with Pandas and NumPy, SQL,\u2026"}, {"author_id": 1260025753732710400, "id": 1495283310787850243, "text": "RT @jeonmanwon: Hoshi hung out with Super Junior's Eunhyuk and Donghae to have Dakgalbi. They even posted this picture of Hoshi on Bubble \ud83e\udd7a\u2026"}]