[{"author_id": 1372387227838349317, "id": 1495283458486190085, "text": "RT @CatJova: @hummusexuel @jakebrodes Go to jury duty and vote innocent"}, {"author_id": 525972378, "id": 1495283085188812801, "text": "@donwinslow @January6thCmte It's almost like \"why subpoena them, when they won't show up anyway, and then nothing happens\".  There doesn't appear to be any consequences for not complying to these subpoenas.  How Sad.  If I don't show up for Jury Duty, after getting a notice, I bet I get arrested! \ud83d\ude35"}, {"author_id": 25905447, "id": 1495282265173098498, "text": "just wrote a letter to the government about how it\u2019s unfair they summoned me for jury duty 2x in a row but won\u2019t give me a bigger ass"}, {"author_id": 3017915280, "id": 1495279425595707393, "text": "advice for jury duty as a prison abolitionist?"}, {"author_id": 1401991449328209924, "id": 1495279302954438658, "text": "RT @JohnHansenCa: @OttawaPolice @ShadQadri Please provide 3rd party verification. Sadly, the OPS, has been caught on numerous occasions str\u2026"}, {"author_id": 1158666440, "id": 1495278842927362051, "text": "@MJaMitchell @nivenus If that's the case, she's doing the sasme idiocy being the equivalent of Larry David trying to get out of jury duty pretending he's racist."}, {"author_id": 2717639799, "id": 1495277796217733120, "text": "I never check the mail. I finally do and I have jury duty Lmfaoo wtf is that"}, {"author_id": 998036655020953600, "id": 1495275706720391170, "text": "@shinseinakenxrd Jury duty :)"}, {"author_id": 1442494331420512262, "id": 1495271221398810627, "text": "i hope i never get called for jury duty i don't hear anything"}, {"author_id": 26232123, "id": 1495264468497952774, "text": "RT @papasombra: Imagine we were like ants or bees or whatever and we all had to fuck the queen. It could be like jury duty you just get an\u2026"}, {"author_id": 1175450966684033024, "id": 1495252085432061952, "text": "When you\u2019re serving jury duty, always remember: innocent until proven guilty.\n\nWhen you\u2019re reading stuff online, think the opposite: guilty until proven innocent.\n\nAssume everything is false until you\u2019ve been able to verify its accuracy. #thinkcritically #evidencebasedwellness"}, {"author_id": 1052737939573235712, "id": 1495250604859527173, "text": "RT @DavidShanz: @MagaRisingJohn Thirty years ago when I was on jury duty in a week long trial and I read the news after that week. They did\u2026"}, {"author_id": 1476417602, "id": 1495249963114184705, "text": "RT @voiceofcohen: Dr. J. looks as excited to judge this Slam Dunk Contest as I would be going to jury duty."}, {"author_id": 11411392, "id": 1495247259101011971, "text": "@Tmoneyhands @jasonirvine @whoucallinturky *\nSon in Law\nJury Duty\nEncino Man"}, {"author_id": 3011884926, "id": 1495246777657688069, "text": "I have jury duty... I hate it here https://t.co/2W1AW6mLzw"}, {"author_id": 310436509, "id": 1495246623588294656, "text": "They gotta make the Dunk contest like jury duty. You get a poster dunk, you have to participate for All-Star Weekend. https://t.co/u9np6PFrsU"}, {"author_id": 356571691, "id": 1495246585667760128, "text": "@jasonirvine @whoucallinturky We were talkin Brendan Frazier. And I said, if we\u2019re talking about a movie with Pauly shore in it I\u2019m gonna go 1) jury duty 2) biodome 3)son-in-law"}, {"author_id": 1192949883516248064, "id": 1495244126673313795, "text": "RT @papasombra: Imagine we were like ants or bees or whatever and we all had to fuck the queen. It could be like jury duty you just get an\u2026"}, {"author_id": 1399199328346980354, "id": 1495244067810291715, "text": "@thethirdhan we need a batman movie where he just participates in jury duty"}, {"author_id": 744356809100525569, "id": 1495243419672797187, "text": "between the rats getting sick, my phone spontaneously combusting, jury duty, sign offs at work, three (3) essays for school and not having insurance anymore but needing $400 a month in meds i do, in fact, feel like i'm dying a little right now"}, {"author_id": 1450026434236489739, "id": 1495241161899839489, "text": "A detective\u2019s duty is to uncover the truth. The rest is up to the police, of course. She can\u2019t play judge, jury, and executioner. Every part of the justice system plays a role. The police, the courts, and detectives like us."}, {"author_id": 28839933, "id": 1495239958818279426, "text": "How often do you get jury duty? I feel like 5 times in 13 years is Way Too Much but that's my life."}, {"author_id": 14193698, "id": 1495239168477188096, "text": "The one time I was called to jury duty https://t.co/aye9OtT7y1"}, {"author_id": 1297039462648541185, "id": 1495238694420291588, "text": "@Mtloves4 I filled out most of the jury duty form as none ya business. Probably why I was on the selection roll like 4 years straight \ud83e\udd37. \ud83e\udd23\ud83e\udd23"}, {"author_id": 1153165768995086337, "id": 1495238479663538178, "text": "Yeah this shit is ass they gotta stop inviting people to compete and start drafting people like jury duty. I don\u2019t care if Aaron Gordon and all them don\u2019t want to compete if I gotta watch mfs like Cole Anthony and JTA next year things gotta change"}, {"author_id": 44059121, "id": 1495236024246616071, "text": "RT @justflowsimee: He tired of getting called for Dunk jury duty"}, {"author_id": 636642759, "id": 1495235634532958210, "text": "RT @justflowsimee: He tired of getting called for Dunk jury duty"}, {"author_id": 29216703, "id": 1495235549380157442, "text": "He tired of getting called for Dunk jury duty https://t.co/T5hRHPa3Nh"}, {"author_id": 2658749772, "id": 1495235191824076803, "text": "Dr. J. looks as excited to judge this Slam Dunk Contest as I would be going to jury duty."}, {"author_id": 2447225827, "id": 1495235167832580098, "text": "@TheLasso0fTruth @Dianathelib I was supposed to have jury duty that day. Luckily I got told I don't have to and they won't call me again for 3yrs.\n\nBeyond that, we'll do what we always do, spend quiet time here together and ponder why it doesn't seem like it's been 20yrs already."}, {"author_id": 1292349778039316480, "id": 1495232995086811145, "text": "@UncvrngTheTruth citizenry to peacefully assemble, maybe a simultaneous general strike, across the nation until they do so. To blame institutions while the citizenry sits &amp; watches it w/out lifting a finger is accurate-esq, but our duty as Americans consists of more than voting, &amp;  jury duty."}, {"author_id": 859140776, "id": 1495231035461693440, "text": "dreading going to jury duty soon..."}, {"author_id": 1024389338, "id": 1495229586254221313, "text": "RT @circuit5: #MarionCounty Jury Duty Update for Monday, February 21, 2022. \u2b07\ufe0f"}, {"author_id": 265686811, "id": 1495229270783934465, "text": "@judge_mills @ajtonge40 probably should just make politics like jury duty\n\n\"Oh s$#^, I have to run for Congress? @#$@! Maybe I can get out of it... \""}, {"author_id": 892908137757495296, "id": 1495227397376987138, "text": "TV! No TV and writing actually paid off! I'm no supervising technician, I'm a nuclear reactor is out of jury duty is the"}, {"author_id": 1097055356738392064, "id": 1495221494255058946, "text": "havin a parry at jury duty right now"}, {"author_id": 53313184, "id": 1495216206831243266, "text": "@ChelseyTheGreat @KVz3991 @beandreadotcom He said \u201cI\u2019ve gone into jury duty in the past and have had the disappointment of seeing former students be the ones facing trial. It\u2019s refreshing to know that I still have students pursuing their dreams and defying the odds.\u201d"}, {"author_id": 1538926670, "id": 1495215439290544128, "text": "Yay.. I have do jury duty the beginning of next month.."}, {"author_id": 1461112114941157387, "id": 1495212347136352261, "text": "@Scorpio1080 @Darlainky I like jurists that ask 'Mr. Prosecutor, why didn't you bring up jury nullification and the citizen's duty to keep the government in check'.\n\nSurprisingly, prosecutors don't like that question."}, {"author_id": 2809201285, "id": 1495209830461722631, "text": "RT @Scorpio1080: Other than disliking Jury Duty... I also dislike folks that show up to court not have had taken a bath, not wearing deodor\u2026"}, {"author_id": 1481988143628890125, "id": 1495206691994013699, "text": "RT @Scorpio1080: Other than disliking Jury Duty... I also dislike folks that show up to court not have had taken a bath, not wearing deodor\u2026"}, {"author_id": 29494126, "id": 1495206524746145794, "text": "RT @Scorpio1080: Other than disliking Jury Duty... I also dislike folks that show up to court not have had taken a bath, not wearing deodor\u2026"}, {"author_id": 3092228034, "id": 1495206233573257217, "text": "got selected for jury duty (again?)"}, {"author_id": 273182825, "id": 1495205345374965763, "text": "@IanRGillespie Mandates are state coercion (So are taxes, so is conscription, so is jury duty). But coercion to take a medical procedure is an even more serious business, something taken far too casually by this authoritarian oriented regime."}, {"author_id": 1104755540, "id": 1495203391366123521, "text": "RT @Scorpio1080: Other than disliking Jury Duty... I also dislike folks that show up to court not have had taken a bath, not wearing deodor\u2026"}, {"author_id": 871552705763921920, "id": 1495202652250124290, "text": "@spacenerd19 Over my working career, I got 6 summons. Each time my boss called and told them I was a department head and his business would be affected if I was off for jury duty. Each time I was excused from it."}, {"author_id": 720500229087371264, "id": 1495202597015375884, "text": "I\u2019ve got jury duty Tuesday. I\u2019m leaving for Mexico to attend my best friends wedding on Sunday. How is this going to turn out, because I\u2019m stressing big time now."}, {"author_id": 1337645874973798402, "id": 1495200817661444096, "text": "They done fucked up and selected me for Jury duty, somebody comin home"}, {"author_id": 4647061748, "id": 1495200767912726528, "text": "I want to get picked for jury duty"}, {"author_id": 936936594698899457, "id": 1495200141522915328, "text": "RT @EFFEXWHORE: when i bring my gas station iced coffee into jury duty&gt;&gt;&gt;&gt;"}, {"author_id": 1050119864172638208, "id": 1495199505746042881, "text": "I've been playing this on repeat...  \u266a Is this the real life? Is this just jury duty?! \u266b  Dude... I can't get enough of Elton John!"}, {"author_id": 935207343503085569, "id": 1495198904568143876, "text": "when i bring my gas station iced coffee into jury duty&gt;&gt;&gt;&gt;"}, {"author_id": 16212835, "id": 1495196664654667776, "text": "When you check the mail and find that you've received your $3 check from jury duty. How will I spend this unexpected windfall?"}, {"author_id": 2926518861, "id": 1495193236440338436, "text": "RT @navah74: Even when the jury does its duty there are judges like #JudgeChu that will come to the rescue of a white police officer who ki\u2026"}, {"author_id": 839832224853868545, "id": 1495192631592333319, "text": "RT @JohnHansenCa: @OttawaPolice @ShadQadri Please provide 3rd party verification. Sadly, the OPS, has been caught on numerous occasions str\u2026"}, {"author_id": 506054009, "id": 1495192442970296324, "text": "@HillaryPix @noxiloveschichi I was downtown for jury duty for nine damn days, did I see her once?! No. But I did see Rudy Ghouliani, and I told him he was gonna look swell in orange."}, {"author_id": 1067557686290653185, "id": 1495189687979421698, "text": "@EFFEXWHORE ??? Jury duty sucks \ud83d\ude02"}, {"author_id": 614650395, "id": 1495189016307769346, "text": "@OttawaPolice @ShadQadri Please provide 3rd party verification. Sadly, the OPS, has been caught on numerous occasions stretching the truth. One that I was even asked to do jury duty on. I like to trust the OPS but they don't have a credible track record.\nhttps://t.co/VdVEOlNSlJ"}, {"author_id": 18373340, "id": 1495188356455485441, "text": "huh, this is the case I almost had to do jury duty on: Visalia man already behind bars sentenced in 1994 drug-related shooting https://t.co/oBvMxrtF8V via @vtdnews"}, {"author_id": 35104747, "id": 1495188240470405120, "text": "RT @Scorpio1080: Other than disliking Jury Duty... I also dislike folks that show up to court not have had taken a bath, not wearing deodor\u2026"}, {"author_id": 1356013375, "id": 1495187319879454720, "text": "Wow I would get a jury duty summons now that I live outside the country"}, {"author_id": 2246635573, "id": 1495186347446915073, "text": "Aye YALL I got jury duty"}, {"author_id": 1295160627476848641, "id": 1495185875524747266, "text": "@kevryanperson @CedricGegel Don\u2019t know him\u2026but I could be up for jury duty."}, {"author_id": 779706654363414528, "id": 1495185652639584258, "text": "@mrswhiskers1 @ArgoMichelle @NoLieWithBTC She said it looks like they keyed in his exemption from jury duty incorrectly. He\u2019s a college student 3 hrs away, but (I think) they keyed it as non-US citizen. \nNot saying they didn\u2019t do it \u201caccidentally on purpose,\u201d as we used to say when I was a kid."}, {"author_id": 1480975733627363331, "id": 1495185407796858880, "text": "RT @Scorpio1080: Other than disliking Jury Duty... I also dislike folks that show up to court not have had taken a bath, not wearing deodor\u2026"}, {"author_id": 236007450, "id": 1495184890819747848, "text": "Wtf I gotta go do jury duty"}, {"author_id": 918913452, "id": 1495184417442217988, "text": "RT @SusannaShore: \"If I had a bucket list, jury duty wouldn\u2019t be on it. Luckily, I had a way out\u2014but I might regret taking it.\"\n\nRead the l\u2026"}, {"author_id": 1040473284184350720, "id": 1495184328921436165, "text": "The Office 8x13 \"Jury Duty\" \u2605\u2605\u2605\u2605\u2605\u2605\u2605\u2605\u2605\u2605 https://t.co/5Acvu2VI7L #trakt"}, {"author_id": 857432352, "id": 1495183449053089792, "text": "Jury duty smh really \ud83d\ude29"}, {"author_id": 894318435416539136, "id": 1495183114951299074, "text": "But the government asks African Americans to do jury duty like the system isn't broken.... Fuck outta here https://t.co/psVrJvJsH2"}, {"author_id": 750506501748383744, "id": 1495182779348226050, "text": "@gritslady Does that fool think he's being sentenced to jury duty?"}, {"author_id": 935207343503085569, "id": 1495182541824872450, "text": "@OldPrince__2 yeah apparently a lot of people never get called for jury duty but im actually excited"}, {"author_id": 355042211, "id": 1495180958055776258, "text": "@JamesBa054 @NoLieWithBTC Harris County could not clear the problem, they told me it had to go through Austin. I mailed in his birth certificate and that seemed to remedy the situation.  It looks like they keyed in his exemption from jury duty (college student 3 hours away) incorrectly."}, {"author_id": 1122972466438189056, "id": 1495180597836324868, "text": "Private: Jury Duty is Constitution Duty | ACS https://t.co/U4MaYBvun5"}, {"author_id": 20024769, "id": 1495174870883254275, "text": "@JenaGriswold Jury duty summons."}, {"author_id": 1435401590681309185, "id": 1495164611112230913, "text": "jury duty starts on monday and idk if i should take advantage of the free breakfast n lunch or just fast thru it"}, {"author_id": 1460267205216522242, "id": 1495163971023761408, "text": "@KrissieTX @GregCasar @BetoORourke @jay4txland @MerrittForTexas @LukeWarfordTX @Janet4Texas @hays4ag @Susanna4PCT4 @KurtForClerk @CollierForTexas \ud83d\udc4f\ud83d\udc4f Well done! Welcome to Jury Duty \ud83d\ude05"}, {"author_id": 1284262693, "id": 1495163643016658952, "text": "RT @ebkaam: Jury duty has to be the dumbest shit ever"}, {"author_id": 920980894785179648, "id": 1495161453959163905, "text": "@harrylitman How difficult would it be to form a jury of Americans without even one member who thinks it's their duty to stop this globalist coup by finding President Trump innocent of everything, MAGA?"}, {"author_id": 1433524820893896711, "id": 1495161235926839296, "text": "RT @jryerson1: @1MikeMorris Welcome to the rule of law. If you have ever done jury duty, the Canadian court system is pretty impressive  ie\u2026"}, {"author_id": 1429156834074632195, "id": 1495160485171314694, "text": "being summoned to jury duty on the day where all of my assignments are due for my classes.\n\nthe semester from hell just keeps on giving."}, {"author_id": 2725448901, "id": 1495159199407517700, "text": "Jury duty has to be the dumbest shit ever"}, {"author_id": 1484570119703519234, "id": 1495158243303342083, "text": "RT @jrichASF: These proceedings will compile compelling evidence that has been ignored by the court system. The judicial system is failing\u2026"}, {"author_id": 899467770282229760, "id": 1495157838674477056, "text": "It would be so cool to have a jury duty like thing where citizens berate &amp; harass police to break them. We might get better cops, people air their frustrations to the system, &amp; cops wouldn\u2019t think the term \u201cbloated budget\u201d is persecution https://t.co/RAW17Uu5Er"}, {"author_id": 837523362360487936, "id": 1495157198703505409, "text": "@culehmann @mariyastrauss I believe this. I lived in Oklahoma for nine years and never got called to jury duty. I\u2019ve been in Baltimore for under two years and have already been called for jury duty."}, {"author_id": 1368093944, "id": 1495156457427320832, "text": "Just got a text from my mom \"ha ha, you got jury duty\""}, {"author_id": 2424503912, "id": 1495155028369100802, "text": "@AnnLindberg5 @ByronsShade Last jury duty involved me running back to my car to drop off several of the above items, before going through security."}, {"author_id": 1613238607, "id": 1495154770415439880, "text": "@jryerson1 @1MikeMorris I have done jury duty and to be honest, I was mesmerized by the whole thing. Fascinating. New level of respect after that experience."}, {"author_id": 1087405196517539841, "id": 1495154584297381891, "text": "RT @themidnightland: Just got a paper cut from a jury duty summons. Fuckers got me twice"}, {"author_id": 1079182332731576325, "id": 1495154297767698435, "text": "RT @themidnightland: Just got a paper cut from a jury duty summons. Fuckers got me twice"}, {"author_id": 862167238098305024, "id": 1495154244831236099, "text": "@Korileehendrix3 It may be annoying, but if you ever have to plead your case in front of a jury one day try to see how important jury duty is."}, {"author_id": 1033251121, "id": 1495153441919971329, "text": "@harrylitman Can I volunteer to be on the jury?  Okay I didn\u2019t think so. It\u2019s my civic duty."}, {"author_id": 3693203357, "id": 1495153290434297860, "text": "RT @jryerson1: @1MikeMorris Welcome to the rule of law. If you have ever done jury duty, the Canadian court system is pretty impressive  ie\u2026"}, {"author_id": 1069379171221233664, "id": 1495152507932352513, "text": "I just realized that, I've never been called to serve Jury Duty.\n\nEither I've been incredibly fortunate or, this country found yet another way to tell me I'm not good enough.\n\nEither way, please forget my name from your records. A beg, a beg, a beg ! \ud83d\ude2d"}, {"author_id": 731229413459644416, "id": 1495152358720000000, "text": "Nyc asking for my verification for juror duty is literally my nightmare. I never in my life want to do jury duty, I literally ignored the one I got called to in Austin."}, {"author_id": 1483143289033400321, "id": 1495151561814720513, "text": "@MatthewColler 5 more weeks of jury duty. \ud83d\ude02\ud83d\ude02"}, {"author_id": 320113624, "id": 1495151508786233353, "text": "@EL_MARMOT I think you\u2019re going to find those were bleeding heart liberals in the past being pro police while on jury duty and the so called conservatives being anti-police."}, {"author_id": 201727015, "id": 1495150876335521792, "text": "RT @jryerson1: @1MikeMorris Welcome to the rule of law. If you have ever done jury duty, the Canadian court system is pretty impressive  ie\u2026"}, {"author_id": 1582710949, "id": 1495149241332871174, "text": "they been trying to pull me in for jury duty"}]