[{"author_id": 1112433554628194304, "id": 1495288113786204162, "text": "RT @JonRothstein: Dear College Basketball Gods,\n\nPlease give us a rubber match between Kansas and Texas Tech at the Big 12 Tournament in Ka\u2026"}, {"author_id": 15651634, "id": 1495287630816284677, "text": "Man charged with attempted rape of a hospital patient https://t.co/z8uACdQJC1"}, {"author_id": 266204240, "id": 1495287570242183169, "text": "@thetitanborn Derecho - City of the Silent\nA large derecho causing high wind damage on the Kansas prairie put through the neural network.\n\nhttps://t.co/1wChK6y11J"}, {"author_id": 1146840620, "id": 1495287045824024579, "text": "RT @Chiefs247365: Kansas City loves you.\n@PatrickMahomes @brittanylynne8 \n\n#WeGotYourBack"}, {"author_id": 1337138066394378244, "id": 1495286935429992452, "text": "RT @MarcusKnightt: Kansas City VS. Cincinnati \ud83c\udfc8 My team lost so I had to give up some ass. But I didn\u2019t mind it \ud83d\udc4c\ud83c\udffe\n\nLink In Bio \n\n https://\u2026"}, {"author_id": 1494892940711194625, "id": 1495286918082347008, "text": "First day at @TCVolleyballNIT in Kansas City, MO. Played some great teams and went 2-1. Gotta give credit to every player on my team and my awesome coaches! Also great to see all the college coaches in attendance. Can\u2019t wait for tomorrow! https://t.co/IbeVNHfsCm"}, {"author_id": 111979606, "id": 1495286120292270080, "text": "RT @WILDBOYNEKO: We found love in a hopeless place (Kansas City, MO)"}, {"author_id": 34936672, "id": 1495285720449118209, "text": "KANSAS CITY INTERNATIONAL MO Feb 19 Climate: High: 35 Low: 17 Precip: 0.0\" Snow: 0.0\" Snow Depth: 5\" https://t.co/t7cxf6Vvjz https://t.co/TwcK1sPdOt"}, {"author_id": 1336516548, "id": 1495285544561278977, "text": "Day 50: \u201cVarious Artists - The Real Kansas City Of The 20s, 30s, and 40s\u201d https://t.co/YudytrxyrT"}, {"author_id": 1476720388138840097, "id": 1495285491268153344, "text": "@adam89485523 My mother and sister are in Kansas City for a volleyball tournament. Dad has been gone all day at work. He wanted to go somewhere to eat so we went to iHop. It was a nice experience"}, {"author_id": 1490581658566860805, "id": 1495285193015500801, "text": "RT @Jakefrom402: Retweet this if you're near Kansas City \ud83d\ude18"}, {"author_id": 845342235013066753, "id": 1495284949779427329, "text": "tonight was amazing @Louis_Tomlinson can\u2019t wait so see you again in kansas city!"}, {"author_id": 39079231, "id": 1495284727317733380, "text": "Overland Park is not Kansas City"}, {"author_id": 261496244, "id": 1495284591363600387, "text": "the bar in Kansas City started playing Wagon Wheel and the bar emptied\u2026\u2026. Not me holding it down for Raleigh bc wtf"}, {"author_id": 80887985, "id": 1495284265780662272, "text": "RT @LeeHartmanMusic: The brilliant @kingssingers in a master class with the @KCWomensChorus and @JewellChoir. They perform tonight for @hjs\u2026"}, {"author_id": 68204741, "id": 1495284220406550535, "text": "https://t.co/am61zqzp7F$ https://t.co/ugFBbAOiG6 Kansas City Chiefs Personalized Stone-Look Welcome Sign \nKansas City Chiefs Personalized Stone-Look Welcome Sign\n$44.99 Kansas City Chiefs Personalized NFL Welcome Sign ... https://t.co/YdDjmFWUra"}, {"author_id": 1403822177657442305, "id": 1495284203453300737, "text": "Encerrado - MLS Pr\u00e9 Season\n\nSporting Kansas City 1-1 Toronto\n\nMinnesota United 2-2 Viking FK\n\nLA Galaxy 2-2 DC United\n\nDallas 2-1 Houston Dynamo\n\nCharlotte 1-2 Inter Miami\n\nPortland Timbers 3-0 Real Salt Lake"}, {"author_id": 735636576890408960, "id": 1495284079419400192, "text": "Differences in abortion-related knowledge among women involved in the criminal legal system in three US cities: Kansas City, KS/MO and Birmingham, AL had lower abortion-related knowledge compared to Oakland, CA. https://t.co/ztVKHATiQN"}, {"author_id": 1474130802002706443, "id": 1495283594851278853, "text": "RT @Hoops227_NFL: 4,740 Yds 38 TD 10 Facts You Probably Didn't Know About 227's YouTube Chili' Patrick Chili' Mahomes #RunItBack #SuperBowl\u2026"}, {"author_id": 2294708612, "id": 1495283486252359681, "text": "4,740 Yds 38 TD 10 Facts You Probably Didn't Know About 227's YouTube Chili' Patrick Chili' Mahomes #RunItBack #SuperBowl Spicy' https://t.co/5NTwCXcGsl https://t.co/8Batr9LKfu #TexasTech #RedRaiders https://t.co/UHcm35mGDM https://t.co/Zh4sCRu5Ru"}, {"author_id": 3398411539, "id": 1495283416069287939, "text": "@TheFrizz87 John Mayberry, Kansas City Royals"}, {"author_id": 1433243673593106435, "id": 1495283063793897475, "text": "RT @JonRothstein: Dear College Basketball Gods,\n\nPlease give us a rubber match between Kansas and Texas Tech at the Big 12 Tournament in Ka\u2026"}, {"author_id": 13812712, "id": 1495283056449576965, "text": "Sometimes \"journalism\" isn't what you think. And so we share: Kansas City Playlist: What Did Mom Sing After Decapitating Son?!? https://t.co/TQCYxx82Op https://t.co/iYcxJRRl6W"}, {"author_id": 1167201804402249730, "id": 1495282607365443585, "text": "RT @WILDBOYNEKO: We found love in a hopeless place (Kansas City, MO)"}, {"author_id": 700929327198654465, "id": 1495282433939460096, "text": "When I\u2019m in Kansas City I\u2019m just Obrie pops \ud83d\ude02"}, {"author_id": 950545379136823296, "id": 1495281758388080642, "text": "RT @goldmctNFL: 5 prospects to watch for #Chiefs at HBCU Legacy Bowl https://t.co/2hgeZ7Kjks via @thechiefswire"}, {"author_id": 273940641, "id": 1495281703232753670, "text": "Jack Knifes And Crashes, Winter Storm - Kansas City, MO 2/17/2022 https://t.co/VLzRaAKyuT via @YouTube"}, {"author_id": 1491095589966123009, "id": 1495281001639120897, "text": "https://t.co/rectdw3kkz #cbdedibles  Eating CBD American Shaman Kansas City Chocolate Chip, Oatmeal &amp; Pecan Cowboy Cookies"}, {"author_id": 1327321381382524929, "id": 1495280240389771267, "text": "I\u2019m selling my Kansas City, Seattle and Chicago tickets to Louis Tomlinson tour\n\nKindly dm if you\u2019re interested in buying right now \n\n#LouisTomlinson #LouisTomlinsonWorldTour2022 #louistomlinsonbirthday #louistomlinsontickets #LouisTomlinsonWorldTour  #Chicago #KansasCity"}, {"author_id": 15651634, "id": 1495280077143265282, "text": "LOCAL COVID-19 UPDATES: Kansas' positivity rate falls to 13.5%, Missouri's drops to 11.2% https://t.co/IWPugozZP6"}, {"author_id": 1192468359016792064, "id": 1495280045421903873, "text": "@LaJethroJenkins Kansas City is slept on too. Moved here from New Orleans for work and I was surprised, a ton of shit here to do. Unpopular Opinion: Portland is overrated"}, {"author_id": 3088869527, "id": 1495279867981537280, "text": "RT @JonRothstein: Dear College Basketball Gods,\n\nPlease give us a rubber match between Kansas and Texas Tech at the Big 12 Tournament in Ka\u2026"}, {"author_id": 1239040218642223105, "id": 1495279574955053059, "text": "If Louis holds a pride flag at the Kansas City concert than my entire life will be complete there will be no thing that could ever make me happier honestly"}, {"author_id": 1183889020004323330, "id": 1495279280464572418, "text": "RT @Cleavon_MD: Jordan Waite from Kansas City #Missouri, fully vaccinated and recently diagnosed with bone cancer died from COVID on Januar\u2026"}, {"author_id": 1462300583331868673, "id": 1495279061396037633, "text": "RT @exotic_mandingo: I bust some Kansas City pussi\ud83c\udf51\ud83c\udf46open. No like I literally beat the pussi open had him leakin. Some of it I can\u2019t post i\u2026"}, {"author_id": 18058972, "id": 1495278970757070848, "text": "RT @KCWoSoCOO: Repping my amazing owner today. Entrepreneur, incredible mom, supportive partner, role model. @brittanylynne8 thank you for\u2026"}, {"author_id": 891901724, "id": 1495278220433838080, "text": "RT @WCoastScouting: Pay it forward Giveaway Alert! Former Kansas City Royals and current Arizona Diamondbacks Nick Heath autographed Topps\u2026"}, {"author_id": 1525702676, "id": 1495278041093738497, "text": "@jeffwill55 @Sidelines_SN @LOS_BBSS @SSN_Eagles @SSN_UNC @SSN_WSU @SSN_Oregon @SSN_Browns @SSN_UH @SSN_NFL So did Mariota, basically by himself, in Kansas City."}, {"author_id": 2265243086, "id": 1495277791218057220, "text": "@rechelon Oogle culture still real strong in Rust Belt, Midwest and Appalachia. Kansas City was crawling with em a few years ago."}, {"author_id": 1308312940244881408, "id": 1495277280670752770, "text": "Kansas City firefighters pull victim from burning house https://t.co/OWvBAgkYJA"}, {"author_id": 917848377903206400, "id": 1495277119919869959, "text": "@TrueNorthCentre @Harry__Faulkner UKRAINE IS A KANSAS CITY SHUFFLE. \n\nCanada is the beta test for the #greatreset\n\nPray for Canada. \n\n#blackfacehitler"}, {"author_id": 68204741, "id": 1495277028697804800, "text": "Kansas City Chiefs Personalized Stone-Look Welcome Sign \nhttps://t.co/ugFBbAOiG6\n\nKansas City Chiefs Personalized Stone-Look Welcome Sign\n$44.99 Kansas City Chiefs Personalized NFL Welcome Sign Collection Featuring Team Colors &amp; Logo - Kansas City football is a 365-day cel... https://t.co/xFweIi5xWQ"}, {"author_id": 1406011351949000708, "id": 1495276944979644419, "text": "Check out 2019 Donruss PATRICK MAHOMES II Highlights #H-3 NFL MVP 2018 Kansas City Chiefs https://t.co/2bMUQOxQVA"}, {"author_id": 942237476239958017, "id": 1495276763265617920, "text": "St. Xavier's #1 Maurice Chambers helps bring game to a 2-point differential, under 4 minutes left, against NAIA ranked Olivet Nazarene. Both teams start their conference tournament on Wednesday for a chance to go to Kansas City; more about this game at https://t.co/YnYQDhA1oB https://t.co/COQWM4gZYU"}, {"author_id": 1235710471812141065, "id": 1495276678448300035, "text": "Simba, a Poodle (Miniature) in KS, needs a home now! See him on https://t.co/2mg3A1lw5U  https://t.co/SdSwagfBB5"}, {"author_id": 917848377903206400, "id": 1495275867886473216, "text": "@ZubyMusic UKRAINE IS A KANSAS CITY SHUFFLE. \n\nCanada is the beta test for the #greatreset\n\nPray for Canada. \n\n#blackfacehitler"}, {"author_id": 14707329, "id": 1495275509458120705, "text": "Lovely Snow scenes using Kite Aerial Photography at Shawnee Mission Park, Johnson County,  Kansas (Near Kansas City). #shawneemissionpark #johnsoncountykansas #kiteaerialphotography #Snow #midwest  #kansascity #kite https://t.co/9ab6XbYE3o"}, {"author_id": 1384699378313711617, "id": 1495275378528583682, "text": "RT @AlamoVB: Day 1 Triple Crown in Kansas City, MO! \u2705 3-0 \u2705 Ready to bring it again for Day 2! \u2705 \u2764\ufe0f\ud83c\udfd0\ud83d\udda4 LETS GO 15P\u2764\ufe0f\ud83c\udfd0\ud83d\udda4 https://t.co/syXgjeaO\u2026"}, {"author_id": 1366117192874348544, "id": 1495275239005036545, "text": "RT @AfricanArchives: Rector was already a millionaire by the time she had turned 18. She left Tuskegee with her entire family and moved to\u2026"}, {"author_id": 917848377903206400, "id": 1495275166103965697, "text": "@disclosetv UKRAINE IS A KANSAS CITY SHUFFLE. \n\nCanada is the beta test for the #greatreset\n\nPray for Canada. \n\n#blackfacehitler"}, {"author_id": 917848377903206400, "id": 1495275016363159556, "text": "@jordanbpeterson UKRAINE IS A KANSAS CITY SHUFFLE. \n\nCanada is the beta test for the #greatreset\n\nPray for Canada. \n\n#blackfacehitler"}, {"author_id": 917848377903206400, "id": 1495274845189414913, "text": "@aginnt UKRAINE IS A KANSAS CITY SHUFFLE. \n\nCanada is the beta test for the #greatreset\n\nPray for Canada. \n\n#blackfacehitler"}, {"author_id": 296298125, "id": 1495274838629535748, "text": "@tylerthecreator just put on such an amazing show in Kansas City, fuck. I cried dude, I love that man so damn much\n\nthank you, T \ud83d\ude1a\u270c\ud83c\udffc"}, {"author_id": 65943167, "id": 1495274831000092672, "text": "RT @AfricanArchives: Rector was already a millionaire by the time she had turned 18. She left Tuskegee with her entire family and moved to\u2026"}, {"author_id": 882037040963096576, "id": 1495274719892971520, "text": "RT @TheMIAA: \ud835\uddd6\ud835\udddf\ud835\udddc\ud835\udde1\ud835\uddd6\ud835\udddb\ud835\uddd8\ud835\uddd7! \n\nCongratulations to @IchabodWBB on punching their \ud83c\udf9f\ufe0f to the MIAA Basketball Championships, presented by Citizens Ba\u2026"}, {"author_id": 445353068, "id": 1495274667749175297, "text": "Hey, so, Weber State softball \ud83d\udc40\n\n6-5 W over Kansas City on a Faith Hoe walk-off RBI single\n\nBeat UNLV again \u2014 voted preseason MWC champs \u2014 6-1 to cap the event in Vegas. Camarero hit her 5th HR of the season.\n\nRamirez threw 7.2 innings and gave up 2 hits, 0 runs!"}, {"author_id": 1283409365622390784, "id": 1495274645653626883, "text": "RT @Bepicss: I am still a F/A for the online cups and for Kansas City, I have 1642 points. I am so dedicated to get better and grind with a\u2026"}, {"author_id": 917848377903206400, "id": 1495274555279134725, "text": "@jordanbpeterson @JustinTrudeau UKRAINE IS A KANSAS CITY SHUFFLE. \n\nCanada is the beta test for the #greatreset\n\nPray for Canada. \n\n#blackfacehitler"}, {"author_id": 917848377903206400, "id": 1495274429739327490, "text": "@cz_binance UKRAINE IS A KANSAS CITY SHUFFLE. \n\nCanada is the beta test for the #greatreset\n\nPray for Canada. \n\n#blackfacehitler"}, {"author_id": 917848377903206400, "id": 1495274333102555138, "text": "@jordanbpeterson @joerogan @CNN UKRAINE IS A KANSAS CITY SHUFFLE. \n\nCanada is the beta test for the #greatreset\n\nPray for Canada. \n\n#blackfacehitler"}, {"author_id": 249643032, "id": 1495274074519519233, "text": "RT @RasheedNewson: A lot of the art in the Banks mansion comes from Kansas City based artists because #BelAir creator @cooperfilms is from\u2026"}, {"author_id": 249643032, "id": 1495274060791623689, "text": "RT @RasheedNewson: Today, our exploration of art in the Banks mansion on #BelAir takes us to the kitchen, where we find \"U and I\" by Kansas\u2026"}, {"author_id": 1492614972731441158, "id": 1495273904750878723, "text": "RT @JonRothstein: Dear College Basketball Gods,\n\nPlease give us a rubber match between Kansas and Texas Tech at the Big 12 Tournament in Ka\u2026"}, {"author_id": 875256063599050752, "id": 1495273875508133888, "text": "RT @fiveholegod: @LittleGoatCR UKRAINE IS A KANSAS CITY SHUFFLE. \n\nCanada is the beta test for the #greatreset\n\nPray for Canada. \n\n#blackfa\u2026"}, {"author_id": 917848377903206400, "id": 1495273850283692033, "text": "UKRAINE IS A KANSAS CITY SHUFFLE. \n\nCanada is the beta test for the #greatreset\n\nPray for Canada. \n\n#blackfacehitler"}, {"author_id": 26099794, "id": 1495273838459846658, "text": "Check out this listing I just added to my #Poshmark closet: \ud83c\udf89SALE\ud83c\udf89Authentic Kansas City Mug. https://t.co/8YnZt9m02q #shopmycloset @poshmarkapp"}, {"author_id": 19040480, "id": 1495273833481207812, "text": "RT @fiveholegod: @LittleGoatCR UKRAINE IS A KANSAS CITY SHUFFLE. \n\nCanada is the beta test for the #greatreset\n\nPray for Canada. \n\n#blackfa\u2026"}, {"author_id": 848039696, "id": 1495273561610760194, "text": "RT @sigg20: \u201cOld Days\u201dCazzie Russell goes up for a shot during the \n1965 Michigan-Duke Final Four Game in Kansas City.#Michigan #Wolverine\u2026"}, {"author_id": 731168430, "id": 1495273451854127105, "text": "Great first day in Kansas City made even better with a @TexasTechMBB win. Proud to be reppin @TechAthletics #WreckEm https://t.co/iUDplwpZQ4"}, {"author_id": 917848377903206400, "id": 1495273413329530884, "text": "@LittleGoatCR UKRAINE IS A KANSAS CITY SHUFFLE. \n\nCanada is the beta test for the #greatreset\n\nPray for Canada. \n\n#blackfacehitler"}, {"author_id": 917848377903206400, "id": 1495273316587868160, "text": "@cosminDZS @OttawaPolice UKRAINE IS A KANSAS CITY SHUFFLE. \n\nCanada is the beta test for the #greatreset\n\nPray for Canada. \n\n#blackfacehitler"}, {"author_id": 1449809558839435266, "id": 1495272943349157889, "text": "@PRlNCEOFLOTHRIC No way you're vcing with them about kansas city"}, {"author_id": 917848377903206400, "id": 1495272820846342147, "text": "@RebelNewsOnline UKRAINE IS A KANSAS CITY SHUFFLE. \n\nCanada is the beta test for the #greatreset\n\nPray for Canada. \n\n#blackfacehitler"}, {"author_id": 1465549275656605697, "id": 1495272785563820035, "text": "two douchebags in vc talking about kansas city"}, {"author_id": 917848377903206400, "id": 1495272697084923904, "text": "UKRAINE IS A KANSAS CITY SHUFFLE. \n\nCanada is the beta test for the #greatreset\n\nPray for Canada. \n\n#blackfacehitler https://t.co/5MyQPCDuO8"}, {"author_id": 247129775, "id": 1495272691451895811, "text": "RT @AfricanArchives: Rector was already a millionaire by the time she had turned 18. She left Tuskegee with her entire family and moved to\u2026"}, {"author_id": 1126544233119326209, "id": 1495272676407095296, "text": "RT @JonRothstein: Dear College Basketball Gods,\n\nPlease give us a rubber match between Kansas and Texas Tech at the Big 12 Tournament in Ka\u2026"}, {"author_id": 1369495307097174019, "id": 1495272437444980741, "text": "It\u2019s the moments that time freezes that really make a difference. \nShout out to @tylerthecreator for a once in a lifetime concert! Kansas City may be cold, but we were red hot tonight!! #callmeifyougetlosttour #KansasCity #Inspire #music https://t.co/bEkJS9DTGo"}, {"author_id": 917848377903206400, "id": 1495272381463552003, "text": "UKRAINE IS A KANSAS CITY SHUFFLE. \n\nCanada is the beta test for the #greatreset\n\nPray for Canada. \n\n#blackfacehitler https://t.co/B3WA4A1rTl"}, {"author_id": 917848377903206400, "id": 1495272294318579717, "text": "@RapidFire_Pod UKRAINE IS A KANSAS CITY SHUFFLE. \n\nCanada is the beta test for the #greatreset\n\nPray for Canada. \n\n#blackfacehitler"}, {"author_id": 1388397231594639365, "id": 1495272162793562114, "text": "@mrg0680 It\u2019s near Kansas City, and we\u2019ll be up there for a concert next March. If I still want it then, we\u2019ll bring one back with us. I\u2019m thinking about a pair of Budgies."}, {"author_id": 860304095160057856, "id": 1495272110696157194, "text": "RT @Lewlewlewton: Had Kansas city bbq for the first time oh my GOD \ud83d\ude2d\ud83d\ude29\ud83d\udca6"}, {"author_id": 935030611185631232, "id": 1495272099459575808, "text": "RT @TheChiefsWire: #Chiefs QB Patrick Mahomes spoke with Steve Wyche and Charles Davis at the HBCU Legacy Bowl about what inspired him to s\u2026"}, {"author_id": 1449809558839435266, "id": 1495272095307075584, "text": "@xXxHuTaoFanxXx @IudexFenryka @PRlNCEOFLOTHRIC are you telling me kansas city isn't entirely in kansas"}, {"author_id": 36023344, "id": 1495271557085765635, "text": "RT @DividendGrowth: @lhamtil I am amazed that Kansas City had 2 of the 30 best performing stocks of the past 30 years..\n\nAnd both were basi\u2026"}, {"author_id": 724617401954930688, "id": 1495271396414476293, "text": "RT @DrewGarrison: Orlando Brown Jr. is the #1 offensive tackle I would want in free agency. \n\nI just don\u2019t see it as very realistic he leav\u2026"}, {"author_id": 17524439, "id": 1495271370657304577, "text": "Could NOT wait to get back to Kansas City to see this man \ud83d\ude08\ud83d\ude08 https://t.co/csf2VvUBYq"}, {"author_id": 845790620, "id": 1495271303829286914, "text": "RT @Cleavon_MD: Jordan Waite from Kansas City #Missouri, fully vaccinated and recently diagnosed with bone cancer died from COVID on Januar\u2026"}, {"author_id": 39999151, "id": 1495271116956487680, "text": "RT @Cleavon_MD: Jordan Waite from Kansas City #Missouri, fully vaccinated and recently diagnosed with bone cancer died from COVID on Januar\u2026"}, {"author_id": 35833343, "id": 1495271051084939265, "text": "RT @AfricanArchives: Rector was already a millionaire by the time she had turned 18. She left Tuskegee with her entire family and moved to\u2026"}, {"author_id": 846892986021527552, "id": 1495270205987115009, "text": "RT @TheMIAA: \ud835\uddd6\ud835\udddf\ud835\udddc\ud835\udde1\ud835\uddd6\ud835\udddb\ud835\uddd8\ud835\uddd7! \n\nCongratulations to @UCMWBB on punching their \ud83c\udf9f\ufe0f to the MIAA Basketball Championships, presented by Citizens Bank &amp;\u2026"}]