[{"author_id": 790392421242679296, "id": 1495270549819252737, "text": "@authio @KathrynTussing Shazam (sp?) is so dumb but I have a fondness for it because my brother loved it. I've never seen Kazaam."}, {"author_id": 1318053689907683328, "id": 1495269411472568326, "text": "@NBAonTNT Would love to see @SHAQ do the #SlamDunkContest next year dressed as Kazaam or Steel! \ud83e\udd23"}, {"author_id": 141006303, "id": 1495259002153811970, "text": "even Kazaam was more enjoyable to watch than this Dunk Contest https://t.co/VOhM8Ki1qM"}, {"author_id": 790392421242679296, "id": 1495255887807541250, "text": "@KathrynTussing The plot thickens... This is a clip from Kazaam with Shaquille O'Neal that I didn't don't even knew existed until today \ud83e\udd2f"}, {"author_id": 1487516625737641985, "id": 1495245204181245953, "text": "@BrianaBette The dunk contest has been irrelevant for some time now. The last time it was, Shaq was starring in a horror film called Kazaam. https://t.co/R29qWFzKyo"}, {"author_id": 49116419, "id": 1495239919421296644, "text": "Kazaam...@SHAQ I only would like one wish please... for a Disney vacation with my family \ud83d\udc6a \u263a\ufe0f"}, {"author_id": 23893841, "id": 1495176092419829768, "text": "@AnthonyLaFauci Kazaam was the basketball giant genie movie. #uselessknowledge"}, {"author_id": 28242331, "id": 1495174706357542926, "text": "@evelynvwoodsen It\u2019s like the Asian infomercial lol except without the weird black n white scenes of ppl doing things horribly and a white guy yelling \u201cKAZAAM!\u201d when introducing the product"}, {"author_id": 2739073017, "id": 1495165800457592841, "text": "Remembering the hit kids movie \"Kazaam\" in which Shaq plays a rapping genie who takes a man's life by crumpling him up into a ball and slam dunking him into an industrial garbage disposal unit https://t.co/mYVuczgfJb"}, {"author_id": 914158835820060672, "id": 1495135187398713350, "text": "RT @bengelinas: What's the worst book you've read from cover to cover? Mine is the novelization of Kazaam. http://t.co/iMgvZQXN02"}, {"author_id": 1443776318097829892, "id": 1495121047984775169, "text": "Hear me out. If Shaq can have Kazaam, Penny had Lil Penny, Lebron had the Lebrons. The marketing and cool factor would be out the roof! https://t.co/Z1TI7oTxyQ"}, {"author_id": 33087222, "id": 1495100284757954560, "text": "RT @bengelinas: What's the worst book you've read from cover to cover? Mine is the novelization of Kazaam. http://t.co/iMgvZQXN02"}, {"author_id": 110268263, "id": 1495087001472839680, "text": "@SHAQ I wanna party with Kazaam! https://t.co/39PI7rcBZQ"}, {"author_id": 3762254535, "id": 1495017311803252738, "text": "@CornPuzzle @roybelly @DarthAmin @talkhoops I don't think I can handle steel or kazaam. https://t.co/VK9eB0hiOq"}, {"author_id": 1114621995595988992, "id": 1494937596451078147, "text": "kazaam was fuckin DOGSHIT https://t.co/iBB65Po3l5"}, {"author_id": 378424457, "id": 1494920415843692546, "text": "@JoshEberley I rather watch a fringe player who can act then a star who can't. e.g. Kazaam"}, {"author_id": 165657728, "id": 1494910616053555203, "text": "@Zekkry Rock Paper Scissors Kazaam you\u2019re a frog! Nooooooooooo I can\u2019t believe you would say that!"}, {"author_id": 804223306547294208, "id": 1494896098959314945, "text": "@trinketmandrel @trixiemattel Kazaam and frostwire memories now flooding my head!"}, {"author_id": 454076195, "id": 1494893946165735430, "text": "@jkamckenzie The Kazaam reboot is going to be WILD"}, {"author_id": 471590782, "id": 1494868694433947648, "text": "@jmccall54 @SHAQ Absolutely!! I won\u2019t disagree, he\u2019s a modern day Kazaam!!"}, {"author_id": 1045711544787652610, "id": 1494821730547863563, "text": "@CornPuzzle @roybelly @DarthAmin @talkhoops Kazaam \nSteel (Annabeth Gish\u2026Phile)\nBlue Chips\nThe Wash\nALL BANGERS!!!"}, {"author_id": 96109952, "id": 1494752370537865216, "text": "@uhshanti @YimbyPatrol Was trying to think of a way to work in Kazaam but failed. Kudos!"}, {"author_id": 281600173, "id": 1494751185823166464, "text": "@YimbyPatrol George Floyd was not in Kazaam"}, {"author_id": 14202167, "id": 1494745499701628929, "text": "RT @HegelwCrmCheese: my favorite george floyd moment was when he starred in the classic 1996 film \"Kazaam\" (dir. Paul Michael Glaser) https\u2026"}, {"author_id": 1355202675621691392, "id": 1494745235582242816, "text": "RT @AJCharalambides: POW! \nDid you know it's #RandomActsOfKindness day? \nit's the perfect excuse for a #writerslift ! Yeah! Yeah! \nBLAST th\u2026"}, {"author_id": 701229127597215744, "id": 1494741325350113280, "text": "my favorite george floyd moment was when he starred in the classic 1996 film \"Kazaam\" (dir. Paul Michael Glaser) https://t.co/hqAr5YRegL https://t.co/Oy26Hbd7ri"}, {"author_id": 186886192, "id": 1494715005605974024, "text": "MayGODBlessAllSouls \nHopePeace \nGrace \nSmiling\nHugs\n\nEveryone resembles, in some way, but have different features, too \u2026 just like the \u201cTitles\u201d \u2026 \u201cShazaam\u201d, \u201cKazaam\u201d \u2026\n\nWrong Right Sorry \n\nLord please see the good in all lives \n\nO God\nJesus https://t.co/Eda10Sw9J0 https://t.co/aIAXI7dZbC"}, {"author_id": 1438312624760967169, "id": 1494711505786327047, "text": "Check out this listing I just added to my #Poshmark closet: Touchstone Kazaam 1997 VHS Tape. https://t.co/IlgI2g9wk8 #shopmycloset @poshmarkapp"}, {"author_id": 1129445993391579142, "id": 1494684582293164038, "text": "@CarolynWanatee I don\u2019t care what anyone says. I remember Sinbad as a genie in a movie called Kazaam. 100%, even my little brother was like yeah dude we rented it and watched it."}, {"author_id": 98430185, "id": 1494684550773026821, "text": "ima be listening to donda 2 on kazaam lol"}, {"author_id": 3344595860, "id": 1494678544093368321, "text": "\"Are you watching 'Kazaam' in here by yourself, little man??!\" https://t.co/JmbGvdRlqw"}, {"author_id": 944318364, "id": 1494674858441154560, "text": "Cross Kazaam-ination\n\n#ArgumentativeMovies https://t.co/GKBtp3kAvQ"}, {"author_id": 223964944, "id": 1494674319141752833, "text": "@StreamtheVote @RexChapman ... and Kazaam!"}, {"author_id": 1340355806651289600, "id": 1494673682391724033, "text": "RT @AJCharalambides: POW! \nDid you know it's #RandomActsOfKindness day? \nit's the perfect excuse for a #writerslift ! Yeah! Yeah! \nBLAST th\u2026"}, {"author_id": 1383127764988006400, "id": 1494663774665678848, "text": "@davidbix It's just Kazaam being twisted in the brain"}, {"author_id": 1433393066, "id": 1494631153348882432, "text": "RT @AJCharalambides: POW! \nDid you know it's #RandomActsOfKindness day? \nit's the perfect excuse for a #writerslift ! Yeah! Yeah! \nBLAST th\u2026"}, {"author_id": 1368520952603115520, "id": 1494618205607931906, "text": "RT @AJCharalambides: POW! \nDid you know it's #RandomActsOfKindness day? \nit's the perfect excuse for a #writerslift ! Yeah! Yeah! \nBLAST th\u2026"}, {"author_id": 1414048866593394688, "id": 1494615120156237834, "text": "RT @AJCharalambides: POW! \nDid you know it's #RandomActsOfKindness day? \nit's the perfect excuse for a #writerslift ! Yeah! Yeah! \nBLAST th\u2026"}, {"author_id": 1112194480709357568, "id": 1494602193806454794, "text": "RT @AJCharalambides: POW! \nDid you know it's #RandomActsOfKindness day? \nit's the perfect excuse for a #writerslift ! Yeah! Yeah! \nBLAST th\u2026"}, {"author_id": 1388566555647254528, "id": 1494575631530614785, "text": "RT @AJCharalambides: POW! \nDid you know it's #RandomActsOfKindness day? \nit's the perfect excuse for a #writerslift ! Yeah! Yeah! \nBLAST th\u2026"}, {"author_id": 1360257278260240384, "id": 1494571421170814976, "text": "RT @AJCharalambides: POW! \nDid you know it's #RandomActsOfKindness day? \nit's the perfect excuse for a #writerslift ! Yeah! Yeah! \nBLAST th\u2026"}, {"author_id": 334359351, "id": 1494570280660127744, "text": "RT @AJCharalambides: POW! \nDid you know it's #RandomActsOfKindness day? \nit's the perfect excuse for a #writerslift ! Yeah! Yeah! \nBLAST th\u2026"}, {"author_id": 1434828405262979079, "id": 1494570087067627542, "text": "RT @AJCharalambides: POW! \nDid you know it's #RandomActsOfKindness day? \nit's the perfect excuse for a #writerslift ! Yeah! Yeah! \nBLAST th\u2026"}, {"author_id": 1487144043016507404, "id": 1494556532608061455, "text": "@davidbix And no coudn't be mistaking It for Kazaam, cause I remember Kazaam being crazy and the Sinbad genie movie being bland and boring. And I also couldn't have seen the TNT vignettes because I don't live in the US and didn't had cabelo in the 90's."}, {"author_id": 236446055, "id": 1494537652330192908, "text": "@NBAonTNT @rockhall Umm\u2026. @SHAQ, I think I\u2019ve figured out a phrase that would have rhymed &amp; flowed perfectly with \u201cmechanic\u201d in your song, it\u2019s that line from Kazaam \u201clet\u2019s green egg and ham it!\u201d"}, {"author_id": 38055659, "id": 1494521621255708674, "text": "@davidbix I honestly don\u2019t remember Sinbad in a genie movie but I have a theory. Kazaam staring Shaq and First Kid staring Sinbad both came out within a month of each other in 1996 and were most likely heavily advertised at the same time during the same kid shows."}, {"author_id": 911963655658450944, "id": 1494514161597956099, "text": "@banana_disliker @starwisher @RhapEclect @MilesKlee Here's a theory: the Shaq movie obviously exists, but does anyone actually remember seeing it? Maybe it was so bad, people's brains fan-casted a movie with a guy that regularly dressed like a genie to erase the horror of sitting through Kazaam?"}, {"author_id": 17830346, "id": 1494507375528595458, "text": "@banana_disliker @TalkingHammel @RhapEclect @MilesKlee That\u2019s \u201cKazaam.\u201d https://t.co/tWjfMCiZIi"}, {"author_id": 17830346, "id": 1494499691865657351, "text": "@banana_disliker @TalkingHammel @RhapEclect @MilesKlee I can solve this one. Sinbad hosted a \u201cSinbad the Sailor\u201d movie marathon in 1994 in which he dressed up as a genie. Two years later, Shaquille O'Neal starred as a genie in the movie Kazaam. \n\nAlso College Humor made it a short in 2017 \ud83d\ude02"}, {"author_id": 28556236, "id": 1494490200176832520, "text": "One of my goals is to create a deepfake movie called Shazam starring a 90s Sinbad\n\n@SHAQ ya think maybe they're thinking of Kazaam"}, {"author_id": 1330150841446232065, "id": 1494476968779300865, "text": "RT @AJCharalambides: POW! \nDid you know it's #RandomActsOfKindness day? \nit's the perfect excuse for a #writerslift ! Yeah! Yeah! \nBLAST th\u2026"}, {"author_id": 1129445993391579142, "id": 1494467551992160259, "text": "When they said Kazaam with Sinbad never existed. https://t.co/WwJZt6Clh5"}, {"author_id": 1318022046794874881, "id": 1494461512286679045, "text": "@nicekicks Remember the Old School Shaq's that Shaq pulled out in Kazaam? Dope\ud83d\udcaf\ud83d\udd25"}, {"author_id": 130224337, "id": 1494431224441425921, "text": "@larkinloverules to quote a movie \"Kazaam\", lol but really the thing"}, {"author_id": 9412542, "id": 1494425832265183238, "text": "I remember the posh one. I was almost sure I had done a Kazaam on myself."}, {"author_id": 3344595860, "id": 1494345208095334403, "text": "The Baby switched it up on me today! He wants to watch 'Kazaam', mfer! What you know 'bout it!? I'm not mad, I'm nostalgic for that 90's childhood @SHAQ domination."}, {"author_id": 863973704, "id": 1494335996841771018, "text": "Kazaam is sad thrills, your gimmick is mediocre"}, {"author_id": 1346977045058781188, "id": 1494318994886520832, "text": "RT @AJCharalambides: POW! \nDid you know it's #RandomActsOfKindness day? \nit's the perfect excuse for a #writerslift ! Yeah! Yeah! \nBLAST th\u2026"}, {"author_id": 1456010124854628357, "id": 1494313485118803969, "text": "RT @AJCharalambides: POW! \nDid you know it's #RandomActsOfKindness day? \nit's the perfect excuse for a #writerslift ! Yeah! Yeah! \nBLAST th\u2026"}, {"author_id": 990119108703223808, "id": 1494313456505597954, "text": "RT @AJCharalambides: POW! \nDid you know it's #RandomActsOfKindness day? \nit's the perfect excuse for a #writerslift ! Yeah! Yeah! \nBLAST th\u2026"}, {"author_id": 1398674244238725126, "id": 1494312503265972226, "text": "RT @AJCharalambides: POW! \nDid you know it's #RandomActsOfKindness day? \nit's the perfect excuse for a #writerslift ! Yeah! Yeah! \nBLAST th\u2026"}, {"author_id": 29497337, "id": 1494300095767973890, "text": "POW! \nDid you know it's #RandomActsOfKindness day? \nit's the perfect excuse for a #writerslift ! Yeah! Yeah! \nBLAST those links down below, DESCRIBE those gosh darn books, and BOOSH! PEW! KAZAAM! Sales and reviews wile come...to you!"}, {"author_id": 944262001899040770, "id": 1494246862605340676, "text": "I would totally ship Vampirella and Kazaam, don't judge me!"}, {"author_id": 804170815415734272, "id": 1494173600714264576, "text": "@kuhlthing @MilesKlee Yes, as we all know, Shaq starred in Kazaam and Sinbad starred in SHAzaam"}, {"author_id": 25697746, "id": 1494170020003393537, "text": "@banana_disliker @MilesKlee See, this never hit for me because I saw Kazaam at the cinema when I was in middle school, and I knew if Sinbad or Shaq were in anything."}, {"author_id": 1394575139472384000, "id": 1494130413647929345, "text": "@thatstarwarsgrl Kazaam. \n\nMy friend and I walked out on it like this https://t.co/kXPK4O7rfW"}, {"author_id": 1227115307308740608, "id": 1494110132086579200, "text": "Shazam Wham Bam and Kazaam https://t.co/yVo6tVjYsx"}, {"author_id": 1490153134882115585, "id": 1494075572837765120, "text": "@kelly_ques Kazaam, have you seen Shaq\u2019s acting?"}, {"author_id": 1271965857875464192, "id": 1494044303676481536, "text": "RT @oeste: The Kazaam remake looks wild https://t.co/pXVv7hB6P6"}, {"author_id": 406453295, "id": 1494019537943072776, "text": "RT @oeste: The Kazaam remake looks wild https://t.co/pXVv7hB6P6"}, {"author_id": 1229138045632499712, "id": 1493988002695155712, "text": "RT @oeste: The Kazaam remake looks wild https://t.co/pXVv7hB6P6"}, {"author_id": 937091270, "id": 1493987219689951234, "text": "RT @oeste: The Kazaam remake looks wild https://t.co/pXVv7hB6P6"}, {"author_id": 51646105, "id": 1493986496612683780, "text": "RT @oeste: The Kazaam remake looks wild https://t.co/pXVv7hB6P6"}, {"author_id": 1336491339026845696, "id": 1493986357110194182, "text": "RT @oeste: The Kazaam remake looks wild https://t.co/pXVv7hB6P6"}, {"author_id": 262884900, "id": 1493986130911547394, "text": "RT @oeste: The Kazaam remake looks wild https://t.co/pXVv7hB6P6"}, {"author_id": 1606109858, "id": 1493974001504428032, "text": "@KySportsRadio @ryanlemond @ShannonTheDude @DrewFranklinKSR \nKazaam vs Shazaam is the new Outback or Cracker Barrel. https://t.co/60G20rvJfj"}, {"author_id": 3983077809, "id": 1493967721414938625, "text": "RT @oeste: The Kazaam remake looks wild https://t.co/pXVv7hB6P6"}, {"author_id": 168063216, "id": 1493936423480840194, "text": "RT @oeste: The Kazaam remake looks wild https://t.co/pXVv7hB6P6"}, {"author_id": 153161161, "id": 1493934035781005312, "text": "RT @oeste: The Kazaam remake looks wild https://t.co/pXVv7hB6P6"}, {"author_id": 56485092, "id": 1493931204881666056, "text": "RT @oeste: The Kazaam remake looks wild https://t.co/pXVv7hB6P6"}, {"author_id": 290268907, "id": 1493926024287076352, "text": "RT @oeste: The Kazaam remake looks wild https://t.co/pXVv7hB6P6"}, {"author_id": 184921495, "id": 1493925725371514885, "text": "RT @oeste: The Kazaam remake looks wild https://t.co/pXVv7hB6P6"}, {"author_id": 51812830, "id": 1493925560778727426, "text": "The Kazaam remake looks wild https://t.co/pXVv7hB6P6"}, {"author_id": 1074767510, "id": 1493838531529170945, "text": "I feel like watching a scary movie does anyone own Kazaam with shaq that I can borrow ?"}, {"author_id": 320840278, "id": 1493774804373016576, "text": "He dressed like Shaq in Kazaam https://t.co/zyH7k3wjBT"}, {"author_id": 3040996191, "id": 1493758370255409153, "text": "RT @THOUGHTSOFKAM: Dennis the menace , 3 ninjas, meteor man , &amp; Kazaam"}, {"author_id": 1217944644765601793, "id": 1493757166381060096, "text": "Dennis the menace , 3 ninjas, meteor man , &amp; Kazaam https://t.co/fZF7KDxmHr"}, {"author_id": 182945624, "id": 1493755979359567872, "text": "He borrow one of Shaq\u2019s outfits from Kazaam? https://t.co/kLESzD2k65"}, {"author_id": 1473356645401075713, "id": 1493749848188858369, "text": "SHAQ AND KOBE BUT MOSTLY SHAQ AKA KAZAAM \ud83e\udd23\ud83e\udd23\ud83e\udd23 https://t.co/ub1x6hcqX3"}, {"author_id": 48075835, "id": 1493670396574547978, "text": "@DaveGorman Oh this is annoying! I had to look it up and couldn't remember the name \ud83d\ude06\nFound it: it was Shaq, and the film was called Kazaam!"}, {"author_id": 71098947, "id": 1493648249500090375, "text": "I'm telling you, this was an actual movie I've seen, and I'm not mistaking it for Kazaam with Shaq. https://t.co/vJCHj2DWGr"}]