[{"author_id": 738614539109863428, "id": 1495137527719600128, "text": "RT @The_Ent_Factor: The comedy KIDS IN THE HALL: BRAIN CANDY (1996) starring Dave Foley and Bruce McCulloch has been released on Blu-ray\n\nh\u2026"}, {"author_id": 1211725353233739776, "id": 1495111117886140417, "text": "RT @The_Ent_Factor: The comedy KIDS IN THE HALL: BRAIN CANDY (1996) starring Dave Foley and Bruce McCulloch has been released on Blu-ray\n\nh\u2026"}, {"author_id": 239894327, "id": 1495107789542330374, "text": "The comedy KIDS IN THE HALL: BRAIN CANDY (1996) starring Dave Foley and Bruce McCulloch has been released on Blu-ray\n\nhttps://t.co/HUqf40WOB7\n\n#kidsinthehall #comedy #classicmovies #classicfilms #bluray #davefoley #braincandy #Paramount https://t.co/celRiFU4fc"}, {"author_id": 769952172, "id": 1494853484214202368, "text": "@EricDSnider @BayerJeff Kids in the Hall Brain Candy"}, {"author_id": 78654369, "id": 1494831315182620674, "text": "@ThatEricAlper Kids In The Hall: Brain Candy. I love it so much."}, {"author_id": 15448439, "id": 1494615722898513928, "text": "Kelly Makin directs the hell out of KIDS IN THE HALL: BRAIN CANDY. Diopters, crazy one-rs. Just going for it."}, {"author_id": 31741815, "id": 1494555536548786177, "text": "RT @HighDefDiscNews: I am very happy to report copies of KIDS IN THE HALL: BRAIN CANDY on Blu-ray from @Amazon are indeed pressed and not b\u2026"}, {"author_id": 243982085, "id": 1494463726371618816, "text": "RT @HighDefDiscNews: Kids in the Hall: Brain Candy on Blu-ray February\n\n#Bluray @KITHOnline #KidsInTheHall #BrainCandy @ParamountMovies #Ph\u2026"}, {"author_id": 1006616144390885376, "id": 1494444952398479364, "text": "RT @HighDefDiscNews: I am very happy to report copies of KIDS IN THE HALL: BRAIN CANDY on Blu-ray from @Amazon are indeed pressed and not b\u2026"}, {"author_id": 17022435, "id": 1494103545087332353, "text": "@Lizzylasher7 Brain Candy - Kids in the Hall movie, about big pharma, brilliant."}, {"author_id": 869918251677102080, "id": 1494083267175358474, "text": "RT @HighDefDiscNews: I am very happy to report copies of KIDS IN THE HALL: BRAIN CANDY on Blu-ray from @Amazon are indeed pressed and not b\u2026"}, {"author_id": 3083909669, "id": 1494075876601909253, "text": "RT @HighDefDiscNews: I am very happy to report copies of KIDS IN THE HALL: BRAIN CANDY on Blu-ray from @Amazon are indeed pressed and not b\u2026"}, {"author_id": 2285662423, "id": 1494051977017311237, "text": "RT @HighDefDiscNews: I am very happy to report copies of KIDS IN THE HALL: BRAIN CANDY on Blu-ray from @Amazon are indeed pressed and not b\u2026"}, {"author_id": 90523630, "id": 1494037815276933120, "text": "RT @HighDefDiscNews: I am very happy to report copies of KIDS IN THE HALL: BRAIN CANDY on Blu-ray from @Amazon are indeed pressed and not b\u2026"}, {"author_id": 54346345, "id": 1493961909971951616, "text": "RT @drgonzo123: THE KIDS IN THE HALL: BRAIN CANDY is FINALLY out on Blu Ray. https://t.co/x23n0tXNmd"}, {"author_id": 1258135852380798984, "id": 1493957939178180608, "text": "Kids in the Hall: Brain Candy (1996) Movie Review https://t.co/Ro1rHuNh9c via @YouTube Ever wonder what would happen if someone invented a pill that allowed you to relive your happiest memory? Look no further I give you 1996s \"Kids in the Hall: Brain Candy\"."}, {"author_id": 36986768, "id": 1493857541591236611, "text": "RT @HighDefDiscNews: I am very happy to report copies of KIDS IN THE HALL: BRAIN CANDY on Blu-ray from @Amazon are indeed pressed and not b\u2026"}, {"author_id": 1326748909264310272, "id": 1493857399031025666, "text": "RT @HighDefDiscNews: I am very happy to report copies of KIDS IN THE HALL: BRAIN CANDY on Blu-ray from @Amazon are indeed pressed and not b\u2026"}, {"author_id": 1458219949537775618, "id": 1493829413942792194, "text": "RT @HighDefDiscNews: I am very happy to report copies of KIDS IN THE HALL: BRAIN CANDY on Blu-ray from @Amazon are indeed pressed and not b\u2026"}, {"author_id": 1063750279, "id": 1493828627041030146, "text": "RT @HighDefDiscNews: I am very happy to report copies of KIDS IN THE HALL: BRAIN CANDY on Blu-ray from @Amazon are indeed pressed and not b\u2026"}, {"author_id": 19090648, "id": 1493820293051305984, "text": "RT @HighDefDiscNews: I am very happy to report copies of KIDS IN THE HALL: BRAIN CANDY on Blu-ray from @Amazon are indeed pressed and not b\u2026"}, {"author_id": 31741815, "id": 1493819756515713027, "text": "I am very happy to report copies of KIDS IN THE HALL: BRAIN CANDY on Blu-ray from @Amazon are indeed pressed and not burnt discs. They have the Blu-ray logo on the box but lack the logo on the spine. Still, inside you have a nice shiny pressed disc! \ud83d\udcbf @KITHOnline #Bluray #KitH https://t.co/7QxhhsRBMa"}, {"author_id": 763039876686028800, "id": 1493774488260861958, "text": "Kids in the Hall: Brain Candy (1996)\n\nPharmaceutical scientists create a pill to make everybody happy, and suffer the consequences.\n\nA brilliant satire on culture, corporatism, antidepressants and the pharmaceutical world. @DaveSFoley @kevinthekith\n\n\ud83d\udc8a https://t.co/mBoiv0TUdd https://t.co/H8qBNWgD1s"}, {"author_id": 17575777, "id": 1493732010434514944, "text": "THE KIDS IN THE HALL: BRAIN CANDY is FINALLY out on Blu Ray. https://t.co/x23n0tXNmd"}, {"author_id": 761228814487879680, "id": 1493709274702172163, "text": "@1BoysFan Doubt if it was as bad as \"Kids in the Hall Brain Candy\", the worst movie ever."}, {"author_id": 14973377, "id": 1493637860271931402, "text": "My KIDS IN THE HALL: BRAIN CANDY Blu-ray won\u2019t get here until tomorrow now, so Tuesday is over"}, {"author_id": 3075780709, "id": 1493526141700763649, "text": "@dustin_perry You Know I Need That, Baby - Brain Candy - Kids in the Hall https://t.co/2V0FIGnh73 via @YouTube"}, {"author_id": 28499184, "id": 1493479764450967553, "text": "@scottEmovienerd My 25+ club includes Back to the Future, A Few Good Men, The Big Lebowski, Fight Club, Mallrats, Se7en, Rushmore, Top Gun, Kids in the Hall: Brain Candy and Wayne's World. Probably some others I'm missing."}, {"author_id": 211291588, "id": 1493034784041357314, "text": "Just played: Nata Di Marzo - Pizzicato Five - Kids In the Hall Brain Candy (Matador Records)"}]