[{"author_id": 630900785, "id": 1495283072404795397, "text": "@Odi_the_Kika Damn you should let it fall on me I need a vacation and money"}, {"author_id": 1122692434964754435, "id": 1495279828303556612, "text": "RT @BlindDad_Uk: We left our hotel not knowing whether we\u2019d be able to get into Bristol station, or even on a train back to London.\n\nTo my\u2026"}, {"author_id": 2855172302, "id": 1495277947934044161, "text": "@itzkikaaHQ @THEHONKBOY Holy shit Kika this is sick !!!"}, {"author_id": 391247424, "id": 1495262059138891778, "text": "Now Playing KIKA by 6IX9INE Ft. Tory Lanez On The Free Radio Invasion Mobile App. https://t.co/NMcz3WCstV https://t.co/1yxHJxQIlt"}, {"author_id": 2562151446, "id": 1495245906798526465, "text": "RT @BlindDad_Uk: We left our hotel not knowing whether we\u2019d be able to get into Bristol station, or even on a train back to London.\n\nTo my\u2026"}]