[{"author_id": 1227630229826555904, "id": 1495284571268603905, "text": "@DudespostingWs Go on, sea Lassie! Go get help!"}, {"author_id": 569669802, "id": 1495280093312266243, "text": "@JoshFeibus \u201cWhoa, whoa, whoa \u2014 who does this pup think he is, Lassie?!?\u201d"}, {"author_id": 1391589715732697092, "id": 1495279146540277761, "text": "RT @EZBUNZZ: Heheh another pokemon gijinka \nher name is lassie and shes the sweetest track runner stealing every girls heart without knowin\u2026"}, {"author_id": 1262344873849413635, "id": 1495278174472896514, "text": "RT @EZBUNZZ: Heheh another pokemon gijinka \nher name is lassie and shes the sweetest track runner stealing every girls heart without knowin\u2026"}, {"author_id": 1401681810317365248, "id": 1495278029479755778, "text": "RT @EZBUNZZ: Heheh another pokemon gijinka \nher name is lassie and shes the sweetest track runner stealing every girls heart without knowin\u2026"}, {"author_id": 2669578488, "id": 1495276948137914370, "text": "RT @PJohnstonAuthor: A debut novel in Waterstones? Not bad for a self-published lassie from EK. \n\nSpeechless, shookith, stunned. Aw the emo\u2026"}, {"author_id": 1475659874377814024, "id": 1495276752624627713, "text": "RT @EZBUNZZ: Heheh another pokemon gijinka \nher name is lassie and shes the sweetest track runner stealing every girls heart without knowin\u2026"}, {"author_id": 1076617330266796033, "id": 1495275938312966147, "text": "RT @EZBUNZZ: Heheh another pokemon gijinka \nher name is lassie and shes the sweetest track runner stealing every girls heart without knowin\u2026"}, {"author_id": 1460397288547753987, "id": 1495275700655255555, "text": "Heheh another pokemon gijinka \nher name is lassie and shes the sweetest track runner stealing every girls heart without knowing it\ud83d\udc9b\u26a1\ufe0f\n\n#yamper #boltund https://t.co/Vc3hIUfpIV"}, {"author_id": 1106876593492905984, "id": 1495275551631851520, "text": "RT @kieran_ashton1: This years Christmas dinner at that lassie Tia\u2019s house will be absolutely mental. Hope they\u2019re selling tickets for it"}, {"author_id": 986370324307603456, "id": 1495267372822929413, "text": "RT @staceyleigh1993: The fact he punched a lassie tho. Wrong one\ud83e\udd2e that twat needs a good kick in."}, {"author_id": 1448694397625946115, "id": 1495266773397958658, "text": "Go home, lassie; men are fightin' here!"}, {"author_id": 1393399354799624196, "id": 1495262629258010628, "text": "@koraeda Like what\u2019s up with that?!? Is that a dark lassie reference?!?!"}, {"author_id": 1175535305497006080, "id": 1495260465446137858, "text": "@marnie_bum Jist a classy lassie!"}, {"author_id": 705164074934374400, "id": 1495259983851626496, "text": "Lassie, I saw ur post &amp; thought, \"Do you need some attention?\" so...will you...accept this cookie? \ud83c\udf6a"}, {"author_id": 1495254748555264004, "id": 1495255190563622912, "text": "Be happy. It's one way of b\nhttps://t.co/PUdoIirfQl\nI love a lassie  a bonnie  bonnie lassie  She's as p\nhttps://t.co/aqu73iRkGy https://t.co/MuOn8pWxhI"}, {"author_id": 4028751976, "id": 1495252861860597760, "text": "RT @JaneKay20901074: @RetiredNikitaM @TimAlle97055825 Kate, our 6 y/o Lab/Border Collie is a HUGE Lassie fan. She has watched \"Lassie Come\u2026"}, {"author_id": 371175957, "id": 1495251962174087169, "text": "the lassie done it...Olympic legends..."}, {"author_id": 1261368404776271873, "id": 1495251867487686658, "text": "@ChrisEubankJr @SpecialKBrook Ad turn the tele off and watch the Weins fight in the back garden rather than watch you, your pish! Ur fighting ur patter ur wee lassie voice! U aren\u2019t even in these cunts league and they ain\u2019t elite fighters. Living off daddy\u2019s name ur a mug"}, {"author_id": 1466351615951187973, "id": 1495251112038969347, "text": "RT @chrisludwig01: In Lassie's Mouth\n#OddPlacesToFindSocks https://t.co/qaqWVOPWFw"}, {"author_id": 584119076, "id": 1495250866298925065, "text": "In Lassie's Mouth\n#OddPlacesToFindSocks https://t.co/qaqWVOPWFw"}, {"author_id": 92863531, "id": 1495250091480735746, "text": "Lassie Zia's International Boss Ladies storms are a great thing https://t.co/m5qvNPLoyQ"}, {"author_id": 1259689688413220865, "id": 1495249588072108032, "text": "@RetiredNikitaM @TimAlle97055825 Kate, our 6 y/o Lab/Border Collie is a HUGE Lassie fan. She has watched \"Lassie Come Home\" I don't know how many times. As soon as the music comes on, she comes running. Let the barking begin. I love watching her watch TV. She loves a happy ending. \u2764\ufe0f\ud83d\udc36"}, {"author_id": 3048514420, "id": 1495249176124342275, "text": "That lassie on tiktok with the poems is needing to get a grip man"}, {"author_id": 1469702777215627268, "id": 1495248891641577472, "text": "RT @JNamupira: @ElenaRuiz_Poet Check out my #blog for this and other stories.\n\nhttps://t.co/VJXJ1trWuH"}, {"author_id": 2349386628, "id": 1495248736540319748, "text": "@mobinfiltrator I know man, he makes Spuds McKenzie look like Lassie..."}, {"author_id": 1354606916341805056, "id": 1495247057652969474, "text": "@TrevDon I\u2019m older than dirt. I recognize about 75% of them! Plus Lassie. \ud83d\ude02\ud83e\udd26\ud83c\udffb\u200d\u2640\ufe0f"}, {"author_id": 887006558730801152, "id": 1495245416341938185, "text": "@sailorIexi Lassie and Late and Fexi that\u2019s it!"}, {"author_id": 553097596, "id": 1495244264233926659, "text": "Cleaning out our Eildon shed - We have a leaking roof. Chatting to 95yo neighbour he told me the original owner, Scottish, spent hours hammering and cursing in there. \nNot long after a piece of rusty bridle fell an inch from my head - old Bill warning \u2018Leave it be, Lassie.\u2019 \ud83d\ude4f\ud83c\udffb\ud83d\ude05"}, {"author_id": 3745913477, "id": 1495242198366969859, "text": "@TrevDon Seven people on the spot. Bonus points Lassie. \ud83e\udd23"}, {"author_id": 1154155010608861184, "id": 1495239967483645953, "text": "@AlastairHunte13 Nash is pure border collie - I am like Lassie. \ud83d\ude0a https://t.co/uHXVK39ogz"}, {"author_id": 1472392199165775873, "id": 1495239282943877124, "text": "@lassie_luckyno9 Don't say that."}, {"author_id": 1576025323, "id": 1495237782570156033, "text": "@TrevDon Hawaii 5-0 Make Room for Daddy Cannon Maude Lassie Jack Lord Dennis Weaver Danny Thomas Gene Rayburn Roy Roger Dale Evens Jamie Farr"}, {"author_id": 1472392199165775873, "id": 1495236577064222722, "text": "@lassie_luckyno9 If they feel good about it then let them get all the credit \ud83d\ude04 l don't have any problem with that.\u270c"}, {"author_id": 1425187516953600007, "id": 1495235857531518979, "text": "@WilmaBenton19 Nash are you border or lassie"}, {"author_id": 1455271724, "id": 1495231116143312906, "text": "@mciver1964 I maybe missed it- are you a little lassie or little laddy?"}, {"author_id": 1474374101800206341, "id": 1495226734966280195, "text": "What's the matter?\nInsect hoofs on Lassie instead of his feet\n(HE Lassie not SHE)\nBut I don't mind all she is blessed with the\nMane of a HORSE and wings of a BEE\n(and carrying a cluster of bee eggies in the centre of she)"}, {"author_id": 128721881, "id": 1495224938839650305, "text": "@SMacD49 HEY LADS!!  A lassie wi' a full cylinder  :)"}, {"author_id": 2300308961, "id": 1495224535137796098, "text": "RT @staceyleigh1993: The fact he punched a lassie tho. Wrong one\ud83e\udd2e that twat needs a good kick in."}, {"author_id": 1433142411098734592, "id": 1495224078826885121, "text": "RT @NewYorkerEvaBot: Lassie! Get help!! https://t.co/U6mzPNtDZU"}, {"author_id": 1310072247713959942, "id": 1495221902788419584, "text": "RT @VirtualHandy: @ItalianGirl706 @ItsJustMeRED @Drealstudmuffin @cudagirl0730 @Gillian93367667 @Gingeerly @MrsAmERIKA_3 @SteffannaAnna @MM\u2026"}, {"author_id": 1354841140680339468, "id": 1495220810746937351, "text": "@ScotNational Ahahahahahahaha. Perhaps the poor lassie didn't understand?"}, {"author_id": 1308579583978074113, "id": 1495219696068665345, "text": "@TrevDon Roy Rogers, Dale Evans, Lassie, Lucille Ball, ____Rayburn."}, {"author_id": 1177257823748706304, "id": 1495219055460036612, "text": "I'm 100% confident this team would be better with either JBD or lassie over Josh Brown and Sokolov inserted for some scoring touch. Why isn't this happening? #Sens"}, {"author_id": 2814160558, "id": 1495218877898313733, "text": "This is me and my wee lassie a couple of years ago. One of my favourite photos, it's her birthday today. Happy birthday. https://t.co/I59vmfeby3"}, {"author_id": 1357866941659009024, "id": 1495217375872000012, "text": "Now playing Tallahassee Lassie. by Freddy Cannon !"}, {"author_id": 31420469, "id": 1495215918565281793, "text": "@MHMoonves Lassie has better cameos. And Lassie Is a dog. And is dead."}, {"author_id": 144309989, "id": 1495213861342953474, "text": "@TrevDon You're also old if you can barely make out the faces. Is that Lassie?"}, {"author_id": 1405201122567065604, "id": 1495213646477209608, "text": "@HAILHAILBHOY Too much \nA lassie with bits out kind of\nFilters that you know the person looks sod all like\nA guy who has a weird fetish for poo ( no kidding) \nI am exhausted.\nIm still fat ugly with glasses and a gap in my teeth \ud83d\udcaa\ud83d\udcaa\ud83d\udcaa\ud83d\udcaa\ud83d\udcaa\ud83d\udcaa\nKeep it real \ud83d\ude05\ud83d\ude05\ud83d\ude05\ud83d\ude05\ud83d\ude05"}, {"author_id": 1225198517590876161, "id": 1495212002079346691, "text": "@______1875 @Melfyx Says Rodney Trotter trying to slag a lassie off to your 20 followers ya wee hun virgin ....."}, {"author_id": 465522623, "id": 1495211879706533889, "text": "@antfarmer Sally Boyden was from Young Talent Time. Aged 10 here, she is the youngest person to have an album go Gold in Australia, went to do a Lassie movie in the US, The Sullivans here, suffer from anorexia and develop a heroin addiction (since recovered)."}, {"author_id": 816718368312987648, "id": 1495210480029212673, "text": "@Sassie_Lassie Foggy this morning but a nice afternoon here in Oregon"}, {"author_id": 633175973, "id": 1495208550187954178, "text": "@joopydrawers @Sassie_Lassie That looks great."}, {"author_id": 1349804724, "id": 1495208094820933641, "text": "@Sassie_Lassie Made meatballs and gravy for dinner tomorrow \ud83d\ude0b https://t.co/2fnodPbaOw"}, {"author_id": 1166430751501574145, "id": 1495206603116757011, "text": "Fair play to foden sticking up for the lassie punched. https://t.co/AtYOolZUpd"}, {"author_id": 1109231936185225216, "id": 1495203554662903810, "text": "There's a lassie passing out who apparently I'm taking care of cos her pal canny be arsed! #peoplemakeglasgow"}, {"author_id": 1019949765583392768, "id": 1495203304716083200, "text": "Go lassie\u2019s go. \ud83c\udff4\udb40\udc67\udb40\udc62\udb40\udc73\udb40\udc63\udb40\udc74\udb40\udc7f\ud83e\udd76\ud83c\udff4\udb40\udc67\udb40\udc62\udb40\udc73\udb40\udc63\udb40\udc74\udb40\udc7f"}, {"author_id": 24470543, "id": 1495202371852541952, "text": "The great animal clips on this show and they are wasting time on the old chestnut that Lassie was played by a male dog called Pal. #WhenAnimalTVGoesWrong  #WhenTVGoesWrong"}, {"author_id": 1121928986198777864, "id": 1495202205967822851, "text": "@Sassie_Lassie Chilling out at home tonight. Hope yours is going well."}]