[{"author_id": 906635060392153090, "id": 1495288887312326656, "text": "RT @bobsinisi: 1) Love and Pain, Edvard Munch (1895);\n2) Laura and James, Twin Peaks: Fire Walk With Me, David Lynch (1992). https://t.co/0\u2026"}, {"author_id": 44259857, "id": 1495288682835636227, "text": "RT @awktavian: Your fav polyglot @Ramilito_ and I talked about language! His Indonesian is also not at all like Cinta Laura\u2019s \ud83c\uddee\ud83c\udde9\n\nhttps://t\u2026"}, {"author_id": 1495286884133744641, "id": 1495288626728603650, "text": "30/01/48 16:50:00 \u0645e\nRight there in that room, listening to the tape Laura gave me, I dec\n\nhttps://t.co/D92ijCvUvX https://t.co/C73cuJunZP"}, {"author_id": 2871284305, "id": 1495288621477380097, "text": "RT @ThatMadStarship: Please, help a disabled Lumbee mother and daughter keep and pay off our first form of transportation in 15 years. The\u2026"}, {"author_id": 2836703082, "id": 1495288581652426754, "text": "RT @RaelleLogan1: @bobby_kountz @bigtickHK @AuthorJRose @decarteret_john @LisaThomasBooks @laura_a_lauda @RobossieAuthor @miamibeachPI @Gab\u2026"}, {"author_id": 585944376, "id": 1495288563910516737, "text": "@Kuroonumaaa I\u2019m currently watching this! This is mu first Precure anime I\u2019m watching, and I\u2019m almost halfway through. Laura and Sango are my favorite characters so far! \ud83d\ude0a https://t.co/V4064WoP2n"}, {"author_id": 2836703082, "id": 1495288553676279809, "text": "RT @bobby_kountz: @RaelleLogan1 @bigtickHK @AuthorJRose @decarteret_john @LisaThomasBooks @laura_a_lauda @RobossieAuthor @miamibeachPI @Gab\u2026"}, {"author_id": 2610705482, "id": 1495288490149376000, "text": "RT @soapyhadid: film twitter is so scary cause one minute you\u2019re following a quirky laura palmer avi account\ud83e\udd70 then they post a selfie and i\u2026"}, {"author_id": 846271835272568832, "id": 1495288430066118660, "text": "Here is where the music doesn't stop. NP: Laura - RockCounsellor @rockcounsellor https://t.co/SWXdtUF5FG"}, {"author_id": 4913320595, "id": 1495288429684400128, "text": "Great unsigned music. Now Playing Laura - RockCounsellor @rockcounsellor on https://t.co/0aMdpcZeph https://t.co/nwuTgRmEEN"}, {"author_id": 40465831, "id": 1495288418749739015, "text": "The think the most important approach on my shoots, is that I photograph the spontaneous moments that happen when you and I are both in flow. The expression, the looks are much more real and pure this way.\n\nImage from a brand shoot with Laura @align_lifestyle https://t.co/HN30aV7x7R"}, {"author_id": 3238702889, "id": 1495288415188918274, "text": "@LauraArchulet10 Morning Laura enjoy your day take care"}, {"author_id": 1186973858995363840, "id": 1495288398227156992, "text": "I secretly met with a current front bench Tory MP and they used semaphore to reveal that Laura Kuenssberg is a pillar of integrity"}, {"author_id": 200989337, "id": 1495288175446704128, "text": "RT @bobsinisi: 1) Love and Pain, Edvard Munch (1895);\n2) Laura and James, Twin Peaks: Fire Walk With Me, David Lynch (1992). https://t.co/0\u2026"}, {"author_id": 365833135, "id": 1495288124032835590, "text": "New Episode on Conscious Millionaire Limitless Show today. Get top insights from the Founder and CEO of \"Nonprofit Professionals Advisory Group\" Laura Gassner Otting! Listen https://t.co/ektKqBp0yx entrepreneurship #consciousness #growthmindset"}, {"author_id": 1254167171456000002, "id": 1495288088628760576, "text": "RT @nakednews: Laura Desiree Gives Her Review of the New Pam &amp; Tommy Series on Today's Naked News! https://t.co/go15qywpXA"}, {"author_id": 1268358182906331137, "id": 1495287949402984449, "text": "RT @ThatMadStarship: Please, help a disabled Lumbee mother and daughter keep and pay off our first form of transportation in 15 years. The\u2026"}, {"author_id": 1250792517118853121, "id": 1495287869727985668, "text": "RT @Postsubman: - Businesswoman - Laura Ikeji shares her experience at the Abuja airport. https://t.co/uNJLAeF1Vh"}, {"author_id": 1517412794, "id": 1495287854913703936, "text": "Laura is not even trying to hide that she is team #Sprina \n\n#GH ^MP"}, {"author_id": 1347373450709635078, "id": 1495287731244650496, "text": "@tazreentasnim How about that elder males in Sims 2 were the same voice actor as Mojo Jojo from the Powerpuff Girls? Or that LAURA BAILEY of all people was a voice in The Sims Medieval (not sure which tho)?\n\nOr that EA sent a \"gibberish voice coach\" to the guys doing the metal music for sims 2? https://t.co/mx0WBOJAl1"}, {"author_id": 1245323737026551810, "id": 1495287721182756865, "text": "RT @Chris86767838: Laura Tingle reminds us of Morrison's BFF, Stuart Robert's 2016 dumping from the ministry after a \"private\" trip to Beij\u2026"}, {"author_id": 25381759, "id": 1495287708335415297, "text": "4 of 5 stars to Daughters of Night by Laura Shepherd-Robinson https://t.co/it7Ao3sDqx"}, {"author_id": 792799748788854784, "id": 1495287528966008834, "text": "RT @magicalcinnamon: Rest assured Laura, your legacy is in great hands!\ud83e\udddc\u200d\u2640\ufe0f\ud83d\udc36 https://t.co/Drds8apUOs"}, {"author_id": 1179785278417846272, "id": 1495287459562799110, "text": "RT @True_Slut: Pounding Laura's Shithole.. \ud83c\udf51\n\nFEATURING : LAURA FIORENTINO \ud83c\uddee\ud83c\uddf9\nStudio : Legalporno\nFollow : @LauraFiorentin0 @Dylanbrownxxx\u2026"}, {"author_id": 28605161, "id": 1495287368403804161, "text": "Thanks for the mention! SuzyMullen: @welisten6 @andthatrhymeswi @StevenCable5 @Laura_R_Prieto @RudeFulk @james3neal @MinJohnske @museumsfor_life @Justustalking2 @Pastpreservers @rideinfinity2 @asktheduchess @StevenBradCable @mog21 @nativelearningc @verylittleeve \ud83e\udd17"}, {"author_id": 28605161, "id": 1495287361961443328, "text": "Thanks for the mention! SuzyMullen: @welisten6 @StevenCable5 @andthatrhymeswi @Laura_R_Prieto @RudeFulk @james3neal @MinJohnske @museumsfor_life @Justustalking2 @Pastpreservers @rideinfinity2 @asktheduchess @StevenBradCable @mog21 @nativelearningc @verylittleeve \ud83e\udd17"}, {"author_id": 28605161, "id": 1495287355057573892, "text": "Thanks for the mention! welisten6: @SuzyMullen @StevenCable5 @andthatrhymeswi @Laura_R_Prieto @RudeFulk @james3neal @MinJohnske @museumsfor_life @Justustalking2 @Pastpreservers @rideinfinity2 @asktheduchess @StevenBradCable @mog21 @nativelearningc @verylittleeve You\u2019re welcome \ud83d\ude07"}, {"author_id": 731194340064821251, "id": 1495287352570396675, "text": "RT @Pornstarscom: \ud83d\udd25NEW SCENE\ud83d\udd25\n\ud83c\udfacLaura Fiorentino\u00a0VS\u00a0Eden Ivy\u00a0#2wet Fisting, DAP, DP, Gapes, Squirt Drink, Cum in Mouth, Swallow\n\u2640\ufe0f @LauraFio\u2026"}, {"author_id": 28605161, "id": 1495287351165259779, "text": "Thanks for the mention! welisten6: @SuzyMullen @andthatrhymeswi @StevenCable5 @Laura_R_Prieto @RudeFulk @james3neal @MinJohnske @museumsfor_life @Justustalking2 @Pastpreservers @rideinfinity2 @asktheduchess @StevenBradCable @mog21 @nativelearningc @verylittleeve You\u2019re welcome \ud83d\ude07"}, {"author_id": 1476986608775688196, "id": 1495287350598975489, "text": "@FrugalPharm How is \"New Slang\" 21 years old?!? New is in the name! Bloc Party's Silent Alarm album came out in 2004. \"Boy With A Coin\" came out in 2007. Sufjan Stevens released \"Chicago\" in 2005. Laura Marling's Alas I Cannot Swim album came out in 2005. Since when is 2009 not last year? \ud83d\ude31"}, {"author_id": 1331808736785158150, "id": 1495287340591419395, "text": "isFox Talk show host laura lngraham a vowed rascist and can she be : She has 3 adopted minority kids - Google Search https://t.co/I2f6n9yHS0"}, {"author_id": 2541128075, "id": 1495287227865350146, "text": "If her name is Laura then I've been in love \u2764 eversince. https://t.co/G1mDXiqx0q"}, {"author_id": 1258098402023309312, "id": 1495287181459562496, "text": "@tush_anita Why do u resemble laura wilson ???"}, {"author_id": 731194340064821251, "id": 1495287162568421378, "text": "RT @True_Slut: Pounding Laura's Shithole.. \ud83c\udf51\n\nFEATURING : LAURA FIORENTINO \ud83c\uddee\ud83c\uddf9\nStudio : Legalporno\nFollow : @LauraFiorentin0 @Dylanbrownxxx\u2026"}, {"author_id": 3220801485, "id": 1495287158227222529, "text": "RT @Angel_nDisguise: FEB 20: UK RADIO INTERVIEW\n-\nTIME:\n5:00am-7:00am EST\n10:00am-12:00pm GMT\nCLOCK:\nhttps://t.co/iuPES833cM\nLISTEN LIVE:\nh\u2026"}, {"author_id": 1487605169512660992, "id": 1495287095555932168, "text": "RT @IngrahamAngle: \u201cIf that\u2019s not spying, what is spying?\u201d -- @ByronYork exposes the Dems\u2019 efforts to spy on Trump\u2019s campaign. Listen, only\u2026"}, {"author_id": 1226934313888907270, "id": 1495287035783000064, "text": "@SANitizzzer @nelastruly @fionanlend @laura_wnd2 @izvvone Sup \u201elil\u201c sis"}, {"author_id": 3197751475, "id": 1495286988299116547, "text": "@TheAnaheraRebel You kinda sorta have a Laura Linney look/vibe.  And she looks like an author or a professor!"}, {"author_id": 373558829, "id": 1495286981064273924, "text": "RT @Toni37517254: @2017_laura Thomas-- tumor\nLiam: horny stupidity"}]