[{"author_id": 3303632718, "id": 1495184254099099652, "text": "@Danburden1138 Every movie is somebody\u2019s favorite movie. Except Lawnmower Man 2: Beyond Cyberspace/Job\u2019s War. That\u2019s nobody\u2019s favorite movie."}, {"author_id": 2153403691, "id": 1494003497410473986, "text": "@replicantpinky Some lesser known films for a change.\n\nThe Crow: City Of Angels.\n\nAlien\u00b3\n\nCity Slickers 2: The Legend Of Curleys Gold\n\nLawnmower Man 2: Beyond Cyberspace\n\nUniversal Solidier 2\n\nMad Max 2: Road Warrior"}]