[{"author_id": 2620523423, "id": 1495278957905731589, "text": "RT @Juwariyaahh: Ladies pls \ud83d\udc47\n Before getting married, like many other unmarried ladies,I used to think marriage would be all rosy and make\u2026"}, {"author_id": 1359070176, "id": 1495241517686046724, "text": "RT @Juwariyaahh: Ladies pls \ud83d\udc47\n Before getting married, like many other unmarried ladies,I used to think marriage would be all rosy and make\u2026"}, {"author_id": 1410670074516623364, "id": 1495237474376847363, "text": "My life is rosy."}, {"author_id": 1371758199469088775, "id": 1495200225975484417, "text": "Life is not always rosy. If you want to see the rainbow, you have to accept the rain."}, {"author_id": 1480764941497946115, "id": 1495194541317623814, "text": "not to be corny but this looks like a photo you\u2019d take after a night out when the world is a little blurry and you\u2019re both a little disheveled with rosy cheeks. it\u2019s cold out but you\u2019re warm and life\u2019s good. https://t.co/RWF70SNK1P"}, {"author_id": 1435074479126761473, "id": 1495191228719063040, "text": "@AdelieGirl @PRGuy17 I have an existing chronic lung condition, so my life is less valuable? Would these expendable people have died at that point in time without covid. NO!!! I am alive and well, however should I contract covid, things may not be so rosy."}, {"author_id": 1446082198877216777, "id": 1495174256413577218, "text": "RT @sheylude_: @DorotheeNft Life is not Rosy; it is my new piece available in @opensea \ud83c\udf37 0.03 $eth"}, {"author_id": 1412016521635930112, "id": 1495165945219850241, "text": "RT @sheylude_: @DorotheeNft Life is not Rosy; it is my new piece available in @opensea \ud83c\udf37 0.03 $eth"}, {"author_id": 1353409395208507393, "id": 1495163694413660166, "text": "@DorotheeNft Life is not Rosy; it is my new piece available in @opensea \ud83c\udf37 0.03 $eth https://t.co/YlPGzNv4nI"}, {"author_id": 1320308809919832074, "id": 1495133033200029698, "text": "RT @Juwariyaahh: Ladies pls \ud83d\udc47\n Before getting married, like many other unmarried ladies,I used to think marriage would be all rosy and make\u2026"}, {"author_id": 1477823817531723785, "id": 1495102224900497409, "text": "@seraphxngel my life is rosy \ud83d\ude0d"}, {"author_id": 2470631287, "id": 1495093662513971201, "text": "@Asli_Liberal @is_enticing 1)Not all easy to work or live without househelp.\n2)Talk to ppl outside all is not rosy and green.\n3)Many more jobs coming here then outside and that too we get to stay close to our society.\n4)Those who go outside majority think they go for a better life but is it better???????"}, {"author_id": 1383903468239265794, "id": 1495025074386182154, "text": "my life is rosy https://t.co/0JLx2f3JHs"}, {"author_id": 118099003, "id": 1494997000412180485, "text": "RT @adityadickysin: Meet these two \"boys\" from an area called Kundal in #Ranthambore national park. We call them Jai (on the left) and Veer\u2026"}, {"author_id": 1486188379276718084, "id": 1494990532514222089, "text": "@ENHYPEN_members Life is not always rosy, but what we should do is not care about black things. May your new day be filled with joy https://t.co/MNktfHJG7d"}, {"author_id": 1259638932897181699, "id": 1494969413237362690, "text": "RT @Juwariyaahh: Ladies pls \ud83d\udc47\n Before getting married, like many other unmarried ladies,I used to think marriage would be all rosy and make\u2026"}, {"author_id": 1486190752359391235, "id": 1494966374946709504, "text": "@engineers_feed Life is not always rosy, but what we should do is not care about black things. May your new day be filled with joy https://t.co/ZofeWSvMtz"}, {"author_id": 3278559661, "id": 1494947735513939970, "text": "my life is rosy.."}, {"author_id": 1470041529750228992, "id": 1494919164749832192, "text": "@rosy_shilpa Gift your Child with Early Learning Tools from #LearningTime.This investment is a Gift for life and will reward the Child in terms of enhanced competence by enriching knowledge, ability and attitude. If interested, feel free to DM for a worthwhile online demo."}, {"author_id": 1224780244369989637, "id": 1494918146104438786, "text": "@Franklinbayo @kins7615 @Aitemej1 @MoghaluKingsley @MBuhari Are you hungry ? \n\nYour life is not rosy?"}, {"author_id": 1487641385335459844, "id": 1494886825781080064, "text": "RT @Juwariyaahh: Ladies pls \ud83d\udc47\n Before getting married, like many other unmarried ladies,I used to think marriage would be all rosy and make\u2026"}, {"author_id": 913167679887953921, "id": 1494843810253258752, "text": "I have to be mean all the time to show these bitches life is not all rosy and sweet https://t.co/U5ejmflG6I"}, {"author_id": 3035543013, "id": 1494826809850007556, "text": "This is exactly what I mean by hopeless romantic, looking at life through a rosy lense despite being aware of the truth. It's not always about relationships. https://t.co/fb2WjppUiV"}, {"author_id": 904097911209938948, "id": 1494823558169735178, "text": "@Davidmetroland @Holdstk @Begentle50 @Nicoledso @efeschell @AndieHalihan @just2sayin @PaddyM23252907 @CharlieCarlsbad @MartinWesson3 @GeoffreyKeey @SallyAnnC3 @GeoffBarton9 @Chris_not_a_bot @ShegorReador @bromhome @Claesson_Kate @David19531501 @LeftBehindPoet @HWick_Chris @boomer_ish @PieroTi1971 @BeowulfSchaefer @wobski421 @andrewsibley15 @The_Leaver @antrad51 @JonHlluk @IainColledge @suastusa @viv_cooper @AndrewKnight226 @susan04071 @LorenzoBrauer @afewpoints @Mac_Paddy54 @MattAdkin @LabLostHeHe @Jimbo12449841 @TheGhos72578902 @ConraddKonnrad @Maggie29047241 @denislewin2021 @RobinMcgill19 @marcsaysmarc @john30296891 @LarkGeoff @resiguru @condimentset @ChrisEv06631592 You were whinging about you as an expat being made to feel like an alien in Spain.\n\nNow it's the SM. \ud83e\udd26\u200d\u2642\ufe0f\n\nLike I said before Blame your hosts 8f you must blame somebody. They decide how rosy life is for you now! https://t.co/8wgyLiCNZN"}, {"author_id": 1343279716770471941, "id": 1494815453713256449, "text": "MY  LIFE  IS  ROSY\n https://t.co/eclO3WuAX1"}, {"author_id": 716595561684664320, "id": 1494795076119244809, "text": "Just getting to my house. A long day from funeral, to meetings upon meetings, then onset for different visual contents.\n\nWhoever told you that it's all rosy and easy getting it right in this life is only trying to set you up. Run!"}, {"author_id": 212025454, "id": 1494780839133073412, "text": "How the hell did he write this? \n\n\"Better stop dreaming of the quiet life, 'cause it's the one we'll never know\nAnd quit running for the runaway bus 'cause those rosy days are few\nAnd stop apologizing for the things you've never done\n'Cause time is short and life is cruel..\""}, {"author_id": 3301523112, "id": 1494773781029658627, "text": "i'm being sincere, this is how my feet have looked my entire life, if suddenly they looked rosy and alive i'd be weirded out"}, {"author_id": 1374336696, "id": 1494757936186417155, "text": "RT @SwedishIrishm: Hey there, yes You!I know things may have been tough or not rosy but one thing for sure is that you have LIFE and that\u2019s\u2026"}, {"author_id": 2255829307, "id": 1494755859267731456, "text": "RT @SwedishIrishm: Hey there, yes You!I know things may have been tough or not rosy but one thing for sure is that you have LIFE and that\u2019s\u2026"}, {"author_id": 968212640152653825, "id": 1494741292294750221, "text": "RT @Oletta15148998: #AceMagashule Y is it as humans when things don't look rosy for us we always seek God's protection n support BUT when l\u2026"}, {"author_id": 139028953, "id": 1494737103007236099, "text": "RT @Oletta15148998: #AceMagashule Y is it as humans when things don't look rosy for us we always seek God's protection n support BUT when l\u2026"}, {"author_id": 1221090072684126208, "id": 1494731704535289860, "text": "#AceMagashule Y is it as humans when things don't look rosy for us we always seek God's protection n support BUT when life serves us champagne n cavear he's the last being to invite."}, {"author_id": 1657341812, "id": 1494718836880424972, "text": "\"Hope is not a rosy-eyed romanticised feeling. It is a felt human experience. A virtue, a value, a trait, an innate quality, a life-view, a thought, or a feeling \u2013 hope is all of these. It unfurls opportunity out of adversity. That said, for hope to do wo\u2026https://t.co/fLXF80kgXP"}, {"author_id": 1230649747884650496, "id": 1494700616815423491, "text": "RT @Juwariyaahh: Ladies pls \ud83d\udc47\n Before getting married, like many other unmarried ladies,I used to think marriage would be all rosy and make\u2026"}, {"author_id": 4821975310, "id": 1494684439724670979, "text": "my life is rosy~ \ud83c\udf39 https://t.co/dN5GZtOuzN"}, {"author_id": 1486184102151999493, "id": 1494669697320910850, "text": "Life is not always rosy, but what we should do is not care about black things. May your new day be filled with joy https://t.co/W03aJYvwk1"}, {"author_id": 77158280, "id": 1494665587875799043, "text": "I never assume I can predict the future. But all of this stuff is about living a better life if time gets though or even if they don't. I will regret none of my decisions even if the future turns out to be rosy."}, {"author_id": 939898123878617088, "id": 1494648106562031634, "text": "@samkebusiness Thank you very much for highlighting. We have bullies who always want to drag others as if life is all about them. In the 80s they were dragging us into Zanu PF as it was rosy for them and now they want to drag us into Chamisa Chete Chete nonsense"}, {"author_id": 1486242096373956609, "id": 1494639995155406849, "text": "Life is not always rosy, but what we should do is not care about black things. May your new day be filled with joy https://t.co/nzkgWyVBCG"}, {"author_id": 1119633629032976385, "id": 1494633308222902274, "text": "@MrOdanz Yes, education is indeed very important but the sector isn't making it rosy and that's coupled with the fact that this generation is birthing lazy ones\nPersonally, I feel your level of education will not matter in few years \nLife is hard on its own; School con tough join..abeg"}, {"author_id": 1062862562256142336, "id": 1494631705390596099, "text": "RT @Juwariyaahh: Ladies pls \ud83d\udc47\n Before getting married, like many other unmarried ladies,I used to think marriage would be all rosy and make\u2026"}, {"author_id": 148328709, "id": 1494617634872369153, "text": "@rajuparulekar A thug\u2019s life is not always rosy."}, {"author_id": 148328709, "id": 1494617495235624962, "text": "@ndtv A thug\u2019s life is not always rosy."}, {"author_id": 1212299388438974465, "id": 1494561026582499332, "text": "A lot are looking for a love story only &amp; not a life/love story. You fall in love with different people in your lifetime but you can\u2019t build a life with all of them. A love story is rosy, has no arguments, comes with endless admiration, gifts, perfect bodies. https://t.co/27bjTqd3Kg"}, {"author_id": 1242590587397853185, "id": 1494548501614809109, "text": "@AOC AOC is going to tell you how everything is rosy while she lives the good life. Bottomline check your gas &amp; groceries prices, the more Gov\u2019t taxpayers money is given to illegals Less for American citizens in the long run. America can go broke if free money keeps pouring out."}, {"author_id": 1369889069271023616, "id": 1494539656033099818, "text": "@snowflakehunt14 \u201cYou\u2019re right, life can\u2019t always be rosy.\n\nBut we\u2019ve had 2 years to flatten the curve. \n\nLife can\u2019t be all sunshine. But it shouldn\u2019t be all rain either.\n\nWhat kind of compromise can we come to that respects your feeling and also parents who feel enough is enough re: masking?\u201d"}, {"author_id": 1027694827381645312, "id": 1494538685659897879, "text": "RT @Juwariyaahh: Ladies pls \ud83d\udc47\n Before getting married, like many other unmarried ladies,I used to think marriage would be all rosy and make\u2026"}, {"author_id": 703566910554824704, "id": 1494398711308292103, "text": "No matter what rosy image this admin is trying to paint, we are becoming lawless in this country. Republicans are ruining our quality of life in America. We need to remove them from our government at every level. I can't see this country healing any time soon. It's horrifying! https://t.co/fnseFvLSTq"}, {"author_id": 883579060068249600, "id": 1494375192478597122, "text": "@ago_rosy @Yasmeenwael123 They both have their own experience and point of view of life, Zehra is an anxious person who like to be sure and in control Serder is more of taking risks kinda person which is why they express their love differently"}, {"author_id": 1486242958513143810, "id": 1494369454113042432, "text": "@gokhshteinmedia @BabesCryptoland @RemnantsNFT Life is not always rosy, but what we should do is not care about black things. May your new day be filled with joy https://t.co/r7yyTayJPR"}, {"author_id": 1252223310, "id": 1494322056980152327, "text": "@RosieAverett That is why I love your name so much\nIt means so much more \n\u201cLife is Rosy, (life is good)\nSo Rosy Ave means the good life !\nNot sure if that\u2019s why it\u2019s your name but that\u2019s how it translates to me \nIt\u2019s perfect \ud83e\udd29"}, {"author_id": 1313880386066415621, "id": 1494320878951141379, "text": "today is the birthday of our sunny boy, our hope. I hope that in his life everything will be only bright and rosy, and he will be happy\ud83d\udc9c\ud83d\udc9cI LOVE YOU \ud83d\udc9c\u2764\ufe0f\n#AlwaysByYourSideJhope #HopeRightHere #HappyBirthdayJhope https://t.co/VynX5Y1qoO"}, {"author_id": 1435360953307181056, "id": 1494292908975005700, "text": "RT @Juwariyaahh: Ladies pls \ud83d\udc47\n Before getting married, like many other unmarried ladies,I used to think marriage would be all rosy and make\u2026"}, {"author_id": 871881320422666244, "id": 1494277681965408258, "text": "RT @vietnam_chanifa: My mother told me that I love boys, but my mother also likes him, not only Vietnamese actors. I just like him, I don't\u2026"}, {"author_id": 1448408659692638209, "id": 1494268201336975364, "text": "My mother told me that I love boys, but my mother also likes him, not only Vietnamese actors. I just like him, I don't like anyone. Without knowing him, maybe my life is not rosy but only black. Hope he comes back as the male lead \u2764\ud83d\ude22 #SF9 #Chani #StayStrongChani @SF9official https://t.co/VJUuKNxikX"}, {"author_id": 1154284700107792385, "id": 1494262772233814016, "text": "@peej1312 @dalvret @troychewning @TangZC4 @MKUltraMoney Rich history? How mundane...\nGreat food? Hope you enjoy tortured animals butchered alive then left unrefrigerated and fried in gutter oil. \n\nStop making out their world out to be something that it is not. Life isn't so rosy there."}, {"author_id": 1452465979007676428, "id": 1494260296298369025, "text": "My life is rosy"}, {"author_id": 1485913698640474118, "id": 1494260258075975684, "text": "@vault_hill @blackeyegalaxy_ Life is not always rosy, but what we should do is not care about black things. May your new day be filled with joy https://t.co/5F9EQvwWkp"}, {"author_id": 1406843390415708171, "id": 1494227917622054913, "text": "RT @EAnjuK: @TimesNow #sanjivBhat , in the rosy days of KhanChris called CM Modi as a \"common criminal\" on a national channel.\nLife has tur\u2026"}, {"author_id": 1426776226727829504, "id": 1494226990676656128, "text": "@TimesNow #sanjivBhat , in the rosy days of KhanChris called CM Modi as a \"common criminal\" on a national channel.\nLife has turned into a hell for him since then. He is a forgotten entity today. Strange are the ways of fate.\n@bains7575 @Aashi_sanatani\n@BrindaAdige\n@Savitritvs @rashidkk"}, {"author_id": 713020069, "id": 1494212574379970566, "text": "@SeunfunmiFash @Yettyclassy This guy says curtains are too stressful to wash\ud83d\ude4a. Your name alone is beckons Divine assistance. Let's talk about Stress sef. Is life rosy? Is it not stressful? Why haven't you committed suicide yet bruh? But nooooo, you're still here, eating Amala.."}, {"author_id": 2689024184, "id": 1494168304667308032, "text": "RT @DeShetoe001: Don't expect a Rosy rosy day through out all your life . Thorny days do come\nAccept them :\nAnd love is not always about fo\u2026"}, {"author_id": 1410494617687035905, "id": 1494118837448585218, "text": "RT @DavidPr70117773: @RosePagaduan2 @jamielcantu @Mariita9147 @RoseAmeli1 @1DevoAgopla @Ccangelsing @MildredOQuin1 @nancy757366841 @Aidan52\u2026"}, {"author_id": 2929058451, "id": 1494118353325244419, "text": "RT @DavidPr70117773: @RosePagaduan2 @jamielcantu @Mariita9147 @RoseAmeli1 @1DevoAgopla @Ccangelsing @MildredOQuin1 @nancy757366841 @Aidan52\u2026"}, {"author_id": 1465552121957257216, "id": 1494106884374097920, "text": "My life is rosy"}, {"author_id": 2597203685, "id": 1494086207726399488, "text": "RT @Juwariyaahh: Ladies pls \ud83d\udc47\n Before getting married, like many other unmarried ladies,I used to think marriage would be all rosy and make\u2026"}, {"author_id": 1457262431344988162, "id": 1494071963987369990, "text": "@rosy_farts @Donnan_S Because I've seen lots of mutuals interact with him before when he leaves and comes back onto Twitter.\n\nI have no idea who this person is, is he supposed to be famous or something, are strangers supposed to know the ins and outs of his life\n\nRegardless, I don't know anything 1/2"}, {"author_id": 1180282392931704835, "id": 1494063861078573062, "text": "RT @Ayinuowo1: @muhdfeyi Your question is not complete \n\nIt's suppose to be \" How is life in Nigeria \"\n\nNigeria government is not making li\u2026"}, {"author_id": 211979409, "id": 1494051261376778244, "text": "@angharadmprice @drp297 @RTBSociety @LegalNewsHQ I wouldn\u2019t change my own, unconventional career path for the world. Maybe a couple of months of it  but then life\u2019s never rosy, is it? And I still learned from a terrible experience!"}, {"author_id": 4665001987, "id": 1494023269527089152, "text": "RT @DavidPr70117773: @RosePagaduan2 @jamielcantu @Mariita9147 @RoseAmeli1 @1DevoAgopla @Ccangelsing @MildredOQuin1 @nancy757366841 @Aidan52\u2026"}, {"author_id": 412488217, "id": 1493966600323616775, "text": "This concept of children being treated harshly or cruelly just because ur life hasn't been all rosy is a prime British fetish https://t.co/7VGKbpdYL0"}, {"author_id": 986587670020329472, "id": 1493955044454158336, "text": "RT @Ayinuowo1: @muhdfeyi Your question is not complete \n\nIt's suppose to be \" How is life in Nigeria \"\n\nNigeria government is not making li\u2026"}, {"author_id": 382050587, "id": 1493944281630916608, "text": "RT @Juwariyaahh: Ladies pls \ud83d\udc47\n Before getting married, like many other unmarried ladies,I used to think marriage would be all rosy and make\u2026"}, {"author_id": 1299824083903950854, "id": 1493941002465337346, "text": "RT @pjmingel: people around me keep on asking me why i'm smiling that much. leave me alone the man of my life just posted his first selca o\u2026"}, {"author_id": 1176001669009760257, "id": 1493924985919975424, "text": "Don't expect a Rosy rosy day through out all your life . Thorny days do come\nAccept them :\nAnd love is not always about focusing on each other but having a common goal. \n-------\u270d\ufe0f\u270d\ufe0f\u270d\ufe0f"}, {"author_id": 3346827844, "id": 1493920083151835141, "text": "@muhdfeyi Your question is not complete \n\nIt's suppose to be \" How is life in Nigeria \"\n\nNigeria government is not making life rosy for anybody \n\nIf you no get money na depression and hunger go won kill person \n\nIf you get better money na insecurity go dey treating you\n\nBut we move sha"}, {"author_id": 1485974866469990400, "id": 1493909611451396096, "text": "Life is not always rosy, but what we should do is not care about black things. May your new day be filled with joy https://t.co/Enb2rieLjP"}, {"author_id": 1142429689278947328, "id": 1493876339622903812, "text": "RT @pjmingel: people around me keep on asking me why i'm smiling that much. leave me alone the man of my life just posted his first selca o\u2026"}, {"author_id": 806864796, "id": 1493874152675192839, "text": "Life is so rosy \u2764\ufe0f"}, {"author_id": 127557127, "id": 1493873620942213128, "text": "@lovefay__ @maidilegodi_19 @ImcocoMash So down and lows mean not happy? Isn't that normal in life nje and in relationships? Or must relationships be all rosy for one to be happy? Is that even realistic? C'mon"}, {"author_id": 261808527, "id": 1493843029005799427, "text": "RT @DavidPr70117773: @RosePagaduan2 @jamielcantu @Mariita9147 @RoseAmeli1 @1DevoAgopla @Ccangelsing @MildredOQuin1 @nancy757366841 @Aidan52\u2026"}, {"author_id": 1250034363972157441, "id": 1493841559690825728, "text": "RT @DavidPr70117773: @RosePagaduan2 @jamielcantu @Mariita9147 @RoseAmeli1 @1DevoAgopla @Ccangelsing @MildredOQuin1 @nancy757366841 @Aidan52\u2026"}, {"author_id": 868271828648681472, "id": 1493834138192949252, "text": "RT @DavidPr70117773: @RosePagaduan2 @jamielcantu @Mariita9147 @RoseAmeli1 @1DevoAgopla @Ccangelsing @MildredOQuin1 @nancy757366841 @Aidan52\u2026"}, {"author_id": 1217576693239439361, "id": 1493832741368250369, "text": "@RosePagaduan2 @jamielcantu @Mariita9147 @RoseAmeli1 @1DevoAgopla @Ccangelsing @MildredOQuin1 @nancy757366841 @Aidan52420511 @PBDerbysAtheist @shelli18880432 @DeanoMartino1 @RedeemedofHim @CabanissJimmy @Atheist_1978 @nadsshoes @Marie25885885 @DANIEL388128368 @rhmcelhannon @RoknRob121 @PhilipK47202284 @NathanSollis1 @psychward2626 @johns20014 @emmanuelobi476 @savebygrace71 @MichaVlijmen @Rosario58324309 @beyaself1 @4909_jennifer @810100jn @EliCann1 @danb325366 @DanielsWeek1 @AbkarianVarouj @K_amofah @91Psalms123 @EllahieCooking @GerritKoiter @MimiLovesJesus5 @JonLind35005741 @JIMSTEPHENS12 @MarilynHarden14 @ms_bubble @PotatoFarmUSA @BittrSweetie @brifd @SinnerSalvation @learn2discern1 @Princejacob7777 Yes Rosy it's about Jesus. \nJesus is  only the way\nI am the way, the truth, and the life. No one comes to the father except through me.\u201d\u00a0\nJesus is our Savior\nOur Redeemer\nJesus paid for our sins\nWe are saved through his precious blood https://t.co/pZKtjfTnX3"}, {"author_id": 1485913880744579073, "id": 1493812789718052867, "text": "@ohiszns Life is not always rosy, but what we should do is not care about black things. May your new day be filled with joy https://t.co/Q16WRwMKnu"}, {"author_id": 1146036236802379776, "id": 1493772632352821248, "text": "Pls can we just shut up already about Kanye\u2019s marital issues! Not like ur life is rosy! Pls stfu already! Sh!ts getting annoying now!"}, {"author_id": 1242737819069497345, "id": 1493763306167074817, "text": "Life is tough.\nBut then nobody ever told me it's supposed to be easy.\n\nWe all suffered a lot.\nBut then nobody ever told me it's supposed to be rosy.\n\nLet's not blame anybody, ourselves most of all.\nWe don't need to set ourselves up for a fall."}, {"author_id": 1315466808363642880, "id": 1493753959093522432, "text": "RT @pjmingel: people around me keep on asking me why i'm smiling that much. leave me alone the man of my life just posted his first selca o\u2026"}, {"author_id": 1449061954954350594, "id": 1493752612470116352, "text": "RT @pjmingel: people around me keep on asking me why i'm smiling that much. leave me alone the man of my life just posted his first selca o\u2026"}, {"author_id": 980146133745000449, "id": 1493742860927049729, "text": "@H4HGFund My team is trying to make difference in Palestinian people life, would you please checkout this tweet @Sarahstuckhome @redhawk227 @BusChore @Marti93090824 @patrickcfahey @my_name_is_rosy @DemeuseSusan @hygypt @marcuscmontgo @PHLclub @Amadeostein90"}, {"author_id": 1446378616380551174, "id": 1493717241640239121, "text": "RT @pjmingel: people around me keep on asking me why i'm smiling that much. leave me alone the man of my life just posted his first selca o\u2026"}, {"author_id": 1490259595780001793, "id": 1493676273175916545, "text": "Give me a minute or two to regain my balance before you say anything too fantastic... Imagine, making our way through life, side by side. The whole world has taken on a rosy hue. Ah, it is no use. I cannot stay upright. Please, let me lean on your shoulder."}, {"author_id": 1035127382095482882, "id": 1493662653360656387, "text": "RT @anandstdas: When you're too focused on your rosy future plans, life sends you some sheep and donkeys. Such is life, irresistibly tragic\u2026"}, {"author_id": 1364714918772113410, "id": 1493661370231017472, "text": "RT @pjmingel: people around me keep on asking me why i'm smiling that much. leave me alone the man of my life just posted his first selca o\u2026"}, {"author_id": 1253733649943494663, "id": 1493655598319255553, "text": "my life is rosy"}, {"author_id": 1251324347110825987, "id": 1493650411772907523, "text": "@e_galv Because the \ud83d\udc11 are told what to believe and don\u2019t seek out alternative news sources.  They are too busy with life to realize what is happening and think everything is rosy and will work itself out like it has in history.  It\u2019s so sad to see."}, {"author_id": 1427362099928322058, "id": 1493644345404116993, "text": "RT @anandstdas: When you're too focused on your rosy future plans, life sends you some sheep and donkeys. Such is life, irresistibly tragic\u2026"}, {"author_id": 1452895062254227462, "id": 1493601438676701197, "text": "RT @pjmingel: people around me keep on asking me why i'm smiling that much. leave me alone the man of my life just posted his first selca o\u2026"}, {"author_id": 1331227035553984526, "id": 1493596665416241161, "text": "people around me keep on asking me why i'm smiling that much. leave me alone the man of my life just posted his first selca of 2022, he is happy, smiling cutely, has rosy cheeks, eyes shinning bright, he is doing well and he is absolutely gorgeous. im in love.\nour jimin came home"}]