[{"author_id": 2817034059, "id": 1495263669797769216, "text": "I watched Life with Mikey for the first time in about 28 years. It's weird how much I remembered from seeing it as a kid without realizing. I even still do the Hershey's Kiss thing. https://t.co/BL5AAxy4mp"}, {"author_id": 1468554421328289794, "id": 1495241669427740673, "text": "Mf zen ended his life because jouhana was dead and mire left with mikey (bc she's dumb) bro i \ud83d\uddff"}, {"author_id": 1489958120059244547, "id": 1495135901726519298, "text": "@mendingme @Pr_JT_Sipf @mcmusmc82to85 @pg_turner @KAF_IndyBramble Yeah. Men like him are full of fear &amp; insecurity. It has powerful control of him. Their fear of women is palpable. I won\u2019t waste my time on men like him. The men in my life are mentally/emotionally healthy &amp; are partners with their SO\u2019s. Luckily, ppl like Mikey are a dying breed."}, {"author_id": 1539609848, "id": 1495134549906542594, "text": "What if Takemichi can't change Mikey? \nAnd the only thing he can is offer himself to him. \nAnd stay with him \ud83e\udd14\nIs it #MaiTake #\u30de\u30a4\u6b66 ?\nAnd it's a goodbye to his normal life...\nI'm just rambling"}, {"author_id": 1492660314051162112, "id": 1495105288998957056, "text": "@user00194 i was literal shocked when i saw him saying he will do it alone but then doing that \ud83e\udd72  i think it is important but also how can they put that on the same level with them having a good life except mikey to saving mikey while having their future messed and having some people die"}, {"author_id": 895184496013836288, "id": 1495024037025566721, "text": "All of a sudden, I have a dogged belief that Mikey will died at the end of the story with THAT ICONIC SMILE and will said something like \"Thanks guys, I live a decent  life\" and blablablabla."}, {"author_id": 1438171795476070400, "id": 1494999049954467842, "text": "Mikey said, 'All my life I have been suffering'. If you suffer then fight with all your strenght, don't make mistakes. I want to be with Mikey."}, {"author_id": 1466295602745126913, "id": 1494921978960125953, "text": "I've been a #24 fan all my life but to me, it's always pained me to see how it affected Mikey. Mikey is just a great guy with good intentions and a big heart who had a fantastic friendship with The Intimidator. https://t.co/NF9SZyPJ9X"}, {"author_id": 1390482147010437125, "id": 1494862094151213058, "text": "Canyon runs with Mikey and Eric tonight and I\u2019m sitting passenger with Mikey little scared for my life..."}, {"author_id": 1220812410795237376, "id": 1494790260609400838, "text": "@mariana057 Life cereal with Mikey."}, {"author_id": 597399391, "id": 1494683757793759238, "text": "@Mike_Pence Under trump administration, your life was under threat with people outside the capital wanting to hang you for you going against their election loosing sitting duck, but still you stay loyal. Best sit this one out with mother Mikey."}, {"author_id": 24959979, "id": 1494557506558853122, "text": "@SenMikeLee Let\u2019s talk freedom Mikey\u2026Get your nose out of our uteruses! Let women decide what\u2019s right 4 their bodies! IF NOT, maybe women should get involved with mens access to testosterone &amp; ED medications! Do U want limp penises 4 life?"}, {"author_id": 1046663771941490689, "id": 1494459630638051330, "text": "@Ladiesman992 @labydeta Mikey has trained his entire life in martial arts and is a know prodigy for fighting ability. No powers and just strict hand to hand human vs Human by no means does Erin just stomp lmao. Mikey is the more skilled fighter. But with powers or swords yeah Eren wins"}, {"author_id": 1071358541020057601, "id": 1494411377121042432, "text": "@RDSBarath Kinda ties in with what Mikey said on your pod. Guys done it all it\u2019s now about setting his family up for life"}, {"author_id": 1438171795476070400, "id": 1494321223458713604, "text": "Mikey said, 'All my life I have been suffering'. If you suffer then fight with all your strenght, don't make mistakes. I want to be with Mikey."}, {"author_id": 1043865369155383296, "id": 1494164981239230465, "text": "Michael J. Fox and Nathan Lane in Life with Mikey (1993) https://t.co/3q8B3lLoU1"}, {"author_id": 3163056812, "id": 1494136686061649924, "text": "@Jonathanest90s @tonygoldmark @ThemeSnark @TheRLKing @Tricksterbelle First \"Life With Mikey,\" now this"}, {"author_id": 895759862746857472, "id": 1494088123189452813, "text": "like marriage is antiquated concept but the way mikey takes care of me when im sick\u2026.i literally can\u2019t imagine not spending my life with him forever"}, {"author_id": 965317679094681601, "id": 1494081164289757184, "text": "Mikey, I'm still not sure why you continue to choose me but I'm so thankful you do! Thank you for being the father of my kids, my best friend, my happy place, my safe place. Thank you for sharing your life with me and allowing me to share mine with you. \nI love you!"}, {"author_id": 1352568700159873025, "id": 1494059289257861120, "text": "RT @mikeypoulli: My name is Mikey and I\u2019m 8yrs old. I was blinded at 7yrs old due to a rare eye disease. Football has always been my passio\u2026"}, {"author_id": 1111966520, "id": 1494039578067439616, "text": "@kbiegel Biopic of Mikey from the Life cereal commercials, complete with the rumor that he died bc his stomach exploded when he chased down pop rocks with coca cola"}, {"author_id": 1203581333504712705, "id": 1493986864419778562, "text": "@peljswife Is that Mikey eating a bowl of Armor Hotdogs with Chuck Wagon gravy? He sure has a good Life."}, {"author_id": 351720072, "id": 1493983519382585345, "text": "I definitely remember being leery of Pop Rocks because Mikey from Life cereal commercials downed Pop Rocks with a Coke and his stomach exploded. https://t.co/MNSabVfD2K"}, {"author_id": 1492162091352006661, "id": 1493983044927213571, "text": "@Super70sSports @hajjarjason1 There was an urban legend that Mikey from the Life cereal commercial died from Cosmic Candy combined with a soda.  lol"}, {"author_id": 1110671599085277184, "id": 1493982669658542084, "text": "Besties for life. Do u hear me? I need future smiling Mikey with Michi ahhhhhhhh."}, {"author_id": 189178525, "id": 1493982200093622281, "text": "The big rumor at the time was that Mikey, the kid in the \"Life\" Cereal TV spots, had died from washing down a handful of Pop Rocks with can of Pepsi. https://t.co/ckdpRBWZzw"}, {"author_id": 817076655848062976, "id": 1493916485504413697, "text": "Saw the life commercial with Mikey lots of times. So yes l\u2019m old \ud83e\udd23\ud83e\udd23 https://t.co/pa49A5msd5"}, {"author_id": 1472142414634704902, "id": 1493745197208850444, "text": "@unpeaky @Volxris mikey would have an ig with the same photos and 1300 followers but i mean go off i guess whatever makes your pathetic life better girly https://t.co/zCM6UdZ9Gm"}, {"author_id": 1314354425142620162, "id": 1493699077992857603, "text": "@chainlink @0xSami_ @mikey_milken @tjdunham5 Honestly I really want to appreciate @theTaloncrypto who has brought so much light into my life in a small period of time, I started investing with a minimum $5,000 &amp; now I've earned up to $30,000 on a weekly basic I can't thank you enough @theTaloncrypto"}, {"author_id": 1456646144415698949, "id": 1493669163495268371, "text": "i can't believe draken died for nothing, because of this useless WORM, and his stans had the nerve to attack me for saying he deserved to die instead... but i stand by that cause i'm right! if not a life with mikey, draken deserved the next best thing, not this. fuck michi https://t.co/WTFeVqI7IF"}, {"author_id": 1416956332238725124, "id": 1493388665141166083, "text": "@asmossneakylink i always watched it with my little cousin mikey has been my favorite mywhole life"}, {"author_id": 285643981, "id": 1493377222899609602, "text": "No one else I\u2019d rather walk through the rest of my life with than you (obviously we\u2019ll be walking Mikey). Happy Valentines Day LJ @curly.girl.cookies https://t.co/W4920VOmp3 https://t.co/hcDprvzfnv"}, {"author_id": 1430410527117922306, "id": 1493319874659168256, "text": "The moment Mikey learns that Takemichi already has a girlfriend would be something to see. Mikey feeling giddy ov\u2026 \u2014 oof \ud83d\udc41\ufe0f\ud83d\udc41\ufe0f\ud83d\udd25\nmikey discovering that michi is the one she wants to spend her life with bc she's never felt that wa\u2026 https://t.co/02ADiE7i2a"}, {"author_id": 24959979, "id": 1493313300234260480, "text": "@SenMikeLee If the \u201cIRS should never be Big Brother\u201d, let\u2019s talk freedom Mikey\u2026Get your nose out of our uteruses! Let women decide what\u2019s right 4 their bodies! IF NOT, maybe women should get involved with mens access to testosterone &amp; ED medications! Do U want limp penises 4 life?"}, {"author_id": 1491844308038832138, "id": 1493310419057971200, "text": "@LewisHamilton F1 DOES NOT DESERVE YOU....wishing you could dump this hypocrisy and carry on with your life, let them manufacture mikey mouse champions every year ..."}, {"author_id": 1460881955210539011, "id": 1493257461834256385, "text": "Aka slice of life where michi is cute when whiny and impatient so mikey purposefully waits until the very end of the day to ask mitchy to drive to the river with him to give his gift. Its a pair of sun and moon keychains for their bike keys."}, {"author_id": 1440100320395268098, "id": 1493252742177079305, "text": "@jgent15 I mean Joe has been sacked 109 times in 30 games.That is David Klinger PTSD for life area shit.With the worst line of any playoff team this century Burrow almost wins a Super Bowl. It aint hard Mikey sign 2 stud lineman."}, {"author_id": 1480650087235829771, "id": 1493189270336688130, "text": "Is laying in his room, staring at the ceiling. \n\nWhat even is today? \n\nHe doesn\u2019t know. \n\nMikey stopped keeping up with the days after he left his old life behind."}, {"author_id": 1438171795476070400, "id": 1493157042982322176, "text": "Mikey said, 'All my life I have been suffering'. If you suffer then fight with all your strenght, don't make mistakes. I want to be with Mikey."}, {"author_id": 1441472986519728144, "id": 1493153035937329153, "text": "`` alright alright, no need to\n     Cry, ill just walk with you then ``\n\nHe was determined \n   But to do what exactly?\n      Scare her? K\u00a1ll her? No\n   He wanted to get back\nAt mikey but not like\n   That. He wanted to ruin\n     Mikeys all so much perfect\n   Life, he hated it-- https://t.co/U76JcslEut"}, {"author_id": 1085778945369239553, "id": 1493094579096092672, "text": "RT @bajicult: i just love how takemichi could have enjoyed a happy life with hina but still decided to risk it all for mikey"}, {"author_id": 1430085353625423872, "id": 1493054128347439109, "text": "\u2013\u2013 @burxka \n\nMuffins are the only things he knows how to bake at this point in his life, handing Mikey a crude-looking raspberry muffin with a huff. \n\n\" Don't laugh. \" https://t.co/ccNU20dPUP"}, {"author_id": 1186802355804786689, "id": 1493030328331603969, "text": "traveled back to the future. And the sad thing is, Takemichi remembers his life with Mikey as he dies in his arms. It was bittersweet. Dying in the arms of the one he finally got to protect. All this time, he was doing what he was meant to do, and he couldn\u2019t have been happier."}, {"author_id": 1007416598448295938, "id": 1492898649545793546, "text": "@Kaechan00 the only difference is that i will fight mikey enemies and defend him with my life :)))"}, {"author_id": 883664584225075202, "id": 1492789073974788097, "text": "@Gaylilintrovert ahahahah I oil paint a lot, it jsut take lots of practice! but I swear it will actually look like Mikey when I finish it, I chose a pic with wacky proportions just to make my life a living hell apparently haha"}, {"author_id": 1438171795476070400, "id": 1492764433960947715, "text": "Mikey said, 'All my life I have been suffering'. If you suffer then fight with all your strenght, don't make mistakes. I want to be with Mikey."}]