[{"author_id": 1460987519244193799, "id": 1495239157320278018, "text": "@Robert4787 Little Lord Fauntleroy"}, {"author_id": 823333543648645120, "id": 1495216066099822596, "text": "RT @JetsenSunday: @JDVancePress @JDVance1 Little lord Fauntleroy wants to play big boy politics and still talks like a corporate consultant."}, {"author_id": 1324412063897120768, "id": 1495198851803713543, "text": "@JDVancePress @JDVance1 Little lord Fauntleroy wants to play big boy politics and still talks like a corporate consultant."}, {"author_id": 1434266009427394566, "id": 1495187537484263424, "text": "@JETGOP @ACTBrigitte Yeah the Little Lord Fauntleroy look he rocks is pretty fn sexy \ud83e\udd26\ud83c\udffc\u200d\u2640\ufe0f\ud83d\ude44"}, {"author_id": 78697934, "id": 1495163359259287556, "text": "Little Lord Fauntleroy lookin ass https://t.co/CDIa9oVeDQ"}, {"author_id": 61558830, "id": 1495150264382332932, "text": "RT @JohnShort70: @darrengrimes_ Darren Grimes' dress sense... Little Lord Fauntleroy went to Ede &amp; Ravenscroft kid's seconds... https://t.c\u2026"}, {"author_id": 1277613121411125249, "id": 1495081257503543296, "text": "@jefftimmer Little Lord Fauntleroy"}, {"author_id": 1335792424724074499, "id": 1495072204274520072, "text": "@SDR_Writer @TDTherrien He thinks he\u2019s Little Lord Fauntleroy already! Actually he\u2019s a big floofy gentleman, very sweet and smart"}, {"author_id": 14564603, "id": 1495053559741698058, "text": "@richardmarx Is that Little Lord Fauntleroy? Or is it The Little Prince? Isn\u2019t he precious?"}, {"author_id": 3368697501, "id": 1495014042871615489, "text": "Little Lord Fauntleroy (1936) Drama, \nFamily Full Length Film\n1,289,604 views\nhttps://t.co/9k2VMdesKX"}, {"author_id": 65943167, "id": 1495007341053452294, "text": "@Acyn Little Lord Fauntleroy must have gotten his fefes hurt to be so viciously striking out at his favorite target of his misogynistic being."}, {"author_id": 22361496, "id": 1495006644668932096, "text": "RT @bitterkarella: My sister keeps interviewing for copywriting jobs and having weird ass small business tyrants tell her \"we found someone\u2026"}, {"author_id": 861696753493397504, "id": 1494950635992539138, "text": "@richardmarx @oprman \u2018Little Lord Fauntleroy 2.0\u2019"}, {"author_id": 1435705672897757185, "id": 1494937797777453059, "text": "Damn, not to get too little lord fauntleroy about it but the only movie that ever gave me nightmares was Amadeus \ud83d\ude10 Bedlam hospital and mass graves, man, p unchill https://t.co/i4h1lorq1f"}, {"author_id": 4036659973, "id": 1494925867599892482, "text": "@dubsndoo Justin \"Little Sock Lord Fauntleroy\"\nTrudeau."}, {"author_id": 1087484749365547008, "id": 1494919619899015170, "text": "RT @bitterkarella: My sister keeps interviewing for copywriting jobs and having weird ass small business tyrants tell her \"we found someone\u2026"}, {"author_id": 14941817, "id": 1494892461931565057, "text": "RT @bitterkarella: My sister keeps interviewing for copywriting jobs and having weird ass small business tyrants tell her \"we found someone\u2026"}, {"author_id": 1263298968923987968, "id": 1494887867499233283, "text": "RT @bitterkarella: My sister keeps interviewing for copywriting jobs and having weird ass small business tyrants tell her \"we found someone\u2026"}, {"author_id": 632963726, "id": 1494887681859358724, "text": "RT @bitterkarella: My sister keeps interviewing for copywriting jobs and having weird ass small business tyrants tell her \"we found someone\u2026"}, {"author_id": 894304177223905280, "id": 1494886559308398593, "text": "@bitterkarella @benedict_rs so someone who owns a firm that does copywriting absolutely doesn't need a copywriter, and *does* need a nanny for their 3 little lord fauntleroy kids, but has to post a job opening for one and none for the other (or they'd have to pay over the table)"}, {"author_id": 217123504, "id": 1494886498008715265, "text": "RT @bitterkarella: My sister keeps interviewing for copywriting jobs and having weird ass small business tyrants tell her \"we found someone\u2026"}, {"author_id": 866741827, "id": 1494885966049202183, "text": "RT @bitterkarella: My sister keeps interviewing for copywriting jobs and having weird ass small business tyrants tell her \"we found someone\u2026"}, {"author_id": 1472569190016036867, "id": 1494884651088986115, "text": "@TwerpVancouver @CandiceMalcolm @TrueNorthCentre If little lord Fauntleroy ever ends it."}, {"author_id": 19317636, "id": 1494883677980872706, "text": "RT @bitterkarella: My sister keeps interviewing for copywriting jobs and having weird ass small business tyrants tell her \"we found someone\u2026"}, {"author_id": 22429026, "id": 1494882915687317506, "text": "Oh, so this politician cares about Freeport's wrestlers...oh wait, no, this immature Little Lord Fauntleroy only cares about masks. https://t.co/7Jbv5gDLAR"}, {"author_id": 945462369681051649, "id": 1494881922467700736, "text": "@BigB_769099 @AOC She should beat Little Lord Fauntleroy\u2019s ass with a shoe.\n\nThat\u2018s about all that twerp deserves."}, {"author_id": 1400967998429614080, "id": 1494876752883167236, "text": "RT @EvelynLouise8: Someone referred to Trudeau as Little Lord Fauntleroy and I can't stop laughing."}, {"author_id": 823172339680546816, "id": 1494867141417394177, "text": "@AOC Little Lord Fauntleroy Carlson, doubt he ever washed a dish in his life, the tribune of the workin' man."}, {"author_id": 1973904198, "id": 1494847930687053824, "text": "@ElectionWiz Been saying that from the beginning- the protest was good theater, but you want actual pressure applied? Just call in sick for a week or two (if you can)- that will produce infinitely more results, and Little Lord Fauntleroy won't be able to act like he has any fucking power."}, {"author_id": 1224098095325241345, "id": 1494831513787109376, "text": "@kenolin1 @CMargaronis Little Lord Fauntleroy is pitching a little fit.  Oh well."}, {"author_id": 2842850209, "id": 1494824914435465217, "text": "RT @bitterkarella: My sister keeps interviewing for copywriting jobs and having weird ass small business tyrants tell her \"we found someone\u2026"}, {"author_id": 14156602, "id": 1494807379954712576, "text": "RT @bitterkarella: My sister keeps interviewing for copywriting jobs and having weird ass small business tyrants tell her \"we found someone\u2026"}, {"author_id": 340651511, "id": 1494804781738594305, "text": "RT @bitterkarella: My sister keeps interviewing for copywriting jobs and having weird ass small business tyrants tell her \"we found someone\u2026"}, {"author_id": 3178406655, "id": 1494790469326413840, "text": "the last time i heard the sentence \"I'll be jiggered\" was watching/reading \"little lord Fauntleroy\"\nwhich is a stunning snark fest of a book  \n #DeathInParadise"}, {"author_id": 96606958, "id": 1494786479121321987, "text": "My sister keeps interviewing for copywriting jobs and having weird ass small business tyrants tell her \"we found someone else for the job, but would you like to be a nanny for my 3 little lord fauntleroy children?\" is this a normal thing? anyone else have this experience?"}, {"author_id": 217842180, "id": 1494769403946283011, "text": "@AliceLSkye @jascvkne @YouTube Love the video , but 12in single wise I personally prefer Come to Daddy\" (Little Lord Fauntleroy Mix)"}, {"author_id": 216189840, "id": 1494736105651900416, "text": "@darrengrimes_ Darren Grimes' dress sense... Little Lord Fauntleroy went to Ede &amp; Ravenscroft kid's seconds... https://t.co/dwzm1NpAfj"}, {"author_id": 1311473161326612487, "id": 1494644341775552518, "text": "Little Lord Fauntleroy Getty suckling @GavinNewsom is desperate to control the narrative. https://t.co/lI8ib4A5s3"}, {"author_id": 211277742, "id": 1494605494149091330, "text": "@shaunmicallef Why can't people be more like Little Lord Fauntleroy?"}, {"author_id": 1188955261903482881, "id": 1494585474375168012, "text": "@Patrick66013298 My brown driver will be ferrying me into Global Towers. I sit in the back reading the Daily Mail. A little Lord Fauntleroy, if you will."}, {"author_id": 738569794530607108, "id": 1494573574962974720, "text": "@shaunmicallef This from 'Little Lord Fauntleroy' the most whiny nasally sounding privileged little twerps in Australian political history."}, {"author_id": 4036659973, "id": 1494558953186807808, "text": "@zsazsa235 Little Sock Lord Fauntleroy.\nMan-child Justin Trudeau.\n\nLet's! go Justin."}, {"author_id": 1153344999041449984, "id": 1494525672907329538, "text": "YEP - the Little LORD FAUNTLEROY of POLITICS Strikes Again!!...He really is A MAN OF THE PEOPLE you know and those who think he's an ENTITLED TOFFEE NOSED TWIT of the HIGHEST ORDER...are just JEALOUS of his TOP HAT &amp; MONOCLE &amp; the fact that NANNY still TUCKS him into Bed!\ud83d\udca9\ud83d\ude21\ud83e\udd2c https://t.co/47zH2sqBdI"}, {"author_id": 992399150833483779, "id": 1494521527328559106, "text": "@Tim_Org Little Lord Fauntleroy is horribly miffed that his would-be serfs failed to thank his grace for allowing his shadow to fall upon their unworthy beings. Rather! https://t.co/ngrqtmCBRy"}, {"author_id": 16131482, "id": 1494508541914148865, "text": "@DutchessWoodall Certainly it was one of Frances Hodgson Burnett's books, possibly Little Lord Fauntleroy but once I read A Little Princess the first time, I pretty much didn't stop rereading it for a few years."}, {"author_id": 592919518, "id": 1494500768409427975, "text": "@OF4Democracy @RevManda @sheologian @Tim_Org I'd advise them to find unionized work, so they don't have to play servant caste to some little Lord Fauntleroy who got hired into HR in his daddy's meritocracy."}, {"author_id": 2150644940, "id": 1494391701011636233, "text": "RT @EvelynLouise8: Someone referred to Trudeau as Little Lord Fauntleroy and I can't stop laughing."}, {"author_id": 65045797, "id": 1494377823615819776, "text": "@FemmeLoves Children have long been able to deal with drag. Have you never been to a pantomime? Shakespeare's plays were typically performed by all-male cast. It's just clothes and performance. You're born naked the rest of life is drag. I always fancied being Little Lord Fauntleroy. Chill. https://t.co/s6GIK23Jkk"}, {"author_id": 37341701, "id": 1494357651454521344, "text": "@fujiwaraarmbar It is very plainly an advertisement for the latest boys puffy coats and little lord Fauntleroy suits"}, {"author_id": 277810106, "id": 1494344555700883459, "text": "RT @EvelynLouise8: Someone referred to Trudeau as Little Lord Fauntleroy and I can't stop laughing."}, {"author_id": 1082030719, "id": 1494344492593278979, "text": "RT @EvelynLouise8: Someone referred to Trudeau as Little Lord Fauntleroy and I can't stop laughing."}, {"author_id": 1482621001783562244, "id": 1494328430594199561, "text": "@PeterStefanovi2 @Jacob_Rees_Mogg It's just a game to Little Lord Fauntleroy!!!!"}, {"author_id": 1312513793331617793, "id": 1494288404267159560, "text": "@katemarroquin Oh c'mon... I'm sure little lord fauntleroy is fun in an Adelaide kind of way \n\nI hear he does some fully sick burnouts https://t.co/rXbkMiqQ0S"}, {"author_id": 443810476, "id": 1494266866839298054, "text": "@NicholasTyrone @charliebrooker9 Little Lord Fauntleroy attempts to gaslight."}, {"author_id": 1339230539262218240, "id": 1494254568951070721, "text": "RT @EvelynLouise8: Someone referred to Trudeau as Little Lord Fauntleroy and I can't stop laughing."}, {"author_id": 2952765842, "id": 1494206670293008385, "text": "@TammyEnright After seeing the classic move, \u201cLittle Lord Fauntleroy\u201d, I\u2019ve wanted to name a distinguished dog \u201cDougal \u201c after the one in the movie."}, {"author_id": 105038153, "id": 1494196394399125506, "text": "@MikeCarlton01 Go easy Mike Little Lord Fauntleroy is still getting skin grafts after PJKs sick parliamentary burns.  It's not every day one gets called out for lacking:\nBrains\nJudgement\nStrength\nHonesty\n&amp; called a salmon that jumps on the hook https://t.co/ZkjZtJnFl8"}, {"author_id": 1261075882866651137, "id": 1494178439661719552, "text": "RT @EvelynLouise8: Someone referred to Trudeau as Little Lord Fauntleroy and I can't stop laughing."}, {"author_id": 1375678007617200130, "id": 1494167798398046210, "text": "@pnjaban @megynkelly Trudeau is the most effeminate little tyrant I've ever seen. He's like Little Lord Fauntleroy in a pants suit."}, {"author_id": 817969920, "id": 1494156722356867078, "text": "RT @EvelynLouise8: Someone referred to Trudeau as Little Lord Fauntleroy and I can't stop laughing."}, {"author_id": 105038153, "id": 1494154160991715330, "text": "@AlexanderDowner Without Little Lord Fauntleroy, we wouldn't have had PJKs  greatest parliamentary slapdown of all time...the salmon that jumps on the hook. Unlike your stale, pale, male whining, it never gets old."}, {"author_id": 957677123941974016, "id": 1494142384120074245, "text": "RT @EvelynLouise8: Someone referred to Trudeau as Little Lord Fauntleroy and I can't stop laughing."}, {"author_id": 1202324233, "id": 1494138465641926657, "text": "RT @EvelynLouise8: Someone referred to Trudeau as Little Lord Fauntleroy and I can't stop laughing."}, {"author_id": 19453476, "id": 1494137591225978880, "text": "RT @EvelynLouise8: Someone referred to Trudeau as Little Lord Fauntleroy and I can't stop laughing."}, {"author_id": 629884158, "id": 1494137306239967238, "text": "RT @EvelynLouise8: Someone referred to Trudeau as Little Lord Fauntleroy and I can't stop laughing."}, {"author_id": 866490493223419904, "id": 1494127570996006914, "text": "@TheFreds Little lord Fauntleroy himself"}, {"author_id": 17482817, "id": 1494127070384771072, "text": "RT @EvelynLouise8: Someone referred to Trudeau as Little Lord Fauntleroy and I can't stop laughing."}, {"author_id": 868172778758852608, "id": 1494126628636545026, "text": "Someone referred to Trudeau as Little Lord Fauntleroy and I can't stop laughing."}, {"author_id": 1254901965898895366, "id": 1494114859251818501, "text": "@RonFilipkowski Little Lord Fauntleroy"}, {"author_id": 3145448946, "id": 1494070545360596998, "text": "I mean, you dress up a guy who already looks and sounds like a weenie in a full Little Lord Fauntleroy outfit and expect anyone to respect what he says? Good luck."}, {"author_id": 1428521228, "id": 1494042679939788803, "text": "She will have her son dressed up like Little Lord Fauntleroy\n\n#chihuahua #chihuahuasofinstagram #chihuahualife #pawfectmatchrescue #dogsofinstagram #dogsofig #pet #petlife #petsofinstagram #banfiieldofdurham #banfield #banfieldlife #dogmom https://t.co/BJ8HSusyG3"}, {"author_id": 381070064, "id": 1494026701201936394, "text": "After Frances Hodgson Burnett published 'Little Lord Fauntleroy' in 1885 it was fashionable to pose little boys with ringlets and lace collars.I love that in spite of the ringlets his boots  are undermining the look. https://t.co/lrvv8Vll6k"}, {"author_id": 1249184067234476034, "id": 1494011119387693063, "text": "@DaddyDimmuTv Hold up how did a 17th century English little Lord Fauntleroy get in this picture!!! \ud83d\ude02"}, {"author_id": 825663305725390848, "id": 1493999568144547846, "text": "@PhilHornsby1 Dear Lord Fauntleroy,\nThere's this thing called free speech.  I know it was invented long after your time but i think you might need to have a little read-up on it..."}, {"author_id": 944262001899040770, "id": 1493914558620061700, "text": "Hellboy versus Little Lord Fauntleroy versus Uncle Scrooge"}, {"author_id": 3023319427, "id": 1493810430380163072, "text": "tryna be carbon friendly YOU UAVE FOUR FRIDGES RUNNING 24/7. what\u2019s your yard looking like little lord fauntleroy? probably sparse and pristine like a golf course, huh?"}, {"author_id": 239509237, "id": 1493788764849590273, "text": "@RadioFreeTom Bravo,Nichols. It\u2019s always been clear that right below his wannabe pundit performance is a Little Lord Fauntleroy terrified the popular boys at boarding school won\u2019t like him. His most revealing moment? When he struggled to save himself as Jon Stewart tore him apart on Crossfire."}, {"author_id": 2856133189, "id": 1493755588056174592, "text": "RT @Rowdy__One: @richardmarx Oh shut up Little Lord Fauntleroy. Does this make Ricky Schroeder the Scott Baio of Kirk Camerons? Or the Kirk\u2026"}, {"author_id": 3539178315, "id": 1493747543787950084, "text": "Justin #Trudeau as a child. Still the same little lord #Fauntleroy https://t.co/4fQqDXMpFW"}, {"author_id": 839014454, "id": 1493742929189343236, "text": "Check out Little Lord Fauntleroy Trudeau\u2019s tweet\u2026..dated 2012! https://t.co/eRQfqzADM9"}, {"author_id": 1481676780641660937, "id": 1493725626972336130, "text": "@CKNW Nobody cares.  Focus on Little Lord Fauntleroy, everything they warned is Trump would be. https://t.co/RmGtFzh07z"}, {"author_id": 1240556619227901952, "id": 1493721816820506624, "text": "Nerd 'bullied and harassed' for wearing 'Little Lord Fauntleroy'-style crushed-velvet suit with short pants and hat with giant crimson bow to school every single day https://t.co/YaySwZR8cS"}, {"author_id": 154597994, "id": 1493702015515508759, "text": "@leebtog @SilverDraws Little Lord Fauntleroy!"}, {"author_id": 800938005682798592, "id": 1493678463487782921, "text": "@MirrorFootball Piers Morgan, the little Lord Fauntleroy who\u2019s more infamous than famous."}, {"author_id": 199792883, "id": 1493671499479367689, "text": "Hey Rees-Mogg you little Lord Fauntleroy fecker, I have found a #Brexitopportunity for you https://t.co/WLajJ9SVFU"}, {"author_id": 1481676780641660937, "id": 1493667821196230658, "text": "@duncandee Little lord Fauntleroy https://t.co/4FoaTJ9zO9"}, {"author_id": 1111714598606897152, "id": 1493638983988891650, "text": "@TheTorontoSun Little Lord Fauntleroy\u2026 literally!"}, {"author_id": 1398401131219410950, "id": 1493627650279190534, "text": "@D_Funk187 @Ryanair No it's not, little lord Fauntleroy is a massive bellend!"}, {"author_id": 347325890, "id": 1493609291420475405, "text": "@greg_demarest @MSNBC @mehdirhasan Poor spoiled little lord fauntleroy doesn't *want* masks...the entire world will acquiesce"}, {"author_id": 1409156352270901252, "id": 1493592742764625926, "text": "RT @freeshortbus: @CBCToronto Im traumatized by Hitler Trudeau.  Im not buying anything extra or going out to restaurants until little lord\u2026"}, {"author_id": 1338593877331226626, "id": 1493571605049577473, "text": "RT @freeshortbus: @CBCToronto Im traumatized by Hitler Trudeau.  Im not buying anything extra or going out to restaurants until little lord\u2026"}, {"author_id": 1021998809797283842, "id": 1493570301506031623, "text": "RT @freeshortbus: @CBCToronto Im traumatized by Hitler Trudeau.  Im not buying anything extra or going out to restaurants until little lord\u2026"}, {"author_id": 1481676780641660937, "id": 1493566707486453760, "text": "@CBCToronto Im traumatized by Hitler Trudeau.  Im not buying anything extra or going out to restaurants until little lord Fauntleroy is out.  Take all your money out of the bank #bankruncanada"}, {"author_id": 3003943413, "id": 1493558865631264770, "text": "@suzanrose_18 @LngNstrt @bariweiss If you want to be CEO of a company, yeah, you should probably toe the line. Weird to care at all whether this lady gets to be the little lord Fauntleroy of the company over somebody else"}, {"author_id": 1445514565505093640, "id": 1493525538920620032, "text": "RT @BrutalPublicist: Little Lord Fauntleroy fails to understand that prosecutors frequently run on putting specific, long-time mob bosses b\u2026"}, {"author_id": 4031410935, "id": 1493524164828962818, "text": "Soyboy Castro Trudeau, the little Lord Fauntleroy of Canada, invokes emergency powers to crush the truckers who seek merely to regain the freedoms taken by his authoritarian government.  You will lose Castro!\n\n#AmericaFirst  #truckersforfreedom2022 #NoVaccineMandate"}]