[{"author_id": 3443475373, "id": 1495283979091849219, "text": "Some of y\u2019all aren\u2019t \u201cwomen\u201d y\u2019all little ass girls, grow up lol."}, {"author_id": 2505562085, "id": 1495283851798720514, "text": "RT @GatyeniM: When you happy in a relationship it's impossible not to have a little belly to show your happiness. A happy relationship can\u2026"}, {"author_id": 16333678, "id": 1495283821637369860, "text": "RT @nazirafzal: This is the Munich Security conference lunch of CEOs\n\nDo you think the presence of even one women might reduce the hostilit\u2026"}, {"author_id": 76244886, "id": 1495283791870320642, "text": "tbh i love \"Little Women\""}, {"author_id": 1342798577026826241, "id": 1495283711172296704, "text": "u complain ab women too much im sensing a little twinkness here idk.. https://t.co/aLLFrv5tVq https://t.co/1azbDSksrg"}, {"author_id": 743928131090714625, "id": 1495283699461591040, "text": "RT @317keen: @_Lovelysoul__ @__golddustwoman @DhalPri The sentiment is that women\u2026to be honest complain about everything lol meanwhile a ma\u2026"}, {"author_id": 1341422025840205828, "id": 1495283690976559107, "text": "my mom asked whos that and im like timothee chalamet an actor AND THEN she asks me what movies he's done??? what if I'll watch someday little women with her or what if she'll buy me the little women books oh god https://t.co/uSzZbTvGr2"}, {"author_id": 428762363, "id": 1495283645405442048, "text": "RT @kitsuragipilled: YOU - \"Women hate how little it takes for us to be happy.\"\nKIM KITSURAGI - \"Nothing wrong with keeping it simple. But\u2026"}, {"author_id": 816181599272337408, "id": 1495283605391740928, "text": "@Patrickmbhele @Miaroxy53 @NtuthukoMayisa @tammy_masilo Single parenthood has given us a warped sense of reality because weak men run from responsibility...this gives young boys the idea that women are authoritative figures and little girls don't learn submission...that's why relationships are falling apart and therefore communities"}, {"author_id": 59767262, "id": 1495283438257115139, "text": "RT @nazirafzal: This is the Munich Security conference lunch of CEOs\n\nDo you think the presence of even one women might reduce the hostilit\u2026"}, {"author_id": 1040033821444296704, "id": 1495283323106574336, "text": "I agree with Jim on a lot of his critiques but his take on women's wrestling is a little off. If he is going to completely dismiss the WWE roster's lower tier, he should really watch some of their work first. \nGo watch Liv Morgan's matches against Becky Lynch then we'll talk. https://t.co/ERA2VCxQ75"}, {"author_id": 1153957694, "id": 1495283192810676224, "text": "@Lillian_C14 @DiscourseGirl @HomoLittlest @SirGoldenrod @EdinUniMedicine @EdinburghUni You know as little as I. Don\u2019t put intentions in a person\u2019s head. What we do know is that plenty of women had to pretend being men to pursue careers or to be in relationships with other women. Saying they were trans erases the difficulties women have had to do what they want\u2026"}, {"author_id": 215228040, "id": 1495282682179301382, "text": "RT @FatDik4UrBitch: Little cock #WhiteBois don't deserve to fuck their women, or anything for that matter! \n\n#SayNoToWhiteBoys #SissyGang #\u2026"}, {"author_id": 3539097674, "id": 1495282599618658311, "text": "@finnwolfhard looking like a cute little women with that long hair he look so cute a little cutie pie https://t.co/rDiznxmejv"}, {"author_id": 122276343, "id": 1495282314422616067, "text": "RT @mania_th_bl: Another function of the female particle 'ka'\n\nWhen used with strong emphasis by us gays or women, it can show that we're a\u2026"}, {"author_id": 170224077, "id": 1495282154552528899, "text": "Wrote a little something for @southasiantoday about the #HijabIsOurPride\n\nhttps://t.co/sQFt4ZHuod"}, {"author_id": 157277150, "id": 1495282153055260672, "text": "You\u2019re giving someone girlfriend benefits for free, you dey talk \u201cno matter what we\u2019re doing\u201d \n\nIf this is how women think, it\u2019s a little wonder why they get the short end of the stick in relationships."}, {"author_id": 1333969328006283264, "id": 1495282108905885704, "text": "RT @di_cale: @MichelleHavers @CGWJS54139911 Do you have any idea how many women, often with little work experience, went back to work in th\u2026"}, {"author_id": 1381811255573241856, "id": 1495282054862614537, "text": "@literarybase Little women dan Anne of green gables wordsworth collector\u2019s edition"}, {"author_id": 1494459550027632640, "id": 1495282009618661376, "text": "little women atlanta miss minnie bon appetit https://t.co/nWQmfvrAvY"}, {"author_id": 1444557788420661249, "id": 1495282007588360193, "text": "RT @sugarfemdom: you like ur women a little forceful don\u2019t u? https://t.co/IzFpjqQFqZ"}, {"author_id": 1236863942632378369, "id": 1495281970783440896, "text": "RT @_GoddessBNWO: Look at them, and jerk off to those juicy thick women. Sadly only black men can handle and satisfy \ud83d\ude2d\ud83d\ude2d\ud83d\ude2d\n\nKeep that clitty\u2026"}, {"author_id": 772995046060675072, "id": 1495281943167918081, "text": "@MichelleHavers @CGWJS54139911 Do you have any idea how many women, often with little work experience, went back to work in their 40s after rearing their kids.  A background in nursing offers you huge opportunities.\nYou go girl!"}, {"author_id": 1341560066881822721, "id": 1495281722631626752, "text": "RT @JamesBarry1789: JKR's become the centre of a disingenuous, nonsense culture war with bad actors who know very little about the struggle\u2026"}, {"author_id": 1456991630670450689, "id": 1495281714611900416, "text": "RT @BillyM2k: A couple weekends ago I convinced my mom to draw a little NFT collection - after much confusion, she got really excited about\u2026"}, {"author_id": 3735825433, "id": 1495281669447696385, "text": "RT @nazirafzal: This is the Munich Security conference lunch of CEOs\n\nDo you think the presence of even one women might reduce the hostilit\u2026"}, {"author_id": 1427550134544576565, "id": 1495281656562814980, "text": "RT @_amanduhmae_: Thoughts on the new Little Women film: \n1. ... Timoth\u00e9e Chalamet \n2. The aesthetic? Impeccable\n3. Jo is for sure gay \n4.\u2026"}, {"author_id": 451523348, "id": 1495281474878251008, "text": "RT @nazirafzal: This is the Munich Security conference lunch of CEOs\n\nDo you think the presence of even one women might reduce the hostilit\u2026"}, {"author_id": 1888951015, "id": 1495281378463817732, "text": "RT @JamesGRickards: The little coward Justin is arresting innocent, non-violent women on the streets."}, {"author_id": 825885658635841536, "id": 1495281329281581058, "text": "RT @0xjackson_: a little over a week at eth denver, here is how you dress based on how you use your crypto (i didn\u2019t include women cuz i kn\u2026"}, {"author_id": 1175647629104926720, "id": 1495281265573982208, "text": "idrk, i could see both sides why you would want male idols or wouldn\u2019t. one thing i dislike abt having only women idols is that the fanbase sexualizes them SO MUCH. LEIKKK \ud83d\udc80 w male idols, i feel like there would be a little less of that (emphasis on LITTLE)"}, {"author_id": 169901289, "id": 1495281189954981891, "text": "RT @nazirafzal: This is the Munich Security conference lunch of CEOs\n\nDo you think the presence of even one women might reduce the hostilit\u2026"}, {"author_id": 1435125544958451713, "id": 1495280612898447364, "text": "RT @NE_BWC: nothing warms my heart like watching little Asian women get fucked by big white cock \ud83d\udc97\ud83d\ude09 #wmaf https://t.co/EeS3c3JXy3"}, {"author_id": 997623173112885249, "id": 1495280576563236864, "text": "Really feel like I\u2019m a little too wholesome for the type of women I usually date. Just tryna find one to be vulnerable and real with. Then grow from there"}, {"author_id": 1118823776, "id": 1495280507474558979, "text": "RT @nazirafzal: This is the Munich Security conference lunch of CEOs\n\nDo you think the presence of even one women might reduce the hostilit\u2026"}, {"author_id": 160984682, "id": 1495280282911625218, "text": "RT @nazirafzal: This is the Munich Security conference lunch of CEOs\n\nDo you think the presence of even one women might reduce the hostilit\u2026"}, {"author_id": 4855655264, "id": 1495280253110992896, "text": "RT @the4thlove: Modern women actually know how to fuck meanwhile beta boys either jerk their little sissy clits to humiliation captions or\u2026"}, {"author_id": 1477144735961661441, "id": 1495280143769690113, "text": "RT @mania_th_bl: Another function of the female particle 'ka'\n\nWhen used with strong emphasis by us gays or women, it can show that we're a\u2026"}, {"author_id": 1071460012009111552, "id": 1495279996507615234, "text": "RT @bobscartoons: The brave men and women occupying the streets of Ottawa are not just defending their freedoms, they are defending yours a\u2026"}, {"author_id": 1020073388046454784, "id": 1495279948445241345, "text": "RT @youretoosmall: Nobody fantasizes about little dick losers cumming too fast and apologizing for it \ud83d\ude02\ud83d\ude02\n\nIt\u2019s time to face facts that you\u2026"}, {"author_id": 1458515263381389313, "id": 1495279771873607680, "text": "RT @mania_th_bl: Another function of the female particle 'ka'\n\nWhen used with strong emphasis by us gays or women, it can show that we're a\u2026"}, {"author_id": 1179535431517364224, "id": 1495279579467956224, "text": "RT @Ben_Marczyk: A little thread on why @Fijian_Drua and @fijirugby will forever now be my second team.\nMid June, my father passed away and\u2026"}, {"author_id": 14419290, "id": 1495279514364129281, "text": "RT @helenstaniland: Actually Staniland et al believe the bar for women and girls isn't 'not prey' - that in fact we should be allowed to ex\u2026"}, {"author_id": 1464813458323607558, "id": 1495279513386864641, "text": "And you shouldn't especially if you are right, Spanish women are amazing, they have this cute little girl way about them, but then again so does Becky, it's like Spanish girls and Becky believe in Peter Pan more then brownies... All Spanish girls are spiritual https://t.co/m0OsKDPI61"}, {"author_id": 1020898799353335809, "id": 1495279339310510082, "text": "RT @mania_th_bl: Another function of the female particle 'ka'\n\nWhen used with strong emphasis by us gays or women, it can show that we're a\u2026"}, {"author_id": 1046274119141142528, "id": 1495279264022896646, "text": "RT @nazirafzal: This is the Munich Security conference lunch of CEOs\n\nDo you think the presence of even one women might reduce the hostilit\u2026"}, {"author_id": 1406861536732266499, "id": 1495279049962409987, "text": "RT @youretoosmall: Nobody fantasizes about little dick losers cumming too fast and apologizing for it \ud83d\ude02\ud83d\ude02\n\nIt\u2019s time to face facts that you\u2026"}, {"author_id": 26370133, "id": 1495278945494872065, "text": "RT @TimRunsHisMouth: Sean's a good little fascist... he loves it when elderly women are trampled for peacefully protesting."}, {"author_id": 1406861536732266499, "id": 1495278914402496512, "text": "RT @youretoosmall: \ud83d\ude02\ud83d\ude02\ud83d\ude02\n\nYou can\u2019t fight it, beta boy. It\u2019s just nature. Women don\u2019t want little dicks \ud83e\udd37\u200d\u2640\ufe0f\ud83e\udd22\ud83d\udc4e https://t.co/A4DN0Gk198"}, {"author_id": 1495230072642486272, "id": 1495278848673464323, "text": "@Vessy79721680 @nypost I don't really care what ridiculous mental health disorder gender fluid  identity crisis they're going through.  It's a fucking man who beat a woman.  No doubt in my mind this little boy feels inadequate enough to beat women.  Can't cope with it?  Don't give a fuck.  #womanbeater"}, {"author_id": 388552332, "id": 1495278514056093696, "text": "RT @Slatzism: altering female biology so women are better little soldiers for capital \n\nGHOULISH https://t.co/jUqmr1Ap1F"}, {"author_id": 160293561, "id": 1495278333277396997, "text": "RT @nazirafzal: This is the Munich Security conference lunch of CEOs\n\nDo you think the presence of even one women might reduce the hostilit\u2026"}, {"author_id": 24313622, "id": 1495278263232450561, "text": "In Asia, through marriage, women are the biggest \u2018migrant\u2019 cohort which not even understood as migrants, says @arti60 . Very perceptive. Must say, men folk don\u2019t even notice this fact.\n\nIn my own little way, I expressed one minor everyday facet of this https://t.co/kplxuA37Jq"}, {"author_id": 1438259371142680576, "id": 1495278243326406657, "text": "@pleasantpussy remember!!! the nishe of little pink pussies, shaved, no labias is truly rooted in pedophilia and idk how else to break that down to people, clear as day. there is something deeply wrong w an individual who is sexually attracted to women and is turned off by hair/labia/clit size."}, {"author_id": 1141072420612108288, "id": 1495278233901617153, "text": "RT @kitsuragipilled: YOU - \"Women hate how little it takes for us to be happy.\"\nKIM KITSURAGI - \"Nothing wrong with keeping it simple. But\u2026"}, {"author_id": 1476316568195792898, "id": 1495278206865141763, "text": "Little Women!!! Finally watched the 1994 classic...yes I am that behind with my classics. Also I haven't read the book. Me=failing. First, what an amazing cast! Winona Ryder, Susan Sarandon, Claire Danes, Kirsten Dunst, Christian Bale! So young and clearly they were headed for"}, {"author_id": 3267662390, "id": 1495278033850322948, "text": "@SundaeDivine @iamthelemongirl It takes so little to be curteous. We've jumped ppls cars, (always have jumper cables!), Hubby saw a women with a small child asking for $5 for gas, ppl ignoring &amp; being rude to her, he filled her tank, she cried. A small $35 to us a huge relief to her. It's so easy to be kind!"}, {"author_id": 484724374, "id": 1495277910458245124, "text": "RT @sphecidwasp: r/malelivingspace women hate how little it takes for us to be happy https://t.co/6YVanfwNtM"}, {"author_id": 1426570744658599936, "id": 1495277858616401924, "text": "@dreamkeeperwolf @Eienkei Ah yes, something that happened in 1927. Only 7 years after women earned the right to vote and 37 years before segregation ended. I think we're in a little better place now, yeah?\n\nThe horses weren't the first option, they went in on foot to remove the occupiers &amp; were resisted."}, {"author_id": 1379769744, "id": 1495277591015477251, "text": "RT @mania_th_bl: Another function of the female particle 'ka'\n\nWhen used with strong emphasis by us gays or women, it can show that we're a\u2026"}, {"author_id": 1465912522645647367, "id": 1495277513391882242, "text": "RT @LittleLisArt: Hey, I'm Lis and I'm an illustrator based in Germany. \ud83c\udde9\ud83c\uddea\nI love creating vibrant and watercolory paintings of women &amp; nat\u2026"}, {"author_id": 871289028712255488, "id": 1495277330104786946, "text": "RT @DrW0mbat: Scotland\u2019s women workers are being sold short by politicians. Sturgeon was warned by the author many years ago that there was\u2026"}, {"author_id": 1089597900781436928, "id": 1495277326535376896, "text": "@Ieafeonstan Seeing it soooo much is what's making me a little sick. Not sexualizing women isn't even inherently a leftist principle! This /isn't/ even to his credit, but its just a fact ben shapiro would never sexualize my sister. I don't want to see abbys boobs on my tl anymore. Its weird."}, {"author_id": 1484399618981048323, "id": 1495277116623097858, "text": "@coachblade #They/#them is after this. They want to jump on little kids. The whole lgbtQ is rushing badly to protect these \"Q\" parasitic womyn. LGBT people is standing up against them they're predators who's goals is after women and kids. Ignorant people supports \"Q\"\ncorruptions."}, {"author_id": 966055657, "id": 1495277062365622275, "text": "RT @nazirafzal: This is the Munich Security conference lunch of CEOs\n\nDo you think the presence of even one women might reduce the hostilit\u2026"}, {"author_id": 17360941, "id": 1495277048964648963, "text": "RT @IllimitableBot: Empty platitudes, \"no you're so much prettier oh my gosh\", namaste, yoga, celebrity gossip, kitty/puppy pictures &amp; horo\u2026"}, {"author_id": 1473755150011543555, "id": 1495277013258711041, "text": "RT @AntSr_eth: The 3 Projects that I'm Stuck on!  @meta_angels  @WFVnft @GirliesNFT  All for different little reasons!  But on all of them\u2026"}, {"author_id": 26712981, "id": 1495276868567662595, "text": "RT @nazirafzal: This is the Munich Security conference lunch of CEOs\n\nDo you think the presence of even one women might reduce the hostilit\u2026"}, {"author_id": 711241149596504069, "id": 1495276866588094469, "text": "@GillianYoungBe1 I get that. \n\nThing is, if we say 3600 men are murdered a year it gets very little outrage. Nobody gets upset. Society in general it seems values men less women. \n\nThat is what many are pissed about. If 100 men are beaten to death with a brick each year vs 1 woman, we cry for her"}, {"author_id": 1147245086184550401, "id": 1495276810996748288, "text": "@UnoriginalTruth I mean this for younger girls. Pants are still super short and little girl sizes have a cap it seems. Then juniors and women. \n\nIt is so hard to get ahe appropriate clothes for the taller or larger framed girls who are still just babies."}, {"author_id": 1445190654439559168, "id": 1495276767099056129, "text": "RT @HeidiNCloset: Being a little gay boy/ drag queen that was raised and taught many valuable lessons from beautiful and talented trans wom\u2026"}, {"author_id": 1116254714444812288, "id": 1495276756365946883, "text": "RT @JamesBarry1789: JKR's become the centre of a disingenuous, nonsense culture war with bad actors who know very little about the struggle\u2026"}, {"author_id": 1470545744025174017, "id": 1495276638568808449, "text": "RT @mania_th_bl: Another function of the female particle 'ka'\n\nWhen used with strong emphasis by us gays or women, it can show that we're a\u2026"}, {"author_id": 1118252174105034753, "id": 1495276451544940549, "text": "RT @nazirafzal: This is the Munich Security conference lunch of CEOs\n\nDo you think the presence of even one women might reduce the hostilit\u2026"}, {"author_id": 1212792990172794880, "id": 1495276441503682569, "text": "RT @nazirafzal: This is the Munich Security conference lunch of CEOs\n\nDo you think the presence of even one women might reduce the hostilit\u2026"}, {"author_id": 1381283761921294338, "id": 1495276399145357313, "text": "RT @Slatzism: altering female biology so women are better little soldiers for capital \n\nGHOULISH https://t.co/jUqmr1Ap1F"}, {"author_id": 1159700953878036481, "id": 1495276324633653249, "text": "RT @Slatzism: altering female biology so women are better little soldiers for capital \n\nGHOULISH https://t.co/jUqmr1Ap1F"}, {"author_id": 2604381012, "id": 1495276310960414726, "text": "@Winpww 555555 Ok, then I will recommend \"Little Big Women\"\ud83e\udd23"}, {"author_id": 1461594798834561026, "id": 1495276291460714498, "text": "RT @nazirafzal: This is the Munich Security conference lunch of CEOs\n\nDo you think the presence of even one women might reduce the hostilit\u2026"}, {"author_id": 525481922, "id": 1495276070316085250, "text": "Check out this listing I just added to my #Poshmark closet: Jo Doll from Little Women Mattel Timeless Treasures Louisa May Alcott. https://t.co/PQ3FZy3S2Z #shopmycloset @poshmarkapp"}, {"author_id": 1254610573980991490, "id": 1495276008177647618, "text": "RT @HeidiNCloset: Being a little gay boy/ drag queen that was raised and taught many valuable lessons from beautiful and talented trans wom\u2026"}, {"author_id": 1340340159531917312, "id": 1495275966230368256, "text": "RT @nazirafzal: This is the Munich Security conference lunch of CEOs\n\nDo you think the presence of even one women might reduce the hostilit\u2026"}, {"author_id": 1385990342105735175, "id": 1495275885309485057, "text": "RT @Slatzism: altering female biology so women are better little soldiers for capital \n\nGHOULISH https://t.co/jUqmr1Ap1F"}, {"author_id": 5609182, "id": 1495275706837831682, "text": "Women love to laugh, indeed, but let your humor be a pleasing discovery finding its moment rather than what marks you in social circles, lest you be thought more a fool than wise. Comport yourself with tact and feel out when a little bit of levity is appropriate."}, {"author_id": 935883815972753409, "id": 1495275683433660421, "text": "@DK_2023 @Mr_Khambule178 @Qhawe___L Like?\ud83e\udd37\ud83c\udffe\u200d\u2640\ufe0f\ud83e\udd37\ud83c\udffe\u200d\u2640\ufe0f \nWe see more black women raising children on their own than we do black married couples. There is little to no support from the black men/fathers. Yet, they\u2019re coming here talking about some \u201clies\u201d we were told."}, {"author_id": 105090382, "id": 1495275663552651266, "text": "RT @nazirafzal: This is the Munich Security conference lunch of CEOs\n\nDo you think the presence of even one women might reduce the hostilit\u2026"}, {"author_id": 1465120815255629825, "id": 1495275651858935810, "text": "RT @kitsuragipilled: YOU - \"Women hate how little it takes for us to be happy.\"\nKIM KITSURAGI - \"Nothing wrong with keeping it simple. But\u2026"}, {"author_id": 19001635, "id": 1495275413135785987, "text": "@Jinchuriki1987 @sirsquishy79 @starsview72 @fabiomoli221 @donwinslow You know I'd accept that argument if you \"good\" little Christians actually acted like Jesus and helped people instead of judging them. What's actually yikes is forcing women into giving birth in a society that doesn't help support them. Take your opinion on abortion and fuck off."}, {"author_id": 160543081, "id": 1495275223041646593, "text": "RT @GatyeniM: When you happy in a relationship it's impossible not to have a little belly to show your happiness. A happy relationship can\u2026"}, {"author_id": 1196953104370978816, "id": 1495274906208313346, "text": "RT @JO112358: @noplaceforsheep I\u2019ve been told off by a few women for not pretending to like the man who bullied (at best) my 2 little daugh\u2026"}, {"author_id": 2344398902, "id": 1495274853494140929, "text": "RT @SquirrelKarate: The really good women pretend to gag and can let a little tear roll down just to protect your fragile ego."}, {"author_id": 38017664, "id": 1495274829934641155, "text": "RT @EbonyPics: Teanna Trump #black pics https://t.co/RATikAHu9J Black model Teanna strips naked for you.  She reveals her lovely little tit\u2026"}, {"author_id": 1487134117170982919, "id": 1495274807939719172, "text": "RT @AntSr_eth: The 3 Projects that I'm Stuck on!  @meta_angels  @WFVnft @GirliesNFT  All for different little reasons!  But on all of them\u2026"}, {"author_id": 2794584335, "id": 1495274680550363137, "text": "RT @nazirafzal: This is the Munich Security conference lunch of CEOs\n\nDo you think the presence of even one women might reduce the hostilit\u2026"}, {"author_id": 1946491009, "id": 1495274642432741376, "text": "RT @mania_th_bl: Another function of the female particle 'ka'\n\nWhen used with strong emphasis by us gays or women, it can show that we're a\u2026"}, {"author_id": 1377465242167435266, "id": 1495274496219136000, "text": "@Ladylynn2141 Since women (who were born as little girls via conception) carry babies for 9 months AND have cycles once a month shedding unused eggs...\n\nONLY WOMEN BLEED, PERIOD! (I said what I said)"}, {"author_id": 585587508, "id": 1495274299841785858, "text": "RT @nazirafzal: This is the Munich Security conference lunch of CEOs\n\nDo you think the presence of even one women might reduce the hostilit\u2026"}, {"author_id": 1494836185323032577, "id": 1495274270796042245, "text": "RT @AntSr_eth: The 3 Projects that I'm Stuck on!  @meta_angels  @WFVnft @GirliesNFT  All for different little reasons!  But on all of them\u2026"}]