[{"author_id": 752559084881211392, "id": 1495283827274657793, "text": "RT @NetflixANZ: @mrwilsonwhite @MilesSzanto Adapted from Timothy Conigrave\u2019s 1995 memoir of the same name, #HoldingTheMan tells the story o\u2026"}, {"author_id": 1016135005, "id": 1495283607761747968, "text": "@iMusing @RonniSalt Crap upon Crap .ANGLOSPHERE AUSTRALIA is 100% behind Morrison .It\u2019s a matter of FAITH any which way you look at it. Labor love affair CHINA is on the nose!"}, {"author_id": 1189984970732949504, "id": 1495283436898168840, "text": "RT @iamsajjj: My bed and I on Sundays are an endless Love affair."}, {"author_id": 1455566070400552961, "id": 1495283094777176073, "text": "RT @iamsajjj: My bed and I on Sundays are an endless Love affair."}, {"author_id": 1438573376600150017, "id": 1495283050598465536, "text": "just between us did the love affair maim you too?"}, {"author_id": 1301732893828485123, "id": 1495282878737006592, "text": "@ItsZaeOk I listened to Love Affair by UMI and Baby Powder by Jenevieve almost every day this month\u2026 hyperfixating things :\u2019)"}, {"author_id": 174927639, "id": 1495281701890654209, "text": "@asif_khan1969 @iamAhmadshahzad Aussie greed or Pak money love affair? I think it\u2019s more like pak\u2019s money love affair."}, {"author_id": 841265523883167744, "id": 1495281510731157504, "text": "RT @hopeshinee_: GIVEAWAY JHOPE LATEEE \ud83d\udc3f\n1 JHOPE PREMIUM PHOTO TOUR\n1 JHOPE PREMIUM PHOTO LYS  \n1 JHOPE FAN SYS  TOUR\n1 ALBUM ONLY SKOOL LU\u2026"}, {"author_id": 1157029570241093632, "id": 1495281243155570690, "text": "RT @sidantman: A Love Affair \u2728\u2764\ufe0f\ud83d\udd1e\u2728\nModels: @lovelybabe2017 @wildfresa \nShot by: @sidantman #inkedbabes #LoveStory #modeling #inkedgirls #Gi\u2026"}, {"author_id": 1288129503793836032, "id": 1495281150230552578, "text": "Just between us, did the love affair maim you all too well?"}, {"author_id": 223791152, "id": 1495280833493671942, "text": "RT @Apex_Zy: If she's in a better position at a time, you can expect and even ask for her help... We are in a love affair and we look out f\u2026"}, {"author_id": 3150795277, "id": 1495280798370791432, "text": "RT @Rathi115Rathi: Ker HC | Anticipatory bail granted on basis of love affair between rape accused and victim and their impending marriage\u2026"}, {"author_id": 114616283, "id": 1495280629080023040, "text": "Actor #VikrantMassey gets married to #sheetalthakur in a private affair.\n\nWishing the new wed couple lifetime of hapiness and love \ud83d\udc95\n\n#married #happyeverafter #love #actor #Bollywood #glitzvisionusa https://t.co/zAX9MjsQEO"}, {"author_id": 1455386414930034691, "id": 1495280482288046085, "text": "\u201cA girl and her bed on Sundays are an endless love affair.\u201d"}, {"author_id": 1187078287, "id": 1495280456031522820, "text": "In current India, everything is reffered as Jehad (Holy war). Spread of COVID19 was blamed at Muslims as #Corona_Jehad, Love Affair between Muslim boy &amp; Hindu girl is reffered as #Love_Jehad, success of Muslims in UPSC exams was called as #UPSC_Jehad, Use\u2026https://t.co/MmjMQIXByI"}, {"author_id": 1467675710311464966, "id": 1495280195883782145, "text": "RT @tangerinebysheh: 'Melo Queen' Son Ye Jin is filming 'Real Melodrama' with actor Hyun Bin. From her love affair to the announcement of h\u2026"}, {"author_id": 949316861027651584, "id": 1495280067756556289, "text": "RT @KMKatiso: Photography is a love affair with life \ud83d\ude0c\ud83d\udcf7\nDisclaimer :this was not a real cigarette https://t.co/4S59puFpbJ"}, {"author_id": 1069818784192520197, "id": 1495279840962150400, "text": "RT @hopeshinee_: GIVEAWAY JHOPE LATEEE \ud83d\udc3f\n1 JHOPE PREMIUM PHOTO TOUR\n1 JHOPE PREMIUM PHOTO LYS  \n1 JHOPE FAN SYS  TOUR\n1 ALBUM ONLY SKOOL LU\u2026"}, {"author_id": 140909571, "id": 1495279665543589890, "text": "I\u2019m trapped, caught up, in the middle of a two way love affair!"}, {"author_id": 2941077070, "id": 1495279588230025216, "text": "#NowPlaying: One Of A Kind (Love Affair) Performed by \u26a1\ud83c\udfb5 Keep Listening to the Spirits of the \u266570's\u2665 Download our Radio App \u279f\ud83d\udd0a https://t.co/bnbxmO4WxI https://t.co/FucPt5Lzdw"}, {"author_id": 814008099807772673, "id": 1495279299837849603, "text": "RT @mynameispurple_: we return to dahyun\u2019s love affair with camera \ud83c\udfa5 \n\n#TWICE #DAHYUN #TWICEOAKLAND #TWICE_4TH_WORLD_TOUR https://t.co/olpI\u2026"}, {"author_id": 1220375041344303104, "id": 1495279199908548609, "text": "RT @hopeshinee_: GIVEAWAY JHOPE LATEEE \ud83d\udc3f\n1 JHOPE PREMIUM PHOTO TOUR\n1 JHOPE PREMIUM PHOTO LYS  \n1 JHOPE FAN SYS  TOUR\n1 ALBUM ONLY SKOOL LU\u2026"}, {"author_id": 482244839, "id": 1495278702258962432, "text": "RT @hopeshinee_: GIVEAWAY JHOPE LATEEE \ud83d\udc3f\n1 JHOPE PREMIUM PHOTO TOUR\n1 JHOPE PREMIUM PHOTO LYS  \n1 JHOPE FAN SYS  TOUR\n1 ALBUM ONLY SKOOL LU\u2026"}, {"author_id": 215121692, "id": 1495278575808757761, "text": "@uptnhrlmb well, my hatred has more to do with her love affair with weinstein...but that's just me."}, {"author_id": 1464286636611706885, "id": 1495278564341518339, "text": "RT @hopeshinee_: GIVEAWAY JHOPE LATEEE \ud83d\udc3f\n1 JHOPE PREMIUM PHOTO TOUR\n1 JHOPE PREMIUM PHOTO LYS  \n1 JHOPE FAN SYS  TOUR\n1 ALBUM ONLY SKOOL LU\u2026"}, {"author_id": 1472251332379627520, "id": 1495278333126348803, "text": "RT @galacticidiots: Enemies to lovers this, friends to lovers that\u2026 it doesn\u2019t matter how the love affair starts as long as the sexual tens\u2026"}, {"author_id": 1075236272891879425, "id": 1495278324754513925, "text": "@DeadKastt Gotta love when boxing's an all-day affair!"}, {"author_id": 14506547, "id": 1495278204449296388, "text": "RT @skillmeensyog: To start a love-affair before actual marriage is insult to own lives, becoz this lasts with negative consequences. Inste\u2026"}, {"author_id": 1010424650210267136, "id": 1495277971284054017, "text": "RT @GENTO_KOKURYU: Kenzo @Kenzo87282744 FUCK!!\nLove affair of old Japanese house.\nSubscribe\u2192\nhttps://t.co/bq2Srmpge8\nhttps://t.co/5tvBQr0fH\u2026"}, {"author_id": 2208854671, "id": 1495277787988455424, "text": "To start a love-affair before actual marriage is insult to own lives, becoz this lasts with negative consequences. Instead of valentines's day,lets start \ud83d\udc90 #GLIMPSES_ParentsWorshipDay https://t.co/WDRVi17vU9"}, {"author_id": 896199330184351744, "id": 1495277589316915202, "text": "RT @vijvipul: they did not have a clue\nthat I was in love with you\n\nwhat started as a clandestine affair\nturned out to be love, with us una\u2026"}, {"author_id": 757014971146526720, "id": 1495277576016719872, "text": "Just between us, did the love affair maim you all too well?"}, {"author_id": 218792743, "id": 1495277529141329920, "text": "RT @tangerinebysheh: 'Melo Queen' Son Ye Jin is filming 'Real Melodrama' with actor Hyun Bin. From her love affair to the announcement of h\u2026"}, {"author_id": 1238087352561455106, "id": 1495277483926589440, "text": "RT @hopeshinee_: GIVEAWAY JHOPE LATEEE \ud83d\udc3f\n1 JHOPE PREMIUM PHOTO TOUR\n1 JHOPE PREMIUM PHOTO LYS  \n1 JHOPE FAN SYS  TOUR\n1 ALBUM ONLY SKOOL LU\u2026"}, {"author_id": 1495276247852601344, "id": 1495277164878450693, "text": "10/07/55 42:60:26 \u0645e\nMarriage isn't a love affair. It isn't even a honeymoon. It's a job.\n\nhttps://t.co/FQ6yscqXCl\nhttps://t.co/0L1ywEK5FC"}, {"author_id": 1028907571493494784, "id": 1495277152241029124, "text": "RT @chrisdlabat: Let's  talk makes me happy\nLife is brief...\nLet's dream in the gray \nrainy afternoon\nLet's talk about a love affair \nWe'll\u2026"}, {"author_id": 1476360082883420161, "id": 1495277148692938755, "text": "RT @hopeshinee_: GIVEAWAY JHOPE LATEEE \ud83d\udc3f\n1 JHOPE PREMIUM PHOTO TOUR\n1 JHOPE PREMIUM PHOTO LYS  \n1 JHOPE FAN SYS  TOUR\n1 ALBUM ONLY SKOOL LU\u2026"}, {"author_id": 68698703, "id": 1495277148579708930, "text": "RT @ABCaustralia: The movie poster for Morning of the Earth, became an iconic image for thousands of surfers across the globe. It would als\u2026"}, {"author_id": 16714896, "id": 1495277059408551940, "text": "The movie poster for Morning of the Earth, became an iconic image for thousands of surfers across the globe. It would also become the calling card for Bali and begin Australia's love affair with the island. (via @abcnews) https://t.co/zbXrypenr2"}, {"author_id": 907921218061336576, "id": 1495276747650125831, "text": "RT @surlybassey: The details in this account of jackie kennedy\u2019s early love affair with jfk\u2026which include joe kennedy bragging about seduci\u2026"}, {"author_id": 1303294798145691649, "id": 1495276309911588864, "text": "RT @iamsajjj: My bed and I on Sundays are an endless Love affair."}, {"author_id": 1455517436313313281, "id": 1495276052247158785, "text": "@GayatriSitu @ketswalawalkar Yes she fell in love only after divorce but this person had an illicit affair when he was married n with 3 kids.  Woh kya hai ? It's high time anu stop giving explanations to mother n son.  Why was it even necessary to explain where anuj is staying. Meri life, Mera ghar, mera bf"}, {"author_id": 1472060348912001028, "id": 1495275939848200192, "text": "Just between us, did the love affair maim you all too well? https://t.co/FYfwT6McR0"}, {"author_id": 1139042973914583045, "id": 1495275848827490305, "text": "RT @mynameispurple_: we return to dahyun\u2019s love affair with camera \ud83c\udfa5 \n\n#TWICE #DAHYUN #TWICEOAKLAND #TWICE_4TH_WORLD_TOUR https://t.co/olpI\u2026"}, {"author_id": 1375514372697550849, "id": 1495275836458807297, "text": "RT @lordelyricsbot: We don't care, we aren't caught up in your love affair"}, {"author_id": 1473896903519531011, "id": 1495275540344807425, "text": "RT @hopeshinee_: GIVEAWAY JHOPE LATEEE \ud83d\udc3f\n1 JHOPE PREMIUM PHOTO TOUR\n1 JHOPE PREMIUM PHOTO LYS  \n1 JHOPE FAN SYS  TOUR\n1 ALBUM ONLY SKOOL LU\u2026"}, {"author_id": 1395670555349688320, "id": 1495275203529740289, "text": "RT @batman1x: love affair of #jetLi and #america https://t.co/6B7dpitp2E"}, {"author_id": 116125143, "id": 1495275026324418564, "text": "George Michael - An Easier Affair (Official Video) https://t.co/QylXmpOxZS via @YouTube LOVE WILL ALWAYS WIN!! @GMichaelNews"}, {"author_id": 2496647126, "id": 1495274972930924546, "text": "RT @sahastrachakshu: Absolutely right. They presume india has moral obligations to follow west while they never addressed indias concerns.\u2026"}, {"author_id": 1493082249784627200, "id": 1495274924352491522, "text": "love affair of #jetLi and #america https://t.co/6B7dpitp2E"}, {"author_id": 69068417, "id": 1495274496730697734, "text": "@bryanbehar If anyone wonders why Republicans have a love affair with Russia... it's because that country embodies what the leadership of the GOP wishes that the USA was like.\n\nRussia is, to quote a former KKK wizard (David Duke)... a \"White man's paradise\".\n\nWhere white privilege is king."}, {"author_id": 1126247707809419264, "id": 1495274489197649923, "text": "RT @galacticidiots: Enemies to lovers this, friends to lovers that\u2026 it doesn\u2019t matter how the love affair starts as long as the sexual tens\u2026"}, {"author_id": 756266422771257344, "id": 1495274028315164677, "text": "TRIBE is mostly playing Inner Life - I'm Caught up (In a One Night Love Affair) - 12\u0094 Edit at the moment. Listen in at https://t.co/9Fcy7U08ug"}, {"author_id": 1323491880982601729, "id": 1495273644355768320, "text": "RT @winemasillae: \u201csecret love affair is basically about a 20 year old man who purely loves a 40 year old woman\u201d \n\n#AhnPanSeok #KimHeeAe #Y\u2026"}, {"author_id": 1380052644463529984, "id": 1495273506233364481, "text": "RT @iamsajjj: My bed and I on Sundays are an endless Love affair."}, {"author_id": 419417035, "id": 1495273473668968449, "text": "@MUSIKMENFESS English love affair"}, {"author_id": 1256076443999629315, "id": 1495272984403390466, "text": "RT @hopeshinee_: GIVEAWAY JHOPE LATEEE \ud83d\udc3f\n1 JHOPE PREMIUM PHOTO TOUR\n1 JHOPE PREMIUM PHOTO LYS  \n1 JHOPE FAN SYS  TOUR\n1 ALBUM ONLY SKOOL LU\u2026"}, {"author_id": 1220644106550071296, "id": 1495272952652251137, "text": "RT @iamsajjj: My bed and I on Sundays are an endless Love affair."}, {"author_id": 1485995319267635200, "id": 1495272940501454851, "text": "RT @iamsajjj: My bed and I on Sundays are an endless Love affair."}, {"author_id": 1477200830038224896, "id": 1495272856762077185, "text": "RT @iamsajjj: My bed and I on Sundays are an endless Love affair."}, {"author_id": 1218568203292565505, "id": 1495272697554739200, "text": "RT @galacticidiots: Enemies to lovers this, friends to lovers that\u2026 it doesn\u2019t matter how the love affair starts as long as the sexual tens\u2026"}, {"author_id": 1378040058821931011, "id": 1495272673513033729, "text": "RT @iamsajjj: My bed and I on Sundays are an endless Love affair."}, {"author_id": 1353550983972835328, "id": 1495272344289685506, "text": "RT @hopeshinee_: GIVEAWAY JHOPE LATEEE \ud83d\udc3f\n1 JHOPE PREMIUM PHOTO TOUR\n1 JHOPE PREMIUM PHOTO LYS  \n1 JHOPE FAN SYS  TOUR\n1 ALBUM ONLY SKOOL LU\u2026"}, {"author_id": 794375586152116224, "id": 1495272305836101634, "text": "RT @AMelrose_author: I met a lovely Japanese couple in Bibury. They said given the Japanese love affair with the Cotswolds area &amp; British a\u2026"}, {"author_id": 20419797, "id": 1495271994572505088, "text": "RT @autumngales: Attn #WAleg you're seeing \"all-electric building costs more\" from building associations. It's false.\n\nMBAKS' own program (\u2026"}, {"author_id": 1259547510047223810, "id": 1495271834371121152, "text": "This a real hood affair. I love it here."}, {"author_id": 1238959491393224709, "id": 1495271746290790402, "text": "RT @alancross: #Opinion I might just have to rekindle my love affair with CDs. Here\u2019s why. https://t.co/em40Xweyad"}, {"author_id": 133769431, "id": 1495271564090167299, "text": "When you find that special someone there's nothing like it you just want to be with them at all cost i can tell you what LOVERS do ... HARRY LOVE LETTERS: A Novel by M LeMont https://t.co/dp8GOU3TZS #amreading *bookclubs *booklovers *romance *affair #secretlove *lovestory https://t.co/kf5JXN9iq1"}, {"author_id": 1074561701565976576, "id": 1495271560256495617, "text": "RT @hopeshinee_: GIVEAWAY JHOPE LATEEE \ud83d\udc3f\n1 JHOPE PREMIUM PHOTO TOUR\n1 JHOPE PREMIUM PHOTO LYS  \n1 JHOPE FAN SYS  TOUR\n1 ALBUM ONLY SKOOL LU\u2026"}, {"author_id": 173130716, "id": 1495271442593767432, "text": "RT @eIizabthcorday: #WILLICIA THE LOVE AFFAIR OF THE AGES https://t.co/rNG4XUqbcF"}, {"author_id": 1296160922508111876, "id": 1495271376688717825, "text": "RT @iamsajjj: My bed and I on Sundays are an endless Love affair."}, {"author_id": 726796361891336192, "id": 1495271362809769985, "text": "@keylabaan @Jackhangu There were cameras around them so maybe bright wants it lowkey love affair char hahahhaha"}, {"author_id": 1080313675829805056, "id": 1495271081225392131, "text": "RT @hopeshinee_: GIVEAWAY JHOPE LATEEE \ud83d\udc3f\n1 JHOPE PREMIUM PHOTO TOUR\n1 JHOPE PREMIUM PHOTO LYS  \n1 JHOPE FAN SYS  TOUR\n1 ALBUM ONLY SKOOL LU\u2026"}, {"author_id": 60129156, "id": 1495271056835293185, "text": "@vegnaay And I was right. I saw it coming when they did all that stuff for Wiley then Chase and Sasha staged that whole affair. I\u2019m like no way Chillow coming back from that. Too late, she\u2019s in love with Michael now."}, {"author_id": 1394927676612358144, "id": 1495271011935215618, "text": "RT @iamsajjj: My bed and I on Sundays are an endless Love affair."}, {"author_id": 1451107222617038848, "id": 1495270745378889729, "text": "RT @iamsajjj: My bed and I on Sundays are an endless Love affair."}, {"author_id": 1255047445093875715, "id": 1495270623228182529, "text": "RT @iamsajjj: My bed and I on Sundays are an endless Love affair."}, {"author_id": 569693608, "id": 1495270595235401732, "text": "RT @mvonofrey: @BritnyMaree @ShanePe68956573 @dkwestfall1 Desert, Nevada, literary novel, love affair, struggles with alcohol and drugs, Ki\u2026"}, {"author_id": 1310958038434615299, "id": 1495270580454670340, "text": "RT @iamsajjj: My bed and I on Sundays are an endless Love affair."}, {"author_id": 1464296737057689604, "id": 1495270473470464007, "text": "RT @iamsajjj: My bed and I on Sundays are an endless Love affair."}, {"author_id": 1406590360302796802, "id": 1495270291639091202, "text": "RT @iamsajjj: My bed and I on Sundays are an endless Love affair."}, {"author_id": 1379219844583747586, "id": 1495270216707624960, "text": "RT @hopeshinee_: GIVEAWAY JHOPE LATEEE \ud83d\udc3f\n1 JHOPE PREMIUM PHOTO TOUR\n1 JHOPE PREMIUM PHOTO LYS  \n1 JHOPE FAN SYS  TOUR\n1 ALBUM ONLY SKOOL LU\u2026"}, {"author_id": 1322051074916835328, "id": 1495270130565238791, "text": "RT @iamsajjj: My bed and I on Sundays are an endless Love affair."}, {"author_id": 1463191995304669188, "id": 1495270082053824520, "text": "RT @iamsajjj: My bed and I on Sundays are an endless Love affair."}, {"author_id": 1463191995304669188, "id": 1495269883877240836, "text": "My bed and I on Sundays are an endless Love affair."}, {"author_id": 32539042, "id": 1495269793116704774, "text": "@Imaginary_Ones My love affair with @Imaginary_Ones started with the ethereal, magical art by @cmttat that just flows as if something from a childhood dream. The team has shown how much they care about us, celebrating creativity &amp; picking up new skills. This community is more special than a 1/1. https://t.co/HOXodunIUl"}, {"author_id": 371902119, "id": 1495269612295970818, "text": "Reading about this: #FrenchCuisine - A Love Affair With #Food #FrizeMedia #Marketing - https://t.co/pxh05Vw4Ub @Charlesfrize #OnlineMarketing #SEO #OnlineMarketinginGhana #DigitalBranding #OnlineMarketinginEurope #Businessmarketing #businesstips #marketingstrategy"}, {"author_id": 1165277886246457345, "id": 1495269165283872774, "text": "what a sad beautiful tragic love affair"}, {"author_id": 38157125, "id": 1495268561333657600, "text": "That \ubc14\ub78c pun! Love how the translation captured it well. \"Like the wind, an affair is invisible but it always leaves a trace. No matter how big or small.\""}, {"author_id": 1161245209260281856, "id": 1495268423026167809, "text": "RT @hopeshinee_: GIVEAWAY JHOPE LATEEE \ud83d\udc3f\n1 JHOPE PREMIUM PHOTO TOUR\n1 JHOPE PREMIUM PHOTO LYS  \n1 JHOPE FAN SYS  TOUR\n1 ALBUM ONLY SKOOL LU\u2026"}, {"author_id": 1385494817174548480, "id": 1495268418244988928, "text": "RT @hopeshinee_: GIVEAWAY JHOPE LATEEE \ud83d\udc3f\n1 JHOPE PREMIUM PHOTO TOUR\n1 JHOPE PREMIUM PHOTO LYS  \n1 JHOPE FAN SYS  TOUR\n1 ALBUM ONLY SKOOL LU\u2026"}, {"author_id": 1427535041127723023, "id": 1495268205064904706, "text": "RT @mynameispurple_: we return to dahyun\u2019s love affair with camera \ud83c\udfa5 \n\n#TWICE #DAHYUN #TWICEOAKLAND #TWICE_4TH_WORLD_TOUR https://t.co/olpI\u2026"}]