[{"author_id": 1290382189973118976, "id": 1495288593174175744, "text": "RT @MalkiaQueency: l asked my heart: why can't I sleep at night?? \ud83d\udecc\nHeart: because you slept in the afternoon don't act like you are in lov\u2026"}, {"author_id": 1334954845514719233, "id": 1495286932418568196, "text": "RT @MalkiaQueency: l asked my heart: why can't I sleep at night?? \ud83d\udecc\nHeart: because you slept in the afternoon don't act like you are in lov\u2026"}, {"author_id": 1372787368504094723, "id": 1495286563093110784, "text": "RT @FocusPatience: Grand Rising / Good Morning/Afternoon/Evening/Night Everyone \ud83d\ude4f\ud83c\udffe The weekend is upon us. So make sure that you are living\u2026"}, {"author_id": 1495276937841115136, "id": 1495285843002785794, "text": "I love you in the morning, and in the afternoon, I love you in the evening and underneath the moon oh skidamarink @gnomefrenz #gnomefrenz"}, {"author_id": 1428307450265055236, "id": 1495284457607159809, "text": "@ChathamTownFC Danny Kedwell - I just love this bloke, some of his passing yesterday was sublime, he reminded me of Johnny Haynes a great Fulham &amp; England player who would operate in the later stages of his career in the centre circle spraying delightful passes all afternoon to his team-mates"}, {"author_id": 1119063445377302528, "id": 1495280457877016577, "text": "RT @MalkiaQueency: l asked my heart: why can't I sleep at night?? \ud83d\udecc\nHeart: because you slept in the afternoon don't act like you are in lov\u2026"}, {"author_id": 1240257864968679426, "id": 1495280024697643011, "text": "RT @MalkiaQueency: l asked my heart: why can't I sleep at night?? \ud83d\udecc\nHeart: because you slept in the afternoon don't act like you are in lov\u2026"}, {"author_id": 967799781476175875, "id": 1495278490425384961, "text": "@JLeilies @100DaysOfWriter Exactly. They\u2019re not bad people, nor was it due to poor planning particularly, but they did seem genuinely confused I couldn\u2019t just slot a best friend and love rival into the whole dynamic and give it back in an afternoon. THAT was the frustrating part that spawned a tweet\ud83e\udd23"}, {"author_id": 1483193601630867464, "id": 1495277659248594944, "text": "RT @MalkiaQueency: l asked my heart: why can't I sleep at night?? \ud83d\udecc\nHeart: because you slept in the afternoon don't act like you are in lov\u2026"}, {"author_id": 1028907571493494784, "id": 1495277152241029124, "text": "RT @chrisdlabat: Let's  talk makes me happy\nLife is brief...\nLet's dream in the gray \nrainy afternoon\nLet's talk about a love affair \nWe'll\u2026"}, {"author_id": 1375005311577260034, "id": 1495276593954050048, "text": "RT @MalkiaQueency: l asked my heart: why can't I sleep at night?? \ud83d\udecc\nHeart: because you slept in the afternoon don't act like you are in lov\u2026"}, {"author_id": 1355614508849508352, "id": 1495276339926077440, "text": "RT @MalkiaQueency: l asked my heart: why can't I sleep at night?? \ud83d\udecc\nHeart: because you slept in the afternoon don't act like you are in lov\u2026"}, {"author_id": 1424799972428587017, "id": 1495274395950100480, "text": "RT @MalkiaQueency: l asked my heart: why can't I sleep at night?? \ud83d\udecc\nHeart: because you slept in the afternoon don't act like you are in lov\u2026"}, {"author_id": 1474646733535813637, "id": 1495274197232369664, "text": "RT @MalkiaQueency: l asked my heart: why can't I sleep at night?? \ud83d\udecc\nHeart: because you slept in the afternoon don't act like you are in lov\u2026"}, {"author_id": 1403963125414744065, "id": 1495271255049703426, "text": "RT @MalkiaQueency: l asked my heart: why can't I sleep at night?? \ud83d\udecc\nHeart: because you slept in the afternoon don't act like you are in lov\u2026"}, {"author_id": 1466180254851080200, "id": 1495271065697722369, "text": "First day in AZ \u2705 Spent the morning walking around ASU (and of course had to buy shirts/sweatshirts). Afternoon was soccer and sunscreen! I love it here! @SunDevilSoccer \u26bd\ufe0f\u26bd\ufe0f https://t.co/La5DxjXTKv"}, {"author_id": 1493229555095830530, "id": 1495271059133767681, "text": "RT @MalkiaQueency: l asked my heart: why can't I sleep at night?? \ud83d\udecc\nHeart: because you slept in the afternoon don't act like you are in lov\u2026"}, {"author_id": 453373363, "id": 1495270951658819588, "text": "@Cruefan4 1.35 in the afternoon here, but in fairness I\u2019d love an afternoon nap! \ud83e\udd23"}, {"author_id": 1486246558215643137, "id": 1495270035274833924, "text": "l asked my heart: why can't I sleep at night?? \ud83d\udecc\nHeart: because you slept in the afternoon don't act like you are in love \ud83d\ude1c\ud83d\ude1c\ud83d\ude1c"}, {"author_id": 1407151983979421702, "id": 1495269003358785536, "text": "spending my afternoon reading the love hypothesis would be such an aesthetic if my best friend wasn't sending pictures of math questions for me to help\n\nidk what you want from me mel i got a c in math \ud83d\ude20\ud83d\ude20\ud83d\ude20"}, {"author_id": 1486448080094314497, "id": 1495268620129083395, "text": "RT @viadaegyu: wow, good afternoon. \ud83e\udd74\nlove how 5 lovely men were the first thing that greeted me on my tl in elleman cover. we love the pro\u2026"}, {"author_id": 1455548936693764099, "id": 1495268437878140928, "text": "wow, good afternoon. \ud83e\udd74\nlove how 5 lovely men were the first thing that greeted me on my tl in elleman cover. we love the progress in world domination.\n\nI hope we\u2019re all having a lovely sunday, my loves! \u2665\ufe0e"}, {"author_id": 1108675035886170112, "id": 1495256541632548865, "text": "RT @111heavenearth: Nobleman danger\nAsking for forgiveness\nMy heart eases\ncan\u2019t breeze for ur enclosing \nMid winter night\nThe warmth of bac\u2026"}, {"author_id": 1275059904235974656, "id": 1495252215589531649, "text": "RT @fictionalwoes: good afternoon but It's not the whole truth. The whole truth is, I'm in love with him still."}, {"author_id": 790635362393686017, "id": 1495251938946035715, "text": "RT @mali3035: Dug Infinite showing Kanye love in the afternoon and going to the radio with a diss song at night is peak 2002 \ud83d\ude2d\ud83d\ude2d\ud83d\ude2d\ud83d\ude2d"}, {"author_id": 1343361496668110852, "id": 1495250360918761473, "text": "I love tea. I drink tea in the morning, mid afternoon and night. Just feeling the warmth go through my body is so soothing."}, {"author_id": 1368111313751183361, "id": 1495248998193451009, "text": "You know I love a London boy\nI enjoy walking Camden Market in the afternoon\nHe likes my American smile\nLike a child when our eyes meet, darling, I fancy you\nTook me back to Highgate, met all of his best mates\nSo I guess all the rumors are true\nYou know I love a London boy\nBoy, I https://t.co/fkiLy7EA4q"}, {"author_id": 1406835890425516035, "id": 1495247987030724609, "text": "And finally, we'll have the last two. We won't know how things will unfold. Abangan~ \ud83d\ude0f\n\nWill post it later in the afternoon! Thank you for the love and support to our bebi Jo.\n\nHit me up in my CC!\n\nhttps://t.co/E6iHY3Eu4r"}, {"author_id": 997146034949296130, "id": 1495247846433566722, "text": "@joeovies @WhiteNoisePics I love listening to you guys in the afternoon, and when the topic is how bad my team is playing - I have the ability to understand that it isn't your fault they play poorly and you aren't for or against them. Others apparently do not. Oh well."}, {"author_id": 846921210122395648, "id": 1495245310737723395, "text": "@nwrltyobserver i really like those two as well. i like different rohmer for different things. claire's knee is his prettiest but i also love romance of astrea and celadon for that. love in the afternoon is one of the best moral ones"}, {"author_id": 2378324935, "id": 1495244461508546568, "text": "RT @itsJeffTiedrich: I love the smell of grand juries investigating Donald Trump in the afternoon"}, {"author_id": 1483297414660653058, "id": 1495243122791489536, "text": "RT @fictionalwoes: good afternoon but It's not the whole truth. The whole truth is, I'm in love with him still."}, {"author_id": 1446954572526784513, "id": 1495241796091355136, "text": "RT @darkwaveagenci: Good Afternoon to YOU!!!\n\nLove inspires you to great actions in your life and experience - Ereshkigal Sumerian Goddess\u2026"}, {"author_id": 2996247427, "id": 1495241481355161602, "text": "Good Afternoon to YOU!!!\n\nLove inspires you to great actions in your life and experience - Ereshkigal Sumerian Goddess of the Netherworld - Channeling, Writer: Andrew Rogers.\n\n#motivation #inspiration #love #ereshkigal #Sumerian #Babylon #Babylonian #andrewrogers #psychic https://t.co/acGfAPJtdK"}, {"author_id": 1346987491039997952, "id": 1495241423062548480, "text": "@Golfergirl2018 @kiansimone44 It was peaceful. Did you go? I did! It was a community of love like I have never experienced before. Sorry I drank the koolaid. My kids enjoyed there afternoon in our beautiful capital surrounded by love! I am raising strong young ladies! Ignorance is blind!"}, {"author_id": 983388809869094912, "id": 1495240599565488133, "text": "@yukihanalamy Good morning lamy chan \u2600\ufe0f\nDid you sleep well today \nToday is the day of the talk show \nHave fun with alot of yukimin so as not to catch a cold \nThanks for the fun collaboration yesterday \nMay you have a blessings in the afternoon \ud83d\udd4a\nDo your best today \u2764\nI love lamy chan today \u2764"}, {"author_id": 1478532211255263233, "id": 1495239897996742660, "text": "RT @fictionalwoes: good afternoon but It's not the whole truth. The whole truth is, I'm in love with him still."}, {"author_id": 1219879972724064256, "id": 1495237554060234752, "text": "RT @fictionalwoes: good afternoon but It's not the whole truth. The whole truth is, I'm in love with him still."}, {"author_id": 1344087683073634307, "id": 1495237473244688384, "text": "good afternoon but It's not the whole truth. The whole truth is, I'm in love with him still."}, {"author_id": 490848302, "id": 1495231830693400584, "text": "RT @ZakKondratenko: I often randomly think about how hard Pacino went in \u2018Dog Day Afternoon\u2019. That is simply one of the greatest screen per\u2026"}, {"author_id": 372576948, "id": 1495231447296323588, "text": "RT @ZakKondratenko: I often randomly think about how hard Pacino went in \u2018Dog Day Afternoon\u2019. That is simply one of the greatest screen per\u2026"}, {"author_id": 345677366, "id": 1495231359803138057, "text": "I often randomly think about how hard Pacino went in \u2018Dog Day Afternoon\u2019. That is simply one of the greatest screen performances of all time. I fucking love that movie, everyone and everything in it."}, {"author_id": 717414106379259906, "id": 1495230923209588739, "text": "@TaraZehut1981 Thank you for your kind words.\nThis day (Feb 20) is always challenging but we have 7 yr old grandaughter twins in the afternoon.\nChaos, laughter &amp; love.\n\ud83d\udc9a"}, {"author_id": 1452216101966807040, "id": 1495227274131800066, "text": "@SevenGiveaways @jaybnow_hr Afternoon sunlight that touches my face is the thing that I always do whenever I have a time to watch sunset. But the thought of doing this with the person I like is giving me butterflies in my stomach \ud83e\udd8b\u2728\n\n#Def #Def_Love #JayB @jaybnow_hr #SevenGiveaways https://t.co/79Ph1VXxRJ"}, {"author_id": 1406232404, "id": 1495225384023076870, "text": "@Captaincoby00 I love the smell of diesel in the morning (and afternoon and all night long)."}, {"author_id": 1292481326751219713, "id": 1495224447220916229, "text": "@bts_bighit \n@BTS_twt \n\u2764\u2764My Dearest Precious Hobi God my Worship my Devotion my Pride\u2764\u2764\u2764\u2764YOU Are The Most Wonderful And The Most Precious In The Whole World\u2764\u2764\u263a\ud83d\ude0d\ud83d\ude0d\ud83e\udd17\ud83e\udd17\ud83e\udd17\ud83d\ude18\ud83d\ude18\ud83d\ude18\ud83e\udd17\ud83e\udd17\ud83e\udd17\ud83d\ude0d\ud83d\ude0dWish YOU A Wonderful Fun Relaxed Afternoon, My Darling Precious Hobi Love\u2764\u2764\u263a\ud83e\udd17\ud83e\udd17\ud83d\ude0d https://t.co/IVa1s7aNhY"}, {"author_id": 1156018912519061504, "id": 1495219264898301953, "text": "RT @hiIarityduff: \u201cthe film establishes an atmosphere saturated in paranoia and distrust with lovers turning into killers and with the pres\u2026"}, {"author_id": 1463956394844041219, "id": 1495218500583010311, "text": "RT @Zilalove000: Happy Saturday&lt;3\nI just love waking up in the afternoon and going for a nice walk barefoot \ud83e\udd70 https://t.co/3Pge4Sur3l"}, {"author_id": 1128200401, "id": 1495216915240955912, "text": "RT @chrisdlabat: Let's  talk makes me happy\nLife is brief...\nLet's dream in the gray \nrainy afternoon\nLet's talk about a love affair \nWe'll\u2026"}, {"author_id": 127347693, "id": 1495215823245430785, "text": "Went out to dinner w/ our church secretary, her husband, and the visiting priest (he just flew in to Philly this afternoon)\n\nThe ppl who sat at the table next to us are members of the parish. The family that owns the restaurant are members of the parish. I love being Catholic \ud83d\ude2d"}, {"author_id": 1432503133201174532, "id": 1495204176107872262, "text": "RT @lbantonofficial: i love squirming from touching my dick in the afternoon \ud83e\udd75\ud83d\udc95\n\n#onlyfans #trans #tranny #shemale #sissy #tgirl #femboy #a\u2026"}, {"author_id": 1342588942248534016, "id": 1495202286397804544, "text": "@cher Thanks, Cher. You've restored me with some hope.  Was getting pretty down this afternoon reading all the Lolita/Seaquarium material. I don't know how you do it...how you hang in there. I had forgotten about the virtual zoo idea. It's exciting! Wld love to help any way I can\ud83d\udc96"}, {"author_id": 1427684241647747078, "id": 1495196789237977090, "text": "RT @FocusPatience: Grand Rising / Good Morning/Afternoon/Evening/Night Everyone \ud83d\ude4f\ud83c\udffe The weekend is upon us. So make sure that you are living\u2026"}, {"author_id": 250606314, "id": 1495193760204038146, "text": "@pmcgphotos @Spacesuit_Media @CanonUKandIE @ConnsCameras Smashing it Paddy! I love the Mexican track, I miss finding a quiet moment in the stadium on a Friday afternoon and feeling a energy build on the Saturday."}, {"author_id": 1102009127373598721, "id": 1495189222021550081, "text": "@epawawx @ssigafoos Oh lol, I bet those winds blew it all over the place, I had trash blow everywhere in my yard this afternoon I\u2019m in Perry county, I love your weather forecasts I\u2019m already looking at Friday but all is still on the table"}, {"author_id": 1132366068910055425, "id": 1495188856471429120, "text": "RT @Zilalove000: Happy Saturday&lt;3\nI just love waking up in the afternoon and going for a nice walk barefoot \ud83e\udd70 https://t.co/3Pge4Sur3l"}, {"author_id": 90861182, "id": 1495187591112634373, "text": "My son refereed a mad 3-4 game this afternoon in the @hscfl div 4.. on a bog of a pitch, 7 goals, lots of mistakes (due to pitch), 3 yellow cards, 1 sin bin.. then home just in time for KO in a 5 goal thriller.. just love football days like today.\nStill have his u18 game tomorrow"}, {"author_id": 1174907730462568448, "id": 1495182315215101954, "text": "RT @Zilalove000: Happy Saturday&lt;3\nI just love waking up in the afternoon and going for a nice walk barefoot \ud83e\udd70 https://t.co/3Pge4Sur3l"}, {"author_id": 805503267342053377, "id": 1495181942270181378, "text": "RT @Zilalove000: Happy Saturday&lt;3\nI just love waking up in the afternoon and going for a nice walk barefoot \ud83e\udd70 https://t.co/3Pge4Sur3l"}, {"author_id": 28744760, "id": 1495181048111513604, "text": "Not saying that I've been weepy about this community in the best way all afternoon and just got home but...I fucking love you all, so much. \ud83d\udc96\n\nYou don't understand how much this means to me. https://t.co/6zxGNhuOKS"}, {"author_id": 1019001956331765760, "id": 1495179136377434113, "text": "RT @chrisdlabat: Let's  talk makes me happy\nLife is brief...\nLet's dream in the gray \nrainy afternoon\nLet's talk about a love affair \nWe'll\u2026"}, {"author_id": 4861169489, "id": 1495177642194227200, "text": "Love Hilton Head Island, SC in the late afternoon. https://t.co/w5vuTC5Pg0"}, {"author_id": 953131492896624641, "id": 1495176737570840578, "text": "RT @BRYCE_Fetish: \ud83c\udf80GOOD AFTERNOON\ud83c\udf80 Feb 19th\n\n\ud83d\udc8bIf you love someone let them go, for if they return they were yours all the time, if they don\u2026"}, {"author_id": 102973815, "id": 1495175717289611264, "text": "RT @MoseleyCDT: Next week is #LightUpMoseley on the High St and Light Trail @MoseleyParkPool\nCould you spare an hour to help bring this to\u2026"}, {"author_id": 1166229031, "id": 1495175618513756161, "text": "Recorded a fun chat with @RatchetBookClub &amp; @MPWeirdoPodcast this afternoon! I love these two and cannot wait to collab more with them in the future.\n(Thanks again y\u2019all! \ud83d\ude09)\n\nAll new episode of Dustin Checks In - out next Thursday! https://t.co/ylMfLrs4CW"}, {"author_id": 3152966393, "id": 1495175209464250369, "text": "@RachelKahn9 \"Who drinks coffee after 4.30?\"\n1. A bunch of people incl. those on night shift\n2. Some of us get tea/hot chocolate\n3. As a non drinker I'd love a place to chill in the late afternoon/evening that wasn't a pub."}, {"author_id": 3152966393, "id": 1495175031130841090, "text": "The discourse under this is hilarious but it's mostly people saying \"who drinks coffee are that?\"\n1. A bunch of people incl. those on night shift\n2. Some of us get hot chocolate\n3. As a non drinker I'd love a place to chill in the late afternoon/evening that wasn't a pub. https://t.co/Vkxb39Zaco"}, {"author_id": 106748432, "id": 1495174993558355977, "text": "Kind of forgot Nick would be out all afternoon and evening at the theatre so had lots of time to fill today. \nSo watched two of my favourite films, did some knitting, and had a walk in the snow in between. \nLove The History Boys and Pride, guaranteed tears though from both. https://t.co/0Ei17FDCET https://t.co/L3mfcsm4Mf"}, {"author_id": 976638614, "id": 1495174596013830144, "text": "@DrSoucMusic It depends on where I\u2019m at what time of day it is etc. when I go to the Chinese restaurant I really love to have hot tea and occasionally in the afternoon at home with the dessert but in the morning I want a cuppa coffee with cream mmmmmm NEED lol"}, {"author_id": 3919228333, "id": 1495171756386099202, "text": "RT @QueenOfRenn: GOODMORNING AFTERNOON EVENING quick reminder if life sucks today treat it like a fart in the wind i love you"}, {"author_id": 20379267, "id": 1495171645979377668, "text": "RT @MoseleyCDT: Next week is #LightUpMoseley on the High St and Light Trail @MoseleyParkPool\nCould you spare an hour to help bring this to\u2026"}, {"author_id": 1271472902, "id": 1495167855263993856, "text": "RT @mali3035: Dug Infinite showing Kanye love in the afternoon and going to the radio with a diss song at night is peak 2002 \ud83d\ude2d\ud83d\ude2d\ud83d\ude2d\ud83d\ude2d"}, {"author_id": 1113904275825020931, "id": 1495166361559044102, "text": "@BRYCE_Fetish Good Afternoon Miss Bryce-Jones A very good saying about love. I can vouch that yesterday when being helpless I was not thinking about the weather. I had far more urgent matters to contemplate. I was too busy counting. You look stunningly beautiful all in blue matching your eyes"}, {"author_id": 1536293179, "id": 1495166052828856322, "text": "RT @NzauPriscilla: All Kenyans, irrespective of ethnic background or political  affiliation, should love their country and one another &amp; co\u2026"}, {"author_id": 1072992673907261441, "id": 1495165040181325826, "text": "RT @FOX56News: If you liked the sunshine from today, you will love it again on Sunday, as temperatures turn a bit warmer in the afternoon.\u2026"}, {"author_id": 1480251158, "id": 1495164605563289608, "text": "If you liked the sunshine from today, you will love it again on Sunday, as temperatures turn a bit warmer in the afternoon. #KYwx https://t.co/QfJR808DuV"}, {"author_id": 1113904275825020931, "id": 1495164164788178947, "text": "RT @BRYCE_Fetish: \ud83c\udf80GOOD AFTERNOON\ud83c\udf80 Feb 19th\n\n\ud83d\udc8bIf you love someone let them go, for if they return they were yours all the time, if they don\u2026"}, {"author_id": 1476036717916397568, "id": 1495162044441632772, "text": "RT @Zilalove000: Happy Saturday&lt;3\nI just love waking up in the afternoon and going for a nice walk barefoot \ud83e\udd70 https://t.co/3Pge4Sur3l"}, {"author_id": 1069579447441993728, "id": 1495161937759457281, "text": "RT @Zilalove000: Happy Saturday&lt;3\nI just love waking up in the afternoon and going for a nice walk barefoot \ud83e\udd70 https://t.co/3Pge4Sur3l"}, {"author_id": 1495160378157940742, "id": 1495161066074034178, "text": "I love coming back into Chersonesus in the afternoon;\u061f? \nI  \u0646\u0645\u0634\u064a   \nhttps://t.co/XkoLsCz7tI"}, {"author_id": 3020483332, "id": 1495160474006175755, "text": "@BetoORourke Awesome to see you down there talking to the people. They're gonna love you in @SanBenitoTX this afternoon."}, {"author_id": 1428554341108039684, "id": 1495160259014504464, "text": "Every single in a  day has its own value, morning brings hope, afternoon brings joy, evening brings love and night brings rest. May you have the four in mind everyday!\u00a1\ud83d\ude4f\ud83d\ude4c"}, {"author_id": 1475640775048269826, "id": 1495160200273149953, "text": "Happy Saturday&lt;3\nI just love waking up in the afternoon and going for a nice walk barefoot \ud83e\udd70 https://t.co/3Pge4Sur3l"}, {"author_id": 1270781521985560576, "id": 1495158109337051136, "text": "@edmontonpolice I love days like today. It's 1 degree out which means I can open up some windows and breathe in the fresh diesel exhaust, and listen to the ear piercing train horns on this beautiful Saturday afternoon. Fuck my quality of life, right?"}, {"author_id": 1319742456036904960, "id": 1495155885412216834, "text": "@creepeffect lol we were all such jerks, it's true. but something is in the water in langley that is supercharging their teenage shittiness\nor maybe it's just because it's the type of rainy saturday afternoon parents love to drag their kids from the house to run boring errands and they're mad"}, {"author_id": 877384155927109632, "id": 1495154652253679616, "text": "In your car, the radio up\nIn your car, the radio up\nWe keep trying to talk about us\nI'm someone you maybe might love\nI'll be your quiet afternoon crush\nBe your violent overnight rush\nMake you crazy over my touch"}, {"author_id": 2784925482, "id": 1495154035980218371, "text": "@DevFMAttack Never seen Nashville or BL.\nJaws.. good but don't love it the way others do\nOFOTCN.. splendid.\nDog Day Afternoon.. the best film in this lineup out of the three I've seen."}, {"author_id": 746050974, "id": 1495149473152094211, "text": "RT @TheDebATL: So I go out for the afternoon &amp; look what happened. Thank you to all 25,000 of you \ud83d\ude4c I love you all \u2665\ufe0f \nJoin us on Facebook\u2026"}, {"author_id": 1151543782317289472, "id": 1495148551755624455, "text": "Really love the dedication of @NammaBESCOM. It doesn't matter if it's 3 in ther afternoon or 3 in the early morning, they'll keep cutting the power supply without any fail. But I wish they showed this dedication in actually serving the customers."}, {"author_id": 847127487209492482, "id": 1495146426195714058, "text": "good afternoon to the sweet someone who feels so much love that they had to write it in the snow https://t.co/SVbwllo45L"}, {"author_id": 1386878504, "id": 1495144562590892040, "text": "@Faye_Brookes saw you in Chicago on Thursday afternoon\u2026 you were phenomenal, blew me away!! hope you are having the best time in Eastbourne wish I could have met you. Sending love xx"}, {"author_id": 1478089106852745217, "id": 1495144258268852226, "text": "RT @domina_blue: Today is a rest and relaxation day. I will be in the mountains this afternoon. Send some love.\n\n-findom wallet drain black\u2026"}, {"author_id": 427551910, "id": 1495142445973217289, "text": "Home in time from work. I LOVE Saturday afternoon fights from overseas. This one will be entertaining regardless of the outcome. I have Brook winning by stoppage around 8/9 #khanbrook"}, {"author_id": 1208170564772225025, "id": 1495142416847835140, "text": "\u2b50\u2b50\u2b50\u2b50\u2b50 5 star review from Patti P. https://t.co/tUWasqRheR!"}, {"author_id": 812408625385930754, "id": 1495142085556678674, "text": "@robertholmes5 @adiFamily_ Love them mate. I have those in your picture. Great c/w. I realised this afternoon i have a deep red pair  ( can't rem the proper c/w description) that will go perfectly with the Trongate jacket."}, {"author_id": 3335114073, "id": 1495141389474185222, "text": "@FWIJr1 good afternoon, thank you \ud83d\ude0a, i think it's the absolute truth and i'm believing in the power of love today"}, {"author_id": 1448836883098783745, "id": 1495140658859986959, "text": "RT @ManuIntiraymi: These Morons told me to \u201cturn the music in my car down\u201d at 4:45 in the afternoon in LA. I love human beings, but ladies\u2026"}, {"author_id": 55676722, "id": 1495135170512539654, "text": "I\u2019m here jamming out and feeling good like it\u2019s 9am. It\u2019s 2:30 in the fucking afternoon. I hate night shift \ud83e\udd23\ud83e\udd23\ud83e\udd23\n\nJK I love it, but it made me laugh because it really feels early"}]