[{"author_id": 2156327187, "id": 1495271623640948744, "text": "He got the \u201cMajor Payne\u201d buttas on"}, {"author_id": 248311035, "id": 1495264453985636354, "text": "Wow she\u2019s never seen major Payne \ud83e\udd26\ud83c\udffe\u200d\u2642\ufe0f"}, {"author_id": 40114823, "id": 1495249851717763072, "text": "Major Payne or Don\u2019t be a menace too long of a title https://t.co/8EbFCyPYYV"}, {"author_id": 1580061464, "id": 1495248426505809920, "text": "@4everBrandy Major Payne &amp; White Chicks https://t.co/JbW42cLUPq"}, {"author_id": 626842231, "id": 1495238337300504582, "text": "@TraditionoleWiz Major Payne"}, {"author_id": 932933490, "id": 1495237404600549380, "text": "Major Payne is such an underrated movie"}, {"author_id": 1322719959261347841, "id": 1495234964362825732, "text": "@LilCutty What In the Major Benson Winifred Payne?! https://t.co/M3oeVqlZDG"}, {"author_id": 2989503115, "id": 1495234960025862167, "text": "@Kultured_Pearl \u201cMajor Payne\u201d because who doesn\u2019t love the robot \ud83e\udd16 \ud83e\udd37\ud83c\udffb\u200d\u2640\ufe0f\nHope all is beautiful sweetheart. \u2665\ufe0f\ud83d\ude4f\ud83c\udffd\ud83d\udcaa\ud83c\udffd"}, {"author_id": 2477908362, "id": 1495233171218214918, "text": "Watching Major Payne For The First Time\u2026\u2026Mind Ya Bidness \ud83e\udd27\ud83e\udd27"}, {"author_id": 169353953, "id": 1495227038982103043, "text": "I'm watching Major Payne (1995) on #Laff. https://t.co/eU4i6zQoFO #trakt"}, {"author_id": 16163374, "id": 1495216440277876736, "text": "RT @Disruptions_: @jr_liscano @ChapterUscaa Major Payne, recommendation for @Treadstone71LLC @CIA @NSAGov @NCSCgov @DeptofDefense from @Dis\u2026"}, {"author_id": 16163374, "id": 1495215826634432518, "text": "@jr_liscano @ChapterUscaa Major Payne, recommendation for @Treadstone71LLC @CIA @NSAGov @NCSCgov @DeptofDefense from @Disruptions_ https://t.co/kCoYT1rehQ"}, {"author_id": 1098094271729520641, "id": 1495213864472186880, "text": "@PatrickFConlon2 Morrison, Dutton, Payne. Can anyone seriously believe in that troika leading us through a major conflict?"}, {"author_id": 743570235379298304, "id": 1495181533036130309, "text": "RT @OwaJohnny: @ampaveli Man I had 2, but I felt like a dickhead walking around the club like major Payne \ud83d\ude02"}, {"author_id": 1195106803635257344, "id": 1495180331481108481, "text": "@ampaveli Man I had 2, but I felt like a dickhead walking around the club like major Payne \ud83d\ude02"}, {"author_id": 360287269, "id": 1495174580511686662, "text": "@KarlousM Major Payne slaps!! \ud83d\ude02 https://t.co/4VNAZAkIQq"}, {"author_id": 126791877, "id": 1495117160456364032, "text": "Major Payne \u201cDONT. YOU. EVER. SAY. N*****. A. GEN. HUH. HEAR ME. HUH. https://t.co/B6CAcRtiPW"}, {"author_id": 126791877, "id": 1495116288833765392, "text": "@KarlousM Major Payne slaps"}, {"author_id": 15775499, "id": 1495112464790290433, "text": "RT @mcnees: He cites Payne when discussing heavier elements, but when he arrives at the surprising result on the abundance of Hydrogen \u2014 a\u2026"}, {"author_id": 1237001983397068801, "id": 1495109453036859393, "text": "@NovusDivus @jeramiib He slapped that nigga like major Payne"}, {"author_id": 1275148092157751296, "id": 1495108192489013252, "text": "@RogerNormanJr2 Is that Major Payne? Lmaoo"}, {"author_id": 3075241205, "id": 1495100795292987395, "text": "@ThatEricAlper Harlem Knights \n\nMajor Payne\n\nDeath At A Funeral (Original)\n\nComing To America"}, {"author_id": 834129739610722305, "id": 1495086658378739714, "text": "@marsmaynard @patrickmryan11 @payne_stan @mwritter @Plainsspeak @Clara42193866 @Jasmyne Did I not say that I thought informal systemic racism continued to be major force through the 80s?"}, {"author_id": 814161729525465088, "id": 1495079060304588801, "text": "The way Major Payne still cracks me up even after I\u2019ve seen it 100 times is beyond me."}, {"author_id": 535972316, "id": 1495078857535275013, "text": "Bruh slapped him on some Major Payne shit \ud83d\ude02\ud83d\ude02 https://t.co/aq9sbppquw https://t.co/y3lFSbh3jQ"}, {"author_id": 16163374, "id": 1495076928025509888, "text": "RT @Disruptions_: @jr_liscano Hoorah! Give it to them Major Payne!"}, {"author_id": 16163374, "id": 1495076890025115652, "text": "@jr_liscano Hoorah! Give it to them Major Payne!"}, {"author_id": 1427581515899277316, "id": 1495067492607275009, "text": "@marvinfreeman84 Major Payne is actually a pretty deep movie. Became a father figure for tiger and made stone into a leader."}, {"author_id": 901601940173455360, "id": 1495065682878373889, "text": "Benny, Ben, Those other dorky ass fascist loving idiots.\n\nAre all that whiny sounding annoying voice kid from Major Payne (1995)"}, {"author_id": 3040359060, "id": 1495055720563318789, "text": "@ThatEricAlper Major Payne"}, {"author_id": 1247494403293360128, "id": 1495045764879470592, "text": "@ThatEricAlper Major Payne"}, {"author_id": 834129739610722305, "id": 1495041082295558147, "text": "@patrickmryan11 @marsmaynard @payne_stan @mwritter @Plainsspeak @Clara42193866 @Jasmyne I don\u2019t think \u201csystemic\u201d racism is a major force in the US today. It definitely was through the 1960s, &amp; in an informal way, it was still pretty powerful through the 70s &amp; 80s, but by 2000 it was greatly diminished, &amp; it becomes more inconsequential each day. 1/"}, {"author_id": 1202053741651931136, "id": 1495028518052376581, "text": "@Theresaroets911 Get Smart - Steve Carell\nSchool of Rock - Jack Black\nMajor Payne - Damon Wayans"}, {"author_id": 263353202, "id": 1494964586742693890, "text": "My babies\u2026Major Payne and Tank (Beans). https://t.co/b8l1FpvIqc"}, {"author_id": 2891872884, "id": 1494923963041865734, "text": "Central Division responding to '6XA - Major Dist Ambulance' at Payne St / Caroline St | Beat 131 | 00:35:13 | https://t.co/rwRteDDVlE"}, {"author_id": 1329360527718572032, "id": 1494896212570513409, "text": "bout to watch major payne"}, {"author_id": 1389701513757429760, "id": 1494888265480085507, "text": "Success in @StackerSports from major payne kwamen https://t.co/QX7UV1NmpV"}, {"author_id": 100922774, "id": 1494860422247239681, "text": "@ThatEricAlper Major Payne"}, {"author_id": 3251029034, "id": 1494856530503503876, "text": "@ThatEricAlper Major Payne"}, {"author_id": 1000031369823735808, "id": 1494856205692506115, "text": "@ThatEricAlper Major Payne \ud83d\ude02"}, {"author_id": 1303747035175235584, "id": 1494855450545864707, "text": "@ThatEricAlper Major Payne https://t.co/gj1GwK1lRw"}, {"author_id": 27922329, "id": 1494847166963195905, "text": "@ThatEricAlper Major Payne https://t.co/AfrXNxgt5N"}, {"author_id": 1118955800699994112, "id": 1494846167317987328, "text": "@LilCutty Major Payne neutralized the situation \ud83d\ude02\ud83d\udc4f\ud83c\udffd https://t.co/B7Q0fI9FNj"}, {"author_id": 707092039972683778, "id": 1494840634015952900, "text": "@FrazierKay Major Payne"}, {"author_id": 800148033694375937, "id": 1494835257547231234, "text": "@ThatEricAlper What About Bob with Bill Murray &amp; Richard Dreyfuss &amp; Major Payne with Damon Wayans"}, {"author_id": 124236099, "id": 1494834273316401153, "text": "@ThatEricAlper Major Payne"}, {"author_id": 1193319489624006657, "id": 1494832116735041539, "text": "@ThatEricAlper There\u2019s too many to name....Monty python and the holy grail, naked gun, airplane, major Payne, just to name a few"}, {"author_id": 2841189760, "id": 1494830835572355075, "text": "@ThatEricAlper Major Payne https://t.co/ZQuxZKh4qB"}, {"author_id": 54374860, "id": 1494809798398799872, "text": "@FreeDogWalker @TheLiverPunch @ogmike He was in Major Payne.  Should be first ballot."}, {"author_id": 56031070, "id": 1494800724416368641, "text": "@PunchZoneAris @TheLiverPunch I'm beginning to think someone paid him to take a dive against Major Payne"}, {"author_id": 342482833, "id": 1494800480257523712, "text": "RT @GlobalBC: Ottawa Police have begun making arrests at the site of protests near Parliament Hill. Security consultant and retired RCMP Ma\u2026"}, {"author_id": 20711586, "id": 1494799909303824387, "text": "Ottawa Police have begun making arrests at the site of protests near Parliament Hill. Security consultant and retired RCMP Major Crimes investigator Bruce Pitt-Payne weighs in. \n\nhttps://t.co/VJBlDp6xse https://t.co/q8qQivlNmv"}, {"author_id": 351345280, "id": 1494794019246944257, "text": "Goat used the major payne slap"}, {"author_id": 48963064, "id": 1494789767233302529, "text": "Dude turned into Major Payne.\nYOU LOVE TO SEE IT https://t.co/CtED8FNDRC https://t.co/Ex6n7nzAnj"}, {"author_id": 322874668, "id": 1494789515218669571, "text": "This mane had did the Major Payne slap \ud83d\ude02\ud83d\ude02 https://t.co/n10wvSpGWR https://t.co/njkHxYZMt5"}, {"author_id": 257914094, "id": 1494784359496306693, "text": "RT @Pat_2xx: naw fr tho mfs be havin to eat like major payne to make it back in time \ud83e\udd26\ud83c\udffe\u200d\u2642\ufe0f"}, {"author_id": 1491826206114820103, "id": 1494775023835533318, "text": "@EssentialEarl In the words of Major Benson Winifred Payne, \u201cSen-suh-tive.\u201d"}, {"author_id": 1435057713051021315, "id": 1494771101444055053, "text": "Major Payne was and still is a wack ass movie \ud83e\udd23\ud83e\udd23\ud83e\udd23.  Ppl been hyping that movie since kids.  I never liked it."}, {"author_id": 237745251, "id": 1494765753085480960, "text": "In 1971, as part of a major study supported by @TheWCS and @NatGeo, Dr. Roger Payne studies the Southern Right Whales of Patagonia for three months. The purpose of the study was to try to correlate whale vocalizations to their behavior. #whales https://t.co/cY7sJZ7Zxb"}, {"author_id": 4751399080, "id": 1494760859956129798, "text": "naw fr tho mfs be havin to eat like major payne to make it back in time \ud83e\udd26\ud83c\udffe\u200d\u2642\ufe0f https://t.co/D7YwOkYIvw"}, {"author_id": 237556585, "id": 1494748861151293449, "text": "Kodak black look like he need be on major Payne with that hair cut \ud83d\ude02\ud83d\ude02\ud83d\ude02\ud83d\ude02\ud83d\ude02"}, {"author_id": 1204843985719775233, "id": 1494712276611485696, "text": "I code\nAnd game.\n\nMeanwhile they play themselves testing people's patience...\n\nTo quote Major Payne in ClownDrag(How Jokerish?):\n\n\"\nHomie don't play D\u25b6\ufe0f T!\n\" https://t.co/zNIHoaVQM6"}, {"author_id": 172997876, "id": 1494702715947081733, "text": "My coworker loves reciting lines from Major Payne \ud83d\ude44\ud83d\ude44\ud83d\ude44"}, {"author_id": 21114425, "id": 1494684912435273733, "text": "\"My name is Benson... Winifred... Payne!!! And I have replaced Major Franklin as your Commanding Officaaaa!!!!\""}, {"author_id": 997544994847232000, "id": 1494670800905019395, "text": "the prsyer was madness but da . foooooood isss. heattttttt (major payne voice) https://t.co/C2GNfrL9Ig"}, {"author_id": 1167695960673329153, "id": 1494639071615930369, "text": "@MacroAlf @biancoresearch that joke reminded me of this movie scene from Major Payne lol\nhttps://t.co/CoQKX5KRX2"}, {"author_id": 19304463, "id": 1494570270861901826, "text": "@ShadyRecords @Eminem @Spotify apes need you major payne https://t.co/CPEguXZPAC"}, {"author_id": 1216446749142745088, "id": 1494561772023418885, "text": "RT @TheOrangeDuke1: This dude thinks I'm Major Payne @RogerNormanJr2 YOU GOT ME GENIUS. I'M ALSO JIMMY DORE."}, {"author_id": 1220511118604374017, "id": 1494561522076454915, "text": "This dude thinks I'm Major Payne @RogerNormanJr2 YOU GOT ME GENIUS. I'M ALSO JIMMY DORE. https://t.co/02PV4VZZsl"}, {"author_id": 1082129878709719040, "id": 1494560029365895171, "text": "@logithordarson @wedissectstuffs @MetaVision_Labs Oh man the nostalgia. Major Payne was amazing"}, {"author_id": 1412594716529528840, "id": 1494547977121284097, "text": "If I was a coach the females gotta shave they head to play for me like Major Payne\u2026 https://t.co/JCNrRIcN8t"}, {"author_id": 560427192, "id": 1494546168801415170, "text": "@RexChapman Up there with Major Payne as my fave childhood movie"}, {"author_id": 2176424847, "id": 1494508474692161562, "text": "Okaaaay Major Payne https://t.co/dgCt7fLJ2e"}, {"author_id": 1261865055039172610, "id": 1494476252555579393, "text": "RT @FOX6Hardison: NEW: Major water main break along Cherry Ave between Hwy 78 and Daniel Payne Drive in Birmingham may cause low or no wate\u2026"}, {"author_id": 411903237, "id": 1494471599608770561, "text": "RT @FOX6Hardison: NEW: Major water main break along Cherry Ave between Hwy 78 and Daniel Payne Drive in Birmingham may cause low or no wate\u2026"}, {"author_id": 26665847, "id": 1494470542308618243, "text": "NEW: Major water main break along Cherry Ave between Hwy 78 and Daniel Payne Drive in Birmingham may cause low or no water pressure/service for next several hours as @BhamWaterWorks crews work to repair"}, {"author_id": 1363453623469023232, "id": 1494468408028585984, "text": "RT @LilBunnyPanda: First time seeing Major Payne\u2026 I\u2019m crying \ud83e\udd23"}, {"author_id": 937020818, "id": 1494463790334812173, "text": "RT @ASU: Brianna Stinsman, a double major in @ASU_SPGS and @asupublicsvc, becomes the first #SunDevil ever to receive the Payne Fellowship.\u2026"}, {"author_id": 240562733, "id": 1494459235677007876, "text": "@MikeDrucker This Major Payne reboot sucks"}, {"author_id": 1363266208284336128, "id": 1494458027780444160, "text": "@DanSoder @MikeDrucker I prefer Major Payne!! https://t.co/0kizKTc40e"}, {"author_id": 1608869114, "id": 1494454002926252034, "text": "@RogerNormanJr2 @HillaryClinton Major Payne, your name says it all. Mrs. Clinton is a highly intelligent and morally developed person who has served our country very well."}, {"author_id": 3080762740, "id": 1494438535201542147, "text": "RT @BrizzyH_: @_Qwezyy Ain\u2019t noneeeee wrong with an off day. Lighten up major Payne \ud83d\ude02"}, {"author_id": 22403016, "id": 1494431722452262912, "text": "@_Qwezyy Ain\u2019t noneeeee wrong with an off day. Lighten up major Payne \ud83d\ude02"}, {"author_id": 33154444, "id": 1494395882854309890, "text": "@angiwyn Makes me think of the movie \u201cMajor Payne\u201d where he would break someone\u2019s finger if they said something hurt because now that other thing isn\u2019t hurting anymore. \n\u2026movies were weird in the 90s"}, {"author_id": 1291468755482980353, "id": 1494377777302151168, "text": "RT @LilBunnyPanda: First time seeing Major Payne\u2026 I\u2019m crying \ud83e\udd23"}, {"author_id": 1407014780938772483, "id": 1494377222039228429, "text": "RT @LilBunnyPanda: First time seeing Major Payne\u2026 I\u2019m crying \ud83e\udd23"}, {"author_id": 2258382170, "id": 1494371725177458689, "text": "No major Payne I run wit soldiers"}, {"author_id": 63499695, "id": 1494365837368516626, "text": "RT @memberSSuccess: Success in @StackerSports from major payne kwamen https://t.co/Mw97Ph2FfE"}, {"author_id": 1389701513757429760, "id": 1494364863564554246, "text": "Success in @StackerSports from major payne kwamen https://t.co/Mw97Ph2FfE"}, {"author_id": 14601715, "id": 1494364481757061120, "text": "*Update*\nDue to weather, OKDHS offices in the following counties are closed  for the remainder of the day 2/17. Staff should telework:  Cimmaron, Texas, Beaver, Harper, Woodward, Ellis, Alfalfa, Blaine, Garfield, Grant, Kingfisher, Major, Woods, Kay, Noble, Osage, Payne, Pawnee https://t.co/Dd7UebAlto"}, {"author_id": 1587029653, "id": 1494362493979967492, "text": "Perkys got us dancing like Major Payne"}, {"author_id": 858652663, "id": 1494360301323444255, "text": "RT @ASU: Brianna Stinsman, a double major in @ASU_SPGS and @asupublicsvc, becomes the first #SunDevil ever to receive the Payne Fellowship.\u2026"}, {"author_id": 18783501, "id": 1494356419944009730, "text": "Brianna Stinsman, a double major in @ASU_SPGS and @asupublicsvc, becomes the first #SunDevil ever to receive the Payne Fellowship. \n\nCongratulations! \ud83d\udd31\n\nhttps://t.co/eJGMlBuevQ"}, {"author_id": 203797371, "id": 1494354429092503556, "text": "So let me get this straight\u2026.they paid that biker nigga on Major Payne a smooth 85 dollars to come whoop his ass \ud83d\ude02\ud83e\udd23"}, {"author_id": 977021778714353665, "id": 1494351632531955715, "text": "RT @OHPDPS: Driver license offices and other state offices in the following counties won\u2019t open until noon today due to inclement weather.\u2026"}, {"author_id": 321661256, "id": 1494332200606584855, "text": "bussdown dog tags biggest waste of money lmao major payne headass"}, {"author_id": 14601715, "id": 1494297993398398982, "text": "Due to weather, OKDHS offices in the following counties are closed to customers 7am - noon, 2/17. Staff with ability should telework:  Cimmaron, Texas, Beaver, Harper, Woodward, Ellis, Alfalfa, Blaine, Garfield, Grant, Kingfisher, Major, Woods, Kay, Noble, Osage, Payne, Pawnee https://t.co/4QgjcLhWJx"}, {"author_id": 24606358, "id": 1494296574687690752, "text": "@RogerNormanJr2 @lulinspector @Twitter @JamesMa96163439 We love you too, Major Payne \ud83d\udc4d"}, {"author_id": 960913923200503808, "id": 1494275900321542147, "text": "Driver license offices and other state offices in the following counties won\u2019t open until noon today due to inclement weather.\n\nCimmaron, Texas, Beaver, Harper, Woodward, Ellis, Alfalfa, Blaine, Garfield, Grant, Kingfisher, Major, Woods, Kay, Noble, Osage, Payne, Pawnee Counties"}]