[{"author_id": 4855127473, "id": 1495283893833912320, "text": "RT @HopefulATA: You're not the man of the house anymore, cuck \ud83d\ude02\u2660\ufe0f https://t.co/gTIK5EhMex"}, {"author_id": 1489881896230301698, "id": 1495283762233495552, "text": "RT @Armyboy1066: FraternityX we made everyone be our bitch: Fraternity X says: Half of joining a frat is learning to be a man. We got this\u2026"}, {"author_id": 1291798193844477953, "id": 1495283400177029127, "text": "@eNCA @bdintaba @MasegoRahlaga Dead snake in the house. Whatever questions you people will ask that Ace of yours,Will not cure his delinquency, That man is finished, Do some research enca and bring live content, Don't attempt to revive deadwood."}, {"author_id": 544686737, "id": 1495283037663375360, "text": "\u201cPraise the Lord! Blessed is the man who fears the Lord, Who delights greatly in His commandments. His descendants will be mighty on earth;The generation of the upright will be blessed. Wealth and riches will be in his house,And his righteousness endures forever.\u201d\nPsalms 112:1-3"}, {"author_id": 1393932633747361794, "id": 1495282953391386624, "text": "RT @bernardfoong: Love is a fire that can warm your hearth or burn your house.\nDEBAUCHERY https://t.co/U7lkaYrqOa is the 3rd book to a sens\u2026"}, {"author_id": 360068445, "id": 1495282671852953600, "text": "RT @lathegoat813: Being the man of the house way more \ud83d\udcafthan being a shooter! https://t.co/UJWkivUswh"}, {"author_id": 1207538824626049024, "id": 1495281955457404932, "text": "RT @SlicingScissors: \"Ideally I don't like going out into the woods late at night. But man I chose the right place this time! This house is\u2026"}, {"author_id": 1215459971510558720, "id": 1495281421954555904, "text": "RT @HopefulATA: You're not the man of the house anymore, cuck \ud83d\ude02\u2660\ufe0f https://t.co/gTIK5EhMex"}, {"author_id": 2395402500, "id": 1495281364102377473, "text": "RT @bernardfoong: Love is a fire that can warm your hearth or burn your house.\nDEBAUCHERY https://t.co/U7lkaYrqOa is the 3rd book to a sens\u2026"}, {"author_id": 1484807763972829186, "id": 1495281071751143436, "text": "Song of Solomon 8:7\n\n7\u00a0Many waters cannot quench love, neither can the floods drown it: if a man would give all the substance of his house for love, it would utterly be contemned."}, {"author_id": 142593072, "id": 1495280674613645315, "text": "RT @Abhi_0033: I complain to my dad about my bully @Jack__The_BULL My dad invited him to scold him. But my bully Jack f\u00f9c\u0137ed my sister @vai\u2026"}, {"author_id": 1242638532059021315, "id": 1495280644934578178, "text": "they do think the person's my reflection but the name of the woman he always says is someone who's never been to my house. I'm not allowed to look in the mirror properly according to voice to skull man so they say I'm not looking at people properly and they think I'm the woman..."}, {"author_id": 914279186143092736, "id": 1495279566516109313, "text": "@todrick better not get out of the house or go back on soical media we about to cancel this man\u2019s whole career right @420poundit #todrickexposedparty"}, {"author_id": 805621719356571648, "id": 1495279439139254273, "text": "RT @RADELORTIZ: The man of the house \ud83d\ude2d\ud83d\ude2d\ud83d\ude2d\ud83d\ude2d\ud83d\ude2d https://t.co/QOZrrBOqqg"}, {"author_id": 950415695434543104, "id": 1495279281366261762, "text": "RT @BrightBekoe_: Many of those marriage is overrated tweets are just out of frustration.\n\nGo to club house and see many beautiful ladies w\u2026"}, {"author_id": 1241277249711509511, "id": 1495279125011087360, "text": "Many of those marriage is overrated tweets are just out of frustration.\n\nGo to club house and see many beautiful ladies with multiple degrees, good job no man, they are bitter, frustrated, the frustration shows every time they speak."}, {"author_id": 418752444, "id": 1495278573254545409, "text": "these bitches who let a man control them are getting out of control. At lease buy shorty a house of move her out of the dump y\u2019all in now. \ud83e\udd74"}, {"author_id": 91050289, "id": 1495278103681282049, "text": "We got a 13 yr old. He is our thespian in the house. He is also a man of great faith. Praying he enjoys every moment. We have been celebrating him all weekend. Today is the crescendo! Turn up\u2026happy birthday son. Welcome to a new season. Help me wish him happy birthday. https://t.co/L84DWtjo8Z"}, {"author_id": 13001192, "id": 1495277037031931910, "text": "Nick Cline gets calls about all kinds of items people want to sell through the Anchorage auction house where he works. But he was caught off-guard by a call he got last fall from a man saying he had \u201cone of the largest opals in the world.\u201d https://t.co/aixhntf0kj"}, {"author_id": 820247937296973824, "id": 1495277034972467200, "text": "A Stepmom Who Takes Care Of The Sexual Needs Of The Middle Aged Man Staying In A Room In Her House (34 Years Old, Unemployed Son) - Airi Kawamasa https://t.co/hkNFKAnnmk #sex #fuck #porn #jav"}, {"author_id": 1028543734240165888, "id": 1495276323970842626, "text": "RT @Erin1137: So my husband put up something for sale via Facebook and had all of these men showing I interest in the item. This guy will s\u2026"}, {"author_id": 32153667, "id": 1495276165870891011, "text": "@ixistyler You're could be right. For me, I stopped reading around 2012, before even the first Mega Man crossover, but even back then it *kind of* felt like they were starting to clear the house of anything that wasn't game related."}, {"author_id": 369029151, "id": 1495275997909901313, "text": "RT @Charlotte_Giuli: @NoVA_Campaigns @thevivafrei @OttawaPolice @thevivafrei Please convey thanks to this young man. He's now fighting for\u2026"}, {"author_id": 1461383327651282953, "id": 1495275209334476800, "text": "@GOPLeader Kevin,you should be ashame for calling any investigation on Trump,a hoax,are you really that desperate to become speaker of the house,to the point that you are lying on Trump behalf?you are willing to bet your political career base on lies? Come on man,show some integrity be aman"}, {"author_id": 1411286302327066626, "id": 1495275019827511297, "text": "RT @Abhi_0033: I complain to my dad about my bully @Jack__The_BULL My dad invited him to scold him. But my bully Jack f\u00f9c\u0137ed my sister @vai\u2026"}, {"author_id": 1072219336943620097, "id": 1495272833760788480, "text": "RT @NextDoorStudios: \ud83c\udf83  5-man Halloween orgy!  Catch @ryanjordanxxx @TrevorHarrisXXX @JaydenMarcosXX @JaxThirio &amp; #KyleWyncrest star in Gha\u2026"}, {"author_id": 142742829, "id": 1495272428473303043, "text": "I was in full bitch mode tonight!!! \nNormally I\u2019m thugged out looking like the man of the house \ud83d\ude02\ud83d\ude02\ud83d\ude02"}, {"author_id": 1488532150391558157, "id": 1495272026671620097, "text": "RT @glennkirschner2: If this isn\u2019t a stirring call for ALL law-abiding, democracy-defending Americans to vote in 2022 to prevent the Republ\u2026"}, {"author_id": 1919511079, "id": 1495271829342408704, "text": "RT @GrouchPotato20: My wife would destroy this excuse for a man. Real men don\u2019t need to own women, they don\u2019t relegate them to cooking, cle\u2026"}, {"author_id": 45591977, "id": 1495271536843972609, "text": "@DouglasDeCelle @TheReligiouslie 2/ is Deut 23v1. Apparently god doesn't accept any man into his house of worship is their manly bits aren't in perfect tact? So while I understand the excuses that could be made for understanding this verse, the question is whether it is moral to treat someone this way? The verse https://t.co/Clgzyg5bg2"}, {"author_id": 1437365910264819712, "id": 1495271440169541637, "text": "RT @NormanBrennan: BREAKING NEWS; A 24yr Man has been arrested on suspicion of Murder after a Woman was found dead in a house fire in Folke\u2026"}, {"author_id": 1316989519770480640, "id": 1495271266671947776, "text": "that is the face of a man who just murdered a family and burnt down their house afterwards https://t.co/pcOq2fsSFZ"}, {"author_id": 1357148865078517760, "id": 1495271261538177026, "text": "Carnival\nHellboy\nAHS season several\nDeadwood?\n\nBurning Man Center Cafe backdrops,\n&amp; SatanCorp? HellCo? House of Mirrors et ceterad infinitum,\n\nOh hey it's the sheriff from Justified, yes thaaat one,\n&amp;\nBabies in Jars via Rene French I reckon\nTony Colette's migrant mother pose\ud83d\ude43\n3/"}, {"author_id": 925236898305523712, "id": 1495271206656036865, "text": "RT @NGFeathers: Australia, 2022:\n\nMe, sitting in my nice house, eating a nice omelette, and watching a beautiful man on Twitter make beauti\u2026"}, {"author_id": 1125412154558025728, "id": 1495270920293916676, "text": "RT @FreiKrystian: How do you feel about women if you say, \"of course I'm always wrong. I'm the only man in the house surrounded by women!\".\u2026"}, {"author_id": 189737138, "id": 1495270352242499589, "text": "RT @MarciaLudd: @JohnathanPerk I toured the Crenshaw House in the early 90s.  It's located ironically by Equality, IL.  Free blacks &amp; runaw\u2026"}, {"author_id": 994154815, "id": 1495270251336019971, "text": "@Banter208 @MosopjadiM @danielmarven So you want to check in n out as if you are at a hotel at another man's house? The same man taking care of your child majority of the time. Lets put pride and ego aside and do the right thing."}, {"author_id": 1429042785496158209, "id": 1495270118934614018, "text": "@CaldronPool A man will seize one of his brothers in his father\u2019s house, and say,\u201cYou have a cloak, you be our leader; take charge of this heap of ruins!\u201d\nBut in that day he will cry out,\n\u201cI have no remedy.\nI have no food or clothing in my house;do not make me the leader of the people.\u201d"}, {"author_id": 1869870930, "id": 1495269854114365440, "text": "Man I was supposed to hit the club and get white girl wasted tonight. I\u2019m so sick of this boring wanting to sit in the house everyday shit"}, {"author_id": 1493989232200884231, "id": 1495269849576128514, "text": "@HouseGOP @Jim_Jordan I feel sorry for the GOP, they live in fear of man [Trump] who cost them the House, Senate, and the Oval Office. And they want to back a blown-out retread who isn't even a true dye in the wool republican. And he turned his party into a death cult."}, {"author_id": 558196765, "id": 1495269428748959747, "text": "His birthday is Tuesday 2/22 \ud83e\udd0d \nI\u2019m sad , mad , hurt and still in disbelief. He legit made everything better. He was the man of the house, my hero , my ride or die. All I have are memories now\ud83d\ude22 my heart \ud83d\udc94"}, {"author_id": 958672199845588993, "id": 1495268679986126852, "text": "\ud83c\udf0e PUTIN,JESUS SAID,\"BUT KNOW THIS, IF THE GOOD MAN OF THE HOUSE HAD KNOWN IN WHAT WATCH THE THIEF WOULD COME HE WOULD HAVE WATCHED &amp; WOULD NOT HAVE SUFFERED HIS HOUSE TO BE BROKEN UP.\" Mt 24:43  PUTIN,U R A THIEF &amp; MURDERER IF U START THIS WAR=U IN ETERNAL HELL\ud83d\udd25.\ud83d\uded1 \ud83d\ude4f Jn3:16-21"}, {"author_id": 1445077810880684033, "id": 1495268341585682432, "text": "RT @Abhi_0033: I complain to my dad about my bully @Jack__The_BULL My dad invited him to scold him. But my bully Jack f\u00f9c\u0137ed my sister @vai\u2026"}, {"author_id": 1300355057511211008, "id": 1495268192276471812, "text": "RT @Abhi_0033: I complain to my dad about my bully @Jack__The_BULL My dad invited him to scold him. But my bully Jack f\u00f9c\u0137ed my sister @vai\u2026"}, {"author_id": 1490515696920506369, "id": 1495267046325633025, "text": "In 2016... I was a BEST MAN and I am still the BEST MAN. Mom didn't want to ENTER 13777 Badger CREEK DRIVE... SHE LOVED my house in 2011. Texas. You clowned on ME in 2012. 10 year anniversary... Collin County lawyer WARREN PRICE... my LOSE of EVERYTHING starts with HIM..."}, {"author_id": 43429394, "id": 1495266928440479744, "text": "@Ghostless Maybe the House of Torture with Evil.  Man.....this is getting crazy!! We're not in Kansas anymore!!"}, {"author_id": 1229650844393627648, "id": 1495266846467301377, "text": "RT @AnjumFeroz1: @piousdeenn I won\u2019t quote the Qu\u2019ran because everybody knows but romance in Islam, in a nutshell, is when a man sheds his\u2026"}, {"author_id": 313037820, "id": 1495266603130257412, "text": "RT @MarciaLudd: @JohnathanPerk I toured the Crenshaw House in the early 90s.  It's located ironically by Equality, IL.  Free blacks &amp; runaw\u2026"}, {"author_id": 199597160, "id": 1495266305146068992, "text": "You talking to the disgraceful @ArifAlvi the commander of the attack on PTV AND the PM's House Mariana? The 18 Million $ man? The man is beyond #Shameless. It is fitting that he is CinC of the land grabbing Lumber 1 Phauj the Navy and the AirForce!!\ud83d\udc4f\ud83d\udc4f\ud83d\udc4f\ud83d\udc4f https://t.co/1yctbvgXNJ"}, {"author_id": 763965328812412928, "id": 1495266256617754624, "text": "@Farfalla131 Imagine what ALL they must've been doing to convince a man of his intellectual capability that the house was indeed haunted &amp; to make him agree to shift out of his dream house! This vile family needs to rot in jail!!\n#JusticeForSushantSinghRajput"}, {"author_id": 1447047072159571970, "id": 1495265509977305092, "text": "@soundwavesphotn Spend half of it on art to support these DEGENZ on Tez,transfer my wallet to my son and buy my family a house pay for lil man\u2019s school start a savings account with half of what\u2019s left for him and go fuckin crazy with the rest\u2026.mic drop"}, {"author_id": 158588086, "id": 1495265339864715265, "text": "RT @GiselleTka: Psalm 92:12\n \nThe righteous man will flourish like the palm tree\n\ngrow like a cedar/\n\nPlanted in the House of the Lord\n\nflo\u2026"}, {"author_id": 2479778237, "id": 1495265189658300419, "text": "I stopped taking @norbertmao seriously when he refused to honor his word after failing to lead DP to 16 parliamentary seats. What is the worth of a man who can't honor his own word? Imagine such shamelessness in state house!"}, {"author_id": 461390236, "id": 1495264736816029699, "text": "All of the fucked up shit Danielle is taking this man through and the deal breaker is costumes, a dirty cluttered house and broken furniture from wild parties with her friends\u2026got it. #LoveIsBlind"}, {"author_id": 1807432802, "id": 1495264601340006404, "text": "John Wayne Gacy is one of the many serial killers that shocked me. The man killed 33 males between the ages of 10 - 20. He buried almost half of them under his house."}, {"author_id": 172185108, "id": 1495264447702523905, "text": "@House_of_Champs @MBTYuGiOh Man those were the days."}, {"author_id": 1172384938416467968, "id": 1495264401288429572, "text": "RT @sumanthraman: If CM had a slip of the tongue it is not a major issue. A man working under so much pressure can have an occasional slip\u2026"}, {"author_id": 1367325762861334528, "id": 1495264287148818434, "text": "If I have to endure another year of the old man at the inspection sticker place joking about how I \u201cstole my moms car\u201d I\u2019m gonna lose it.\n\nI am a grown ass woman with a whole house, husband and three cats.  It isn\u2019t meant to be a compliment because I know I don\u2019t look 16."}, {"author_id": 1074527289046634496, "id": 1495263783320793096, "text": "RT @CarolinaCup5: @trayceporter is a sexy, muscled, flipping hunk of man! Confessions of the house party guest room! He gives as well as he\u2026"}, {"author_id": 728463915043065857, "id": 1495263034264403970, "text": "RT @sharmameetsu: @iVishnuManchu congrats on the super duper bumper \u201chit\u201d of #SonOfIndia. \ud83d\udc4f\ud83c\udffc\ud83d\udc4f\ud83c\udffc\ud83d\udc4f\ud83c\udffc Don\u2019t miss the memes buddy. ur family is a\u2026"}, {"author_id": 1501641, "id": 1495262951263006724, "text": "The problem with patriarchy is that much of it is innocuous. This morning my door bell rang and a man demanded - without as much as even saying Namaste or acknowledging my presence in my own house, at my door, to see \"Saab\". It was not even a question, it was an order..."}, {"author_id": 1088099732, "id": 1495262880375132160, "text": "RT @GiselleTka: Psalm 92:12\n \nThe righteous man will flourish like the palm tree\n\ngrow like a cedar/\n\nPlanted in the House of the Lord\n\nflo\u2026"}, {"author_id": 1461076384852361219, "id": 1495262806236700674, "text": "got people everywhere giving me their bandits of s*** and then you jump on my ass because they want to kill you\n\nBlacks\nIron Man problems on breaking into my house trying to protect me said that the black killed his whole family and guess"}, {"author_id": 804145073432641541, "id": 1495262288713977859, "text": "\"[For the Son of man is] as a man taking a far journey, who left his house, and gave authority to his servants, and to every man his work, and commanded the porter to watch.\" ~Mark 13:34 #Bible #Jesus #Faith"}, {"author_id": 2374974295, "id": 1495262059646357511, "text": "Not to be an old man \"they don't make them like this anymore\" but I love that the climax of this movie takes place in a house and involves about 7 people tops. So restrained but still bad ass and engaging."}, {"author_id": 2814103321, "id": 1495261558229794821, "text": "@bluesidehoseok I like house of cb more but like man the selkie dress is so cute too\ud83e\udd7a"}, {"author_id": 894746377015525376, "id": 1495261454353649664, "text": "RT @angleskvn: The la house will be set on fire because of how hot this man is. https://t.co/D6U1CCuY2C"}, {"author_id": 1437535502630940674, "id": 1495261368169103361, "text": "RT @Abhi_0033: I complain to my dad about my bully @Jack__The_BULL My dad invited him to scold him. But my bully Jack f\u00f9c\u0137ed my sister @vai\u2026"}, {"author_id": 1458357676711157761, "id": 1495260945920135173, "text": "I complain to my dad about my bully @Jack__The_BULL My dad invited him to scold him. But my bully Jack f\u00f9c\u0137ed my sister @vaishalisweet18 infront of me &amp; my dad. We watch like loosers.  From that day we pimp our family ladies to his manly BLACK C\u00d2CK He becomes man of my house now https://t.co/c01MHx4cRO"}, {"author_id": 158218335, "id": 1495260666743201795, "text": "man right up to her, so that their noses were touching and she smelled his breath. It smelled of meat. ...\n\n\"You've made it clear time and again that nothing happened in the White House without your approval. ... (1/9)"}, {"author_id": 44873670, "id": 1495260057059184644, "text": "@RepSwalwell @HouseGOP Harry Truman Library \nNote\nYou evidently belong to that class of individuals who are sure that the man in the White House should be patronized and belittled.\nHorace Greely and old man Medill remarked of Lincoln's address at Gettysburg \"the President made the usual ass of himself."}, {"author_id": 1204564497228275712, "id": 1495259811218350080, "text": "a kid who has never lived with any man before and to have a stranger in the house (her father has not lived with them for 14 yrs he is a stranger to her) must feel very uncomfortable... so her sort of standoffish behavior I can understand. To hear another person is invading her"}, {"author_id": 30356363, "id": 1495259070747582471, "text": "My Dad Is The Kind Of Man Who Is Calling Me By The Time That I\u2019m Walking Up To My Door Because He Knows Just How Many Minutes It Takes To Get From His House To Mine. Always Protecting Me.. Even From Afar. \u2764\ufe0f"}, {"author_id": 1318649772807458816, "id": 1495259029458849795, "text": "as i was tweeting this the scene at the end of the credits played.. so that wasn't a hallucination or nightmare or whatever?? leatherface is alive??? and he somehow knew the route to his house??? AND HE SURVIVED ALL THAT SHIT AS AN OLD ASS MAN????????????"}, {"author_id": 1129151951671836672, "id": 1495258983380271115, "text": "RT @GymnosStage: \"A fire was burning in front of the house, and an altogether comical little man was jumping around the fire, hopping on on\u2026"}, {"author_id": 1154776674895925248, "id": 1495258961188061188, "text": "RT @sumanthraman: If CM had a slip of the tongue it is not a major issue. A man working under so much pressure can have an occasional slip\u2026"}, {"author_id": 1066893217411579905, "id": 1495258760004214785, "text": "@light___house Sorry you\u2019ve been conned- the liberals have been the baddies for quite some time now. The irony is their catch phrases for the working man, against big business, is part of the con- they\u2019ve been in bed with those folks for decades"}, {"author_id": 364214783, "id": 1495256908344795146, "text": "RT @SunSentinel: Boynton Beach man bought Tesla storage batteries for his solar system and pays almost nothing to FPL. Is this the future o\u2026"}, {"author_id": 510801648, "id": 1495256900182495242, "text": "1888: First Man of Color Elected to U.S. House of Representatives from Virginia\nContext: John Mercer Langston was born free in VA of a mixed-race mother &amp; White father. He was the first dean of Howard University\u2019s law school."}, {"author_id": 1438263592915279873, "id": 1495256479347130370, "text": "RT @glennkirschner2: If this isn\u2019t a stirring call for ALL law-abiding, democracy-defending Americans to vote in 2022 to prevent the Republ\u2026"}, {"author_id": 534667076, "id": 1495256476553814016, "text": "Please forgive the expression. I just witnessed the owner of a bar on Columbia Pike in #ArlingtonVA escort a homeless lady to the back of the house for food and shelter. I am destroyed with man tears. #Arlington #Virginia"}, {"author_id": 79061630, "id": 1495255240672792584, "text": "Love is a fire that can warm your hearth or burn your house.\nDEBAUCHERY https://t.co/U7lkaYrqOa is the 3rd book to a sensually illuminating true story about a young man coming-of-age in a secret society &amp; a male harem.\n#AuthorUproar\n#FreshInkGroup https://t.co/UFYOod25X9"}, {"author_id": 3191982058, "id": 1495255076474134530, "text": "RT @CarolinaCup5: @trayceporter is a sexy, muscled, flipping hunk of man! Confessions of the house party guest room! He gives as well as he\u2026"}, {"author_id": 954042692346015745, "id": 1495254897423536130, "text": "@BatCatFantasies Say Cassie were successful in murdering Nina's rapist and leaving the house? Then what? Nina's still fucking dead, Cassie still has no life of her own. And that ending kinda tells that it was Nina's own damn fault that she did was raped by a man so easily defeated"}, {"author_id": 386667599, "id": 1495254876548476930, "text": "RT @glennkirschner2: If this isn\u2019t a stirring call for ALL law-abiding, democracy-defending Americans to vote in 2022 to prevent the Republ\u2026"}, {"author_id": 1084217197, "id": 1495254099633319947, "text": "@praisegodbarbon like the dinner scene in Borat, he talked about how he thought 2 of the 3 married women at the table were hot, repeatedly called a man retarded, and brought them a bag of his own shit and they tolerate all of it but bringing a black woman into the house is what crosses the line"}, {"author_id": 1350501812189671432, "id": 1495253729058205698, "text": "Today's #ScriptureOfTheDay is 1 Timothy 3:5 (#KingJames):\n\nFor if a man know not how to rule his own house, how shall he take care of the church of God?\n\n#Scriptures #Bibleverse #BibleVerses"}, {"author_id": 1461581516, "id": 1495253618848669700, "text": "The supremely avaricious Mr Mugg, a man of dubious taste, proudly shows off just what dirty money can buy. \nHe even itemises the spoils.\nIts like taking the burning of \u00a350 notes in front of beggars to a whole other level.\n\nhttps://t.co/vEogUrGDMO"}, {"author_id": 141584822, "id": 1495252981125505028, "text": "A 72-year-old man was burnt to death after a major fire broke out in his house in the #Delhi's Najafgarh area, in the intervening night of Saturday and Sunday.\n\nPhoto: IANS (Representational image) https://t.co/KKAA3BX2ji"}, {"author_id": 1487325629267779584, "id": 1495252852318478336, "text": "@FaZeRug dude STOP WITH THE HOUSES ITS GETTING TIRING HAVING TO MOVE ALONG WITH U LIKE MAN U KEEP RUINING MY FAN ART BRO (I always draw u in front of ur house) LIKE BRUH"}, {"author_id": 833751952576172032, "id": 1495252694835118085, "text": "@joncoopertweets He has been conducting his 45 blah blah blah from his Fl \u201cwhite house\u201d - the narcissist thought he should get those. This man is such a filthy liar cheater criminal. He\u2019s made a mockery of our people, country, &amp; especially our government. And we continue with this whole farce."}, {"author_id": 967735687964323841, "id": 1495252573518848004, "text": "Treasonous Trump should\u2019ve been in prison before you ever got the idea of cheating his way into our White House! Donald is clearly a despicable dishonest man who we never should allowed in the White House without the vote of the people which he didn\u2019t have! https://t.co/AgD8GMkqk9"}, {"author_id": 24320465, "id": 1495252275673063424, "text": "130) BEYOND THE SEVENTH DOOR (1987): A Canadian straight to video thriller about a crook and girlfriend who break into a rich man\u2019s house, only to find puzzle rooms that are deadly.  Noteworthy for the weird ass lead of this.  #Riffotronic https://t.co/8iwyjZq39n"}, {"author_id": 1405553349513121802, "id": 1495250873244655619, "text": "RT @CarolinaCup5: @trayceporter is a sexy, muscled, flipping hunk of man! Confessions of the house party guest room! He gives as well as he\u2026"}, {"author_id": 1253781291755024384, "id": 1495250614858747909, "text": ".. put ya hand in the oven if you touch my things, i\u2019m shuffling the cards bout to cut my queen! but i ain\u2019t the dealer, house full of b*tches like tila tequila. yeah.. i\u2019m the man in the mirror my swagger just screaming, \u201cmf do you hear her?\u201d drizzly drake with the lick read.."}, {"author_id": 6165462, "id": 1495249850006646784, "text": "@LesStonehouse I remember my mum telling us kids that gran &amp; the oldest girl needed to work because the man of the house failed to support a family of 6 &amp; drank it away. \n\nThe 50s and 60s were great at subjecting women to domestic servitude. #nothankyou"}, {"author_id": 2233459057, "id": 1495248546915889153, "text": "@jordanbpeterson \"If I knew for a certainty that a man was coming to my house with the conscious design of doing me good, I should run for my life.\" - Thoreau"}, {"author_id": 1191518152103993344, "id": 1495248504339447809, "text": "This man has had 4 beers and is drunk. I clearly am the man of the house."}, {"author_id": 791838642448830469, "id": 1495248172481982471, "text": "RT @LangmanVince: I noticed Sloppy Joe is trending \nDid the senile old man in the White House crap his pants in front of the Pope again?"}]