[{"author_id": 1353805850691964928, "id": 1495077720761548805, "text": "@stanshak24 @Alfredo76998032 @ad3llin Lmfao taxkira has 6 worldwide tours and get paid 1$ per concert lol, queen J Lo only 1 worldwide tour and made more money \ud83d\udc85\ud83c\udffd taxkira has so manny jobs but get paid 10$ that\u2019s the difference between her and J Lo, talk to me when taxkira can achieve something similar\ud83d\udc85\ud83c\udffd https://t.co/bmxMRMAvvV"}, {"author_id": 233398561, "id": 1494410455867027457, "text": "@ESPNRingside @FloydMayweather Floyd Mayweather not fight the greatest of his era at their prime! Fight Manny Pacquiao after he was KO\u2019d, Shane Mosley after his loss, De Lo Hoya at the end of his career! Floyd Mayweather only fights Women aka his babies momma\u2019s in their prime! #TheTruthHurts"}]