[{"author_id": 207630647, "id": 1495112928269422600, "text": "The Kenneth Branagh directed cinematic version of Mary Shelley\u2019s Frankenstein arrives on 4k bluray 28th March, 2022 from Arrow ( @ArrowFilmsVideo ) https://t.co/sox6FYHnE8 via @FromPage2Screen"}, {"author_id": 2969250867, "id": 1494635867117342720, "text": "NOVELS:\u00a0mary shelley\u2019s frankenstein octavia butler: parable of the sower\u00a0rubric https://t.co/Wms6q3578C"}, {"author_id": 2969250867, "id": 1494633545805017088, "text": "NOVELS:\u00a0mary shelley\u2019s frankenstein octavia butler: parable of the sower\u00a0rubric https://t.co/7Ap5NHhw05"}, {"author_id": 2969250867, "id": 1494626762134802443, "text": "NOVELS:\u00a0mary shelley\u2019s frankenstein octavia butler: parable of the sower\u00a0rubric https://t.co/yHoDr9g3Tt"}, {"author_id": 2969250867, "id": 1494612754270863364, "text": "NOVELS:\u00a0mary shelley\u2019s frankenstein octavia butler: parable of the sower\u00a0rubric https://t.co/ub6A9WXlkd"}, {"author_id": 2969250867, "id": 1494582139639246848, "text": "NOVELS:\u00a0mary shelley\u2019s frankenstein octavia butler: parable of the sower\u00a0rubric https://t.co/zNXBovZC81"}, {"author_id": 1643046553, "id": 1494004116351328258, "text": "The Science of Life and Death in Mary Shelley\u2019s Frankenstein\n https://t.co/4Osb6rXsdI"}, {"author_id": 143822411, "id": 1493910570642329601, "text": "Dare to enter Victor Frankenstein's miserable attic quarters for this escape room adventure....\nhttps://t.co/3mbwa6nTR6"}, {"author_id": 740950189951877120, "id": 1493258628475797504, "text": "Love letter? Try writing your sweetheart a rave review. https://t.co/hUf7hXTViK"}]