[{"author_id": 122557484, "id": 1495054384849375236, "text": "@SamuelAAdams @phillipstribune @ADuralde Mary Reilly, yeesh, what a miserable slog that was. The phase of Julia Roberts' career where I guess she got sick of everyone gushing over her charm and decided NEVER TO CHARM ANYONE AGAIN"}, {"author_id": 18036062, "id": 1495032625261645826, "text": "@phillipstribune @ADuralde Mary Reilly. I win/lose."}, {"author_id": 335667000, "id": 1494697613513404427, "text": "Name the common thread:\n\nCharles Nelson Reilly\nRuth Buzzi\nJohnny Whitaker\nMartha Raye\nJim Nabors\nMary Wickes\nDeidre Hall\nButch Patrick\nMargaret Hamilton\nBilly Barty"}, {"author_id": 1420391855317995520, "id": 1494662660553687044, "text": "RT @2020SandersonSB: Catherine Berens\nMacon Blackwood\nReilly Clougherty\nMarlee Darlington \nAryanna Fontenot-Lyles\nMary Hares\nElizabeth Jahn\u2026"}, {"author_id": 856407462, "id": 1494656930555568128, "text": "We offer our deepest sympathy to our over 35\u2019s player Damien on the sad passing of his brother Mikie.. Sending our condolences to Michael, Mary, Lily, Aisling, Niamh, Philip and to the extended Reilly and Farley families.\nAr dheis D\u00e9 go raibh a anam."}, {"author_id": 1431257926371618816, "id": 1494487806118404099, "text": "RT @2020SandersonSB: Catherine Berens\nMacon Blackwood\nReilly Clougherty\nMarlee Darlington \nAryanna Fontenot-Lyles\nMary Hares\nElizabeth Jahn\u2026"}, {"author_id": 1110573181910306817, "id": 1494487317133897736, "text": "Catherine Berens\nMacon Blackwood\nReilly Clougherty\nMarlee Darlington \nAryanna Fontenot-Lyles\nMary Hares\nElizabeth Jahn\nAnna Kish\nCaroline Levinson\nAlana Malone\nStephanie Munt\nEmily Porter\nKayla Ross\nFrazier Sims\nAlex Sine \nMason Stanley\nLily Thorpe\nMya Tse\nGabby Winneberger"}, {"author_id": 1478764975384580097, "id": 1494377514046787594, "text": "@Joey_joe_joe_ This came up, and I loved Step Brothers, and Richard Jenkins and Mary Steenburgen are two of the most talented actors alive, but I don\u2019t have it there cuz it relies on the Reilly/Ferrell chemistry like Ricky Bobby, and to me is clearly less funny. But it was sooo good."}, {"author_id": 961590509306306560, "id": 1494377132155416583, "text": "@GenTXer 100% agree. I would also add Immortals, Mary Reilly, and The Dark Backward to my list."}, {"author_id": 240015363, "id": 1494245721075236867, "text": "@NotMikeHarlow Yes it was a horrible movie.  A close second is Mary Reilly with Julia Roberts."}, {"author_id": 2734209484, "id": 1494000871306313735, "text": "So Ben Reilly betray Spider-Man leaving Mary Jane in danger and he didn't return to help with the female version of the Goblin.  \ud83e\udd26\u200d\u2640\ufe0f\ud83e\udd26\u200d\u2640\ufe0f"}, {"author_id": 770479050724892672, "id": 1493733094637162498, "text": "@Jovencub Julia Carpenter \nJessica Drew\nPeter Parker\nBen Reilly \nMary Jane (Exiles Spider-Woman)"}, {"author_id": 765161786278576128, "id": 1493218633488769027, "text": "RT @NickSperrazza9: A Roast of Will Ferrell would be an all time great\n\nJohn C Reilly\nMark Wahlberg\nSteve Carrell\nMike Ditka \nVince Vaughn\u2026"}, {"author_id": 1201939523703394304, "id": 1493182616874504194, "text": "@JTMLX @diaryofdian @sancho08 Reimaginings take source content &amp; reframe (Mary Reilly, Rosencrantz &amp; Guildenstern Are Dead). Ex. Anne interacts w/Arcadians (French), Caribbean (Trini), Indigenous (Miq\u2019kmaq) who were living on PEI in 1890s. Plus AoGG:Sequel (87) &amp; Continuing (2000) weren\u2019t canon but are great"}, {"author_id": 1338666675156242436, "id": 1492949601070063617, "text": "Check out MARY REILLY [DVD] Julia Roberts, John Malkovich #ABIS_DVD https://t.co/7COJ853S9Y via @eBay"}]