[{"author_id": 1037962663, "id": 1495287484619624449, "text": "@anniecamlic Can you say hi to Matilda and Rosie plz https://t.co/ks2wg5vN4P"}, {"author_id": 1457822879601598468, "id": 1495286745750978563, "text": "RT @daddyhope: This is Matilda Street in Harare\u2019s low density suburb of Waterfalls, leading to Uplands shops.\n\nWhen you see a supposedly up\u2026"}, {"author_id": 1455584282488020995, "id": 1495286330854711304, "text": "RT @Garrett_Watts: Has anyone else wanted one of these chocolates from Matilda for their entire lives https://t.co/ttJqTWB3dp"}, {"author_id": 282747184, "id": 1495284818552176642, "text": "Move thru the crowd with charisma makin\u2019 hard moves without speaking like Matilda"}, {"author_id": 599154477, "id": 1495282622414692354, "text": "@Peacechristia19 Follow back \ud83d\ude4f \u263a Matilda"}, {"author_id": 1417045752531111936, "id": 1495281796573020163, "text": "#BTposse #ZSHQ Fwends I is fed up wiv Lady Matilda gettin all ve likes, so vis is me as a pupster annoyin her! I hopes u likes it! \ud83d\udc9cSir Muffin! https://t.co/bBLpuZ5TZH"}, {"author_id": 807427300912308225, "id": 1495281653354500100, "text": "Pov matilda is going to smash @jennabyrne04 at bowling"}, {"author_id": 137060867, "id": 1495281644730785796, "text": "RT @utvghana: Good feelings with our beautiful guests @nanaakuaaddo and Matilda Asare on #UnitedShowbiz https://t.co/uCM0XeQUNl"}, {"author_id": 1250171505373143040, "id": 1495281493391941633, "text": "Meet the coaches that made it all happen!    So proud these young ladies! \ud83d\udc4f\ud83d\udc4f\ud83d\udc4f #hornsup\ud83e\udd18 2022 Lil\u2019 Toros Basketball Camp @ Matilda Torres High School https://t.co/5wttF5yWSX"}, {"author_id": 77647945, "id": 1495281350437339136, "text": "RT @CyclingCentral: There's a big break in the peloton with a group of race favourites including Nicole Frain, Georgie Howe, Maeve Plouffe,\u2026"}, {"author_id": 1478957824499662855, "id": 1495280838400950273, "text": "RT @Defectivedoodlz: Fat bottom girls.\n\n(shout out to whoever made that evangelion edit btw. Meant to also say that on the Matilda art I ba\u2026"}, {"author_id": 1159194383536672769, "id": 1495279875434823687, "text": "@NoahTarnow Been out Walzting Matilda?"}, {"author_id": 1250171505373143040, "id": 1495278873508032512, "text": "Just posted a photo @ Matilda Torres High School https://t.co/MtImPfSgBo"}, {"author_id": 1250171505373143040, "id": 1495278538525655040, "text": "Just posted a photo @ Matilda Torres High School https://t.co/VJMXZQr9ts"}, {"author_id": 1366141928274882564, "id": 1495278501158658049, "text": "\u2800 \n\u201c if  you  can  learn  then  you  can  teach.  but \u2026  yeah.  you  look  like  a  preschool  music  teacher.  a  male  version  of  miss.  honey  from  matilda.\u201d  fingers  tapping  lightly  against  his  thigh. \n\u2800 https://t.co/3GJnoA0Auw"}, {"author_id": 1140467166, "id": 1495278436000186374, "text": "@ayanda_yandiey_ Matilda (movie)"}, {"author_id": 63767559, "id": 1495278298250817540, "text": "RT @BuzzFeed: There was a spit bucket for THAT chocolate cake scene in Matilda. https://t.co/UhfPi80jNh"}, {"author_id": 1250171505373143040, "id": 1495278231800406016, "text": "Just posted a photo @ Matilda Torres High School https://t.co/UWKtFA3jMs"}, {"author_id": 1250171505373143040, "id": 1495277732057563145, "text": "Just posted a photo @ Matilda Torres High School https://t.co/CDQcYh9VXZ"}, {"author_id": 434377706, "id": 1495277335561613313, "text": "My mama still only has her permit. I had to grow up fast like Matilda https://t.co/CKpw46sOvA"}, {"author_id": 1250171505373143040, "id": 1495277296449585152, "text": "Just posted a photo @ Matilda Torres High School https://t.co/wkh1clZUDE"}, {"author_id": 5695632, "id": 1495277076773019648, "text": "There was a spit bucket for THAT chocolate cake scene in Matilda. https://t.co/UhfPi80jNh"}, {"author_id": 1332926330011312129, "id": 1495276655291650048, "text": "@MCoffeart i\u2019m active in jd and matilda"}, {"author_id": 1030389628392689664, "id": 1495276336985911298, "text": "RT @utvghana: Good feelings with our beautiful guests @nanaakuaaddo and Matilda Asare on #UnitedShowbiz https://t.co/uCM0XeQUNl"}, {"author_id": 970712372330446848, "id": 1495275684482088961, "text": "Matilda character designs cause I rewatched the movie https://t.co/B5kgjLPZmv"}, {"author_id": 3387569464, "id": 1495273611384528899, "text": "Waltzing Matilda\nhttps://t.co/rH73kQ8E4D"}, {"author_id": 1052240785901535232, "id": 1495272268779323392, "text": "@Monicaa_Matilda Thank you ma"}, {"author_id": 1315601498, "id": 1495271530858618881, "text": "@Wes_theLargo Fargo, hunchback and Matilda. Such a great year. Thank you brother"}, {"author_id": 1395792403739590662, "id": 1495270243379331081, "text": "@paulfromme I haven\u2019t seen Matilda in so long \ud83d\ude2d"}, {"author_id": 1339315078294884352, "id": 1495270140140822531, "text": "@SadieLadie3113 this the cake from matilda"}, {"author_id": 1190187590856503297, "id": 1495268784650985473, "text": "@keiraearner Matilda moment"}, {"author_id": 179835243, "id": 1495268163381956609, "text": "@BasilZempilas @CityofPerth @ShotByLukeW We watched it from Matilda Bay. It was \ud83d\udc4c"}, {"author_id": 1169305325876518918, "id": 1495267979235319817, "text": "RT @artplushies: \ud83d\udc14\ud83e\udd5a today\u2019s artist plushie is Matilda the chicken by @chocolettchoo ! she\u2019s v round &amp; I love her handkerchief! \ud83e\udd5a\ud83d\udc14 https://t\u2026"}, {"author_id": 104534750, "id": 1495267798125146112, "text": "the new COA chief reminds me of matilda\u2019s principal trunchbull https://t.co/wGDQL42RRI"}, {"author_id": 172787000, "id": 1495267151053307907, "text": "RT @latorres: School musical night! The kids did great in Matilda Jr! @DeerparkMS @MrGreenTheatre What a joy to see the directors and kids\u2026"}, {"author_id": 353150322, "id": 1495266978923220996, "text": "if sundays were a person they\u2019d be Matilda Djerf"}, {"author_id": 1204907629580972033, "id": 1495266172870090756, "text": "RT @DaleHof17168004: @BLUEfingers2021 @ChristyDanFan I really like Matilda, so I'm posting the whole image with her opinion\u2026 guessing it mi\u2026"}, {"author_id": 1027222179275001857, "id": 1495265926647853056, "text": "RT @artplushies: \ud83d\udc14\ud83e\udd5a today\u2019s artist plushie is Matilda the chicken by @chocolettchoo ! she\u2019s v round &amp; I love her handkerchief! \ud83e\udd5a\ud83d\udc14 https://t\u2026"}, {"author_id": 1332926330011312129, "id": 1495265797278679043, "text": "i have so much muse for matilda \ud83d\ude0c"}, {"author_id": 1448462886414819333, "id": 1495265360802500608, "text": "Matilda has been always my \"twin character\" \ud83d\udc90 https://t.co/TpGehvTHUh"}, {"author_id": 271789472, "id": 1495264981713321984, "text": "@lilzzzza @mcmungawar Omg NOT HIM THINKING MATILDA WAS YOUR CHILD \ud83d\udc80 hahahahah"}, {"author_id": 1412424140166946827, "id": 1495263815495213059, "text": "RT @TheUndefeated: 1920 \u2014 The Negro National League is founded.\n1893 \u2014 Matilda Sissieretta Joyner Jones, known as Sissieretta Jones, become\u2026"}, {"author_id": 1095558491110989824, "id": 1495263568194719748, "text": "Pam Ferris as Agatha Trunchbull and Embeth Davidtz as Jennifer Honey in \u201cMatilda.\u201d As the titular heroine\u2019s school principal &amp; teacher, respectively, Ferris &amp; Davidtz excel in their parts. Davidtz radiates warmth &amp; goodness while Ferris has a ball as a monstrous disciplinarian. https://t.co/T89xD3bxlL"}, {"author_id": 1327549719539634176, "id": 1495263523290574848, "text": "RT @Omnicentrist: Any Australian should know the answers to these questions.\n\nWaltzing Matilda, who or what was Matilda and why was she wal\u2026"}, {"author_id": 1315097857972752385, "id": 1495262003157516294, "text": "@dreamrawrs @GnfFairy i think i have some unresolved childhood issues bc i reallt got mad at matilda while writing this but i REALLY wanted to be violet. JUST LIKE WHEN WE DID THE LITTLE MERMAID I WANTED TO BE URSULA BUT THEY SAID IT HAS TO GO TO SONEONE THAT LOOKS LIKE HER. LIKE A TUCKING OCOTOLAD"}, {"author_id": 932097225764810752, "id": 1495261679680208897, "text": "RT @moistman_: Merry Christmas! Here\u2019s a quick sketch featuring Matilda, the workaholic boss and her assistant (and lover) indulging in fes\u2026"}, {"author_id": 1184912531493675008, "id": 1495261675783655424, "text": "RT @yelenalvrs: @dreamrawrs @GnfFairy i couldn\u2019t bc she was white with blonde hair i really wanted to be violet but then stupid matilda got\u2026"}, {"author_id": 1315097857972752385, "id": 1495261581726392328, "text": "@dreamrawrs @GnfFairy i couldn\u2019t bc she was white with blonde hair i really wanted to be violet but then stupid matilda got violet and she kept bragging but then they made her get in an inflatable  blue suit and rolled her off the stage so i laughed i still wanted to be violet though"}, {"author_id": 896234349032488960, "id": 1495259884551434240, "text": "RT @Nicolette_Art: The Matilda dancing scene as a comic page \ud83d\udc95 https://t.co/68zZpgARjO"}, {"author_id": 1245882443363569665, "id": 1495257742646210563, "text": "@hutaoPDIP matilda, pride &amp; prejudice, and labyrinth \ud83d\ude0b\ud83d\ude0b"}, {"author_id": 203232961, "id": 1495256773317783553, "text": "RT @DaleHof17168004: @BLUEfingers2021 @ChristyDanFan I really like Matilda, so I'm posting the whole image with her opinion\u2026 guessing it mi\u2026"}, {"author_id": 1476447291250659331, "id": 1495255991515942913, "text": "RT @artplushies: \ud83d\udc14\ud83e\udd5a today\u2019s artist plushie is Matilda the chicken by @chocolettchoo ! she\u2019s v round &amp; I love her handkerchief! \ud83e\udd5a\ud83d\udc14 https://t\u2026"}, {"author_id": 1295930931048415232, "id": 1495255784330268674, "text": "RT @DaleHof17168004: @BLUEfingers2021 @ChristyDanFan I really like Matilda, so I'm posting the whole image with her opinion\u2026 guessing it mi\u2026"}, {"author_id": 353362110, "id": 1495255559527964677, "text": "after watching Matilda as a kid i never drank a glass of water the same"}, {"author_id": 1163273791192985600, "id": 1495255129293230080, "text": "RT @DaleHof17168004: @BLUEfingers2021 @ChristyDanFan I really like Matilda, so I'm posting the whole image with her opinion\u2026 guessing it mi\u2026"}, {"author_id": 1099922408226443269, "id": 1495254448155029504, "text": "@mlbbfess Luoyi,matilda"}, {"author_id": 948847231, "id": 1495254191744471048, "text": "RT @GrossmanMax: \"Revolting Children\" from Matilda is better than any pop song written in the last decade."}, {"author_id": 1309423286846132226, "id": 1495254078586339333, "text": "she's cute!!! #pet #cat #cute #adorable #cute #kitten #petfinder I'm looking for a home!\ud83d\ude3f\ud83d\ude40\ud83d\ude3f https://t.co/vctLxJG0Nk https://t.co/vRlIk6OjAH"}, {"author_id": 2874055299, "id": 1495253673106190342, "text": "RT @CMSWBand: Congrats cast and crew of the @112MSmusical production of Matilda! https://t.co/zcFfCLmAXm"}]