[{"author_id": 45808201, "id": 1495288169998483456, "text": "RT @Randall87454048: @NjbBari3 @Dom_Perrottet It would cost $45 million (maximum) to put a HEPA in every classroom and reduce the risk to c\u2026"}, {"author_id": 1484026156882219010, "id": 1495283926033584129, "text": "RT @DiaboloTrading: \ud83d\ude80After a trip in @elonmusk @SpaceX shuttle, they are back ! 2 traders : Whaletrade and Rijoalf will be trading on #Bina\u2026"}, {"author_id": 1495269553177247746, "id": 1495283757615624196, "text": "RT @DiaboloTrading: \ud83d\ude80After a trip in @elonmusk @SpaceX shuttle, they are back ! 2 traders : Whaletrade and Rijoalf will be trading on #Bina\u2026"}, {"author_id": 1495257504896647168, "id": 1495280887843659776, "text": "RT @DiaboloTrading: \ud83d\ude80After a trip in @elonmusk @SpaceX shuttle, they are back ! 2 traders : Whaletrade and Rijoalf will be trading on #Bina\u2026"}, {"author_id": 1433666796989472771, "id": 1495278296447139841, "text": "RT @DiaboloTrading: \ud83d\ude80After a trip in @elonmusk @SpaceX shuttle, they are back ! 2 traders : Whaletrade and Rijoalf will be trading on #Bina\u2026"}, {"author_id": 2271580094, "id": 1495278085972717569, "text": "RT @Randall87454048: @NjbBari3 @Dom_Perrottet It would cost $45 million (maximum) to put a HEPA in every classroom and reduce the risk to c\u2026"}, {"author_id": 877331791, "id": 1495277764110589956, "text": "RT @Randall87454048: @NjbBari3 @Dom_Perrottet It would cost $45 million (maximum) to put a HEPA in every classroom and reduce the risk to c\u2026"}, {"author_id": 1407324806421237761, "id": 1495275694276120578, "text": "RT @Randall87454048: @NjbBari3 @Dom_Perrottet It would cost $45 million (maximum) to put a HEPA in every classroom and reduce the risk to c\u2026"}, {"author_id": 1239206834193326085, "id": 1495273610939826179, "text": "@NjbBari3 @Dom_Perrottet It would cost $45 million (maximum) to put a HEPA in every classroom and reduce the risk to children, teachers and families. @Lisa_Wilkinson @ChrisMinnsMP Perrottet has no excuse, there is nothing more important than the health of our kids."}, {"author_id": 1472087775260282880, "id": 1495273536763490304, "text": "RT @DiaboloTrading: \ud83d\ude80After a trip in @elonmusk @SpaceX shuttle, they are back ! 2 traders : Whaletrade and Rijoalf will be trading on #Bina\u2026"}, {"author_id": 1152574179029291008, "id": 1495270315383214081, "text": "RT @DiaboloTrading: \ud83d\ude80After a trip in @elonmusk @SpaceX shuttle, they are back ! 2 traders : Whaletrade and Rijoalf will be trading on #Bina\u2026"}, {"author_id": 1453765664888406019, "id": 1495269829481226247, "text": "RT @DiaboloTrading: \ud83d\ude80After a trip in @elonmusk @SpaceX shuttle, they are back ! 2 traders : Whaletrade and Rijoalf will be trading on #Bina\u2026"}, {"author_id": 1458408830480490498, "id": 1495266534486249472, "text": "RT @DiaboloTrading: \ud83d\ude80After a trip in @elonmusk @SpaceX shuttle, they are back ! 2 traders : Whaletrade and Rijoalf will be trading on #Bina\u2026"}, {"author_id": 1309703839344279553, "id": 1495264988033781763, "text": "RT @DiaboloTrading: \ud83d\ude80After a trip in @elonmusk @SpaceX shuttle, they are back ! 2 traders : Whaletrade and Rijoalf will be trading on #Bina\u2026"}, {"author_id": 148216837, "id": 1495232844255404033, "text": "RT @MateuszTaszarek: That was a very good forecast from @Djpuco and @HTu_83 at @Estofex  \ud83d\udc4f (https://t.co/RqlnjyFCFA). Yellow signs are wind\u2026"}, {"author_id": 897150820940107776, "id": 1495230562394689540, "text": "Routine maintenance a maximum of every 2 months or depending on usage can reduce the risk of more fatal damage. @ Karangnunggal, Jawa Barat, Indonesia https://t.co/AyxgWIzDg1"}, {"author_id": 4060962981, "id": 1495226839983443978, "text": "RT @MalwareJake: Just received a maximum cringe \"ZOMG Russian cyber attacks inbound, but we can save you\" email from someone I'd have expec\u2026"}, {"author_id": 18628888, "id": 1495224185181900801, "text": "You trading system must have an answers to these questions:\n\n1) When to buy/sell\n2) What to buy/sell\n3) How much to buy/sell\n4) Maximum risk per position\n5) Maximum risk of portfolio If you don't have an answer yet, do research, backtest and then start trading"}, {"author_id": 923767416823386112, "id": 1495214102624432134, "text": "RT @trainspeedhump: Over 60 &amp; will keep protecting myself &amp; my family thanks.\nI am a maximum risk taker in the rest of my life, if you thin\u2026"}, {"author_id": 3227865816, "id": 1495201159392677888, "text": "Over 60 &amp; will keep protecting myself &amp; my family thanks.\nI am a maximum risk taker in the rest of my life, if you think I am a wimp.\nWhat purpose would it serve for me to boost our corrupt economy &amp; have my partner die a horrible death?\nThe fossil fuelled global economy's over. https://t.co/TRJadKwyVT https://t.co/bZBwqUcgCu"}, {"author_id": 3227865816, "id": 1495198465546395651, "text": "@MichJak @PaulMeekPerth @CdrHBiscuitIII @abcnews Over 60 &amp; will keep protecting myself &amp; my family thanks.\nI am a maximum risk taker in the rest of my life, if you think I am a wimp.\nWhat purpose would it serve for me to boost our corrupt economy &amp; have my partner die a horrible death?\nThe fossil fuelled global economy's over. https://t.co/r0EA1F7Hc6"}, {"author_id": 33662065, "id": 1495196202538831872, "text": "7/ Some of it is very basic. Often we fail to  understand the basic constraints of the operation. Simple things like maximum margin, maximum liquidity or just awareness of calendar event risk will wreak havoc with your capital."}, {"author_id": 856888387990675457, "id": 1495193116655063043, "text": "RT @MalwareJake: Just received a maximum cringe \"ZOMG Russian cyber attacks inbound, but we can save you\" email from someone I'd have expec\u2026"}, {"author_id": 4888600459, "id": 1495191362664218625, "text": "RT @MalwareJake: Just received a maximum cringe \"ZOMG Russian cyber attacks inbound, but we can save you\" email from someone I'd have expec\u2026"}, {"author_id": 1188274326937563136, "id": 1495182950123520004, "text": "@AnotherLoonie Depends on people risk tolerance but agree 100% put it to maximum use! In fact I'm probably the odd one out or among a few that don't keep emergency fund!\ud83d\ude0a"}, {"author_id": 1393928952046030859, "id": 1495173091206520837, "text": "@OxeInvesting Yes!! Thanks a lot for your input,  rig is high risk very high reward ,I found the best way to play it is with calls to get maximum upside leverage while downside is the same(zero) I think it's best way to play oil at these prices"}, {"author_id": 923120359808704512, "id": 1495160752042553344, "text": "@maximum_chips @tezzaminds Well, actually I really think they don\u2019t care if there is danger in the job, they just want some poor soul to be at risk, to save them money !  The axing of the ABCC by Labor, was immediately overturned, resurrecting the ABCC, by Abbott. Deaths and accident immediately increased."}, {"author_id": 1469758229265666061, "id": 1495140399400300544, "text": "@Cliftonboy1 @antonia_mdprjct For a lump sum contract (gurenteed maximum price) there's huge risk for steel cost volatility in eight months. Make the contract general conditions + profit with the GC and require your approval of the subs they sign, this shifts risk to the subs and every GC is happy to do that"}, {"author_id": 129133037, "id": 1495119651109363714, "text": "RT @cjrsaaketa: What is the biggest tail risk for Equities at present? \nPl RT for maximum reach."}, {"author_id": 1355751982905044992, "id": 1495118042501718019, "text": "RT @anyonecaninvnow: If you\u2019re a novice stock market investor avoid this classic trap \u2014 \u201cI want to make the maximum return in the shortest\u2026"}, {"author_id": 1421644000407261187, "id": 1495118019894386690, "text": "If you\u2019re a novice stock market investor avoid this classic trap \u2014 \u201cI want to make the maximum return in the shortest amount of time\u201d. It sets you up to take more risk, and likely disappointing results. #StockMarket #MONEY"}, {"author_id": 148422525, "id": 1495114716829470723, "text": "Design the Emergency Shut Down (ESD) system with appropriated fail safe components and controls to reach the maximum level of efficiency and safety. #SIL #Risk #Production #Process #61511 #61508 #wedesignautomation #ESD https://t.co/1YEnlg9HEQ"}, {"author_id": 351152500, "id": 1495111636536991750, "text": "RT @Dollarlogic: \"...there needs to be a full restoration of the principle that those investing on behalf of others must, unless specifical\u2026"}, {"author_id": 1016066208, "id": 1495111552571166736, "text": "\"...there needs to be a full restoration of the principle that those investing on behalf of others must, unless specifically authorized otherwise, do so with the sole goal of generating maximum (risk-adjusted) return. @AStuttaford \n\nhttps://t.co/TP6dVMVYH2 @NRO"}, {"author_id": 1408953316566966277, "id": 1495106125917683714, "text": "#Omicron #COVID #Israeli #Findings #Vaccination \n\n\u201cGraph shows effect of  *fourth vaccine* on risk of serious illness in those who became infected (maximum risk group)\u201d.\n\nAre #USA decision-makers (pushing to \u2b07\ufe0fprecautions) paying any attention to this data\u2026particularly as 1/2 https://t.co/fMnCyi6R1z"}, {"author_id": 2140011, "id": 1495104419364589571, "text": "RT @MalwareJake: Just received a maximum cringe \"ZOMG Russian cyber attacks inbound, but we can save you\" email from someone I'd have expec\u2026"}, {"author_id": 259118891, "id": 1495100528585490438, "text": "RT @MalwareJake: Just received a maximum cringe \"ZOMG Russian cyber attacks inbound, but we can save you\" email from someone I'd have expec\u2026"}, {"author_id": 117316370, "id": 1495099472027656197, "text": "I\u2019ve always felt that by working on machine consciousness openly, we will reduce the risk of any single entity monopolizing control over its development. I don\u2019t think that an idea as big as machine consciousness should happen behind closed doors and without maximum collaboration"}, {"author_id": 77346069, "id": 1495096717204623366, "text": "Just received a maximum cringe \"ZOMG Russian cyber attacks inbound, but we can save you\" email from someone I'd have expected to know better.\n\nAmbulance chasing aside, if you're just now addressing Russian cyber risk, \"supply chain analytics\" is not where you need to focus."}, {"author_id": 377729297, "id": 1495093929494171661, "text": "Frydenberg planning principles: suppress all options except the highest costs, lowest return, highest risk, minimal public benefit but maximum gifting to cronies https://t.co/xnG9pPoMDu"}, {"author_id": 1414413259, "id": 1495089735366496256, "text": "What is the biggest tail risk for Equities at present? \nPl RT for maximum reach."}, {"author_id": 12875282, "id": 1495082834456940545, "text": "@WampumMining @hirning_v @Landmannery @coinbase @BlockFi First ~$40m on the nuisance value settlement with Zuckerburg before going public - which was of course their point of maximum leverage.\n\nThen bitcoin.\n\nSo that's the greatest fortune in exchange for producing nothing and taking no risk that I've ever heard of anyone making."}, {"author_id": 1938108320, "id": 1495081488638906369, "text": "@maximum_advisor \nA Strategy for Risk Management\nCapital requirements and fines suggested by the BIS continue to remove the threat of bank fraud as managers adhere to compliance guidelines.\nhttps://t.co/M1sHOJbj32\u2026\n#risk #compliance"}, {"author_id": 833171547879792642, "id": 1495076073595453449, "text": "@nntaleb 7. Serum antibodies decay rapidly, lasting a maximum of 3 months at most.\n8. mRNA spike protein therapeutics are ill suited\nfor controlling the pandemic \n9. The recovered are at a heightened risk for adverse reactions from the shots\n10. Encouraging parents to inject children is"}, {"author_id": 1444263901869137920, "id": 1495067543249297409, "text": "RT @DiaboloTrading: \ud83d\ude80After a trip in @elonmusk @SpaceX shuttle, they are back ! 2 traders : Whaletrade and Rijoalf will be trading on #Bina\u2026"}, {"author_id": 920684635452932096, "id": 1495066699456036872, "text": "RT @CumBoyzRU_JFF: Morning Edging Challenge with poppers in a public toilet.Maximum risk. #edging #bate #bator #risky #poppers #popperbator\u2026"}, {"author_id": 1481915078958260230, "id": 1495059854213451780, "text": "RT @DiaboloTrading: \ud83d\ude80After a trip in @elonmusk @SpaceX shuttle, they are back ! 2 traders : Whaletrade and Rijoalf will be trading on #Bina\u2026"}, {"author_id": 1182824821761159168, "id": 1495046539819077636, "text": "RT @ConversationUK: More than 20% of people regularly drink alcohol at levels that increase their health risk\n\nThe less obvious risks posed\u2026"}, {"author_id": 1204394533292634113, "id": 1495046206720208899, "text": "RT @CumBoyzRU_JFF: Morning Edging Challenge with poppers in a public toilet.Maximum risk. #edging #bate #bator #risky #poppers #popperbator\u2026"}, {"author_id": 785489831866564608, "id": 1495044257320607744, "text": "Morning Edging Challenge with poppers in a public toilet.Maximum risk. #edging #bate #bator #risky #poppers #popperbator #poppercum \n\nSee this and more at:\nhttps://t.co/muDRDd9bDB https://t.co/juczYHPIDF"}, {"author_id": 780296684010168320, "id": 1495037810667143173, "text": "RT @CumBoyzRU_JFF: Morning Edging Challenge with poppers in a public toilet.Maximum risk. #edging #bate #bator #risky #poppers...\n\nSee this\u2026"}, {"author_id": 35692915, "id": 1495032551122952196, "text": "RT @ConversationUK: More than 20% of people regularly drink alcohol at levels that increase their health risk\n\nThe less obvious risks posed\u2026"}, {"author_id": 1320499306151882752, "id": 1495010031401459719, "text": "@InspoCrypto It\u2019s set up to dump. Trap? Mayhaps. Lesson? Run TIGHT SL to control risk. 24h trading volume dropping last 12h, potential volatility index MAXIMUM \ud83d\ude2c"}, {"author_id": 144909731, "id": 1494994718907797506, "text": "@BlrCityPolice please ensure maximum fine or penalty for the vehicles that follow the ambulance. With almost caution we provide way for ambulance but many vehicles in high speed go behind the ambulance putting more on road at risk. Thank you."}, {"author_id": 1076605325757894657, "id": 1494988171473563649, "text": "RT @ConversationUK: More than 20% of people regularly drink alcohol at levels that increase their health risk\n\nThe less obvious risks posed\u2026"}, {"author_id": 166533413, "id": 1494987864987377668, "text": "\u00abDuring the post-acute phase of covid-19, patients are at increased risk of developing mental health disorders. Studies to date have been limited by narrow selection of mental health outcomes and a maximum of six months\u2019 follow-up\u00bb. doi: https://t.co/IwVqnobYht"}, {"author_id": 1425251061988831238, "id": 1494985574570250244, "text": "XRP 30%\nBLZ 30%\nRUNE 40%\nAll hit first target already this morning Trade safe as btc is still messing Alts up Use maximum risk management at this stage #1000xgem #Binance #Biathlon #BTC #USDtether #USDT #BTTC #USDTRFLECTIONS #USDtether #Shiberse #SHIBARAMY"}, {"author_id": 1494655017499856898, "id": 1494981360913510400, "text": "RT @DiaboloTrading: \ud83d\ude80After a trip in @elonmusk @SpaceX shuttle, they are back ! 2 traders : Whaletrade and Rijoalf will be trading on #Bina\u2026"}, {"author_id": 3004247669, "id": 1494978163423780871, "text": "@ByRobDavies It's vital that as many people as possible make money from punters. The UK economy would collapse otherwise. For punters to achieve maximum fun, it's so important for them to know how many others they make happy due to their losses, even those who take little or no risk \ud83e\udd2e"}, {"author_id": 1413147791291940866, "id": 1494976064824610817, "text": "RT @DiaboloTrading: \ud83d\ude80After a trip in @elonmusk @SpaceX shuttle, they are back ! 2 traders : Whaletrade and Rijoalf will be trading on #Bina\u2026"}, {"author_id": 861816518627123200, "id": 1494972603404275722, "text": "The Great reversal is comming soon. \nExcellent risk and reward ratio. \nWe will see nifty@20000 this year\nLarge cap stocks will give minimum 20% to maximum 35% returns this year. \nFingers crossed\ud83e\udd1e\n#Nifty  #reliance  #HDFC  #BANKNIFTYFUTURE"}, {"author_id": 1399631655497715716, "id": 1494970995840794626, "text": "RT @noahseidman: Every reason exists to be maximum bearish on the markets. If you're exposed to volatile assets you best have a deep, rich,\u2026"}, {"author_id": 1043943197448134657, "id": 1494959295506489346, "text": "@backtolife_2022 All this crap over a maximum 0.03% health risk."}, {"author_id": 1074277336449576960, "id": 1494948546931351561, "text": "RT @DiaboloTrading: \ud83d\ude80After a trip in @elonmusk @SpaceX shuttle, they are back ! 2 traders : Whaletrade and Rijoalf will be trading on #Bina\u2026"}, {"author_id": 55776694, "id": 1494940436032815106, "text": "RT @moneyworks4u_fa: \"I think I am in the biggest trade of my life, which is zerodha. I don't think trading ends in stock market. I think e\u2026"}, {"author_id": 1241258612, "id": 1494939986923241472, "text": "More than 20% of people regularly drink alcohol at levels that increase their health risk\n\nThe less obvious risks posed by drinking alcohol is the sugar content\n\nTwo glasses of wine contains enough sugar to meet the maximum recommended daily intake level https://t.co/ID1RbkY0pg"}, {"author_id": 962373446104690689, "id": 1494938555734708226, "text": "RT @Kavitastocks: Risk management is important but generating maximum ROI is equally important in long run for an experienced trader .\nAs a\u2026"}, {"author_id": 1265101230117797888, "id": 1494936577260527618, "text": "Risk management is important but generating maximum ROI is equally important in long run for an experienced trader .\nAs a trader you should be a  constant learner.\nStrategy which worked 3 years ago  doesn't mean it will work in current market condition,so keep grooming yourself."}, {"author_id": 913953868039413761, "id": 1494935190052827136, "text": "@maximum_chips Exemplified by the fact that millions of workers in this country face a daily risk of severe injury or mortality greater than their lifetime COVID risk. We just happily ignore that."}, {"author_id": 1340244767410507777, "id": 1494911862139277314, "text": "Being friends with a Garchomp Pros/Cons:\n\nPros:\n-Maximum huggability\n-Extremely menacing look to scare off dangers\n-He can fly\n\nCon:\n-Extremely high risk of getting bitten\n-The appetite\n-He is MANY TIMES faster than you... So if you have to outrun him for some reason... Uh oh..."}, {"author_id": 877967030321909760, "id": 1494907404919709698, "text": "RT @TraderDivergent: My Personal Trading Secrets:\n\n1) 3 losses in a row reduce risk\n2) Always trade with the macro trend\n3) Trade systemati\u2026"}, {"author_id": 61741180, "id": 1494906122880401408, "text": "RT @AshishGupta325: Could everyone please do this 5 min survey on \"Risk-based Mutual Fund investing\" for an Academic Research paper by a fr\u2026"}, {"author_id": 450409352, "id": 1494905482959462400, "text": "@JennyKayNZ And given the longer the State dithers the risk it spreading to our largest city grows\n\nMaximum force now\nAnd end this annexation once and for all"}, {"author_id": 1494348182259585025, "id": 1494896114096836612, "text": "RT @DiaboloTrading: \ud83d\ude80After a trip in @elonmusk @SpaceX shuttle, they are back ! 2 traders : Whaletrade and Rijoalf will be trading on #Bina\u2026"}, {"author_id": 1445594949303500804, "id": 1494893512701054977, "text": "RT @DiaboloTrading: \ud83d\ude80After a trip in @elonmusk @SpaceX shuttle, they are back ! 2 traders : Whaletrade and Rijoalf will be trading on #Bina\u2026"}, {"author_id": 1494869390436700160, "id": 1494890354033983490, "text": "RT @DiaboloTrading: \ud83d\ude80After a trip in @elonmusk @SpaceX shuttle, they are back ! 2 traders : Whaletrade and Rijoalf will be trading on #Bina\u2026"}, {"author_id": 1494497149140316172, "id": 1494879638375608325, "text": "RT @TraderDivergent: My Personal Trading Secrets:\n\n1) 3 losses in a row reduce risk\n2) Always trade with the macro trend\n3) Trade systemati\u2026"}, {"author_id": 1380700151598080000, "id": 1494868822662135808, "text": "Give it a little more trial, a little more risk, a little more pushing up and a little more stretching out. Stretch it more and let all your ideal length be seen. Your maximum self can only be known if you stretch hard till you can't do it any longer!"}, {"author_id": 75460852, "id": 1494853939715579907, "text": "RT @AlgoBoffin: #Lauruslabs \n724 to 440 have already arrived.\n555 to .....?\n.\nDo you want to know the maximum risk?\n.\nI wouldn't be surpris\u2026"}, {"author_id": 1451424281263366150, "id": 1494844437754568704, "text": "RT @DiaboloTrading: \ud83d\ude80After a trip in @elonmusk @SpaceX shuttle, they are back ! 2 traders : Whaletrade and Rijoalf will be trading on #Bina\u2026"}, {"author_id": 1472416006681202691, "id": 1494837725937102854, "text": "Bill gates admits omicron is aerosolized vax, as references in pfizers own risk documents.\n\nIt's all been engineered. The original designed to cause maximum harm in 2020, vaxicron to strip that harm ahead of 2022. Not an accident. https://t.co/PNMcF1wapJ"}, {"author_id": 866823387334692864, "id": 1494834732273569794, "text": "@JtxRei @ResilientRei Wouldn\u2019t robber go rob A or B class to get maximum return on his risk compared to C class?"}, {"author_id": 77346069, "id": 1494830531078496256, "text": "But every org must establish its maximum risk posture. Just because you evaluated a given risk to be acceptable, that's a point-in-time assessment. When circumstances change, professionals must be ready to reevaluate their risk. /FIN"}, {"author_id": 1494711038020931585, "id": 1494826514851975171, "text": "RT @SuburbanDrone: There are so many people who want everyone to take MAXIMUM risk, I figure why not be different?\n\n30 day NDX down volume\u2026"}, {"author_id": 3295466168, "id": 1494814167924191242, "text": "RT @ckmnewsfeed: The greatest fear a person feels while waiting for a blow. The blow itself is not as terrible as the imagination of this p\u2026"}, {"author_id": 4605463233, "id": 1494793240251412486, "text": "RT @weeklysafety: Chainsaw operators put themselves at greater risk when they perform tasks that are beyond their capabilities or training\u2026"}, {"author_id": 1391198337441828864, "id": 1494786903236919314, "text": "@amlivemon I have very little idea of how to value the effects of geopolitical risk or the current tensions. I\u2019m calculating my feel for a maximum drawdown if there\u2019s peace"}, {"author_id": 75366728, "id": 1494774109019860992, "text": "@Dutch_PDX I like that he went with the slap.  Maximum sound to effort ratio &amp; he can rough him up real good with a lower risk of permanent damage"}, {"author_id": 1199025325, "id": 1494770465319104512, "text": "RT @weeklysafety: Chainsaw operators put themselves at greater risk when they perform tasks that are beyond their capabilities or training\u2026"}, {"author_id": 2404949211, "id": 1494767850782875652, "text": "\ud83d\udea8New #options traders\n\n1 - Add my FREE Golden Indicators:\nhttps://t.co/p7li9DWA3D\n2 - Watch my #options seminars on Youtube\nhttps://t.co/F9tfmv5hUh\n3 - Never Lose More than 1 bar per trade and Aim to make 2+ bars\n4 - Risk maximum 1-2% of your capital per trade\n5 - Repeat"}, {"author_id": 1233934543457079296, "id": 1494767837344325638, "text": "RT @itmtrading_zang: Fred Kempe says that February 20th is the time of maximum danger. There are signs that Russia might try to provoke the\u2026"}, {"author_id": 174894533, "id": 1494765012921069571, "text": "@Bron_Crypto I use 5x, which is the maximum I can use on Kucoin Futures as non KYC.  But I think its a good risk/reward ratio starting out...anything over that should only be used by experienced people anyways IMO. I'd start at 2, then go to 3, then 4 then 5 once you ensure profits."}, {"author_id": 16831557, "id": 1494763889971638272, "text": "With a few simple inputs, our position size calculator will help you find the approximate amount of currency units to buy or sell to control your maximum risk per position. https://t.co/f8hWDzMcJ5 https://t.co/k29bbWuaCA"}, {"author_id": 115519210, "id": 1494762852497838082, "text": "Fred Kempe says that February 20th is the time of maximum danger. There are signs that Russia might try to provoke the beginning of a war. Geopolitical risk is very high! This is a #GlobalCrisis #CoverYourAssets https://t.co/BFICChZeNL"}, {"author_id": 148208791, "id": 1494761150692478976, "text": "RT @AffinityBSC: What's the best part of #BUSD and #ADA rewards through #AffinityBSC?\nYou receive 100% value (no tax) on reflections. You c\u2026"}, {"author_id": 1339772282659610628, "id": 1494749846221246464, "text": "RT @TradingWarz: \ud83d\udea8New #options traders\n\n1 - Add my FREE Golden Indicators:\nhttps://t.co/GwKXlzWhkD\n2 - Watch my #options seminars on Youtub\u2026"}, {"author_id": 1354661080035950593, "id": 1494745607621206022, "text": "RT @TradingWarz: \ud83d\udea8New #options traders\n\n1 - Add my FREE Golden Indicators:\nhttps://t.co/GwKXlzWhkD\n2 - Watch my #options seminars on Youtub\u2026"}]