[{"author_id": 1494355617875648512, "id": 1495288624153341957, "text": "when i wanna eat during fasts i look at pics of myself on my old tumblr from when i was a much thinner person and also a child and. maybe its not healthy bc im an adult and bodies change as you age but . it sure does work"}, {"author_id": 1208369842559963138, "id": 1495288622270287872, "text": "RT @q_obz: Can we get a Not Me photobook with stills from the series AND behind the scenes. With maybe like anecdotes from the cast, and P\u2019\u2026"}, {"author_id": 1174296106215211008, "id": 1495288613516443650, "text": "RT @bangtinyboyys: Jungkook is ia and not posting anything because he got a new haircut and Colour or maybe even a new piercing who knows"}, {"author_id": 1417130347477684227, "id": 1495288610437750784, "text": "RT @CNAPhils: NCT Unsealed Album Giveaway \ud83c\udf89\n\nAnother #giveaway for our #czennie chingus? Why not! This time only 1 lucky winner will be cho\u2026"}, {"author_id": 1100368366269841408, "id": 1495288603701915651, "text": "@wandaoliverart @hellowoca @laubolgo @GiselFlorez @vwestphoto_nb Everything is a flow in progress, impossibile to say, is highly personal, or maybe the question too wide, cause is not about the best but about the matching environment for the photograher... and casuality of the \"photography\" of the cryptospace at the moment you enter it."}, {"author_id": 1121326819787935744, "id": 1495288602003066884, "text": "RT @CNAPhils: NCT Unsealed Album Giveaway \ud83c\udf89\n\nAnother #giveaway for our #czennie chingus? Why not! This time only 1 lucky winner will be cho\u2026"}, {"author_id": 17606084, "id": 1495288598500835332, "text": "@scattermoon I really don't understand the salt here. This was never a serviceable bench. I'm not religious, but if I saw this by a church, I'd assume they've got their heads and hearts going in the right direction. If it doesn't speak to you,  maybe you're not who this is targeted to."}, {"author_id": 228473655, "id": 1495288596760305666, "text": "@ADB110 @LDNPeter Not romance but maybe you are looking for someone to chat, someone to recommend you places in the city, someone for just fuck, someone that knows a good restaurant, possibilities are endless."}, {"author_id": 1220343747528945666, "id": 1495288594679820290, "text": "RT @eternitwt: maybe it\u2019s just me, but i\u2019m so proud of that way that little kid went \u201cdream likes george,\u201d in a giggly, not negative way, i\u2026"}, {"author_id": 1424390622568345601, "id": 1495288586228625409, "text": "@Mysticalleo_ Unpopular opinion Messi selling his soul to win Copa America\ud83e\udd14\nHe is missing in 1 v 1 now. Not Criticism but maybe true\ud83d\udc40"}, {"author_id": 1175575790424997888, "id": 1495288574849478662, "text": "RT @moghilemear13: maybe they do things differently in Japan but I'm happy the mascot is not sexed up https://t.co/1F9gWF4Lk8"}, {"author_id": 88313253, "id": 1495288561033121793, "text": "@JohnRan47422773 @CWDW1984 @realRick_AUS maybe because 95% are not born here....??  Fact: part of the Cabal long term plan has always been to water down nations to reduce national pride to a level where it doesn't exist.  This makes it easier to control."}, {"author_id": 1123280297116741632, "id": 1495288557224841217, "text": "RT @AuxxEngine: @ArtvisionNFT Nope \ud83d\udc40  still waiting for the one. Honestly, I\u2019m willing to wait. Yes I want the validation but maybe it\u2019s no\u2026"}, {"author_id": 1042572816556515328, "id": 1495288556054482944, "text": "@jordanbpeterson @OttawaPolice You better stay on the road Jordan.  Canada is not a safe place if you attempt to voice an opinion that JT doesn\u2019t like.  \ud83d\ude2b  And maybe open a US bank account quickly."}, {"author_id": 1202941506971033606, "id": 1495288532851916801, "text": "@Jerkin29813636 @RightWingOnly93 @WingedLion3 @DeepADiver2 @JianglinLi @DrewPavlou Uhhhh why should I care about her? Maybe I should ask why do you care so much about her? You secretly in love with her or something. Oh and for your info, I'm not from China either."}, {"author_id": 155338288, "id": 1495288531815583747, "text": "Maybe it's just me, but tryna say people complaining about the media on Twitter don't make a difference to media when we see the media steal content from Twitter all the time is not it. But also making it seem like people's tweets not important enough for people to look at yet"}, {"author_id": 1586017122, "id": 1495288529936658439, "text": "RT @jordanbpeterson: How about maybe not?"}, {"author_id": 1478409390663344130, "id": 1495288528212799491, "text": "@Anita__Akuffo Why would you you\u2019re not. Maybe she would have given it for free and ask for a picture"}, {"author_id": 1069712880755531783, "id": 1495288524865773575, "text": "RT @takanashikiara: Taking some song requests for the karaoke tomorrow \ud83d\ude0e\nMaybe consider my general taste, I'm not suddenly gonna sing death\u2026"}, {"author_id": 1424573840190021635, "id": 1495288507425771522, "text": "/Technically, we've had our first kiss, but given just how drunk @TinyDancerBetsy were that night, I'm not counting it. Not now. Not ever. Well, maybe in about thirty years and we look back on it and laugh together. The way you look up at me through those thick brown lashes of/"}, {"author_id": 1165270758752497664, "id": 1495288499196645382, "text": "RT @__kingsley___: Do not judge any lady by seeing her in different cars. Who knows maybe she is a mechanic.\ud83d\ude02\ud83d\ude02\ud83d\ude02"}, {"author_id": 1467281421811302403, "id": 1495288494553501700, "text": "RT @jordanbpeterson: How about maybe not?"}, {"author_id": 1452660821046202378, "id": 1495288488681476096, "text": "RT @BeverlyNaya: Maybe I should travel to another country before flying back to Lagos because I\u2019m really not interested in flying back to a\u2026"}, {"author_id": 3101044428, "id": 1495288480569561090, "text": "RT @CNAPhils: NCT Unsealed Album Giveaway \ud83c\udf89\n\nAnother #giveaway for our #czennie chingus? Why not! This time only 1 lucky winner will be cho\u2026"}, {"author_id": 1465113806539931650, "id": 1495288469223919616, "text": "@itsna3x I agree! I can\u2019t figure it out but something is off. The Ex-Mormonism? Not sure I believe it or maybe they\u2019re holding on to some of the cult like beliefs? Something seems disingenuous"}, {"author_id": 111339756, "id": 1495288468842627073, "text": "RT @Nidarosis: @mollygos My birth city's main library (first two photos) that was built over an old gravesite/church! Church was built some\u2026"}, {"author_id": 1441236212191154178, "id": 1495288460021624833, "text": "RT @CNAPhils: NCT Unsealed Album Giveaway \ud83c\udf89\n\nAnother #giveaway for our #czennie chingus? Why not! This time only 1 lucky winner will be cho\u2026"}, {"author_id": 1476816943105597453, "id": 1495288454611193858, "text": "@DavidCBollinger @ReturnofR Most of them aren't so bad. I've never been a juggalo but my now deceased friend was and I went to something maybe the Gathering but I'm not sure with him. I would honestly compare it to a kiss show and kiss fans painting themselves like the band.\n\nI just think icp is funny"}, {"author_id": 961500468039036928, "id": 1495288423615242242, "text": "@demiscuIture They have literally said it would. Maybe don\u2019t try and determine what will and will not bother someone."}, {"author_id": 1473293931878170628, "id": 1495288398411673600, "text": "RT @lydiaforson: Do not let politicians compare the hardships of developed countries to that of Africa.\n\nIt\u2019s like crying in a Benz or trot\u2026"}, {"author_id": 303573617, "id": 1495288390232817668, "text": "@badmon_rel @chase_jax904 @HoopsOnIy Read what you said again * Zach was just as creative as AG* that\u2019s just a bold face lie because he was predictable meanwhile AG stunned everyone with his creative dunks. Maybe not better dunks but much more creative"}, {"author_id": 1233437462124384256, "id": 1495288381550387201, "text": "RT @CNAPhils: NCT Unsealed Album Giveaway \ud83c\udf89\n\nAnother #giveaway for our #czennie chingus? Why not! This time only 1 lucky winner will be cho\u2026"}, {"author_id": 1274137001466486799, "id": 1495288379759476737, "text": "i'm not overthinkin'\nbut i think about you a lot\nand maybe i am just an afterthought"}, {"author_id": 43516905, "id": 1495288356129091585, "text": "RT @LaurenBeldi: I think it's time I talked on here about how I survived an abduction attempt when I was 17\n\n(and the reason why I talk abo\u2026"}, {"author_id": 1448496019121995784, "id": 1495288353364848644, "text": "@tombrodbeck @marty_morantz @CandiceBergenMP It stopped being peaceful once the police started using force. Maybe the media should report the truth and not #BlackfaceHilter  propaganda"}, {"author_id": 2759086010, "id": 1495288348239224832, "text": "RT @kjsparkle: i mean kinda wanna commend her for being there, like if it was me i would have said no coz hello that is so awks! goes to sh\u2026"}, {"author_id": 266253067, "id": 1495288344153976836, "text": "RT @LaurenBeldi: I think it's time I talked on here about how I survived an abduction attempt when I was 17\n\n(and the reason why I talk abo\u2026"}, {"author_id": 2921517570, "id": 1495288336490983424, "text": "RT @CNAPhils: NCT Unsealed Album Giveaway \ud83c\udf89\n\nAnother #giveaway for our #czennie chingus? Why not! This time only 1 lucky winner will be cho\u2026"}, {"author_id": 14914356, "id": 1495288334213541890, "text": "@CopperScientist @RahulGandhi If you want to get \"prospective\" then realize India is a republic of states, not a nation...\n\nMaybe what I said is too complex for your little brain."}, {"author_id": 1113681880597942272, "id": 1495288322372947969, "text": "@CraigBCBrown Or as another, rodeo around the sky on a Quetz going at lightspeed and not fall off of its back for X amount of time. Maybe with a little mini-game like the Equus. \n\nI just think, whether or not it involves violent taming methods, more unique methods would be much appreciated."}, {"author_id": 1295619938200072194, "id": 1495288318644289541, "text": "@I_shiht_zu_not So strange.. given its huffpo, the date of article &amp; release of archive \u2026 somethin smells off .. maybe cya in some circles, maybe was supposed to be wiped but got thru or maybe just maybe ?  The tides are turning"}, {"author_id": 1411688271185420290, "id": 1495288294145470466, "text": "No I like Canadian women, I seriously think they are some of the hottest women I have ever met, I just do not like the cold. Maybe I could eat Canadian bacon but I could not live up there. I have to have a warmer climate. To be honest, it gets too cold for me here, but I want to"}, {"author_id": 1192441115841974272, "id": 1495288292819963904, "text": "@nastaxcenzo hmm okay no need explanation again maybe because its not like we nvr talking about this \ud83d\ude36\ud83d\ude22"}, {"author_id": 1316285387103506432, "id": 1495288285391990784, "text": "RT @fadamniel: me staring out at fandom just to, remind everyone to please extend some courtesy and not go to people's tweets that are hypo\u2026"}, {"author_id": 726100661041930242, "id": 1495288283382697984, "text": "RT @HoodClarkKent: maybe we\u2019re not losing recipes https://t.co/9RQm78aSKo"}, {"author_id": 1316067579576766466, "id": 1495288275971436552, "text": "RT @CNAPhils: NCT Unsealed Album Giveaway \ud83c\udf89\n\nAnother #giveaway for our #czennie chingus? Why not! This time only 1 lucky winner will be cho\u2026"}, {"author_id": 799542226288345089, "id": 1495288253628436480, "text": "@gotchagirl42 @Browntruck79 @kirstiealley You mean sticking with a party not interested in pressuring kids into the lgbt community's,supporting pedophilia,supporting drug abuse,the murder of babys,taking away rights,or selling our country to china bit by bit? maybe she just has a brain?"}, {"author_id": 964323145640497157, "id": 1495288249019170818, "text": "@LADM1998 @AlexandrJahnold @theKloppEnd_ Why do they not do it? Wouldn't make sense parking the bus in the 20th min of the game if we are so vulnerable at the back. Maybe, the managers see something you don't. Nah of course not"}, {"author_id": 1410312909238898688, "id": 1495288242559541250, "text": "RT @takanashikiara: Taking some song requests for the karaoke tomorrow \ud83d\ude0e\nMaybe consider my general taste, I'm not suddenly gonna sing death\u2026"}, {"author_id": 1304426867647283200, "id": 1495288234061955072, "text": "RT @SuvajeetDas: @himantabiswa Sir what u r doing about veer lachit sena's hooliganism in guwahati they r evicting non Assamese shopkeepers\u2026"}, {"author_id": 1476453495670976517, "id": 1495288229615964162, "text": "@BAMahgaseven @BamBam1A maybe it\u2019s not out in ur country yet"}, {"author_id": 1293213067204005888, "id": 1495288227216904197, "text": "RT @Anitavia_: i just love how this one looks like maybe my favorite of all i drew and yeah again its milk outside a bag of milk\n#milkoutsi\u2026"}, {"author_id": 371837279, "id": 1495288210133454850, "text": "Maybe ana a valid reason and you may help with a valid solution they may have not considered for one reason or another\u2026\nOr maybe not, I just think it\u2019s really about if your intention is really helping them hata kama according to you, hafai kuchoose.\nLakinii, si must btw\u2026\ud83d\ude0a\n6\u2b06\ufe0f"}, {"author_id": 1359633709402644480, "id": 1495288206228701188, "text": "These are 9 months apart (not exactly). I wanted to do an updated design of @thelexikitty i used all pinks and maybe some purple too for the horns! I wanted to completely redo the design\n\nIt\u2019s only a small doodle it\u2019s 2 in the morning sorry lmao. old is left and new is right!\n\n:] https://t.co/S7lWJCWEdp"}, {"author_id": 1327322034855157764, "id": 1495288204735483906, "text": "maybe I want to be okay, and be okay with myself, but i\u2019m not, and i\u2019m just here"}, {"author_id": 6327512, "id": 1495288200109117445, "text": "@IDPSharks @Jon_Dove42 I had a very different experience. It was the same for a while, but... Sigh, it's a long story. Anyway, I appreciate what I had there but maybe not how it went away."}, {"author_id": 2605233104, "id": 1495288198351572994, "text": "RT @CNAPhils: NCT Unsealed Album Giveaway \ud83c\udf89\n\nAnother #giveaway for our #czennie chingus? Why not! This time only 1 lucky winner will be cho\u2026"}, {"author_id": 410933292, "id": 1495288194140712961, "text": "@DrivenChapman @peterpe38 Okay I\u2019m getting out of this one because you\u2019re clearly mistaken about what I was trying to get across or maybe I\u2019m just not aware of the whole debate. Anyway Good day chief."}, {"author_id": 1444406949651566594, "id": 1495288192983048193, "text": "@CintraStud \ud83d\udc9c Yeah but I think that support is gonna end in maybe atleast 2 years this is too early for dx12 atleast for some PC's I have a GPU that is dx12 but it's not very good on it it's still so experimental"}, {"author_id": 751439373728645121, "id": 1495288191347159043, "text": "RT @HoodClarkKent: maybe we\u2019re not losing recipes https://t.co/9RQm78aSKo"}, {"author_id": 3303112480, "id": 1495288188168028161, "text": "Time - 6:43am \nAnd I'm finally going to sleep well a nap at the least maybe. .  why that late? Well research can not be discovered / done by its self now can it -Attempts to chuckle with a somewhat yawn-"}, {"author_id": 20421141, "id": 1495288166961483780, "text": "@Robert_Aderholt @RepHerrell Maybe GOPers should ask citizens to not take drugs. No demand. No business. Problem solved. We know you don't really want law and order. Heck, half or more of the GOP still support the insurrection guy and his big fat election lie. #Kompromat"}, {"author_id": 1347820613017231360, "id": 1495288159244017665, "text": "@pureideology1 @LilithWon_FDS That's literally not what she said, she's comparing the logic and arguments being used. It's a commentary on male entitlement, which isn't really \"a heck of a take\". Recognizing societal patterns is feminism 101, maybe you need to revisit that."}, {"author_id": 123762756, "id": 1495288146208059393, "text": "@TheFarquaad @JustynARoy @75Trueblue @_llebrun In BC those places have all been open somewhat since summer. Maybe\u2026 just maybe\u2026 it\u2019s the provinces that set these mandates and Parliament is mostly not involved? And maybe\u2026 this whole thing is pointless?"}, {"author_id": 1464590556567261188, "id": 1495288126004084745, "text": "@DcrlinqMiu Maybe if im not lazy"}, {"author_id": 339811991, "id": 1495288120702607361, "text": "RT @HoodClarkKent: maybe we\u2019re not losing recipes https://t.co/9RQm78aSKo"}, {"author_id": 1244562027454050304, "id": 1495288117120704514, "text": "RT @jordanbpeterson: How about maybe not?"}, {"author_id": 1353203999718170627, "id": 1495288116512497668, "text": "@HotIssueStan That`s where i really can`t say because only you and her know your friendship, if i would take it from my point of  view  i would maybe not come out and apologize but say \"i think we have a misunderstanding/miscommunication\" and see if she is willing to apologize from there."}, {"author_id": 1419251021704884225, "id": 1495288109378187265, "text": "@shado78770248 I\u2019m not saying Why Mish over Kuhu\nIt\u2019s come to me in secret message \nAnd whoever has put that up it\u2019s their choice \ud83e\udd37\u200d\u2640\ufe0f\nMaybe they related with Kuhu more \ud83d\ude07\ud83d\ude07"}, {"author_id": 141686826, "id": 1495288090344423426, "text": "@arvidkahl Not sure.\nBut for all the talk of decentralisation, doesn't one central company have too much power here? \nAnd that power can be used to fool people.\n\nMaybe I don't get it \ud83e\udd14"}, {"author_id": 4830624274, "id": 1495288076754685956, "text": "RT @andrevenancio: Maybe you didn't know about this, but on @versumofficial  you can mint smol images. if the width + height &lt;= 256. So if\u2026"}, {"author_id": 998348225307430912, "id": 1495288037508587521, "text": "RT @FlSHBONEZ: maybe boscha does not need a tragic backstory maybe she is simply mean and pink because she can be and she's cool"}, {"author_id": 4088641281, "id": 1495288032643141634, "text": "@michaelpetraeus @donovanchoy Computer modelling is not exactly new? I guess they mean social aspect?Or maybe JPM just laying foundation for another bubble"}, {"author_id": 957501973, "id": 1495288024992677890, "text": "@SDFahrenthold Did it in Nashville, not very often. (Born 1970).\n\nMaybe didn\u2019t happen in CA in real life, but it was a major plot line in one CHiPs episode. :)"}, {"author_id": 1453255493183488000, "id": 1495288014343323649, "text": "@angelicrenuka @JhumeTahamina @sidharth_shukla Beautifully done!! \nJust a suggestion... Maybe u could add a section with links to some of his work? \nAnd maybe a section for fans to share stuff? \ud83e\udd14\nNot sure if it's possible, though\ud83d\ude05"}, {"author_id": 1102014437890777088, "id": 1495288001743958021, "text": "RT @CNAPhils: NCT Unsealed Album Giveaway \ud83c\udf89\n\nAnother #giveaway for our #czennie chingus? Why not! This time only 1 lucky winner will be cho\u2026"}, {"author_id": 2225804562, "id": 1495287991082061827, "text": "RT @BakedAper: Big tings !!!  Who has 0 NFT's in their bag ? \n\nHas not had any luck whatsoever or maybe just started their NFT hustle ? #fr\u2026"}, {"author_id": 372044595, "id": 1495287985511833605, "text": "@JerryCap Maybe not right on topic, but we just got an Amazon box with an ad for a new movie on it. Anyone have any details around those types of agreements? Sounds like a potential big moneymaker. Super precise targeting of adds not $AAPL reliant."}, {"author_id": 2293011659, "id": 1495287932369965057, "text": "@presh_dorchele Not even. Maybe a great value Marissa Tomei"}, {"author_id": 1006211438669651968, "id": 1495287920919465984, "text": "RT @isyaboisky: Thinking about making an EXE based on a small ad glitch that @/aQuadude248 found on the Xcyclopedia site.\n\nBasing the idea\u2026"}, {"author_id": 1477474565047537665, "id": 1495287911214104582, "text": "RT @CNAPhils: NCT Unsealed Album Giveaway \ud83c\udf89\n\nAnother #giveaway for our #czennie chingus? Why not! This time only 1 lucky winner will be cho\u2026"}, {"author_id": 552779576, "id": 1495287906885410817, "text": "@CurtisCryptoJ I don't have the option on Twitter to do this yet. Not sure why, is it because it's not on Android yet? Or maybe a regional thing?"}, {"author_id": 1463328995768942596, "id": 1495287893249699841, "text": "@adxolxwa it's not my type of anime\ud83d\ude2d maybe i'll finish it one day though"}, {"author_id": 2423580140, "id": 1495287886337671173, "text": "The first time I got a job I got set up with the Super that the company recommended and 3 weeks later they cancelled my account due to not having enough funds deposited. Gee maybe I didn't have enough funds in the account because I only signed up 3 weeks ago"}, {"author_id": 919287078843592705, "id": 1495287879886536709, "text": "I\u2019ve done all I can do. Still no response. Maybe I\u2019ll get one in the future. Maybe you\u2019re still working on yourself and you think you can\u2019t talk to me yet, hell I don\u2019t know. I know I\u2019m not going to text or call you until I feel I\u2019ve worked on myself and see big improvement."}, {"author_id": 14879825, "id": 1495287859938721792, "text": "RT @LaurenBeldi: I think it's time I talked on here about how I survived an abduction attempt when I was 17\n\n(and the reason why I talk abo\u2026"}, {"author_id": 1079542020, "id": 1495287856629047302, "text": "RT @ovshake42: 1. Saha got dropped.\n2. Saha gave an interview.\n3. Saha leaked a WhatsApp chat.\n\nThese are different things. Maybe one can c\u2026"}, {"author_id": 1460162973985509384, "id": 1495287855635378180, "text": "@ShineHamesha Today is not a shubh muhurat...maybe post Holi !!! Right @IndiaToday"}, {"author_id": 1333255879286812672, "id": 1495287826790944770, "text": "I'm not a fan of this algorithm. No responses on the tweet quoted. I know I post a lot of feminist stuff so maybe the algorithm only sends my tweet out to followers if it has feminist content? Hmm maybe this tweet will go out since it has the word \"feminist\" 2 (now 3) times. https://t.co/T9WEDCewEW"}, {"author_id": 1438750175577600007, "id": 1495287816632233984, "text": "RT @KhloePrower: And... really, I'm very happy today. One of my favorite characters is coming back to visit. I can't wait to have fun with\u2026"}, {"author_id": 1427254512171945991, "id": 1495287814736334849, "text": "RT @CNAPhils: NCT Unsealed Album Giveaway \ud83c\udf89\n\nAnother #giveaway for our #czennie chingus? Why not! This time only 1 lucky winner will be cho\u2026"}, {"author_id": 1128836098992562177, "id": 1495287803256741889, "text": "@fwjerm damn rip lol\nmaybe try something by oshimi? most of his works don\u2019t have many words so they\u2019re pretty easy to binge and there\u2019s not much room to lose attention. i\u2019d rec Inside Mari or Blood on the Tracks since you\u2019ve already read aku no hana."}, {"author_id": 1480546769071386627, "id": 1495287797996945408, "text": "RT @CNAPhils: NCT Unsealed Album Giveaway \ud83c\udf89\n\nAnother #giveaway for our #czennie chingus? Why not! This time only 1 lucky winner will be cho\u2026"}, {"author_id": 1196524321658814467, "id": 1495287770000015360, "text": "@supermoongirl9 I know it is not technically debilitated but I find it so hard to fight for anything as someone who has mars in pisces placement. However I am a energetic person maybe its becuz my sun and mars conjunct in exact degrees."}, {"author_id": 1494659171912130560, "id": 1495287766137323526, "text": "RT @CNAPhils: NCT Unsealed Album Giveaway \ud83c\udf89\n\nAnother #giveaway for our #czennie chingus? Why not! This time only 1 lucky winner will be cho\u2026"}, {"author_id": 1273722897119526913, "id": 1495287753600380930, "text": "RT @PFizzlebang: Just a reminder:\n\nIt's okay to like 5e.\nIt's okay to homebrew 5e.\nIt's okay to publish supplements for 5e.\n\nAnd if the bes\u2026"}, {"author_id": 2940023084, "id": 1495287742636384257, "text": "@willfaulks Not blaming per say. Not protecting him maybe the best interpretation"}, {"author_id": 227666609, "id": 1495287740476370944, "text": "@TheEnbyperor Ah, not just any XML, but XML with name spaces, different ones for different parts of the same file, maybe even reusing the same element names. Oh and mixing elements and attributes from different namespaces too. And it all matters. And order matters."}, {"author_id": 1441605777748217862, "id": 1495287737284534273, "text": "@sea18horse @AshTheDonLeon The tone she has in all of these convinces me she\u2019s not lying at all, maybe his name is Mario gio sunshine and we\u2019ve been living under a rock like Patrick"}]