[{"author_id": 138418838, "id": 1495241949724299265, "text": "Corrie star Sally Dynevor unrecognisable with 'gorgeous' 80s look for ITV Dancing On Ice ...: Sally, 58, channelled screen icon Judy Garland in the 1944 film Meet Me in St. Louis, and Matt swooned \"my little gay heart is in love.\"\u00a0... https://t.co/uw2QNs7d1X"}, {"author_id": 968239769426669568, "id": 1495229315612504065, "text": "RT @TomZohar: Judy Garland in MEET ME IN ST. LOUIS: https://t.co/oggkRm5xXh"}, {"author_id": 15729289, "id": 1495226951631581195, "text": "RT @TomZohar: Judy Garland in MEET ME IN ST. LOUIS: https://t.co/oggkRm5xXh"}, {"author_id": 585736682, "id": 1495225248555405313, "text": "RT @TomZohar: Judy Garland in MEET ME IN ST. LOUIS: https://t.co/oggkRm5xXh"}, {"author_id": 2871326672, "id": 1495222974613438473, "text": "RT @TomZohar: Judy Garland in MEET ME IN ST. LOUIS: https://t.co/oggkRm5xXh"}, {"author_id": 17734799, "id": 1495220912626491392, "text": "RT @TomZohar: Judy Garland in MEET ME IN ST. LOUIS: https://t.co/oggkRm5xXh"}, {"author_id": 14142441, "id": 1495220042920833028, "text": "RT @TomZohar: Judy Garland in MEET ME IN ST. LOUIS: https://t.co/oggkRm5xXh"}, {"author_id": 899133913, "id": 1495218904062332928, "text": "RT @TomZohar: Judy Garland in MEET ME IN ST. LOUIS: https://t.co/oggkRm5xXh"}, {"author_id": 923636702, "id": 1495208452062425097, "text": "Meet me in St. Louis! #iykyk @ Millburn, New Jersey https://t.co/nHAnvmb0fc"}, {"author_id": 2170930919, "id": 1495181554385051654, "text": "RT @TomZohar: Judy Garland in MEET ME IN ST. LOUIS: https://t.co/oggkRm5xXh"}, {"author_id": 16150270, "id": 1495173781249212416, "text": "RT @TomZohar: Judy Garland in MEET ME IN ST. LOUIS: https://t.co/oggkRm5xXh"}, {"author_id": 1409615200676896772, "id": 1495170549231886338, "text": "RT @An_Antiquarian: @americanduce two very different but contemporary movies set then: the magnificent ambersons (welles' next film after c\u2026"}, {"author_id": 142908783, "id": 1495145911323971591, "text": "RT @TomZohar: Judy Garland in MEET ME IN ST. LOUIS: https://t.co/oggkRm5xXh"}, {"author_id": 904026830, "id": 1495125089263759368, "text": "RT @TomZohar: Judy Garland in MEET ME IN ST. LOUIS: https://t.co/oggkRm5xXh"}, {"author_id": 1441195823660879875, "id": 1495112275186765825, "text": "RT @TomZohar: Judy Garland in MEET ME IN ST. LOUIS: https://t.co/oggkRm5xXh"}, {"author_id": 202902219, "id": 1495108558689644550, "text": "RT @TomZohar: Judy Garland in MEET ME IN ST. LOUIS: https://t.co/oggkRm5xXh"}, {"author_id": 19734859, "id": 1495103357052145667, "text": "RT @TomZohar: Judy Garland in MEET ME IN ST. LOUIS: https://t.co/oggkRm5xXh"}, {"author_id": 876820946, "id": 1495101158205149188, "text": "RT @TomZohar: Judy Garland in MEET ME IN ST. LOUIS: https://t.co/oggkRm5xXh"}, {"author_id": 1447220193638375424, "id": 1495098303775744000, "text": "Meet Me in St. Louis was recently added to Pete Plex https://t.co/MBdO0McOZj"}, {"author_id": 45855716, "id": 1495098254895243275, "text": "@Jamesrus42 @IUnkmike Wow. I thought Meet Me in St. Louis was set later than that. (My theater knowledge is how I knew where it premiered.)"}, {"author_id": 244978806, "id": 1495095440118845441, "text": "RT @TomZohar: Judy Garland in MEET ME IN ST. LOUIS: https://t.co/oggkRm5xXh"}, {"author_id": 130389678, "id": 1495093075374391298, "text": "RT @TomZohar: Judy Garland in MEET ME IN ST. LOUIS: https://t.co/oggkRm5xXh"}, {"author_id": 1099805353913528321, "id": 1495090885297590276, "text": "RT @TomZohar: Judy Garland in MEET ME IN ST. LOUIS: https://t.co/oggkRm5xXh"}, {"author_id": 2262558614, "id": 1495090235901767681, "text": "RT @TomZohar: Judy Garland in MEET ME IN ST. LOUIS: https://t.co/oggkRm5xXh"}, {"author_id": 348276098, "id": 1495087396970450949, "text": "RT @TomZohar: Judy Garland in MEET ME IN ST. LOUIS: https://t.co/oggkRm5xXh"}, {"author_id": 1149278030, "id": 1495087026365816833, "text": "RT @TomZohar: Judy Garland in MEET ME IN ST. LOUIS: https://t.co/oggkRm5xXh"}, {"author_id": 277331265, "id": 1495086608986656772, "text": "RT @TomZohar: Judy Garland in MEET ME IN ST. LOUIS: https://t.co/oggkRm5xXh"}, {"author_id": 1258505153218523137, "id": 1495083438365634560, "text": "RT @TomZohar: Judy Garland in MEET ME IN ST. LOUIS: https://t.co/oggkRm5xXh"}, {"author_id": 828766307948568576, "id": 1495082207840374785, "text": "RT @TomZohar: Judy Garland in MEET ME IN ST. LOUIS: https://t.co/oggkRm5xXh"}, {"author_id": 25573269, "id": 1495081614174478336, "text": "RT @TomZohar: Judy Garland in MEET ME IN ST. LOUIS: https://t.co/oggkRm5xXh"}, {"author_id": 57717581, "id": 1495081591126867968, "text": "RT @TomZohar: Judy Garland in MEET ME IN ST. LOUIS: https://t.co/oggkRm5xXh"}, {"author_id": 331962814, "id": 1495081200163033091, "text": "Judy Garland in MEET ME IN ST. LOUIS: https://t.co/oggkRm5xXh"}, {"author_id": 46627828, "id": 1495077298114117633, "text": "@eleanorcastile It's no Meet Me in St Louis but it has its moments!"}, {"author_id": 2612537106, "id": 1495070233526251522, "text": "RT @nc_cpl: Anyone in the St Louis area that wants to meet possibly today let me know. Bi play and fun all day! https://t.co/5DHE3rE21P"}, {"author_id": 1078998688184389632, "id": 1495069150984781826, "text": "Anyone in the St Louis area that wants to meet possibly today let me know. Bi play and fun all day! https://t.co/5DHE3rE21P"}, {"author_id": 434539275, "id": 1494940583793917952, "text": "@americanduce two very different but contemporary movies set then: the magnificent ambersons (welles' next film after citizen kane - apparently mutilated by studio but still great), and meet me in st louis. both replete with warm nostalgia for a vanished time."}, {"author_id": 1465952713427111937, "id": 1494877899853287427, "text": "@GretzkyEmma see ya in st.louis.smu!glad to hear it!my co.based in https://t.co/UoBe6TUzTV rel.all over mo.we can meet at spring break.tell dad.beers on me.l.m.a.o.i guess Miami https://t.co/HpVDEQ955B alright.18,ain't gotta ask parents anymore.l.m.b.o.bye wayne.outa con. rond me"}, {"author_id": 1267438052, "id": 1494841476664147971, "text": "@itsmargarethall Definitely! And I would add Meet Me in St. Louis (1944) and The Young Girls of Rochefort (1967)."}, {"author_id": 54725920, "id": 1494821655264124930, "text": "@JennyJohnsonHi5 I just watched my childhood fave, Meet Me in St Louis. Still the happiest movie beginning to end for me. \u2665\ufe0f https://t.co/KGGUCgbFmE"}, {"author_id": 826555152853241857, "id": 1494809701413916672, "text": "Have you heard the song 'Meet Me in St. Louis, Louis Hanging by a Moment'?"}, {"author_id": 1366738401022652416, "id": 1494745412477112327, "text": "Meet me in St. Louis \ud83d\ude0c\ud83d\ude0c\ud83d\ude0c I know every single word, scene, dance, harmony.. \ud83d\ude06 https://t.co/GuuIRKbcIr"}, {"author_id": 826555152853241857, "id": 1494694246602792965, "text": "Have you heard the song 'Meet Me in St. Louis, Louis Lonely No More'?"}, {"author_id": 1309683570395549696, "id": 1494674601988833281, "text": "i swear, Meet Me In St. Louis just gets better and better every time \ud83e\udd70"}, {"author_id": 4894959599, "id": 1494644751617822722, "text": "RT @52fe2588ad4c42e: #Bales2022FilmChallenge\n    February 17\n Cabbage eaten in a movie\n \"Meet me in St. Louis\" \ud83c\udfac 1944\n    #film #Cinema #ac\u2026"}, {"author_id": 1381638545555791872, "id": 1494510420685639692, "text": "RT @52fe2588ad4c42e: #Bales2022FilmChallenge\n    February 17\n Cabbage eaten in a movie\n \"Meet me in St. Louis\" \ud83c\udfac 1944\n    #film #Cinema #ac\u2026"}, {"author_id": 1087489738834132992, "id": 1494476648388956162, "text": "@SmokedSirloin Imagine a meet me in St. Louis remake \ud83d\ude3b"}, {"author_id": 963155660648140800, "id": 1494464280242147338, "text": "Obsessions: Meet Me in St. Louis (episode 13) Lia: John Mulaney &amp; The Sack Lunch Bunch Documentary Now: Co-op Company Cast Recording Documentary Odiesia: Red Palace Immersive ShowOriginal Cast Album: Company (1970... https://t.co/h5urMSYoKz"}, {"author_id": 1478719257114468352, "id": 1494460354981683200, "text": "\"Meet me in St Louis\" - Judy Garland: The Trolley Song https://t.co/vyfdGur4qD via @YouTube"}, {"author_id": 956436501692321793, "id": 1494451153702162437, "text": "@CharlesPPierce @ThatEricAlper I like June Lockhart assigning partners in Meet me in St Louis\u2026"}, {"author_id": 976937247273553920, "id": 1494404348708855811, "text": "@FilmGamerOne Yeah, I've never written anything on it but it was very strange for me. As someone who gave perfect scores to Meet Me in St. Louis and Emma (2020), I was more than expecting to love it. I just really didn't."}, {"author_id": 1248141483619672065, "id": 1494381064600506369, "text": "RT @ihateclaims: @bales1181  @JanuaryMovie  #Bales2022FilmChallenge @ithrah69\n @aillsley3 @filmizon @VaderJaws @518gigawatts @JohnMartin262\u2026"}, {"author_id": 247808114, "id": 1494369678134816773, "text": "Skip to my Lou - \"Meet Me in St. Louis\" - Judy Garland https://t.co/H5ioV2FFcA via @YouTube"}, {"author_id": 4928058777, "id": 1494333933009326090, "text": "RT @52fe2588ad4c42e: #Bales2022FilmChallenge\n    February 17\n Cabbage eaten in a movie\n \"Meet me in St. Louis\" \ud83c\udfac 1944\n    #film #Cinema #ac\u2026"}, {"author_id": 3645639137, "id": 1494333809621299207, "text": "RT @52fe2588ad4c42e: #Bales2022FilmChallenge\n    February 17\n Cabbage eaten in a movie\n \"Meet me in St. Louis\" \ud83c\udfac 1944\n    #film #Cinema #ac\u2026"}, {"author_id": 838479388828123136, "id": 1494333726339203072, "text": "RT @52fe2588ad4c42e: #Bales2022FilmChallenge\n    February 17\n Cabbage eaten in a movie\n \"Meet me in St. Louis\" \ud83c\udfac 1944\n    #film #Cinema #ac\u2026"}, {"author_id": 889609746898202626, "id": 1494333619053072389, "text": "RT @52fe2588ad4c42e: #Bales2022FilmChallenge\n    February 17\n Cabbage eaten in a movie\n \"Meet me in St. Louis\" \ud83c\udfac 1944\n    #film #Cinema #ac\u2026"}, {"author_id": 4113488189, "id": 1494333486219477000, "text": "#Bales2022FilmChallenge\n    February 17\n Cabbage eaten in a movie\n \"Meet me in St. Louis\" \ud83c\udfac 1944\n    #film #Cinema #actors https://t.co/iopLdJETv4"}, {"author_id": 1490872734217543680, "id": 1494303233707503620, "text": "Meet me in st.louis's dress\ud83c\udfb6 https://t.co/2NT6zlWJTm"}, {"author_id": 1441204662909083658, "id": 1494284529523171334, "text": "@runweighblondie Hello.beauitly I'm mike.from st.louis mo. Call me.314 390 4608 mike anytime. Divorce.7yrs. Looking.  I'm a Army veteran. 28yrs.fought in.3 wars retired 2yrs ago.  Yiu so,beautiful woman baby.  Love to meet you \u2764. https://t.co/WTXiHXy481"}, {"author_id": 80407609, "id": 1494278206446346240, "text": "The Trolley Song - Meet Me In St. Louis - 1944 - Judy Garland https://t.co/88PAdxPXQ8 via @YouTube"}, {"author_id": 700514809918279680, "id": 1494151825460715523, "text": "@ThatEricAlper Have Yourself A Merry Little Christmas-Meet Me in St Louis"}, {"author_id": 23997688, "id": 1494146635630321670, "text": "#Bales2022FilmChallenge\nFebruary 17: Cabbage Eaten \nMeet Me in St. Louis (Minnelli, 1944) - The Smiths enjoy corned beef and cabbage. https://t.co/ALEZWOoDTb"}, {"author_id": 1141789415364333569, "id": 1494142337399857155, "text": "@DateDateline Katie, have you ever seen Meet Me in St. Louis?  The GRANDEST Worlds Fair was there, but not the first.  Iowa\u2019s Staye fair is well known for the butter sculptures.  Every year there is a butter cow and other butter items.  (Yes, that is butter HP). https://t.co/7MYsQj6EOb"}, {"author_id": 226209466, "id": 1494140807128965121, "text": "#Bales2022FilmChallenge\n\nDay 17 - Cabbage eaten in movie\n\nMeet Me in St Louis (1944)\n\nCorned Beef and Cabbage https://t.co/hp10YUdFkY"}, {"author_id": 1001871252980559873, "id": 1494135151290302468, "text": "@clarencehilljr Meet me in St Louis Louie, meet me at the fair. #1 It\u2019s a Laker city. #2 No one cares about football unless its USC football. #3 The old LA Ram fan base has been dead for years. #4 Go out into LA during these times of Covid, violence and protest for a 30 sec glimpse of Stafford?"}, {"author_id": 1251372509037035524, "id": 1494129659440766988, "text": "@seraphinaspang Marnie\nNorth By Northwest\nGaslight\nDouble Indemnity\nRear Window\nRope\nThe Man Who Knew Too Much\nWhatever Happened to Baby Jane\nCitizen Kane\nHud\nLaura\nRebecca\nMeet Me In St. Louis"}, {"author_id": 233718748, "id": 1494121606943227909, "text": "RT @IdleTalk12: Day 17: cabbage in a movie\nMeet Me in St. Louis \u2013 Corned beef and cabbage dinner\n#Bales2022FilmChallenge\n@bales1181 @ithrah\u2026"}, {"author_id": 1325158158671638528, "id": 1494114786187128832, "text": "@SahveSays @seraphinaspang My favorite \u2018Meet Me in St Louis\u2019"}, {"author_id": 23359111, "id": 1494100864629456900, "text": "#Bales2022FilmChallenge\n@bales1181 \n\nFebruary 17th:  Cabbage Eaten in Movie\n\n\"Meet Me in St. Louis\" (1945)\n\nThe classic Judy Garland movie with  an excellent retort from Katie the Maid when Mr. Alonzo Smith complains he could smell the cabbage all the way from the station: https://t.co/lR78Rw3xMY"}, {"author_id": 1413164503185989638, "id": 1494081720978751488, "text": "RT @ihateclaims: @bales1181  @JanuaryMovie  #Bales2022FilmChallenge @ithrah69\n @aillsley3 @filmizon @VaderJaws @518gigawatts @JohnMartin262\u2026"}, {"author_id": 1355225085255286785, "id": 1494075792971677698, "text": "RT @TuneMie2: Join @TuneMie2 and @PinkBellyVin for It's Vintage Movie Night! on @scener \nMeet Me in St. Louis\n1944 \u2027 Musical/Romance \u2027 1h 5\u2026"}, {"author_id": 1445748694964260866, "id": 1494072596777811968, "text": "Join @TuneMie2 and @PinkBellyVin for It's Vintage Movie Night! on @scener \nMeet Me in St. Louis\n1944 \u2027 Musical/Romance \u2027 1h 53m\nFEB. 16 | 8:30e 7:30c 5:30p | HBOMAX\nScener: https://t.co/hJXpOThck6 https://t.co/ktrwlKcfMV"}, {"author_id": 755310265, "id": 1494067618512351234, "text": "@seraphinaspang Cheaper by The Dozen, Meet Me in St Louis, anything with Hepburn and Tracy, The Philadelphia Story,"}, {"author_id": 1421323842761502722, "id": 1494058012578881540, "text": "@bales1181  @JanuaryMovie  #Bales2022FilmChallenge @ithrah69\n @aillsley3 @filmizon @VaderJaws @518gigawatts @JohnMartin262 @fredforthemets @stonegasman #FilmTwitter #film #cinema #movies  \n17-cabbage eaten in movie\nMEET ME IN ST. LOUIS \nGlad I just saw it\n\nhttps://t.co/zlmZSYNhgL"}, {"author_id": 1476536047240634368, "id": 1494050875056214018, "text": "RT @IdleTalk12: Day 17: cabbage in a movie\nMeet Me in St. Louis \u2013 Corned beef and cabbage dinner\n#Bales2022FilmChallenge\n@bales1181 @ithrah\u2026"}, {"author_id": 925509852046217216, "id": 1494047518111457280, "text": "RT @IdleTalk12: Day 17: cabbage in a movie\nMeet Me in St. Louis \u2013 Corned beef and cabbage dinner\n#Bales2022FilmChallenge\n@bales1181 @ithrah\u2026"}, {"author_id": 373016999, "id": 1494047233003732994, "text": "RT @IdleTalk12: Day 17: cabbage in a movie\nMeet Me in St. Louis \u2013 Corned beef and cabbage dinner\n#Bales2022FilmChallenge\n@bales1181 @ithrah\u2026"}, {"author_id": 1248141483619672065, "id": 1494039150332317697, "text": "RT @IdleTalk12: Day 17: cabbage in a movie\nMeet Me in St. Louis \u2013 Corned beef and cabbage dinner\n#Bales2022FilmChallenge\n@bales1181 @ithrah\u2026"}, {"author_id": 329770454, "id": 1494038973223620609, "text": "@seraphinaspang The version of Jane Eyre with Joan Fontaine and Orson Wells, and Meet Me in St. Louis are both wonderful."}, {"author_id": 3218277081, "id": 1494038616154255362, "text": "Dozens of crows were found dead in Downtown St. Louis \n\nThat's it. That's the tweet... Meet me in St. Louis \ud83c\udfb6\u2620\ufe0f"}, {"author_id": 1413164503185989638, "id": 1494036033851297796, "text": "Day 17: cabbage in a movie\nMeet Me in St. Louis \u2013 Corned beef and cabbage dinner\n#Bales2022FilmChallenge\n@bales1181 @ithrah69 @VaderJaws @filmizon  @JanuaryMovie https://t.co/9UorIkrQnO"}, {"author_id": 1285325527717486593, "id": 1493988950494498820, "text": "@seraphinaspang Color\n\nAuntie Mame (\u201858)\nMeet Me In St Louis (\u201844)\nSingin\u2019 in the Rain (\u201852)\nRear Window (\u201854)\nA Star Is Born (\u201854)\nThe Band Wagon (\u201853)\nFunny Face (\u201857)\nGentlemen Prefer Blondes (\u201853)\nImitation of Life (\u201859)\nSeven Brides for Seven Brothers (\u201854)\nSummer Stock (\u201850)\nGigi (\u201858)"}, {"author_id": 826555152853241857, "id": 1493944440473337860, "text": "Have you heard the song 'Meet Me in St. Louis, Louis Love Song'?"}, {"author_id": 736307746237079553, "id": 1493881591365607424, "text": "Meet me in #StLouis https://t.co/rfynyGDQ49 https://t.co/jv7EiWoOZG"}, {"author_id": 1390773512902696965, "id": 1493838679026155522, "text": "@bdmarotta -Abbott and Costello Meet Frankenstein\n-Duck Soup\n-Fantastic Mr. Fox\n-Harold and Maude\n-Meet Me in St. Louis\n-Roman Holiday\n-Seven Brides for Seven Brothers\n-Singin' in the Rain\n-The World of Henry Orient\n-Young Frankenstein"}, {"author_id": 89632885, "id": 1493833978230587396, "text": "@seraphinaspang Key Largo\nTo Have and Have Not\nSunset Boulevard\nGentlemen Prefer Blondes\nBringing Up Baby\nAfrican Queen\nOperation Petticoat\nNotorious\nHis Girl Friday\nSingin' in the Rain\nToo Hat\nNiagra\nMeet Me in St. Louis\nEaster Parade"}, {"author_id": 1053019968038686721, "id": 1493815791371706371, "text": "@seraphinaspang Laura, The Ghost and Mrs. Muir, From Here To Eternity, It\u2019s A Wonderful Life, Meet Me In St. Louis, Miracle On 34th Street . . ."}, {"author_id": 138418838, "id": 1493813904148865027, "text": "Corrie star Sally Dynevor unrecognisable with 'gorgeous' 80s look for ITV Dancing On Ice ...: Sally, 58, channelled screen icon Judy Garland in the 1944 film Meet Me in St. Louis, and Matt swooned \"my little gay heart is in love.\"\u00a0... https://t.co/4lFo6kJjuW"}, {"author_id": 4769657246, "id": 1493802997247135744, "text": "@seraphinaspang How old? All About Eve, Nightmare Alley, Meet Me in St. Louis, Spellbound, that type of thing?"}]