[{"author_id": 201899319, "id": 1495285956215255046, "text": "RT @ClassicMovieHub: Born Today, Feb 18, in 1890, Edward Arnold - \nOver 140 roles incl I'm No Angel, Diamond Jim, You Can't Take It w/You,\u2026"}, {"author_id": 201899319, "id": 1495285179858001922, "text": "RT @ClassicMovieHub: You play your cards right and you'll never have to worry about money again. -Edward Arnold as DB Norton in Meet John D\u2026"}, {"author_id": 760108481592647681, "id": 1495053084447420418, "text": "RT @ClassicMovieHub: Born Today, Feb 18, in 1890, Edward Arnold - \nOver 140 roles incl I'm No Angel, Diamond Jim, You Can't Take It w/You,\u2026"}, {"author_id": 760108481592647681, "id": 1495052732209709064, "text": "RT @ClassicMovieHub: You play your cards right and you'll never have to worry about money again. -Edward Arnold as DB Norton in Meet John D\u2026"}, {"author_id": 1154682535554666496, "id": 1495026541092241410, "text": "RT @ClassicMovieHub: Born Today, Feb 18, in 1890, Edward Arnold - \nOver 140 roles incl I'm No Angel, Diamond Jim, You Can't Take It w/You,\u2026"}, {"author_id": 18451397, "id": 1495017810254344197, "text": "RT @ClassicMovieHub: Born Today, Feb 18, in 1890, Edward Arnold - \nOver 140 roles incl I'm No Angel, Diamond Jim, You Can't Take It w/You,\u2026"}, {"author_id": 1152782295712948225, "id": 1494941627806220288, "text": "RT @ClassicMovieHub: You play your cards right and you'll never have to worry about money again. -Edward Arnold as DB Norton in Meet John D\u2026"}, {"author_id": 2257235706, "id": 1494923455132991488, "text": "RT @ClassicMovieHub: You play your cards right and you'll never have to worry about money again. -Edward Arnold as DB Norton in Meet John D\u2026"}, {"author_id": 272538235, "id": 1494918434022432771, "text": "You play your cards right and you'll never have to worry about money again. -Edward Arnold as DB Norton in Meet John Doe https://t.co/3KUhSK2EIf https://t.co/tL1popjA69"}, {"author_id": 1130657602088644608, "id": 1494904551601844224, "text": "#FebWordSongs | 19\nOnly.\nIt\u2019s Only Love - John Doe (Meet John Doe, \u201890)\nI don\u2019t know anything about this album other than it\u2019s John Doe\u2019s first solo outing. That, and also the whole LP is good. This song is majestic. https://t.co/dvENJZDkTK"}, {"author_id": 1348081430778277896, "id": 1494899540264198149, "text": "RT @ClassicMovieHub: Born Today, Feb 18, in 1890, Edward Arnold - \nOver 140 roles incl I'm No Angel, Diamond Jim, You Can't Take It w/You,\u2026"}, {"author_id": 1426885070, "id": 1494890511181754376, "text": "Remembering Edward Arnold on his birthday, here in MEET JOHN DOE (1941). #BornOnThisDay @tcm #TCMParty https://t.co/iy798oMqGy"}, {"author_id": 448585258, "id": 1494829348251185157, "text": "RT @ClassicMovieHub: Born Today, Feb 18, in 1890, Edward Arnold - \nOver 140 roles incl I'm No Angel, Diamond Jim, You Can't Take It w/You,\u2026"}, {"author_id": 38472333, "id": 1494823730601734144, "text": "This movie should be watched all the way through, but here is a good clip.\n\"Meet John Doe\" Part 10\nhttps://t.co/EcQkHLQf2C"}, {"author_id": 1454413119200112643, "id": 1494787937090904068, "text": "Check out MEET JOHN DOE MOVIE POSTER *2X3 FRIDGE MAGNET* GARY COOPER BARBARA STANWYCK STAR #Retro https://t.co/cM78jzVjsO via @eBay"}, {"author_id": 1152782295712948225, "id": 1494768437045825538, "text": "RT @ClassicMovieHub: Born Today, Feb 18, in 1890, Edward Arnold - \nOver 140 roles incl I'm No Angel, Diamond Jim, You Can't Take It w/You,\u2026"}, {"author_id": 865258802307878913, "id": 1494766865784180739, "text": "RT @ClassicMovieHub: Born Today, Feb 18, in 1890, Edward Arnold - \nOver 140 roles incl I'm No Angel, Diamond Jim, You Can't Take It w/You,\u2026"}, {"author_id": 616138397, "id": 1494747128329121792, "text": "RT @ClassicMovieHub: Born Today, Feb 18, in 1890, Edward Arnold - \nOver 140 roles incl I'm No Angel, Diamond Jim, You Can't Take It w/You,\u2026"}, {"author_id": 974833921, "id": 1494742718785929222, "text": "RT @jhpcine: Remembering Edward Arnold on his birthday. My favorite film with Arnold so far is Meet John Doe. https://t.co/QAIpWUyw45"}, {"author_id": 3407179563, "id": 1494736135620374531, "text": "RT @ClassicMovieHub: Born Today, Feb 18, in 1890, Edward Arnold - \nOver 140 roles incl I'm No Angel, Diamond Jim, You Can't Take It w/You,\u2026"}, {"author_id": 2913096764, "id": 1494712037372477444, "text": "RT @ClassicMovieHub: Born Today, Feb 18, in 1890, Edward Arnold - \nOver 140 roles incl I'm No Angel, Diamond Jim, You Can't Take It w/You,\u2026"}, {"author_id": 1380712338, "id": 1494689328194277377, "text": "Remembering Edward Arnold on his birthday. My favorite film with Arnold so far is Meet John Doe. https://t.co/QAIpWUyw45"}, {"author_id": 2324028162, "id": 1494688768917389314, "text": "RT @ClassicMovieHub: Born Today, Feb 18, in 1890, Edward Arnold - \nOver 140 roles incl I'm No Angel, Diamond Jim, You Can't Take It w/You,\u2026"}, {"author_id": 19805682, "id": 1494686655986511873, "text": "RT @ClassicMovieHub: Born Today, Feb 18, in 1890, Edward Arnold - \nOver 140 roles incl I'm No Angel, Diamond Jim, You Can't Take It w/You,\u2026"}, {"author_id": 384996043, "id": 1494686482677878791, "text": "RT @ClassicMovieHub: Born Today, Feb 18, in 1890, Edward Arnold - \nOver 140 roles incl I'm No Angel, Diamond Jim, You Can't Take It w/You,\u2026"}, {"author_id": 272538235, "id": 1494684387098734600, "text": "Born Today, Feb 18, in 1890, Edward Arnold - \nOver 140 roles incl I'm No Angel, Diamond Jim, You Can't Take It w/You, Mr Smith Goes to Washington, Meet John Doe, Easy Living, Toast of New York, Devil &amp; Daniel Webster, Take Me Out to the Ball Game... https://t.co/pyL6q6BSYq https://t.co/XSx9cTvCTo"}, {"author_id": 1091828770636320768, "id": 1494672298594344963, "text": "@drjonty Honorable Mentions:\n\nThe Last Emperor \nThe Manchurian Candidate \nAll The President\u2019s Men\nInglourious Basterds\nJoJo Rabbit\nMEET JOHN DOE (so good!!)\nThe Great Escape\nNetwork \nElection\nBreakfast on Pluto\nBeing There\nLawrence of Arabia\nLives of Others"}, {"author_id": 1187282506124529664, "id": 1494459956292202502, "text": "#BOTD 1890 \u2013 1956 Edward Arnold, 66, US actor. \n\nJohnny Apollo * Meet John Doe * The Devil and Daniel Webster * Johnny Eager * Eyes in the Night * Kismet * Mrs Parkington * Week-End at the Waldorf * The Hucksters * The City That Never Sleeps * Miami Expos\u00e9 (1956 final film) https://t.co/wg1PNN3kPj"}, {"author_id": 1476149824328187911, "id": 1494317499550101506, "text": "RT @mayor_iconcity: Meet John Doe. \n\nJohn Doe is an avatar that will be used for the concept: personalized avatar. More information will fo\u2026"}, {"author_id": 29081023, "id": 1494162122338717699, "text": "@errrica Meet John Doe, Here Come The Warm Jets (eno), Yankee Hotel Foxtrot (wilco), Kicking Against The Pricks (nick cave), When I Die I'll Live Again (rev gary davis), etc."}, {"author_id": 1029361925996638208, "id": 1493995967607185412, "text": "RT @cunytv: Professor Jerry Carlson discusses the 1941 Frank Capra movie \"Meet John Doe\" with Peter Bogdanovich on the recently aired episo\u2026"}, {"author_id": 278594290, "id": 1493993584684515329, "text": "Professor Jerry Carlson discusses the 1941 Frank Capra movie \"Meet John Doe\" with Peter Bogdanovich on the recently aired episode of City Cinemathique. \n\nWatch now: https://t.co/wRMhmvyZsY"}, {"author_id": 1076052081545568256, "id": 1493978174425870337, "text": "Meet John Doe | Gary Cooper | Oscar Nominated | Romance | Drama\nhttps://t.co/ZJHrOgdVue\n#drama #Romance #Oscars #freemovies #artflix"}, {"author_id": 1308105427, "id": 1493799710708097024, "text": "@StevenTDennis @amyklobuchar, given that you control the process to put a slide between floors, &amp; given that Steven Dennis\u2014who knows more about Congress than a character in \"Meet John Doe\"\u2014wants a slide, &amp; given that Congress has been light on fun for the longest time: #TeamSlide. Pls support."}, {"author_id": 962833622486142976, "id": 1493711286969978885, "text": "@aletspi They Live by Night, Capernaum, Penny Serenade, Ponette, Buddha Collapsed Out of Shame, Mouchette, Marona's Fantastic Tale, Meet John Doe."}, {"author_id": 3444869952, "id": 1493608166340374538, "text": "@1813Doncarlo Ruturd's been doing this stuff since Pootin was a kid. The 1941 movie \"Meet John Doe\" has a media owner paying instigators to disrupt the Dem Convention, then sends in his bought-off police to beat them up &amp; runs for President on \"law &amp; order.\" They're part of a long tradition."}, {"author_id": 133924979, "id": 1493397105884348419, "text": "@kimyoun11732107 @IMDb I first saw her in Double Indemnity. But fell for her in Ball of Fire haha. Saw Christmas in Connecticut just this last Christmas season. Loved it! My other top tier faves with her are Meet John Doe and Remember the Night."}, {"author_id": 1490613252803465222, "id": 1493311830894198786, "text": "Meet John Doe. \n\nJohn Doe is an avatar that will be used for the concept: personalized avatar. More information will follow soon.\n\n#IconCity #NFT #personalized #avatar #craft #icon #icx #soon https://t.co/6oDDSmOpWz"}, {"author_id": 713354829008146432, "id": 1493290159953043460, "text": "[8/10] Juan Nadie (1941) by Frank Capra - Gary Cooper, Barbara Stanwyck, Edward Arnold, Walter Brennan, James Gleason, Ann Doran, Gene Lockhart, Regis Toomey, Spring Byington\n\n\ud83c\uddfa\ud83c\uddf8Meet John Doe https://t.co/FXOmZwXw9D"}, {"author_id": 376948834, "id": 1493075964422676487, "text": "In the last season of CURB, I\u2019m once again intrigued by the repeated allusions to classic Hollywood films: Larry\u2019s DIXIANA poster in his office, his James Mason impression, his reference to MR. SMITH\u2019s filibuster, scenes of him watching THE WOMAN IN GREEN and MEET JOHN DOE\u2026"}]