[{"author_id": 57988599, "id": 1495268359142723588, "text": "RT @erijohansson: MENACE II SOCIETY\nALBERT HUGHES+1\n1993\n\ud83c\uddfa\ud83c\uddf2\n\nBlack History Month 2022\n# 12 https://t.co/8xUNgUMMIN"}, {"author_id": 764232189009653760, "id": 1495257652703727616, "text": "Menace II Society is such a fucki g classic."}, {"author_id": 1401703521959940097, "id": 1495193464245559300, "text": "My \u2605\u2605\u2605\u2605\u00bd review of Menace II Society on @letterboxd: https://t.co/bySXH1aFfa"}, {"author_id": 136516156, "id": 1495191640062849024, "text": "a 5.0 on Daytons? You didnt see Menace II Society? https://t.co/wulVycXHqh"}, {"author_id": 2393374547, "id": 1495163592655704064, "text": "MENACE II SOCIETY\nALBERT HUGHES+1\n1993\n\ud83c\uddfa\ud83c\uddf2\n\nBlack History Month 2022\n# 12 https://t.co/8xUNgUMMIN"}, {"author_id": 106698476, "id": 1495156236932759561, "text": "[Second Hand] Double Jeopardy / Menace II Society - Joker Records [JOKER62][2000] \nhttps://t.co/7iVNjA1NNb\n#drumandbass #dnb #12inch #vinyl #secondhand"}, {"author_id": 2482521595, "id": 1495141722501922829, "text": "RT @Lere_k13: Menace II society/ Boyz in da hood/ Baby boy"}, {"author_id": 340981334, "id": 1495125829101236233, "text": "My opinion, as far as my era, to me\u2026\n\nComing to America\nSet it Off\nDjango\nFriday\nLife\nBoyz N the Hood/Menace II Society\nPaid in Full\nSouth Central\nClass Act\nBlankman/Meteor Man\n\nThis might even be my order on the low https://t.co/lxMgyRcEsx"}, {"author_id": 2294803691, "id": 1495122520994766850, "text": "Menace II Society\nBoyz In The Hood\nPaid In Full https://t.co/hjI3G9X6CR"}, {"author_id": 502345222, "id": 1495122511222165508, "text": "RT @Lere_k13: Menace II society/ Boyz in da hood/ Baby boy"}, {"author_id": 19826513, "id": 1495122510643445760, "text": "RT @Lere_k13: Menace II society/ Boyz in da hood/ Baby boy"}, {"author_id": 1271816547766620161, "id": 1495121856336171022, "text": "How High. Dead Presidents. Menace II society. https://t.co/njCmLYWBhc"}, {"author_id": 1234958821086367745, "id": 1495121292147757056, "text": "RT @Lere_k13: Menace II society/ Boyz in da hood/ Baby boy"}, {"author_id": 2197815962, "id": 1495118667616559110, "text": "Menace II society/ Boyz in da hood/ Baby boy https://t.co/TynyOEOf6L"}, {"author_id": 1312685174837059584, "id": 1495105663130689538, "text": "@filmsaregay Inglorious Basterds, Dodgeball, Mortal Kombat OG, Reservoir Dogs, Willys Wonderland, Menace II Society.  Cant think of any others rn \ud83e\udd14"}, {"author_id": 428395589, "id": 1495100002179461130, "text": "#NowWatching MENACE II SOCIETY for our upcoming Second Time Watchers episode https://t.co/8WAuURlkxl"}, {"author_id": 73707319, "id": 1495081929154179074, "text": "@billydbeaver Say Anything, Pretty in Pink, Some Kind of Wonderful, Can\u2019t Hardly Wait, Juice, Menace II Society, Me and Earl and the Dying Girl."}, {"author_id": 4352319263, "id": 1495069626547507201, "text": "Stay away from men who\u2019s favourite movies are:\nAmerican psycho\nboyz n the hood\nMenace II Society\nTaxi driver\nGodfather 1 &amp; 2\nScarface\nAnd lastly any Spider-Man movie with Tobey Maguire"}, {"author_id": 1160244352167370752, "id": 1495066896189857802, "text": "RT @vibes__N: Menace II society    Boyz N the hood https://t.co/8RWGnReaYR"}, {"author_id": 1493737505832640512, "id": 1495029468120895496, "text": "RT @latrelllatrell1: they don\u2019t make movies like menace II to society anymore"}, {"author_id": 881452481699557376, "id": 1495019491964637187, "text": "RT @vibes__N: Menace II society    Boyz N the hood https://t.co/8RWGnReaYR"}, {"author_id": 823586869048918016, "id": 1494955964948176897, "text": "Menace II society    Boyz N the hood https://t.co/8RWGnReaYR"}, {"author_id": 367342111, "id": 1494911220373237760, "text": "@DeonB85 @itsIRISS @jules7825 @49erSFaithful91 @ReppinDaBay415 @_sportylesley @Delta49erx @missbritt_15 Also, Mc Eiht~ Straight Up Menace, Menace II Society Soundtrack https://t.co/oDPNzumSVW"}, {"author_id": 1173772687841345541, "id": 1494902099146125316, "text": "boyz n the hood is cool but Menace II Society Damn"}, {"author_id": 28197823, "id": 1494885355811532800, "text": "@debaters_mass @KobaltKat Menace II Society is the GOAT"}, {"author_id": 1440532938165141507, "id": 1494868525059616773, "text": "RT @latrelllatrell1: they don\u2019t make movies like menace II to society anymore"}, {"author_id": 41132866, "id": 1494860191745163267, "text": "\ud83d\ude2d both Canes \u2026. Power &amp; Menace II Society https://t.co/Gfb0r18kPE"}, {"author_id": 1028406244929757184, "id": 1494848397374722055, "text": "So so so happy to see MENACE II SOCIETY in the Criterion Collection. This is a fantastic package, can\u2019t wait to dive into this disc https://t.co/vYdjX26MxG"}, {"author_id": 149941149, "id": 1494826975248019461, "text": "RT @laxavenue: Jada Pinkett-Smith &amp; Tichina Arnold at \u201cMenace II society\u201d premiere (1993). https://t.co/4DL1wYtpIw"}, {"author_id": 752627910419316736, "id": 1494822012564512768, "text": "@shep3676 @ReturnofR Menace II Society is such a slept on movie"}, {"author_id": 499425682, "id": 1494820551503888391, "text": "@ReturnofR Pulp Fiction\nAbove The Rim\nMenace II Society\nThe Harder They Fall"}, {"author_id": 30386455, "id": 1494820263866912772, "text": "Debating between Menace II Society and Eat Pray Love."}, {"author_id": 1481264784259563522, "id": 1494787505736065031, "text": "RT @_Cryptik: you know how we do it - menace ii society \n\nhttps://t.co/LS9kWs9yZk"}, {"author_id": 1152430435525365760, "id": 1494777131200659463, "text": "RT @latrelllatrell1: they don\u2019t make movies like menace II to society anymore"}, {"author_id": 4029042195, "id": 1494767909998141444, "text": "YARN | CAINE: When the riots stopped, the drugs started. | Menace II Society (1993) | Video clips by quotes | 957456f8 | \u7d17 https://t.co/fPMcIgm0tN"}, {"author_id": 1081799540766883840, "id": 1494714191827062784, "text": "RT @pepguhly: Filmtipps f\u00fcr den #SuperBowl/#HalfTimeShow \n\n- Menace II Society (1993)\n- Boyz N The Hood (1991)\n- StraightOuttaCompton (2015\u2026"}, {"author_id": 1463153635639050248, "id": 1494690600129634311, "text": "@MinqiB @Nottheantibull1 Haha its a movie Menace II Society. They are the main characters"}, {"author_id": 1307039828391985152, "id": 1494687840214597648, "text": "@oOoOoBarracuda The fourth still is from MENACE II SOCIETY."}, {"author_id": 1231689541423128579, "id": 1494663485808123906, "text": "RT @latrelllatrell1: they don\u2019t make movies like menace II to society anymore"}, {"author_id": 3280993328, "id": 1494564985305026561, "text": "RT @latrelllatrell1: they don\u2019t make movies like menace II to society anymore"}, {"author_id": 980926910980030467, "id": 1494555309104418818, "text": "RT @latrelllatrell1: they don\u2019t make movies like menace II to society anymore"}, {"author_id": 3580673417, "id": 1494550524208861192, "text": "\"Do you care if you live or die,\" they really stole that shit from Menace II Society like they were on some deep shit. #BelAir"}, {"author_id": 1473104958300033024, "id": 1494530516636340225, "text": "RT @latrelllatrell1: they don\u2019t make movies like menace II to society anymore"}, {"author_id": 30310268, "id": 1494517247787814925, "text": "Not the \u201cDo you care if you live or die Cane?\u201d Lmyfao OK menace II society reference lol I dig it #BelAir"}, {"author_id": 884184690575515650, "id": 1494496199520526337, "text": "RT @latrelllatrell1: they don\u2019t make movies like menace II to society anymore"}, {"author_id": 779056678142521344, "id": 1494490379994947586, "text": "\"Who got snaps on the petro?\"\n\nOne of the first six 4K releases by criterion. \nI used to watch this religiously without understanding the message. I gained a lot of respect for it over the years. Classic. \n\nMenace II Society\n\n#criterioncollection #90s\n#ClassicFilms https://t.co/dkUws1MNqx"}, {"author_id": 700730948695015424, "id": 1494485325078577155, "text": "RT @latrelllatrell1: they don\u2019t make movies like menace II to society anymore"}, {"author_id": 1240219376, "id": 1494483937447620623, "text": "RT @latrelllatrell1: they don\u2019t make movies like menace II to society anymore"}, {"author_id": 1314563801308684291, "id": 1494482165169545217, "text": "RT @latrelllatrell1: they don\u2019t make movies like menace II to society anymore"}, {"author_id": 18375033, "id": 1494481093122310144, "text": "@SeanBoog TBH, I\u2019m not even sure when I got into Spice 1, etc. Might\u2019ve been the Menace II Society soundtrack that really got me into that."}, {"author_id": 891170198753075200, "id": 1494479154124886017, "text": "RT @latrelllatrell1: they don\u2019t make movies like menace II to society anymore"}, {"author_id": 840290607264387077, "id": 1494476881734815745, "text": "RT @latrelllatrell1: they don\u2019t make movies like menace II to society anymore"}, {"author_id": 231954257, "id": 1494474622837866496, "text": "RT @latrelllatrell1: they don\u2019t make movies like menace II to society anymore"}, {"author_id": 1388688679955279872, "id": 1494473755070013441, "text": "RT @latrelllatrell1: they don\u2019t make movies like menace II to society anymore"}, {"author_id": 1233066005905186816, "id": 1494472731055771653, "text": "they don\u2019t make movies like menace II to society anymore"}, {"author_id": 1482332005023072258, "id": 1494416703161253888, "text": "@zeus_akira32 Those mafia movies are just Menace II Society with Italians \ud83d\ude02\ud83d\ude02\ud83d\ude02\ud83d\ude02"}, {"author_id": 21814572, "id": 1494415490319536130, "text": "@gialovexo A Bronx Tale/ Menace II Society/ American Pie"}, {"author_id": 1154031198089482241, "id": 1494392695091081222, "text": "RT @SergBeret: @girldrawsghosts Menace II Society/Cradle 2 the Grave"}, {"author_id": 1287994101191684096, "id": 1494392427364315138, "text": "@girldrawsghosts Menace II Society/Cradle 2 the Grave"}, {"author_id": 1423274111942291456, "id": 1494352269520912389, "text": "@kj_kombat @JuJu_Smith_ @XXL They all lying this is Menace II Society"}, {"author_id": 1254126537462427649, "id": 1494340612748820483, "text": "Biopic ou fiction il n'y a parfois qu'un pas pour ces films qui mettent la musique \u00e0 l'honneur :\n1\ufe0f\u20e3 8 Mile\n2\ufe0f\u20e3 Boys n the Hood\n3\ufe0f\u20e3 Menace II Society\n4\ufe0f\u20e3 Hustle and flow\n5\ufe0f\u20e3 NWA: Straight Outta Compton\n\nLire l'article : https://t.co/w0LDsm1I1l https://t.co/jaSjejo9iA"}, {"author_id": 2211835920, "id": 1494313022847913988, "text": "\"Do you care if you live or die?\" https://t.co/fedyYgVrR7"}, {"author_id": 955255755409682432, "id": 1494303605914062852, "text": "RT @ScottSully24: Mark Davis out here begging for someone to take the Raiders job like Cheeseburger Eddie from Menace II Society http://t.c\u2026"}, {"author_id": 21845480, "id": 1494239856209367042, "text": "#NowPlaying Soundtrack - 04 - Top Of The World.mp3 by Menace II Society on https://t.co/4rAFXTMFoP"}, {"author_id": 2796636175, "id": 1494158255534268418, "text": "Uncle Phil been watching Menace II Society. Asking Will, \u201cDo you care if you live or die?\u201d #BelAir"}, {"author_id": 1212063813291216896, "id": 1494145812829515777, "text": "RT @MenaceSoccer94: Them: The perfect V-Day gift doesn't exist..\n\nUs: Hold our chocolates\n\nMenace II Society Vintage T-Shirt\nOnly available\u2026"}, {"author_id": 23788620, "id": 1494115197526683650, "text": "THA LOUNGE: Congrats to @BunBTrillOG on the 30th anniversary of UGK getting that paper. Dose #1 &gt; UGK - Pocket Full of Stones Remix (From Menace II Society). \nhttps://t.co/GQKX15s5Jc"}, {"author_id": 21094117, "id": 1494101466566610946, "text": "RT @MenaceSoccer94: Them: The perfect V-Day gift doesn't exist..\n\nUs: Hold our chocolates\n\nMenace II Society Vintage T-Shirt\nOnly available\u2026"}, {"author_id": 1309110433782157312, "id": 1494075058263842817, "text": "Menace II Society (1993) [MMM Review] https://t.co/wmbbKfNLgS via @GAMESMOVIESAND2"}]