[{"author_id": 1005321832369676288, "id": 1495257402563862531, "text": "@Partisangirl @of_many_words Right, I'm still your homie @Partisangirl  even though you would find my tattoos repulsive, especially the ones on my face, an empty  tear drop under one eye, and Mi Vida Loca under the other... because we Both have the same Goals and Ideals.."}, {"author_id": 92833186, "id": 1495116120776495112, "text": "RT @BartSlim: Johnny Tapia.\nThe Babyfaced Assassin \n\"Yesterday is gone and tomorrow never comes... For today I'm okay.\u201d-\nMi Vida Loca\n\n#joh\u2026"}, {"author_id": 1461899834, "id": 1495114744310767620, "text": "Johnny Tapia.\nThe Babyfaced Assassin \n\"Yesterday is gone and tomorrow never comes... For today I'm okay.\u201d-\nMi Vida Loca\n\n#johnnytapia\n#mividaloca https://t.co/SpwBXn8vBI"}]