[{"author_id": 1261824346298781696, "id": 1495287868524093441, "text": "RT @politicalmath: Anyway, here are their names:\n\nAmanda Collins, EdS\nBrian R Carniello, PhD\nMichael Morrow\nHeather Morgan\nRev Katina Sharp\u2026"}, {"author_id": 22735299, "id": 1495287093722898432, "text": "RT @politicalmath: Anyway, here are their names:\n\nAmanda Collins, EdS\nBrian R Carniello, PhD\nMichael Morrow\nHeather Morgan\nRev Katina Sharp\u2026"}, {"author_id": 876443853087285248, "id": 1495287068012032000, "text": "RT @politicalmath: Anyway, here are their names:\n\nAmanda Collins, EdS\nBrian R Carniello, PhD\nMichael Morrow\nHeather Morgan\nRev Katina Sharp\u2026"}, {"author_id": 27281240, "id": 1495286807432294402, "text": "RT @UnderAntares: 2021 was bad enough but December was a doozy. \n\nHank Aaron: Jan\nCicely Tyson: Jan\nChick Correa: Feb\nBeverly Cleary: Mar\nM\u2026"}, {"author_id": 527144032, "id": 1495285385064325123, "text": "I may be late to the party but just discovered #sickick remixes. Love the Whitney x Celine mash up and the Michael Jackson x Phil Collins mash up. I\u2019m dating myself a bit."}, {"author_id": 3657851063, "id": 1495284817973420035, "text": "RT @unclebernbach: 22/ Next came the task of teaching Michael, who had never touched a drum, to play like Phil Collins. \n\nBeing a musician,\u2026"}, {"author_id": 1269320967672627200, "id": 1495284344021159936, "text": "RT @politicalmath: Anyway, here are their names:\n\nAmanda Collins, EdS\nBrian R Carniello, PhD\nMichael Morrow\nHeather Morgan\nRev Katina Sharp\u2026"}, {"author_id": 1877198120, "id": 1495283155263279106, "text": "RT @politicalmath: Anyway, here are their names:\n\nAmanda Collins, EdS\nBrian R Carniello, PhD\nMichael Morrow\nHeather Morgan\nRev Katina Sharp\u2026"}, {"author_id": 1456016450150440960, "id": 1495283087034523648, "text": "Chris Eubank\nNigel Benn\nMichael Watson\nSteve Collins \n\nWhich one do you love the most and why?  ...\n\n#Boxing https://t.co/FjFoh5Kh2p"}, {"author_id": 831679742394916869, "id": 1495282990909325312, "text": "RT @politicalmath: Anyway, here are their names:\n\nAmanda Collins, EdS\nBrian R Carniello, PhD\nMichael Morrow\nHeather Morgan\nRev Katina Sharp\u2026"}, {"author_id": 1078909999273963520, "id": 1495281844081811456, "text": "RT @politicalmath: Anyway, here are their names:\n\nAmanda Collins, EdS\nBrian R Carniello, PhD\nMichael Morrow\nHeather Morgan\nRev Katina Sharp\u2026"}, {"author_id": 1431759574453809156, "id": 1495281801983451141, "text": "RT @politicalmath: Anyway, here are their names:\n\nAmanda Collins, EdS\nBrian R Carniello, PhD\nMichael Morrow\nHeather Morgan\nRev Katina Sharp\u2026"}, {"author_id": 1029948267117703169, "id": 1495281542037266441, "text": "RT @politicalmath: Anyway, here are their names:\n\nAmanda Collins, EdS\nBrian R Carniello, PhD\nMichael Morrow\nHeather Morgan\nRev Katina Sharp\u2026"}, {"author_id": 36667104, "id": 1495281043825381380, "text": "Anyway, here are their names:\n\nAmanda Collins, EdS\nBrian R Carniello, PhD\nMichael Morrow\nHeather Morgan\nRev Katina Sharp\nAndrew Fels, Esq\nCaroline Mann, MS, MBA\nNathan Kelly, PhD\nStephanie Kodish"}, {"author_id": 1143205131355394049, "id": 1495278117916712965, "text": "RT @FirinneCeartas: Sickick - I Can Feel It (Michael Jackson x Phil Collins Remix) - YouTube #SpeakUpForNoahDonohoe\ud83d\udc99#Noah \ud83d\udc99#RememberMyNoahD\u2026"}, {"author_id": 14576844, "id": 1495277110436540423, "text": "\ud83d\udce3 New Podcast! \"The Dead Sessions with Seth Gilliam Lynn Collins And Michael James Shaw\" on @Spreaker #entertainment #lynncollins #michaeljamesshaw #podcast #sethgilliam #thewalkingdead https://t.co/UDwXYhVlbL"}, {"author_id": 865282215168684032, "id": 1495276033871953921, "text": "RT @MarroniDean: Michael Collins, #NASA, who allegedly went to the #MOON in 1969, runs away when asked to swear on the #bible... \ud83e\udd14\ud83e\udd37\u200d\u2642\ufe0f http\u2026"}, {"author_id": 1045700107566346241, "id": 1495269504837771268, "text": "and also shoutout to michael buble, peter cetera, westlife, phil collins and etc"}, {"author_id": 1199090508213174272, "id": 1495267003422150656, "text": "@44MagnumBlue1  \n 1968 was a most horrible year of tragic events. \nVIETNAM\nTET\nN Korea captured USS Pueblo \nRFK shot \nMLK shot \n\nMichael Collins:\nAnd we've got a telegram here from a Mrs. Valerie Pringle. I'm sure it's not a name that any of you recognize,"}, {"author_id": 1143205131355394049, "id": 1495264301669654529, "text": "Sickick - I Can Feel It (Michael Jackson x Phil Collins Remix) - YouTube #SpeakUpForNoahDonohoe\ud83d\udc99#Noah \ud83d\udc99#RememberMyNoahDonohoe\ud83d\udc99#TwitterstormEverySundayForNoahDonohoe611\ud83d\udc99SUNDAY 6:11PM\ud83d\udc99\ud83d\udc99\ud83d\udc99\ud83d\udc99\ud83d\udc99\ud83d\udc99\ud83d\udc99\ud83d\udc99\ud83d\udc99\ud83d\udc99\ud83d\udc99\ud83d\udc99\ud83d\udc99\ud83d\udc99#REMEMBERNOAHDONOHOE\ud83d\udc99#REMEMBERHISNAMENOAH https://t.co/196Zv6YITr"}, {"author_id": 52171822, "id": 1495261854884585476, "text": "RT @unclebernbach: 22/ Next came the task of teaching Michael, who had never touched a drum, to play like Phil Collins. \n\nBeing a musician,\u2026"}, {"author_id": 1315824566921383936, "id": 1495253665275269120, "text": "@Gnatleech It's been a while but I remember liking Michael Collins with Liam Nieson"}, {"author_id": 949754871653240832, "id": 1495252662417338372, "text": "@cinaedmacmuiris @SageDespatches After the mechanised and industrial-scale slaughter of WWI, the UK Government simply had little appetite for additional loss of human life, so it allowed Irish rebels, under its closeted gay leader, Michael Collins, to perceive themselves as victorious."}, {"author_id": 1495182121241313281, "id": 1495250106651922434, "text": "Air Supply,Rod Stewart,Michael Bolton,Lobo,Lionel Richie,Phil Collins,Ai... https://t.co/fAlYhP98wr via @YouTube"}, {"author_id": 1483738947679588359, "id": 1495248224302821380, "text": "RT @unclebernbach: 22/ Next came the task of teaching Michael, who had never touched a drum, to play like Phil Collins. \n\nBeing a musician,\u2026"}, {"author_id": 324558481, "id": 1495248186583232519, "text": "@decoyrobot Silence is my big one, but I have a really soft spot for Rob Roy and Michael Collins. I wish he\u2019d go back to period pieces. Also, he was excellent in A Monster Calls."}, {"author_id": 1130857622461136896, "id": 1495240741316173825, "text": "@decoyrobot My most recent surprise was COLD PURSUIT, which is funny and engaging. Also SILENCE, THE GREY, HUSBANDS AND WIVES, THE PHANTOM MENACE, MICHAEL COLLINS, DARKMAN, A WALK AMONG..., NON-STOP, THE COMMUTER"}, {"author_id": 45279751, "id": 1495229426359017479, "text": "RT @LCgatorBaseball: Collected 10 hits on the way to a 15-2 victory over Horn Lake!\n\nBryce Craft: 2-3, 3 RBI, 3 R\nMichael Callahan: 2-3, 1\u2026"}, {"author_id": 1488235935133224966, "id": 1495224739656253443, "text": "Alex Ferguson on Michael Collins &amp; Irish History https://t.co/NnL8chAZ5t via @YouTube #boycott"}, {"author_id": 867502704658075648, "id": 1495220296411930625, "text": "#34 The Haunting Season: Ghostly Tales for Long Winter Nights - Bridget Collins, Laura Purcell, Elizabeth Macneal, Imogen Hermes Gowar, Jess Kidd, Natasha Pulley, Koran Millwood Hargrave, and Andrew Michael Hurley"}, {"author_id": 4876332424, "id": 1495219621087043591, "text": "@DavidGHFrost @Telegraph Step by step you'll regain sovereignty of Northern Ireland?\nAs Michael Collins said, the Anglo-Irish Treaty was a stepping stone to Irish freedom.  And the Treaty you negotiated brings us further over the river. We see you Frosty.  Tiocfaidh \u00c1r L\u00e1. \ud83c\uddee\ud83c\uddea"}, {"author_id": 706009897, "id": 1495218185779482625, "text": "RT @MarroniDean: Michael Collins, #NASA, who allegedly went to the #MOON in 1969, runs away when asked to swear on the #bible... \ud83e\udd14\ud83e\udd37\u200d\u2642\ufe0f http\u2026"}, {"author_id": 895105557048250368, "id": 1495215136033943558, "text": "@MillerStanIL Michael Collins (you didn't specify which \"Republicans\" right?\""}, {"author_id": 2840708255, "id": 1495213595675742210, "text": "Eric Clapton, Air Supply, Rod Stewart, Phil Collins, Michael Bolton\ud83c\udf99Soft... https://t.co/UYjf344gyB via @YouTube"}, {"author_id": 1324065595227295745, "id": 1495211848953647109, "text": "Mr putin you are a great leader....like Michael  Collins"}, {"author_id": 1432069004844310529, "id": 1495202382724149248, "text": "jesus christ, these lot think this johnsonout hashtag is their easter uprising and lloyd their michael collins https://t.co/zkVWW5nBUP"}, {"author_id": 1392552048567201793, "id": 1495196495259344897, "text": "RT @legacy_irish: 100 years ago today, S\u00e9amas \u00d3 Maoileoin, Officer Commanding in the IRA's Mid-Limerick Brigade and one of Michael Collins'\u2026"}, {"author_id": 18818221, "id": 1495192313198518272, "text": "RT @DanMulhall: The day was less dramatic than depicted in Neil Jordan\u2019s film \u2018Michael Collins\u2019, but the handover of authority to the leade\u2026"}, {"author_id": 1150744337375989761, "id": 1495190015617417223, "text": "@Sachinettiyil Did Michael Collins not take a Host on the moon mission?."}, {"author_id": 949912893729931264, "id": 1495181593153097730, "text": "RT @NUIGAccess: Magpies on the Pylon is set in a tiny bedroom belonging to Jim, a Traveller father who struggles to cope with the suicide o\u2026"}, {"author_id": 2576143875, "id": 1495181232237338625, "text": "RT @NUIGAccess: Magpies on the Pylon is set in a tiny bedroom belonging to Jim, a Traveller father who struggles to cope with the suicide o\u2026"}, {"author_id": 72646580, "id": 1495179075903709195, "text": "Marked as to-read: All Bleeding Stops by Michael J. Collins https://t.co/ZyX2GlJfyv"}, {"author_id": 939571348292108290, "id": 1495173165609279489, "text": "RT @browneindo: @dubtone Well Michael Collins, Dev, Cosgrave, Lemass et al.. all did fine jobs\n\nBut wait.. that was the old days right? \n\nB\u2026"}, {"author_id": 152646175, "id": 1495168687925571586, "text": "@PatrickMurphy5y @SaraONeillArt My God. YES!, You  DO look Michael Collins? You could have a job as his double. Ever thought about it? Fab!"}, {"author_id": 920854421814341632, "id": 1495167127841607682, "text": "RT @131Weeks: 17th February 1922\nIn a telegram to Michael Collins, Winston Churchill says the Weaver Street bomb attack on children playing\u2026"}, {"author_id": 920854421814341632, "id": 1495167100536733696, "text": "RT @131Weeks: 17th February 1922\nWinston Churchill informs the House of Commons that Michael Collins had secured the release of all but 20\u2026"}, {"author_id": 920854421814341632, "id": 1495166725167489025, "text": "RT @131Weeks: 15th February 1922\nLondon\nMichael Collins and Gear\u00f3id O'Hegarty meet with Winston Churchill and David Lloyd George to discuss\u2026"}, {"author_id": 920854421814341632, "id": 1495166349143945217, "text": "RT @131Weeks: 13th February 1922\nThe spate of armed robberies in Ireland show no sign of slowing\n\u00a311,000 is stolen from banks in Sligo\nMean\u2026"}, {"author_id": 920854421814341632, "id": 1495166296023085060, "text": "RT @131Weeks: 13th February 1922\nWith violence erupting in Belfast, and the recent violence and kidnappings along the Border, Crown Forces\u2026"}, {"author_id": 78768932, "id": 1495162835680305154, "text": "@dr_bonner @Kalisydney1 @Nerak55Mail52 @NeesonAddict65 @Rosesemaria MICK! !! What the heck is it about Michael Collins, Ireland and me lately?!? @Kalisydney1  snet me a link to this very interciew just yesterday - I wasn't even aware this existed. And now heer it is, again.\nI am expecting to hear the Twilight Zone Theme any minute now."}, {"author_id": 20203344, "id": 1495159178477903877, "text": "RT @ThisDayIrish: This day 100 years ago \u2013 16 January 1922 \u2013 Dublin Castle was formally handed over to Michael Collins, Chairman of the Pro\u2026"}, {"author_id": 1304150014332153856, "id": 1495158818505961475, "text": "RT @MarroniDean: Michael Collins, #NASA, who allegedly went to the #MOON in 1969, runs away when asked to swear on the #bible... \ud83e\udd14\ud83e\udd37\u200d\u2642\ufe0f http\u2026"}, {"author_id": 1425615385, "id": 1495155977037000708, "text": "@PatrickMurphy5y Awk c\u2019mon now Patrick, it\u2019s nice to see peoples faces from time to time &amp; it\u2019s always been a superficial world. You look remarkably like Michael Collins btw, did anyone ever tell you? Amazing resemblance. They should\u2019ve cast you instead of Liam Neeson."}, {"author_id": 3788845335, "id": 1495155813794594817, "text": "RT @LCgatorBaseball: Collected 10 hits on the way to a 15-2 victory over Horn Lake!\n\nBryce Craft: 2-3, 3 RBI, 3 R\nMichael Callahan: 2-3, 1\u2026"}, {"author_id": 1447707844099387392, "id": 1495155290785910786, "text": "RT @MarroniDean: Michael Collins, #NASA, who allegedly went to the #MOON in 1969, runs away when asked to swear on the #bible... \ud83e\udd14\ud83e\udd37\u200d\u2642\ufe0f http\u2026"}, {"author_id": 1428759281352970252, "id": 1495154283486056453, "text": "RT @LCgatorBaseball: Collected 10 hits on the way to a 15-2 victory over Horn Lake!\n\nBryce Craft: 2-3, 3 RBI, 3 R\nMichael Callahan: 2-3, 1\u2026"}, {"author_id": 1208996678172368896, "id": 1495153616482672647, "text": "RT @LCgatorBaseball: Collected 10 hits on the way to a 15-2 victory over Horn Lake!\n\nBryce Craft: 2-3, 3 RBI, 3 R\nMichael Callahan: 2-3, 1\u2026"}, {"author_id": 897522339721641984, "id": 1495153326534574082, "text": "RT @LCgatorBaseball: Collected 10 hits on the way to a 15-2 victory over Horn Lake!\n\nBryce Craft: 2-3, 3 RBI, 3 R\nMichael Callahan: 2-3, 1\u2026"}, {"author_id": 24498128, "id": 1495152648105902081, "text": "RT @unclebernbach: 22/ Next came the task of teaching Michael, who had never touched a drum, to play like Phil Collins. \n\nBeing a musician,\u2026"}, {"author_id": 3745890857, "id": 1495151196402823171, "text": "RT @MarroniDean: Michael Collins, #NASA, who allegedly went to the #MOON in 1969, runs away when asked to swear on the #bible... \ud83e\udd14\ud83e\udd37\u200d\u2642\ufe0f http\u2026"}, {"author_id": 1305861817244286976, "id": 1495150704863891462, "text": "RT @MarroniDean: Michael Collins, #NASA, who allegedly went to the #MOON in 1969, runs away when asked to swear on the #bible... \ud83e\udd14\ud83e\udd37\u200d\u2642\ufe0f http\u2026"}, {"author_id": 916665691784253441, "id": 1495148294787457031, "text": "RT @ty1ewis: FINAL \n\nGreensboro Day - 55\nNik Graves - 11p, 7r, 5a\nJaydon Young - 10p, 10r, 3a \nMichael Zanoni - 11p\nGraham Worland - 11p\nCJ\u2026"}, {"author_id": 1380791543708188673, "id": 1495148117309673474, "text": "RT @MarroniDean: Michael Collins, #NASA, who allegedly went to the #MOON in 1969, runs away when asked to swear on the #bible... \ud83e\udd14\ud83e\udd37\u200d\u2642\ufe0f http\u2026"}, {"author_id": 901402534765629443, "id": 1495146105574731783, "text": "While re-watching one of my fave films tonight - Michael Collins, I started thinking about my top 10. Realised they tend to be about rebels eg Braveheart, The Wind that Shakes the Barley, Blade Runner, Killing Fields, The Empire Strikes Back, Lawrence of Arabia. Explains a lot!"}, {"author_id": 467983925, "id": 1495145938603683846, "text": "@decoyrobot From his swinging-dick prime:\n\nKINGDOM OF HEAVEN (Director's Cut)\nDARKMAN\nMICHAEL COLLINS\n\nFrom his latter-day Charles Bronson period:\n\nTHE GREY\n\nFrom his early \"Whoa, he was in that?\" period:\n\nEXCALIBUR\nTHE BOUNTY\nTHE MISSION\n\nSpecial \"FUUUUUUUCK YEAH\" Jury Prize:\n\nTHE DEAD POOL"}, {"author_id": 3188968939, "id": 1495145709657419777, "text": "@MiaGonzilla Not to dis Frank Ocean, but when I see this I think of Phil Collins \"In the air tonight\". Miami Vice TV show. Michael Mann's imagery and awesome tunes."}, {"author_id": 783824813387354112, "id": 1495145447161278470, "text": "@decoyrobot Can\u2019t go wrong with Michael Collins. I did really like Silence and Cold Pursuit too"}, {"author_id": 1368241058837127170, "id": 1495144427333066764, "text": "Michael Collins, #NASA, who allegedly went to the #MOON in 1969, runs away when asked to swear on the #bible... \ud83e\udd14\ud83e\udd37\u200d\u2642\ufe0f https://t.co/SJQQ2LU6w8"}, {"author_id": 18486999, "id": 1495141206543765512, "text": "(1) One can hardly have an Irish movie marathon without Michael Collins (1996), a dramatic and fairly heart-wrenching rendition of the War of Irish Independence and the Free State's immediate descent into bloody civil war. https://t.co/nedPtYudsU"}, {"author_id": 2165884556, "id": 1495139922755338243, "text": "RT @ty1ewis: FINAL \n\nGreensboro Day - 55\nNik Graves - 11p, 7r, 5a\nJaydon Young - 10p, 10r, 3a \nMichael Zanoni - 11p\nGraham Worland - 11p\nCJ\u2026"}, {"author_id": 1195000391727026176, "id": 1495139825636319232, "text": "RT @LCgatorBaseball: Collected 10 hits on the way to a 15-2 victory over Horn Lake!\n\nBryce Craft: 2-3, 3 RBI, 3 R\nMichael Callahan: 2-3, 1\u2026"}, {"author_id": 1275957880307531781, "id": 1495139716085305352, "text": "RT @LCgatorBaseball: Collected 10 hits on the way to a 15-2 victory over Horn Lake!\n\nBryce Craft: 2-3, 3 RBI, 3 R\nMichael Callahan: 2-3, 1\u2026"}, {"author_id": 1694227495, "id": 1495139327701094405, "text": "Collected 10 hits on the way to a 15-2 victory over Horn Lake!\n\nBryce Craft: 2-3, 3 RBI, 3 R\nMichael Callahan: 2-3, 1 RBI, 3 R\nBaker Walker: 3 RBI, 3 R\n\nMahfouz, McKnight (3 RBI), Sartain, Martin, Moberly, and Collins all collected a hit as well! \n\n#FlyTheW #Humbabe https://t.co/MYcZWprGVV"}, {"author_id": 51156348, "id": 1495137843500490758, "text": "RT @ty1ewis: FINAL \n\nGreensboro Day - 55\nNik Graves - 11p, 7r, 5a\nJaydon Young - 10p, 10r, 3a \nMichael Zanoni - 11p\nGraham Worland - 11p\nCJ\u2026"}, {"author_id": 31268794, "id": 1495135255187099663, "text": "RT @ty1ewis: FINAL \n\nGreensboro Day - 55\nNik Graves - 11p, 7r, 5a\nJaydon Young - 10p, 10r, 3a \nMichael Zanoni - 11p\nGraham Worland - 11p\nCJ\u2026"}, {"author_id": 1944880676, "id": 1495134365143154696, "text": "RT @ty1ewis: FINAL \n\nGreensboro Day - 55\nNik Graves - 11p, 7r, 5a\nJaydon Young - 10p, 10r, 3a \nMichael Zanoni - 11p\nGraham Worland - 11p\nCJ\u2026"}, {"author_id": 525297308, "id": 1495131966177435656, "text": "RT @unclebernbach: 22/ Next came the task of teaching Michael, who had never touched a drum, to play like Phil Collins. \n\nBeing a musician,\u2026"}, {"author_id": 151299103, "id": 1495131238130241539, "text": "FINAL \n\nGreensboro Day - 55\nNik Graves - 11p, 7r, 5a\nJaydon Young - 10p, 10r, 3a \nMichael Zanoni - 11p\nGraham Worland - 11p\nCJ Collins - 6p, 7r \n\nCharlotte Christian - 33\nCade Preston - 13p\nGavin Peach - 9p\nJohn Lash - 4p, 11r\n\n#PhenomHoops"}, {"author_id": 2165884556, "id": 1495128809607151618, "text": "RT @ty1ewis: At the end of the 3rd\n\nGreensboro Day - 37\nNik Graves - 11p, 7r, 5a\nJaydon Young - 6p, 8r,3a\nCJ Collins - 6p, 6r\nMichael Zanon\u2026"}, {"author_id": 151299103, "id": 1495124325686521857, "text": "At the end of the 3rd\n\nGreensboro Day - 37\nNik Graves - 11p, 7r, 5a\nJaydon Young - 6p, 8r,3a\nCJ Collins - 6p, 6r\nMichael Zanoni - 6p\nGraham Worland - 6p \n\nCharlotte Christian - 22\nCade Preston - 8p, 4r\nGavin Peach - 6p\n\n#PhenomHoops"}, {"author_id": 23772189, "id": 1495122204966719488, "text": "RT @mediamurray: Imagine Michael Collins on the prom in #Salthill in an SUV \ud83d\ude02\ud83d\ude02. No he\u2019d be in Lycra on a bike."}, {"author_id": 3082272413, "id": 1495119204999180302, "text": "RT @legacy_irish: 100 years ago today, S\u00e9amas \u00d3 Maoileoin, Officer Commanding in the IRA's Mid-Limerick Brigade and one of Michael Collins'\u2026"}, {"author_id": 1343624508364779525, "id": 1495113491040059392, "text": "@cionnai @rebeccabarr28 @JimGamble_INEQE @Ogra_SF What's your thoughts on Michael Collins?"}, {"author_id": 1168888825638195203, "id": 1495112943138131971, "text": "@moth_pirate @rievaulx_ The IRA were the exact same as this into the 1980s when the more radical elements took over the Provisionals. Ruair\u00ed \u00d3 Bradaigh and Daith\u00ed \u00d3 Conaill were every bit as politically wise as Michael Collins. It's a mainstream fact that the British used their double agents to promote"}, {"author_id": 14049092, "id": 1495112795305697283, "text": "RT @FitFeminists: Inclusion in Bodybuilding and Gym Culture: An Interview with Michael Collins https://t.co/oDEK2PO2Cp"}, {"author_id": 799357038979645440, "id": 1495111693684207617, "text": "What is the proper way to rake a bunker? Insight from @ESPNCaddie and @KipHenley \ud83c\udfd6\nhttps://t.co/daZxP1eD4j"}, {"author_id": 159416870, "id": 1495110756890779657, "text": "When you can\u2019t be in the room how can you give your best pitch via the screen?\n\nA #BBunker Blog By Michael Collins, Toastmasters International \n\nhttps://t.co/JbtQiSraYj https://t.co/9bOzAVplxC"}, {"author_id": 1174064839439917056, "id": 1495110081679142922, "text": "RT @spacecom: Joseph Kerwin is the 8th nonagenarian to have flow an Apollo spacecraft. The full list: Frank Borman, 93; Jim Lovell, 93; Jim\u2026"}, {"author_id": 34230902, "id": 1495109795824734208, "text": "We were waiting for a special occasion to go back to @southbankcentre and we think we've found one - Michael Collins' 60th birthday year. Come and celebrate with us? https://t.co/sE03kDY4xY"}, {"author_id": 1112627755, "id": 1495106975704756231, "text": "@michael_stumo @Greener300 @DanRDimicco @kairyssdal Good to see you again, Michael.  J.G. Collins"}, {"author_id": 4083526876, "id": 1495105966773317637, "text": "RT @unclebernbach: 22/ Next came the task of teaching Michael, who had never touched a drum, to play like Phil Collins. \n\nBeing a musician,\u2026"}, {"author_id": 53996964, "id": 1495104292851699718, "text": "@tokobhoy Such attention to detail. And the wool (?) coat!\n\nNext time you\u2019re in Dublin, go see the green greatcoat he was wearing when he was killed. It\u2019s in the @NMIreland at Collins Barracks. You can see the bullet holes where he was shot. \n\nhttps://t.co/lyaWm1FswM"}]