[{"author_id": 2868783196, "id": 1495208346453950465, "text": "RT @Itz_Bam2x: Amor Presents Josean's Birthday Celebration\n\nIt\u2019s Saturday night!! Let\u2019s get hype! \ud83d\udc83\ud83c\udffd\n\nDrag showtime 12 midnight! \n\nUPSTAIRS\u2026"}, {"author_id": 1475534526457815041, "id": 1495191851090866177, "text": "RT @Itz_Bam2x: Amor Presents Josean's Birthday Celebration\n\nIt\u2019s Saturday night!! Let\u2019s get hype! \ud83d\udc83\ud83c\udffd\n\nDrag showtime 12 midnight! \n\nUPSTAIRS\u2026"}, {"author_id": 1352034291375611906, "id": 1495188217993342978, "text": "RT @Itz_Bam2x: Amor Presents Josean's Birthday Celebration\n\nIt\u2019s Saturday night!! Let\u2019s get hype! \ud83d\udc83\ud83c\udffd\n\nDrag showtime 12 midnight! \n\nUPSTAIRS\u2026"}, {"author_id": 1251067183612022784, "id": 1495148555648081926, "text": "RT @Itz_Bam2x: Amor Presents Josean's Birthday Celebration\n\nIt\u2019s Saturday night!! Let\u2019s get hype! \ud83d\udc83\ud83c\udffd\n\nDrag showtime 12 midnight! \n\nUPSTAIRS\u2026"}, {"author_id": 182989516, "id": 1495148323568771073, "text": "RT @Itz_Bam2x: Amor Presents Josean's Birthday Celebration\n\nIt\u2019s Saturday night!! Let\u2019s get hype! \ud83d\udc83\ud83c\udffd\n\nDrag showtime 12 midnight! \n\nUPSTAIRS\u2026"}, {"author_id": 60451921, "id": 1495147462457278469, "text": "Amor Presents Josean's Birthday Celebration\n\nIt\u2019s Saturday night!! Let\u2019s get hype! \ud83d\udc83\ud83c\udffd\n\nDrag showtime 12 midnight! \n\nUPSTAIRS HIP HOP ROOM w/@maduro_sean \n\nDancers showtime 12:15\n@felopezm_ \n@ZayBaeBae_ \n\u201cMARK\u201d\nAnd new dancer alert \ud83d\udea8 \n\nDrinks specials all night \nDoors open 9:30!! https://t.co/TsUoL4jvtu"}, {"author_id": 3140344622, "id": 1495095371223433218, "text": "Midnight dancers second chances  ~ https://t.co/OAl1OPtqeX"}, {"author_id": 49357377, "id": 1494957464793632776, "text": "@coochienipple I didnt either and showed up at midnight but you would have enjoyed, I think.\n\nWas a cupid themed edm with some awesome dancers and shibari."}, {"author_id": 1042057846731550720, "id": 1494748304382603270, "text": "RT @Mcfarlmo: The 'Midnight Follies' rehearsing for a show at the Whitehall Rooms, Hotel Metropole 1921.  I'd love to know what that show w\u2026"}, {"author_id": 114758836, "id": 1494747590117756932, "text": "The 'Midnight Follies' rehearsing for a show at the Whitehall Rooms, Hotel Metropole 1921.  I'd love to know what that show was.  #cabaret #dancers #1920s #furrytrousers https://t.co/z4T0Oin8Ul"}, {"author_id": 81932845, "id": 1494419574216966148, "text": "Laissez Bon Temps Rouler! \ud83c\udf89  Harrah's Gulf Coast is celebrating Mardi Gras \u269c\ufe0f  in style and you're invited! Join us on Feb. 26th at 8pm to Midnight, where we'll have authentic Mardi Gras Indians, a Second Line\ud83c\udfba, DJ, dancers and more!\nGambling Problem? Call 1-800-522-4700. https://t.co/ZMdkrv1Xs4"}, {"author_id": 745883360, "id": 1494191609772130304, "text": "OKAY its midnight and I'm sad so I'm watching Hyuna performances so I'm gonna rant abt her for a sec but can we just appreciate how she works with her backup dancers"}, {"author_id": 1238964571836014592, "id": 1494172971828592642, "text": "@Zo_bo_fo_sho Try Midnight Dancers \nby Regina Doman\n(More of a teen novel but dang good) https://t.co/7VtpIQYP8v"}, {"author_id": 1221851615126335489, "id": 1494118327165370371, "text": "Well~ It's almost midnight here so~\nI'll spend the night fresh with 'OBSESSION' \ud83d\udc9c\ud83d\ude0a\n\nHe looks even more stunning with female dancers \ud83d\udc51\ud83d\udc9c\ud83d\udc9c\ud83d\udc9c\n\n#WONHO #\uc6d0\ud638\n#WONHO_EYEONYOU \n#WONHO_OBSESSION https://t.co/usqNKydg9A"}, {"author_id": 2934059989, "id": 1494091725014388740, "text": "One more #HouseMusic announcement for you today! \ud83c\udfe1\n\nMidnight Dancers get ready to boogie with @Kylewalkersongs, coming to #TherapyThursdays on 3/3! \ud83d\udc83\ud83c\udffb\ud83c\udfb6\n\nWe have a feeling this one is going to be fun \ud83e\udd29 Tickets &gt;&gt;&gt; https://t.co/5e3sTp8Ggm https://t.co/tegS9xzMHW"}, {"author_id": 1329019714828447747, "id": 1494042066506162183, "text": "@2ARespecter @JavierGoya7 Problem is you and I don\u2019t get our physical money when it\u2019s time to bail. The brokers, the politicians, the elite get theirs and all us the midnight glancers, topless dancers, candid freaks, G's with the forties and the chicks with beepers get to eat cat food."}, {"author_id": 755959519562215424, "id": 1493880883048161280, "text": "RT @waku_waku4u: 'Midnight!\" (Where it's ATT) \nfeat. \u6674\u5b50\u5154  \nhttps://t.co/LwZqA2M9Wn\nToo \ud83d\udd25 for TikTok\n#dancers #Video #TikTok #rtitbot #motiv\u2026"}, {"author_id": 1285922406041817088, "id": 1493830560086736896, "text": "RT @bullinprogress: Also the only capture from last weekend. I forgot about this lol. \n\nOne of the other dancers and I took to relaxing on\u2026"}, {"author_id": 1218191159412977664, "id": 1493712427166404619, "text": "Rave party at former BJP leader\u2019s resort: Raid after midnight, 18 people from Gujarat-Rajasthan arrested along with Delhi\u00a0dancers https://t.co/u0Gcv9Tad9"}, {"author_id": 1326168590173802497, "id": 1493276272746803202, "text": "For anyone thinking Kid Rock is the safer alternative for the Superbowl, pls be reminded that the opening lyrics to KR's \"Bawitdaba\" are\n\n\"And this is for the questions that don't have an answer,\nThe midnight glances\nAnd the TOPLESS dancers...\""}, {"author_id": 792411098490208257, "id": 1493132872030380032, "text": "RT @smexydolltae: #taekookau #drabble #nsfw\n\nIt was midnight when jeongguk walked into the club, red lights shining above him as he saw som\u2026"}, {"author_id": 324679725, "id": 1493042065306968072, "text": "W*ite tik tok dancers finna be crip walking by midnight calling it a new \u201ctrend\u201d watch \ud83e\udd74"}, {"author_id": 1380160686265864198, "id": 1492957181523611649, "text": "RT @tgirlnights: TONIGHT! JAMIES TGIRL SATURDAY! HOLIDAY WEEKEND BLAST OFF! The BEST place to party on a Holiday Saturday! HOT DANCE PARTY!\u2026"}, {"author_id": 1380160686265864198, "id": 1492956643587358720, "text": "RT @tgirlnights: TONIGHT! IT'S PARTY TIME WITH Jamies Pre Super Bowl Party! Hot Dance Party with TGirl Gogo Dancers Alii, Liz and Melissa!\u2026"}, {"author_id": 1436516393327869955, "id": 1492898191683252227, "text": "RT @tienlovescolors: I will \ud83d\udd25 down the editions by 13 feb at midnight PST (GMT+8), so there is still time to scoop 2 or more dancers to get\u2026"}, {"author_id": 1456994566792355844, "id": 1492896980561203200, "text": "I will \ud83d\udd25 down the editions by 13 feb at midnight PST (GMT+8), so there is still time to scoop 2 or more dancers to get Tari Kijang \ud83e\udd8c as a free airdrop \ud83d\udc96\nhttps://t.co/t3ELft8bE0\nhttps://t.co/BpWxkSv55d\n#CleanNFT https://t.co/qYRuNC8IxX https://t.co/ksVVaGh1bq"}, {"author_id": 1153817358219108359, "id": 1492778220986396674, "text": "RT @tgirlnights: TONIGHT! IT'S PARTY TIME WITH Jamies Pre Super Bowl Party! Hot Dance Party with TGirl Gogo Dancers Alii, Liz and Melissa!\u2026"}]