[{"author_id": 69542252, "id": 1495265819651358720, "text": "\ud83d\udc99\ud83e\udd0d\ud83d\udc99\u2728\ud83d\udca6\ud83e\udd0d\ud83d\udc99\ud83e\udd0d\u2728\ud83d\udca6\nHAPPY 11 YEARS OF #AphroditeLesFolies \n\ud83e\udd0d\ud83d\udc99\ud83e\udd0d\u2728\ud83d\udca6\ud83d\udc99\ud83e\udd0d\ud83d\udc99\u2728\ud83d\udca6\n\n'I'm Fierce &amp; I'm Feeling Mighty.\nI'm A Golden Girl, I'm An Aphrodite, Aright.?'\ud83c\udfb6\n\nSo Iconic. LOVE IT\ud83d\udc99 @kylieminogue \n#KylieMinogue #11YearsOfAphroditeLesFolies #Aphrodite #Lovers https://t.co/XYaigogb2C https://t.co/DuxsjQoYFx"}, {"author_id": 23628440, "id": 1495096270461059072, "text": "#NowWatching MIGHTY APHRODITE"}, {"author_id": 18871368, "id": 1494995934366900226, "text": "One of the most incredible shows I\u2019ve ever seen. \n\nWas lucky enough to meet Kylie on this tour for the first time, and catch the show in a few different cities \u2764\ufe0f\n\n\u201cFierce, mighty, Aphrodite\u201d \ud83d\udcab https://t.co/vTIpeFuW9V"}, {"author_id": 1298778801309011968, "id": 1494470913848274962, "text": "RT @MPVisuals: \u201cSummer, Mighty Wet Aphrodite in Brown MPVBleck\u201d - Summer in a sheer blue dress slips into the sticky \u2018bleck. For a half hou\u2026"}, {"author_id": 1003753267044597760, "id": 1494402255839105044, "text": "Aphrodite, Fierce &amp; Mighty\ud83c\udfb6\u26a1\ufe0f\u203c\ufe0f\n#KYLIEMINOGUE https://t.co/mnkidXsyT8"}, {"author_id": 131201772, "id": 1494268111054417924, "text": "Get Outta My Way\nAphrodite \nGo Hard or Go Home \nMighty Rivers https://t.co/pZyO1csOtw"}, {"author_id": 1306355029658546179, "id": 1494175040774062084, "text": "RT @dewfeathers: \"Why, you have my Eternal Rose, don't you? I am so very touched that you'd think first of me among my mighty kin. It pleas\u2026"}, {"author_id": 1538033370, "id": 1494126304131575808, "text": "RT @Lauren66793666: #BOTD 1931 \u2013 Claire Bloom, 91, English actress. \n\nBlind Goddess (1948) * Innocents in Paris * Richard III * Alexander t\u2026"}, {"author_id": 1241095797200105472, "id": 1494090593345155074, "text": "@GAltringham @Barbuusca Manhattan Murder Mystery is a fun one. Bullets Over Broadway &amp; The Mighty Aphrodite are good ones as well."}, {"author_id": 49060243, "id": 1494063720426717188, "text": "RT @alexisakerfeldt: How fun is this Mighty Aphrodite Valentine\u2019s Day gift from @GirlsRidingNFT !! I just found her in my wallet \ud83e\udd70thank you\u2026"}, {"author_id": 551879099, "id": 1494048671402541056, "text": "RT @alexisakerfeldt: How fun is this Mighty Aphrodite Valentine\u2019s Day gift from @GirlsRidingNFT !! I just found her in my wallet \ud83e\udd70thank you\u2026"}, {"author_id": 1432386721212153864, "id": 1494034008178671628, "text": "RT @alexisakerfeldt: How fun is this Mighty Aphrodite Valentine\u2019s Day gift from @GirlsRidingNFT !! I just found her in my wallet \ud83e\udd70thank you\u2026"}, {"author_id": 1472910399792111617, "id": 1494028651423272970, "text": "RT @alexisakerfeldt: How fun is this Mighty Aphrodite Valentine\u2019s Day gift from @GirlsRidingNFT !! I just found her in my wallet \ud83e\udd70thank you\u2026"}, {"author_id": 2930439272, "id": 1493993062011449346, "text": "RT @alexisakerfeldt: How fun is this Mighty Aphrodite Valentine\u2019s Day gift from @GirlsRidingNFT !! I just found her in my wallet \ud83e\udd70thank you\u2026"}, {"author_id": 356909806, "id": 1493987116640002049, "text": "How fun is this Mighty Aphrodite Valentine\u2019s Day gift from @GirlsRidingNFT !! I just found her in my wallet \ud83e\udd70thank you @mido_draws &amp; GRT #GirlsRidingGang https://t.co/8CDbVbvtn4"}, {"author_id": 1390191464160796673, "id": 1493965740096962564, "text": "RT @dewfeathers: \"Why, you have my Eternal Rose, don't you? I am so very touched that you'd think first of me among my mighty kin. It pleas\u2026"}, {"author_id": 1230237046767341572, "id": 1493964345889415171, "text": "@_SierraBreeze_ @ArtValley818_ He was always annoying as an actor though dating back to the 90s. The only time I could tolerate him was when he was working with Woody Allen in stuff like Mighty Aphrodite and Small Time Crooks. Allen was the one director who knew how to get a good performance out of him."}, {"author_id": 1297394218550226944, "id": 1493929181129818112, "text": "RT @dewfeathers: \"Why, you have my Eternal Rose, don't you? I am so very touched that you'd think first of me among my mighty kin. It pleas\u2026"}, {"author_id": 2976923595, "id": 1493928829416583170, "text": "RT @dewfeathers: \"Why, you have my Eternal Rose, don't you? I am so very touched that you'd think first of me among my mighty kin. It pleas\u2026"}, {"author_id": 4610118195, "id": 1493869102133301251, "text": "25 free spins on Mighty Aphrodite Unified slot at SlotsandCasino; code - PA25FSMA: https://t.co/00TLSsCeBC #freespins #cryptocasino #freeslots #freemoney #slots"}, {"author_id": 1385448087297138691, "id": 1493773124386516994, "text": "RT @dewfeathers: \"Why, you have my Eternal Rose, don't you? I am so very touched that you'd think first of me among my mighty kin. It pleas\u2026"}, {"author_id": 951512852669583361, "id": 1493763551848288256, "text": "\"Why, you have my Eternal Rose, don't you? I am so very touched that you'd think first of me among my mighty kin. It pleases me to know I'm in your thoughts!\"\n\n#HadesGame #Aphrodite https://t.co/q6Xbmvgx73"}, {"author_id": 98696877, "id": 1493642777145614343, "text": "RT @Gibboanxious: #HappyBirthday to Claire Bloom (90)\nher top 10 movies are:\n\n10. Richard III\n9. Look Back in Anger\n8. The Man Between\n7. C\u2026"}, {"author_id": 1187282506124529664, "id": 1493494134564343813, "text": "#BOTD 1931 \u2013 Claire Bloom, 91, English actress. \n\nBlind Goddess (1948) * Innocents in Paris * Richard III * Alexander the Great * Brothers Karamazov * Look Back in Anger * The Haunting * Spy Who Came in from Cold * Clash of the Titans * Mighty Aphrodite * The King's Speech (2010) https://t.co/SpBC7HIBVn"}, {"author_id": 402988706, "id": 1493449334523842560, "text": "mighty aphrodite https://t.co/0NmEUr5mBo"}, {"author_id": 1059070850861842432, "id": 1493404851572813825, "text": "Q: She thanked her father Paul when she won a 1995 Oscar for her role in \"Mighty Aphrodite\"\rA: Mira Sorvino \r#question #answer"}, {"author_id": 1140063550003716097, "id": 1493190060128280579, "text": "(Vegas 2 Web Casino No Deposit Bonus)\n\n60 Free Spins on Mighty Aphrodite Slot\u203c\ufe0f\n\nSPECIAL VALENTINE'S DAY 2022\ud83d\ude0d\n\nclick below and\ud83d\udd01!\nhttps://t.co/ph6hM8sAb7\n#casinoonline #onlinecasinos #FreeSpins"}, {"author_id": 360157974, "id": 1492980985205563396, "text": "Mighty Aphrodite https://t.co/Npu2vCdHYI"}, {"author_id": 2679651224, "id": 1492780665628413952, "text": "@Lee_Tennant Something to do with Cassandra. \n\nAnd while we're at it, one of the more memorable exchanges from the film Mighty Aphrodite:\n- Don't be such a Cassandra.\n- I'm not A Cassandra, I AM Cassandra."}]