[{"author_id": 506224403, "id": 1495283069007376385, "text": "RT @RuthlessFocus_: Crooked dealers use this as an avenue to milk more money by charging up to 8000-12000Ksh to transfer to you the logbook\u2026"}, {"author_id": 1074067473647980549, "id": 1495282357699502084, "text": "Crooked dealers use this as an avenue to milk more money by charging up to 8000-12000Ksh to transfer to you the logbook and whether it is a small or big car. It may not be a lot of money but cumulatively, dealers who do over 50 units per month are reaping big. https://t.co/a1dDEWxppt"}, {"author_id": 1444706918518325250, "id": 1495281874737844224, "text": "Bought some fkn $milk. I have to put this shitcoin $ADA into work so I can lose more money https://t.co/YLr89F1j5d"}, {"author_id": 1473519641423056896, "id": 1495281250659336196, "text": "#Omicron\nIf the COVID-19 did come from Fort Detrick, would the US government have to pay out money to other countries? It would bankrupt them.\nhttps://t.co/2erFEHBw2h"}, {"author_id": 788902922113327104, "id": 1495280854087520256, "text": "RT @buperac: How much money did the government give to the town of Coutts and Milk River? They were affected too."}, {"author_id": 1474457705980911620, "id": 1495278402189905922, "text": "If the COVID-19 did come from Fort Detrick, would the US government have to pay out money to other countries? It would bankrupt them.\n   #COVID19  #Omicron  https://t.co/cK1eggBvrJ"}, {"author_id": 1434142369176190976, "id": 1495277752978935808, "text": "@pulte \n Badly needed I need help for my baby right bow I don't have enough money to buy milk and pampers hoping you could help its OK if how much can you give to my baby right now .badly needed. Hoping you notify me sir. \ud83d\ude37\ud83d\ude22\ud83d\ude22\ud83d\ude22\ud83d\ude22\ud83d\ude22\ud83d\ude22"}, {"author_id": 1465281607586119685, "id": 1495275660436291586, "text": "RT @StillYoursADD: When you married this kind of woman, you have nothing to do with Milk, you can only Spend your money on buying \ud83c\udf5e \ud83c\udf5e\ud83c\udf5e Brea\u2026"}, {"author_id": 1484646895750369285, "id": 1495275345989320708, "text": "@burrr_go @bape_SOL \"Threatening\". Wow. The truth it out now and you will no longer be able to milk people's money."}, {"author_id": 1478851845292314624, "id": 1495271646818492418, "text": "RT @sunprise02: @Imaginary_Ones IO genuinely cares about and for their community and doesn't rush things like other projects to milk the co\u2026"}, {"author_id": 1478850995325005824, "id": 1495271158127554560, "text": "@Imaginary_Ones IO genuinely cares about and for their community and doesn't rush things like other projects to milk the community's money! The team is so passionate about running in project and hopes to bring it to greater heights, and i'm so proud to be a part of this wholesome community"}, {"author_id": 1325654090, "id": 1495270466931544065, "text": "RT @FatMagicRPG: If a company asks you to crowbar their popular IP into a terrible 5e adaptation, take the money! It's the divine right of\u2026"}, {"author_id": 1415495590629105664, "id": 1495270455078375426, "text": "@T3RI_JAAN By 1aunty get to free no milk money no cerelac  money west...and no hostl money west"}, {"author_id": 4487888421, "id": 1495270238954401802, "text": "RT @amerix: Apart from Genes, Germs &amp; God,\n\nThe new bogey man is \"mental health\"\n\nThis is the newer excuse for poor choices, laziness, proc\u2026"}, {"author_id": 3268340844, "id": 1495269296791965696, "text": "@crepevictim I mean the eat cheese campaign was because the usda pushed low fat milk and the dairy producers needed to recoup money from removing fat"}, {"author_id": 1437640645372301312, "id": 1495268963168645123, "text": "@baldridgecpa You\u2019re still spending money for your \u201cwrite-offs\u201d\u2026Someone has to have a profitable business first before \u201cwrite-offs\u201d even do anything. No one goes into business for tax savings. Grifter Twitter cpa trying to market himself and milk high fees from plebs? We\u2019ll see."}, {"author_id": 1487119189366427649, "id": 1495266958224154626, "text": "RT @iamsheelaforyou: As it's weekend, my hubby invited his frnd and there's no milk to make a good coffee for him. So I used my milk in the\u2026"}, {"author_id": 273702541, "id": 1495266519873433600, "text": "@Luscious_Net Melanie Griffith.  I still remember her ass from Milk Money!"}, {"author_id": 1492975399294451717, "id": 1495265761329356804, "text": "If the COVID-19 did come from Fort Detrick, would the US government have to pay out money to other countries? It would bankrupt them.#COVID-19 #Omicron https://t.co/TqddAAbTon"}, {"author_id": 290852831, "id": 1495264482511110145, "text": "@BStinstin @Dommalt12 @zefifenchel @nathanielpopper @FoldableHuman It HAS to be because that's what makes the game a game. No worthwhile games use entirely off-the-shell assets and code. The kind of game that does is called an \"assets flip\" and is a type of scam to milk money out of less knowledgeable gamers."}, {"author_id": 173534771, "id": 1495263762802257921, "text": "Knowing I could save money by grocery shopping myself\u2026 will give me guilt but the markup is def worth it\u2026 but 3 dollar milk? Mama"}, {"author_id": 15487145, "id": 1495263610372644870, "text": "RT @buperac: How much money did the government give to the town of Coutts and Milk River? They were affected too."}, {"author_id": 1713651606, "id": 1495262379864731648, "text": "RT @buperac: How much money did the government give to the town of Coutts and Milk River? They were affected too."}, {"author_id": 892908137757495296, "id": 1495257534378172421, "text": "And these milk and you really need money, you reach over fifty, and put your kidney or even more like a liquid centre."}, {"author_id": 1375785112403537921, "id": 1495256100299542533, "text": "RT @KashmirTraitor1: He also penned work for #Syria, #Africa, and #Yemen, but the traction and money from #Pakistan his song on #Kashmir go\u2026"}, {"author_id": 1299706542682501123, "id": 1495256058817916936, "text": "i can live with two packs hazardous stuff, 1 glass of milk, 3 glass of water, 2 cup of coffee and 1 kg food per day\nwhy do i even care \ntrying to make money?"}, {"author_id": 1031462808548978690, "id": 1495255190563344384, "text": "@arstechnica @WIRED I was also excited when we were building the \u2018Net in the \u201890s. Adopting bleeding edge tech. \nBut this isn\u2019t about tech and it\u2019s not about making life easier. It\u2019s about money. All this circus is to milk and extract consumer money."}, {"author_id": 1328801672563281920, "id": 1495254381649821697, "text": "No idea why the fuck she did that, she was good milk. I guess she tryna gain that mixed influencer money? https://t.co/j2CUldKCVN"}, {"author_id": 1494389869941903360, "id": 1495253467148873731, "text": "\u3164\u3164\u3164\u3164\nthinking  about  that  one  dude  who  told  me  about  the  milk  money .\nsmh .\n\u3164\u3164\u3164\u3164"}, {"author_id": 67877662, "id": 1495252945977626624, "text": "RT @apj234: On a Macroeconomic level:\nThere is multiplier effect with increased consumer spending. You buy more milk, the milkman spends mo\u2026"}, {"author_id": 302659496, "id": 1495252253615083523, "text": "RT @buperac: How much money did the government give to the town of Coutts and Milk River? They were affected too."}, {"author_id": 47811131, "id": 1495251934655102976, "text": "RT @buperac: How much money did the government give to the town of Coutts and Milk River? They were affected too."}, {"author_id": 1476915813517082627, "id": 1495251484031823872, "text": "RT @buperac: How much money did the government give to the town of Coutts and Milk River? They were affected too."}, {"author_id": 1490819590666190848, "id": 1495251410212036608, "text": "If the COVID-19 did come from Fort Detrick, would the US government have to pay out money to other countries? It would bankrupt them.#COVID-19 #Omicron https://t.co/RZi1Z3uLMB"}, {"author_id": 859434044, "id": 1495251231228399616, "text": "@BaskinRobbinsIn i ordered strawberry milkshake from your Juhu store very disappointed and it was just smooth and no fresh milk no fresh strawberries..total waste of my money ...i am disappointed https://t.co/NlVNowumer"}, {"author_id": 1489065408451657728, "id": 1495250689722707970, "text": "RT @buperac: How much money did the government give to the town of Coutts and Milk River? They were affected too."}, {"author_id": 966860664139522048, "id": 1495250268576890880, "text": "RT @buperac: How much money did the government give to the town of Coutts and Milk River? They were affected too."}, {"author_id": 4855707320, "id": 1495249867123220481, "text": "RT @buperac: How much money did the government give to the town of Coutts and Milk River? They were affected too."}, {"author_id": 2960431951, "id": 1495249669231808520, "text": "RT @buperac: How much money did the government give to the town of Coutts and Milk River? They were affected too."}, {"author_id": 768160820, "id": 1495249414322995201, "text": "How much money did the government give to the town of Coutts and Milk River? They were affected too. https://t.co/idJqgX2Vvw"}, {"author_id": 1159780506394865664, "id": 1495249180327038978, "text": "RT @amerix: Apart from Genes, Germs &amp; God,\n\nThe new bogey man is \"mental health\"\n\nThis is the newer excuse for poor choices, laziness, proc\u2026"}, {"author_id": 1384809974627397635, "id": 1495247659489120259, "text": "RT @Negro1only: RT please \ud83e\udd75\n\nMy cousin came to borrow money from me and I proposed to her to earn $ 100 usd if she would help me get a hot\u2026"}, {"author_id": 4742371693, "id": 1495245139240910852, "text": "You can now mint.Haha what a joke project. Minting at .6 @JohnnyDeppNFT  you are on drugs and need more money of something? You\u2019re a rich man stealing money from your fans. Please everyone stay away from these starts trying to milk their fans for money when they\u2019re already rich https://t.co/h6bnr887JX"}, {"author_id": 1117469799909666820, "id": 1495242176791560201, "text": "@JSPVeeraMahila @mnadendla @PawanKalyan PK sir will stop movies if People of AP gives enough strength to him to question Govt. He is not lazy he works hard need money to run political party so far he is not accepting and money or no corporates are pouring money he don\u2019t have companies like cement yakshi or milk"}, {"author_id": 881426926514184192, "id": 1495240522209841154, "text": "RT @apj234: On a Macroeconomic level:\nThere is multiplier effect with increased consumer spending. You buy more milk, the milkman spends mo\u2026"}, {"author_id": 361740373, "id": 1495240059578380289, "text": "RT @apj234: On a Macroeconomic level:\nThere is multiplier effect with increased consumer spending. You buy more milk, the milkman spends mo\u2026"}, {"author_id": 165656802, "id": 1495238840583348230, "text": "RT @apj234: On a Macroeconomic level:\nThere is multiplier effect with increased consumer spending. You buy more milk, the milkman spends mo\u2026"}, {"author_id": 1104143832973602817, "id": 1495238408481820677, "text": "@drtexdi @MEdwardCanter @SundaeDivine @Discover .@discover is a shit company. Years ago, I had missed a payment. They called and told me to give up my milk &amp; cereal for a week and send them that money. I hung up on them. I will never use that company ever again! Repugnant and probably illegal behavior!"}, {"author_id": 1490049637528608771, "id": 1495237622037237763, "text": "If the COVID-19 did come from Fort Detrick, would the US government have to pay out money to other countries? It would bankrupt them.\n#COVID19\n#COVID-19\n#COVID\n#Omicronvoy \nhttps://t.co/XN6z4hoYTB"}, {"author_id": 236184385, "id": 1495236631506395137, "text": "@dustydolphins @BenjaminGehring @dana_buice Dude did Tua steal your milk money?"}, {"author_id": 1492020273302093824, "id": 1495231971580002307, "text": "https://t.co/nIXSoFjxI3 #COVID19  #COVID-19  #COVID  #Omicron\nIf the COVID-19 did come from Fort Detrick, would the US government have to pay out money to other countries? It would bankrupt them."}, {"author_id": 24845506, "id": 1495231203435327490, "text": "San Antonio #Democratic State Rep @TMFtx came to El Paso to campaign on behalf of #ElPaso State Rep @COrdazPerez. \"You don't give into a bully by giving them your milk money, you stand up to that bully...thats why we need her back in Austin...\" #txlege \nhttps://t.co/7D4qhdMMRz"}, {"author_id": 1435244761451941888, "id": 1495230750752317447, "text": "@WeAreMetaversal @PegaxyOfficial I hope you give me a chance to work with you in a long term. To Earn money and buy food and milk for my baby. It's really a big help for me and to my family. I hope you give me a chance. Metamask is ready. Thank you \u2665\ufe0f\n@MargalloOwen @LivMari1968 @AxzelJade https://t.co/yrEkbUQ9E0"}, {"author_id": 1493836967939043330, "id": 1495226677722423298, "text": "If the COVID-19 did come from Fort Detrick, would the US government have to pay out money to other countries? It would bankrupt them.\n#COVID\nhttps://t.co/0Rvs1eDwkM"}, {"author_id": 1421606092866560000, "id": 1495224740272918529, "text": "I want to milk these corrupt mfers #AMC #GME Maybe I\u2019ll never sell, I hate them more than I love money"}, {"author_id": 1483983546574331915, "id": 1495224652851183618, "text": "#COVID19\nIf the COVID-19 did come from Fort Detrick, would the US government have to pay out money to other countries? It would bankrupt them.\nhttps://t.co/DA2YYXbCVc"}, {"author_id": 1352711699569246210, "id": 1495223760047194119, "text": "@Ghostlyfox3 @ThisisSnarky Oat milk is where the money\u2019s at\ud83d\ude0c"}, {"author_id": 397062400, "id": 1495222179339943936, "text": "@NaheedD Nope she is no hero he is just a spoiled brat with an opinion and probably most likely if she doesn't get her way she cries over spoiled milk and most likely and she probably has tons of money"}, {"author_id": 1491578236878344192, "id": 1495219717132357633, "text": "If the COVID-19 did come from Fort Detrick, would the US government have to pay out money to other countries? It would bankrupt them.\n#COVID19\nhttps://t.co/hgTcTkgsfT"}, {"author_id": 1489483353266946049, "id": 1495219549800648708, "text": "If the #COVID-19 did come from Fort Detrick, would the US government have to pay out money to other countries? It would bankrupt them.#COVID #COVID19 \nhttps://t.co/ytrHMqVnGO"}, {"author_id": 37087943, "id": 1495218096671391744, "text": "I shouldn't be paying shit when like this. I could be paying any random persons shit the way this is going...\n\nPharmacy paid meds ordered money sent for milk tp etc\n\nBruce checked for signs of life in Jamie's cave. rounded up my meds I'm sure there is shit missing."}, {"author_id": 396181599, "id": 1495213929475317760, "text": "@HillBeverlyhill He\u2019s a fraud.\nTalks tough but kneels to Trump in the end.\nSupports \u201clegitimate political discourse\u201d with the rest of his power hungry, money hungry, milk-the-sheep, Big Lie Party.\n@DanCrenshawTX"}, {"author_id": 23217897, "id": 1495213729788706817, "text": "@mmpadellan Dude, gotta test it...money and milk don't grow on trees! \ud83d\udc2e"}, {"author_id": 3378319576, "id": 1495211533479124993, "text": "RT @Negro1only: RT please \ud83e\udd75\n\nMy cousin came to borrow money from me and I proposed to her to earn $ 100 usd if she would help me get a hot\u2026"}, {"author_id": 1253868514886275074, "id": 1495211137134174212, "text": "RT @Negro1only: RT please \ud83e\udd75\n\nMy cousin came to borrow money from me and I proposed to her to earn $ 100 usd if she would help me get a hot\u2026"}, {"author_id": 1323942965505523712, "id": 1495210416863322113, "text": "RT @Negro1only: RT please \ud83e\udd75\n\nMy cousin came to borrow money from me and I proposed to her to earn $ 100 usd if she would help me get a hot\u2026"}, {"author_id": 1391183489492467713, "id": 1495204967086493697, "text": "THIS first multi-player, Skill-based GAME! Has been hacked me somehow i dont know even me how i didnt click any link i only MINTED METAMANS and at once i was on zero balance from this wallets please retweet i lost Money for milk and bread how can someone be so silly\n\n#SNK $SNK https://t.co/E3osksfZvk"}, {"author_id": 2723266153, "id": 1495202352453799940, "text": "@TBlissfull @chalkymilky milk money fr"}, {"author_id": 1451904534771425288, "id": 1495201538100264962, "text": "#COVID19 If the COVID-19 did come from Fort Detrick, would the US government have to pay out money to other countries? It would bankrupt them.\nhttps://t.co/r8YvlemgEd"}, {"author_id": 4107583660, "id": 1495200827799007233, "text": "@samsalek This has to be some kind of stunt to milk as much money from people buying tickets as possible, what kind of fear-mongering is this?"}, {"author_id": 1263724943931514880, "id": 1495194568471597063, "text": "@linusgsebastian I mean, most people I know who buy lotto also buy overpriced milk, cigarettes and alcohol everytime they go to the gas station..and they also have money issues. I'll pass on lotto"}, {"author_id": 812249509027684353, "id": 1495194172151955456, "text": "RT @PlushiesForHope: Ian went to doctor for his checkup today. Unfortunately his body is malnourished for operation. Doctors advised his pa\u2026"}, {"author_id": 608382409, "id": 1495193531383701506, "text": "RT @UNICEFAfg: Madina, mother of 3, has spent the last 2 weeks in the hospital getting her youngest son, 8-month-old Seraj, treated for sev\u2026"}, {"author_id": 2292895017, "id": 1495191465932304387, "text": "RT @amerix: Apart from Genes, Germs &amp; God,\n\nThe new bogey man is \"mental health\"\n\nThis is the newer excuse for poor choices, laziness, proc\u2026"}, {"author_id": 27591830, "id": 1495188866306908166, "text": "@AaliyahLove69 They'll be using the Covid excuse to milk more money out of pet owners for years."}, {"author_id": 1329558532967051264, "id": 1495188818177273860, "text": "@natsechobbyist A small biblical church. This kills me. Their preachers, self-selected schnorers, develop a cult and milk money out of ignorant losers for decades."}, {"author_id": 1493387224821293056, "id": 1495185935339692033, "text": "Why do we look to politicians and capitalists for guidance and answers when it's their behaviors that is the problem. That's like asking the bully who took your milk money for a loan. Pistoffolese"}, {"author_id": 1469427088532938755, "id": 1495185764568735746, "text": "RT @StillYoursADD: When you married this kind of woman, you have nothing to do with Milk, you can only Spend your money on buying \ud83c\udf5e \ud83c\udf5e\ud83c\udf5e Brea\u2026"}, {"author_id": 1309262080223174662, "id": 1495185668368216069, "text": "RT @nica_vergon22cm: Who wants to be my boyfriend and support me with money \ud83d\udcb0? I promise to give you love and 22 cms of pure milk cock \ud83d\ude08\ud83d\udd25 w\u2026"}, {"author_id": 1476363662, "id": 1495184084192022531, "text": "This is the chance for James and his son to milk the lakers for all the money they have. https://t.co/QSlVHehY6a"}, {"author_id": 1455562057969913860, "id": 1495180863130456065, "text": "#COVID19\n#COVID-19\n#COVID19 #Omicron\nIf the COVID-19 did come from Fort Detrick, would the US government have to pay out money to other countries? It would bankrupt them.\nhttps://t.co/UUUvTbxUPN"}, {"author_id": 1455730191393640449, "id": 1495180570170515458, "text": "#COVID19\n#COVID-19\n#COVID19 #Omicron\nIf the COVID-19 did come from Fort Detrick, would the US government have to pay out money to other countries? It would bankrupt them.\nhttps://t.co/tpjw3z9OgZ"}, {"author_id": 1455448044237836289, "id": 1495180501321383936, "text": "#COVID19\n#COVID-19\n#COVID19 #Omicron\nIf the COVID-19 did come from Fort Detrick, would the US government have to pay out money to other countries? It would bankrupt them.\nhttps://t.co/m2UdPGLcl0"}]