[{"author_id": 3406463217, "id": 1495261206050836482, "text": "@comicsdaughter @Barbie892 The original Miracle on 34th Street."}, {"author_id": 757772534641152000, "id": 1495237141114146819, "text": "\u201cMiracle on 34th Street\u201d(1947)\nDirected by George Seaton\nStarring: Maureen O\u2019Hara, John Payne, Edmund Gwenn\n\nThe film has become a perennial Christmas favorite. https://t.co/2X6SG0UQ8d"}, {"author_id": 2752807175, "id": 1495230288888225797, "text": "@RyanMShepard It\u2019s 2025: Lebron James Jr, Lebron, RJ and dame are playing for a title, they call the run a miracle on 34th street"}, {"author_id": 1894861440, "id": 1495207172292100099, "text": "@SelenaSourceFR Oh like a soda fountain in an old 5 &amp; 10 or Miracle on 34th street. Heck of a concept as working from both directions on a new retail experience @Sephora  I\u2019m just guessing @Caradelevingne of all people is backing me up sex or whatever it is that @selenagomez and I have going on?"}, {"author_id": 3322787382, "id": 1495153402388508672, "text": "Home Alone \nChristmas Vacation \nMiracle on 34th Street\nPretty in Pink\nFerris Bueller\nHM: Home Alone 2, Breakfast Club https://t.co/ULmJnNnRw7"}, {"author_id": 233718748, "id": 1495108761949724675, "text": "RT @PhantomBeast82: @neilbelieves Planes, Trains &amp; Automobiles\nHome Alone \nThe Breakfast Club\nWeird Science \nMiracle on 34th Street"}, {"author_id": 1434269536627396619, "id": 1495107569530069005, "text": "RT @PhantomBeast82: @neilbelieves Planes, Trains &amp; Automobiles\nHome Alone \nThe Breakfast Club\nWeird Science \nMiracle on 34th Street"}, {"author_id": 1434269536627396619, "id": 1495106627095171079, "text": "RT @Angie_baby_25: @neilbelieves Breakfast club \nSixteen candles\nPretty in pink \nFerris bueller \nSome kind of wonderful \nMiracle on 34th St\u2026"}, {"author_id": 57387727, "id": 1495098035998625792, "text": "@neilbelieves Planes, Trains &amp; Automobiles\nHome Alone \nThe Breakfast Club\nWeird Science \nMiracle on 34th Street"}, {"author_id": 303340370, "id": 1495090448859344901, "text": "RT @Angie_baby_25: @neilbelieves Breakfast club \nSixteen candles\nPretty in pink \nFerris bueller \nSome kind of wonderful \nMiracle on 34th St\u2026"}, {"author_id": 43722148, "id": 1495088876532162562, "text": "@neilbelieves Breakfast club \nSixteen candles\nPretty in pink \nFerris bueller \nSome kind of wonderful \nMiracle on 34th Street \n\nHonorable mention to uncle buck and Planes, trains and automobiles"}, {"author_id": 1434269536627396619, "id": 1495077498962460674, "text": "RT @Linama_garcia: @neilbelieves 1. Home Alone 2\n2.101 Dalmatians\n3.Miracle on 34th Street\n4.She's Having a Baby\n5.Uncle Buck https://t.co/\u2026"}, {"author_id": 1353528735060946946, "id": 1495072030403801091, "text": "@neilbelieves 1. Home Alone 2\n2.101 Dalmatians\n3.Miracle on 34th Street\n4.She's Having a Baby\n5.Uncle Buck https://t.co/ggwsCvhUZV"}, {"author_id": 1490303974653808642, "id": 1495010548366389248, "text": "Miracle on 34th Street\n\n\u2022 Susan Walker\n\u2022 Santa Claus https://t.co/YE90N97G7k"}, {"author_id": 257201080, "id": 1494849963947610114, "text": "Check out MIRACLE ON 34th STREET 1947 2-DVD SET OOP COLOR &amp; BLACK/WHITE VERSIONS https://t.co/PIoLCCycpI @eBay"}, {"author_id": 257201080, "id": 1494842745176788999, "text": "Check out MIRACLE ON 34th STREET 1947 DVD NATALIE WOOD EDMUND GWENN BRAND NEW 20th CENTURY https://t.co/GMHRqj8YLf @eBay"}, {"author_id": 1241036436666712067, "id": 1494831507957030918, "text": "@4a_of I'd quote Miracle on 34th Street: \u201cFaith is believing something when common sense tells you not to\u201d. Then I would wait a moment for them to decide I was inferior and death-ray my insignificant butt into oblivion."}, {"author_id": 1241822439748841473, "id": 1494740357627912193, "text": "@hessdoug14 So many great movies-Planes, Trains and Automobiles, Pretty in Pink and Miracle on 34th Street! \ud83d\udc4f\ud83d\udc4f\ud83e\udd70"}, {"author_id": 2153800315, "id": 1494738242050027520, "text": "#christmas #movie #quote \"He only flies on Christmas Eve\" from Miracle On 34th Street https://t.co/Dgv5IPrHFS"}, {"author_id": 1371757499393703937, "id": 1494709119525310464, "text": "@PeterLattimer Never seen it. Is it a bit like miracle on 34th Street"}, {"author_id": 704173573825503233, "id": 1494703078628548613, "text": "'new miracle on 34th street old time radio edmund gwenn maureen o hara 2000' via @ebluejay - https://t.co/rbdJgD2O1r"}, {"author_id": 2153800315, "id": 1494696091723259905, "text": "What #christmas #movie is this #quote from? \"He only flies on Christmas Eve\" https://t.co/Pf5nzqQbX4"}, {"author_id": 308216652, "id": 1494633731876925440, "text": "@thisone0verhere Miracle on 34th Street, the original."}, {"author_id": 274827749, "id": 1494517389202972673, "text": "@thisone0verhere Miracle on 34th Street"}, {"author_id": 1465757445469388807, "id": 1494516018793828353, "text": "This was Natalie's follow-up to The Miracle on 34th Street. #TCMParty #TheGhostAndMrsMuir https://t.co/8nYbtgjNsO"}, {"author_id": 52671711, "id": 1494476674649534472, "text": "RT @ElliotOWrites: #PBPitch MIRACLE ON 34th STREET \u00d7 THE BEST FOUR QUESTIONS\n\nEvery Passover Seder table has a cup for Elijah, but does he\u2026"}, {"author_id": 1487495891418337282, "id": 1494472600290009093, "text": "#PBPitch MIRACLE ON 34th STREET \u00d7 THE BEST FOUR QUESTIONS\n\nEvery Passover Seder table has a cup for Elijah, but does he ever show up? When a passerby answers the traditional invitation to come and eat at the Newmans' Seder, is it coincidence? Or is there more to ELI'S VISIT?"}, {"author_id": 15150904, "id": 1494453599442640897, "text": "Miracle on 34th Street https://t.co/lS7cBZBIbp"}, {"author_id": 191451673, "id": 1494400182762496003, "text": "@ODEONCinemas Going to see Miracle on 34th Street in year 7! \ud83c\udf84"}, {"author_id": 704173573825503233, "id": 1494312938785681412, "text": "'new miracle on 34th street old time radio edmund gwenn maureen o hara 2000' via @ebluejay - https://t.co/rbdJgD2O1r"}, {"author_id": 236672103, "id": 1494275880423550977, "text": "@Alec_Eiffel_ Nah, different Abigail Shapiro. Ben and Abigail are related to the girl from Miracle on 34th Street and Matilda"}, {"author_id": 762638783661608960, "id": 1494261727726346242, "text": "@ODEONCinemas Watching Miracle on 34th street on Christmas Eve"}, {"author_id": 106317841, "id": 1494220897867255808, "text": "@KaylaChowShow To Kill a Mockingbird, The Sound of Music, West Side Story, The King and I, Imitation of Life, The Wizard of Oz, The Ten Commandments, Miracle on 34th Street, Eve's Bayou, Cat on a Hot Tin Roof, Guess Who's Coming to Dinner?,  Foxy Brown, Claudine, Carmen, Brown Sugar &amp; many more"}, {"author_id": 1286370045073874944, "id": 1494134829897568260, "text": "@KaylaChowShow Miracle on 34th street, Buster &amp; Billie, Silver linings playbook. Singles, Masquerade, Pride &amp; Prejudice, Call me by your name, Dirty Dancing, St Elmos fire, Titanic, Lords of Dogtown, Planes trains &amp; Automobiles so many to choose"}, {"author_id": 920325327020265473, "id": 1494123955304632320, "text": "@syd_gary @KaylaChowShow Blazing Saddles, Caddyshack, Die Hard, A Christmas Story, Miracle on 34th Street"}, {"author_id": 1235589001639268358, "id": 1494103157760212995, "text": "@wakefulwife @OLFanvidz @Angie_4_ @itsmesabrinad @katie_teacher16 @4b0ysandaqueen @liberteetwhisky Me too!!! Those were the days!!! The Quiet Man, McClintock, Miracle on 34th Street\u2026"}, {"author_id": 1407461628245839873, "id": 1494090616308961280, "text": "@KaylaChowShow Miracle on 34th street"}, {"author_id": 44276410, "id": 1494088820899389445, "text": "@ClassicMovieHub Miracle on 34th Street"}, {"author_id": 2864069368, "id": 1494013559390539778, "text": "@Artist_Angie The Quiet Man \nPrincess Bride\nBlazing Saddles \nMonty Python/Holy Grail\nMiracle on 34th Street"}, {"author_id": 1547350170, "id": 1493998841489543170, "text": "@IR_PhilDrake As to the first, the classic Miracle on 34th Street suggests the answer is yes."}, {"author_id": 1380887700375486469, "id": 1493960150704607235, "text": "@ThatEricAlper Miracle on 34th Street. Original version."}, {"author_id": 704173573825503233, "id": 1493929678050140163, "text": "'new miracle on 34th street old time radio edmund gwenn maureen o hara 2000' via @ebluejay - https://t.co/rbdJgD2O1r"}, {"author_id": 977922815822319616, "id": 1493920976169431043, "text": "@drnoir33 @Wahrhaftig @LadyKdesigns @MarkTidrick @Tico_Romao @Tribe_XX @SkrticX @Echotopia @KarlBrunjes @Meidas_ZobethC @ADASpota @LauriceF @brain_birdy @SphinxyRiddles @filmesque9 @RavenLunachick @SpyLovedMeToo @HorrorSingh @MoHussain19 @CarriereHenry @IdleTalk12 @filmradar @noirdame @TheNoirZone @SallySunflower5 @ZolaClyde1 @FilmTVLegends @ScholarsCinema @ScottyDoesStats @sknolle Especially given what a giant hit \u201cMiracle on 34th Street\u201d was!"}, {"author_id": 1053019968038686721, "id": 1493815791371706371, "text": "@seraphinaspang Laura, The Ghost and Mrs. Muir, From Here To Eternity, It\u2019s A Wonderful Life, Meet Me In St. Louis, Miracle On 34th Street . . ."}, {"author_id": 57857302, "id": 1493735005293527044, "text": "Miracle on 34th Street was so fucking good I\u2019m surprised I never saw that one till now haha"}, {"author_id": 105192744, "id": 1493729948082872324, "text": "@ThatEricAlper Miracle on 34th Street"}, {"author_id": 2357287176, "id": 1493724729466892288, "text": "@mattvolz I keep remembering the scene in \"Miracle on 34th Street\" where Santa wins the case because the post office delivered mail to him. This is worse than the time I got a letter addressed to \"Joe Sh*thead,\" but there was no asterisk."}, {"author_id": 614789923, "id": 1493650821443198976, "text": "RT @ClassicMovieHub: I'll tell you one thing, from now on, I'm going to be a regular Macy's customer. -Thelma Ritter in Miracle on 34th St\u2026"}, {"author_id": 201899319, "id": 1493642513206464516, "text": "RT @ClassicMovieHub: I'll tell you one thing, from now on, I'm going to be a regular Macy's customer. -Thelma Ritter in Miracle on 34th St\u2026"}, {"author_id": 1010947334337974274, "id": 1493628866140717059, "text": "RT @ClassicMovieHub: I'll tell you one thing, from now on, I'm going to be a regular Macy's customer. -Thelma Ritter in Miracle on 34th St\u2026"}, {"author_id": 891674142, "id": 1493625778260504580, "text": "RT @ClassicMovieHub: I'll tell you one thing, from now on, I'm going to be a regular Macy's customer. -Thelma Ritter in Miracle on 34th St\u2026"}, {"author_id": 48391014, "id": 1493599757192863756, "text": "@JerasIkehorn Natalie woods. Favorite movie - \u2018miracle on 34th street."}, {"author_id": 14912419, "id": 1493593015650336768, "text": "RT @ClassicMovieHub: I'll tell you one thing, from now on, I'm going to be a regular Macy's customer. -Thelma Ritter in Miracle on 34th St\u2026"}, {"author_id": 21947812, "id": 1493579212464091137, "text": "RT @ClassicMovieHub: I'll tell you one thing, from now on, I'm going to be a regular Macy's customer. -Thelma Ritter in Miracle on 34th St\u2026"}, {"author_id": 1335959462537011202, "id": 1493575794161070080, "text": "RT @ClassicMovieHub: I'll tell you one thing, from now on, I'm going to be a regular Macy's customer. -Thelma Ritter in Miracle on 34th St\u2026"}, {"author_id": 4812938852, "id": 1493572850074238984, "text": "@lucillevaance Miracle on 34th Street and It's A Wonderful Life in syndicated TV. Then it was Roman Holiday. Then the ball really got rolling."}, {"author_id": 57857302, "id": 1493567590626734095, "text": "Todays movies I'll be watching: (before the Sixers game obviously)\n\n-The More the Merrier (1943) - Charles Coburn*\n-The Best Years of Our Lives (1946) - Harold Russell*\n-Miracle on 34th Street (1947) - Edmund Gwenn*\n\n* = won the Oscar for Best Supporting Actor"}, {"author_id": 1152782295712948225, "id": 1493504890248646657, "text": "RT @ClassicMovieHub: I'll tell you one thing, from now on, I'm going to be a regular Macy's customer. -Thelma Ritter in Miracle on 34th St\u2026"}, {"author_id": 3068541683, "id": 1493486564583870465, "text": "RT @ClassicMovieHub: I'll tell you one thing, from now on, I'm going to be a regular Macy's customer. -Thelma Ritter in Miracle on 34th St\u2026"}, {"author_id": 1385492364790206466, "id": 1493464878035705856, "text": "RT @ClassicMovieHub: I'll tell you one thing, from now on, I'm going to be a regular Macy's customer. -Thelma Ritter in Miracle on 34th St\u2026"}, {"author_id": 1271260263610634240, "id": 1493462769483464705, "text": "@spiffogriffo @DontLetsPod Ugh yes. That's the stuff. Did you know that Pet Name is Mara Wilson's favorite TMBG song? You know, the girl who played Matilda and the Miracle On 34th Street kid."}, {"author_id": 731964989288783873, "id": 1493450633008988161, "text": "RT @ClassicMovieHub: I'll tell you one thing, from now on, I'm going to be a regular Macy's customer. -Thelma Ritter in Miracle on 34th St\u2026"}, {"author_id": 960346621996421120, "id": 1493448828510478340, "text": "RT @ClassicMovieHub: I'll tell you one thing, from now on, I'm going to be a regular Macy's customer. -Thelma Ritter in Miracle on 34th St\u2026"}, {"author_id": 1328877862041104384, "id": 1493440363087994880, "text": "RT @ClassicMovieHub: I'll tell you one thing, from now on, I'm going to be a regular Macy's customer. -Thelma Ritter in Miracle on 34th St\u2026"}, {"author_id": 86635649, "id": 1493440156921180161, "text": "RT @ClassicMovieHub: I'll tell you one thing, from now on, I'm going to be a regular Macy's customer. -Thelma Ritter in Miracle on 34th St\u2026"}, {"author_id": 147446901, "id": 1493439294077296644, "text": "RT @ClassicMovieHub: I'll tell you one thing, from now on, I'm going to be a regular Macy's customer. -Thelma Ritter in Miracle on 34th St\u2026"}, {"author_id": 272538235, "id": 1493438679662186497, "text": "I'll tell you one thing, from now on, I'm going to be a regular Macy's customer. -Thelma Ritter in Miracle on 34th St \nhttps://t.co/s5cBR0Hw3w https://t.co/92hBskpJJ4"}, {"author_id": 704173573825503233, "id": 1493433498891341827, "text": "'new miracle on 34th street old time radio edmund gwenn maureen o hara 2000' via @ebluejay - https://t.co/rbdJgD2O1r"}, {"author_id": 378294000, "id": 1493384840158363659, "text": "@ClassicMovieHub She\u2019s great in everything\u2026 but my sentimental favorite is her first part in \u201cMiracle on 34th Street\u201d (tiny role, but she nails it and leaves an impression\u2026 always the mark of a great character actor)"}, {"author_id": 14139203, "id": 1493325487342559236, "text": "RT @barebones984: Happy Birthday Thelma Ritter! She was a great character actor! Miracle on 34th Street, Pickup on South Street, Rear Windo\u2026"}, {"author_id": 729322762326683651, "id": 1493317925880713224, "text": "Happy Birthday Thelma Ritter! She was a great character actor! Miracle on 34th Street, Pickup on South Street, Rear Window, Pillow Talk, The Misfits, All About Eve, Boeing Boeing and many more! 6 time Oscar nominee for Best Supporting Actress! #ThelmaRitter https://t.co/4wpFOcqoAM"}, {"author_id": 1639457556, "id": 1493312252061138946, "text": "RT @SteveHayesTOQ: Happy Birthday six time #Oscar nominee, the irreplaceable, incomparable, THELMA RITTER! \ud83c\udf82Known to many as the disillusio\u2026"}, {"author_id": 16657893, "id": 1493302737743880192, "text": "@ClassicMovieHub Rear Window &amp; Miracle on 34th Street https://t.co/s8ctOM0N8B"}, {"author_id": 2852120595, "id": 1493284562176204804, "text": "RT @SteveHayesTOQ: Happy Birthday six time #Oscar nominee, the irreplaceable, incomparable, THELMA RITTER! \ud83c\udf82Known to many as the disillusio\u2026"}, {"author_id": 217470920, "id": 1493276689568354316, "text": "RT @BKNYbus_tours: Actress Thelma Ritter was Born in Brooklyn on Valentine\u2019s Day in 1905. No wonder we all love her so much! Her first role\u2026"}, {"author_id": 104227297, "id": 1493272265684889610, "text": "RT @SteveHayesTOQ: Happy Birthday six time #Oscar nominee, the irreplaceable, incomparable, THELMA RITTER! \ud83c\udf82Known to many as the disillusio\u2026"}, {"author_id": 103651694, "id": 1493271543518044171, "text": "Happy Birthday six time #Oscar nominee, the irreplaceable, incomparable, THELMA RITTER! \ud83c\udf82Known to many as the disillusioned mother who argued w/ Santa Claus in MIRACLE ON 34th STREET, she was unforgettable in every role TITANIC, REAR WINDOW, ALL ABOUT EVE https://t.co/MFCEFppGqb"}, {"author_id": 1076892343918198790, "id": 1493271494281109510, "text": "Today is the 119th\u00a0birthday of\u00a0Thelma Ritter. \u00a0She wasn't in a movie until she was 45 years old (and then it was 'Miracle on 34th Street'), and is proof that there are second acts in American lives and that it is never too late to start anything. \u00a0She is one of the actors th\u2026 https://t.co/LNP65ssaLG"}, {"author_id": 71416915, "id": 1493267222525054980, "text": "Remembering #ThelmaRitter on her birthday, seen here in her film debut of \"Miracle on 34th Street\" from 1947. https://t.co/DnYNFqHMWc"}, {"author_id": 1380712338, "id": 1493246000609304576, "text": "On Thelma Ritter\u2019s birthday, 5 reasons to love -or not to- Miracle on 34th Street (George Seaton, 1947) https://t.co/JbBF39thSE"}, {"author_id": 1076892343918198790, "id": 1493224799354589184, "text": "Ritter's first movie role was in Miracle on 34th Street (1947). She made a memorable impression in a brief uncredited part, as a frustrated mother unable to find the toy that Kris Kringle has promised her son. Her third role, in writer-director Joseph L."}, {"author_id": 1076892343918198790, "id": 1493224789183320065, "text": "Today is the 119th\u00a0birthday of\u00a0Thelma Ritter. \u00a0She wasn't in a movie until she was 45 years old (and then it was Miracle on 34th Street), and is proof that there are second acts in American lives and that it is never too late to start anything."}, {"author_id": 2285285560, "id": 1493214994653143040, "text": "RT @Lauren66793666: #BOTD 1905 \u2013 1969 Thelma Ritter, 66, US actress.\n\nShe appeared in school plays and stock theatre later trained at AADA\u2026"}, {"author_id": 705952235860074497, "id": 1493212268779040772, "text": "RT @TMCGTT: Born #OTD (14 February) in geeky history: Anton Lesser (Pirates of the Caribbean: On Stranger Tides), Mindy Robinson (Bloodsuck\u2026"}, {"author_id": 104957425, "id": 1493163158235598851, "text": "RT @Lauren66793666: #BOTD 1905 \u2013 1969 Thelma Ritter, 66, US actress.\n\nShe appeared in school plays and stock theatre later trained at AADA\u2026"}, {"author_id": 1152864039082582016, "id": 1493127687422066692, "text": "RT @AndrewW89846090: The very beautiful Maureen O'Hara starred in the original version of Miracle on 34th Street. Have you seen it? https:/\u2026"}, {"author_id": 2920033789, "id": 1493127104090689536, "text": "RT @AndrewW89846090: The very beautiful Maureen O'Hara starred in the original version of Miracle on 34th Street. Have you seen it? https:/\u2026"}, {"author_id": 368525958, "id": 1493075590227783684, "text": "@TPostMillennial Reminds me of Miracle on 34th Street courtroom when the Postal Workers delivered Santa\u2019s mail to the defendant.\n\nGo Loudoun Students!\n#NoMore #MaskMandates \n\n#ThisIsHowYouDoIt!! \n#schools \n#SanDiego"}, {"author_id": 4149935652, "id": 1493067014516133888, "text": "RT @Lauren66793666: #BOTD 1905 \u2013 1969 Thelma Ritter, 66, US actress.\n\nShe appeared in school plays and stock theatre later trained at AADA\u2026"}, {"author_id": 864039401340325888, "id": 1493066901538611201, "text": "I wonder if many popular franchises could get away with an episode like Last Christmas, an episode that so prominently signposts the fact that Doctor Who exists in the same space as Alien, The Thing from Another World or Miracle on 34th Street.\nThe space of dreams."}, {"author_id": 702252464360308738, "id": 1493066543663562752, "text": "RT @Lauren66793666: #BOTD 1905 \u2013 1969 Thelma Ritter, 66, US actress.\n\nShe appeared in school plays and stock theatre later trained at AADA\u2026"}, {"author_id": 1187282506124529664, "id": 1493065522228903938, "text": "#BOTD 1905 \u2013 1969 Thelma Ritter, 66, US actress.\n\nShe appeared in school plays and stock theatre later trained at AADA but struggled to establish a stage career, and decided to take a break to raise her two children. She made her film debut age 42 in Miracle on 34th Street (1947) https://t.co/lmGGhaMfeT"}, {"author_id": 34188909, "id": 1493001693038055424, "text": "@tonyposnanski Cinderella and The Wizard of Oz were an annual tradition growing up. Elf,  It's a Wonderful Life, Home Alone, The Santa Clause, Rudolph the Red Nose Reindeer, Frosty the Snowman, Miracle on 34th Street, Narnia, Godfather, Casino,Die Hard and so many more lol"}, {"author_id": 98696877, "id": 1492984646052851720, "text": "RT @Gibboanxious: #InRemembrance of Thelma Ritter (14 Feb 1902 \u2013 5 Feb 1969)\nher top 10 movies are:\n\n10. Call Northside 777\n9. Titanic\n8. P\u2026"}, {"author_id": 836698666857545729, "id": 1492970024113344513, "text": "The Road Warrior defeats Wesley Blake via Tom Phillips Messages in a Miracle on 34th Street Fight on ECW"}]