[{"author_id": 1480883679907905536, "id": 1495276339141615618, "text": "@glee_writes @leepace Mixed Nuts"}, {"author_id": 1002176749109641216, "id": 1495274272314781701, "text": "@Rotary I live in Mangalore, KA and the city is known for it's 'Gadbad' which is a famous dish served in Pabbas. It comprises of 3 kinds of ice cream, jelly, mixed fruits and nuts. Ideal Ice Cream is known universally and one's visit to the city is incomplete without eating Gadbad! \ud83c\udf68"}, {"author_id": 282831568, "id": 1495273213185699846, "text": "@Sassy_Miss_T @mmpadellan The real Anna was originally Russian, who lived to Germany. So, she would have a mixed accent. It drove me nuts at first two, but after the second episode I got into it."}, {"author_id": 2627807962, "id": 1495264932937543681, "text": "@UOPX Chewy  Liquorice \nSkittles \nM&amp;M's\nRoasted Mixed Nuts\nPistachios \nChips"}, {"author_id": 1381126280792408064, "id": 1495255858715971587, "text": "@EnTyranno i would like one extra demensional Coffee, 3 galaxy Creamer Pumps, mixed with Stardust milk, 4 Sun Lug Nuts flavoring pumps, topped with Planetary Whipped Cream, and Cosmic sprinkles."}, {"author_id": 410200049, "id": 1495253245509394433, "text": "Lunch\nLotus root and mixed nuts https://t.co/QPqsJkxcGm"}, {"author_id": 1482043875942453251, "id": 1495232888819884036, "text": "RT @LBadderz: Two Nuts \ud83d\udca6- Mixed Race \ud83e\udd1f\ud83c\udfffLondon Link Up: He\u2019s got a nice and pretty piece. He bussed twice back to back. I swallowed the seco\u2026"}, {"author_id": 17533234, "id": 1495231078923124743, "text": "Stations showing the fake Medicare Commercials,  stupid GEICO, Plexiderm, Liberty Mutual,  Planters mixed versus single nuts, Twix left versus right, I am turning the station and not turning it back. I so sick of these commercials. I've taken to streaming to get away from them."}, {"author_id": 1364661553975463948, "id": 1495221389367951360, "text": "@MrPeanut I'm voting to eat nuts one at a time. I like to taste each individual nut. It's only called mixed nuts so you can have different selections while eating. Instead of a whole can of one type."}, {"author_id": 1081770197155864576, "id": 1495219864700657666, "text": "Leeve Dry Fruits Brand Fresh Fruit Nuts Whole Roasted Spicy Masala Mixed Flavour Red Chilli Green Chilli Black Pepper Cheese Cashew Cashews Nut Casewnut Kaju Kaajoo 200 Grams\u00a0Packet https://t.co/8Z9l0XK2rE"}, {"author_id": 1093222155377147904, "id": 1495214927958757384, "text": "@BlXlAS toppings give it some variety! buy some crunchy bacon pieces or crouton or mixed nuts and throw them in the salad mix and add salad dressing \ud83d\ude0c\ud83d\ude0c\ud83d\udc4c\ud83c\udffc\ud83d\udc4c\ud83c\udffc\ud83d\udc4c\ud83c\udffc but honestly I think fresh lettuce makes a big difference"}, {"author_id": 1847196246, "id": 1495206539078029314, "text": "@tonyhawktruther When I hike (don\u2019t know if that\u2019s what you\u2019re asking for) I can fill up pretty alright on some good meat sticks, bread, mixed nuts, and an apple. Tasty too"}, {"author_id": 1390787888, "id": 1495199532598050816, "text": "@CalgaryRugbyDad @the_lineca It\u2019s a weird take to think now that Ottawa has been cleared of trucks ... it\u2019s over \ud83e\udd14\n\nTamara &amp; co may have been the catalyst but they haven\u2019t been driving the momentum for weeks \n\nWhile media have been futzing over a bag of mixed nuts - a (positive) movement has taken root"}, {"author_id": 1293899874669338625, "id": 1495197167690076160, "text": "@LacosteTajhai @xDizzyDaturax @lisaalma @KittenCumberba1 @jonboyelk @davenewworld_2 @mateale1968 \"I make up sleeping with the racial equivalent of mixed nuts. That means I'm not racist and definitely not gay\"\n\nOkay, champ...."}, {"author_id": 1447964058896900097, "id": 1495194808591458305, "text": "Macadamias are the case hits of mixed nuts"}, {"author_id": 25745880, "id": 1495184977771773955, "text": "Me eating popcorn, potato chips, mixed nuts, or m&amp;ms. No, you can\u2019t take me anywhere \ud83d\ude0c https://t.co/69vzBJ1JZx"}, {"author_id": 198243243, "id": 1495184713400700932, "text": "@OUnderfolder @puruvian1 @rachelquenzer @politicalmablog @mmpadellan I drink water and water mixed with nuts to get the nutrients I need.\nWhat is your problem with plants milk, the use of a blender? I don't get it."}, {"author_id": 1486223430374821889, "id": 1495181736204189698, "text": "New breakfast mix: 100g mixed nuts, 1 tbsp chia seeds, 100g oatmeal all crushed in food processor then cooked + 2 scoops pea protein\n\nQuite a rank mix, I will throw a couple of bananas to get more energy in."}, {"author_id": 549777615, "id": 1495178541822009346, "text": "@PROTOG11 He looks like a mama at a bar trying to eat mixed nuts as sober as possible \ud83d\ude02"}, {"author_id": 87078490, "id": 1495171340353085444, "text": "White Chocolate Macadamia Blondies are buttery and chewy squares with sweet white chocolate chips, brown sugar, and macadamia nuts mixed in. #foodporn #yum #instafood #dinnerthendessert #buzzfeed"}, {"author_id": 22883752, "id": 1495166869656911873, "text": "@Lofoir @CTrevorNelson @SonnyBorrelli @AZDavidGowan @RickGray @SineKerr @VinceLeach @LivingstonLD22 @JDMesnard @votewarren @WendyRogersAZ @AZKellyT @MichelleUgenti While I'm no Debbie Downer about activism, most of this can of mixed nuts is SO far out there they want to bring the pillory and stocks back. How will contacting these ppl do anything but get a person on their thugs' radar?"}, {"author_id": 1125854537233895425, "id": 1495162768642691078, "text": "Me higher than a kite eating mixed nuts @ 3am https://t.co/zglAsAoOAh"}, {"author_id": 1402808509155229699, "id": 1495160300630425606, "text": "@danjlevy If you think about it, we all come from different parts of the world and have many ancestors.  We are a can of Mixed Nuts."}, {"author_id": 433893959, "id": 1495160230245810176, "text": "What's Up Doc\nMixed Nuts\nAll of Me https://t.co/1MITEc7y6i"}, {"author_id": 20277584, "id": 1495157233952653312, "text": "@patriottakes Diverse. Like a can of mixed nuts."}, {"author_id": 19454105, "id": 1495156390003884032, "text": "@ChrisGPackham @Tabasco_UK Had a problem with grey squirrels clearing feed/seeds put out on a couple of birdtables a few years ago, was advised that they're put off by Tabasco being mixed with the feed...\nIt's not true with my greys, they ate it all...\nI now distract them with monkey nuts &amp; wallnuts!"}, {"author_id": 32665143, "id": 1495153778227441665, "text": "Ugh.\nHusband bought a @Krusteaz Banana Bread kit at Costco.\n\nWhen I mixed it up, found this blue plastic. \n\nAt first, thought it was the package of nuts (they sometimes include), but it was JUST this clipped corner of blue plastic.\n\nConsumer beware if you picked up a box there! https://t.co/9hCG6n65tf"}, {"author_id": 1287718440283844611, "id": 1495151741154828290, "text": "what about mixed marriages?? how does that work? apply? don't bother? this is NUTS!!! https://t.co/fL704SF1No"}, {"author_id": 1355809401630674949, "id": 1495150338524864512, "text": "@EVASrebecca This is me, but with PLANTERS MIXED NUTS (lightly salted)"}, {"author_id": 1305137524109717504, "id": 1495138139567886338, "text": "@Whiskey4One Could make him a gift basket with some beef jerky, mixed nuts, a few little things he might like or could use"}, {"author_id": 1949289816, "id": 1495134388035727371, "text": "RT @americadosul1: Woman thrown off American Airlines \u2708\ufe0f over nut allergy so first class could get \u2018contractual\u2019 mixed nuts - @airtravelbar\u2026"}, {"author_id": 37248934, "id": 1495130861578199040, "text": "Whoever came up with that mixed nuts ad with the guys from Community has a tremendous grasp of what it means to be an American in 2022."}, {"author_id": 1485389513589465090, "id": 1495129981080551432, "text": "Ready for a #Caribbean inspired aperitif? Check our #savory #nut mix and sweet and fresh #Vodka and #pineapple based cocktail... https://t.co/z5tiS84qlW"}, {"author_id": 1406416039253053446, "id": 1495127843055054848, "text": "@NATIVEA04158654 @Prathme42671506 @LegendDaddyBean @Level5014 @WWE @BrockLesnar he\u2019s mixed numb nuts"}, {"author_id": 1333520449813307392, "id": 1495110625319604236, "text": "RT @LBadderz: Two Nuts \ud83d\udca6- Mixed Race \ud83e\udd1f\ud83c\udfffLondon Link Up: He\u2019s got a nice and pretty piece. He bussed twice back to back. I swallowed the seco\u2026"}, {"author_id": 34139961, "id": 1495100813705945096, "text": "Coffee, banana, mixed nuts..."}, {"author_id": 1228784608231272450, "id": 1495089194640855041, "text": "@cherylb24348278 I'll eat some of the mixed nuts for the raccoons than.  :)"}, {"author_id": 1228784608231272450, "id": 1495084723437252610, "text": "@common_nonsense I ran out of mixed nuts last nite &amp; they turned their noses up on the animal crackers!  :/\n\nI have to go out later &amp; buy more nuts. Peanut-butter crackers too.  They're spoiled.  :)"}, {"author_id": 1391383686172512259, "id": 1495076943217274881, "text": "@naturecampanion Oh god really caramel  chocolate  good job it wasn't  chilli, lol. l  have made chocolate in to moulds  with my own recipe s  choc double cream spice cinnamon  cointreau  real orange grated  orange peel mixed nuts almonds  and  pistachios nuts."}, {"author_id": 15200895, "id": 1495066872076767242, "text": "Salsa Macha With Mixed Nuts https://t.co/KVP3nCTQse"}, {"author_id": 312284005, "id": 1495065713924616196, "text": "@Theresaroets911 Mixed Nuts\nHoliday\nMrs. Doubtfire"}, {"author_id": 94845804, "id": 1495061459272929286, "text": "You are accepted and loved for exactly who you are right now, a big ol bag of mix nuts. And who doesn't love mixed nuts?!"}, {"author_id": 9390942, "id": 1495059538248192004, "text": "You're kidding, right? Majority Malay, Muslim country (granted very mixed but you don't expect wing nuts to review CIA databooks) - the dismissals write themselves... https://t.co/R4imaj2FBh"}, {"author_id": 44924866, "id": 1495042122755588102, "text": "@LexG_III Joel McHale - plugs or rug? That hair was looking extra artificial in his little mixed nuts super bowl commercial"}, {"author_id": 1443447497809084417, "id": 1495039647369601027, "text": "Mixed nuts &amp; raisins in a Ziploc bag watching Judge Judy\n\nTrying hard not to be judgemental"}, {"author_id": 1230041117292294149, "id": 1495039221572435969, "text": "RT @SexbeanPernicus: Mixed nuts more like dickes nuts"}, {"author_id": 1112995120108888065, "id": 1495032013828796418, "text": "@JACKBillboard @JacksonWang852 Listening to #\u738b\u5609\u5c14JacksonWang by #JacksonWang @JacksonWang852 while I'm snacking on mixed nuts\ud83d\ude0b\ud83d\ude0b"}, {"author_id": 5497152, "id": 1495018833802792961, "text": "Eduard Folayang, long considered the face of Philippine mixed martial arts, takes on Australian Muay Thai and kickboxing legend John Wayne Parr in a striking super showdown at ONE X! \n\nTHIS WILL BE NUTS. https://t.co/o0kBsMsP1U"}, {"author_id": 415817682, "id": 1495014368236515330, "text": "@unicornkx Nuts first off, get your salt levels back up, maybe mixed veg pasta next for some more energy?"}, {"author_id": 1441883160204042243, "id": 1495011162622103558, "text": "@httpcalz yes! it's just half a cup of mashed sweet potato mixed with previously cooked oatmeal and any toppings you like! i just added cinnamon and stevia for the kcal, but you can use nuts and maple syrup too !"}, {"author_id": 1160754199, "id": 1495006177125621762, "text": "@jpaudouy Definitely mixed company on here. \ud83e\udd14 \nThe no nuts in either selfie will probably disappoint everyone! \ud83e\udd23"}, {"author_id": 1035540356903956480, "id": 1494988130352521223, "text": "Cashews to the Left of me!\nAlmonds to the Right of me! \n\nAmerica isn't a melting pot.\n\ud83e\udd5c \ud83c\udf30IT\u2019S A CAN OF MIXED NUTS! \ud83c\udf30 \ud83e\udd5c"}, {"author_id": 1414469955106394113, "id": 1494971299042840577, "text": "RT @jooswonie: \ud83e\udd5c Selling \ud83e\udd5d\n- Mixed Fruits \n- Mixed Nuts \n- Nuts+Seeds Mix\n- Fruit+Nuts Mix \n\navailable in \n100g\n250g\n500g\n1kg https://t.co/\u2026"}, {"author_id": 1019870793977565185, "id": 1494970466611908613, "text": "@KymLouC @SandroDemaio Mine was mixed nuts and a vodka and orange...all the food groups"}, {"author_id": 3004194518, "id": 1494969105077911561, "text": "Mixed nuts more like dickes nuts"}, {"author_id": 1377220917311508481, "id": 1494968263754797058, "text": "@pgodfreysmith Regarding your experiments, I've been vegan for over 15 years &amp; made some mistakes. My diet now is mostly raw or cooked vegetables mixed with a lot of grain: quinoa, buckwheat, etc. (I add some seeds &amp; nuts when I dive or do something intense)\u00a0+ fruits. 1/3"}, {"author_id": 912124194665619456, "id": 1494960462840094723, "text": "RT @SexbeanPernicus: opened a bag of mixed nuts and it was just one extremely large peanut"}, {"author_id": 1297213254758850562, "id": 1494948142269313028, "text": "Eighty7 Mixed Dry Fruits Nuts Combo - Ca\n \ud83d\udd39 Offer price-\u20b9699.00\n \ud83d\udd39 MRP-\u20b91,021.00\n \ud83d\udd39 Saving: \u20b9322.00 (32%)\n \u2728 Reviews-4.2 out of 5 stars\n \u2728 Category- #grocery\n\nhttps://t.co/l7RuTTT8ve #deal #loot https://t.co/t6j0ZfwoSQ"}, {"author_id": 1466780984947339266, "id": 1494931239513382912, "text": "@warrior19RN Eat a small bowl of mixed nuts before bed. Almonds and cashews have lots of magnesium, or drink some salted orange juice to balance electrolytes. Do that before bed or if you wake up in the night. I like 1/2 simply orange/ Tropicana, 1/2 water, 1/4 tsp non iodized sea salt."}, {"author_id": 3004194518, "id": 1494929526195126272, "text": "opened a bag of mixed nuts and it was just one extremely large peanut"}, {"author_id": 461595947, "id": 1494916503350636552, "text": "RT @TO_GreyWolf: Jeez. Seed oil is even in simple mixed nuts. Gotta be more vigilant next time at the grocery store! @SeedOilDsrspctr https\u2026"}, {"author_id": 903890233124577280, "id": 1494913032115216388, "text": "@DrPalakGarg1 What about dry fruits/nuts mixed with milk ?"}, {"author_id": 169654776, "id": 1494911500854702082, "text": "now that it\u2019s comes to this. all his super fans gotta admit this man is nuttier than a can of mixed nuts https://t.co/lyOqUO2W69"}, {"author_id": 1494066494073761796, "id": 1494903904043155463, "text": "@InvsbleFriendsA Just minted, want again @mena_dous @Ald7inthetrip @AleCgonzalezA @vinodkashyap @Ben79426292 @mixed_nuts__ @AlwandaK"}, {"author_id": 4785461485, "id": 1494903558734417923, "text": "@char_des @HanaMaeNassar I have a mixed nuts gift from Ayoubs. Can\u2019t stop eating! The absolute best."}, {"author_id": 34817173, "id": 1494895531843334145, "text": "I swear, it drives me nuts....\nBeen here since 09 fighting&amp; supplying logic mixed with humor.\nLess than 800\nWell, follow or don't...but dammit I wish ppl would quit begging...THATS the democrat way to do it...\n\"Gimme a follow...wah wah wah.\" https://t.co/xUX5O1l7gK https://t.co/R9jEDaPV2Z"}, {"author_id": 1350557598, "id": 1494892629384904709, "text": "Eating Cheetos, 2 handfuls of mixed nuts, and 3 pieces of jerky.\n\nHmu for nutrition plans."}, {"author_id": 819622619737706497, "id": 1494887107281702924, "text": "@danbock10 @cw4emeryville This is going to be my new explanation for this: there is more meaning in the adjective \"Fancy Mixed Nuts\" than \"Luxury Apartments.\""}, {"author_id": 17438716, "id": 1494886897809772544, "text": "RT @ZacRulzOK: This fuckin planters mixed nuts ad just ended with Joel McHale sarcastically saying \"who knew a minor disagreement could tea\u2026"}, {"author_id": 702013982618558464, "id": 1494884048681979905, "text": "This fuckin planters mixed nuts ad just ended with Joel McHale sarcastically saying \"who knew a minor disagreement could tear America apart\" and that felt really tasteless and ignorant holy shit"}, {"author_id": 20511103, "id": 1494883720947458049, "text": "I'm watching Young Sheldon 2x10 \"A Stunted Childhood and a Can of Fancy Mixed Nuts\" https://t.co/PzWuc3rW1h #trakt"}, {"author_id": 984047261557587968, "id": 1494881058784952320, "text": "RT @TO_GreyWolf: Jeez. Seed oil is even in simple mixed nuts. Gotta be more vigilant next time at the grocery store! @SeedOilDsrspctr https\u2026"}, {"author_id": 1342950359426220033, "id": 1494878539845300231, "text": "@SueBoyde @Te_Taipo @MariaSherwood2 Im notsure about that.\nDefinitely anti government im feeling and a lolly scramble of nuts mixed in!"}, {"author_id": 1223436438647164929, "id": 1494876659433959425, "text": "@SoBadZangief @inklessPW It\u2019s a bunch of beer drinking hosers, a hot tub, chain-smoking anti-vaccers, some religious wing nuts and a healthy dose of Qtards mixed with a few homeless people.  Hardly a civil war."}, {"author_id": 1481832017243344900, "id": 1494873179457785859, "text": "RT @TO_GreyWolf: Jeez. Seed oil is even in simple mixed nuts. Gotta be more vigilant next time at the grocery store! @SeedOilDsrspctr https\u2026"}, {"author_id": 1358153372730277894, "id": 1494872806106058757, "text": "@timelessorder \u201c\u2026and these are Planter\u2019s Mixed Nuts. See? It clearly says \u2018Mixed Nuts\u2019 on the label.\u201d"}, {"author_id": 1324095408591704064, "id": 1494866772016898049, "text": "@PaulMeekPerth @SarkySage @PatrickDeane11 They\u2019ve been camping at the cotter camp ground, shoalhaven and gunning showground. Just a handful of mixed nuts left."}, {"author_id": 123157909, "id": 1494865007615819776, "text": "Thick ass smoothie\n- yogurt\n- frozen mango\n- frozen mixed berries\n- frozen banana\nTopped with nuts, date syrup, honey\n\n\u0e2d\u0e34\u0e48\u0e21"}, {"author_id": 4826677880, "id": 1494863565806657538, "text": "RT @MrPeanut: Your city has spoken! And Boise prefers eating mixed nuts ONE AT A TIME! Whether you snack on one, or snack on all, you still\u2026"}, {"author_id": 1033776294218092544, "id": 1494859317228580864, "text": "Eat! Drink! Smoke! Controversy!\n\nWe've got the Old Crow flame war, the Mixed Nuts drama, and 10 secrets coffee companies don't want you to know.\n\nGet #EatDrinkSmoke on @spotifypodcasts!\nhttps://t.co/3J52W5NiWK\n\n#EDSN #Spotify #coffee #oldcrow #mixednuts #spotifypodcasts #dunkin"}, {"author_id": 1484038600606248960, "id": 1494859303462658048, "text": "RT @jooswonie: \ud83e\udd5c Selling \ud83e\udd5d\n- Mixed Fruits \n- Mixed Nuts \n- Nuts+Seeds Mix\n- Fruit+Nuts Mix \n\navailable in \n100g\n250g\n500g\n1kg https://t.co/\u2026"}, {"author_id": 792846705704054784, "id": 1494858405344727040, "text": "@Wieneraaron I love this dog more than 2lbs of salted mixed nuts."}, {"author_id": 876472946625175553, "id": 1494858279754764290, "text": "@Henry68157 Avoid: Iceberg Lettuce\nInstead Eat: Dark Leafy Greens\n\nAvoid: Mayonaise\nInstead Eat: Low-Fat Greek Yogurt\n\nAvoid: Mixed Nuts\nInstead Eat: Walnuts\n\nAvoid: Flour Tortillas\nInstead Eat: Corn Tortillas\n\nAvoid: Liquor\nInstead Eat: Light Beer or Dry Wines"}, {"author_id": 1107448020134756354, "id": 1494856181831151616, "text": "@TSAbo63 @TemporarilyC @civanowich @jeffreyatucker You keep on calling them truckers,  I guess some of these protesters have trucks   but this right wing driven anti establishment nuts tied in with Facebook and the US extreme right mixed in with a bunch of people unhappy with the world ."}, {"author_id": 1310726346, "id": 1494851496206376962, "text": "@ThaLibraKid I ain\u2019t had one in sooooo long lemme go look for a mixed nuts and a vanilla there see"}, {"author_id": 171692914, "id": 1494849314648203266, "text": "RT @MrPeanut: The votes are in! America prefers to eat mixed nuts\u2026... ONE AT A TIME! But what we really learned, is they\u2019re delicious eithe\u2026"}, {"author_id": 2202236205, "id": 1494832742504312832, "text": "@Tsiehta @CPC_HQ @PierrePoilievre @CandiceBergenMP @MelissaLantsman @MichelleRempel The #Qonservative party of \ud83c\udde8\ud83c\udde6 is just a bunch of mixed nuts who want to be the peanut butter but only manage to jam everyone by supporting #DomesticTerrorists"}, {"author_id": 524873856, "id": 1494830466221834242, "text": "RT @TO_GreyWolf: Jeez. Seed oil is even in simple mixed nuts. Gotta be more vigilant next time at the grocery store! @SeedOilDsrspctr https\u2026"}, {"author_id": 420316618, "id": 1494828311746420740, "text": "Planters deluxe mixed nuts half the can filled with almonds !"}, {"author_id": 58309178, "id": 1494821359989501953, "text": "@Mary_Cathryn610 @peachcrumble23 In that case to get protein try soya milk, soya yoghurts .  Kidney beans are high protein and actually really nice in a mixed salad . Nuts with a meal or even nibble on them throughout day . Not into the plant based choc idea of food myself it\u2019s still processed \ud83e\udd37\u200d\u2640\ufe0f"}, {"author_id": 14838951, "id": 1494814212019089408, "text": "@theangelbird Just kind of fried the sunfed and mixed it in with a salad?  \ud83d\ude00\n\nMy secret salad ingredient is pumpkin seeds, sunflower seeds and pine nuts toasted in a pan.\n\nI'll send you the list."}, {"author_id": 4144451019, "id": 1494808611486416902, "text": "RT @CourageOkoli: 911 what\u2019s your emergency?\n\ud83d\udcde it\u2019s past 11 but I\u2019m thinking about how I can just go and sharply airfry plantain (boli) and\u2026"}, {"author_id": 118488035, "id": 1494800349097611268, "text": "Walking down an isle just nanosecond hallucinated Ripley's Believe it or Not Mixed Nuts"}, {"author_id": 1434217724, "id": 1494800301269807106, "text": "@coffeegeekgirl I have mixed feelings there. I love the hugs and engagement. And my beard was driving me nuts after 3 days of 12 hours of mask wearing but i still loved no con crud."}, {"author_id": 844376430, "id": 1494799210042040330, "text": "911 what\u2019s your emergency?\n\ud83d\udcde it\u2019s past 11 but I\u2019m thinking about how I can just go and sharply airfry plantain (boli) and snack on it with some mixed nuts while I complete my series, ki l\u0119 feel? \ud83d\ude35\u200d\ud83d\udcab\ud83e\udd2b\ud83e\udd74 https://t.co/vikwNAdPwe"}, {"author_id": 1886786102, "id": 1494799151518949377, "text": "@ColdBrewCookies A handful of mixed nuts ( I'm drinking beer now )... cookies tonight..."}, {"author_id": 14272454, "id": 1494796676250279938, "text": "@JennyJohnsonHi5 Mamma Mia (1 &amp; 2)\nWayne's World\nStrictly Ballroom\nBack to the Future\nThe Replacements\nDirty Dancing\nMixed Nuts\nPriscilla QOTD\nStick It\nMad Max: Fury Road\nMiss Congeniality\nT2: Judgment Day"}, {"author_id": 727700485, "id": 1494793590739922945, "text": "Y does everything have bad inflammatory oils added\ud83d\ude29 Like mixed nuts, so unnecessary"}]