[{"author_id": 949006177, "id": 1495268079517184001, "text": "I already teach Molly\u2019s Game with Moll Flanders. How can I work in Inventing Anna? With Roxana maybe?"}, {"author_id": 70658199, "id": 1495146528486350862, "text": "RT @woodg31: TV\ud83d\udcfa19/2/76 ITV \n4.25:The New Land 5.20:Indoor League Championship of Champions 5.50:News 6.35:Crossroads 7.0:The World at War\u2026"}, {"author_id": 70658199, "id": 1495092838383636485, "text": "TV\ud83d\udcfa19/2/76 ITV \n4.25:The New Land 5.20:Indoor League Championship of Champions 5.50:News 6.35:Crossroads 7.0:The World at War 8.0:This Week 8.30:Bless This House 9.0:Clayhanger 10.0:News 10.30:Film - The Amorous Adventures of Moll Flanders https://t.co/U26nC8l2E9"}, {"author_id": 3292550997, "id": 1495001833881878528, "text": "RT @PHrarebooks: A rare first edition of Daniel Defoe\u2019s Moll Flanders, recently highlighted in our Fine Books and Manuscripts catalogue, is\u2026"}, {"author_id": 882235833562091524, "id": 1494761880396648455, "text": "@ComuGlobera Moll Flanders"}, {"author_id": 398146813, "id": 1494474621835431936, "text": "@t_ruggeri I\u2019ve seen it! She\u2019s superb! I just don\u2019t understand why at her height she wasn\u2019t cast in a dozen sophisticated romantic comedies instead of as Jeanne Eagels and Moll Flanders and Lylah Clare."}, {"author_id": 1370722076, "id": 1494443101779378185, "text": "@BeauTFC Have they ever read Charles Dickens? Defoe's Moll Flanders would also be instructive."}, {"author_id": 22395793, "id": 1494405647416369155, "text": "@WendyOrent @IainMulady @SwaledaleMutton WHAT!\n\nYou say sea WORDS?\n\nWe weren't a seafaring hub till post WW2.\n\nIn Defoe's Moll flanders she gets a Wherry from Harwich... in Swallows and Amazons they rock up in South Netherlands.\nhttps://t.co/uOvtkxL9tw"}, {"author_id": 1388342520489254917, "id": 1494047460187987969, "text": "@ghst_centralia Oh yes!!!!!!  It's so good!!!!!  And so is the movie starring Alex Kingston!!!  Moll Flanders is my second favorite female literary character of all time!!!"}, {"author_id": 1020654427466760193, "id": 1494018699304574980, "text": "RT @tenacresplus: Worlds Best Reading LOT Moll Flanders Daniel Defoe The Scarlet Letter Hawthorne  https://t.co/blDvSxhH3l via @eBay #World\u2026"}, {"author_id": 2502068594, "id": 1494018510900670467, "text": "Worlds Best Reading LOT Moll Flanders Daniel Defoe The Scarlet Letter Hawthorne  https://t.co/blDvSxhH3l via @eBay #WorldsBestReading #TheScarletLetter #MollFlanders #tenacresplus"}, {"author_id": 925062891304292354, "id": 1493989296474316807, "text": "RT @Jessconradcom: This time 57 years ago (February 1965), I was about to board a plane to Hollywood with Diana Dors, to promote my film Th\u2026"}, {"author_id": 1391822377517002752, "id": 1493911847405297666, "text": "Does anyone else feel like their interests are becoming increasingly niche as the pandemic rages on? Moll Flanders: An analysis of C18th Criminal Biography by Gregory Durston #amreading #crime #18thcentury #mollflanders #danieldefoe https://t.co/Jy0q1AVg1o"}, {"author_id": 1120079106027216896, "id": 1493908323967856640, "text": "Very readable and measured argument on the guilt of Prince Andrew. Somehow, despite the payment, I doubt HRH will sleep easy. Nor should he. Some lawyers need to educate themselves on how a 17 year old may find themselves embroiled in prostitution. Read Moll Flanders for a start. https://t.co/avbrHbOyQP"}, {"author_id": 77326131, "id": 1493841360960507904, "text": "RT @Jessconradcom: This time 57 years ago (February 1965), I was about to board a plane to Hollywood with Diana Dors, to promote my film Th\u2026"}, {"author_id": 1217907126204616707, "id": 1493722496805355520, "text": "RT @Jessconradcom: This time 57 years ago (February 1965), I was about to board a plane to Hollywood with Diana Dors, to promote my film Th\u2026"}, {"author_id": 1165789231, "id": 1493640945526624258, "text": "Stupid Moll Flanders #PutTheSimpsonsInAMovie"}, {"author_id": 3039587037, "id": 1493610498817986561, "text": "RT @Jessconradcom: This time 57 years ago (February 1965), I was about to board a plane to Hollywood with Diana Dors, to promote my film Th\u2026"}, {"author_id": 812752256214925312, "id": 1493610222128095247, "text": "RT @Jessconradcom: This time 57 years ago (February 1965), I was about to board a plane to Hollywood with Diana Dors, to promote my film Th\u2026"}, {"author_id": 1264369368386826240, "id": 1493610149709332483, "text": "@woowooforassig1 vary - who, like Moll Flanders, has her book to herself, and can expand and secrete unchecked; some people in Thackeray - for instance, Becky and Beatrix; some in Fielding - Parson Adams, Tom Jones, and some in Charlotte Bront\u00eb, most particularly Lucy Snowe. (And many more - this"}, {"author_id": 1486335482481057792, "id": 1493609829549629445, "text": "Moll Flanders [videorecording]\n2007\nDVD/Videocassette | dvd tvadult m726 2007\nitems: 3 | circs: 314 | last circ: 2/2022\ndefoe daniel 1661 1731 film adaptations,film adaptations defoe daniel 1661 1731,drama criminals england,criminals england drama,engla... https://t.co/swaPA2Yyyp"}, {"author_id": 1085126275520479232, "id": 1493592073643171842, "text": "@JohnTerry26 @talkSPORT Prick....your not a particularly good manager...being passed around more times than  moll flanders \ud83e\udd23\ud83d\ude33\ud83d\ude33 https://t.co/9xIWJIRKjj"}, {"author_id": 29447428, "id": 1493571108620144641, "text": "RT @Jessconradcom: This time 57 years ago (February 1965), I was about to board a plane to Hollywood with Diana Dors, to promote my film Th\u2026"}, {"author_id": 251552561, "id": 1493564015343243267, "text": "RT @Jessconradcom: This time 57 years ago (February 1965), I was about to board a plane to Hollywood with Diana Dors, to promote my film Th\u2026"}, {"author_id": 31116475, "id": 1493563482322649088, "text": "This time 57 years ago (February 1965), I was about to board a plane to Hollywood with Diana Dors, to promote my film The Amorous Adventures of Moll Flanders. https://t.co/0qzxaRjGKo"}, {"author_id": 1191045386, "id": 1493151735644409859, "text": "Today for Valentine's day I'll be teaching Moll Flanders (5 times married, once to her own brother etc) and The Spanish Tragedy (multiple stabbings, hangings and a tongue chewed off). I couldn't have planned it any better. https://t.co/S5QJtvODGO"}, {"author_id": 20338583, "id": 1492932573210853378, "text": "RT @supra_fox: #tunefultomes Sonorous adventures of Moll Flanders"}, {"author_id": 800808338560692228, "id": 1492928767181959169, "text": "#tunefultomes Sonorous adventures of Moll Flanders"}, {"author_id": 1076892343918198790, "id": 1492899465459646464, "text": "In 1965, Kim played the title role in the comedy The Amorous Adventures of Moll Flanders (1965), and married her co-star, Richard Johnson. The marriage only lasted 13 months, but they remained friends."}, {"author_id": 1582047913, "id": 1492776610273001474, "text": "@robynbryant33 @GandWalter As you say it is actually \u201cMoll\u201d short for Molly (Moll) Flanders. I remember having a go at Channel 7 years ago when they started up that My Kitchen Rules and there was a promo with a moron using the term \u201cmole\u201d I found the use offensive to the woman he directed it at."}]