[{"author_id": 1341965413861699584, "id": 1495281397367390211, "text": "\ud83c\udf6c: That way, customers who used to come before will get nostalgic and come more! Also, if we do a show in front of the train station\u2014 \n \ud83d\udca2: Why would we waste our time and money on measures that aren\u2019t the least effective?"}, {"author_id": 98958120, "id": 1495278836174716929, "text": "RT @punk6529: 7/ Freedom of assembly might require such activities like:\n\u2705Taking a train to Washington DC\n\u2705Booking a hotel room\n\u2705Hiring a t\u2026"}, {"author_id": 23258486, "id": 1495277839331074049, "text": "RT @boobygraffoe: Why are train companies advertising? It's not like you have choice. Why don't they stop spending on advertising and put t\u2026"}, {"author_id": 26152484, "id": 1495276706600525825, "text": "RT @punk6529: 7/ Freedom of assembly might require such activities like:\n\u2705Taking a train to Washington DC\n\u2705Booking a hotel room\n\u2705Hiring a t\u2026"}, {"author_id": 1393617965078171649, "id": 1495276289351204864, "text": "RT @TaschaLabs: TLDR: How to become a visionary even w/o being smart or experienced:\n\n1 Decide you\u2019re a visionary \n2 Get comfortable being\u2026"}, {"author_id": 49620880, "id": 1495273014774091783, "text": "@MartinHaven Going to be using a lot of the \"money for Beijing\" that ended up staying in the account.\n\nGoal is to take the train in, take a couple days while I'm out there to go the Glacier Express, and have one of those chocolate bobsleds."}, {"author_id": 33411018, "id": 1495272106690494468, "text": "RT @WilliamsEarly: Eileen Gu the traitor why let her return to the country go to China and train for next Olympics with chink money and sup\u2026"}, {"author_id": 938210187013447680, "id": 1495272091922440196, "text": "@wiz_train Didnt Homer become an astronaut? Also Im pretty sure working in a power plant pays good money."}, {"author_id": 16219077, "id": 1495271793103355908, "text": "@TheKenChilds The train is an absolute must-do! You can rent a car in St Moritz if required\u2026\nIf you\u2019re staying at somewhere like The B\u00e4ren, no car required.\nAlso, plan to do the Cresta Run.\nTake money.\nThen more money.\nMore still.\nThere you go."}, {"author_id": 1464430545648160782, "id": 1495264034857394176, "text": "@WSJ I train new hires where I work who make more money than I do.  When I ask middle management about this, I get the \"Just be patient, we're doing what we can.\", or I get ignored altogether.  I guess I'm the idiot for staying at my job."}, {"author_id": 1260024321809891328, "id": 1495263806980767744, "text": "RT @KENNYBIG3: TRAIN STATION CLERK SAW THIS DICK SWINGING PULLED OUT SOME MONEY N TOLD ME TO FOLLOW HIM \ud83d\ude0fLIKE AND RETWEET IF U LIKE A HARD\u2026"}, {"author_id": 714587305416245248, "id": 1495262954832412676, "text": "@DragonBallBLK Train with Goku and then partake in boxing and any other physical stuff that gets you money."}, {"author_id": 4508108721, "id": 1495262730198081536, "text": "@Havaow1 @GiantSpaceAss @eyeseyesbby @meowmix_69 @Nicola_ANB @lisaporvida @AVainRose ur so pressed about there being a morality chain of butterfly effects but then u end every train of thought with \"its my money ill spend it how i want\". okay? then do so. we literally won't know. if u care this much ab moralities to fight ab it then go study some b4 u fight."}, {"author_id": 1071854484245106689, "id": 1495260944993247241, "text": "RT @KENNYBIG3: TRAIN STATION CLERK SAW THIS DICK SWINGING PULLED OUT SOME MONEY N TOLD ME TO FOLLOW HIM \ud83d\ude0fLIKE AND RETWEET IF U LIKE A HARD\u2026"}, {"author_id": 1407598968599724036, "id": 1495258938945773572, "text": "RT @VyperTheFrisky: I was commissioned by @breasiin when she threw money at my face and demanded I join in on the hype train for these two\u2026"}, {"author_id": 15122235, "id": 1495258806011453440, "text": "@Maulers30 @NYC_Alerts911 Toooo many, put up retractable track barriers when train enters and exits station with our tax money MTA! You entertained idea a decade ago"}, {"author_id": 2409850416, "id": 1495258201591320577, "text": "RT @VyperTheFrisky: I was commissioned by @breasiin when she threw money at my face and demanded I join in on the hype train for these two\u2026"}, {"author_id": 1250439126815399938, "id": 1495257741539307523, "text": "@RailMinIndia \nThe train (12816) is six to eight hours late every time. Then the time of this train should be changed or the money should be refunded for delay. \nWhat is the fault of the passenger? \nSir please try a little so that the passenger is not in trouble."}, {"author_id": 48224622, "id": 1495257636626960391, "text": "@SuperDIRTcar @dirtvision Train race. Tell me I am wrong! Everyone should get their money back that paid to watch that garbage. \n#rubberedtrack\n#superdirtcar"}, {"author_id": 173166394, "id": 1495257541059743744, "text": "The money train already done took off"}, {"author_id": 1032513992, "id": 1495254728565211136, "text": "@Central_Railway @IRCTCofficial dear Railway,\nThere are multiple Transgender are asking for money also missbehaving  and forcing for Money train no 22178\n\nCurrently train reached at Titwala"}, {"author_id": 1121579965923778560, "id": 1495254126808080388, "text": "RT @CJBUZZELL1: @Don_K_Williams In Minnesota, for hockey, its called being a \"Rink Rat\". Free outdoor ice from sun up to 9pm.  How many soc\u2026"}, {"author_id": 1298962568669794304, "id": 1495253992502407171, "text": "@Don_K_Williams In Minnesota, for hockey, its called being a \"Rink Rat\". Free outdoor ice from sun up to 9pm.  How many soccer pitches do you see kids just playing and developing their skills?  Answer:  None because adults cant make money off it, so the kids train 4-6 days a week for a fee. Sad!"}, {"author_id": 1246668273594200064, "id": 1495252280408375298, "text": "@DragonBallBLK *takes both at the same time so I can give the money to chi-chi and then train with Goku"}, {"author_id": 1492626491296796673, "id": 1495251876614311940, "text": "@carb_on_carb @kvetchings lmao when I saw their lineup I was like ok cool every self proclaimed leftist who does alt right culture war shit is on the dark money from capital train choo choooo"}, {"author_id": 1948039580, "id": 1495251485193641984, "text": "RT @punk6529: 7/ Freedom of assembly might require such activities like:\n\u2705Taking a train to Washington DC\n\u2705Booking a hotel room\n\u2705Hiring a t\u2026"}, {"author_id": 708052774785835008, "id": 1495250754952650753, "text": "RT @JVartndesign: @LukewSavage @amendlocke That would be several train trips \nI worked it out once in case I ever get the money to do it \nT\u2026"}, {"author_id": 3086339035, "id": 1495250205989502977, "text": "I really need to train my body to eat less if I don\u2019t want to spend so much money on food"}, {"author_id": 971830318742360064, "id": 1495249695949697027, "text": "RT @DutchGK74: #rainbowtoken hop on the money train \ud83c\udf08\ud83c\udf08\ud83c\udf08\ud83c\udf08 \ud83d\ude82\ud83d\ude82\ud83d\ude82\ud83d\ude82\ud83d\ude82\ud83d\ude82"}, {"author_id": 1444647039325847552, "id": 1495249586159599617, "text": "@victorianclare @DublinCommuters @irishexaminer If they can bring the track to 200km/h then at a minimum a tilting train would allow 220km/h on the same track. Perhaps even 230km/h - the max speed of \u00d6BB's Railjet. \n\n250km/h track or higher is just a waste of money. \n\nIf they electrify the line there needs to be tree cutting."}, {"author_id": 222005349, "id": 1495249374326185987, "text": "@haridigresses These aren\u2019t experiments. Don\u2019t be naive. \n\nThis is money laundering. You folks spent $Billions on a bullet train. \n\nShow me a pic of the train next to a dated newspaper. \n\nThey LOVE you all. You keep making excuses for the obvious &amp; keep paying taxes"}, {"author_id": 1329310024154411011, "id": 1495249190703747073, "text": "@MSNBC He\u2019s been broke. But the MAGA train is his best con in town so he\u2019s riding it until the wheels fall completely off. The fundraising is his revenue. He has no money. And RNC is footing his legal bills."}, {"author_id": 1598848597, "id": 1495248955852140544, "text": "RT @PAPAROCCCO: @Beebee20524597 @BabaYehgar @_iRoyalty_ Train ur daughters to have sense, so they don't worship money....it is women who wo\u2026"}, {"author_id": 1376813713362092033, "id": 1495247993225633793, "text": "Respected sir will like to request you to have a look in Bihar specially Bhaktiyarpur, Nalanda where many transgender are harassing sexually and from sharped Alpin for money from  the traveller in train. Please take a look on it \ud83d\ude4f\n@AshwiniVaishnaw @IRCTCofficial @aajtak"}, {"author_id": 155447813, "id": 1495247902830071813, "text": "@RailMinIndia\nMy pnr 2135734196\nFrom ndls to agc\nSo many transgender and beggers are in train for asking money and creating problem\nPlz do something for traveller"}, {"author_id": 2338818908, "id": 1495247226351796235, "text": "@SkolSithLord @the_SKOL_train I come here to crack jokes and make money that's it"}, {"author_id": 861696753493397504, "id": 1495247056033615873, "text": "@krcraft I keep thinking if I ever get home to NM I would start a star observing program as I live under very dark skies. I might also train as a Death Doula, helping people make the transition. And of course I would revive all my gardens &amp; if I had the money  improve my yard  features."}, {"author_id": 461438556, "id": 1495246882032996354, "text": "RT @frenchiecorn: It's time for our Cornython for @AbleGamers with @TeamSidequestTV ! Come hang out with us for some fun and let's raise so\u2026"}, {"author_id": 5798602, "id": 1495245918639112196, "text": "\ud83d\udcbb Train Online to be a Home-Based Medical Transcription Editor and Start Making Real Money from Home! #Moms #Jobs #WorkatHome  https://t.co/2TRn7Vb24b via @WAHMRevolution"}, {"author_id": 315753322, "id": 1495245088380776448, "text": "@davidjfindlay Insurance is always a waste of money until you need it \ud83d\ude0f\nAnd you know there is a massive difference between a capability that takes many many years to train and equip for vs a few sheds we could put together in a few weeks. \nTell me you know the difference David \ud83d\ude0f\ud83d\ude09"}, {"author_id": 86312775, "id": 1495244861674438658, "text": "@Winnicakes I did call on your provided phone numbers @Winnicakes you need to train your staff first of all and i still haven't received my money back and you guys are just wasting people's money and time"}, {"author_id": 252218890, "id": 1495244705050865664, "text": "@TheRickWilson Everyone has to get in on the idiot money train."}, {"author_id": 883763351968505862, "id": 1495244476981329921, "text": "RT @BardicEnergy: @ButtFarm69 Holding on. Hoping the new investors on the hype train are doing their best to manage their expectations. $GM\u2026"}, {"author_id": 1002278280, "id": 1495244295850409989, "text": "Random movie of the day. \n\nMoney Train!!!\n\n@WoodyHarrelson @JLo @wesleysnipes \nI love this movie."}, {"author_id": 22578903, "id": 1495243638565216258, "text": "(Interrupting myself because a guy just propositioned me on a train platform by asking if I need food or money presumably in exchange for something HOW HOMELESS DO I LOOK ugh)"}, {"author_id": 1081632167455805441, "id": 1495243225124282369, "text": "@Stevecau1 @sallywilts If you are getting your ideas from Sally, I want nothing to do with it.  She is part of a \"charitable\" organization in Ukraine. Thats why she ramps up the war talk. She is drooling for the gravy train of money from the US and other sources."}, {"author_id": 1338092474376409088, "id": 1495239079511793667, "text": "RT @VyperTheFrisky: I was commissioned by @breasiin when she threw money at my face and demanded I join in on the hype train for these two\u2026"}, {"author_id": 769421573325369344, "id": 1495238456821248002, "text": "RT @frenchiecorn: It's time for our Cornython for @AbleGamers with @TeamSidequestTV ! Come hang out with us for some fun and let's raise so\u2026"}, {"author_id": 110393625, "id": 1495237946634473472, "text": "RT @mattboulanger: Hey, everybody, this is Austen, and this is how he skis now because Cochran's exists and he can train there. Austen's ra\u2026"}, {"author_id": 347562985, "id": 1495237313479200768, "text": "RT @punk6529: 7/ Freedom of assembly might require such activities like:\n\u2705Taking a train to Washington DC\n\u2705Booking a hotel room\n\u2705Hiring a t\u2026"}, {"author_id": 974062508427415559, "id": 1495237047912701952, "text": "@DeltaWGMI It will help to stop missing all that train bro. \nHave miss so many nft project cuz of money. \nThats a bad feeling to be on discord and all. But not manage to be a part of it \ud83d\ude2d"}, {"author_id": 1379139175446876162, "id": 1495235803689230338, "text": "@realTuckFrumper She's riding a money train of drama queen"}, {"author_id": 4690890811, "id": 1495234262823440387, "text": "Is this the solution ?? What about  lost money and time ? You did not given us any warning or any sms alert that train would run with delay.\n@Central_Railway @drmmumbaicr @drmpune @RailwaySeva @RailMinIndia https://t.co/fNKmSOJA1y"}, {"author_id": 1492832819843944448, "id": 1495233982002249738, "text": "RT @JWard_73: @America1Scotty Ukraine was/is nothing more than where US politicians and their families go to launder their money. That\u2019s th\u2026"}, {"author_id": 1490412291136925697, "id": 1495231579286872067, "text": "@TKOBETS1 let\u2019s see that play cuz the knock out. Thanks TKO money train baby \ud83d\udcb0\ud83d\ude82"}, {"author_id": 1274430459187998721, "id": 1495231154940694534, "text": "RT @frenchiecorn: It's time for our Cornython for @AbleGamers with @TeamSidequestTV ! Come hang out with us for some fun and let's raise so\u2026"}, {"author_id": 1410450925764890627, "id": 1495228843745071107, "text": "@SundaeDivine I'm standing in line for a train ticket. Little black boy is in front of me. I'm not paying much attention but then I see this kid in tears. \"Hey, what happened,\" I asked. \"I don't have enough money to go home.\" Jesus. This is no scam. I paid the ticket."}, {"author_id": 293011132, "id": 1495228563120869387, "text": "Diddy-Dirty Money did what they had to do on Last Train To Paris!"}, {"author_id": 351923120, "id": 1495227862852505601, "text": "Jeff wouldn\u2019t cut off that money train coming in from her Only Fans   #48hours https://t.co/raRN88zYgf"}, {"author_id": 1290501273943334918, "id": 1495227216749236226, "text": "RT @VyperTheFrisky: I was commissioned by @breasiin when she threw money at my face and demanded I join in on the hype train for these two\u2026"}, {"author_id": 1374725811547353095, "id": 1495225633596600327, "text": "@brucefenton Bruce, we get what we focus on.\n\nWant drivers license to have mobility, go and learn how to.\nWant to be professional athlete, go and train relentlessly.\nWant incorruptible money, learn how to handle it.\n\nFocus on car accidents, sports accidents, lost wallets, you will fail."}, {"author_id": 1407114588877885441, "id": 1495225307258769408, "text": "RT @VyperTheFrisky: I was commissioned by @breasiin when she threw money at my face and demanded I join in on the hype train for these two\u2026"}, {"author_id": 24449020, "id": 1495224731821297665, "text": "@Acyn As the whole world knows, #TuckerIsAWhore.\n\nThe money flow will stop when his bullsh*t does.  He has to cash in as much as he can before his Red gravy train is shut down."}, {"author_id": 1128494439100379137, "id": 1495224121923612672, "text": "@haslametrics It's a money train in Vegas https://t.co/VnylBlcVK4"}, {"author_id": 1423467817, "id": 1495223752195735552, "text": "Not a single toilet is clean in train ..i check even in other bogies as well ..extra money charge by railway in this special train with such pathetic service"}, {"author_id": 1331018940135464961, "id": 1495223525896036354, "text": "@KBowen1070 I\u2019m still on the train moving Q to LT\u2026 especially with the money he\u2019s going to demand. Worth checking out\u2026 finding a guard seems like an easier task than LT, and across the line way more important. I get the replacement won\u2019t be Q, but it may still improve the line as a whole"}, {"author_id": 1240624589069258752, "id": 1495222926479560704, "text": "It's time for our Cornython for @AbleGamers with @TeamSidequestTV ! Come hang out with us for some fun and let's raise some money for an amazing charity! We will also be participating in a raid train afterwards to continue the love!  #SoEveryoneCanGame https://t.co/x8bHoLdeWL"}, {"author_id": 1470591475188703234, "id": 1495222749933051909, "text": "@ai_curio_bot @ai_curio_bot botprompt: Kane Capital Money Train"}, {"author_id": 1081985042, "id": 1495222520588664836, "text": "@LukewSavage @amendlocke That would be several train trips \nI worked it out once in case I ever get the money to do it \nTrain from Singapore to Bangkok thn either train to northern Thailand and bus to probably Kunming or plane to Vietnam train to Hanoi then train to border"}, {"author_id": 77575049, "id": 1495222397368254468, "text": "#hannatv \nHow do they have money to buy all these decoy train tickets and flights and renting all these properties if they staying hidden???"}, {"author_id": 931846863824834560, "id": 1495220577598070784, "text": "I do not pay @netflix an ever increasing amount of money to have to wait until February 25 for the season finale of this train wreck. https://t.co/JhyNmQZteM"}, {"author_id": 855574699, "id": 1495220099267051521, "text": "RT @boobygraffoe: Why are train companies advertising? It's not like you have choice. Why don't they stop spending on advertising and put t\u2026"}, {"author_id": 25680425, "id": 1495219080982593536, "text": "RT @punk6529: 7/ Freedom of assembly might require such activities like:\n\u2705Taking a train to Washington DC\n\u2705Booking a hotel room\n\u2705Hiring a t\u2026"}, {"author_id": 956696359192748032, "id": 1495218810273550341, "text": "RT @Mason_Croley: Jamahal Hill! Love this dude. Money train. Legit contender \u2705\ud83d\udc4f\ud83c\udffb #UFCVegas48"}, {"author_id": 300015860, "id": 1495217874411134978, "text": "Jamahal Hill! Love this dude. Money train. Legit contender \u2705\ud83d\udc4f\ud83c\udffb #UFCVegas48"}, {"author_id": 1347838275784908802, "id": 1495217848611786753, "text": "RT @VyperTheFrisky: I was commissioned by @breasiin when she threw money at my face and demanded I join in on the hype train for these two\u2026"}, {"author_id": 1210400283315990530, "id": 1495216880490926080, "text": "@Trainwreckstv You r money train bro who will never run out of fuel ..... Gl"}, {"author_id": 404466914, "id": 1495215716554915844, "text": "Why are train companies advertising? It's not like you have choice. Why don't they stop spending on advertising and put that money into reducing the price of the ticket? (Spoiler alert we all know the answer.)"}, {"author_id": 1235453459551236096, "id": 1495215545112829956, "text": "WE HIT PLUS MONEY ODDS DURING ALL STAR WEEKEND TOO \ud83d\udca5\n\n\u2705 Team Cavs +200\n\nWho hopped on the Cavs train with us \ud83d\udc47 https://t.co/XFUzp8Jsjn"}, {"author_id": 1389181917334016000, "id": 1495215198222835715, "text": "RT @punk6529: 7/ Freedom of assembly might require such activities like:\n\u2705Taking a train to Washington DC\n\u2705Booking a hotel room\n\u2705Hiring a t\u2026"}, {"author_id": 2578370065, "id": 1495214861470498816, "text": "RT @VyperTheFrisky: I was commissioned by @breasiin when she threw money at my face and demanded I join in on the hype train for these two\u2026"}, {"author_id": 1495121786937262080, "id": 1495212968161820676, "text": "@stephen__bear @Jessica_Smithxo Your a train wreck! Look at the state of you, you bloated freak-chinned mess. Yet another disasterous attempt to make money. Crawl back under your rock you fat little coward nonce https://t.co/zTvgclMw1B"}, {"author_id": 1241127057632960514, "id": 1495212793280315397, "text": "@smiles_mando real money somebody slapped the @#$% outta him he'd ride the stfu train!"}, {"author_id": 1489997968631492611, "id": 1495212334385557506, "text": "RT @punk6529: 7/ Freedom of assembly might require such activities like:\n\u2705Taking a train to Washington DC\n\u2705Booking a hotel room\n\u2705Hiring a t\u2026"}, {"author_id": 1454153533624778753, "id": 1495211071468093441, "text": "Foreign troops land on UN planes, but foreign money is not ok . Trudeauism is fucked politics. Time for a few to go to the train station, who wants to drive."}, {"author_id": 2545795334, "id": 1495210552406077444, "text": "@AlexKecojevic @anthonyzenkus Retired American military officers helped Croatia train and organise its army. Croatian diaspora raised money to buy weapons. Ironically, same of it came from Ukraine. The combination of these two helped Croatia win war in 1995."}, {"author_id": 1395997374464421891, "id": 1495209426873044994, "text": "@_JeanLannes I generally see a few reasons:\n1. NIMBYs who don't want the train and will resist it the whole time.\n2. A bureaucracy pit that no one, not even the beuracrats, likes but is hard to undo.\n3. Every org wants some money from the train project for their project.\n4. Construction hard."}, {"author_id": 848326772, "id": 1495208279210790918, "text": "RT @punk6529: 7/ Freedom of assembly might require such activities like:\n\u2705Taking a train to Washington DC\n\u2705Booking a hotel room\n\u2705Hiring a t\u2026"}, {"author_id": 229114768, "id": 1495208155634180097, "text": "@nats_tired And dont forget the \"Arms length Companies\" all with former Cooncil bosses who were \"in favour\"\nIt really is like Russia - if your face fits then you get in on the Money Train !!"}, {"author_id": 31669157, "id": 1495206800727191556, "text": "Use the money they were going to use to pay cops to harass subway riders toward supplementing train fare for those in need. https://t.co/guxppWoG71"}, {"author_id": 889516072671600640, "id": 1495206670603014146, "text": "It\u2019s a Money train for him. . https://t.co/oAhYbp8bKR"}, {"author_id": 1443139087372730369, "id": 1495205889757749248, "text": "RT @TaschaLabs: TLDR: How to become a visionary even w/o being smart or experienced:\n\n1 Decide you\u2019re a visionary \n2 Get comfortable being\u2026"}, {"author_id": 726081391, "id": 1495205665643667456, "text": "Hey, everybody, this is Austen, and this is how he skis now because Cochran's exists and he can train there. Austen's raising money for Cochran's as part of the Rope-a-thin and you can sponsor him here: https://t.co/QKcoDQqvpU (he's the only Austen on the list). https://t.co/6U52yoJjOB"}, {"author_id": 1219740047198556162, "id": 1495204968802004999, "text": "RT @50linesonly: @RedBeretsM4All @PNHP @CarolParis7 @SenSanders @savemain_st @OFB2020 @OurRevolution @ninaturner @VoteNoGMO @PortiaABoulger\u2026"}, {"author_id": 90917796, "id": 1495204270244827138, "text": "RT @50linesonly: @RedBeretsM4All @PNHP @CarolParis7 @SenSanders @savemain_st @OFB2020 @OurRevolution @ninaturner @VoteNoGMO @PortiaABoulger\u2026"}, {"author_id": 1087787394936512512, "id": 1495204045899894787, "text": "seeing train saying he lost a bunch of crypto is so weird bc on one hand the fact that he\u2019s into crypto and nfts etc bothers me so much but on the other he does actually do a lot of cool shit with his money and i kinda respect that? so idk lmao"}, {"author_id": 555714836, "id": 1495203708518514688, "text": "@eebfg @AirlineFlyer @JFKairport That is for the Air Train. Add the Subway and other costs. wheelchair agents and other vendors whose salary isn\u2019t substantial are affected. Imagine a single mother who could use this money for her family, for example."}, {"author_id": 245064821, "id": 1495201880351416321, "text": "LETS GO! GET READY FOR MONEY TRAIN KANE \"SHOOT OFF\" COMING UP NEXT ON @AIRITOUTRADIO 24/7 STATION CLICK TO LISTEN LIVE https://t.co/jGkj7upiez https://t.co/f48MdEYRj6"}, {"author_id": 1031949778601619458, "id": 1495200726624063490, "text": "Someone tweeted that they were going to potty train their child early to save money on diapers... because all us parents in the past were taking our time because diapers were cheap."}]