[{"author_id": 1209240454513876992, "id": 1495282098784989188, "text": "RT @TASNoContext: (Volume and flashing lights warning)\n\nGame: Ultimate Mortal Kombat Trilogy (Rom Hack, Genesis)\nTAS author: Rick Dangerous\u2026"}, {"author_id": 823220816007544833, "id": 1495282015922499589, "text": "RT @Rebel61388: I love me a good lil slutty hoe \ud83d\udcaf\ud83d\udd25 I tried to in my mortal Kombat \ud83e\udd4a voice FINSH-HIM \ud83d\ude91 lmao \ud83d\ude02 coming to https://t.co/ck1WfDG\u2026"}, {"author_id": 1113266234819317763, "id": 1495281013072834562, "text": "@HDBFK @ShadowXLaw1 @NetherRealm Ok, maybe not to purchase but a collab would be beneficial for both parties. With something like Mortal Kombat X Street fighter, they would both be sitting on a fat cash cow"}, {"author_id": 589546563, "id": 1495280929887207424, "text": "RT @never_settles: @CryptoOz Klaus Schwab looking like the final boss in a Mortal Kombat game with that robe."}, {"author_id": 842464849133219842, "id": 1495280419939495939, "text": "RT @PURGATORl: $3 0F sale for my mortal kombat ppl\u2764\ufe0f\ud83d\udda4 https://t.co/qe1TYB4iaL"}, {"author_id": 331144509, "id": 1495280363979030533, "text": "Wanna give you my p4 so we can play together that way you don\u2019t have to buy one . We can even play mortal kombat \ud83d\ude44"}, {"author_id": 1270515025736761350, "id": 1495280138430259203, "text": "Mortal Kombat Legends: Scorpion's Revenge laughed with Batman and Stryker arrested everybody."}, {"author_id": 1424966351676837889, "id": 1495279941318893568, "text": "@WhoWouldWin13 What If Shao Kahn (Mortal Kombat) Try Conquer Planet Vegeta (Dragon Ball) Before Earthrealm"}, {"author_id": 1546260852, "id": 1495279512375992323, "text": "You can tell the makers of the mortal kombat movies had a deep hatred for the franchise based on Reptile\u2019s design. Wtf is this man"}, {"author_id": 1296188119306375169, "id": 1495279372349190144, "text": "RT @multiplechains: Being a Mortal Kombat fan is annoyingly painful why did Kung Jin have to go through everything it\u2019s homophobic"}, {"author_id": 744224988539006976, "id": 1495279270167560204, "text": "Mortal Kombat Mythologies: Sub-Zero - 100% [Playstation] in 33:45 by Sagat: https://t.co/p4N9s7xNFy"}, {"author_id": 1379463438666174466, "id": 1495279253616742406, "text": "Being a Mortal Kombat fan is annoyingly painful why did Kung Jin have to go through everything it\u2019s homophobic https://t.co/eWmxmtJOWD"}, {"author_id": 2818909989, "id": 1495279218934095876, "text": "RT @TASNoContext: Game: Mortal Kombat 3 (1995, SNES)\nTAS author: Dark Noob\nSource: https://t.co/4R8AzaWxB1\nSubmitted by: @/illegalmasseur h\u2026"}, {"author_id": 1278844658953736192, "id": 1495279115166965763, "text": "RT @TASNoContext: (Volume and flashing lights warning)\n\nGame: Ultimate Mortal Kombat Trilogy (Rom Hack, Genesis)\nTAS author: Rick Dangerous\u2026"}, {"author_id": 2818909989, "id": 1495278906986971143, "text": "RT @TASNoContext: (Volume and flashing lights warning)\n\nGame: Ultimate Mortal Kombat Trilogy (Rom Hack, Genesis)\nTAS author: Rick Dangerous\u2026"}, {"author_id": 520119354, "id": 1495278812967276548, "text": "Mortal Kombat was sheisty for giving Jax them lil ass robot arms \ud83e\udd23\ud83e\udd23"}, {"author_id": 963897709366333454, "id": 1495278433957556228, "text": "RT @DARUSSIANBADGER: god damn why am I so down bad for mileena I dont even play mortal kombat\n\nthis shit is so debilitating I cant even fin\u2026"}, {"author_id": 1246833403, "id": 1495277804534984705, "text": "Now playing Mortal Kombat by Pivot Gang, Kari Faux, Joseph Chilliams, Saba on WKNC."}, {"author_id": 744224988539006976, "id": 1495276751823552521, "text": "Mortal Kombat Mythologies: Sub-Zero - Any% [Playstation] in 32:14 by Sagat: https://t.co/cD3utEAnFG"}, {"author_id": 1073298113065033728, "id": 1495276692436185088, "text": "Goro's entrance music from Mortal Kombat (1995) starts playing in your head"}, {"author_id": 190173630, "id": 1495276206090067968, "text": "some dude got his ass kicked tonight in front of the street fighter and mortal kombat games and idk how he didn\u2019t see that coming"}, {"author_id": 1546260852, "id": 1495275945925693443, "text": "I\u2019m out here watching the newest mortal kombat movie"}, {"author_id": 1036546388417552386, "id": 1495275884936318976, "text": "RT @black_goddess0: Load All this on your PS4 for just 30k.\n1, fifa 22\n2, God of war latest\n3, mortal Kombat latest\n4, ghost of Tsushima\n5,\u2026"}, {"author_id": 3312809840, "id": 1495275869807464448, "text": "@dispregio isn't that the mortal kombat chick"}, {"author_id": 1456732838104113158, "id": 1495274821361537025, "text": "@AjaxLia_ I can. It's called mortal Kombat deadly alliance"}, {"author_id": 1421402211804876800, "id": 1495274296372961280, "text": "RT @FutureBoyWho2: Mortal Kombat Trilogy Remake Updated Baraka Model &amp; Liu Kang Storm Collectibles Liu Kang Figure Reveal @calactyte @minzy\u2026"}, {"author_id": 1493788442420912136, "id": 1495274256476766210, "text": "RT @WeAreMetaversal: Mortal Kombat will be available in less than 1 hour! #PegaxyScholarships #Play2Earn https://t.co/jBgrxb2Ndm"}, {"author_id": 1457584796255887361, "id": 1495272963721117698, "text": "@ShibaArchives Shaman King Inu, a project with great potential. VR game with usable NFT 3D, P2E, the token gives 2% to holders in any deal, burning the token. Mortal Kombat based and multiplayer, On the market cap 1 billion, there will be a Tesla award. #SHAMANKING #shamankinginu https://t.co/OwxaXeeE7i"}, {"author_id": 1406487685988950018, "id": 1495272893806112773, "text": "RT @Delalicious3: **Mortal Kombat 11 NSFW Animation**\n\n\"Mileena likes it rough\" \ud83d\ude29\ud83d\udca5\ud83c\udf46\ud83d\udca6\n\n\ud83c\udfa8 Animator: @PlusBestia\n\ud83d\udc71\u200d\u2642\ufe0f\ud83c\udf99Male Voice: @atticuntros\u2026"}, {"author_id": 1443034743860310018, "id": 1495272535549779972, "text": "@Musikavi1 @adamKDean @bigjoethedon @CardanoNoodz @willyboy193 @Jennycitalinda He's awesome every day! Looking like a Mortal Kombat character IRL, what a fkn BOSS"}, {"author_id": 1440635012, "id": 1495272283887357957, "text": "RT @GameMagPrintAds: Mortal Kombat for Sega CD\nSource: Electronic Entertainment 3 (March 1994)\nScan Source: RetroMags\n\n#retrogaming #sega h\u2026"}, {"author_id": 1021123045799464961, "id": 1495272238957875201, "text": "Check out my broadcast from my PlayStation 4! #PS4live (Mortal Kombat 11)  live at https://t.co/wJNwyf0u9J"}, {"author_id": 1090820246691180549, "id": 1495272049861742600, "text": "RT @KuruptSucks: Check out my broadcast from my PlayStation 4! #PS4live (Mortal Kombat XL)  live at https://t.co/kSZ0Iu9gSi"}, {"author_id": 370764713, "id": 1495271872224645126, "text": "@MandaTheGinger @sgitw @ditchdoc1228 And then folks started dancing the Macarena to the Mortal Kombat theme music."}, {"author_id": 862566030, "id": 1495270762587983873, "text": "@noobde @X_AZEEZ3 I really hope that in you guys is next injustice or Mortal Kombat game that interactables don't cost a bar to use."}, {"author_id": 451337625, "id": 1495270603837911046, "text": "Check out my broadcast from my PlayStation 4! #PS4live (Mortal Kombat 11)  live at https://t.co/UZBZo6GzJr"}, {"author_id": 3002323847, "id": 1495270369401270272, "text": "RT @benmekler: I must have mutuals with Channing Tatum. Please, whoever you are, ask him if he named his character Jackson Briggs in DOG af\u2026"}, {"author_id": 984638754835935232, "id": 1495270209678045185, "text": "I see they used the Mortal Kombat version of Leatherface"}, {"author_id": 1230867126, "id": 1495269990798299137, "text": "RT @TASNoContext: (Volume and flashing lights warning)\n\nGame: Ultimate Mortal Kombat Trilogy (Rom Hack, Genesis)\nTAS author: Rick Dangerous\u2026"}, {"author_id": 846926262, "id": 1495269098791440396, "text": "@w_a_y_n_e_x_Woo Bro did you know that She-Hulk was a part of the Fantastic 4. Technically 5 with the She-Hulk. Do you think she get a period? Or is she just as angry as the hulk or does that increase her power like a super move on mortal kombat?"}, {"author_id": 1188441260, "id": 1495269080516997121, "text": "@DullVivid Ya, like if mortal kombat had a crossover with legend of zelda just because it had a dark world but what if that dark world was that very tournament between dimensions"}, {"author_id": 560909343, "id": 1495268269523144705, "text": "February 20th 2022: I Have Officially Retired From Mortal Kombat."}, {"author_id": 735571281869996033, "id": 1495268180318642176, "text": "Rose from street fighter was my favorite. Same with Chun-Li. Mortal Kombat? Kitana, Jade and Li Mei."}, {"author_id": 1270515025736761350, "id": 1495267602112806915, "text": "Cassie Cage made lewd fanart of The official Mortal Kombat Twitter account EAT A FUCKING DICK."}, {"author_id": 1297254175, "id": 1495267040482918400, "text": "RT @azmibinanuar: Blind Mortal Kombat Pro Explains How He Plays Using Sound https://t.co/FHV7LylDwj"}, {"author_id": 97093096, "id": 1495266443658727424, "text": "@ashrobinqt Did you know Mortal Kombat was based on an old Scandinavian church song? It was a Finnish Hymm \ud83d\ude02"}, {"author_id": 18667798, "id": 1495266405029396481, "text": "Look it's been a while since I played Mortal Kombat and the graphics are quite something on the one we've got now."}, {"author_id": 1476707642454151170, "id": 1495266298477289474, "text": "RT @AjaxLia_: Love them both but Mileena literally carries Mortal Kombat for me. I know she's not that influential in story but still I can\u2026"}, {"author_id": 292751459, "id": 1495265987678990338, "text": "Check out my broadcast from my PlayStation 4! #PS4live (Mortal Kombat XL)  live at https://t.co/kSZ0Iu9gSi"}, {"author_id": 1490257861905108994, "id": 1495265927016898562, "text": "RT @sayman8293: @TheMoonCarl Shaman King Inu, a project with great potential. VR game with usable NFT 3D, P2E, the token gives 2% to holder\u2026"}, {"author_id": 1391528339660148737, "id": 1495265425633906688, "text": "RT @AjaxLia_: Love them both but Mileena literally carries Mortal Kombat for me. I know she's not that influential in story but still I can\u2026"}, {"author_id": 890260675267874816, "id": 1495265407183245316, "text": "RT @rdivizio: \"Kano Kola\"\nI updated my Klassic Mortal Kombat Behind the Scenes Kano Kola Commercial that I had done while filming Mortal Ko\u2026"}, {"author_id": 1184921625239658498, "id": 1495265021131120647, "text": "RT @HoodComedyEnt: Unc went from boxing to Mortal Kombat real quick \ud83d\ude02\ud83d\ude02 https://t.co/8RR6ytJBhi"}, {"author_id": 736225105492115456, "id": 1495264943062470657, "text": "Tho, I am not joking about liking Mortal Kombat for the lore.\n\nCuz, seriously the fatalities were not what grabbed me in first, it was the character designs and then the lore"}, {"author_id": 487658015, "id": 1495264549146185730, "text": "I've just finished watching a longplay of the first Mortal Kombat computer game."}, {"author_id": 736225105492115456, "id": 1495264539813691396, "text": "You know how people say they watch porn for the plot as a joke?\n\nWell, I play Mortal Kombat for the lore and not the fatalities"}, {"author_id": 983344909, "id": 1495263934353342466, "text": "@SxarletRed @CarcosaLobbyist He's auditioning for a part as a background character for 1995's Mortal Kombat."}, {"author_id": 1480320061470560264, "id": 1495263867949232133, "text": "RT @TASNoContext: (Volume and flashing lights warning)\n\nGame: Ultimate Mortal Kombat Trilogy (Rom Hack, Genesis)\nTAS author: Rick Dangerous\u2026"}, {"author_id": 1444512248425168897, "id": 1495263330864300032, "text": "Check out my broadcast from my PlayStation 4! #PS4live (Mortal Kombat XL)  live at https://t.co/OQ5LQIYmvJ"}, {"author_id": 2975801421, "id": 1495263166162522112, "text": "Coming to the conclusion that mortal kombat is kinda fun"}, {"author_id": 809634697546526720, "id": 1495263063745961985, "text": "RT @DARUSSIANBADGER: god damn why am I so down bad for mileena I dont even play mortal kombat\n\nthis shit is so debilitating I cant even fin\u2026"}, {"author_id": 1400998306189352969, "id": 1495263062160551945, "text": "The voice of Mortal Kombat!!!\nMore facts? https://t.co/qny3MSf9Fh \n\n#mortalkombat #finishhim #voiceover #canalvemderetro https://t.co/K4j6RdMqEg"}, {"author_id": 508127768, "id": 1495263009912016899, "text": "RT @bxbblegumbarbie: mortal kombat designers when the johnny cage character model is wearing a shirt  https://t.co/UUnhJAjF7A"}, {"author_id": 1334986929440514049, "id": 1495262594369605634, "text": "RT @TASNoContext: (Volume and flashing lights warning)\n\nGame: Ultimate Mortal Kombat Trilogy (Rom Hack, Genesis)\nTAS author: Rick Dangerous\u2026"}, {"author_id": 1107483699052974085, "id": 1495262015027388422, "text": "@mkdhartley Mortal Kombat? What\u2019s that"}, {"author_id": 3315363504, "id": 1495261261365317633, "text": "RT @TASNoContext: (Volume and flashing lights warning)\n\nGame: Ultimate Mortal Kombat Trilogy (Rom Hack, Genesis)\nTAS author: Rick Dangerous\u2026"}, {"author_id": 1455833721861328898, "id": 1495261226943016963, "text": "Help remake ultimate #MortalKombat 3 in unreal engine 5 by signing this petition on https://t.co/a2Pj3PndNK \n\nBen Bell: Kickstart Campaign for \nMortal Kombat Trilogy REMAKE with UE5 - Sign the Petition! https://t.co/ljlat0QhXx via @ChangeAUS"}, {"author_id": 902986143490117632, "id": 1495261095405428739, "text": "RT @azmibinanuar: Blind Mortal Kombat Pro Explains How He Plays Using Sound https://t.co/FHV7LylDwj"}, {"author_id": 898291575121301506, "id": 1495261004455833601, "text": "Beat Juno's ass in Mortal Kombat"}, {"author_id": 1220534589145223169, "id": 1495260197043855360, "text": "@SweetNAwful The original Mortal Kombat is top tier and I'll fight anyone who says different"}, {"author_id": 183853889, "id": 1495260149895860224, "text": "Darude shoulda done the mortal kombat theme"}, {"author_id": 1276004435202723840, "id": 1495259824531324929, "text": "RT @azmibinanuar: Blind Mortal Kombat Pro Explains How He Plays Using Sound https://t.co/FHV7LylDwj"}, {"author_id": 1156306655564509189, "id": 1495259651226718212, "text": "RT @DARUSSIANBADGER: god damn why am I so down bad for mileena I dont even play mortal kombat\n\nthis shit is so debilitating I cant even fin\u2026"}, {"author_id": 1063664025265942529, "id": 1495258800034656261, "text": "RT @videogamedeals: Free Ni no Kuni Wrath of the White Witch Remastered (PS4) by Mortal Kombat 4 at the Original Pinballz in Austin, TX. Pl\u2026"}]