[{"author_id": 468353228, "id": 1495288779133038592, "text": "RT @mcfc_lads: Phil Foden appears to have been involved in a fight which started with a man hitting his mother at a night club.\n\nFoden atte\u2026"}, {"author_id": 267584455, "id": 1495288678268092417, "text": "RT @mcfc_lads: Phil Foden appears to have been involved in a fight which started with a man hitting his mother at a night club.\n\nFoden atte\u2026"}, {"author_id": 1140247170399920128, "id": 1495288647217598466, "text": "RT @youthfmay: we finally know who pushed woong to go to yeonsu's house that night \ud83d\ude2d\ud83d\ude2d\n\nafter the ko-o event, woong's mother called him and\u2026"}, {"author_id": 793758534081060864, "id": 1495288074410016778, "text": "@JamesAl35488247 Good night. It was the Tribe Mother of the Mohawk who was trampled for peacefully protesting, she is hospitalised with a dislocated shoulder."}, {"author_id": 756179095369740288, "id": 1495287798760415242, "text": "@jzipple @megynkelly @CDCDirector KEEP UR CHILDREN OUT OF PUBLIC SCHOOLS! &amp; UR Child, will most probably, develop at their own rate! And turn out perfectly normal in the long run! Don\u2019t EVER label a child! I had a mother-in-law that thought there was my daughter needed braces for her feet! At night she cried\u2026"}, {"author_id": 1071854588767154178, "id": 1495287711871258626, "text": "Trust Mother Nature to sneak up on my like a thief in the night"}, {"author_id": 1331324300100591623, "id": 1495287489476628485, "text": "It is not my fault that after my mother&amp;I were abducted in 2019, I was\ud83d\udde3\ufe0fto discuss danger on my social sites as well as a certain type of\ud83d\udc6e\ud83c\udffd\u200d\u2640\ufe0f post.\n\nYeah, it's the Dodo.\n\nOh, you had a Dolo? Lil jump in\ud83d\ude99trick. Do you\ud83d\udc40 me having Johns through the night?\n\nEver saw my world protect? https://t.co/PtJugbhwa7"}, {"author_id": 2898523868, "id": 1495287353841418244, "text": "RT @youthfmay: we finally know who pushed woong to go to yeonsu's house that night \ud83d\ude2d\ud83d\ude2d\n\nafter the ko-o event, woong's mother called him and\u2026"}, {"author_id": 120331531, "id": 1495287340079763457, "text": "@auminer @RashellyGirl @TheyCallMeTomO1 I'll give you that, and I believe that with ALL my heart. However, I for one will NEVER disparage or minimize the Mother/Son relationship. I'm a Mother, I get it. Don't mess with Jesus' Mother. Good night! \ud83d\udc96"}, {"author_id": 559277274, "id": 1495287240481665024, "text": "RT @youthfmay: we finally know who pushed woong to go to yeonsu's house that night \ud83d\ude2d\ud83d\ude2d\n\nafter the ko-o event, woong's mother called him and\u2026"}, {"author_id": 4262871197, "id": 1495286717485658113, "text": "RT @Boogoid: Today is my 51st birthday, but my Mother is seriously ill and perhaps won't survive the night. For my birthday this year, I ju\u2026"}, {"author_id": 1466072073319723010, "id": 1495286712939032582, "text": "@CandyCrushSaga Hey can you guys help me out? My mother is addicted to candy crush she is like 11 thousand levels she plays it all day and all night for 10 years now\u2026"}, {"author_id": 1036293804800782346, "id": 1495285169670000643, "text": "Sometimes I wish a mother fucker would just to see if I still got it. These are my late night thoughts. I use to be pretty good at throwing hands but I kinda want to find out if I still got bombs \ud83d\ude02."}, {"author_id": 2163802723, "id": 1495285086044008448, "text": "In a Suffolk town, an uprooted girl wants to obey her mother's bewildering instructions. But when her family is  accused of crimes, she decides to go against her mother's wishes and seek justice for her family.  #historical #middlegrade https://t.co/kXvG41TGju"}, {"author_id": 1492195547461341184, "id": 1495284714714071043, "text": "RT @Oktaviani116: JUL-893 I can't tell my wife even if my mouth is torn, I can't say that I've conceived my mother-in-law ... -I forgot abo\u2026"}, {"author_id": 1404443814945726473, "id": 1495284675983515648, "text": "RT @Oktaviani116: JUL-893 I can't tell my wife even if my mouth is torn, I can't say that I've conceived my mother-in-law ... -I forgot abo\u2026"}, {"author_id": 1277087557562404864, "id": 1495284506236174337, "text": "RT @youthfmay: we finally know who pushed woong to go to yeonsu's house that night \ud83d\ude2d\ud83d\ude2d\n\nafter the ko-o event, woong's mother called him and\u2026"}, {"author_id": 1096932291513802753, "id": 1495284431484903429, "text": "RT @sajjad_m: I love the scene where Kanye visits his mother at night. She immediately knows how he feels and uplifts him from second 1. Ma\u2026"}, {"author_id": 1277857523727585280, "id": 1495284298492039170, "text": "RT @JamesMWilliam18: On the night Jackson was shot, he marched with his sister, mother, 82-year-old grandfather, and other protesters from\u2026"}, {"author_id": 705922692688453632, "id": 1495283184883355649, "text": "RT @ThatKevinSmith: Yesterday was my Mother-in-law Gail\u2019s birthday. So last night we threw a casino-themed dinner for her that gave way to\u2026"}, {"author_id": 1325330867162525696, "id": 1495283184803934208, "text": "RT @youthfmay: we finally know who pushed woong to go to yeonsu's house that night \ud83d\ude2d\ud83d\ude2d\n\nafter the ko-o event, woong's mother called him and\u2026"}, {"author_id": 1469795413641236482, "id": 1495283002028351492, "text": "@burnttogu i had an intense compulsion to play the mother and fast forward 8 years later to one night when i said \u201ci kinda wanna have 10 kids\u201d \ud83d\udc40"}, {"author_id": 1208118853407952896, "id": 1495282937876856832, "text": "RT @Oktaviani116: JUL-893 I can't tell my wife even if my mouth is torn, I can't say that I've conceived my mother-in-law ... -I forgot abo\u2026"}, {"author_id": 1373249181347876864, "id": 1495282326699450368, "text": "@EliseStefanik Though shalt not lie.  Your poor children.  What a horrific mother.  How do you sleep at night?"}, {"author_id": 1432673675090620418, "id": 1495282244642291712, "text": "RT @marybaeg: \u2728\u2728&lt;NEW DROP&gt; \u2728\u2728\n\u2728\u2728\u2728WIND SOUND2\u2728\u2728\u2728\non\ud83d\udd3c\u23fa\u23f9 @withFND!\ud83c\udf10\n\nIf you stand still, you can feel the summer breeze brushing your cheeks.\u2026"}, {"author_id": 1270286802864267267, "id": 1495281639722733570, "text": "RT @NdubuisiNwank18: #britain_let_biafra_go\n#dividenigerianowtosavelives.\nIn order for peace to reign let Biafrans go and serve their CHI a\u2026"}, {"author_id": 795186057583042560, "id": 1495280685279760387, "text": "RT @youthfmay: we finally know who pushed woong to go to yeonsu's house that night \ud83d\ude2d\ud83d\ude2d\n\nafter the ko-o event, woong's mother called him and\u2026"}, {"author_id": 1320458162, "id": 1495280580157906946, "text": "RT @mcfc_lads: Phil Foden appears to have been involved in a fight which started with a man hitting his mother at a night club.\n\nFoden atte\u2026"}, {"author_id": 2953277799, "id": 1495280328394436609, "text": "@BrightlyAgain If it had snowed that night, and he flipped his car multiple times, then why the hell hasn\u2019t he come out to defend his mother??"}, {"author_id": 1382204604000186368, "id": 1495279970972844033, "text": "i got up this morning at 5.35 am the dog left my bedroom at 10.40 pm the cat stayed with me all night i got some sleep not seen dad yet but hes poorly most mornings &amp; my mother is poorly most days so life is very difficult for me at times dads often moody &amp; so is my mother."}, {"author_id": 1085554418, "id": 1495279740621443072, "text": "RT @youthfmay: we finally know who pushed woong to go to yeonsu's house that night \ud83d\ude2d\ud83d\ude2d\n\nafter the ko-o event, woong's mother called him and\u2026"}, {"author_id": 1216442923975356417, "id": 1495279523864186881, "text": "RT @Ibnabimuhammad: My mother got me to start studying under a teacher. At night, my mother just to make my mindset would ask me \u2018Son, read\u2026"}, {"author_id": 1227204154205933570, "id": 1495279328141058053, "text": "RT @youthfmay: we finally know who pushed woong to go to yeonsu's house that night \ud83d\ude2d\ud83d\ude2d\n\nafter the ko-o event, woong's mother called him and\u2026"}, {"author_id": 1351243590035533829, "id": 1495279082715688960, "text": "of course my mother has to come swooping in and ruin my night"}, {"author_id": 1444675410340368385, "id": 1495278875672457216, "text": "@ThePollLady Yes. Lucky fellows. \n\nMy mother and my elder brother will do that.\n\nMy father and me are night owls."}, {"author_id": 1317501082424111105, "id": 1495278283575152643, "text": "RT @Twt4revo: Shwe Yee Win,2 yo kid,who was arrested more than 3 months ago along with her mother,Nyein Ei Phyo Kyaw,reportedly passed away\u2026"}, {"author_id": 1245797387957710848, "id": 1495275988090900481, "text": "RT @youthfmay: we finally know who pushed woong to go to yeonsu's house that night \ud83d\ude2d\ud83d\ude2d\n\nafter the ko-o event, woong's mother called him and\u2026"}, {"author_id": 3032140756, "id": 1495275312174989316, "text": "Oh, well, the Listener is the only person the Night Mother speaks to. It is the highest honor attainable by a member of the Dark Brotherhood"}, {"author_id": 1112618556, "id": 1495274883277901827, "text": "Best fight of the night involved Phil Foden's mother \ud83e\udd23 https://t.co/jzZgQeRBZP"}, {"author_id": 1375259473934045184, "id": 1495274836674981890, "text": "Me convincing my mother that I need to go to urgent care in the middle of the night \nHer solution is to get an iv tomorrow bc that solves everything yas"}, {"author_id": 1443495819156488195, "id": 1495274755837943810, "text": "RT @youthfmay: we finally know who pushed woong to go to yeonsu's house that night \ud83d\ude2d\ud83d\ude2d\n\nafter the ko-o event, woong's mother called him and\u2026"}, {"author_id": 827043384518856707, "id": 1495274611004428289, "text": "RT @LovesNotNumbers: GILLIAN \u201cJill\u201d DEMPSEY, mother of three, was a \u201cbeloved\u201d night shift nurse at Angliss Hospital in Melbourne\u2019s outer ea\u2026"}, {"author_id": 1295762614132387840, "id": 1495274594386657282, "text": "RT @youthfmay: we finally know who pushed woong to go to yeonsu's house that night \ud83d\ude2d\ud83d\ude2d\n\nafter the ko-o event, woong's mother called him and\u2026"}, {"author_id": 1263328169928486912, "id": 1495274453499924480, "text": "RT @youthfmay: we finally know who pushed woong to go to yeonsu's house that night \ud83d\ude2d\ud83d\ude2d\n\nafter the ko-o event, woong's mother called him and\u2026"}, {"author_id": 1203939164103700480, "id": 1495274280875028483, "text": "RT @Oktaviani116: JUL-893 I can't tell my wife even if my mouth is torn, I can't say that I've conceived my mother-in-law ... -I forgot abo\u2026"}, {"author_id": 324522168, "id": 1495273534188404740, "text": "RT @TheAfrican_Hub: Cameroon FA President Samuel Eto'o is officially declared the father of a 22 year old woman.\n\nWhen Eto\u2019o was at \ud83c\uddea\ud83c\uddf8 Real\u2026"}, {"author_id": 1364545009886720000, "id": 1495272190131900419, "text": "RT @Oktaviani116: JUL-893 I can't tell my wife even if my mouth is torn, I can't say that I've conceived my mother-in-law ... -I forgot abo\u2026"}, {"author_id": 1146692254850924545, "id": 1495271912137650176, "text": "RT @marybaeg: \u2728\u2728&lt;NEW DROP&gt; \u2728\u2728\n\u2728\u2728\u2728WIND SOUND2\u2728\u2728\u2728\non\ud83d\udd3c\u23fa\u23f9 @withFND!\ud83c\udf10\n\nIf you stand still, you can feel the summer breeze brushing your cheeks.\u2026"}, {"author_id": 1383732578541211652, "id": 1495271292823429128, "text": "RT @youthfmay: we finally know who pushed woong to go to yeonsu's house that night \ud83d\ude2d\ud83d\ude2d\n\nafter the ko-o event, woong's mother called him and\u2026"}, {"author_id": 1052570985872932864, "id": 1495271064888352769, "text": "even two years later, after namjoon had refused to follow in his father\u2019s footsteps as a naval officer, refused to follow through with the arranged marriage his mother had set for him, and stolen away in the night to run away from home."}, {"author_id": 1048707588794277889, "id": 1495270575652188160, "text": "RT @AfricaStoryLive: Samuel Eto'o is officially declared the father of a 22 year old woman. When he was a Real Madrid player, he met her mo\u2026"}, {"author_id": 1119861315965558784, "id": 1495270570274873348, "text": "RT @Oktaviani116: JUL-893 I can't tell my wife even if my mouth is torn, I can't say that I've conceived my mother-in-law ... -I forgot abo\u2026"}, {"author_id": 1065440468467539968, "id": 1495270332139118595, "text": "RT @youthfmay: we finally know who pushed woong to go to yeonsu's house that night \ud83d\ude2d\ud83d\ude2d\n\nafter the ko-o event, woong's mother called him and\u2026"}, {"author_id": 1215752164921864192, "id": 1495269850276831232, "text": "RT @Oktaviani116: JUL-893 I can't tell my wife even if my mouth is torn, I can't say that I've conceived my mother-in-law ... -I forgot abo\u2026"}, {"author_id": 744396049, "id": 1495269525041782786, "text": "So done with feeling emotionally drained and exhausted. I am not a perfect mother but I deserve to feel better than I do every night."}, {"author_id": 1398979429284474883, "id": 1495269519681789954, "text": "RT @youthfmay: we finally know who pushed woong to go to yeonsu's house that night \ud83d\ude2d\ud83d\ude2d\n\nafter the ko-o event, woong's mother called him and\u2026"}, {"author_id": 1360811619861753857, "id": 1495269460265279494, "text": "RT @Oktaviani116: JUL-893 I can't tell my wife even if my mouth is torn, I can't say that I've conceived my mother-in-law ... -I forgot abo\u2026"}, {"author_id": 1182244307832643585, "id": 1495269212935368709, "text": "RT @Claudrem: \"Hunny can you help momma out she forgot her pump at home and she really needs to be milked. I promise your dad wont find out\u2026"}, {"author_id": 1438092683809943557, "id": 1495269204882501635, "text": "RT @youthfmay: we finally know who pushed woong to go to yeonsu's house that night \ud83d\ude2d\ud83d\ude2d\n\nafter the ko-o event, woong's mother called him and\u2026"}, {"author_id": 350181437, "id": 1495269151203639296, "text": "RT @mcfc_lads: Phil Foden appears to have been involved in a fight which started with a man hitting his mother at a night club.\n\nFoden atte\u2026"}, {"author_id": 1406267640557961218, "id": 1495268553867800577, "text": "\ud83d\udea8\ud83d\udea8\ud83d\udea8\ud83d\udea8\ud83d\udea8\ud83d\udea8\ud83d\udea8\ud83d\udea8\ud83d\udea8\nAfter the loss against Tottenham .. Phil Foden appears in a controversial clip with his family in a night club, where his family got into a fight with a group of people and his mother was beaten in the clip!   Wild video involving Phil Foden, his mum.\n#Foden https://t.co/lxd9E4Z6Oa"}, {"author_id": 1403594388811489280, "id": 1495268507860226052, "text": "@art1ista @BajiPlease Yes, i am in same situation. I am living with my mother alone. She is not well at all. All the night I kept thinking if she is alright. Aur un ka room se un ka saan laina ki awaz sunta hu to relax feel kerta hu. Sometimes woh subah namaz ka lya uthati hai to phir mai sota hu."}, {"author_id": 1451037258149203969, "id": 1495268498750251010, "text": "donda west was a cool mother. kanye wants kim to be donda but she still stuck in the prom night."}, {"author_id": 1454543768959340544, "id": 1495268263647133696, "text": "RT @Oktaviani116: JUL-893 I can't tell my wife even if my mouth is torn, I can't say that I've conceived my mother-in-law ... -I forgot abo\u2026"}, {"author_id": 1355676777499209731, "id": 1495267891427508228, "text": "The mother of four cats told the little ones to avoid going outside at night due to the scary surroundings. One discruptive fluff ball named Bella decided to not listen and got caught in bushes. Eventually, a human child set the little one free and they learned their lesson. https://t.co/rWakVUkKCg"}, {"author_id": 3032140756, "id": 1495267763635785728, "text": "You of course know that the Night Mother is our Unholy Matron, the undying spirit of a great woman who birthed the children of Sithis."}, {"author_id": 1327315128140763137, "id": 1495267451147206656, "text": "RT @roguetaro: Mother Night \ud83d\udda4 Ty for the request  \n\n#hadesnsfw #nyx https://t.co/tPbLICFGiH"}, {"author_id": 1456974311806353411, "id": 1495267339792797697, "text": "RT @OBRAZY5: Night on a tropical island, covered with a starry blanket and the serene enjoyment of our mother Earth's cradle\ud83c\udf34\u2728 You also get\u2026"}, {"author_id": 3498584422, "id": 1495267011181613056, "text": "But of course, that terminology won't be used at home by non-American blacks. Because like with everyone else, black American culture is the person you spend the night with, not the one you take home to your mother."}, {"author_id": 293938742, "id": 1495267003883573248, "text": "RT @mcfc_lads: Phil Foden appears to have been involved in a fight which started with a man hitting his mother at a night club.\n\nFoden atte\u2026"}, {"author_id": 3648401423, "id": 1495266661334765574, "text": "in anycase.. i bid thee farewell...and remember...im 40 days away from the biggest night in the last 15 years of my life since my mother died. \n\nill explain tomorrow bout why i say this..\n\ngoodnight..."}, {"author_id": 3245234785, "id": 1495266635405574145, "text": "RT @youthfmay: we finally know who pushed woong to go to yeonsu's house that night \ud83d\ude2d\ud83d\ude2d\n\nafter the ko-o event, woong's mother called him and\u2026"}, {"author_id": 3084242344, "id": 1495264949098237955, "text": "@coleswindell @theashleycooke @Travis_Denning Great show as always!! Mother/Daughter night and I can't wait to use my new bar key at work tomorrow. Come see me @sidepocketswichita and I'll buy you a beer \ud83c\udf7a https://t.co/nSVjlWtO9T"}, {"author_id": 1239981797779427330, "id": 1495264863601532930, "text": "RT @RosanaB92331669: @ErikEstrada @Jenny79217656 @FTIMA41030175 @NiMiddle @Barbara16374700 @JanaZiegler4 @Number1Sandy @angel_heaven76 @Bec\u2026"}, {"author_id": 897909419996041218, "id": 1495263122520784903, "text": "RT @Boogoid: Today is my 51st birthday, but my Mother is seriously ill and perhaps won't survive the night. For my birthday this year, I ju\u2026"}, {"author_id": 907060866, "id": 1495262841225498624, "text": "@hunterrobhallIV @GamblinGauchos Your mother sells her body for money to men on the street corner of a shady neighborhood during late hours of the night. As does your grandmother,"}, {"author_id": 885984415150612480, "id": 1495262793670721537, "text": "RT @youthfmay: we finally know who pushed woong to go to yeonsu's house that night \ud83d\ude2d\ud83d\ude2d\n\nafter the ko-o event, woong's mother called him and\u2026"}, {"author_id": 1475261725264216066, "id": 1495262793662345216, "text": "RT @marybaeg: \u2728\u2728&lt;NEW DROP&gt; \u2728\u2728\n\u2728\u2728\u2728WIND SOUND2\u2728\u2728\u2728\non\ud83d\udd3c\u23fa\u23f9 @withFND!\ud83c\udf10\n\nIf you stand still, you can feel the summer breeze brushing your cheeks.\u2026"}, {"author_id": 1266879360641925122, "id": 1495262563319398402, "text": "RT @sajjad_m: I love the scene where Kanye visits his mother at night. She immediately knows how he feels and uplifts him from second 1. Ma\u2026"}, {"author_id": 1490618840878780419, "id": 1495260949879529474, "text": "RT @youthfmay: we finally know who pushed woong to go to yeonsu's house that night \ud83d\ude2d\ud83d\ude2d\n\nafter the ko-o event, woong's mother called him and\u2026"}, {"author_id": 562477885, "id": 1495260298130952194, "text": "@JoanneMason11 Joanne, I don\u2019t know you in real life, but I\u2019m a mother of grown children and can only imagine the depth of your never-ending ache right now. I like it when you tell us  things about your boy. Here\u2019s wishing you a good night\u2019s sleep."}, {"author_id": 3032140756, "id": 1495260211489419264, "text": "What?! WHO is the Night Mother?! Oohohoho! You jest, you jest with gullible Cicero."}, {"author_id": 26818442, "id": 1495259794050928641, "text": "My mother-in-law would made for a great Airbnb host. Last night, having a full house, @nimrek and I went across to her\u2019s for the night. This is her guest bedroom. https://t.co/zuS9KBYbmk"}, {"author_id": 1353551015711174656, "id": 1495259689894170628, "text": "RT @youthfmay: we finally know who pushed woong to go to yeonsu's house that night \ud83d\ude2d\ud83d\ude2d\n\nafter the ko-o event, woong's mother called him and\u2026"}, {"author_id": 1121754844921044992, "id": 1495259605055717376, "text": "RT @mcfc_lads: Phil Foden appears to have been involved in a fight which started with a man hitting his mother at a night club.\n\nFoden atte\u2026"}, {"author_id": 1369793282188992516, "id": 1495259094063759362, "text": "RT @The_City_HQ: A Video has emerged of Phil Foden being involved in a fight which started with a man hitting his mother at a night club. h\u2026"}, {"author_id": 1138158576, "id": 1495259036685586438, "text": "Gloria James (mother of LeBron James) brought her inaugural All-Star Experience to the State Theatre on Friday night, February 18, 2022. The show featured fashions by celebrity designer J. Bolin, and other Black designers, \nhttps://t.co/yQszgfSvM7"}, {"author_id": 1337635991280963585, "id": 1495258812202512385, "text": "RT @Oktaviani116: JUL-893 I can't tell my wife even if my mouth is torn, I can't say that I've conceived my mother-in-law ... -I forgot abo\u2026"}, {"author_id": 1369793282188992516, "id": 1495258386170056706, "text": "RT @mcfc_lads: Phil Foden appears to have been involved in a fight which started with a man hitting his mother at a night club.\n\nFoden atte\u2026"}, {"author_id": 236936222, "id": 1495256707529773057, "text": "I leave him with his mother for one night and get sent this\u2026 https://t.co/lrb9ss1muZ"}, {"author_id": 1482675333484916737, "id": 1495256683341578244, "text": "RT @Oktaviani116: JUL-893 I can't tell my wife even if my mouth is torn, I can't say that I've conceived my mother-in-law ... -I forgot abo\u2026"}, {"author_id": 238428848, "id": 1495256590550802436, "text": "7 years ago exactly was my first night as a mother. I had no idea what was 2 come. I took my girl out around the city today. She deserves so much and I work for her everyday. Without her lord knows where I would have ended up. Thank you sm 4 saving me Isa\ud83e\udd8b"}, {"author_id": 1949199739, "id": 1495255419526082560, "text": "RT @youthfmay: we finally know who pushed woong to go to yeonsu's house that night \ud83d\ude2d\ud83d\ude2d\n\nafter the ko-o event, woong's mother called him and\u2026"}, {"author_id": 624547462, "id": 1495255317789044737, "text": "RT @mcfc_lads: Phil Foden appears to have been involved in a fight which started with a man hitting his mother at a night club.\n\nFoden atte\u2026"}, {"author_id": 1416118247812894723, "id": 1495254966511886340, "text": "on opening night, i thought of my mother. i knew that if she could have been there with me, she would have been beaming. i did it, i wanted to tell her. we're both out of there."}, {"author_id": 2802092052, "id": 1495254440235970568, "text": "Any word sounds sweetest in your mother language, especially good night. So today, wish a good night to your near and dear ones in their mother tongue, making their night extra special.\n\n #springfit  #sleep #Internationalmotherlanguageday2022  #language #culture #UNESCO https://t.co/eU5q66gzcB"}, {"author_id": 167562255, "id": 1495254114359742469, "text": "RT @sajjad_m: I love the scene where Kanye visits his mother at night. She immediately knows how he feels and uplifts him from second 1. Ma\u2026"}, {"author_id": 840738937966477312, "id": 1495253955831648256, "text": "Night, mother of angels. https://t.co/NipZfeRaf5"}, {"author_id": 2896142000, "id": 1495253276148727810, "text": "Went to the wake of a friend\u2019s mother last night who died of cancer.\nEqually saddening is learning how dysfunctional PH government is, compared to our host government, in taking care of it\u2019s people. And to think that the deceased is not even a citizen, but a permanent resident.\ud83d\udc47\ud83c\udffc"}, {"author_id": 1385743216142659585, "id": 1495253100461965314, "text": "Whether you're a brother or whether you're a mother \nYou're stayin' aliiivvvveee\ud83d\udd7a\ud83d\udd7a\ud83d\udd7a\nhttps://t.co/jrg18Jqlq4"}]