[{"author_id": 981668304761901057, "id": 1494834463469101060, "text": "Best actor drama\nNicholas cage (leaving las vegas) (WINNER)\nRobert de niro (casino)\nRichard dryfuss (mr hollands opus)\nTom hanks (apollo 13)\nAnthony hopkins (nixon)"}, {"author_id": 3276754063, "id": 1494195897265111041, "text": "@boomshakamaui @FilmstoFilms_ Jesus Christ, Mr. Hollands Opus destroys me anytime I see it. I just turn into a puddle on the floor."}, {"author_id": 14624856, "id": 1494006778308308997, "text": "@SuseRichards Stakeout\nWhat About Bob?\nClose Encounters\nMr Hollands Opus\nAnother Stakeout"}, {"author_id": 3355097093, "id": 1493972193906208768, "text": "@SuseRichards Mr Hollands opus.\nSentimental film but he's awesome in it"}, {"author_id": 1118488453656797185, "id": 1492859550663421954, "text": "Eraserhead\nUncut Gems\nEvent Horizon \nThe Fly 2\n127 Hours\nMarley and me\nand topping the list is \"Its a Wonderful Life\" \nand \"Mr Hollands Opus\" https://t.co/gHSi9KXZFr"}]