[{"author_id": 34211212, "id": 1495285439829135362, "text": "@actordougjones @Local_706 Congratulations, Mr. Jones!\n\n\ud83c\udfb5 \"You are loved and you know you will never be alone!\" \ud83c\udfb6"}, {"author_id": 2377767540, "id": 1495284337859710983, "text": "Go well Mr Jones and Ms Burney https://t.co/kPF7DB0bKe"}, {"author_id": 1466976208185282560, "id": 1495283948447944705, "text": "RT @Imposter_Edits: Mr Jones was choked out, taken to a cell and stripped down to his boxers, and left alone in a holding cell\nThe ACLU got\u2026"}, {"author_id": 916016217269424130, "id": 1495283809113231361, "text": "RT @OurStorynLegacy: Frederick Jones African American inventor of refrigeration equipment used to transport food.\n\nSo every time you eat ic\u2026"}, {"author_id": 1174447724034502658, "id": 1495283667589025794, "text": "Frederick Jones African American inventor of refrigeration equipment used to transport food.\n\nSo every time you eat ice cream from the store, give praise to the Most High 4 giving this idea to Mr Jones\n#BlackExcellence #BlackHistoryMonth https://t.co/hmpmSBIg2N"}, {"author_id": 803066213437800448, "id": 1495283498835267587, "text": "RT @Imposter_Edits: Mr Jones was choked out, taken to a cell and stripped down to his boxers, and left alone in a holding cell\nThe ACLU got\u2026"}, {"author_id": 967565456935546881, "id": 1495283268412788738, "text": "RT @Imposter_Edits: Mr Jones was choked out, taken to a cell and stripped down to his boxers, and left alone in a holding cell\nThe ACLU got\u2026"}, {"author_id": 1066726455328088067, "id": 1495283108895203328, "text": "RT @Imposter_Edits: Mr Jones was choked out, taken to a cell and stripped down to his boxers, and left alone in a holding cell\nThe ACLU got\u2026"}, {"author_id": 36513063, "id": 1495282153411604485, "text": "RT @Imposter_Edits: Mr Jones was choked out, taken to a cell and stripped down to his boxers, and left alone in a holding cell\nThe ACLU got\u2026"}, {"author_id": 64261458, "id": 1495280191794462721, "text": "RT @Imposter_Edits: Mr Jones was choked out, taken to a cell and stripped down to his boxers, and left alone in a holding cell\nThe ACLU got\u2026"}, {"author_id": 867843077494452224, "id": 1495280010873253892, "text": "Kent Jones ft. Pitbull - Don't Mind - Mr. Worldwide"}, {"author_id": 355401485, "id": 1495279473528246274, "text": "RT @Imposter_Edits: Mr Jones was choked out, taken to a cell and stripped down to his boxers, and left alone in a holding cell\nThe ACLU got\u2026"}, {"author_id": 2555852160, "id": 1495277991626223616, "text": "Watch \u201cMr. Jones.\u201d The man-made famine in Ukraine in the 1930s called Holodomor gives context to Ukrainian resentment, distrust\u2026and yet another reason why uncomfortable history must be taught."}, {"author_id": 1495691484, "id": 1495277855722201089, "text": "@DH_PlantVillage @anneapplebaum Mr. Jones: Unmasking the cult of Stalin https://t.co/3w0oYZrs9N"}, {"author_id": 1102422829801168897, "id": 1495277854019309573, "text": "RT @Imposter_Edits: Mr Jones was choked out, taken to a cell and stripped down to his boxers, and left alone in a holding cell\nThe ACLU got\u2026"}, {"author_id": 891308920039407616, "id": 1495277718434426882, "text": "RT @Imposter_Edits: Mr Jones was choked out, taken to a cell and stripped down to his boxers, and left alone in a holding cell\nThe ACLU got\u2026"}, {"author_id": 23778971, "id": 1495277227478597634, "text": "RT @Imposter_Edits: Mr Jones was choked out, taken to a cell and stripped down to his boxers, and left alone in a holding cell\nThe ACLU got\u2026"}, {"author_id": 1018143415, "id": 1495276835353112586, "text": "RT @Imposter_Edits: Mr Jones was choked out, taken to a cell and stripped down to his boxers, and left alone in a holding cell\nThe ACLU got\u2026"}, {"author_id": 1347692714825969665, "id": 1495276417252163584, "text": "RT @Imposter_Edits: Mr Jones was choked out, taken to a cell and stripped down to his boxers, and left alone in a holding cell\nThe ACLU got\u2026"}, {"author_id": 914186067007250432, "id": 1495273827772743682, "text": "RT @Imposter_Edits: Mr Jones was choked out, taken to a cell and stripped down to his boxers, and left alone in a holding cell\nThe ACLU got\u2026"}, {"author_id": 1355785259686629380, "id": 1495273618065932292, "text": "RT @Imposter_Edits: Mr Jones was choked out, taken to a cell and stripped down to his boxers, and left alone in a holding cell\nThe ACLU got\u2026"}, {"author_id": 1432839346764275712, "id": 1495273318626254850, "text": "One of the most powerful scenes I have ever seen on television. And Orlando Jones for his trouble\u2026was rewarded by being fired.\n#BlackHistoryMonth \n#EnoughIsEnough \n#RecastTChalla Every child deserves a Hero \n\nMr. Anansi Funeral home scene!!! https://t.co/SIJPDte7Q6 via @YouTube"}, {"author_id": 1126314067868647425, "id": 1495272681469526018, "text": "RT @Imposter_Edits: Mr Jones was choked out, taken to a cell and stripped down to his boxers, and left alone in a holding cell\nThe ACLU got\u2026"}, {"author_id": 2409946686, "id": 1495272147714932739, "text": "RT @jennycohn1: 5/ Alex Jones (Mr. \u201cHillary is a Pedo\u201d) then yucked it up with Milo too. Again, this was AFTER Milo\u2019s remarks about pedophi\u2026"}, {"author_id": 52646302, "id": 1495272115221581824, "text": "@Deb_Champion I always think Alan Jones and Mr Toad https://t.co/1Zr6KVX8Zs"}, {"author_id": 66539980, "id": 1495271866784788480, "text": "RT @Imposter_Edits: Mr Jones was choked out, taken to a cell and stripped down to his boxers, and left alone in a holding cell\nThe ACLU got\u2026"}, {"author_id": 825431014554083330, "id": 1495271453276712962, "text": "RT @jennycohn1: 5/ Alex Jones (Mr. \u201cHillary is a Pedo\u201d) then yucked it up with Milo too. Again, this was AFTER Milo\u2019s remarks about pedophi\u2026"}, {"author_id": 1077603358964248577, "id": 1495270979240554498, "text": "RT @jennycohn1: 5/ Alex Jones (Mr. \u201cHillary is a Pedo\u201d) then yucked it up with Milo too. Again, this was AFTER Milo\u2019s remarks about pedophi\u2026"}, {"author_id": 55237845, "id": 1495270924274188290, "text": "RT @Imposter_Edits: Mr Jones was choked out, taken to a cell and stripped down to his boxers, and left alone in a holding cell\nThe ACLU got\u2026"}, {"author_id": 1896195181, "id": 1495270052764925953, "text": "RT @Imposter_Edits: Mr Jones was choked out, taken to a cell and stripped down to his boxers, and left alone in a holding cell\nThe ACLU got\u2026"}, {"author_id": 144046082, "id": 1495270031294275586, "text": "RT @Imposter_Edits: Mr Jones was choked out, taken to a cell and stripped down to his boxers, and left alone in a holding cell\nThe ACLU got\u2026"}, {"author_id": 234984498, "id": 1495269973354160137, "text": "RT @Imposter_Edits: Mr Jones was choked out, taken to a cell and stripped down to his boxers, and left alone in a holding cell\nThe ACLU got\u2026"}, {"author_id": 71464042, "id": 1495269897156321281, "text": "RT @jennycohn1: 5/ Alex Jones (Mr. \u201cHillary is a Pedo\u201d) then yucked it up with Milo too. Again, this was AFTER Milo\u2019s remarks about pedophi\u2026"}, {"author_id": 1359214310136942592, "id": 1495269844320718849, "text": "RT @Imposter_Edits: Mr Jones was choked out, taken to a cell and stripped down to his boxers, and left alone in a holding cell\nThe ACLU got\u2026"}, {"author_id": 14057737, "id": 1495269495903952898, "text": "RT @Imposter_Edits: Mr Jones was choked out, taken to a cell and stripped down to his boxers, and left alone in a holding cell\nThe ACLU got\u2026"}, {"author_id": 37725640, "id": 1495269466086813697, "text": "RT @jennycohn1: 5/ Alex Jones (Mr. \u201cHillary is a Pedo\u201d) then yucked it up with Milo too. Again, this was AFTER Milo\u2019s remarks about pedophi\u2026"}, {"author_id": 4534138094, "id": 1495269350592303104, "text": "RT @Imposter_Edits: Mr Jones was choked out, taken to a cell and stripped down to his boxers, and left alone in a holding cell\nThe ACLU got\u2026"}, {"author_id": 1483314709, "id": 1495269115044401154, "text": "RT @jennycohn1: 5/ Alex Jones (Mr. \u201cHillary is a Pedo\u201d) then yucked it up with Milo too. Again, this was AFTER Milo\u2019s remarks about pedophi\u2026"}, {"author_id": 1323654311126192130, "id": 1495268933766627330, "text": "RT @jennycohn1: 5/ Alex Jones (Mr. \u201cHillary is a Pedo\u201d) then yucked it up with Milo too. Again, this was AFTER Milo\u2019s remarks about pedophi\u2026"}, {"author_id": 766924884, "id": 1495268545944555524, "text": "RT @Imposter_Edits: Mr Jones was choked out, taken to a cell and stripped down to his boxers, and left alone in a holding cell\nThe ACLU got\u2026"}, {"author_id": 3103989758, "id": 1495267911476383751, "text": "RT @jennycohn1: 5/ Alex Jones (Mr. \u201cHillary is a Pedo\u201d) then yucked it up with Milo too. Again, this was AFTER Milo\u2019s remarks about pedophi\u2026"}, {"author_id": 2183113232, "id": 1495267809269530629, "text": "RT @Imposter_Edits: Mr Jones was choked out, taken to a cell and stripped down to his boxers, and left alone in a holding cell\nThe ACLU got\u2026"}, {"author_id": 24606358, "id": 1495267370914533376, "text": "RT @Imposter_Edits: Mr Jones was choked out, taken to a cell and stripped down to his boxers, and left alone in a holding cell\nThe ACLU got\u2026"}, {"author_id": 1445760379, "id": 1495267280300748802, "text": "RT @jennycohn1: 5/ Alex Jones (Mr. \u201cHillary is a Pedo\u201d) then yucked it up with Milo too. Again, this was AFTER Milo\u2019s remarks about pedophi\u2026"}, {"author_id": 609616577, "id": 1495266772059971585, "text": "RT @Imposter_Edits: Mr Jones was choked out, taken to a cell and stripped down to his boxers, and left alone in a holding cell\nThe ACLU got\u2026"}, {"author_id": 19590930, "id": 1495266608507494401, "text": "RT @jennycohn1: 5/ Alex Jones (Mr. \u201cHillary is a Pedo\u201d) then yucked it up with Milo too. Again, this was AFTER Milo\u2019s remarks about pedophi\u2026"}, {"author_id": 2757288822, "id": 1495266552190545925, "text": "RT @jennycohn1: 5/ Alex Jones (Mr. \u201cHillary is a Pedo\u201d) then yucked it up with Milo too. Again, this was AFTER Milo\u2019s remarks about pedophi\u2026"}, {"author_id": 1342500619140157443, "id": 1495266369285378049, "text": "I actually like the first Counting Crows album alot; but the best song on it isn't Round Here, or Mr. Jones, or even Anna Begins... it's this one:\n\nhttps://t.co/eAWrmUKCrS"}, {"author_id": 1938758232, "id": 1495266331834433544, "text": "RT @Imposter_Edits: Mr Jones was choked out, taken to a cell and stripped down to his boxers, and left alone in a holding cell\nThe ACLU got\u2026"}, {"author_id": 1296612288, "id": 1495266239551348737, "text": "RT @jennycohn1: 5/ Alex Jones (Mr. \u201cHillary is a Pedo\u201d) then yucked it up with Milo too. Again, this was AFTER Milo\u2019s remarks about pedophi\u2026"}, {"author_id": 559854283, "id": 1495265925272006656, "text": "RT @Imposter_Edits: Mr Jones was choked out, taken to a cell and stripped down to his boxers, and left alone in a holding cell\nThe ACLU got\u2026"}, {"author_id": 1217033150, "id": 1495265895735873547, "text": "RT @Imposter_Edits: Mr Jones was choked out, taken to a cell and stripped down to his boxers, and left alone in a holding cell\nThe ACLU got\u2026"}, {"author_id": 291256379, "id": 1495265799333941250, "text": "Mr. Jones https://t.co/DH0NMNs1hN"}, {"author_id": 4541535439, "id": 1495265492713435137, "text": "5/ Alex Jones (Mr. \u201cHillary is a Pedo\u201d) then yucked it up with Milo too. Again, this was AFTER Milo\u2019s remarks about pedophilia. https://t.co/11gym99VaC"}, {"author_id": 1036276542, "id": 1495264888456835072, "text": "RT @Imposter_Edits: Mr Jones was choked out, taken to a cell and stripped down to his boxers, and left alone in a holding cell\nThe ACLU got\u2026"}, {"author_id": 2891308121, "id": 1495264588803100681, "text": "RT @Imposter_Edits: Mr Jones was choked out, taken to a cell and stripped down to his boxers, and left alone in a holding cell\nThe ACLU got\u2026"}, {"author_id": 224399701, "id": 1495264387162009602, "text": "RT @Imposter_Edits: Mr Jones was choked out, taken to a cell and stripped down to his boxers, and left alone in a holding cell\nThe ACLU got\u2026"}, {"author_id": 799836103603847168, "id": 1495264359043543040, "text": "RT @Imposter_Edits: Mr Jones was choked out, taken to a cell and stripped down to his boxers, and left alone in a holding cell\nThe ACLU got\u2026"}, {"author_id": 63003476, "id": 1495264082597154819, "text": "RT @Imposter_Edits: Mr Jones was choked out, taken to a cell and stripped down to his boxers, and left alone in a holding cell\nThe ACLU got\u2026"}, {"author_id": 1081332826409222144, "id": 1495263522267320324, "text": "RT @Imposter_Edits: Mr Jones was choked out, taken to a cell and stripped down to his boxers, and left alone in a holding cell\nThe ACLU got\u2026"}, {"author_id": 803283776885268480, "id": 1495263447759552513, "text": "RT @Imposter_Edits: Mr Jones was choked out, taken to a cell and stripped down to his boxers, and left alone in a holding cell\nThe ACLU got\u2026"}, {"author_id": 2953823577, "id": 1495263014953664522, "text": "RT @PeterDupree8: Mr. Jones, Holomodor, George Orwell, Animal Farm.  Mr. Jones de film \ud83d\udc4d"}, {"author_id": 334099687, "id": 1495262556096643073, "text": "RT @Imposter_Edits: Mr Jones was choked out, taken to a cell and stripped down to his boxers, and left alone in a holding cell\nThe ACLU got\u2026"}, {"author_id": 1479646340816777218, "id": 1495261555897864192, "text": "RT @Imposter_Edits: Mr Jones was choked out, taken to a cell and stripped down to his boxers, and left alone in a holding cell\nThe ACLU got\u2026"}, {"author_id": 742842773024346113, "id": 1495261550088581123, "text": "RT @Imposter_Edits: Mr Jones was choked out, taken to a cell and stripped down to his boxers, and left alone in a holding cell\nThe ACLU got\u2026"}, {"author_id": 134584379, "id": 1495261299839848449, "text": "RT @Imposter_Edits: Mr Jones was choked out, taken to a cell and stripped down to his boxers, and left alone in a holding cell\nThe ACLU got\u2026"}, {"author_id": 132535895, "id": 1495261127399419905, "text": "RT @Imposter_Edits: Mr Jones was choked out, taken to a cell and stripped down to his boxers, and left alone in a holding cell\nThe ACLU got\u2026"}, {"author_id": 1085306994, "id": 1495260956108238851, "text": "Happy heavenly birthday Mr Jones\nMissed and loved everyday \nTill we meet again #MOT \ud83d\udc99\ud83d\udc9b https://t.co/5zAephJTEu"}, {"author_id": 575429678, "id": 1495260301968785412, "text": "RT @Imposter_Edits: Mr Jones was choked out, taken to a cell and stripped down to his boxers, and left alone in a holding cell\nThe ACLU got\u2026"}, {"author_id": 1450629606919348229, "id": 1495260221123481600, "text": "@scarybanjo i wanna kiss mr jones !!!"}, {"author_id": 910004101240446976, "id": 1495259898094882816, "text": "RT @Imposter_Edits: Mr Jones was choked out, taken to a cell and stripped down to his boxers, and left alone in a holding cell\nThe ACLU got\u2026"}, {"author_id": 30130714, "id": 1495259686613893121, "text": "RT @Imposter_Edits: Mr Jones was choked out, taken to a cell and stripped down to his boxers, and left alone in a holding cell\nThe ACLU got\u2026"}, {"author_id": 199796064, "id": 1495259506837651458, "text": "RT @Imposter_Edits: Mr Jones was choked out, taken to a cell and stripped down to his boxers, and left alone in a holding cell\nThe ACLU got\u2026"}, {"author_id": 779884242046164992, "id": 1495259314705121280, "text": "RT @Imposter_Edits: Mr Jones was choked out, taken to a cell and stripped down to his boxers, and left alone in a holding cell\nThe ACLU got\u2026"}, {"author_id": 110815291, "id": 1495259258509832195, "text": "RT @Imposter_Edits: Mr Jones was choked out, taken to a cell and stripped down to his boxers, and left alone in a holding cell\nThe ACLU got\u2026"}, {"author_id": 880629474286419968, "id": 1495259247243759621, "text": "RT @Imposter_Edits: Mr Jones was choked out, taken to a cell and stripped down to his boxers, and left alone in a holding cell\nThe ACLU got\u2026"}, {"author_id": 1126402357, "id": 1495258781177028612, "text": "RT @Imposter_Edits: Mr Jones was choked out, taken to a cell and stripped down to his boxers, and left alone in a holding cell\nThe ACLU got\u2026"}, {"author_id": 397498208, "id": 1495258726529384457, "text": "I wonder if they ever caught Mr. Jones"}, {"author_id": 246072365, "id": 1495258486262972418, "text": "Jim Richter - Mr. Kool (feat. John Rathbone, Jack Jones, Chris Otts, &amp; Michael https://t.co/Z3HfUDmIWH"}, {"author_id": 851873503326474240, "id": 1495257938268667904, "text": "RT @Imposter_Edits: Mr Jones was choked out, taken to a cell and stripped down to his boxers, and left alone in a holding cell\nThe ACLU got\u2026"}, {"author_id": 142302241, "id": 1495256576772513796, "text": "RT @Imposter_Edits: Mr Jones was choked out, taken to a cell and stripped down to his boxers, and left alone in a holding cell\nThe ACLU got\u2026"}, {"author_id": 1267145548177563648, "id": 1495256141298819073, "text": "RT @MdBreathe: Mr Jones is out of the ICU! https://t.co/sZKvzud83J via @Change Please sign and share so patients stop being denied the righ\u2026"}, {"author_id": 1094125542, "id": 1495255852235767811, "text": "RT @Imposter_Edits: Mr Jones was choked out, taken to a cell and stripped down to his boxers, and left alone in a holding cell\nThe ACLU got\u2026"}, {"author_id": 302783968, "id": 1495255586711404545, "text": "RT @Imposter_Edits: Mr Jones was choked out, taken to a cell and stripped down to his boxers, and left alone in a holding cell\nThe ACLU got\u2026"}, {"author_id": 4568994033, "id": 1495254724215558144, "text": "RT @Imposter_Edits: Mr Jones was choked out, taken to a cell and stripped down to his boxers, and left alone in a holding cell\nThe ACLU got\u2026"}, {"author_id": 714873542261743616, "id": 1495254647598112769, "text": "RT @Imposter_Edits: Mr Jones was choked out, taken to a cell and stripped down to his boxers, and left alone in a holding cell\nThe ACLU got\u2026"}, {"author_id": 43988964, "id": 1495254244286468097, "text": "RT @Imposter_Edits: Mr Jones was choked out, taken to a cell and stripped down to his boxers, and left alone in a holding cell\nThe ACLU got\u2026"}, {"author_id": 18538183, "id": 1495253151913586691, "text": "RT @Imposter_Edits: Mr Jones was choked out, taken to a cell and stripped down to his boxers, and left alone in a holding cell\nThe ACLU got\u2026"}, {"author_id": 2949964384, "id": 1495253097085648896, "text": "RT @PeterDupree8: Mr. Jones, Holomodor, George Orwell, Animal Farm.  Mr. Jones de film \ud83d\udc4d"}, {"author_id": 1465278067, "id": 1495253037559996416, "text": "RT @Imposter_Edits: Mr Jones was choked out, taken to a cell and stripped down to his boxers, and left alone in a holding cell\nThe ACLU got\u2026"}, {"author_id": 3114137166, "id": 1495252322288611328, "text": "@Warriors_SSMS @kvia I want to thank admin that have made an impact on https://t.co/ZICtmhsJAk Bert Sherwood who took a chance on me, Mrs Clarice Jones, @rvegab_TISD @Warriors_SSMS @AAcosta_OHS @dcole_CFTJHS @payala_BMES.Thank you for your belief in me and for making a difference. https://t.co/hUmIEwVOK4"}, {"author_id": 2263370412, "id": 1495251353656078339, "text": "RT @Imposter_Edits: Mr Jones was choked out, taken to a cell and stripped down to his boxers, and left alone in a holding cell\nThe ACLU got\u2026"}, {"author_id": 742085711466106880, "id": 1495251319187075075, "text": "RT @Imposter_Edits: Mr Jones was choked out, taken to a cell and stripped down to his boxers, and left alone in a holding cell\nThe ACLU got\u2026"}, {"author_id": 1177069435913457664, "id": 1495251178862559232, "text": "@Route_60plus Mr.Jones"}, {"author_id": 264483067, "id": 1495251152467808261, "text": "RT @Imposter_Edits: Mr Jones was choked out, taken to a cell and stripped down to his boxers, and left alone in a holding cell\nThe ACLU got\u2026"}, {"author_id": 114503160, "id": 1495250712640593922, "text": "@dpatrikarakos @LevHavryliv @anneapplebaum Watch the movie Mr. Jones directed by Agnieszka Holland."}]