[{"author_id": 353783857, "id": 1495284383770570755, "text": "Mr. Wonderful....common spelling. https://t.co/8RQSmuG5KH"}, {"author_id": 1459331341716049926, "id": 1495283761868533761, "text": "RT @GloriosoYmc: #BOYCOTTMZETxAPTxGMA349\nHave A Blessed Sunday and Wonderful Sunday Mr&amp;Mrs. Faulkerson Jr. Enjoy Your Family Day With The K\u2026"}, {"author_id": 1364998157499830281, "id": 1495283094340919297, "text": "@JoeNewberry The pleasure was ours. \ud83d\udc99\ud83d\udc99 \n\nTo anyone who may see this, please take the time to see Mr. Newberry live, should the opportunity present itself. Wonderful stories, beautiful music.\n\nAnd who knows, you may find you have mutual acquaintances as well. \ud83d\ude05\ud83d\ude0a"}, {"author_id": 4715734154, "id": 1495281954085691396, "text": "RT @GloriosoYmc: #BOYCOTTMZETxAPTxGMA349\nHave A Blessed Sunday and Wonderful Sunday Mr&amp;Mrs. Faulkerson Jr. Enjoy Your Family Day With The K\u2026"}, {"author_id": 1014844473958916098, "id": 1495281262440898560, "text": "RT @wispexe: @Jacksepticeye but Sean, your Mr. Brightside vocals sounded wonderful in the car"}, {"author_id": 1492028804407173153, "id": 1495280316960985089, "text": "RT @mrsandman996: @alburnini @VoltInuOfficial @elonmusk @richardbranson @JeffBezos How about \"Mr.Wonderful\" Shark Tank's #KevinOLeary \nhe l\u2026"}, {"author_id": 356857620, "id": 1495279579321278465, "text": "RT @CCA_Band: Thank you everyone who helped out today to make the CCAMS Honor Band a GREAT success.  Way to go Ms  Hill &amp; Mr Copeland on pu\u2026"}, {"author_id": 2894609140, "id": 1495276790276771840, "text": "RT @wispexe: @Jacksepticeye but Sean, your Mr. Brightside vocals sounded wonderful in the car"}, {"author_id": 3237611533, "id": 1495272708573065217, "text": "@KitsuneRever @MeidasNoly @Boltwvan @always_vote @AHousefather @CanadaMoments @TwitterSupport I think Ontario might have recall legislation (Bill 39 Recall Act?). Mr. Hillier thought it was a wonderful idea when he promoted it."}, {"author_id": 1494928582598029314, "id": 1495272281085337603, "text": "RT @Abhi_0033: Yesterday my wife @LustyTara saw a stranger @Jack__The_BULL at bar.  Instantly i understand her need &amp; approach the stranger\u2026"}, {"author_id": 123299151, "id": 1495271543613673474, "text": "RT @BetoMedia: Beto on the Border - HARLINGEN - 1\n\u201cSo you see, we have Mr Beto O\u2019Rourke in the house.\u201d\n\nBeautiful sunset and a big enthusia\u2026"}, {"author_id": 878617410684674048, "id": 1495270611672653827, "text": "RT @GloriosoYmc: #BOYCOTTMZETxAPTxGMA349\nHave A Blessed Sunday and Wonderful Sunday Mr&amp;Mrs. Faulkerson Jr. Enjoy Your Family Day With The K\u2026"}, {"author_id": 1445077810880684033, "id": 1495269849773535233, "text": "RT @Abhi_0033: Yesterday my wife @LustyTara saw a stranger @Jack__The_BULL at bar.  Instantly i understand her need &amp; approach the stranger\u2026"}, {"author_id": 975294396, "id": 1495267846523346946, "text": "@ROOKiEZ_7_26 @ve1cra Sounds wonderful!!!  May it reach Mr. Berukura"}, {"author_id": 1357350610392252419, "id": 1495265945543188489, "text": "RT @NOIweala: It is wonderful to work together with @DrEOEhanire and MOH team, @AminaJMohammed @akin_adesina and Muhammad Pate to push for\u2026"}, {"author_id": 329589290, "id": 1495264916173107200, "text": "RT @PRAKASHGAURAV: A Wonderful Actor , Who wants to be known as a Poet ,Mr @rajeshtailang at our Bookstore for a book reading session of hi\u2026"}, {"author_id": 1405801779380424705, "id": 1495264784635527168, "text": "RT @GloriosoYmc: #BOYCOTTMZETxAPTxGMA349\nHave A Blessed Sunday and Wonderful Sunday Mr&amp;Mrs. Faulkerson Jr. Enjoy Your Family Day With The K\u2026"}, {"author_id": 316141372, "id": 1495264546029805568, "text": "Thank you everyone who helped out today to make the CCAMS Honor Band a GREAT success.  Way to go Ms  Hill &amp; Mr Copeland on putting together a wonderful day for these students.#yayband https://t.co/QFINowxGln"}, {"author_id": 3643768754, "id": 1495262695133646852, "text": "RT @GloriosoYmc: #BOYCOTTMZETxAPTxGMA349\nHave A Blessed Sunday and Wonderful Sunday Mr&amp;Mrs. Faulkerson Jr. Enjoy Your Family Day With The K\u2026"}, {"author_id": 1235823422, "id": 1495262515764334592, "text": "RT @TheSteamVerse: Mr. Wonderful as a steampunk pirate!\ud83d\ude0d @kevinolearytv thank you for all you do for the #crypto and #NFTcommunity, we appr\u2026"}, {"author_id": 1168126661377658880, "id": 1495261858793590784, "text": "RT @SNSMT: Congratulate the supremely talented Ms. @amritat Mr. @abhiloquacious and Dr. @netshrink for this wonderful body of work. The for\u2026"}, {"author_id": 721398295, "id": 1495261239278252032, "text": "Mr. @KaitlinButts is wonderful"}, {"author_id": 4294203440, "id": 1495260359225192452, "text": "RT @BetoMedia: Beto on the Border - HARLINGEN - 1\n\u201cSo you see, we have Mr Beto O\u2019Rourke in the house.\u201d\n\nBeautiful sunset and a big enthusia\u2026"}, {"author_id": 478872397, "id": 1495258486434893827, "text": "RT @NOIweala: It is wonderful to work together with @DrEOEhanire and MOH team, @AminaJMohammed @akin_adesina and Muhammad Pate to push for\u2026"}, {"author_id": 4765848672, "id": 1495255922330898434, "text": "RT @BetoMedia: Beto on the Border - HARLINGEN - 1\n\u201cSo you see, we have Mr Beto O\u2019Rourke in the house.\u201d\n\nBeautiful sunset and a big enthusia\u2026"}, {"author_id": 1241838888726851585, "id": 1495253879243481089, "text": "@nazani14 @UnitedSpaceCats @Piiiiii The spider kitties crawl over me all night. Wonderful little babies. My oldest cat, Mr Sunny gets along with the new kittens. Second oldest, Patches, took several days of hissing and growling before accepting them. Oreo not sure what to do. https://t.co/Y6g1cKJFsg"}, {"author_id": 1350532734159114241, "id": 1495252463783346176, "text": "Mr. House is out of the picture and you have the Platinum Chip? Wonderful! Let's go!"}, {"author_id": 1965344522, "id": 1495249951961530372, "text": "RT @BetoMedia: Beto on the Border - HARLINGEN - 1\n\u201cSo you see, we have Mr Beto O\u2019Rourke in the house.\u201d\n\nBeautiful sunset and a big enthusia\u2026"}, {"author_id": 69475262, "id": 1495249855182213125, "text": "RT @BetoMedia: Beto on the Border - HARLINGEN - 1\n\u201cSo you see, we have Mr Beto O\u2019Rourke in the house.\u201d\n\nBeautiful sunset and a big enthusia\u2026"}, {"author_id": 1092016374308892672, "id": 1495249058708873219, "text": "RT @GloriosoYmc: #BOYCOTTMZETxAPTxGMA349\nHave A Blessed Sunday and Wonderful Sunday Mr&amp;Mrs. Faulkerson Jr. Enjoy Your Family Day With The K\u2026"}, {"author_id": 1452726635925577730, "id": 1495248659885273093, "text": "RT @BetoMedia: Beto on the Border - HARLINGEN - 1\n\u201cSo you see, we have Mr Beto O\u2019Rourke in the house.\u201d\n\nBeautiful sunset and a big enthusia\u2026"}, {"author_id": 1432016832404230144, "id": 1495248581283827712, "text": "RT @sarwarsuman: #Minamata is a wonderful movie to watch. This type of movie is much needed at this time of #Industrial #Pollution. Deep re\u2026"}, {"author_id": 1360818256265678849, "id": 1495247980298866689, "text": "RT @GloriosoYmc: #BOYCOTTMZETxAPTxGMA349\nHave A Blessed Sunday and Wonderful Sunday Mr&amp;Mrs. Faulkerson Jr. Enjoy Your Family Day With The K\u2026"}, {"author_id": 85166678, "id": 1495247961483264003, "text": "Mr. Wonderful??? https://t.co/T1mLnRIT6t"}, {"author_id": 732755657166888960, "id": 1495247792628981762, "text": "RT @BetoMedia: Beto on the Border - HARLINGEN - 1\n\u201cSo you see, we have Mr Beto O\u2019Rourke in the house.\u201d\n\nBeautiful sunset and a big enthusia\u2026"}, {"author_id": 1373247905562292228, "id": 1495247014820515848, "text": "BUT IT\u2019S WONDERFUL TO SEE THAT IT NEVER PHASED YOU!!!!!!!! GOODBYE MR PERFECTLY FINE!!!!!!"}, {"author_id": 3162864433, "id": 1495246762805760005, "text": "RT @USCGLahore: Thank you to Mr. Gilani for the wonderful hospitality and making my visit to Multan a memorable one. \u2013 CG Makaneole \n\n#CGMa\u2026"}, {"author_id": 1277419969471528968, "id": 1495246634669723654, "text": "@GanniTonya @PickleMrs @smashli1228 @mariettad9 @ProjectSarllo @mr_JasonW @BootsChantilly @BluDogAnchorite @MansplainingAb1 @manicz0mbie @MollyBrown28 @melJsaysso @Poopshit__ @beethovengal @carhapoy @DavidFaragalli @Kittie_Svengali @JaneKn0wsBest @RonCole80482262 @AliveandVaxxed @happyheathen01 @ponygirl923 @Mckenzi79691567 @Kuntrella @NorthTexaguy @Peonyttylxox @KStarlight21 @glimmer517 Yes, we all know that.\ud83d\ude44 women can be abusive. They can also be loving and wonderful."}, {"author_id": 780605387506524161, "id": 1495246478834638848, "text": "RT @BetoMedia: Beto on the Border - HARLINGEN - 1\n\u201cSo you see, we have Mr Beto O\u2019Rourke in the house.\u201d\n\nBeautiful sunset and a big enthusia\u2026"}, {"author_id": 549908385, "id": 1495244747618885636, "text": "@Ranal55 @BenPartain1961 @SpeakerRepeater @NazNt1786 @textsymbols_ @MhlCharity @wannawincompo @sulaiman_jawad @JoJo46elmo @Dytig It's a pleasure read your tweets Mr. Canal, have a wonderful weekend everyone!?!! https://t.co/TUeQdRnNhJ"}, {"author_id": 1196152096384380928, "id": 1495243991239073792, "text": "@cookiesqueen33 @born_sooner @LARRYIRBY6 @JPrattle @snoopdemidogg @redrum_coke @Samurai_Sm0ke @stobywan @Sunalei2 @Godzmazter @_jena4n @EmeraldZoo @QUEENDIVA420 @Mr_BurnDatloud2 @BFO5O6_v2 @ZenWillows @deJager420 @GodsMoron @SoulofNecro @Hippie_of_Love Wonderful to hear\ud83d\udc9a\ud83c\udf3f\ud83e\udd66\nMore than happy to help, Fam\n\u270c\ufe0f\ud83d\udc9a\ud83c\udf3f\ud83e\udd66\ud83c\udf2c\ud83d\udca8\ud83d\udd25\ud83c\udfb6\ud83d\udd25\ud83d\udca8"}, {"author_id": 1112711088821301248, "id": 1495243556482473984, "text": "RT @GloriosoYmc: #BOYCOTTMZETxAPTxGMA349\nHave A Blessed Sunday and Wonderful Sunday Mr&amp;Mrs. Faulkerson Jr. Enjoy Your Family Day With The K\u2026"}, {"author_id": 823616655465074691, "id": 1495242541846913030, "text": "RT @BetoMedia: Beto on the Border - HARLINGEN - 1\n\u201cSo you see, we have Mr Beto O\u2019Rourke in the house.\u201d\n\nBeautiful sunset and a big enthusia\u2026"}, {"author_id": 921563109705203713, "id": 1495242216285294593, "text": "RT @GloriosoYmc: #BOYCOTTMZETxAPTxGMA348 \nHave A Great and Wonderful Evening Good Night Sweet Dreams Keep Stronger Together I Always Prayin\u2026"}, {"author_id": 823307245605756928, "id": 1495240932484124673, "text": "RT @BetoMedia: Beto on the Border - HARLINGEN - 1\n\u201cSo you see, we have Mr Beto O\u2019Rourke in the house.\u201d\n\nBeautiful sunset and a big enthusia\u2026"}, {"author_id": 390957441, "id": 1495240533115080704, "text": "RT @Lola_n_Peggy: Hi friends \ud83e\udd17 Big Peg here - Dad took us out to see Zoomie King Mr Horse \ud83d\udc0e He was busy eating his breakfast \ud83d\ude09 so no zoomie\u2026"}, {"author_id": 2879722351, "id": 1495240442119475200, "text": "RT @SNSMT: Congratulate the supremely talented Ms. @amritat Mr. @abhiloquacious and Dr. @netshrink for this wonderful body of work. The for\u2026"}, {"author_id": 1480081046515249152, "id": 1495238812972519430, "text": "RT @sanjayrsinghal1: @KellceySchwartz TALES OF THE NIGHT WATCHMAN\nhttps://t.co/DGGwWFZyK1\n\"#Horror #fiction in the grand tradition of MR Ja\u2026"}, {"author_id": 4424486172, "id": 1495238788184002561, "text": "RT @sanjayrsinghal1: @KellceySchwartz TALES OF THE NIGHT WATCHMAN\nhttps://t.co/DGGwWFZyK1\n\"#Horror #fiction in the grand tradition of MR Ja\u2026"}, {"author_id": 1215470708173627392, "id": 1495238415520268291, "text": "RT @GloriosoYmc: #BOYCOTTMZETxAPTxGMA349\nHave A Blessed Sunday and Wonderful Sunday Mr&amp;Mrs. Faulkerson Jr. Enjoy Your Family Day With The K\u2026"}, {"author_id": 863591950586269696, "id": 1495237528676298753, "text": "RT @BetoMedia: Beto on the Border - HARLINGEN - 1\n\u201cSo you see, we have Mr Beto O\u2019Rourke in the house.\u201d\n\nBeautiful sunset and a big enthusia\u2026"}, {"author_id": 1052519189989269504, "id": 1495237432186388482, "text": "Kevin O&amp;#x2019;Leary, aka Mr. Wonderful, has shared what he thinks the price of bitcoin will be in the coming years. He said when institutions get the go-a...Read more: https://t.co/ymvicxe21R"}, {"author_id": 428548058, "id": 1495236947689684996, "text": "RT @BetoMedia: Beto on the Border - HARLINGEN - 1\n\u201cSo you see, we have Mr Beto O\u2019Rourke in the house.\u201d\n\nBeautiful sunset and a big enthusia\u2026"}, {"author_id": 1487286381911154695, "id": 1495236615375048708, "text": "@LostArt_jpg don't let that bastard discourage you Mr.Bunky. He missed out on a talented artist and wonderful guy! next thing you know he'll be crawling back to you when he's suffering an unhappy relationship and you can spit in his face, as you've ended up in a happy relationship. :)"}, {"author_id": 921563109705203713, "id": 1495236028596064258, "text": "RT @GloriosoYmc: #BOYCOTTMZETxAPTxGMA349\nHave A Blessed Sunday and Wonderful Sunday Mr&amp;Mrs. Faulkerson Jr. Enjoy Your Family Day With The K\u2026"}, {"author_id": 1409663850757066757, "id": 1495235370136453120, "text": "RT @TheSteamVerse: Mr. Wonderful as a steampunk pirate!\ud83d\ude0d @kevinolearytv thank you for all you do for the #crypto and #NFTcommunity, we appr\u2026"}, {"author_id": 1140881537283633153, "id": 1495234969563713536, "text": "RT @maryrhoton: @ManiarMuhammad @Susan12214 @tripletsfan19 @Cathhewat123 @Farahshine1 @ElesielMendonca @OlgaBPerez2 @shinunao2 @pksujin @Pa\u2026"}, {"author_id": 2575551332, "id": 1495232079092539392, "text": "RT @TheSteamVerse: Mr. Wonderful as a steampunk pirate!\ud83d\ude0d @kevinolearytv thank you for all you do for the #crypto and #NFTcommunity, we appr\u2026"}, {"author_id": 1061419970117206017, "id": 1495231966827925510, "text": "RT @TheSteamVerse: Mr. Wonderful as a steampunk pirate!\ud83d\ude0d @kevinolearytv thank you for all you do for the #crypto and #NFTcommunity, we appr\u2026"}, {"author_id": 1491543384577740813, "id": 1495231959517347841, "text": "RT @TheSteamVerse: Mr. Wonderful as a steampunk pirate!\ud83d\ude0d @kevinolearytv thank you for all you do for the #crypto and #NFTcommunity, we appr\u2026"}, {"author_id": 1400148450239516679, "id": 1495231942270328839, "text": "RT @TheSteamVerse: Mr. Wonderful as a steampunk pirate!\ud83d\ude0d @kevinolearytv thank you for all you do for the #crypto and #NFTcommunity, we appr\u2026"}, {"author_id": 1247577077836120064, "id": 1495231881687801858, "text": "RT @TheSteamVerse: Mr. Wonderful as a steampunk pirate!\ud83d\ude0d @kevinolearytv thank you for all you do for the #crypto and #NFTcommunity, we appr\u2026"}, {"author_id": 1448023378871271427, "id": 1495231745863696395, "text": "Mr. Wonderful as a steampunk pirate!\ud83d\ude0d @kevinolearytv thank you for all you do for the #crypto and #NFTcommunity, we appreciate you! \n\n#NFT #NFTCollector #NFTart #NFTs #NFTgame #NFTnews #nftpixelart #NFTartist #NFTCollection #NFTcollectibles https://t.co/kSrQPPKuKZ"}, {"author_id": 93208294, "id": 1495231551306493956, "text": "@DougAdamsMusic you are the most clever of men, Mr. Adams.  And....also very blessed.  How wonderful!"}, {"author_id": 1372999011553120260, "id": 1495231109302571014, "text": "Wonderful Mr. Fox\ud83e\udd8a Or rather KIKO\ud83e\udd8a https://t.co/Uf6M3iyc5J"}, {"author_id": 71146209, "id": 1495230483919212549, "text": "RT @EijiroOzaki: @MishiWan Thank you for mentioning.\n\ud83d\ude4f\ud83d\ude4f\ud83d\ude4f\u2728\nThat\u2019s my very first scene in #HighCastle saga. \nI have wonderful memories with b\u2026"}, {"author_id": 17783263, "id": 1495229988261580806, "text": "One of my favorite photos from today's wedding. Congratulations to the wonderful Mr. and Mrs. Bunting. #aboutbuntingtime https://t.co/CA5SbrD3g0"}, {"author_id": 912698184518029313, "id": 1495229714281213961, "text": "@SISforODS @BrickellAcademy @Principal4GT My son had an awesome day!!  Mr. Bone, a huge thank you to you and the ODS staff for all you did to organize this amazing opportunity for the middle school kids!  Thank you also to all of the wonderful high school counselors!"}, {"author_id": 1489242751, "id": 1495229166177816576, "text": "RT @BetoMedia: Beto on the Border - HARLINGEN - 1\n\u201cSo you see, we have Mr Beto O\u2019Rourke in the house.\u201d\n\nBeautiful sunset and a big enthusia\u2026"}, {"author_id": 1253604480798486528, "id": 1495228061528502273, "text": "@PapiTrumpo LOVE THIS !!!!! YOU HAVE WONDERFUL HUMORE , Mr. Presidente!!!!!!!"}, {"author_id": 161506834, "id": 1495227231282499585, "text": "Shark Tank\u2019s Kevin O\u2019Leary Expects Bitcoin to \u2018Appreciate Dramatically\u2019 in 2-3 Years / Kevin O\u2019Leary, aka Mr. Wonderful, has shared what he thinks the price of bitcoin will be in the coming years. He said when institutions get the go-ahead from their compliance departments to i\u2026 https://t.co/mzFTcXNmT8"}, {"author_id": 731407332, "id": 1495225587400593408, "text": "RT @USCGLahore: Thank you to Mr. Gilani for the wonderful hospitality and making my visit to Multan a memorable one. \u2013 CG Makaneole \n\n#CGMa\u2026"}, {"author_id": 1200968016026095618, "id": 1495224950453518337, "text": "@Cab02164030 good thing i am a woman, so i'm not being a creep or a mimic. also, i'm dating a wonderful trans man so suck it, mr no bitches"}, {"author_id": 145974662, "id": 1495224081205108742, "text": "@leitomontesano Yes sir, Well I agree with you Mr. Fuller is a wonderful trader"}, {"author_id": 1108087867069423616, "id": 1495224040793026563, "text": "RT @USCGLahore: Thank you to Mr. Gilani for the wonderful hospitality and making my visit to Multan a memorable one. \u2013 CG Makaneole \n\n#CGMa\u2026"}, {"author_id": 898979912, "id": 1495223865227694080, "text": "RT @Stardust202120: This is wonderful to see #BetoForTexas \n\nI'm not sure I've ever seen Mrs. Abbott &amp; Mr. Abbott together campaigning.\n\nI'\u2026"}, {"author_id": 1428918023822397442, "id": 1495222544890314752, "text": "This is wonderful to see #BetoForTexas \n\nI'm not sure I've ever seen Mrs. Abbott &amp; Mr. Abbott together campaigning.\n\nI've only lived in Texas around 30 years though. https://t.co/xpDRyMKdfP"}, {"author_id": 823976591575240704, "id": 1495222437658738690, "text": "@POTUS This is the way for easy life, research and publications. Keep up the wonderful work Mr President..."}, {"author_id": 1053234589659947008, "id": 1495220478058766338, "text": "RT @GloriosoYmc: #BOYCOTTMZETxAPTxGMA349\nHave A Blessed Sunday and Wonderful Sunday Mr&amp;Mrs. Faulkerson Jr. Enjoy Your Family Day With The K\u2026"}, {"author_id": 1058920719395012609, "id": 1495219881133981711, "text": "RT @BetoMedia: Beto on the Border - HARLINGEN - 1\n\u201cSo you see, we have Mr Beto O\u2019Rourke in the house.\u201d\n\nBeautiful sunset and a big enthusia\u2026"}, {"author_id": 24416813, "id": 1495219780063797253, "text": "@mr_ian Wonderful! I hope your meat is perfectly breaded, your gravy flavorful, your beer ice cold. May your slice of cake have extra icing."}, {"author_id": 1227982089070485504, "id": 1495219567932628997, "text": "RT @BetoMedia: Beto on the Border - HARLINGEN - 1\n\u201cSo you see, we have Mr Beto O\u2019Rourke in the house.\u201d\n\nBeautiful sunset and a big enthusia\u2026"}, {"author_id": 1330427284961026049, "id": 1495218554030985219, "text": "RT @DigitSlayer: Welcome Everyone! After reconverting the video again so Twitter would take it in, here is last weeks animation with Greg (\u2026"}, {"author_id": 557418472, "id": 1495217325682802689, "text": "RT @BetoMedia: Beto on the Border - HARLINGEN - 1\n\u201cSo you see, we have Mr Beto O\u2019Rourke in the house.\u201d\n\nBeautiful sunset and a big enthusia\u2026"}, {"author_id": 1207120259628576770, "id": 1495215166623035398, "text": "RT @tinsel40: @JasonStrummer The wonderful Donald Sutherland. I loved him as Mr. Bennet. \u2764\ufe0f https://t.co/CmFUo77uuv"}, {"author_id": 781157398434213889, "id": 1495214711360479237, "text": "Oh, the wonderful things Mr. Brown can do! He can go like a cow. He can go MOO MOO! Mr Brown can do it. How about you? - Blue Face"}, {"author_id": 1306354143997685760, "id": 1495214122492956677, "text": "RT @BetoMedia: Beto on the Border - HARLINGEN - 1\n\u201cSo you see, we have Mr Beto O\u2019Rourke in the house.\u201d\n\nBeautiful sunset and a big enthusia\u2026"}, {"author_id": 1210409009381085184, "id": 1495212301707878402, "text": "RT @SukursalRock: Happy birthday to Mr. @ToddLaTorre!\ud83c\udf82He's an American musician who is currently the lead singer of the progressive metal b\u2026"}, {"author_id": 1227638649350770692, "id": 1495212289858936832, "text": "@EvanLSolomon did a pretty wonderful job, dealing with a crowd of people who question the integrity of their media. I left with a handshake and a better understanding of at least, Mr. Solomon. https://t.co/Uu4asdsX76"}, {"author_id": 1402325905247178759, "id": 1495211920009408513, "text": "RT @BetoMedia: Beto on the Border - HARLINGEN - 1\n\u201cSo you see, we have Mr Beto O\u2019Rourke in the house.\u201d\n\nBeautiful sunset and a big enthusia\u2026"}, {"author_id": 577970503, "id": 1495211764178460675, "text": "What a wonderful night at Enterkine House Hotel with the new Mr &amp; Mrs Mills; what a special first dance too! \n\nMany congratulations and thanks for having us! \n\n#A* | Be Entertained \ud83c\udfb9\ud83d\udcf8\ud83c\udfa4\ud83c\udfbc\u2764\ufe0f https://t.co/vnb9flZIj9"}, {"author_id": 318023999, "id": 1495211475375435777, "text": "RT @BetoMedia: Beto on the Border - HARLINGEN - 1\n\u201cSo you see, we have Mr Beto O\u2019Rourke in the house.\u201d\n\nBeautiful sunset and a big enthusia\u2026"}, {"author_id": 1214562222, "id": 1495211005932195846, "text": "@ReneePickren @maxpickren @HSC__FOOTBALL Congratulations mr &amp; mrs Pickren! You have wonderful boys and I am so proud to have been a part of their journey! Excited to get to work with the next one up! @PickrenWilson"}, {"author_id": 133492265, "id": 1495210807357026317, "text": "@jojoptyoga Thank you so much, you are so kind! \u2764\ufe0f\u2764\ufe0f\u2764\ufe0fwe had a wonderful dinner and such a nice evening!  Our cat Mr. Bobo was mad though and wouldn\u2019t talk to us at first when we came back home."}, {"author_id": 781157398434213889, "id": 1495209816406384643, "text": "Oh, the wonderful things Mr. Brown can do! He can go like a cow. He can go MOO MOO! Mr Brown can do it. How about you? - Chance the Rapper"}, {"author_id": 1364468420184469506, "id": 1495208804237074436, "text": "RT @BetoMedia: Beto on the Border - HARLINGEN - 1\n\u201cSo you see, we have Mr Beto O\u2019Rourke in the house.\u201d\n\nBeautiful sunset and a big enthusia\u2026"}, {"author_id": 1207264078986530816, "id": 1495208298445893634, "text": "RT @GloriosoYmc: #BOYCOTTMZETxAPTxGMA349\nHave A Blessed Sunday and Wonderful Sunday Mr&amp;Mrs. Faulkerson Jr. Enjoy Your Family Day With The K\u2026"}, {"author_id": 32920518, "id": 1495207938356559872, "text": "RT @BetoMedia: Beto on the Border - HARLINGEN - 1\n\u201cSo you see, we have Mr Beto O\u2019Rourke in the house.\u201d\n\nBeautiful sunset and a big enthusia\u2026"}, {"author_id": 3957932381, "id": 1495207894089879555, "text": "RT @NOIweala: It is wonderful to work together with @DrEOEhanire and MOH team, @AminaJMohammed @akin_adesina and Muhammad Pate to push for\u2026"}]