[{"author_id": 1241040179495874563, "id": 1495283937035182080, "text": "#\u2018Mrs #Doubtfire\u2019 #Entertainment\n\u2018Mrs. Doubtfire\u2019 Pushes Broadway Return to April\u00a014 \nhttps://t.co/ehX4dSbWW0"}, {"author_id": 997307730410004480, "id": 1495283662346141696, "text": "Y\u2019all ever seen Mrs. Doubtfire"}, {"author_id": 1169950443692158977, "id": 1495282665146044416, "text": "'#MrsDoubtfire' delays Broadway reopening to April\n\nRead: https://t.co/REUIWHHRks https://t.co/ljazrMzdPT"}, {"author_id": 23113271, "id": 1495279320645783553, "text": "\u2018Mrs. Doubtfire\u2019 Pushes Broadway Return to April 14 https://t.co/EIOXeZs2V2 via @thr"}, {"author_id": 1119851382608158720, "id": 1495277851339276288, "text": "\u2018Mrs. Doubtfire\u2019 Pushes Broadway Return to April\u00a014 https://t.co/Ev8HM3UrKa"}, {"author_id": 1311829633600372736, "id": 1495277427756568579, "text": "Mrs Doubtfire Broadway Reopening Delayed? Read On\n\n#MrsDoubtfire #Broadway #MrsDoubtfireBroadway #MrsDoubtfireMusical #BroadwayShow https://t.co/irg050fFsD"}, {"author_id": 1255881009746161664, "id": 1495277264191246338, "text": "\u2018Mrs. Doubtfire\u2019 Pushes Broadway Return to April\u00a014 https://t.co/zC0MyvkoF8"}, {"author_id": 49395291, "id": 1495276375502114816, "text": "\u2018Mrs. Doubtfire\u2019 Delays Broadway Reopening to\u00a0April https://t.co/EgrOhjkZnd"}, {"author_id": 1232287286068379649, "id": 1495274264135716865, "text": "RT @rajat_suresh: we call her mrs. doubtfire because there is reason to doubt her body is actually that fire \ud83d\udd25"}, {"author_id": 1204428024826994688, "id": 1495271279007576065, "text": "\u2018Mrs. Doubtfire\u2019 Delays Broadway Reopening to April https://t.co/l3N6OWSiYv"}, {"author_id": 1218868673844301827, "id": 1495270987084017664, "text": "Entertainment: \u2018Mrs. Doubtfire\u2019 delays Broadway reopening to\u00a0April https://t.co/jVnCTVsmwG"}, {"author_id": 2908610392, "id": 1495270076185985028, "text": "@EgoBigd Just watched Mrs Doubtfire \u2764\ufe0f\ud83d\ude13\ud83d\ude4f"}, {"author_id": 955579414716264448, "id": 1495269477465800705, "text": "'Mrs. Doubtfire' delays Broadway reopening to April\n#MrsDoubtfire #Broadway #April #socialnewsxyz https://t.co/SVhRyPVTmm"}, {"author_id": 130501124, "id": 1495269471736397825, "text": "'Mrs. Doubtfire' delays Broadway reopening to April\n#MrsDoubtfire #Broadway #April #socialnewsxyz https://t.co/h3QfRpI6mq"}, {"author_id": 1205990123055329282, "id": 1495268582829215744, "text": "@vetrix_tron I would rather see Micheal Myers vs Mrs Doubtfire. That would be the greatest film of our generation."}, {"author_id": 3360736947, "id": 1495266609660928001, "text": "\u2018Mrs. Doubtfire\u2019 Pushes Broadway Return to April 14 \u2013 Billboard\n#April #billboard #Broadway #Doubtfire #Pushes #return https://t.co/8APYCMP6mt"}, {"author_id": 145537458, "id": 1495259617106051075, "text": "RT @kwanette: I could use a Viktor Mambo @5 about now..or Dan Hollander's Mrs. Doubtfire.."}, {"author_id": 43769566, "id": 1495259408577802249, "text": "I could use a Viktor Mambo @5 about now..or Dan Hollander's Mrs. Doubtfire.."}, {"author_id": 781236150685962240, "id": 1495258310349447175, "text": "@LoriHayesAuthor @lf092313 Sure. I used to believe that Chris Columbus discovered a vacant continent.  Now, I know that he directed \ud83c\udfa5Mrs. Doubtfire."}, {"author_id": 1476165846057644034, "id": 1495248335929815044, "text": "Omicron Update NYC: \u2018Mrs. Doubtfire\u2019 Broadway reopening delayed, Hochul attends \u2018Six\u2019 https://t.co/FMhqtEZ6Xo"}, {"author_id": 16715398, "id": 1495246886969790465, "text": "Omicron Update NYC: 'Mrs. Doubtfire' Broadway reopening delayed, Hochul attends 'Six' https://t.co/QhMtHujgjp https://t.co/B9Bw3mH8LS"}, {"author_id": 2565565501, "id": 1495243864977952774, "text": "So the mom in Mrs.Doubtfire is kind of a fucking bitch."}, {"author_id": 875104449370488832, "id": 1495243414895570944, "text": "\u2018Mrs. Doubtfire\u2019 Delays Broadway Reopening to April https://t.co/x6U1WvKx67 #Variety"}, {"author_id": 95841298, "id": 1495242461886791685, "text": "@lgood72 Mrs. Doubtfire"}, {"author_id": 2567043800, "id": 1495239571390361602, "text": "\u2018Mrs. Doubtfire\u2019 Pushes Broadway Return to April\u00a014 https://t.co/PmaqgGK4Og"}, {"author_id": 289685627, "id": 1495234661512933378, "text": "RT @Variety: \u2018Mrs. Doubtfire\u2019 Delays Broadway Reopening to\u00a0April https://t.co/xOyALtw24r"}, {"author_id": 1489669394296971266, "id": 1495225075347476480, "text": "@johncusack Mr. Mom or Mrs. Doubtfire"}, {"author_id": 183067349, "id": 1495224442716246019, "text": "MIND BLOWING MOVIE FACT \ud83e\udd2f\ud83e\udd2f Robin Williams played both the father and Mrs. Doubtfire in the 1993 hit movie \u201cMrs.Doubtfire\u201d"}, {"author_id": 1250622885724553218, "id": 1495223482761760768, "text": "@sixfootcandy Like Mrs. Doubtfire"}, {"author_id": 860404394705268736, "id": 1495220682807988224, "text": "\u2018Mrs. Doubtfire\u2019 Pushes Broadway Return to April\u00a014 - #naijaforum #naijablog #naijamusic - https://t.co/fMZJxaiAWn https://t.co/jkd5OAE1aF"}, {"author_id": 1096198662, "id": 1495218204309925891, "text": "RT @WeWatchedAMovie: Mom, can we rent Mrs. Doubtfire?\n\nNo. We have Mrs. Doubtfire at home.\n\nMrs. Doubtfire at home: https://t.co/yWyNmGuOhR"}, {"author_id": 950488212, "id": 1495217401633206273, "text": "\u2018Mrs. Doubtfire\u2019 Delays Broadway Reopening to April - Variety https://t.co/5ajaR0JDhR"}, {"author_id": 3387827651, "id": 1495213755835187200, "text": "\u2018Mrs. Doubtfire\u2019 Pushes Broadway Return to April 14\nhttps://t.co/0sphgTZ1Ge\nRead more: https://t.co/YSOVLZDpcR \n#fakenewsfilter #realnews #mrsdoubtfire #Broadway \nThis article was fact checked by #Oigetit https://t.co/RCdrmtmk0w"}, {"author_id": 1569241321, "id": 1495211556505858054, "text": "RT @THR: \u2018Mrs. Doubtfire\u2019 Pushes Broadway Return to April\u00a014 https://t.co/g37auhbr0G"}, {"author_id": 1358246820602871811, "id": 1495210851846008832, "text": "RT @rajat_suresh: we call her mrs. doubtfire because there is reason to doubt her body is actually that fire \ud83d\udd25"}, {"author_id": 1231328761695625218, "id": 1495210633368854531, "text": "\u2018Mrs. Doubtfire\u2019 Delays Broadway Reopening to April \u201cMrs. Doubtfire... https://t.co/BnQpW5xlnQ #\u2018Mrs #Doubtfire\u2019 #Mrs.Doubtfire #producer #RobinWilliams https://t.co/wgyVn58BMl"}, {"author_id": 289331714, "id": 1495210618172940289, "text": "\u2018Mrs. Doubtfire\u2019 Delays Broadway Reopening to April https://t.co/c437KedpxK via @variety"}, {"author_id": 44004066, "id": 1495209303338274821, "text": "RT @thKuShutMeDown: I was like \nAwwwwww that voice \nSounds extremely familiar\n\nMrs Doubtfire \ud83d\ude4f\ud83c\udfff\n\n#CaughtInHisWeb \ud83d\udd78 https://t.co/8n1yl960wk"}, {"author_id": 73012388, "id": 1495207843171024904, "text": "Sequel idea: A guy dresses up as Mrs. Doubtfire to see his kids but then gets fired, so he adds a fake beard to his Mrs. Doubtfire costume and goes undercover as MR. DOUBTFIRE."}, {"author_id": 204224600, "id": 1495205904710397955, "text": "I was like \nAwwwwww that voice \nSounds extremely familiar\n\nMrs Doubtfire \ud83d\ude4f\ud83c\udfff\n\n#CaughtInHisWeb \ud83d\udd78 https://t.co/8n1yl960wk"}, {"author_id": 173741835, "id": 1495205205704650757, "text": "ICYMI: MRS. DOUBTFIRE to Return to Broadway April 14th, FLYING OVER SUNSET Cast Album Now Available Digitally, and more! https://t.co/a3bZfYS7hT"}, {"author_id": 1290980793226076160, "id": 1495202705127657473, "text": "RT @rajat_suresh: we call her mrs. doubtfire because there is reason to doubt her body is actually that fire \ud83d\udd25"}, {"author_id": 308673834, "id": 1495200653030965251, "text": "RT @rajat_suresh: we call her mrs. doubtfire because there is reason to doubt her body is actually that fire \ud83d\udd25"}, {"author_id": 1363259292078338048, "id": 1495197002497462280, "text": "Today I took a nap through Mrs. Doubtfire.  I would wake up every now again an laugh."}, {"author_id": 954880698430603264, "id": 1495196524166279169, "text": "@om_eye_goodness I love you back. S &amp; I watched Mrs Doubtfire (her first time) &amp; I took a nap \ud83e\udd70 Now I gotta get ready for date night \ud83d\ude0d"}, {"author_id": 1377962392060112906, "id": 1495190658914701315, "text": "@herzigoner @ACTBrigitte If you into Mrs. Doubtfire  look a like . Gross"}, {"author_id": 95243009, "id": 1495186451633373186, "text": "\u2018Mrs. Doubtfire\u2019 Delays Broadway Reopening to April https://t.co/H12VtqEHaP https://t.co/WUDyuwsLXL"}, {"author_id": 3323095457, "id": 1495185701788344322, "text": "@elsdongolf Very fluid.  Always loved Mrs. Doubtfire's swing.\ud83d\ude0f\ud83d\ude09"}, {"author_id": 1462603485074046990, "id": 1495184129171800068, "text": "There is a Ms. Doubtfire Broadway show.\n\nhttps://t.co/DS45gwoTTp"}, {"author_id": 1487796980931825666, "id": 1495183532779528192, "text": "And she looks like mrs doubtfire before she becomes mrs doubtfire https://t.co/79K7H85V9D"}, {"author_id": 1441048455724503040, "id": 1495181564833300483, "text": "RT @THR: \u2018Mrs. Doubtfire\u2019 Pushes Broadway Return to April\u00a014 https://t.co/g37auhbr0G"}, {"author_id": 1351107891105824772, "id": 1495181358796541956, "text": "RT @rajat_suresh: we call her mrs. doubtfire because there is reason to doubt her body is actually that fire \ud83d\udd25"}, {"author_id": 1213881134892777472, "id": 1495181302596878346, "text": "@KnightVint Nah, Mike Marino was added as \"Penguin prosthetic designer\" to IMDb in April 2020, and the actor who plays Mrs Doubtfire in the Broadway show also mentioned them:\n\nhttps://t.co/ZcPbCIrcsd https://t.co/sCNVCO94Ye"}, {"author_id": 1152570634246995974, "id": 1495180374980313098, "text": "RT @playbill: .@DoubtfireBway will now return to Broadway in April! https://t.co/h37aNGQBVn"}, {"author_id": 799712447741317120, "id": 1495180035690418178, "text": "\u2018Mrs. Doubtfire\u2019 Delays Broadway Reopening to April https://t.co/VgFYCPejW5"}, {"author_id": 1259151666, "id": 1495179911081963521, "text": "@1stGodMan2nd @MissBlatina @CharriseJLane I've actually been studying the phenomenon which we can trace back to the Man Hating Feminist. Who are suddenly non binary now. Even they've jumped the Titanic. With all the \"you go girlfriend\" say it enough times Mrs Doubtfire will really think he's a Mrs"}, {"author_id": 1152570634246995974, "id": 1495179749852860419, "text": "RT @BroadwayWorld: .@DoubtfireBway will now return to Broadway on April 14 following the show's ongoing hiatus\nhttps://t.co/7BqzNPzPLK"}, {"author_id": 243952346, "id": 1495178900225335299, "text": "In all fairness, Robin Williams in Mrs Doubtfire should have been put in an institution and never seen his kids again."}, {"author_id": 575533189, "id": 1495177770149679104, "text": "\u2018Mrs. Doubtfire\u2019 Delays Broadway Reopening to April https://t.co/Ro4RXYhSO9 https://t.co/89qumqczSo"}, {"author_id": 1349434464, "id": 1495176667551174662, "text": "I want Mrs. Doubtfire's glasses"}, {"author_id": 876174818, "id": 1495176601486647312, "text": "RT @rajat_suresh: we call her mrs. doubtfire because there is reason to doubt her body is actually that fire \ud83d\udd25"}, {"author_id": 906848672620711936, "id": 1495173789738577926, "text": "\u2018Mrs. Doubtfire\u2019 Musical Delays Broadway Reopening \u00ab\u00a0CmaTrends https://t.co/fX8zpKBihp"}, {"author_id": 1463694666751254533, "id": 1495173709409173507, "text": "RT @Variety: \u2018Mrs. Doubtfire\u2019 Delays Broadway Reopening to\u00a0April https://t.co/xOyALtw24r"}, {"author_id": 848574265347592192, "id": 1495172151967506432, "text": "RT @billboard: \"Mrs. Doubtfire\" is pushing its experimental Broadway return by a month. https://t.co/E97u0gUM3n"}, {"author_id": 971058885472804864, "id": 1495171732298153986, "text": "\u2018Mrs. Doubtfire\u2019 Delays Broadway Reopening to\u00a0April https://t.co/GALUB1cSy9"}, {"author_id": 1366757948656029698, "id": 1495171374679457792, "text": "RT @billboard: \"Mrs. Doubtfire\" is pushing its experimental Broadway return by a month. https://t.co/E97u0gUM3n"}, {"author_id": 4642102642, "id": 1495171060693712899, "text": "\u2018Mrs. Doubtfire\u2019 Musical Delays Broadway\u00a0Reopening https://t.co/OGCvsqDbc3"}, {"author_id": 1290936204817440768, "id": 1495170680639401985, "text": "\u2018Mrs. Doubtfire\u2019 Postpones Broadway Reopening Until\u00a0April https://t.co/cPjSBkbI4V"}, {"author_id": 2427772278, "id": 1495170324266196995, "text": "About to see Mrs. Doubtfire for the first time. Excited for a film about what I assume is a stern Luddite matriarch living in 1,500,000 BC"}, {"author_id": 3536366533, "id": 1495170305744162825, "text": "RT @billboard: \"Mrs. Doubtfire\" is pushing its experimental Broadway return by a month. https://t.co/E97u0gUM3n"}, {"author_id": 1276495633520754689, "id": 1495169384599408640, "text": "\u2018Mrs. Doubtfire\u2019 Musical Delays Broadway\u00a0Reopening https://t.co/um5DcL36Y4"}, {"author_id": 225271358, "id": 1495169383789961217, "text": "@TheNBACentral @bayburmTV They're hating on this, but not the one's wearing Mrs. Doubtfire apparel? Well, I guess there shouldn't be any hate in general. I'll excuse myself now..."}, {"author_id": 126584605, "id": 1495168718841823236, "text": "#\u2018MrsDoubtfire\u2019 Pushes #Broadway Return to April 14\n\nThe #KevinMcCollum-produced musical based on the 1993 movie of the same name was initially slated to reopen after a nine-week hiatus on March 15.\n\n https://t.co/o0TP4kpcRR"}, {"author_id": 420967725, "id": 1495168507314593792, "text": "RT @fbd4a2ee6c2348f: Give me a nice coffee and stick the ballads on full blast on a Saturday morning and I\u2019ll fly around cleaning the house\u2026"}, {"author_id": 34364421, "id": 1495166117299564549, "text": "#Broadway Blues: With 19 Shows Down to $18 Mil Week, \"Mrs. Doubtfire\" Musical Delays Reopening Til April 14th https://t.co/K9nXHbLfa1 via @showbiz411"}, {"author_id": 1189909114702434306, "id": 1495166043618164741, "text": "RT @rajat_suresh: we call her mrs. doubtfire because there is reason to doubt her body is actually that fire \ud83d\udd25"}, {"author_id": 14941817, "id": 1495165607221858319, "text": "RT @rajat_suresh: we call her mrs. doubtfire because there is reason to doubt her body is actually that fire \ud83d\udd25"}, {"author_id": 896963156119097344, "id": 1495164992508809220, "text": "RT @WeWatchedAMovie: Mom, can we rent Mrs. Doubtfire?\n\nNo. We have Mrs. Doubtfire at home.\n\nMrs. Doubtfire at home: https://t.co/yWyNmGuOhR"}, {"author_id": 1491121606596440065, "id": 1495164776858722305, "text": "RT @apurgarao: A mi la Gloria Mohedano me recuerda a  Mrs Doubtfire #SabadoDeluxe @jjaviervazquez"}, {"author_id": 268999018, "id": 1495163755667329030, "text": "A mi la Gloria Mohedano me recuerda a  Mrs Doubtfire #SabadoDeluxe @jjaviervazquez"}, {"author_id": 990172358, "id": 1495163639568949259, "text": "@Asleep2000 (silently deleting my tweet about Mrs Doubtfire)"}, {"author_id": 1427381127828754433, "id": 1495163572481003520, "text": "RT @billboard: \"Mrs. Doubtfire\" is pushing its experimental Broadway return by a month. https://t.co/E97u0gUM3n"}, {"author_id": 1457958857309892611, "id": 1495163111459938304, "text": "RT @Variety: \u2018Mrs. Doubtfire\u2019 Delays Broadway Reopening to\u00a0April https://t.co/xOyALtw24r"}, {"author_id": 32779145, "id": 1495163110449201155, "text": "\u2018Mrs. Doubtfire\u2019 Delays Broadway Reopening to April https://t.co/cXfVqPCMgm"}, {"author_id": 46962230, "id": 1495162890663473152, "text": "\u2018Mrs. Doubtfire\u2019 Delays Broadway Reopening to April https://t.co/nVUog4X8OP"}, {"author_id": 1420660507, "id": 1495162796400517123, "text": "\u2018#MrsDoubtfire\u2019 Delays #Broadway Reopening to April https://t.co/yng64X2gna https://t.co/0S7x1WWeaP"}, {"author_id": 1329752657498697730, "id": 1495161744435695617, "text": "RT @lizzicochrane: I just watched Mrs. Doubtfire for the 200th time. Boy do I miss Robin Williams \ud83d\ude13 https://t.co/hE3QQHInHY"}, {"author_id": 1377962392060112906, "id": 1495161637657006081, "text": "@GolferTDG @khankiso @politicususa I don\u2019t think anybody want to date Mrs Doubtfire look a like."}, {"author_id": 1483785921803735040, "id": 1495160948927180800, "text": "\u2018Mrs. Doubtfire\u2019 Delays Broadway Reopening to\u00a0April https://t.co/q2iYeB8hN8"}, {"author_id": 2547019188, "id": 1495160868350353412, "text": "RT @THR: \u2018Mrs. Doubtfire\u2019 Pushes Broadway Return to April\u00a014 https://t.co/g37auhbr0G"}, {"author_id": 1493184970679934976, "id": 1495160067360014347, "text": "\u2018Mrs. Doubtfire\u2019 Musical Delays Broadway\u00a0Reopening https://t.co/VrM86umrOp"}, {"author_id": 219089027, "id": 1495158573373943808, "text": "RT @Variety: \u2018Mrs. Doubtfire\u2019 Delays Broadway Reopening to\u00a0April https://t.co/xOyALtw24r"}, {"author_id": 1234364285293187073, "id": 1495158397398040579, "text": "RT @billboard: \"Mrs. Doubtfire\" is pushing its experimental Broadway return by a month. https://t.co/E97u0gUM3n"}]