[{"author_id": 1380176900404998145, "id": 1495261687338971137, "text": "@WokePreacherTV @Protestia That's his attempt to ape Keller's Christian guru babel methinks. Can't be precise, that would subject you to falsification as a possibility.\n\nEver see Multiplicity? Keller is the original guy &amp; Sauls is the copy-of-a-copy that lost a lot of resolution."}, {"author_id": 944740496, "id": 1495259726774423555, "text": "We have to learn to respect the multiplicity of ways.  About me... https://t.co/mNSA0z3hvF https://t.co/o25pjvD3mH"}, {"author_id": 805913535310086144, "id": 1495257381353177093, "text": "RT @hyvixiz: People with DID/OSDD don't owe anyone multiplicity. If they want to have an account where they can live like a singlet, let th\u2026"}, {"author_id": 2849023431, "id": 1495256433646055427, "text": "RT @CltPerspectives: God wants to be praised by all the peoples.  The -s is very important!  It denotes multiplicity."}, {"author_id": 1009993122749796353, "id": 1495248032941711361, "text": "@MuddledFire its just what Hegel would see it as! \n\nthe idea that Becoming is akin to a multiplicity that is only \"parasitically\"subordinated to sense in conceptual determination,for Hegel  The idea of a \"pure /non-conceptual difference\" leads to an inability to make \"meaningful distinctions\""}, {"author_id": 3252654428, "id": 1495246086432169987, "text": "269-79) which is significant element that is entity of selfsoul. That entity of selfsoul has adopted two signifacances - one is dream signifacance, and other is perception significance. Multiplicity gets glImpsed in dream signifacance, and one single undual"}, {"author_id": 1479870964653596674, "id": 1495239357506244608, "text": "In this way the mutability and multiplicity of identity not only sustains, but comes to corrodes the horizon of human existence.\n3/4"}, {"author_id": 1180709947, "id": 1495235933717041154, "text": "And suddenly we find ourselves in the midst of the world, yet undisturbed by its multiplicity, for our innermost soul we know ourselves to be one with all being.\"\n~ Hermann Hesse"}, {"author_id": 1074005823834243073, "id": 1495235674555006977, "text": "Better program for A046337: Odd numbers with an even number of prime factors (counted with multiplicity). Terms: 1,9,15,21,25,33,35,39..."}, {"author_id": 1393961984375377924, "id": 1495233392740388870, "text": "RT @hyvixiz: People with DID/OSDD don't owe anyone multiplicity. If they want to have an account where they can live like a singlet, let th\u2026"}, {"author_id": 886012831904256000, "id": 1495232661786353669, "text": "\u201cBy faithfulness we are collected and wound up into unity within ourselves, whereas we had been scattered abroad in multiplicity.\u201d \u2013 St. Augustine"}, {"author_id": 1479313015262568453, "id": 1495230736521216004, "text": "RT @hyvixiz: People with DID/OSDD don't owe anyone multiplicity. If they want to have an account where they can live like a singlet, let th\u2026"}, {"author_id": 1668247122, "id": 1495230177638588418, "text": "@NjabuloMhlanga8 @Shebele43322264 @_Sticks SA has a multiplicity of social issues as you rightfully pointed out. Now where do you suggest we should start."}, {"author_id": 33987859, "id": 1495229750444441601, "text": "@WizzurdX @TomCruise @LeeChildReacher @alanritchson Could be a \"multiplicity\" situation"}, {"author_id": 1234564924338266113, "id": 1495226133801054212, "text": "RT @KevaniGaming: HEY EVERYONE ITS TOURNAMENT DAY. LETS GO REPRESENT @Multiplicity_GM IN @ILLEST_Gaming_ TOURNAMENT.COME AND SUPPORT. THE T\u2026"}, {"author_id": 960596347102507009, "id": 1495224147638579203, "text": "RT @dsdamato: \u201c[T]he world, society, and man are made up of insoluble problems, contrary principles, and conflicting forces. Organism means\u2026"}, {"author_id": 261137809, "id": 1495221593915625474, "text": "We as a system have 1 account! It is something we all agreed on. \n\nWe are not doing more than is necessary for an Entertainment website.  \n\nWe don't owe anyone multiplicity.  Our disorder is NOT WHO WE ARE! \n#Mentalhealth #dissociatwt #dissociativeidentitydisorder \n#PTSD #CPTSD https://t.co/rBNVn95LeM"}, {"author_id": 261137809, "id": 1495220588515790851, "text": "RT @hyvixiz: People with DID/OSDD don't owe anyone multiplicity. If they want to have an account where they can live like a singlet, let th\u2026"}, {"author_id": 3097841140, "id": 1495219286591389698, "text": "\u201c[T]he world, society, and man are made up of insoluble problems, contrary principles, and conflicting forces. Organism means complication, and multiplicity means contradiction, opposition, independence.\u201d - Proudhon"}, {"author_id": 1349268505573654528, "id": 1495213385503363073, "text": "RT @hyvixiz: People with DID/OSDD don't owe anyone multiplicity. If they want to have an account where they can live like a singlet, let th\u2026"}, {"author_id": 1358867476709261315, "id": 1495212075806769152, "text": "RT @TimTaubes: These were improvements in the standard of living that afforded humankind an infinite array of new choices. But these choice\u2026"}, {"author_id": 1347908387762286592, "id": 1495206432517627911, "text": "@unknownanswers2 @EricsElectrons @skdh Lol, what a way to tell on yourself. Birth and breastfeeding being pretty foundational to any kind of femaleness isn't the same as gender roles being the same - there is a multiplicity of interpretations"}, {"author_id": 1397064378093027329, "id": 1495205754877452298, "text": "There is no such thing as 1 form of anything. The multiplicity of existences is tied to Shatabhisha nakshatra. Why there are 0s attached in 100. You can expand, but you can also contract as a life."}, {"author_id": 776716282750197760, "id": 1495203599781179398, "text": "@solidangles @matthematician This got me thinking. A function like sin(x) isn't a number, it's a relation, a set of ordered pairs. But obviously a complex number is an ordered pair, so perhaps the condition of multiplicity has some bearing on it. But then, an integer is a multiplicity of sets in ZFC. Argh!!"}, {"author_id": 23709654, "id": 1495202863743602693, "text": "RT @farzanadoctor: \u201cI want to imagine a world in which we can change, shift, and play as often as we choose, and where this multiplicity is\u2026"}, {"author_id": 3428316383, "id": 1495201567582134272, "text": "These were improvements in the standard of living that afforded humankind an infinite array of new choices. But these choices have a residual effect that remains hidden within the multiplicity of choices. Slowly and unawares a structure is erected"}, {"author_id": 793193500930113536, "id": 1495199685144989703, "text": "RT @KevaniGaming: HEY EVERYONE ITS TOURNAMENT DAY. LETS GO REPRESENT @Multiplicity_GM IN @ILLEST_Gaming_ TOURNAMENT.COME AND SUPPORT. THE T\u2026"}, {"author_id": 1167244717710557185, "id": 1495198585314582531, "text": "RT @hyvixiz: People with DID/OSDD don't owe anyone multiplicity. If they want to have an account where they can live like a singlet, let th\u2026"}, {"author_id": 893097137482977280, "id": 1495193249606246408, "text": "RT @RSpacefox: Anything they say about respecting cultural/spiritual plurality, patient agency, or functional multiplicity/resolution as a\u2026"}, {"author_id": 893097137482977280, "id": 1495193216815087623, "text": "RT @RSpacefox: CW - ableism, pluralphobia\n\nQuotes such as this, from Richard Kruft, serve to illustrate exactly what so many so-called expe\u2026"}, {"author_id": 1373785096759734275, "id": 1495191950550573060, "text": "RT @KevaniGaming: HEY EVERYONE ITS TOURNAMENT DAY. LETS GO REPRESENT @Multiplicity_GM IN @ILLEST_Gaming_ TOURNAMENT.COME AND SUPPORT. THE T\u2026"}, {"author_id": 1319467423448387584, "id": 1495191893927510016, "text": "RT @KevaniGaming: HEY EVERYONE ITS TOURNAMENT DAY. LETS GO REPRESENT @Multiplicity_GM IN @ILLEST_Gaming_ TOURNAMENT.COME AND SUPPORT. THE T\u2026"}, {"author_id": 552515133, "id": 1495190777345019924, "text": "@l_e_phantasme To me this goes back to whether one conceptualizes the self as one being or part of a multiplicity and is at the heart of my non-understanding."}, {"author_id": 1266872408432132099, "id": 1495190596163670021, "text": "HEY EVERYONE ITS TOURNAMENT DAY. LETS GO REPRESENT @Multiplicity_GM IN @ILLEST_Gaming_ TOURNAMENT.COME AND SUPPORT. THE TEAM AND @Sticky_Sal AND @umbrajoee. LETS GO THIS \ud83d\udd25\ud83d\udd25\ud83d\udd25\ud83d\udd25\ud83d\udd25\ud83d\udd25\ud83d\udd25\ud83d\udd25\ud83d\udd25\ud83d\udd25\ud83d\udd25\ud83d\udd25\ud83d\udd25\ud83d\udd25\ud83d\udd25\ud83d\udd25\ud83d\udd25\ud83d\udd25\ud83d\udd25\ud83d\udd25\ud83d\udd25\ud83d\udd25\nhttps://t.co/LwzieqKGbU"}, {"author_id": 842816240385253380, "id": 1495188924247035906, "text": "When we're drawn into the Tarkovsky-trance, our organism's hunger for overstimulus circumvented, our pulse slackened, the shots - so slow &amp; drawn-out by 'normal' standards - can seem tantalisingly quick: drawn into the teeming multiplicity of events that we habitually overlook. https://t.co/4ZeHKrogdD"}, {"author_id": 893097137482977280, "id": 1495188237056368641, "text": "RT @houseNYX: 1. DID a dissociative disorder not a trauma disorder.\n2. What \"defines it\" is Criterion A, which is literally multiplicity. I\u2026"}, {"author_id": 1318578678578745349, "id": 1495187553191870466, "text": "@MaherJohn (like I also responded above, there are other post-Heideggerian philosophers, such as Jean-Luc Nancy, who take it into the direction where they are able to think a multiplicity of human and non-human worlds)"}, {"author_id": 67110686, "id": 1495186528397664261, "text": "\u201cI want to imagine a world in which we can change, shift, and play as often as we choose, and where this multiplicity is honoured instead of cause for suspicion.\u201d \n\nThere is a gem on every page of this insightful book by @vivekshraya \n\n#MaggieWithBooks #PeopleChangeBook https://t.co/e5DINhwOZl"}, {"author_id": 4035355935, "id": 1495177084301312002, "text": "Love Skills - Genorate - Multiplicity - S/R"}, {"author_id": 1386780849908031490, "id": 1495175067868676097, "text": "@itsprobablygrey Fits a lot of people! But, as with almost everything in psych, lines get blurry. There are of folks who that model of DID describes\u2014flashbacks, amnesia, dx, all of it\u2014who *also* say they know their multiplicity arose prior to their trauma, and ID as endogenic. There are systems -"}, {"author_id": 1318578678578745349, "id": 1495174847277772800, "text": "@brightabyss Only the humans have the world, because of verbal language. And b) I think we should distinguish the World, as capitalised, from a multiplicity of worlds (small w) - there\u2019s the World of all worlds,i.e that of the universal commodity, but also nonaliented singular worlds"}, {"author_id": 1386780849908031490, "id": 1495173488256032769, "text": "@itsprobablygrey developed *only* looking at heavily traumatized (&amp; primarily white &amp; female) systems, at least according to the 2010 paper; it\u2019s not the only model, nor is it even trying to claim that it describes *all* experiences of multiplicity. There are documented \u201cDID-like\u201d cases that \u2014"}, {"author_id": 12298942, "id": 1495171388226760706, "text": "@NecromancerProb @Thomas_comma_S Probably because huge open world games have a multiplicity of interlocking systems and the butterfly effect is incredibly strong."}, {"author_id": 24720554, "id": 1495162882664841218, "text": "RT @saylor: \u201cTruth is ever to be found in the simplicity, and not in the multiplicity and confusion of things.\u201d - Isaac Newton on #Bitcoin"}, {"author_id": 1349834664, "id": 1495159511903977476, "text": "@Madison420Ivy Comedy. Multiplicity. Overworked guy clones himself so he can have more time for his family."}, {"author_id": 382310690, "id": 1495154501317234694, "text": "@millsustwo A multiplicity of Mills (a Milltipliscity if you will) exist inside you. You just have to spend more time exploring (fully immersing yourself) in unfamiliar territory aka Being a beginner. Not easy as adults. I run a business about it. Hard to fully convey via tweet. Let\u2019s chat!"}, {"author_id": 1234564924338266113, "id": 1495154403271192579, "text": "RT @Spizy28: Make sure to watch @Multiplicity_GM in this Apex Tournament tonight! Good Luck @KevaniGaming @umbrajoee &amp; @Sticky_Sal  ya\u2019ll g\u2026"}, {"author_id": 1344739336898678785, "id": 1495147060831608842, "text": "Actuality: multiplicity and disunity as normative within various sectarian epistemological identity systems that translate into lifestyle orders; i.e. hermeneutics and ritual of disruption and repair."}, {"author_id": 1148190417814532098, "id": 1495146658543382528, "text": "@StartsWithABang i.e.  will the redshift expansion vectors coincide with the process of evolution of both stars and elements ... the multiplicity of the \"branchings\" of the Dynkin diagrams is interesting, as is the length of the branches ..."}, {"author_id": 1420125087441768453, "id": 1495146438065631243, "text": "2/ Holding too much of a particular asset, even if it's \"secure,\" it's a significant risk. Diversification comes from a multiplicity of assets. \n \n3/ Models can be wrong. Or can rely on assumptions that won't hold if conditions change."}, {"author_id": 628947435, "id": 1495145224053694473, "text": "RT @cgjungny: \u201cAccepting otherness is a question not so much of right as of desire. This acceptance is possible precisely on the condition\u2026"}, {"author_id": 1425920820782813185, "id": 1495143700846071817, "text": "@MerissaHansen17 You don't just walk back that kind of pathological behavior. It will continue to manifest into a multiplicity of Karen phenotypes."}, {"author_id": 1263474198388891651, "id": 1495143665781686273, "text": "RT @hyvixiz: People with DID/OSDD don't owe anyone multiplicity. If they want to have an account where they can live like a singlet, let th\u2026"}, {"author_id": 1348743298958020608, "id": 1495139488976175111, "text": "RT @cgjungny: \u201cAccepting otherness is a question not so much of right as of desire. This acceptance is possible precisely on the condition\u2026"}, {"author_id": 1074005823834243073, "id": 1495139242082721799, "text": "First program for A046337: Odd numbers with an even number of prime factors (counted with multiplicity). Terms: 1,9,15,21,25,33,35,39,49..."}, {"author_id": 1458459741035069440, "id": 1495136465512120320, "text": "RT @hyvixiz: People with DID/OSDD don't owe anyone multiplicity. If they want to have an account where they can live like a singlet, let th\u2026"}, {"author_id": 1900695313, "id": 1495134934020898819, "text": "RT @Andr3wW1l3s: @FPWellman There are a multiplicity of layers of protected classes under US law (mostly based on asset value and/or skin c\u2026"}, {"author_id": 1358584398145282048, "id": 1495132876572180481, "text": "RT @hyvixiz: People with DID/OSDD don't owe anyone multiplicity. If they want to have an account where they can live like a singlet, let th\u2026"}, {"author_id": 3580559602, "id": 1495132555867303939, "text": "RT @cgjungny: \u201cAccepting otherness is a question not so much of right as of desire. This acceptance is possible precisely on the condition\u2026"}, {"author_id": 1456544745937903616, "id": 1495131449607041028, "text": "RT @hyvixiz: People with DID/OSDD don't owe anyone multiplicity. If they want to have an account where they can live like a singlet, let th\u2026"}, {"author_id": 356207384, "id": 1495128002161786889, "text": "\"Rather than imagine the divine as reluctantly permitting religious others to be, can we imagine instead a God who seeks to be known in, through, and by way of difference and multiplicity?\"\n\n\u2014John Thatamanil, Circling the Elephant, 23 https://t.co/6jud6G6LdZ"}, {"author_id": 91870317, "id": 1495127158422921222, "text": "Wow, thanks @mkhanpasha ! Such a treat to have virtually visited McGill for your Urdu poetry class. I mulled over the \"unity/multiplicity in the broken mirror\" discussion all afternoon! https://t.co/ra5BMSPei1"}, {"author_id": 627892274, "id": 1495126016037064705, "text": "RT @sourcedjourneys: Because we don\u2019t exist in a vacuum, storytelling and investigation happens in multiplicity, next week is a bit of a lo\u2026"}, {"author_id": 350601257, "id": 1495123401064665089, "text": "i invested in a multiplicity of velvet durags only to decide that i prefer silk ones now\u2026 https://t.co/TwGmRzIzWq"}, {"author_id": 1422474808227422208, "id": 1495123301341007878, "text": "RT @hyvixiz: People with DID/OSDD don't owe anyone multiplicity. If they want to have an account where they can live like a singlet, let th\u2026"}, {"author_id": 1140331351369027584, "id": 1495122385581793284, "text": "@EffInvictus your average american for example isn't really a materialist for example, even then i feel like official reality is kind of an artificial category because in reality theres a multiplicity of official realities and narratives"}, {"author_id": 1009047297211207680, "id": 1495118628638896137, "text": "RT @hyvixiz: People with DID/OSDD don't owe anyone multiplicity. If they want to have an account where they can live like a singlet, let th\u2026"}, {"author_id": 1373785096759734275, "id": 1495112404648267781, "text": "RT @KevaniGaming: LETS GO @Multiplicity_GM ON THIS TONIGHT \ud83d\udd25\ud83d\udd25\ud83d\udd25\ud83d\udd25"}, {"author_id": 1373785096759734275, "id": 1495112346359980038, "text": "RT @Spizy28: Make sure to watch @Multiplicity_GM in this Apex Tournament tonight! Good Luck @KevaniGaming @umbrajoee &amp; @Sticky_Sal  ya\u2019ll g\u2026"}, {"author_id": 1266872408432132099, "id": 1495110800977141770, "text": "RT @Spizy28: Make sure to watch @Multiplicity_GM in this Apex Tournament tonight! Good Luck @KevaniGaming @umbrajoee &amp; @Sticky_Sal  ya\u2019ll g\u2026"}, {"author_id": 1454222277768323087, "id": 1495108239469551627, "text": "RT @Spizy28: Make sure to watch @Multiplicity_GM in this Apex Tournament tonight! Good Luck @KevaniGaming @umbrajoee &amp; @Sticky_Sal  ya\u2019ll g\u2026"}, {"author_id": 957587334425432064, "id": 1495106966162706436, "text": "RT @hyvixiz: People with DID/OSDD don't owe anyone multiplicity. If they want to have an account where they can live like a singlet, let th\u2026"}, {"author_id": 864199949336104960, "id": 1495104719072673792, "text": "D19 #writerlywipchat Book recs\n\nThis week I finished: We are Legion (We are Bob) by Dennis E Taylor.\n\nGreat for sci-fi and space exploration geeks, funny, and w/ so many Bob copies, it reminded me of the Michael Keaton movie Multiplicity. Surprised it took me so long to get to it"}, {"author_id": 1226228215754215424, "id": 1495097048554782721, "text": "RT @hyvixiz: People with DID/OSDD don't owe anyone multiplicity. If they want to have an account where they can live like a singlet, let th\u2026"}, {"author_id": 951841615928287239, "id": 1495096208959971331, "text": "RT @hyvixiz: People with DID/OSDD don't owe anyone multiplicity. If they want to have an account where they can live like a singlet, let th\u2026"}, {"author_id": 1319467423448387584, "id": 1495093879615496194, "text": "Make sure to watch @Multiplicity_GM in this Apex Tournament tonight! Good Luck @KevaniGaming @umbrajoee &amp; @Sticky_Sal  ya\u2019ll got this!! \ud83d\udc9c https://t.co/fdPIt4EUia"}, {"author_id": 1319467423448387584, "id": 1495093587788419075, "text": "RT @KevaniGaming: LETS GO @Multiplicity_GM ON THIS TONIGHT \ud83d\udd25\ud83d\udd25\ud83d\udd25\ud83d\udd25"}, {"author_id": 1347119031489339393, "id": 1495092167328645121, "text": "RT @KevaniGaming: LETS GO @Multiplicity_GM ON THIS TONIGHT \ud83d\udd25\ud83d\udd25\ud83d\udd25\ud83d\udd25"}, {"author_id": 1299501268700782592, "id": 1495092092049113090, "text": "RT @hyvixiz: People with DID/OSDD don't owe anyone multiplicity. If they want to have an account where they can live like a singlet, let th\u2026"}, {"author_id": 1380359486343426051, "id": 1495091712217264129, "text": "@zodd_tv Zodd contact @KevaniGaming if u wanna join @Multiplicity_GM  I mentioned u because of how u r in apex"}, {"author_id": 1442775399294029824, "id": 1495088414936510469, "text": "RT @hyvixiz: People with DID/OSDD don't owe anyone multiplicity. If they want to have an account where they can live like a singlet, let th\u2026"}, {"author_id": 1385329031533326338, "id": 1495088073452838915, "text": "RT @TenExileGG: Shoutout to these orgs who are killing it!!\n\n@TeamTakeOver_OG\n@zelexesports \n@NolaFlightGG \n@TM_FinalStrike \n@Multiplicity_\u2026"}, {"author_id": 1284245844166717440, "id": 1495087639283712002, "text": "RT @hyvixiz: People with DID/OSDD don't owe anyone multiplicity. If they want to have an account where they can live like a singlet, let th\u2026"}, {"author_id": 1428877956063973381, "id": 1495087257006477314, "text": "RT @hyvixiz: People with DID/OSDD don't owe anyone multiplicity. If they want to have an account where they can live like a singlet, let th\u2026"}, {"author_id": 1448487081777381381, "id": 1495085230578810882, "text": "@LinuxGal In the universe, we see a multiplicity of causes. But each cause has an antecedent cause of its own. Eventually this must terminate in an uncaused cause, otherwise we have not explained the chain of causality at all--like a train with no engine."}, {"author_id": 1093619188608974848, "id": 1495085197544599562, "text": "RT @hyvixiz: People with DID/OSDD don't owe anyone multiplicity. If they want to have an account where they can live like a singlet, let th\u2026"}, {"author_id": 1485073345909510146, "id": 1495084995173568515, "text": "RT @hyvixiz: People with DID/OSDD don't owe anyone multiplicity. If they want to have an account where they can live like a singlet, let th\u2026"}, {"author_id": 15334579, "id": 1495084954803388416, "text": "Global media moved on and now reports from the \"middle class\". Due to inequality, we all lived different pandemics, but we got stock with a single narrative instead with a multiplicity of stories. And then we have the global disparity in vaccine distribution. Is it still news?"}, {"author_id": 1453568552544337922, "id": 1495084834724597762, "text": "RT @hyvixiz: People with DID/OSDD don't owe anyone multiplicity. If they want to have an account where they can live like a singlet, let th\u2026"}, {"author_id": 1464431167197884417, "id": 1495084034845601793, "text": "I\u2019ve always been intrigued by this prickly plant species, but does anyone know why my excitement grew more today? Not because of a Wikipedia or google entry, but biology seen with the plain eyes. The spirit of our universe is eternal multiplicity; growth. https://t.co/KJn2b7rIOF"}, {"author_id": 1421615920733163531, "id": 1495080813246955525, "text": "@NoPuzzl98 People that choose to be systems, by definition, do not have DID/OSDD. The same thing goes for people who experience multiplicity because of religious/spiritual reasons or drug use. We're sure that making a system as a coping mechanism or just for their own curiosity is (cont.)"}, {"author_id": 7612622, "id": 1495079573951758350, "text": "@skdh None, none and the sheer multiplicity of the whole of existence owes it's roots to the formation of the universe"}]