[{"author_id": 410517659, "id": 1495281659255660546, "text": "@oku_yungx Meaning a pastor and a San can witness injustice and decide to keep mute because he is a vice president . I see........"}, {"author_id": 15941847, "id": 1494760561858334720, "text": "I did not comment on a thing I normally would have put into the mute list so I don't ever have to see it again. Witness me."}, {"author_id": 417301408, "id": 1494747120628338689, "text": "Horror films are my weakness:\n\nThe Descent\nThe Loved Ones\nDawn of the Dead (original)\nIt Follows\nLet the Right One In\nGoodnight Mommy\nGreen Room\nIt Follows\nDemons\nMute Witness https://t.co/cSfmgqCN3K"}, {"author_id": 2186238535, "id": 1494698754493992965, "text": "RT @Veronikarks: @atifcam have witnessed chemistry of teardrops. It was 5th which came down her eyes,boiling hot freezing on his face.Holdi\u2026"}, {"author_id": 754690322848894976, "id": 1494690236328251396, "text": "Mute witness that produces the birth is situated; (_b_) the two separate horoscopes would induce a flaming jet emerges from"}, {"author_id": 1484532832999555087, "id": 1494690234465988612, "text": "@atifcam have witnessed chemistry of teardrops. It was 5th which came down her eyes,boiling hot freezing on his face.Holding 7th was his ans-What is mine,I intend to keep.Can we witness same in reverse.Let Teardrop holding their language love,let tears speak,while they are mute."}, {"author_id": 1212469911240339457, "id": 1494597724909490179, "text": "RT @Firstscreamto: @FreddyInSpace Twitter is scary. The most hostile behaviour I witness on here nearly always tends to come from those who\u2026"}, {"author_id": 1374317166632308737, "id": 1494486322005913600, "text": "@MartyTheElder Inner witness are mute voice.\nAnd That why i can't hear your voice.\nEven UNSC voice are mute too.\nBecause i can Doubt inner witness in real life.\nIf UNSC want Earth and their 21th century Ancestor go missing.\nBecause i accept UNSC request."}, {"author_id": 1374317166632308737, "id": 1494484123301425162, "text": "@MartyTheElder Sir.\nYour voice are mute to hear.\n\"That what inner witness is mute.\"\nAt least is very good for me.\nAnd got myself as \"Self-Hatred Mental health illness.\"\nIt's a medical website is where to learn more.\nBecause Medical Term is very perfect to understand easily on Google again."}, {"author_id": 905369133960892416, "id": 1494465169656848390, "text": "no one is immune to the 'your mic is on mute, please unmute' - even during U.N. security council meetings trying to prevent WW3. I'd recommend just watching a bit on YT, it's fascinating to witness in real-time how leaders navigate and argue the prevention of war"}, {"author_id": 311511199, "id": 1494429082980864004, "text": "@FreddyInSpace Twitter is scary. The most hostile behaviour I witness on here nearly always tends to come from those who proudly claim to be tolerant and virtuous. It seems to be acceptable to use a \"good cause\" as an excuse for bullying. Thankfully we have the mute and block option."}, {"author_id": 1479359004694532096, "id": 1494415344735297537, "text": "@jdwalker1912 @WFLAJosh @kellysmiley23 @LoganTheHammer I expect him to have some moral decency. You witness someone take a fall of that manner and just walk away is if nothing happened? You don't need a medical degree to show some moral empathy. Checking on her would have made this entire situation a mute point."}, {"author_id": 1492017187107704833, "id": 1494381857219104787, "text": "corpses, piled up like sand, shall witness, mute, even to the century to come, before the eyes of men, that never, being mortal, ought we cast our thoughts too high"}, {"author_id": 809335477, "id": 1494355563269873668, "text": "RT @MoosaDusu: @abdulla_shahid Dear Sir, thank you for all the wonderful work you are doing , but pls kindly address concerns over Karnatak\u2026"}, {"author_id": 1280357716716732417, "id": 1494348557302009858, "text": "@abdulla_shahid Dear Sir, thank you for all the wonderful work you are doing , but pls kindly address concerns over Karnataka muslim sisters, to witness you so mute is so \u201cunyou\u201d.\ud83d\ude15"}, {"author_id": 3507009554, "id": 1494318056545214469, "text": "@RahDaColdestx18 Then just mute his fuckin name problem solved you talking like people running up on you like jehovah witness to talk to you about him"}, {"author_id": 716877368980156416, "id": 1494019099701420032, "text": "RT @rangan_datta: Do you know it was possible to travel from Madras to Colombo on a single ticket? A cyclone in Dec 1964 changed it all. Ru\u2026"}, {"author_id": 86790590, "id": 1493998740029550594, "text": "@AmandoAtLaw I muted a zoom deposition to remark to a younger lawyer what a dumbass the witness was only for the witness to notify me I did not mute."}, {"author_id": 1492017187107704833, "id": 1493990281800077313, "text": "corpses, piled up like sand, shall witness, mute, even to the century to come, before the eyes of men, that never, being mortal, ought we cast our thoughts too high"}, {"author_id": 1283311544017850373, "id": 1493989791163113473, "text": "Kinda feel bad, but had to mute the entire conversation. Notifications have never been so hijacked.\n\nBut it was incredible. So many people speaking up for heterosexual fathers. Beautiful to witness. Twitter has lost all control of their attempts to censor normal society. https://t.co/B9AuekPbr7"}, {"author_id": 49040820, "id": 1493906253302620166, "text": "@AlexOuthwaite @TurismoRocha I feel like asking this question to David Attenborough. How often he\u2019s been a mute witness of destruction of Nature ? Saucy Migration history , explore new animals in Himalayas, about nomadic Lions  etc etc , How much of these info were responsible for their destruction ?"}, {"author_id": 973689711746265088, "id": 1493722535384403970, "text": "@violetfrosting @Machiav65991401 @mikegalsworthy Again, you\u2019ve failed to understand the dynamics here, if a figure is cited, &amp; no one chooses to challenge that figure, 350 million, &amp; no on did,yet we can ascertain the details of this unchallenged false witness, then you can either be mute, implicit in this, or challenge."}, {"author_id": 67213908, "id": 1493635960474587140, "text": "It\u2019s ok to protect your \u2764\ufe0f &amp; mental health by hitting the \u201cmute\u201d button on whoever, whenever. I am a witness!! #Freedom https://t.co/nFEfeumHP8"}, {"author_id": 485902955, "id": 1493602198172975106, "text": "She gotta block him bro this is insanity. I gotta mute this man now this is awful to witness https://t.co/jXZMHFcfqH"}, {"author_id": 1404873344776876117, "id": 1493566800461799427, "text": "@northernmurz Some great songs on it..Nice to give it a listen..Mute Witness is brilliant"}, {"author_id": 1406262641945841670, "id": 1493524138564063235, "text": "@zoo_bear Supreme Joke of India watching like a mute witness."}, {"author_id": 2901343243, "id": 1493446285667356673, "text": "RT @rangan_datta: Do you know it was possible to travel from Madras to Colombo on a single ticket? A cyclone in Dec 1964 changed it all. Ru\u2026"}, {"author_id": 335185706, "id": 1493437389993549825, "text": "RT @rangan_datta: Do you know it was possible to travel from Madras to Colombo on a single ticket? A cyclone in Dec 1964 changed it all. Ru\u2026"}, {"author_id": 1045906722995396608, "id": 1493426496324907010, "text": "RT @rangan_datta: Do you know it was possible to travel from Madras to Colombo on a single ticket? A cyclone in Dec 1964 changed it all. Ru\u2026"}, {"author_id": 304963914, "id": 1493425157855391744, "text": "RT @rangan_datta: Do you know it was possible to travel from Madras to Colombo on a single ticket? A cyclone in Dec 1964 changed it all. Ru\u2026"}, {"author_id": 151848965, "id": 1493402207055904770, "text": "RT @rangan_datta: Do you know it was possible to travel from Madras to Colombo on a single ticket? A cyclone in Dec 1964 changed it all. Ru\u2026"}, {"author_id": 169449079, "id": 1493383937858891779, "text": "RT @rangan_datta: Do you know it was possible to travel from Madras to Colombo on a single ticket? A cyclone in Dec 1964 changed it all. Ru\u2026"}, {"author_id": 4435889833, "id": 1493363141463445505, "text": "@SandmanSlim02 @USAintheRGV @AirCop264 @wolverinesegg @TheGuyNamedJoe @mkedgt2 @Can_ada @DevinNunesMulet @Tactical_review @YearRooster @GullScreaming @itsaboutdamnti1 @HuggyKitty @DorisMele @MarilynLavala @JackJolis @tolovana66 @AngryFleas @janeyK_KAG @traveler002 @Michael52068295 @LauraLeeBordas @Tom_Neverwinter @Trumpster1002 @TJ2020landslide @fantazia3247 @777_Shredder @FantaziaBrian @sherrylynnww1 @IMFletcherLives @ltucker8044 @Heat005498 @Vampirology @nofeardreams @ContraAffair @MarvinRJeffcoat @808FlyYogi @nancy41603 @kcinor @ghost321 @ReviewResist @Michel78118339 @Unpurgeable18 @TheJFKReport @TheeRogerWilco @LyndaHaller3 @TW42590118 @Richard4Short @SemperAdventum Just a reminder to everyone that was able to witness @USAintheRGV being a brazen liar feel free to mute them as I have."}, {"author_id": 32953571, "id": 1493290672324943874, "text": "RT @rangan_datta: Do you know it was possible to travel from Madras to Colombo on a single ticket? A cyclone in Dec 1964 changed it all. Ru\u2026"}, {"author_id": 1237121439871848448, "id": 1493283413767254018, "text": "RT @rangan_datta: Do you know it was possible to travel from Madras to Colombo on a single ticket? A cyclone in Dec 1964 changed it all. Ru\u2026"}, {"author_id": 2278801829, "id": 1493275775075708928, "text": "RT @rangan_datta: Do you know it was possible to travel from Madras to Colombo on a single ticket? A cyclone in Dec 1964 changed it all. Ru\u2026"}, {"author_id": 630041658, "id": 1493274304397471750, "text": "@dwightjaynes Don't you find very entertaining when you get to witness people attempting to call out others for being a dumb ass?  I know I do.  I mean any smart ass knows no one forces people on Twitter, and with just two taps, one can mute or block someone, thus making people not exist."}, {"author_id": 3571403292, "id": 1493274229847912450, "text": "Do you know it was possible to travel from Madras to Colombo on a single ticket? A cyclone in Dec 1964 changed it all. Ruins of Dhanuskodi still stands as a mute witness to an international transit point. \n\nhttps://t.co/EelPyPKTqL https://t.co/DrlWvhzpFq"}, {"author_id": 285640703, "id": 1493232363572191237, "text": "Watching every body IG story on mute not bout to \u201cHrs and Hrs\u201d me to smithereens. Just wanna witness y\u2019all being loved on tho\ud83e\udd70\ud83e\udd70\ud83e\udd70\ud83e\udd70"}, {"author_id": 3246456157, "id": 1493231408759783428, "text": "@GeorgeTakei Based on \"Mute Witness\" by Robert L. Pike (pseudonym)\n\nhttps://t.co/JSreXmknVw"}, {"author_id": 1492017187107704833, "id": 1493068000777232385, "text": "corpses, piled up like sand, shall witness, mute, even to the century to come, before the eyes of men, that never, being mortal, ought we cast our thoughts too high"}, {"author_id": 1313292171097845765, "id": 1492985610344316932, "text": "RT @Nuclear_Circus: The toys bore witness to the shame,\nSome smiling,\nSome mute,\nSome staring,\nIn distain,\nI lost all those toys now,\nExcep\u2026"}, {"author_id": 54308395, "id": 1492940213991186433, "text": "RT @Nervana_1: #Thread\nI am the generation who witnessed the collapse of the Soviet Union, the transformation of many ex-Soviet countries i\u2026"}, {"author_id": 44461009, "id": 1492917505882525700, "text": "RT @Nervana_1: #Thread\nI am the generation who witnessed the collapse of the Soviet Union, the transformation of many ex-Soviet countries i\u2026"}, {"author_id": 1341815534451531776, "id": 1492899562779987971, "text": "The toys bore witness to the shame,\nSome smiling,\nSome mute,\nSome staring,\nIn distain,\nI lost all those toys now,\nExcept for in my brain,\nOr perhaps my soul,\nHolds the center of my pain."}, {"author_id": 284290472, "id": 1492893338726502404, "text": "RT @Nervana_1: #Thread\nI am the generation who witnessed the collapse of the Soviet Union, the transformation of many ex-Soviet countries i\u2026"}, {"author_id": 1238334394164633600, "id": 1492891471649079302, "text": "RT @Nervana_1: #Thread\nI am the generation who witnessed the collapse of the Soviet Union, the transformation of many ex-Soviet countries i\u2026"}, {"author_id": 2284293776, "id": 1492891009730199557, "text": "(Acts 29:43967)  AND today one can witness by the INTERNET since the major media is as CLOSED MOUTH as a blind and mute person, THEY KNOW NOTHING, the pathetic servants of Satan's government, that the departments of the WHITE DEVIL'S governments run to do the bidding of Satan,"}, {"author_id": 46919036, "id": 1492890853366505481, "text": "RT @Nervana_1: #Thread\nI am the generation who witnessed the collapse of the Soviet Union, the transformation of many ex-Soviet countries i\u2026"}, {"author_id": 935508385281314816, "id": 1492878349068288005, "text": "@russia_brit @ASBMilitary Btw, we witness new sort absurdity in West..\n\"National interests\",\"real politicking\",\"values\" n etc are everlasting..\nBut the mode, modality is really smth newly invented !...like \"mute vs deaf\""}, {"author_id": 1266856862, "id": 1492872055649443846, "text": "RT @Nervana_1: #Thread\nI am the generation who witnessed the collapse of the Soviet Union, the transformation of many ex-Soviet countries i\u2026"}, {"author_id": 1410789368, "id": 1492857020483051520, "text": "RT @Nervana_1: #Thread\nI am the generation who witnessed the collapse of the Soviet Union, the transformation of many ex-Soviet countries i\u2026"}, {"author_id": 787403334558900224, "id": 1492855533002444800, "text": "RT @Nervana_1: #Thread\nI am the generation who witnessed the collapse of the Soviet Union, the transformation of many ex-Soviet countries i\u2026"}, {"author_id": 246993396, "id": 1492855512467218442, "text": "RT @Nervana_1: #Thread\nI am the generation who witnessed the collapse of the Soviet Union, the transformation of many ex-Soviet countries i\u2026"}, {"author_id": 256471627, "id": 1492852524386295815, "text": "RT @Nervana_1: #Thread\nI am the generation who witnessed the collapse of the Soviet Union, the transformation of many ex-Soviet countries i\u2026"}, {"author_id": 255040592, "id": 1492848835269480448, "text": "#Thread\nI am the generation who witnessed the collapse of the Soviet Union, the transformation of many ex-Soviet countries into liberal democracies.\nNow I witness the Western left deaf and mute to #UkraineCrisis; even defending Russia. 1/"}]