[{"author_id": 1168884146623713281, "id": 1495286415487291393, "text": "RT @GBandTw: \ud83c\udfa8Edmund Blair Leighton / My Fair Lady https://t.co/zvXh6lLkk4"}, {"author_id": 20696181, "id": 1495285507571388420, "text": "Jack Angel in A.I.\n\n&amp;\n\nMarni Nixon in My Fair Lady, The King &amp; I, West Side Story, and Mulan. https://t.co/nElrgBKNb4"}, {"author_id": 538271229, "id": 1495279971182518273, "text": "My Fair Lady is one of my favorite movies of all-time."}, {"author_id": 144963561, "id": 1495273399807090691, "text": "I remember when my only knowledge of Rosemi was @A_Libellule\u2019s retweets of fan art so Adam\u2019s \u2018Stiff British\u2019 persona and Rosemi\u2019s dress code gave me the most incorrect idea about her personality\nExpected: fair lady\nReality: \u2018meta this, meta that, have you ever met-a girl before?\u2019"}, {"author_id": 1615675988, "id": 1495262834581975043, "text": "London Bridge is broken down,\nBroken down, broken down\u266a\nLondon Bridge is broken down,\nMy fair lady\u266a"}, {"author_id": 48155362, "id": 1495262031825358848, "text": "RT @CARandDRIVER: A visual history of the @Nissan Z: https://t.co/jRJPhEh5sG https://t.co/pHlwtyRHHx"}, {"author_id": 1487094305676488705, "id": 1495262022497288192, "text": "RT @zxmnswko: Positive Asian Representation Case Study #112.  Selfie (2014) \ud83e\udd33.  Comedy stars Jon Cho as Henry, a marketing guru, who attemp\u2026"}, {"author_id": 1489465628113076225, "id": 1495260886419718146, "text": "breakfast at tifanny\u2019s is v iconic especially in the fashion industry but i think i\u2019ll choose my fair lady! \n\nmaganda rin roman holiday and sabrina. https://t.co/NHhTjMPJjC"}, {"author_id": 1306267854858326016, "id": 1495244190069964802, "text": "Apropos of nothing, here are my top five favorite films (in no particular order):\n\n-Alien\n-Dunkirk\n-Phantom Thread\n-Mad Max: Fury Road\n-My Fair Lady"}, {"author_id": 585194403, "id": 1495242105022828557, "text": "Was wondering where I recognize the sheriff from.. its Zoltan from My Fair Lady.. Theodore Bikel.  #TheDefiantOnes #TCMParty"}, {"author_id": 1082994389054570496, "id": 1495241922897657863, "text": "every single \"what character are you?\" quiz is inaccurate, because none of them have given me eliza doolittle from my fair lady !!!"}, {"author_id": 2986862755, "id": 1495230990322905088, "text": "@kdrama_menfess MY FAIR LADY!!! one of my fav"}, {"author_id": 64612181, "id": 1495228283226578946, "text": "the music in this musical is genius\n\nI think this and My Fair Lady are the best for pure music."}, {"author_id": 3441230533, "id": 1495225217555308546, "text": "@surpriseme_51 We gonna have to get over this age thing fair lady... :p haha, you intrigue me far too much, does my being an old soul not help ? lmao"}, {"author_id": 29497382, "id": 1495219778503557120, "text": "@AlexDKritikanze Yes, My Fair Lady!!!"}, {"author_id": 31533728, "id": 1495219212595482630, "text": "@paulericmorris My Fair Lady!!! These are the folks who were upset with Canadians fighting for their freedom??? \nA video game against a livelihood! Pastries against bread! How low we can go as a society?!"}, {"author_id": 1491564313072525322, "id": 1495214279099883520, "text": "Fair warning though, I talk about my lady troubles on my account a lot."}, {"author_id": 808232341189464064, "id": 1495210427764011008, "text": "@thecockwhore And yet my fair lady, my dm's are as barren as peasant farmer's field. Might I request thoust check thyself, before I wreck thyself. Thoust arte looking for the treatment of a naughty child, with but some spankings on the line"}, {"author_id": 1042420672847212544, "id": 1495208414020276224, "text": "RT @banko003: My Fair Lady https://t.co/U8siNwWrHY"}, {"author_id": 1429161919118721038, "id": 1495204428550311941, "text": "\u25cf My Fair Lady \n          2,5/5 https://t.co/uGdPgngO0P"}, {"author_id": 3441230533, "id": 1495204392798240772, "text": "@StaceyBox5 I already had all my diet cokes for today, you know what was missing..a follow from a supremely witty, pretty, mama named Stacey...so ty fair lady. ;)"}, {"author_id": 718955223750840320, "id": 1495197109863084033, "text": "My Fair Lady, starring David Spade. \r\rCo-starring Laurence Olivier, directed by James Gunn, music by Pixies. Budget: $5m"}, {"author_id": 1476412238655369228, "id": 1495194160311242763, "text": "My Fair Lady - I've Grown Accustomed to Her Face/The Ending https://t.co/qXyIpP7gMe via @YouTube do u hear her Higgins say that again into this horn u sound just like a Teesside cop when u say \u2018paedo\u2019"}, {"author_id": 491905190, "id": 1495188079270899716, "text": "@LePapillonBlu2 CNN is falling down ,falling down , my fair lady!! Lmaooo"}, {"author_id": 417516965, "id": 1495185254700621826, "text": "RT @nyttypos: The only film here that does predate the '70s is Cukor's 1964 \u201cMy Fair Lady,\u201d which is nice, might be Cukor's seventh best pi\u2026"}, {"author_id": 1173796947347611648, "id": 1495184914827853825, "text": "The only film here that does predate the '70s is Cukor's 1964 \u201cMy Fair Lady,\u201d which is nice, might be Cukor's seventh best picture https://t.co/UBQQO9MsBZ"}, {"author_id": 1264448242730668033, "id": 1495184113749299205, "text": "RT @kreepshowshop: ahhhH my new top came in i feel like a fair mf lady \ud83d\ude24\ud83c\udff0 https://t.co/ryrMqLV5gu"}, {"author_id": 1044231098006425601, "id": 1495179756417044481, "text": "Kirkland &amp; Ellis falling down...\nFalling down...\nFalling down...\nMy Fair Lady Liberty. \n\nJust say No to money laundering philanthropy. https://t.co/mkO3zj5YFa"}, {"author_id": 1330657914135203841, "id": 1495174506880585733, "text": "I know I'm down bad if I'm willing to suffer through My Fair Lady for QCX."}, {"author_id": 1463641494749855745, "id": 1495170715154272256, "text": "RT @SanamHooshvar: \ud83c\udf43\ud83c\udf3e\ud83c\udf37\ud83c\udf33\n\"Lady in the Garden\" \n\nJust have a little rest in the peaceful night of garden my dear Lady\ud83c\udf1b\ud83d\udcab\n\nFrom \"My fair Ladies\u2026"}, {"author_id": 1264448242730668033, "id": 1495170376459948038, "text": "ahhhH my new top came in i feel like a fair mf lady \ud83d\ude24\ud83c\udff0 https://t.co/ryrMqLV5gu"}, {"author_id": 1027002541840556032, "id": 1495169177396469760, "text": "Positive Asian Representation Case Study #112.  Selfie (2014) \ud83e\udd33.  Comedy stars Jon Cho as Henry, a marketing guru, who attempts to help social media influencer \ud83d\udcf8, Eliza (Karen Gillian) rebrand herself and make connections with actual people.  Loosely based on 'My Fair Lady'. https://t.co/bXXNpC5E7r"}, {"author_id": 1298648659362373632, "id": 1495167567111110656, "text": "This lineup was stacked: \u201cMean Girls,\u201d \u201cThe Lion King,\u201d \u201cThe Book of Mormon,\u201d \u201cMy Fair Lady,\u201d \u201c1776\u201d and more.\n@DenverCenter \n#Hamilton #historytheater \n\nhttps://t.co/K7FuYe48Bl"}, {"author_id": 1379318299348004869, "id": 1495161208348966912, "text": "As I went about my exacting examination, I happened to notice that piano. ...And I remembered that fair lady's melancholy melody."}, {"author_id": 761102021491462144, "id": 1495159309113913344, "text": "@RyDog2Nasty @drewwebbs Fair enough. Fortune lady\u2019s are my go to deck, synchro decks are fun"}, {"author_id": 1416190771825319936, "id": 1495156203810291713, "text": "RT @DineshDSouza: \u201cWhy can\u2019t a woman be more like a man?\u201d\u2014Henry Higgins, My Fair Lady"}, {"author_id": 169950251, "id": 1495154328985817090, "text": "@adlangford @Here4Sprina I saw him in my fair lady and after the show he came out and answered questions from the audience. A true gentleman."}, {"author_id": 1340737104431763457, "id": 1495151209988214785, "text": "RT @themellowing: #NowWatching \ud83d\udcfd\n\nMy Fair Lady\n\nReleased 1964\nDirected by George Cukor\n\n#ClassicFilm #AudreyHepburn https://t.co/DL9IqzUSLV"}, {"author_id": 3262097338, "id": 1495151089905283072, "text": "RT @CARandDRIVER: A visual history of the @Nissan Z: https://t.co/jRJPhEh5sG https://t.co/pHlwtyRHHx"}, {"author_id": 1337435487414456322, "id": 1495149020649558019, "text": "@joynessthebrave Fun fact: Julie Andrews originated the part of Eliza Doolittle on Broadway, but was not cast in the film of My Fair Lady because she was not a movie star. (Audrey Hepburn  who was, could not really sing, and had the songs dubbed in by Marni Nixon.) So Julie dusted herself off and"}, {"author_id": 4916901111, "id": 1495147638957694989, "text": "London bridge is falling down falling down falling down, London bridges falling down my fair lady https://t.co/Pq6ti4GqLU"}, {"author_id": 211217214, "id": 1495147307658104837, "text": "RT @CARandDRIVER: A visual history of the @Nissan Z: https://t.co/jRJPhEh5sG https://t.co/pHlwtyRHHx"}, {"author_id": 81581702, "id": 1495142115831074816, "text": "@sestivill \u2018My Fair Lady\u2019 https://t.co/I9ZpovXxCK"}, {"author_id": 1295099193573416967, "id": 1495140405825970182, "text": "@DeplorableNew Most welcome my precious sweet beautiful lady fair @DeplorableNew !\u2764\ud83d\udc8b"}, {"author_id": 1295099193573416967, "id": 1495140058684403715, "text": "@dekilahdivine A slinky dress with me knowing that you are wearing a Girdle, garters and stockings underneath my dearest sweet Angelic Beauty and lady fair @dekilahdivine !\u2764\ud83d\udc8b"}, {"author_id": 2885862996, "id": 1495138268106530817, "text": "RT @stonehenge2500: https://t.co/TPkzaeLCNi  .99 SALE LTD TIME!   Novel of Eleanor of Provence, wife of Henry III-the rhyme MY FAIR LADY mi\u2026"}, {"author_id": 200824974, "id": 1495137900425625603, "text": "Loving My Fair Lady - great to have Broadway in Cincinnati! https://t.co/HbpWk2DaqK"}, {"author_id": 178453749, "id": 1495131326202015747, "text": "Watching My Fair Lady in 4K. \n\nIt\u2019s so loverly in such high resolution. https://t.co/13g7uHK3hy"}, {"author_id": 1359929783577169924, "id": 1495130703180316673, "text": "@Natasha_Nrukami \"Hm... fair enough, I suppose.\"\nKariya hasn't heard of this lady either, but, what's the harm in making a new friend?\n\"Name's Koki Kariya. Think I can get your's before ya think about acceptin' my offer?\""}, {"author_id": 397020002, "id": 1495130642622955522, "text": "Yo, my fair lady is amazing"}, {"author_id": 64419746, "id": 1495129046828691459, "text": "@bookhoarding I love Audrey but this movie is sooooo underwhelming. It's got nothing on Funny Face or My Fair Lady"}, {"author_id": 494257551, "id": 1495128101759725578, "text": "RT @stonehenge2500: https://t.co/TPkzaeLCNi  .99 SALE LTD TIME!   Novel of Eleanor of Provence, wife of Henry III-the rhyme MY FAIR LADY mi\u2026"}, {"author_id": 945800022150574080, "id": 1495126579575463941, "text": "@MySingleVoice Trumpy's House is falling down, falling down, falling down, Trumpy's House is falling down, my fair lady!"}, {"author_id": 298139324, "id": 1495125368575258624, "text": "RT @stonehenge2500: https://t.co/TPkzaeLCNi  .99 SALE LTD TIME!   Novel of Eleanor of Provence, wife of Henry III-the rhyme MY FAIR LADY mi\u2026"}, {"author_id": 837847098179608577, "id": 1495123178867380230, "text": "@AZFilmArchivist My Fair Lady has an intermission too"}, {"author_id": 631786096, "id": 1495118008804536323, "text": "@ezralevant @DavidWolfe I hate this lady but to fair, it\u2019s not her fault her grandfather was a Nazi. If my grandfather was a Nazi I\u2019m hoping I could be judged based on my own actions in life. HER OWN ACTIONS make her evil. Let\u2019s be clear."}, {"author_id": 3567436755, "id": 1495113160105558016, "text": "RT @stonehenge2500: https://t.co/TPkzaeLCNi  .99 SALE LTD TIME!   Novel of Eleanor of Provence, wife of Henry III-the rhyme MY FAIR LADY mi\u2026"}, {"author_id": 2448231, "id": 1495112479915094019, "text": "@Lord_Steerforth @anon_opin \"A Hymn to Him\" by Rex Harrison (1956) or other \"raps\" he does in My Fair Lady."}, {"author_id": 850966793086783488, "id": 1495112027282546700, "text": "If the rumors are true about Harry Hadden-Paton doing My Fair Lady again in London.... I need to figure out which organs I can sell and live without fast...."}, {"author_id": 1305155796465049600, "id": 1495108715598462985, "text": "Waiting for My Fair Lady Broadway tour to start. Here at this theatre in Cincinnati you still have to show proof of vaccination and wear a mask. https://t.co/DCw6UAsptj"}, {"author_id": 826340635, "id": 1495107576735973380, "text": "event #1: my fair lady https://t.co/nNnddqjxpJ"}, {"author_id": 18769790, "id": 1495106920306327563, "text": "@itsmargarethall Honorable Mentions: WSS 1961 Robbins/Wise version.  Funny Girl 1968 William Wyler.  Gypsy 1962 Mervyn LeRoy. A Chorus Line 1985 Sir Richard Attenborough. Sound of Music 1965 Robert Wise. My Fair Lady 1964 George Cukor.  Funny Face 1957 Stanley Donen. Gigi 1958 Vincente Minnelli"}, {"author_id": 3015324934, "id": 1495106260378730498, "text": "RT @stonehenge2500: https://t.co/TPkzaeLCNi  .99 SALE LTD TIME!   Novel of Eleanor of Provence, wife of Henry III-the rhyme MY FAIR LADY mi\u2026"}, {"author_id": 850329427561119745, "id": 1495106130892185605, "text": "@WhimbleB @ganymedeworld And wise... My Fair Lady"}, {"author_id": 1405998102499180554, "id": 1495104119178252288, "text": "1965 \u2013 Warner Bros. Pictures for \"My Fair Lady\"\n\u2b50\ufe0f\u2b50\ufe0f\u2b50\ufe0f https://t.co/2ePYofkbpl"}, {"author_id": 25822816, "id": 1495101864530042882, "text": "#LGBT History 3. b. Feb. 19, 1920, George Rose, Bicester, Oxfordshire, England, stage/film actor, singer, Tony Award \u201cMy Fair Lady\u201d (1976 Broadway revival), \u201cThe Pirates of Penzance\u201d (Broadway 1980, film 1983), \u201cThe Mystery of Edwin Drood\u201d (1986); murdered by adopted son in 1988. https://t.co/tbQoxkykzj"}, {"author_id": 604104740, "id": 1495097801457291267, "text": "@HodgeTheCat I named my cats Hubert, Eliza &amp; Ditto. Eliza was named after Audrey Hepburn in My Fair Lady. Hubert was named after Hubert The Harris lion the mascot for The Harris bank in #Chicago\nI had a big stuffed one as a kid. Ditto was named that since he looked just like Hubert when young"}, {"author_id": 1094730896387780611, "id": 1495096762322857988, "text": "RT @loyaltilludie: My Fair Lady \ud83e\udd0d https://t.co/CLrL4pIOLf"}, {"author_id": 1094730896387780611, "id": 1495096370667130880, "text": "My Fair Lady \ud83e\udd0d https://t.co/CLrL4pIOLf"}, {"author_id": 1236829977150132224, "id": 1495095976935276545, "text": "@TorielMommaMilf \"so is anything fair game my lady or do you have some rules\" https://t.co/paxfR86UNY"}, {"author_id": 1296792502171656197, "id": 1495095642531987456, "text": "@lady_althaea @vasilisonka my fair lady au!!!"}, {"author_id": 461642257, "id": 1495093950964772870, "text": "RT @CARandDRIVER: A visual history of the @Nissan Z: https://t.co/jRJPhEh5sG https://t.co/pHlwtyRHHx"}, {"author_id": 161732321, "id": 1495088967347322890, "text": "@MelonPipSqueak @Manxy Oi, I was brunged up in our fair capital. That there Londinium my good lady \ud83d\ude02\ud83d\ude02"}, {"author_id": 978811512012894215, "id": 1495087609932140544, "text": "@PrTectBLKwomen Some people really want to live their heroic my fair lady/pretty woman fantasy at our expense smh"}, {"author_id": 906175531, "id": 1495084172314038284, "text": "RT @cheshamtownapp: #CheshamTownApp - Join @Chesham_CMTC for #MyFairLady at @ElgivaTheatre!\n\nBook Here: https://t.co/XtWEDXH3FP\n\n\u2705 Starting\u2026"}, {"author_id": 1341605787110653952, "id": 1495082846712643588, "text": "My Fair Lady \ud83d\ude0b\u2764\ufe0f\u2764\ufe0f. https://t.co/d8H6gUGgNw"}, {"author_id": 1295099193573416967, "id": 1495080692157456389, "text": "@DrTrumpYou1 @aspen7581 Great thread lady fair @DrTrumpYou1 as my company threatened me until Governor Desantis got a state law to block this nonsense"}, {"author_id": 4057343133, "id": 1495079182476275714, "text": "RT @CARandDRIVER: A visual history of the @Nissan Z: https://t.co/jRJPhEh5sG https://t.co/pHlwtyRHHx"}, {"author_id": 497558957, "id": 1495078175130279939, "text": "RT @CARandDRIVER: A visual history of the @Nissan Z: https://t.co/jRJPhEh5sG https://t.co/pHlwtyRHHx"}, {"author_id": 12837932, "id": 1495076973755912201, "text": "This lineup was stacked: \u201cMean Girls,\u201d \u201cThe Lion King,\u201d \u201cThe Book of Mormon,\u201d \u201cMy Fair Lady,\u201d \u201c1776\u201d and more.\n@DenverCenter \n#Hamiton #historytheater #Denver \n\nhttps://t.co/mdmjCwdCRX"}, {"author_id": 1480143053457276929, "id": 1495072246158610434, "text": "@Silvia__Piccola ABSOLUTELY SPECTACULAR MIDRIFT MY FAIR LADY  !!!"}]