[{"author_id": 1355392121432371201, "id": 1495284006736347137, "text": "@shash1960 My family was conservative long before that. My dad never got over what the media did to Goldwater. Mom was an army officer's daughter so they were pretty far right also."}, {"author_id": 340989745, "id": 1495284001443135490, "text": "#letgoandletgod\ud83d\ude4f \nFather god I'm forever thankful for all that has been granted unto my family and myself and I pray that I will be given the strength that is needed to work for all that my family and myself needs. https://t.co/JhPNGBXbji"}, {"author_id": 74791200, "id": 1495283998033121282, "text": "RT @Oldglorycries: I wear my mask &amp; take my vaccine, so my government doesn't kill me &amp; ruin my family's life.\n\nAm I doing this right?"}, {"author_id": 1159458062412836871, "id": 1495283996019757058, "text": "RT @beeniesong: #OneYearWithVincenzo \u2013 I found my way home\n\nHappy Anniversary to Vincenzo aka my second home \ud83e\udd0d  \n\nNo words are enough to de\u2026"}, {"author_id": 1476544206269153280, "id": 1495283990886256645, "text": "RT @rameshlaus: Actor #AjithKumar to Dir #HVinoth after watching #Valimai \n\n\u2018I feel proud to have done this film. I\u2019m going to screen this\u2026"}, {"author_id": 1427650466, "id": 1495283989019602951, "text": "RT @prof_ishimaru: Today is 80th anniv of the US exec order that incarcerated my whole family &amp; 120,000 Americans of Japanese descent. THIS\u2026"}, {"author_id": 1239847772943044608, "id": 1495283987866173441, "text": "RT @mimilalaflyfly: Yuzu's performance is not only the beauty but also more about the life. He showed his everything on the ice.\nHow to liv\u2026"}, {"author_id": 1308875879980900352, "id": 1495283987807457282, "text": "RT @curmarrieddad: Just snuck in a quick load while my family was out at the store. Love a Sunday evening bate.  Hope y\u2019all are all taking\u2026"}, {"author_id": 1152340842297741312, "id": 1495283987631116299, "text": "might be going to universal studios so imma make my family recreate this https://t.co/lKpCdz7Gvy"}, {"author_id": 978105904980664322, "id": 1495283983919292416, "text": "RT @GeorgeTakei: My family and I were kidnapped at gunpoint from our house in LA and transferred to two separate barbed wire-enclosed camps\u2026"}, {"author_id": 40005554, "id": 1495283978844188674, "text": "@Jaegersmomma @DrVirgo1981 Yep. I never even bothered asking. Meanwhile I never wanted kids and have multiple women in my family tree who had horrible pregnancy issues so there is a solid argument to be made about avoiding pregnancy and a family history of clots which makes hormonal birth control a bad \u2026"}, {"author_id": 36972878, "id": 1495283977539575810, "text": "@ASyntaxError Congratulations \ud83c\udf89 #Finland. My family in Helsinki is over the \ud83c\udf1d ! \ud83e\udd47\ud83d\udc4f"}, {"author_id": 1301949882979287040, "id": 1495283973743730691, "text": "I feel shame that my family had a past of communism. Now communists specially in Bengal have become so irrelevant. They won't talk on jobs, roads but will do cheap roadside stunts &amp; sell votes to BJP. This is why they are zero today. \ud83d\ude02"}, {"author_id": 705406363, "id": 1495283973399920641, "text": "RT @CtrlWillow: \u203c\ufe0f ONLY $462 LEFT UNTIL THE GFM IS FULL \u203c\ufe0f \n\nPlease just B00ST as much as you can do we can get over through this final str\u2026"}, {"author_id": 1171725777517318144, "id": 1495283971965726721, "text": "@GeorgeTakei Very true, and it could happen to any one else from other nationalities as well, but people don\u2019t think it could happen to them, I\u2019m sure you &amp; your family went through hell, I\u2019m so sorry, my family and I went through something very similar many yrs ago."}, {"author_id": 1097766848777543680, "id": 1495283968698368005, "text": "RT @mimilalaflyfly: Yuzu's performance is not only the beauty but also more about the life. He showed his everything on the ice.\nHow to liv\u2026"}, {"author_id": 1953518828, "id": 1495283966370549761, "text": "RT @SifaMohammed: Me and my family\u2019s choice . @SafaathForARR @safaathahmed"}, {"author_id": 99868803, "id": 1495283961009999879, "text": "RT @thetemptations: .@smokeyrobinson Happy Birthday brother, I know its your special day tomorrow. Remembering those early days, especially\u2026"}, {"author_id": 16909540, "id": 1495283959009361924, "text": "@KickinRead @AnnKingman I love learning this stuff! One of my fav facts about my family is that Holden MA is named for my ancestor - he was gifted the town after the revolution.\n\nAnd, my dad\u2019s 6th g-grandfather and my mom\u2019s 7th gg were both on the same ship from England, not long after the Mayflower."}, {"author_id": 1400759773688066054, "id": 1495283956832296961, "text": "RT @beeniesong: #OneYearWithVincenzo \u2013 I found my way home\n\nHappy Anniversary to Vincenzo aka my second home \ud83e\udd0d  \n\nNo words are enough to de\u2026"}, {"author_id": 2971747938, "id": 1495283954525835269, "text": "told my mom that ill be buying my family's hair products from now on because we gotta embrace our curls and waves and go thru that sulfate-free and paraben-free transition woot woot"}, {"author_id": 1271649710068002816, "id": 1495283949496508417, "text": "RT @rameshlaus: Actor #AjithKumar to Dir #HVinoth after watching #Valimai \n\n\u2018I feel proud to have done this film. I\u2019m going to screen this\u2026"}, {"author_id": 802098255584755712, "id": 1495283948750241796, "text": "RT @ItzThanesh: Imran Tahir :\n\nCSK family is very close to my heart\n\nCSK is the best team I've played for\n\nIm Proud to represent CSK Franch\u2026"}, {"author_id": 742107732, "id": 1495283948158660612, "text": "@KirstenAcuna Lol this is similar to my ex gf\u2019s family. Her dad is a twin, and they were dating sisters who were not twins but looked similar to each other"}, {"author_id": 1337363265400127490, "id": 1495283946560495619, "text": "RT @chavincenzo: #OneYearWithVincenzo: HAPPY ANNIVERSARY TO MY FAVORITE DRAMA EVER.\n\ni don't have words to describe how it feels... always\u2026"}, {"author_id": 110919147, "id": 1495283942190383108, "text": "@ItsJustMeRED @cin__love @dauschmo @BCNYA_L8R @CupKatie00 @Erica7016 @Magirly9 @lobo0506 @Anname510 @CraigWa56 @finsterfam @MaxSteele45 @MichaelMM1962 @Mark_McManus_ @1LostSoul21 \ud83d\udc95\ud83d\udc96 AMERICAN loving America.I love God, my family and like minded patriots\ud83d\udc9a\ud83d\udc9b\ud83d\udc98 \u273c  \u0489  \u0489  \u0489  \u0489 &lt;&gt;\ud83c\udd78\ud83c\udd75\ud83c\udd71\ud83c\udd70\ud83c\udd7f&lt;&gt; \u0197\u20a6$\u20ae\u20b3\u20a6\u20ae\u2c60\u00a5 \u273c  \u0489  \u0489  \u0489  \u0489\u2764\u270c\u270c\n\n\ud835\udc1d\u03b5\u24bb\ud835\udc04\ud835\udc27\ud835\udcb9 \u0163\uff28\u03b5 \ud835\udcc3\ud835\udc00\ud835\udd31\ud835\udcf2\ud835\udc28\ud835\udc0d. https://t.co/0q2LyX2hZh"}, {"author_id": 501362368, "id": 1495283936322220038, "text": "RT @ShowtimeTooCOLD: Last game in The Den was perfect thank you my Adams State family for accepting me and taking care of me for these past\u2026"}, {"author_id": 1352286580812226560, "id": 1495283933994528769, "text": "RT @damian_102798: Haven\u2019t watched a film with my entire family in over 15 years, the last movie we saw together was Spider-Man 3 in 2007.\u2026"}, {"author_id": 951906954997305344, "id": 1495283932836814849, "text": "RT @anthonyhood824: Never Forgotten My Family Friend and brother, friend, classmate, teammate."}, {"author_id": 974094052722401282, "id": 1495283931687522304, "text": "RT @CricCrazyJohns: Saha (in Sportstar) said \"When I left to SA, my wife was admitted - she is better but not fully fit so with bubble, I d\u2026"}, {"author_id": 1346506753752641547, "id": 1495283927363334146, "text": "RT @thepoetpreneur: 3 weeks to wedding, my guy canceled it bcos his girl's mother couldn't control her. She doesn't listen to anybody in he\u2026"}, {"author_id": 1451923925315690504, "id": 1495283925606105090, "text": "We have communication problem in our family. My parents would always do things either last minute or very long-waiting. For example, this morning, they invite me for breakfast at restaurant and I haven\u2019t yet showered. Now, they invite me for lunch but i have been waiting for 2hrs"}, {"author_id": 1262335984491827201, "id": 1495283925111152640, "text": "RT @MamataOfficial: Our senior colleague, party leader and Cabinet Minister Sadhan Pande has passed away today morning at Mumbai. Had a won\u2026"}, {"author_id": 1451081727124725767, "id": 1495283924804988929, "text": "RT @rameshlaus: Actor #AjithKumar to Dir #HVinoth after watching #Valimai \n\n\u2018I feel proud to have done this film. I\u2019m going to screen this\u2026"}, {"author_id": 363955351, "id": 1495283919696056320, "text": "Haven\u2019t spoken to any of my friends or family today despite messages because I\u2019m just so embarrassed over it. I know I shouldn\u2019t be but it\u2019s just such a strange feeling"}, {"author_id": 3617594359, "id": 1495283918177996800, "text": "RT @rameshlaus: Actor #AjithKumar to Dir #HVinoth after watching #Valimai \n\n\u2018I feel proud to have done this film. I\u2019m going to screen this\u2026"}, {"author_id": 1492134414767517696, "id": 1495283917015814144, "text": "@Advaidism I thought Karnataka is a rss state. But may b it is incorrect\nFrom my childhood I saw kannadi people very communal including some of my family friends from karnataka\nThey met us with open heart but my parents &amp; I could gauge suppressed hatred in their hearts for muslims"}, {"author_id": 1142831900471496706, "id": 1495283916940349442, "text": "RT @rameshlaus: Actor #AjithKumar to Dir #HVinoth after watching #Valimai \n\n\u2018I feel proud to have done this film. I\u2019m going to screen this\u2026"}, {"author_id": 1359766087995392000, "id": 1495283909948743681, "text": "RT @MamataOfficial: Our senior colleague, party leader and Cabinet Minister Sadhan Pande has passed away today morning at Mumbai. Had a won\u2026"}, {"author_id": 1176511779981205506, "id": 1495283909533347842, "text": "It was a great experience for me to be a part of the PSL.i enjoyed my time &amp; definitely can say Islamabad United is part of my https://t.co/1gxpxoX6Cy it\u2019s time for national duty as it\u2019s always above everything\u2665\ufe0f\ud83d\ude4f https://t.co/dUIO8ftL3o"}, {"author_id": 1360803462536179714, "id": 1495283908900003846, "text": "RT @billybinion: The FBI seized nearly $1 million from Carl &amp; Amy Nelson\u2014and never charged them with a crime.\n\nTo survive, they sold their\u2026"}, {"author_id": 1359766087995392000, "id": 1495283905787985922, "text": "Our senior colleague, party leader and Cabinet Minister Sadhan Pande has passed away today morning at Mumbai. Had a wonderful relation for long. Deeply pained at this loss. My heartfelt condolences to his family, friends, followers. https://t.co/pzd9lvmwBw"}, {"author_id": 1437219716800544770, "id": 1495283901568192516, "text": "I love my lil family \ud83d\udc69\u200d\ud83d\udc67\u200d\ud83d\udc66"}, {"author_id": 2451239770, "id": 1495283894291099650, "text": "@cannaBree My moms is ok with it now\u2026my dad and his family have this uppity ass image they think they are apart of so I\u2019m the black sheep for real\ud83d\ude02\ud83d\ude02\ud83d\ude02"}, {"author_id": 478739122, "id": 1495283893750095873, "text": "RT @CanadaDistress: It's Saturday night, and instead of being out with friends, I'm sitting infront of a fire, wondering how I can get 11 m\u2026"}, {"author_id": 1112284843398873088, "id": 1495283887223758851, "text": "@kriistiecorn I pray that the La familia Madrigal can help me out here. I feel like part of the family with my own Encanto character that I wanted to make just being very obsessed with it. A bad thing though have no Gift me and Mirabel as just wanted it this way with Mirabel being top favorite https://t.co/G5QJWsJNhh"}, {"author_id": 1537891352, "id": 1495283886959386625, "text": "Me and my family\u2019s choice . @SafaathForARR @safaathahmed https://t.co/3cygcKG7D2"}, {"author_id": 1397911894116155393, "id": 1495283885890019328, "text": "RT @HinataHyuga4609: My son has the better cock in the family. https://t.co/9MlSZdr64m"}, {"author_id": 2173397474, "id": 1495283885722136577, "text": "attcked my whole family https://t.co/D87RGeYNBy"}, {"author_id": 1211995746716667904, "id": 1495283884392849410, "text": "RT @rameshlaus: Actor #AjithKumar to Dir #HVinoth after watching #Valimai \n\n\u2018I feel proud to have done this film. I\u2019m going to screen this\u2026"}, {"author_id": 802212216309067776, "id": 1495283876872462337, "text": "idfc if no one can send me to my college or can't attend my convocation cause i really don't fckin care. already know that i was born to be alone so i don't expect much from this family"}, {"author_id": 1299944613751398400, "id": 1495283873122758660, "text": "RT @ItzThanesh: Imran Tahir :\n\nCSK family is very close to my heart\n\nCSK is the best team I've played for\n\nIm Proud to represent CSK Franch\u2026"}, {"author_id": 1220369595594412036, "id": 1495283872816320512, "text": "On behalf of myself and my family as well as members of the Adhk\u0101r space, I nominate @Ibilola02 for Hadith."}, {"author_id": 974833319073406976, "id": 1495283870354198529, "text": "RT @gems_1000: I am the first millionaire in my family\ud83d\udd25\ud83d\ude80 thanks to #Crypto \nAlways believed in \ud83d\udcaa\u2764\ufe0f"}, {"author_id": 1471385157869264896, "id": 1495283869314351106, "text": "RT @MamataOfficial: Our senior colleague, party leader and Cabinet Minister Sadhan Pande has passed away today morning at Mumbai. Had a won\u2026"}, {"author_id": 2890448216, "id": 1495283869234663430, "text": "RT @harshad_de: Set a reminder for my upcoming Space! https://t.co/Ul9SVSghLo\n\n@CmaRakeshSingh @iamsanketpandit @CMAPappan @indCMAs @cmaclu\u2026"}, {"author_id": 1465266949, "id": 1495283868538392580, "text": "RT @FaboisMe: I will be the first millionaire in my family \nThanks to #SAFEMOON \n\ud83d\ude80\ud83c\udf15"}, {"author_id": 153239580, "id": 1495283867837624322, "text": "@al_masani @kinsellawarren @Ott_PoliJunkie Again. Every word of that is wrong. Nat'l Socialists were extreme right wing (lol). Did I know? Yes, since they murdered my family. You say big words and don't know what any of them mean. Crack open a history book."}, {"author_id": 1268442259986530305, "id": 1495283862683136002, "text": "RT @rameshlaus: Actor #AjithKumar to Dir #HVinoth after watching #Valimai \n\n\u2018I feel proud to have done this film. I\u2019m going to screen this\u2026"}, {"author_id": 1448980508935798789, "id": 1495283853765726216, "text": "RT @MamataOfficial: Our senior colleague, party leader and Cabinet Minister Sadhan Pande has passed away today morning at Mumbai. Had a won\u2026"}, {"author_id": 1413167434924797957, "id": 1495283851559505922, "text": "RT @jasonjamesbnn: My dad's from Cold Lake. Mom's from Red Deer. I was born in Edmonton. Wife and I decided we can't take it in BC anymore\u2026"}, {"author_id": 1385052891652763648, "id": 1495283840075677697, "text": "@BallardDarian @ullr_rover I\u2019m in a similar boat. My father\u2019s and mother\u2019s family were dirt poor, my family and wife\u2019s family are lower middle class. We aren\u2019t inherited wealth people, that\u2019s why I\u2019m telling you how incomprehensible this is to me. A few of them went all in on the ground floor. Wish I did."}, {"author_id": 1330400705295896581, "id": 1495283837538033666, "text": "RT @ArthShahverdyan: Primos, this is one of my followers and he\u2019s family lost their house because of the latest flood in Brasil. In \"sos_se\u2026"}, {"author_id": 1379899322259677186, "id": 1495283835910725638, "text": "RT @CtrlWillow: \u203c\ufe0f ONLY $462 LEFT UNTIL THE GFM IS FULL \u203c\ufe0f \n\nPlease just B00ST as much as you can do we can get over through this final str\u2026"}, {"author_id": 406038515, "id": 1495283835151466499, "text": "RT @myweaponfactory: falling asleep before midnight? what\u2019s next, dying surrounded by the love of my friends and family?"}, {"author_id": 980825749, "id": 1495283834811826178, "text": "RT @Coach_Neely: After spending a day with my family, I finally got a chance to watch @HBCULegacyBowl . I am extremely proud of @Rafiqaw96\u2026"}, {"author_id": 1217645408824020993, "id": 1495283833758957568, "text": "RT @CtrlWillow: \u203c\ufe0f ONLY $462 LEFT UNTIL THE GFM IS FULL \u203c\ufe0f \n\nPlease just B00ST as much as you can do we can get over through this final str\u2026"}, {"author_id": 1458153897206288390, "id": 1495283831498162179, "text": "RT @Skodenfool: Appreciate the family @Crypt0Monkeyz @NFT_Elector @digispook   I will also throw in a random NFT from my collection! \n-foll\u2026"}, {"author_id": 1192421576945393664, "id": 1495283827912196096, "text": "I\u2019ve been with my family long enough, not saying I don\u2019t love them or anything. I just need time to myself so that I can miss them."}, {"author_id": 1458616045418139649, "id": 1495283813391671302, "text": "RT @RinaLeeCasino: Found a spot thanks again to my #shaibie family\ud83d\udc99\ud83d\udc99\ud83d\udc99 https://t.co/L9eM9T2UUV"}, {"author_id": 1300620567708463105, "id": 1495283812292386816, "text": "RT @SonyPicture_: Actor #AjithKumar to Dir #HVinoth after watching #Valimai \n\n\u2018I feel proud to have done this film. I\u2019m going to screen thi\u2026"}, {"author_id": 1025911551163813890, "id": 1495283811722358789, "text": "SIR HELPLESS HON PM &amp; CM @ CORRUPTION UNABLE TO RELEASE REVISED FAMILY PENSION OF 89 YR CITIZEN PLEADING SINCE 11/9/18 FOR REVISION@ 7 PAY COMMISSION ACK BY HON CM PRAYED 2 DIRECT HON CM 2 REVISE MY FAMILY PENSION@ EARLIEST UP VOTED 4 MOST CORRUPT STATE @narendramodi @ChiefSecyUP https://t.co/BDIA81PFm6"}, {"author_id": 1290326727630245890, "id": 1495283808362541061, "text": "RT @DemoOfUK: You people that fvck your friend\u2019s babe are wicked &amp; foolish. People need to stay away from you lot cos you can do worse than\u2026"}, {"author_id": 728277136654671876, "id": 1495283802628755464, "text": "I spoke highly of one of my bf\u2019s family members &amp; then got slapped in the face with their true colors \ud83e\udd72 seriously, never again lmaooo https://t.co/L8xh17CVuj"}, {"author_id": 254830923, "id": 1495283801664020482, "text": "My family was a victim of the evil communist of China. I am so familiar with how a dictator deal with civilian peaceful protests. Experienced what Trudeau has been doing against the people, I am still confident Canada is still and will be one of the best countries in the world. https://t.co/rYgXGVbz71"}, {"author_id": 34948888, "id": 1495283800976281600, "text": "Want Good food?\n\nJust use my code POG-SE-285 to get up to 16 FREE MEALS + 3 SURPRISE GIFTS across your 6 HelloFresh boxes, plus free shipping on your first box at \nhttps://t.co/AxJpI2jqKF\n\n#HelloFresh https://t.co/sLqI1VrdXh"}, {"author_id": 1213272104012894208, "id": 1495283799734763520, "text": "@Mimislemonhaze @arghavan_salles My whole family wear nappies for bed."}, {"author_id": 557686926, "id": 1495283793946882054, "text": "@iamsrk good morning my Farishta \ud83c\udf39 this place is so dull without your presence...dying to see your tweet...hope all good with you &amp; family...take care of yourself...love you unconditionally \ud83d\udc95 https://t.co/dx4zufb1Bz"}, {"author_id": 1495281781498683394, "id": 1495283790159265793, "text": "40/03/65 06:12:13 \u0645e\nSurrounded by all the members of my dear family, enjoying the affect\n\nhttps://t.co/08pFKo6pcF https://t.co/OvO4nByoF1"}, {"author_id": 1308495992979779584, "id": 1495283786493222914, "text": "RT @GeorgeTakei: My family and I were kidnapped at gunpoint from our house in LA and transferred to two separate barbed wire-enclosed camps\u2026"}, {"author_id": 1495281692382224385, "id": 1495283784111038470, "text": "80/04/53 33:05:66 \u0645e\nSurrounded by all the members of my dear family, enjoying the affect\n\nhttps://t.co/hGsh7fNHRn https://t.co/B2NXeuitW7"}, {"author_id": 1482660609561079815, "id": 1495283776452284417, "text": "Thank You so much \ud83d\ude02 Late Valentines Gift from my Family \ud83d\ude18 #fyp #fyp\u30b7 #foryou https://t.co/256pLN6rFZ"}, {"author_id": 1379614166298865672, "id": 1495283771439927299, "text": "\u2014What about MY sadness!? My family... friends... The sadness of having my hometown taken away from me!? It's the same as your sadness!"}, {"author_id": 765689146996236288, "id": 1495283770324226049, "text": "RT @GeorgeTakei: My family and I were kidnapped at gunpoint from our house in LA and transferred to two separate barbed wire-enclosed camps\u2026"}, {"author_id": 2806686169, "id": 1495283767421906945, "text": "RT @Sophiqi: how Punjabi is my family, you ask? https://t.co/bpp77luEyy"}, {"author_id": 2941791639, "id": 1495283764351623170, "text": "RT @CtrlWillow: \u203c\ufe0f ONLY $462 LEFT UNTIL THE GFM IS FULL \u203c\ufe0f \n\nPlease just B00ST as much as you can do we can get over through this final str\u2026"}, {"author_id": 1276024944, "id": 1495283761210085379, "text": "RT @RICHARDLNEWBY: Most folks on here know what kind of person I am. But I hate that those slanderous tweets remain for those who don\u2019t, an\u2026"}, {"author_id": 1409860040521965572, "id": 1495283760052375552, "text": "RT @TFC_mass: EXCLUSIVE :\n\n #AjithKumar Sir to Dir #HVinoth after watching #Valimai \n\n\u2018I feel proud to have done this film. I\u2019m going to sc\u2026"}, {"author_id": 1246886807230238720, "id": 1495283755380002818, "text": "RT @JoshuaVatsN: My heart is heavy for my family because they aren't saved. \ud83d\ude22\n\nPlease pray for their salvation. \ud83d\ude4f\ud83c\udffc\n\nIf you have unsaved fri\u2026"}, {"author_id": 1378221631747727363, "id": 1495283750812282880, "text": "@thelittlesnft @Bella81212362 @thesunniesnft enjoying the company with your family on the weekends brightens up everyday of my life.\n0x48A5062528bCEE153d72897a98791a9060BdDf95"}, {"author_id": 1290729587538681858, "id": 1495283748316725252, "text": "RT @CodyWolfeMusic: All I wanted to do from the time I was 6 years old was to become an entertainer. Here I am 21 years later, I never gave\u2026"}, {"author_id": 1009142103497236481, "id": 1495283747838742535, "text": "RT @CtrlWillow: \u203c\ufe0f ONLY $462 LEFT UNTIL THE GFM IS FULL \u203c\ufe0f \n\nPlease just B00ST as much as you can do we can get over through this final str\u2026"}, {"author_id": 834069406095249410, "id": 1495283746815156227, "text": "RT @Timmango99: Putting it out into the universe and saying how I will be able to make it into real estate and work hard to give everything\u2026"}, {"author_id": 209912321, "id": 1495283744789381121, "text": "I had an amazing time with family tonight \ud83e\udd70 they literally ranted and raved about my dinner menu."}, {"author_id": 1472148299209752576, "id": 1495283744583950336, "text": "@emnet_negash My condolences to you and your family. I am sorry to hear this tragic news \u2014May God heals our broken hearts."}, {"author_id": 22583220, "id": 1495283737793343491, "text": "RT @RepJayapal: Thinking of our @Surgeon_General \u2014and my good friend\u2014and sending healing powers to you and your family. You always have the\u2026"}, {"author_id": 1367435285630484480, "id": 1495283737248112641, "text": "RT @JaxxTellerr: I HATE SEEING THIS HAPPEN, PLEASE PROTECT MY @AzukiZen FAMILY, DO SOMETHING @opensea , THIS GUY STEALS AND SELLS IMMEDIATE\u2026"}, {"author_id": 1091025590323310593, "id": 1495283736434278402, "text": "RT @SachinPilot: My condolences on the untimely demise of Shri Ravish Tiwari, Senior Journalist of The Indian Express. His demise has left\u2026"}, {"author_id": 1446833070699528193, "id": 1495283732646748162, "text": "RT @AITCSanghamitra: @MamataOfficial Saddened to know . My condolences to the family and friends. Rest in Power Sir. Om Shanti... \ud83d\ude4f"}]