[{"author_id": 242458141, "id": 1495274224335802370, "text": "@sasha_sue87 All my girls are adopted. I\u2019m thankful everyday that their mothers had the courage to choose life. This world is a better place with them in it and I am blessed to be their dad."}, {"author_id": 2910245990, "id": 1494368507454054431, "text": "Watching China from afar, hearing about the demands on Chinese mothers and children, I felt dreadful. But through listening carefully to my interviewees\u2019 stories, I begin to understand what it felt like to be in their situation. I begin to appreciate their courage and humor.3/3"}, {"author_id": 1482195169751580672, "id": 1493663965800398853, "text": "RT @FLOTUS45: In July, I visited The Mary Elizabeth House, an inspiring place that helps to empower young women &amp; mothers in &amp; out of the #\u2026"}]