[{"author_id": 842645560045850631, "id": 1495281972394004481, "text": "RT @evildeerboy: i love the implication here that nadja is willing to dress era-appropriate but she just refuses to in the 2020s"}, {"author_id": 14354011, "id": 1495281789816000512, "text": "Watching what we do in the shadows, for the 13th time, so now it\u2019s like academics. When Nadja couldn\u2019t go in Geoff/Gregor\u2019s parking garage my husband explained it\u2019s because vampires can\u2019t enter unless invited in. My husband said it\u2019s embarrassing I don\u2019t know this? Plz weigh in."}, {"author_id": 1328647644898594816, "id": 1495281236691931139, "text": "NADJA: Can you stop crying on my lawn, please?"}, {"author_id": 1079276843205910528, "id": 1495281173123239937, "text": "RT @evildeerboy: i love the implication here that nadja is willing to dress era-appropriate but she just refuses to in the 2020s"}, {"author_id": 2384477792, "id": 1495280081433812995, "text": "RT @evildeerboy: i love the implication here that nadja is willing to dress era-appropriate but she just refuses to in the 2020s"}, {"author_id": 1492312609252679687, "id": 1495275540713979904, "text": "Its sound like Nadja run around without hers eye's in the forrrest. How many girls have Loaye took their eye's and injected us with mana so lot's of us are end up in a virtual reality worrld also called matrix, I know where those eye's come from #analyse\n\n i see dead people \ud83d\udc7b"}, {"author_id": 1228197792952152071, "id": 1495274613890244610, "text": "RT @evildeerboy: i love the implication here that nadja is willing to dress era-appropriate but she just refuses to in the 2020s"}, {"author_id": 1438953686164819982, "id": 1495272771122868230, "text": "The crew: would you.. would consider yourself Laszlo's muse?\n\nNadja: yeah~ a little~ maybe~\n\nThe crew: what is a muse?\n\nNadja: I mean I was Gregor's muse when he mongered all those\n\nUnkaahJahhhmz~"}, {"author_id": 237393592, "id": 1495270915436855298, "text": "RT @justmalec_bot: Art by: @nadja_0000 https://t.co/UWDz369esJ"}, {"author_id": 917925360796405761, "id": 1495269332619780097, "text": "oh okay so my roommate wanted to inform me my trademark cackle sounds just like Nadja\u2019s from What We Do in the Shadows \ud83d\udc41\ud83d\udc44\ud83d\udc41"}, {"author_id": 1211350535057461248, "id": 1495264687184879616, "text": "RT @evildeerboy: i love the implication here that nadja is willing to dress era-appropriate but she just refuses to in the 2020s"}, {"author_id": 1412887590244655151, "id": 1495262779900678147, "text": "\"So very terrifying Nadja. How are you?\" https://t.co/LzMcvt5PUi https://t.co/kWRmpGV2hD"}, {"author_id": 1270613191744057344, "id": 1495260837161750533, "text": "RT @evildeerboy: i love the implication here that nadja is willing to dress era-appropriate but she just refuses to in the 2020s"}, {"author_id": 1331090668106739713, "id": 1495259498805612545, "text": "RT @HORRORGIRLZ: ... nadja from what we do in the shadows! https://t.co/WvGud7l4E9"}, {"author_id": 908161464233545729, "id": 1495253976564092940, "text": "RT @imgoinmental: I like to think Nandor has the most  belongings of the three vampires because he hoards stuff out of sentimentality. Like\u2026"}, {"author_id": 716433004197875712, "id": 1495253079612133380, "text": "RT @evildeerboy: i love the implication here that nadja is willing to dress era-appropriate but she just refuses to in the 2020s"}, {"author_id": 783550236, "id": 1495252813860986881, "text": "RT @evildeerboy: i love the implication here that nadja is willing to dress era-appropriate but she just refuses to in the 2020s"}, {"author_id": 1044739796189364224, "id": 1495252699004436480, "text": "RT @evildeerboy: i love the implication here that nadja is willing to dress era-appropriate but she just refuses to in the 2020s"}, {"author_id": 217211485, "id": 1495250137865719812, "text": "RT @evildeerboy: i love the implication here that nadja is willing to dress era-appropriate but she just refuses to in the 2020s"}, {"author_id": 4290148092, "id": 1495249635262095362, "text": "RT @evildeerboy: i love the implication here that nadja is willing to dress era-appropriate but she just refuses to in the 2020s"}, {"author_id": 879079196106121220, "id": 1495247021829201924, "text": "RT @HORRORGIRLZ: ... nadja from what we do in the shadows! https://t.co/WvGud7l4E9"}, {"author_id": 718268718288125952, "id": 1495245371680776196, "text": "RT @HORRORGIRLZ: ... nadja from what we do in the shadows! https://t.co/WvGud7l4E9"}, {"author_id": 16109025, "id": 1495245251996356614, "text": "RT @WWDITS_BOT: NADJA: Laszlo, let me go!\n\nLASZLO: No, my darling. You need to calm down. You're feeling murderous.\n\nNADJA: I thought we ta\u2026"}, {"author_id": 1328647644898594816, "id": 1495243525742469124, "text": "NADJA: Laszlo, let me go!\n\nLASZLO: No, my darling. You need to calm down. You're feeling murderous.\n\nNADJA: I thought we talked about this. You are supposed to support me when I want to kill someone!\n\nLASZLO: Not in this instance, my darling."}, {"author_id": 893147005995933697, "id": 1495240540194893825, "text": "RT @evildeerboy: i love the implication here that nadja is willing to dress era-appropriate but she just refuses to in the 2020s"}, {"author_id": 1217056801742557185, "id": 1495236089899978753, "text": "NADJA WWDITS MY BELOVED"}, {"author_id": 1217056801742557185, "id": 1495235880843243521, "text": "RT @HORRORGIRLZ: ... nadja from what we do in the shadows! https://t.co/WvGud7l4E9"}, {"author_id": 1429467709197230086, "id": 1495235441490026498, "text": "RT @HORRORGIRLZ: ... nadja from what we do in the shadows! https://t.co/WvGud7l4E9"}, {"author_id": 863804153960685568, "id": 1495235401136570370, "text": "RT @HORRORGIRLZ: ... nadja from what we do in the shadows! https://t.co/WvGud7l4E9"}, {"author_id": 992126322582450177, "id": 1495234795940548612, "text": "walt butler &amp; nadja in a show together hiii. also apparently nate ted lasso is in a episode"}, {"author_id": 1139727199446208512, "id": 1495232090517950468, "text": "@SUGARDlTE @kingsbrekker Laszlo from what we do in the shadows is bi and married to nadja. I can\u2019t remember if she\u2019s bi too, but I know laszlo is."}, {"author_id": 1267290901035880448, "id": 1495231337560567811, "text": "RT @WWDITS_BOT: NADJA: Pablo Picasso. More like Pablo Pic-asshole."}, {"author_id": 1070024236763369473, "id": 1495230702480203783, "text": "RT @WWDITS_BOT: NADJA: Pablo Picasso. More like Pablo Pic-asshole."}, {"author_id": 1962087528, "id": 1495230670511251460, "text": "RT @eddieDraws: hit the slay button, nadja! #WWDITS #wwditsfanart https://t.co/kLNUiBLirB"}, {"author_id": 1319903765525221376, "id": 1495226902453583873, "text": "RT @imgoinmental: I like to think Nandor has the most  belongings of the three vampires because he hoards stuff out of sentimentality. Like\u2026"}, {"author_id": 1056819367852294145, "id": 1495225567427366914, "text": "RT @evildeerboy: i love the implication here that nadja is willing to dress era-appropriate but she just refuses to in the 2020s"}, {"author_id": 4834551804, "id": 1495225029235474437, "text": "The person below is in love with Nadja."}]