[{"author_id": 1318429401562963968, "id": 1495287835699601416, "text": "RT @nudoggie: The 70's futurists are back!   Disco meets Space Age... meets IKEA.   What a drab pastel Hell to commit those \"The Shining\"-s\u2026"}, {"author_id": 1019611510723698688, "id": 1495284397079433216, "text": "- 2001: a space odyssey\n- solaris\n- a serious man\n- a ghost story\n- synecdoche, new york https://t.co/MNQwFhrzpi https://t.co/ZRnfLlApT4"}, {"author_id": 1441215257209303043, "id": 1495279871215521793, "text": "RT @FilmstoFilms_: 2001: A Space Odyssey (1968) https://t.co/xNuokeuXir"}, {"author_id": 300629341, "id": 1495272611164610561, "text": "RT @rejectnation: Combining elements of stop-motion animation and \"slit-scan\" photography, here's the story of how Douglas Trumbull turned\u2026"}, {"author_id": 1432622516690767875, "id": 1495269558214488064, "text": "RT @AlanKwa53729132: Sci-fi story logic: Our high tech creature like AI or robots that use to help us are always the enemy in many sci-fi s\u2026"}, {"author_id": 1432622516690767875, "id": 1495268714911973377, "text": "RT @iamvickycws: 2001: A Space Odyssey movie review (1968) #BCM325\n\nThis movie is a silent film, there are few conversations, it does not p\u2026"}, {"author_id": 1123810194352476160, "id": 1495268569101209600, "text": "RT @candyypirate: sonic adventure 2 || a 2001 space odyssey #SonicTheHedgehog https://t.co/Wy5eB706nI"}, {"author_id": 1487042187002929152, "id": 1495253186235408387, "text": "RT @FilmstoFilms_: 2001: A Space Odyssey (1968) https://t.co/xNuokeuXir"}, {"author_id": 2320551899, "id": 1495247559455125504, "text": "RT @NYTObits: Douglas Trumbull, an audacious visual effects wizard who, in his early 20s, created the hallucinogenic sequence in Stanley Ku\u2026"}, {"author_id": 1484977355709837312, "id": 1495242699267448833, "text": "I got in a fight with a guy in the YouTube comments over the YouTube account spoiling 2001 a space odyssey, he said it\u2019s and old movie so it couldn\u2019t be spoiled"}, {"author_id": 1465758480690647041, "id": 1495235877760471043, "text": "RT @NYTObits: Douglas Trumbull, an audacious visual effects wizard who, in his early 20s, created the hallucinogenic sequence in Stanley Ku\u2026"}, {"author_id": 16929470, "id": 1495235775591587843, "text": "Douglas Trumbull, an audacious visual effects wizard who, in his early 20s, created the hallucinogenic sequence in Stanley Kubrick\u2019s \u201c2001: A Space Odyssey\u201d in which an astronaut hurtled through space, has died at 79. https://t.co/sMDaJs31Ti"}, {"author_id": 2999296425, "id": 1495232668690227200, "text": "So according to Carl Jung everything exists because of &amp; with duality - order and chaos, man and woman, the Christ and the Antichrist - and goes on to relate the human soul to a diamond: the two parts of the self in Seven Sermons. 2001: A Space Odyssey has Seven diamonds \u2026 \ud83e\udd14 https://t.co/O4D4pzfTuV"}, {"author_id": 34742160, "id": 1495229250286325762, "text": "2001: A Space Odyssey - in-depth analysis - by Rob Ager 2008 https://t.co/nawQY57qCg"}, {"author_id": 96598491, "id": 1495228421626073091, "text": "RT @FilmstoFilms_: 2001: A Space Odyssey (1968) https://t.co/xNuokeuXir"}, {"author_id": 1216138804878168065, "id": 1495228421432954881, "text": "RT @radiotabu: Honeywell Briefcase Computer: designed for Dr. Heywood Floyd in the film 2001: A Space Odyssey. It features a keyboard, came\u2026"}, {"author_id": 3155865812, "id": 1495227988111392772, "text": "Douglas Trumbull. Visual Effects Director for Blade Runner, 1982. Also worked on 2001: A Space Odyssey, 1968. (R.I.P. \ud83e\udde1!) https://t.co/ZaU8uQy6Ul"}, {"author_id": 1336765978349359104, "id": 1495227689740824576, "text": "RT @FilmstoFilms_: 2001: A Space Odyssey (1968) https://t.co/xNuokeuXir"}, {"author_id": 4345886477, "id": 1495224903099891719, "text": "The 70's futurists are back!   Disco meets Space Age... meets IKEA.   What a drab pastel Hell to commit those \"The Shining\"-style crimes on the set of \"2001: A Space Odyssey\" in Scandinavia.   \ud83d\ude06\ud83d\ude09 https://t.co/r5PgsPiovT"}, {"author_id": 906723828918837248, "id": 1495222863091097602, "text": "RT @FilmstoFilms_: 2001: A Space Odyssey (1968) https://t.co/xNuokeuXir"}, {"author_id": 65082535, "id": 1495221112745205760, "text": "RT @nataliezamoraa: @zachbgilbert Too many to count but Eternal Sunshine of the Spotless Mind, Mulholland Drive, Moonlight, Her, 2001: A Sp\u2026"}, {"author_id": 541608350, "id": 1495220229064073226, "text": "RT @Filmjetpod: 2001: A Space Odyssey https://t.co/AVcWNwmCfa"}, {"author_id": 2355091993, "id": 1495218358391689218, "text": "@noescapevg Watching this completely sober felt like going through the black hole at the ending of 2001: A Space Odyssey"}, {"author_id": 1455040791496179716, "id": 1495217554721484806, "text": "Back in my college days I wrote an essay (thesis?) (Film Studies/Art History) on \"The Shining\" &amp; \"2001: A Space Odyssey\"..."}, {"author_id": 1145094858207563780, "id": 1495216852049530896, "text": "@santalunecity do younthink mevans has watched 2001 a space odyssey"}, {"author_id": 1280648773346066432, "id": 1495215838961410050, "text": "RT @ATRightMovies: The extraordinary moment in 2001: A SPACE ODYSSEY where Dave shuts down HAL. https://t.co/oWhD6BLo8f"}, {"author_id": 2692453105, "id": 1495213351852560391, "text": "@trpearson How about 2001: A Space Odyssey, in its original film format \ud83d\udc40"}, {"author_id": 576975457, "id": 1495212007074643970, "text": "@awakeningMan Remember in 2001: a space odyssey when Dr. Heywood Floyd flew up to Clavius Base to discuss the need to keep the discovery of the monolith a secret for the time being? How long would it stay secret? 50 or 60 years? Until 2051 or 2061?  Hard to believe it could stay secret so long https://t.co/VytsWhu7gO"}, {"author_id": 1224411898675957760, "id": 1495211910639362055, "text": "RT @NPR: Douglas Trumbull, the pioneering, pre-digital, effects wizard who brought to life the impossible landscapes in 2001, A Space Odyss\u2026"}, {"author_id": 1477567887996899329, "id": 1495208658921144320, "text": "RT @ChrisTrengove: 5 arbitrarily chosen flawless movies\n\nCity Lights (1931)\nThe Third Man (1949)\nSeven Samurai (1954)\n2001: A Space Odyssey\u2026"}, {"author_id": 4376268101, "id": 1495208481481269258, "text": "Movie of the Day:\n\nThe Passing (1983)\n\n* Arthur C. Clarke, writer of 2001: A Space Odyssey, called this film \"Amazing! Profoundly poignant.\"\n\n* An earlier version featured a comical subplot about a public virus being unleashed, but it was removed once the AIDS epidemic had begun. https://t.co/GN6dH4ozt7"}, {"author_id": 44054576, "id": 1495202228176519170, "text": "RT @tvaziri: \"2001: A Space Odyssey\" (1968) has the most dramatic, most famous match-cut in the history of #cinema. #FilmTwitter https://t.\u2026"}, {"author_id": 1384208082989817860, "id": 1495201822767824904, "text": "RT @FilmstoFilms_: 2001: A Space Odyssey (1968) https://t.co/xNuokeuXir"}, {"author_id": 1446574284961456139, "id": 1495201541401157637, "text": "2001: A Space Odyssey https://t.co/AVcWNwmCfa"}, {"author_id": 1295870394898042880, "id": 1495201238966845440, "text": "RT @FilmstoFilms_: 2001: A Space Odyssey (1968) https://t.co/xNuokeuXir"}, {"author_id": 26304800, "id": 1495199985406648320, "text": "RT @FilmstoFilms_: 2001: A Space Odyssey (1968) https://t.co/xNuokeuXir"}, {"author_id": 20721528, "id": 1495199778455568386, "text": "2001:  A Space Odyssey is such a beautiful film.  The Kenneth Kendall cameo one of many gems."}, {"author_id": 818652090960637952, "id": 1495198961161830407, "text": "RT @FilmstoFilms_: 2001: A Space Odyssey (1968) https://t.co/xNuokeuXir"}, {"author_id": 1215782438082883584, "id": 1495197544812630016, "text": "RT @spaceplusnft: GM! Our #WatchParty tonight will feature 2001: A Space Odyssey \ud83d\ude80\ud83d\udc69\u200d\ud83d\ude80 at 9:00pm EST/6:00pm PST!\n\nWe will be hosting a commu\u2026"}, {"author_id": 202720237, "id": 1495197331863617536, "text": "Home from The Bridge Bier Huis\nTurn TV on\nOoh, Sky 304\u2026\n2001: A Space Odyssey \n\u2026\nThat\u2019ll do."}, {"author_id": 542040299, "id": 1495197234681499650, "text": "I found something old!!!   2001 A Space Odyssey Opening in 1080 HD https://t.co/FqoYFp8XLh via @YouTube"}, {"author_id": 96470791, "id": 1495193604968439808, "text": "2010: The Year We Make Contact (1984) - Brave explorers are headed for the far reaches of the galaxy in the continuation of the story that began with \"2001: A Space Odyssey.\" Their destination is Jupiter, where the Russian and American astronauts will conduct their investigation."}, {"author_id": 1144290007638773761, "id": 1495193228894683142, "text": "Just watching 2001: A Space Odyssey on Sky Movies and it fucking amazes me each and every time. This shit was made in 1968. So far ahead of its time it's ridiculous."}, {"author_id": 1478757974134906891, "id": 1495192435307253760, "text": "RT @judekirk13: Putin does the set of Kubrick\u2019s\n \u20182001: A Space Odyssey\u2019 https://t.co/QIPfmFezyO"}, {"author_id": 546195372, "id": 1495190924976029699, "text": "I love that optometrists can use a bunch of machines that might be props from 2001: A Space Odyssey to make my vision less shit."}, {"author_id": 118440168, "id": 1495188984598773770, "text": "Now onto 2001 : A Space Odyssey"}, {"author_id": 145459482, "id": 1495187699715944450, "text": "RT @chaotic_era: The interfaces of 2001: A Space Odyssey (1968) via @ilikeinterfaces https://t.co/5OMKSB0beW"}, {"author_id": 1448101449817276417, "id": 1495185962074206214, "text": "RT @FilmstoFilms_: 2001: A Space Odyssey (1968) https://t.co/xNuokeuXir"}, {"author_id": 1296155665732378629, "id": 1495185230755512323, "text": "RT @FilmstoFilms_: 2001: A Space Odyssey (1968) https://t.co/xNuokeuXir"}, {"author_id": 1315775267831382018, "id": 1495184077367824385, "text": "@StephenABoydPh1 The low baseline sounds like the steady rumble you hear before the music starts in 2001 a Space Odyssey!\nhttps://t.co/b9U4am8jfK"}, {"author_id": 18780153, "id": 1495183072601464847, "text": "FMovies | Watch 2001: A Space Odyssey (1968) Online Free on https://t.co/ws2Euy2xrq https://t.co/wp1ufTsvMV"}]