[{"author_id": 1452246467096285193, "id": 1495265898684420100, "text": "RT @libertysoap: Shaving Soap, Rosemary Mint Tobacco Bay Unscented Shave and a Haircut Bay Rum Men,Women Shaving Grooming Close Shave Rich\u2026"}, {"author_id": 1486204838652358665, "id": 1495265861367746565, "text": "RT @libertysoap: Shaving Soap, Rosemary Mint Tobacco Bay Unscented Shave and a Haircut Bay Rum Men,Women Shaving Grooming Close Shave Rich\u2026"}, {"author_id": 1459369574298959872, "id": 1495242792632606726, "text": "RT @KurumiSucksBad: Close to a breakdown, but not THAT kind of breakdown.\nIt's more like that when you shave your head, disappear for a few\u2026"}, {"author_id": 197981431, "id": 1495228503075213316, "text": "RT @libertysoap: Shaving Soap, Rosemary Mint Tobacco Bay Unscented Shave and a Haircut Bay Rum Men,Women Shaving Grooming Close Shave Rich\u2026"}, {"author_id": 15858048, "id": 1495226890369605633, "text": "Looking at my power numbers and some other stats.  \n\nCrazy to even consider this, but I am wondering:\n\nHow close csn I get to a sub 4 hour 100 mile ride?\n\nMy best is 4:22. I think I can shave 10 minutes right now."}, {"author_id": 1038558092, "id": 1495190251911925767, "text": "my girl put me onto this razor that vibrates and it gets such a nice close shave but like waxing is better still"}, {"author_id": 856539342499713028, "id": 1495188339045150720, "text": "\"What a close shave. That was an evil spirit too\u2026the Buttchin Goblin.\""}, {"author_id": 322914743, "id": 1495179772548157440, "text": "@TransLink @OedipussRex Thank the maintenance team for their hard work. That was a close shave! \ud83d\udc4f\ud83c\udffb"}, {"author_id": 1241870772, "id": 1495168815340077058, "text": "Getting close! Tomorrow I'll glue down the face, do a bit shave and sew the neck and back of the head on!\n\nMore WIPs at https://t.co/DpgcbIlDe3! https://t.co/0ITjtL7bTA"}, {"author_id": 1450508556000706567, "id": 1495164053039337478, "text": "Close to a breakdown, but not THAT kind of breakdown.\nIt's more like that when you shave your head, disappear for a few weeks and cut everyone toxic off."}, {"author_id": 834361992647421952, "id": 1495163766358491138, "text": "A Spritely Falaj in The Technological Close Shave"}, {"author_id": 1312883689362251777, "id": 1495158267244331010, "text": "@NikBounty ^^^ yeye, it I really want a somewhat close shave (like 1/4th of an inch) down there i can do it in less than 2 minutes without cutting myself and half asleep haha"}, {"author_id": 1279019254465978369, "id": 1495158261821186051, "text": "@NAHZ_OAlX I\u2019m sure there was a close up of his hairy legs..? Which I thought was great as not all men are hairless and want to shave or wax their legs.I hope they didn\u2019t edit it. It was shown in shops. Body positivity not just about women. TODS what is going on? Or is this bts?"}, {"author_id": 1312883689362251777, "id": 1495157714397372416, "text": "@NikBounty A clean shave is nice haha, its still decently close but having a razor makes it so you can get way closer, electric razors/cutters cant really compare in anything else other than speed or convinence tbh"}, {"author_id": 794512110172700676, "id": 1495155482163621896, "text": "it does shave close, rushing at you the way this tarapuka looks at a piece of wood."}, {"author_id": 1312883689362251777, "id": 1495153527446024197, "text": "@NikBounty Philips norelco, last for like years, 20 bucks, no need for cream and etc, since we're in the mask age I just shave every few days or so, even if its not as close as a razor can get the convinence of being able to just shave with 0 prep totally dry is nice"}, {"author_id": 890829451541479424, "id": 1495151805793280005, "text": "@QuarantineKill1 she's going give him a close shave https://t.co/oIM05wPs9g"}, {"author_id": 1113561604866445313, "id": 1495151443355045889, "text": "\u201cNo more razor bumps. This unique shaver uses advanced retractable blades to prevent irritation while still providing a close shave.\u201d\n\nMuch more believable.\n\nTLDR:\n\nFind the mechanism in your product that makes it unique and leverage it to increase believability in your claims."}, {"author_id": 1113561604866445313, "id": 1495151442507837440, "text": "Knowing this information, you could say:\n\n\u201cGet a close shave with zero risk of razor bumps.\u201d\n\nThat\u2019s decent. But that\u2019s the problem, it\u2019s only decent and hard to believe.\n\nSo instead, you use your newly found mechanism and say\u2026"}, {"author_id": 253252191, "id": 1495138853778296839, "text": "A close shave, sharper than Anduril, which won\u2019t leave a \u2018Sting\u2019. #TheRingsOfPower #closeshave #razor #LOTR #beard #meme #Amazon #AmazonPrime #LordOfTheRings #LOTRROP #LOTRonPrime https://t.co/G8ZRhVJaBu"}, {"author_id": 26744256, "id": 1495112765895233542, "text": "RT @libertysoap: Shaving Soap, Rosemary Mint Tobacco Bay Unscented Shave and a Haircut Bay Rum Men,Women Shaving Grooming Close Shave Rich\u2026"}, {"author_id": 2593453063, "id": 1495098774942896131, "text": "RT @libertysoap: Shaving Soap, Rosemary Mint Tobacco Bay Unscented Shave and a Haircut Bay Rum Men,Women Shaving Grooming Close Shave Rich\u2026"}, {"author_id": 15038688, "id": 1495095951136018432, "text": "RT @tvproducts: To get a close shave, you used to need a razor and shaving cream. For a quick shave on the go, you needed an electric. Well\u2026"}, {"author_id": 49319471, "id": 1495090604295999494, "text": "Goodbye disposables, hello reusable handle! Get eco-friendly shaving essentials delivered to your door for a super close shave with NO commitment! Get \u00a33 off your first box with my referral link! https://t.co/FO7ARH3I6o via @_weareffs"}, {"author_id": 1231678960804728832, "id": 1495088918211051523, "text": "@ChampChessTour  Magnus should breeze it from here as it looks like he's already had a close shave... https://t.co/LMve0h37Ym"}, {"author_id": 964757322978529280, "id": 1495087489874288646, "text": "RT @libertysoap: Shaving Soap, Rosemary Mint Tobacco Bay Unscented Shave and a Haircut Bay Rum Men,Women Shaving Grooming Close Shave Rich\u2026"}, {"author_id": 635271421, "id": 1495084727035965449, "text": "RT @libertysoap: Shaving Soap, Rosemary Mint Tobacco Bay Unscented Shave and a Haircut Bay Rum Men,Women Shaving Grooming Close Shave Rich\u2026"}, {"author_id": 1213486079044571136, "id": 1495084699668123654, "text": "RT @libertysoap: Shaving Soap, Rosemary Mint Tobacco Bay Unscented Shave and a Haircut Bay Rum Men,Women Shaving Grooming Close Shave Rich\u2026"}, {"author_id": 1256730542, "id": 1495082524430770181, "text": "RT @libertysoap: Shaving Soap, Rosemary Mint Tobacco Bay Unscented Shave and a Haircut Bay Rum Men,Women Shaving Grooming Close Shave Rich\u2026"}, {"author_id": 1278115041028554752, "id": 1495082205076414472, "text": "What a close shave for Chelsea, Romelu Lukaku will come good!"}, {"author_id": 2318083470, "id": 1495081754134253582, "text": "RT @libertysoap: Shaving Soap, Rosemary Mint Tobacco Bay Unscented Shave and a Haircut Bay Rum Men,Women Shaving Grooming Close Shave Rich\u2026"}, {"author_id": 176445782, "id": 1495079887111360512, "text": "Close shave. Norwich played really well but the expected changes shifted the momentum a bit. Keep going."}, {"author_id": 1365814085703507971, "id": 1495078667319328775, "text": "RT @libertysoap: Shaving Soap, Rosemary Mint Tobacco Bay Unscented Shave and a Haircut Bay Rum Men,Women Shaving Grooming Close Shave Rich\u2026"}, {"author_id": 762020443373133826, "id": 1495073013980700674, "text": "Shaving Soap, Rosemary Mint Tobacco Bay Unscented Shave and a Haircut Bay Rum Men,Women Shaving Grooming Close Shave Rich Creamy Thick Foamy https://t.co/mtVak3fawo ##Handwashing #LibertyBathAndBody #Etsy #ecofriendly #skincare #coldprocesssoap #Lather https://t.co/w8tQntcKUB"}, {"author_id": 773983551481978880, "id": 1495065819016949760, "text": "The razor that changes the game \ud83e\ude92 Our perfectly-weighted, non-slip handle allows you to enjoy total comfort and control for a consistently close and accurate shave every time \ud83d\udcaf\n\nShop now and experience #TheShaveYouCrave with Van Der Hagen razors! https://t.co/RFH2gYX0Vn"}, {"author_id": 1479839722084212737, "id": 1495054964699418624, "text": "@SonicBoomCaps Sonic: Nothing? Not even a close shave?\n\nhttps://t.co/BPC1UwE0uL"}, {"author_id": 950228774108450817, "id": 1495049692362813452, "text": "RT @Growler44796704: A Close Shave https://t.co/w5TWVHZ63h"}, {"author_id": 1361914078441205760, "id": 1495047982458146818, "text": "it's time to throw your hat in a close shave"}, {"author_id": 1402073026561122306, "id": 1495045474436677634, "text": "@kiannacxo Well that sentence was an adventure! What a close shave"}, {"author_id": 941013857748664320, "id": 1495043797692010496, "text": "@Tinkerbell2704 He\u2019ll get a bath, close shave &amp; a butt squeeze.  He\u2019ll hate me!"}, {"author_id": 1484879993738084355, "id": 1495039607116906502, "text": "You try say this is a close shave, bollocks, sponsored by Manscaped"}, {"author_id": 2941577068, "id": 1495038326700658688, "text": "RT @thrillathechase: @BrendanSavageNY What a shame. Care to share what guesses led to such a close shave? You were in such good shape after\u2026"}, {"author_id": 707918856, "id": 1495037770091352067, "text": "it's crazy how people assume that having close guy friend means i'm getting fucked all the time but in reality Im helping them shave their unibrows, giving advice on girls and getting hit too hard because they fucking forget i'm a fragile WOMAN"}, {"author_id": 1281200013964652545, "id": 1495034938797830145, "text": "@Rik_norfolk Was a close shave Rik \ud83e\udd2d\ud83e\udd23\nIt's snowing \ud83c\udf28 now \ud83d\ude12 \nThrowing everything at us.\nBloody brexit \ud83e\udd23\ud83e\udd23\ud83e\udd23\ud83e\udd23\nEnjoy you're Saturday \ud83e\udd70"}, {"author_id": 580191555, "id": 1495033606061707268, "text": "RT @libertysoap: Shaving Soap, Rosemary Mint Tobacco Bay Unscented Shave and a Haircut Bay Rum Men,Women Shaving Grooming Close Shave Rich\u2026"}, {"author_id": 3309363522, "id": 1495023481829822464, "text": "RT @libertysoap: Shaving Soap, Rosemary Mint Tobacco Bay Unscented Shave and a Haircut Bay Rum Men,Women Shaving Grooming Close Shave Rich\u2026"}, {"author_id": 2892494581, "id": 1495019599472906240, "text": "When it comes to his own country, it's a close shave for Canadian PM https://t.co/jFlwWcCZfw"}, {"author_id": 41327323, "id": 1495009028354805762, "text": "The Parker Adjustable Single Edge Razor is available now! \ud83d\udce3 \n\nWith its retro styling, the razor has been precision engineered and allows you to choose from 5 settings to provide a close, comfortable and irritation free shave!\n\nFind out more here: https://t.co/uYEZVmjTFZ https://t.co/usKOCAVWNZ"}, {"author_id": 1336773442406854659, "id": 1495003682236256259, "text": "@BookOfMetallicA Blade and the challis Gillette a shave as close as a man can get. Hmmm! Don\u2019t lose your soul over one bad blade."}, {"author_id": 14859773, "id": 1494998115316908033, "text": "A close shave (this is not a hint)\n\nW\u00f6rdl 245 6/6 \ud83d\udd251\n\n\u2b1c\ud83d\udfe9\u2b1c\ud83d\udfe8\u2b1c\n\ud83d\udfe8\ud83d\udfe9\u2b1c\ud83d\udfe8\u2b1c\n\u2b1c\ud83d\udfe9\u2b1c\u2b1c\ud83d\udfe9\n\u2b1c\ud83d\udfe9\ud83d\udfe9\u2b1c\ud83d\udfe9\n\u2b1c\ud83d\udfe9\ud83d\udfe9\u2b1c\ud83d\udfe9\n\ud83d\udfe9\ud83d\udfe9\ud83d\udfe9\ud83d\udfe9\ud83d\udfe9\n\nhttps://t.co/PL2ay504RV"}, {"author_id": 43745768, "id": 1494994365256769536, "text": "I've wet shaved for my entire adult life but wanted an electric shaver for travel and when I'm in a rush. The Phillips s9000 Prestige is amazing. Quick. Quiet and pretty close to a wet shave. 10/10. Nice Qi charger too https://t.co/teBIaM8k8U"}, {"author_id": 54218003, "id": 1494991570134835202, "text": "@afalli That was a close shave ;-)"}, {"author_id": 1065416203076816896, "id": 1494991436995039235, "text": "That is what you call a close shave!! https://t.co/Kb57sHaL3Z"}, {"author_id": 881922405312212992, "id": 1494988645203386370, "text": "@RajeshRBKDM Excellent!\n\nToday was a close shave for me."}, {"author_id": 1241703302, "id": 1494987547432337415, "text": "#readers #WritingCommunity, only today and tomorrow to get your #free #ebook copy of \u2018A Close Shave with Destiny\u2019 (along with other books) - https://t.co/uF7WNVq5bW"}, {"author_id": 16955678, "id": 1494973885795770372, "text": "@Stuttgart1988 Was a close shave for me again\nStreak is going to end soon, too many sixes\nWordle 245 6/6\n\n\u2b1c\ud83d\udfe8\u2b1c\u2b1c\ud83d\udfe8\n\ud83d\udfe9\u2b1c\ud83d\udfe9\u2b1c\u2b1c\n\u2b1c\ud83d\udfe8\u2b1c\u2b1c\u2b1c\n\ud83d\udfe9\u2b1c\ud83d\udfe9\ud83d\udfe9\ud83d\udfe9\n\ud83d\udfe9\u2b1c\ud83d\udfe9\ud83d\udfe9\ud83d\udfe9\n\ud83d\udfe9\ud83d\udfe9\ud83d\udfe9\ud83d\udfe9\ud83d\udfe9"}, {"author_id": 958710380968034304, "id": 1494957783963385860, "text": "@JackWDart Yup.\nA close shave but we got out."}, {"author_id": 563542948, "id": 1494954945312874500, "text": "Wordle 245 6/6\n\n\u2b1c\u2b1c\u2b1c\u2b1c\u2b1c\n\u2b1c\u2b1c\ud83d\udfe9\u2b1c\u2b1c\n\ud83d\udfe9\u2b1c\ud83d\udfe9\ud83d\udfe9\ud83d\udfe9\n\ud83d\udfe9\u2b1c\ud83d\udfe9\ud83d\udfe9\ud83d\udfe9\n\ud83d\udfe9\u2b1c\ud83d\udfe9\ud83d\udfe9\ud83d\udfe9\n\ud83d\udfe9\ud83d\udfe9\ud83d\udfe9\ud83d\udfe9\ud83d\udfe9 A close shave \ud83d\ude2c"}, {"author_id": 955151950449991680, "id": 1494949310752043009, "text": "@Shawn_Tuesday A close shave of Kettle calling pot Black,if integrity is anything to go by, if chapter 6 of our constitution was meticulously implemented @WilliamsRuto n 75% of his minions would be blocked fro vying in an elective post in Kenya. 2 wrongs doesn't make a right, wote nje ."}, {"author_id": 1474030669764304897, "id": 1494947668405063682, "text": "Wallace And Gromit In A Close Shave \n\nhttps://t.co/rQaIjFVlgU \u4f86\u81ea @YouTube"}, {"author_id": 464860240, "id": 1494945833212694533, "text": "saltedbayonet: RT @libertysoap: Shaving Soap, Rosemary Mint Tobacco Bay Unscented Shave and a Haircut Bay Rum Men,Women Shaving Grooming Close Shave Rich Creamy Thick Foamy https://t.co/IKuqajrhtV #coldprocesssoap #ecofriendly #Etsy ##Handwashing #Liber\u2026 https://t.co/t6M5WscPpc"}, {"author_id": 1185900384, "id": 1494945789461860357, "text": "@mrfrogmiller @paulm_davis Sorry Glynn but Paul won't need those three seconds - sorry Paul but it is a close shave \ud83d\ude09\ud83d\ude42"}, {"author_id": 3318120908, "id": 1494939082794979330, "text": "RT @89greeneggsnham: \ud83e\ude92\"Close Shave\" (s.2 ep.21) \"bucking for a raise?\" https://t.co/iZpJ876414"}, {"author_id": 1234598637818273792, "id": 1494936613281013760, "text": "@lapislazu01 Looks like this one is a streak killer. It was a close shave for me. Got it in 6.\n\n\u2b1c\ud83d\udfe8\u2b1c\ud83d\udfe8\u2b1c\n\u2b1c\u2b1c\ud83d\udfe9\ud83d\udfe9\u2b1c\n\u2b1c\u2b1c\ud83d\udfe9\ud83d\udfe9\ud83d\udfe9\n\u2b1c\u2b1c\ud83d\udfe9\ud83d\udfe9\ud83d\udfe9\n\u2b1c\ud83d\udfe9\ud83d\udfe9\ud83d\udfe9\ud83d\udfe9\n\ud83d\udfe9\ud83d\udfe9\ud83d\udfe9\ud83d\udfe9\ud83d\udfe9"}, {"author_id": 1234598637818273792, "id": 1494932918317174784, "text": "Wordle 245 \n\n\u2b1c\ud83d\udfe8\u2b1c\ud83d\udfe8\u2b1c\n\u2b1c\u2b1c\ud83d\udfe9\ud83d\udfe9\u2b1c\n\u2b1c\u2b1c\ud83d\udfe9\ud83d\udfe9\ud83d\udfe9\n\u2b1c\u2b1c\ud83d\udfe9\ud83d\udfe9\ud83d\udfe9\n\u2b1c\ud83d\udfe9\ud83d\udfe9\ud83d\udfe9\ud83d\udfe9\n\ud83d\udfe9\ud83d\udfe9\ud83d\udfe9\ud83d\udfe9\ud83d\udfe9\nGuess I am gonna get a lot of hate for this. Thought I nailed it in 5th try. Thankfully there was just another letter that could with the other 4 letters. Close shave."}, {"author_id": 2207682384, "id": 1494930101057765377, "text": "@ArthBychan That sounds like a close shave! Glad to hear you're safe. X"}, {"author_id": 704852233779712000, "id": 1494923887087439874, "text": "You might have to give em a close shave. https://t.co/MumJfS6YbW"}, {"author_id": 1133915889143865347, "id": 1494917850724712448, "text": "RT @thrillathechase: @BrendanSavageNY What a shame. Care to share what guesses led to such a close shave? You were in such good shape after\u2026"}, {"author_id": 40772289, "id": 1494909464226451457, "text": "RT @Growler44796704: A Close Shave https://t.co/w5TWVHZ63h"}, {"author_id": 1052123045270179840, "id": 1494906279608807424, "text": "5. A Close Shave is the last video I made with my old laptop and tbh, I ended off that era with a bang"}, {"author_id": 510423851, "id": 1494903971743424512, "text": "@NotaliaMateo Shave their heads, force them to strip and push them into a tiny room filled with chemicals until death.\n\nThis isn't even close. You're a freaking moron."}, {"author_id": 1422117395875782656, "id": 1494886435605778434, "text": "@KShanners @carly_solstice Yesss. Missy was a wild child outside. Was clipped by car when 1. Then became indoor. Kinda. \n\n18 mths ago fell off roof (I think\u2026 a mystery) shattered her pelvis. Plate inserted. Close shave. $10k vet bill. She\u2019s 11 now so strictly indoors and chilled now \ud83d\ude0b\ud83d\ude0b\ud83d\ude1b\ud83d\udc9c"}, {"author_id": 856539342499713028, "id": 1494867986821398530, "text": "\"What a close shave. That was an evil spirit too\u2026the Buttchin Goblin.\""}, {"author_id": 906568753004949504, "id": 1494860595195105285, "text": "RT @Growler44796704: A Close Shave https://t.co/w5TWVHZ63h"}, {"author_id": 118870812, "id": 1494851141229809664, "text": "RT @libertysoap: Shaving Soap, Rosemary Mint Tobacco Bay Unscented Shave and a Haircut Bay Rum Men,Women Shaving Grooming Close Shave Rich\u2026"}, {"author_id": 1108778075137982465, "id": 1494846388332544008, "text": "Genetalia mutilation is a sexual assault. Taking someone out of there close to look at them or shave that is an immoral act before the Lord. Under the law it is illegal."}, {"author_id": 3299982128, "id": 1494843018490302464, "text": "@laz_versalles @RobbieVogel14 Mow the fairway as close as you can and shave it down with a weedwhacker. That\u2019s what we do and we don\u2019t even host these pussies."}, {"author_id": 1145728397441716226, "id": 1494841825630248962, "text": "RT @Growler44796704: A Close Shave https://t.co/w5TWVHZ63h"}, {"author_id": 25601977, "id": 1494837103276011520, "text": "Dermatologists say that using weighted safety razors can give you a close, irritation-free shave. \ud83e\ude92 https://t.co/lkBLpbfQE8 # via @HuffPostLife"}, {"author_id": 581202526, "id": 1494834219645820934, "text": "a very close shave \ud83e\udd72 \nWordle 245 6/6\n\n\ud83d\udfe9\ud83d\udfe9\ud83d\udfe9\u2b1b\u2b1b\n\ud83d\udfe9\ud83d\udfe9\ud83d\udfe9\u2b1b\u2b1b\n\ud83d\udfe9\ud83d\udfe9\ud83d\udfe9\u2b1b\u2b1b\n\u2b1b\u2b1b\u2b1b\u2b1b\u2b1b\n\ud83d\udfe9\ud83d\udfe9\ud83d\udfe9\u2b1b\ud83d\udfe9\n\ud83d\udfe9\ud83d\udfe9\ud83d\udfe9\ud83d\udfe9\ud83d\udfe9"}, {"author_id": 1166400283095830528, "id": 1494820855356043265, "text": "readers entertained and wanting more.\n\nThere's a story about a young girl's terrible experience with rape and a distraught woman's close shave with death from domestic violence and a young lady's struggle with drug addiction. Would they surmount their obstacles or would it"}, {"author_id": 2941160478, "id": 1494819324577529858, "text": "RT @AnnecresswellC: @nathaliejacoby1 Yes. Then after it can be made into a waxwork horror museum where people can visit and learn what a cl\u2026"}, {"author_id": 1255620694517387267, "id": 1494815102603874307, "text": "RT @Growler44796704: A Close Shave https://t.co/w5TWVHZ63h"}, {"author_id": 1475541042556542980, "id": 1494813344649388035, "text": "@Lingzi_W I used to like going for a barber shop shave.  \n\nHot towels, warm creamy lather, a close shave with a straight razor, followed by a nice aftershave lotion.\n\nFelt like a million bucks after. https://t.co/XdHjuhrWIr"}, {"author_id": 1389927632431636480, "id": 1494807760147558401, "text": "RT @libertysoap: Shaving Soap, Rosemary Mint Tobacco Bay Unscented Shave and a Haircut Bay Rum Men,Women Shaving Grooming Close Shave Rich\u2026"}, {"author_id": 16442645, "id": 1494806521733173252, "text": "Holy fuck, what a close shave https://t.co/yt8PKxtL21"}, {"author_id": 1330533635146076160, "id": 1494805218235719680, "text": "RT @Growler44796704: A Close Shave https://t.co/w5TWVHZ63h"}, {"author_id": 1428433506842157057, "id": 1494799689610317830, "text": "The deprave see you smiling at the rave don\u2019t understand that you may be a modern day slave just trying to ride the wave learning to behave. Waiting for your bear to escape his cave but stay close like a shave. \n\ud83e\uddf8\ud83d\udc9b\ud83e\udd19\ud83c\udffc \n\n#Poetry https://t.co/IJJwROhfa3"}, {"author_id": 1342935986293137411, "id": 1494797480864751619, "text": "@nathaliejacoby1 Yes. Then after it can be made into a waxwork horror museum where people can visit and learn what a close shave America had with dictatorship."}, {"author_id": 27404691, "id": 1494796047784284162, "text": "@NorthernFell @Matt_GetOutside I used to take kids into the hills before qualifications were required. After a close shave I asked the school to send me on training courses so I was fully qualified and equipped to risk assess and take good care of those I led. I thought it was now mandatory. Unbelievable."}, {"author_id": 1116711771371384832, "id": 1494793422057742337, "text": "@DGray118 @Beau775 Criminy! That was a close shave \ud83d\ude40We had some big pines at the end of the garden which I was always worried would fall on the house but luckily they never did, not even in that storm of 87 (which I missed as I was at uni in Coventry!)"}, {"author_id": 1450243738081583109, "id": 1494790874475249668, "text": "RT @Growler44796704: A Close Shave https://t.co/w5TWVHZ63h"}, {"author_id": 762527251128786944, "id": 1494787017863053312, "text": "RT @Growler44796704: A Close Shave https://t.co/w5TWVHZ63h"}, {"author_id": 22617040, "id": 1494781281565036551, "text": "Phew that was a close shave. Thankfully the storm didn't affect us  too much! Hope you're all enjoying the start of hopefully a great weekend! Love me and princess \ud83d\udc78 \ud83d\ude04\ud83e\udd70 https://t.co/eewAllx9Uh"}, {"author_id": 1226698564555829249, "id": 1494776943756996611, "text": "i always forget that washing my face hurts after a close shave"}, {"author_id": 33359546, "id": 1494772172371501057, "text": "@lissyblonde @nazuzuwin Thank you for keeping the photo, waist up. This is a family site. Whew. That was a close shave.\ud83c\uddf2\ud83c\uddf2\ud83e\ude92\ud83c\udde7\ud83c\uddf7 https://t.co/WpGHUjOFsG"}, {"author_id": 21688446, "id": 1494770597238386688, "text": "\ud83e\ude92\"Close Shave\" (s.2 ep.21) \"bucking for a raise?\" https://t.co/iZpJ876414"}, {"author_id": 1232127130521214978, "id": 1494768455484116999, "text": "RT @Growler44796704: A Close Shave https://t.co/w5TWVHZ63h"}]