[{"author_id": 860376064060669952, "id": 1495281943721627650, "text": "@emma__jenner1 A Fish Called Wanda\ud83d\ude03"}, {"author_id": 14754528, "id": 1495278030859681792, "text": "Kolchak is over (It was good) \n\n\"Lost In Space\" came on next and that show sucks so I found A FISH CALLED WANDA instead. https://t.co/TxzleL4LAu"}, {"author_id": 743113799134150657, "id": 1495272584782376963, "text": "LETS GO GUYS THEY ARE PLAYING A FISH CALLED WANDA ON TV"}, {"author_id": 237104848, "id": 1495271297005367298, "text": "Re-watching \u201cA Fish Called Wanda\u201d and saddened by all of the homophobia in the script.\nBut it\u2019s 35 years old. \u201cModern Family\u201d was on TV until 2 years ago.\nDo better, #Hollywood ."}, {"author_id": 4693578204, "id": 1495270730778304512, "text": "RT @jacdeswilliams: Poll 3 - Best Supporting Actor: Karl Malden in A Streetcar Named Desire VS Kevin Kline in A Fish Called Wanda"}, {"author_id": 1263142398390964229, "id": 1495260823761031176, "text": "@kprather88 A Fish Called Wanda"}, {"author_id": 158262281, "id": 1495256792321953795, "text": "Watching \"A Fish Called Wanda\""}, {"author_id": 169353953, "id": 1495254461278740480, "text": "I'm watching A Fish Called #Wanda (1988) on @Laff. #Laff #AFishCalledWanda https://t.co/MaA01FrtOg #trakt"}, {"author_id": 370456522, "id": 1495244729298137092, "text": "@doctorwhoviana @Theresaroets911 A Fish Called Wanda! You\u2019re  a girl after my own heart. \u201cSpaghetti, Linguine, Ravioli!!!\u201d\ud83e\udd23"}, {"author_id": 1292822935972057088, "id": 1495239764613779464, "text": "@NBronxite @SardonicOldMan @Theresaroets911 I agree Holy Grail best Monte Python. Have you watched A Fish Called Wanda? John Cleese and Michael Palin team up with Jamie Lee Curtis and Kevin Kline in this one. Laughed so hard it hurt."}, {"author_id": 1292822935972057088, "id": 1495237327710564357, "text": "@Theresaroets911 Blues Brothers, A Fish called Wanda and It\u2019s a Mad, Mad Mad, Mad World.  Or was it Smokey and the Bandit, Airplane and A Fish Called Wanda. What ever you do check out A Fish called Wanda."}, {"author_id": 1142940366678761478, "id": 1495223213160337419, "text": "#KMSmoviechallenge\n\n#KMSmoviechallenge \n\nFebruary 16\n\ud83c\udf9e\ufe0f\ud83c\udfa5\ud83c\udf9e\ufe0f\ud83c\udfa5\ud83c\udf9e\ufe0f\ud83c\udfa5\ud83c\udf9e\ufe0f\ud83c\udfa5\ud83c\udf9e\ufe0f\ud83c\udfa5\ud83c\udf9e\ufe0f\ud83c\udfa5\ud83c\udf9e\ufe0f\ud83c\udfa5\ud83c\udf9e\ufe0f\ud83c\udfa5\n\nA Fish Called Wanda \ud83d\udc20 https://t.co/LqTcBNQxuO"}, {"author_id": 21951034, "id": 1495220194272333827, "text": "RT @smc429: @ThatEricAlper A Fish Called Wanda https://t.co/gUBP242VCn"}, {"author_id": 1850174606, "id": 1495214280354025473, "text": "@MissGloop Maybe A Fish Called Wanda or Fierce Creatures? Not exactly stupid, but both make me laugh so hard it hurts. (Both are older, and I haven't watched either in a few years, so there might be stuff that hasn't aged well)"}, {"author_id": 874085209385443329, "id": 1495213611337216004, "text": "@ThatEricAlper A Fish Called Wanda. https://t.co/xodnRLXWTp"}, {"author_id": 38477590, "id": 1495205282682740736, "text": "@Theresaroets911 A Fish Called Wanda"}, {"author_id": 746452951439384577, "id": 1495193240126967808, "text": "@SuperG1984 MICHAEL PALIN!\nMonty Python \nTravel documentaries including \n   Around the World in 80 Days\n   Pole To Pole\n   Full Circle\nFilms &amp; TV including\n   Ripping Yarns\n   A Fish Called Wanda\n   Brazil\n   Jabberwocky\n\nPalin seems a nice man and would be a great dinner companion! https://t.co/thPd60rSw5"}, {"author_id": 206959746, "id": 1495188736480587787, "text": "@SarahO_Connell A Fish Called Wanda. \nWatched it last night after last seeing it years ago. The thing is, when I wrote the script for \u201cBeing Jon Stewart,\u201d I gave my character some @JohnCleese speaking Russian lines. But still, it will be confusing as my autobiography title.\nFor my life, apropos."}, {"author_id": 21891305, "id": 1495179537897779204, "text": "@Juniper40 @ThatEricAlper A Fish Called Wanda"}, {"author_id": 908743637005144065, "id": 1495163465597599753, "text": "RT @jacdeswilliams: Poll 3 - Best Supporting Actor: Karl Malden in A Streetcar Named Desire VS Kevin Kline in A Fish Called Wanda"}, {"author_id": 2427953892, "id": 1495160474006003712, "text": "@CL_fTrader A Fish Called Wanda!"}, {"author_id": 4693578204, "id": 1495160040533430273, "text": "Poll 3 - Best Supporting Actor: Karl Malden in A Streetcar Named Desire VS Kevin Kline in A Fish Called Wanda"}, {"author_id": 1401012278804332544, "id": 1495131130210787333, "text": "RT @smc429: @ThatEricAlper A Fish Called Wanda https://t.co/gUBP242VCn"}, {"author_id": 23554832, "id": 1495130139327303683, "text": "@ThatEricAlper A Fish Called Wanda https://t.co/gUBP242VCn"}, {"author_id": 986849054024847360, "id": 1495128777461882880, "text": "@marloweKit I was GOING to say 3 Amigos! No way :) Also, A Fish Called Wanda."}, {"author_id": 18683973, "id": 1495121905090801671, "text": "@BigCheeseLogan When I was doing the under the patio murder trial in Brookie, the prosecuting counsel was Denis Lill. he said \"I've just finished filming a fish called Wanda, with John Cleese\". You've just reminded me. Did you get the Grimble tubes"}, {"author_id": 375830645, "id": 1495120395942387712, "text": "3rd Film of the day already gone through Mortal Kombat and Casino Royale next up a Fish Called Wanda #movies #moviefan #films https://t.co/JQRrML0zsE"}, {"author_id": 702499999167475712, "id": 1495116886400503816, "text": "@marloweKit I'd swap out \"A Fish Called Wanda\" instead of your last choice, but other than that I'm in *total* agreement.\n\nYoung Frankenstein is the greatest comedy ever made, and I'll die on that hill if necessary."}, {"author_id": 1052927853124349952, "id": 1495111167609561093, "text": "@Theresaroets911 A Fish called Wanda"}, {"author_id": 736358743, "id": 1495108861614649344, "text": "@ChristinaC40 I love Airplane.. one of my all time favorites.  Another one is A Fish Called Wanda.  Damn near peed my pants watching that movie the first time."}, {"author_id": 80861548, "id": 1495105689500352520, "text": "@ThatEricAlper Let's to choose from, but I have to go with A Fish Called Wanda. No matter how many times I see it, I laugh my ass off. https://t.co/PYlXFbdRnA"}, {"author_id": 844723940, "id": 1495086910552920064, "text": "@Theresaroets911 Where\u2019s Poppa, A Fish Called Wanda, Blazin Saddles.\nThey all still hold up."}, {"author_id": 815962604, "id": 1495070262475300872, "text": "@Theresaroets911 The Lavender Hill Mob.                                        Some Like it Hot                                                   A Fish Called Wanda"}, {"author_id": 1333084186740187137, "id": 1495064274510745601, "text": "@ThatEricAlper A Fish Called Wanda https://t.co/m9oUD0RZYx"}, {"author_id": 391794898, "id": 1495062792340131851, "text": "@ThatEricAlper A Fish Called Wanda."}, {"author_id": 1154550227526934530, "id": 1495061501568331786, "text": "@Theresaroets911 Tucker and Dale vs. Evil\nA Fish Called Wanda\nThe Princess Bride"}, {"author_id": 39236522, "id": 1495057423291326473, "text": "@Theresaroets911 White Chicks, A Fish Called Wanda"}, {"author_id": 1486002879806775304, "id": 1495056024830631938, "text": "@SidAlpha @acerthorn It\u2019s like Kevin Kline apologizing to John Cleese in \u201cA Fish Called Wanda.\u201d"}, {"author_id": 16616321, "id": 1495052524436480005, "text": "The Blues Brothers and A Fish Called Wanda https://t.co/OwT8kAoGQR"}, {"author_id": 19094439, "id": 1495049180548505600, "text": "@JennyJohnsonHi5 Persuasion (1995), Moonstruck, French Kiss, Cold Comfort Farm, Grosse Point Blank, A Fish Called Wanda, Point Break, Babe"}, {"author_id": 860584166, "id": 1495043570650206210, "text": "@ThatEricAlper Trading Places\nAnimal House\nA Fish Called Wanda\nNacho Libre\u2026"}, {"author_id": 71933305, "id": 1495030646070292486, "text": "@Theresaroets911 A Fish Called Wanda."}, {"author_id": 1431190733613113344, "id": 1495029253355839496, "text": "@Theresaroets911 Animal House for sure! A Fish Called Wanda. Any old Marx Bothers movie."}, {"author_id": 15742555, "id": 1495027833248358402, "text": "@ThatEricAlper Ghostbusters\nThe Birdcage\nAnimal House\nSome Like It Hot\nMonty Python/ The Holy Grail /Life of Brian /Fish Called Wanda \nNaked Gun\nSmokey &amp; The Bandit 1 &amp; 2\nStepbrothers\nNat\u2019l Lampoon\u2019s Vacation / Christmas Vacation\nTootsie\nSomething About Mary\nWe\u2019re No Angels \nDeath at a Funeral"}, {"author_id": 41453419, "id": 1495025812986335239, "text": "@ThatEricAlper A Fish Called Wanda"}, {"author_id": 15985012, "id": 1495025030228545545, "text": "@Theresaroets911 A Fish Called Wanda\nMy Cousin Vinny\nRomy and Michele's High School Reunion"}, {"author_id": 824261502635012096, "id": 1495023100924207106, "text": "@Theresaroets911 Arsenic and Old Lace\nA Fish Called Wanda\nGalaxy Quest"}, {"author_id": 831083204, "id": 1495022905226321924, "text": "@ThatEricAlper His Girl Friday, My Favorite Wife, The Court Jester, The Producers, Dr. Strangelove, Animal House, The In-Laws (1979), Arthur, A Fish Called Wanda. So many more that others have mentioned."}, {"author_id": 967832552609378309, "id": 1495016699128651779, "text": "@Theresaroets911 A Fish Called Wanda!!!!!"}, {"author_id": 1263142398390964229, "id": 1495014985012965377, "text": "@ThatEricAlper A Fish Called Wanda"}, {"author_id": 2936952262, "id": 1494985348102905862, "text": "1. Wolf Of Wallstreet\n2. Pearl Harbor\n3. From Dusk Till Dawn\n4. Phone Booth\n5. Harry Potter\n6. Inside Out\n7. The Pianist\n8. A Fish Called Wanda\n9. Mamma Mia!"}, {"author_id": 4397525416, "id": 1494945137167896576, "text": "@ThatEricAlper A Fish Called Wanda\nChristmas Vacation"}, {"author_id": 1341274642489729024, "id": 1494942075141378048, "text": "Adding to the list: \nSpy \nTropic Thunder \nZoolander\nAdventureland\nDeath at a Funeral (British version) \nGhostbusters\nMoonrise Kingdom\nSaved\nSpaceballs\nA Fish Called Wanda\nComing To America\nTrading Places"}, {"author_id": 1463839985849839616, "id": 1494941262444740610, "text": "@jkfaurote @emilynussbaum The cheeses on the train, the limp Eiffel tower souvenir lol, the beach scene \"La mer est si belle, si pleine de poissons.\" Or something like that...\nI love Kevin Kline, too.  OMG Dave where he's the president's doppelganger... A fish called Wanda...\nFierce creatures"}, {"author_id": 1257904708540399616, "id": 1494937068996341761, "text": "@ThatEricAlper A fish called Wanda https://t.co/1wQCd6mXtA"}, {"author_id": 1024674719088488449, "id": 1494929344329781249, "text": "@ThatEricAlper A Fish Called Wanda https://t.co/LWsiqxmuMk"}, {"author_id": 33672544, "id": 1494928806653530114, "text": "@ThatEricAlper A Fish called Wanda"}, {"author_id": 3368116613, "id": 1494927758257909761, "text": "@ThatEricAlper A Fish Called Wanda"}, {"author_id": 741006858, "id": 1494912992982360068, "text": "@ThatEricAlper And \"A Fish Called Wanda\"."}, {"author_id": 1324811484153540608, "id": 1494903356631883777, "text": "@ThatEricAlper Bridesmaids\nA Fish Called Wanda\nBig\nSplash"}, {"author_id": 929095020023599104, "id": 1494902599748927490, "text": "@ThatEricAlper Raising Arizona\nAfter Hours\nPlaytime\nA Fish Called Wanda\nTake the Money and Run\nYoung Frankenstein\nTootsie"}, {"author_id": 826849506209779718, "id": 1494902587933478915, "text": "@ThatEricAlper A Fish Called Wanda https://t.co/F3a4RixHc5"}, {"author_id": 448971881, "id": 1494900078045192193, "text": "@ThatEricAlper Young Frankenstein\nJumping Jack Flash\nOverboard\nRuthless People\nInner Space\nA Fish Called Wanda\nThe Glass Bottom Boat\nThe Producers"}, {"author_id": 826566998649819136, "id": 1494899835228459013, "text": "@vjayebroder @ThatEricAlper A Fish Called Wanda was so funny it made my face and throat hurt from laughing."}, {"author_id": 2535755094, "id": 1494898052636844032, "text": "@LilaFowler2017 @mxmclain I was living in Santa Monica, CA a million years ago and was hanging out with a newish group of friends. So one day we went to the movies to see \"A Fish Called Wanda\". We bought our tickets and I headed into the theater but someone said we needed to wait for Brian. And I said"}, {"author_id": 958785144537497600, "id": 1494894960868356096, "text": "@dianenotdiana @ReconCinemation is a fun look back at films front the 70s, 80s &amp; 90s through today's lens! Here's our latest episode:\n\nhttps://t.co/SG9RIQeU5L"}, {"author_id": 958785144537497600, "id": 1494894922310164480, "text": "@Jacobsaenz2 @ReconCinemation is a fun look back at films front the 70s, 80s &amp; 90s through today's lens! Here's our latest episode:\n\nhttps://t.co/SG9RIQeU5L"}, {"author_id": 958785144537497600, "id": 1494894890819284994, "text": "@hhannahfreire @ReconCinemation is a fun look back at films front the 70s, 80s &amp; 90s through today's lens! Here's our latest episode:\n\nhttps://t.co/SG9RIQeU5L"}, {"author_id": 958785144537497600, "id": 1494894858393116675, "text": "@LSnipertophat @ReconCinemation is a fun look back at films front the 70s, 80s &amp; 90s through today's lens! Here's our latest episode:\n\nhttps://t.co/SG9RIQeU5L"}, {"author_id": 958785144537497600, "id": 1494894792831946757, "text": "@juliashton08 @ReconCinemation is a fun look back at films front the 70s, 80s &amp; 90s through today's lens! Here's our latest episode:\n\nhttps://t.co/SG9RIQeU5L"}, {"author_id": 958785144537497600, "id": 1494894766491766785, "text": "@Kaprea14 @ReconCinemation is a fun look back at films front the 70s, 80s &amp; 90s through today's lens! Here's our latest episode:\n\nhttps://t.co/SG9RIQeU5L"}, {"author_id": 958785144537497600, "id": 1494894736296931329, "text": "@carlagregory89 @ReconCinemation is a fun look back at films front the 70s, 80s &amp; 90s through today's lens! Here's our latest episode:\n\nhttps://t.co/SG9RIQeU5L"}, {"author_id": 958785144537497600, "id": 1494894678461673474, "text": "@yoongisbarbecue @ReconCinemation is a fun look back at films front the 70s, 80s &amp; 90s through today's lens! Here's our latest episode:\n\nhttps://t.co/SG9RIQeU5L"}, {"author_id": 958785144537497600, "id": 1494894583494238209, "text": "@Molly_C_Jackson @ReconCinemation is a fun look back at films front the 70s, 80s &amp; 90s through today's lens! Here's our latest episode:\n\nhttps://t.co/SG9RIQeU5L"}, {"author_id": 958785144537497600, "id": 1494894534169268225, "text": "@Nyakosele @ReconCinemation is a fun look back at films front the 70s, 80s &amp; 90s through today's lens! Here's our latest episode:\n\nhttps://t.co/SG9RIQeU5L"}, {"author_id": 958785144537497600, "id": 1494894509682921474, "text": "@JournoInIndia @ReconCinemation is a fun look back at films front the 70s, 80s &amp; 90s through today's lens! Here's our latest episode:\n\nhttps://t.co/SG9RIQeU5L"}, {"author_id": 958785144537497600, "id": 1494894478691213312, "text": "@mxrgverite @ReconCinemation is a fun look back at films front the 70s, 80s &amp; 90s through today's lens! Here's our latest episode:\n\nhttps://t.co/SG9RIQeU5L"}, {"author_id": 958785144537497600, "id": 1494894443492569088, "text": "@imnotmeda @ReconCinemation is a fun look back at films front the 70s, 80s &amp; 90s through today's lens! Here's our latest episode:\n\nhttps://t.co/SG9RIQeU5L"}, {"author_id": 958785144537497600, "id": 1494894417206992897, "text": "@uglyprezident @ReconCinemation is a fun look back at films front the 70s, 80s &amp; 90s through today's lens! Here's our latest episode:\n\nhttps://t.co/SG9RIQeU5L"}, {"author_id": 958785144537497600, "id": 1494894324923785216, "text": "@StephLlamas @ReconCinemation is a fun look back at films front the 70s, 80s &amp; 90s through today's lens! Here's our latest episode:\n\nhttps://t.co/SG9RIQeU5L"}, {"author_id": 958785144537497600, "id": 1494894290312437760, "text": "@lizzlestranger @ReconCinemation is a fun look back at films front the 70s, 80s &amp; 90s through today's lens! Here's our latest episode:\n\nhttps://t.co/SG9RIQeU5L"}, {"author_id": 958785144537497600, "id": 1494894181893820421, "text": "@empressyolee @ReconCinemation is a fun look back at films front the 70s, 80s &amp; 90s through today's lens! Here's our latest episode:\n\nhttps://t.co/SG9RIQeU5L"}, {"author_id": 1367415747031498752, "id": 1494891477096411145, "text": "\"a fish called wanda\" is such an odd movie"}, {"author_id": 1317861189016309762, "id": 1494885407539941376, "text": "@ThatEricAlper A Fish Called Wanda! https://t.co/O9nX3Q8e3v"}, {"author_id": 19964647, "id": 1494882274336116746, "text": "@timswar I always think of the A Fish Called Wanda exchange. \n\nhttps://t.co/ICadRneVS6"}, {"author_id": 1097920616026365953, "id": 1494880843600326657, "text": "@ThatEricAlper A Fish Called Wanda"}, {"author_id": 818846266453086209, "id": 1494873761815932929, "text": "@ThatEricAlper A Fish Called Wanda.  And... https://t.co/Lpymo3hSH9"}, {"author_id": 2789202031, "id": 1494873750348734468, "text": "@ThatEricAlper A Fish Called Wanda"}, {"author_id": 7962452, "id": 1494872358489755649, "text": "@rifflerunnpool @ThatEricAlper Great list. Recommend all consider:\n\nThe Party\nA Fish Called Wanda\nDeath at a Funeral (British version)\nAvanti\nMan\u2019s Favorite Sport\nFour Weddings and a Funeral\nLost in America\nMy Cousin Vinny\nMonsieur Hulot\u2019s Holiday\nOffice Space\nOur Man in Havana\nSpinal Tap"}, {"author_id": 1447969564680065031, "id": 1494872161789505536, "text": "@ViewfromKelso @ThatEricAlper A Fish Called Wanda"}, {"author_id": 56497147, "id": 1494871993669332997, "text": "@ThatEricAlper A Fish Called Wanda"}, {"author_id": 84716347, "id": 1494871233157951493, "text": "@heatherdunlap @SarahHeartsNYC @Lady_Star_Gem @GaiaSchaffner @DaveAndCatboi @BarrienoeNoe @alxellt0308 @WifeySpice90 @lucky_budd @BranhamAlexa @ThatEricAlper Soooo many to name but A Fish Called Wanda. https://t.co/9qlHczLEKY"}, {"author_id": 340494926, "id": 1494866837183635463, "text": "@ThatEricAlper A Fish Called Wanda"}]