[{"author_id": 2935820168, "id": 1495278557693685760, "text": "My top 10 most watched movies:\n1) Behind the Mirrors (2012)\n2) Rakka (2017)\n3) Mary Poppins (1964)\n4) Harry Potter and the Prisoner of Azkaban (2004)\n5) Airplane! (1980)\n6) Ace Ventura: Pet Detective (1994)\n7) Ace Ventura: When Nature Calls (1995)\n8) The Nightmare Before Chr\u2026"}, {"author_id": 245262803, "id": 1495263358286802944, "text": "Ace Ventura pet detective on! Fuckin Classic lol"}, {"author_id": 377527114, "id": 1495263280646037505, "text": "Wayne\u2019s World, Wedding Crashers, Ace Ventura: Pet Detective, Best In Show"}, {"author_id": 1659249811, "id": 1495214912989184004, "text": "Cool movie idea: a guy named Ace Ventura who (get this) IS A PET DETECTIVE"}, {"author_id": 248356801, "id": 1495159541599772687, "text": "Now watching: ACE VENTURA: PET DETECTIVE https://t.co/ECsYhwekol"}, {"author_id": 328115729, "id": 1495145045816750080, "text": "@JimCarrey me the wife and kids been watching The Mask and now Ace Ventura Pet Detective.\nMy kids 7 and 10 love your films."}, {"author_id": 857635119523393537, "id": 1495084505324929025, "text": "We all have that one family member who isn\u2019t transphobic but keeps deadnaming you on accident and also always suggest they put on Ace Ventura Pet Detective during family movie night"}, {"author_id": 1460016397669576713, "id": 1495076098270445569, "text": "Guesting this week are Liam, David and Mitchell from @Waitwhatpodtrio to review Ace Ventura: Pet Detective \n\nWith 5 minutes Sean has stumbled across a VHS copy of Batman &amp; Robin (1997), which disgusts Liam. Link below! #PodNation #PodernFamily #IndiePodcastsUnite https://t.co/iEVyu9iL6l"}, {"author_id": 725152597, "id": 1495061730933813249, "text": "Top 5 football movies. 1. Friday night lights 2. Remember the titans 3. Waterboy 4. Any given Sunday 5. Ace Ventura Pet detective honorable mention Little Giants https://t.co/s2cBMwNu1H"}, {"author_id": 913475493424504833, "id": 1495017620403376130, "text": "@Theresaroets911 Blazing Saddles, Harlem Nights and Ace Ventura pet detective; when nature calls"}, {"author_id": 1146920575325089793, "id": 1494941620285943808, "text": "RT @BoxOfficeBeyond: #FilmRewind: 'Ace Ventura: Pet Detective' was released 28 years ago! https://t.co/AWK8oSAMsN"}, {"author_id": 996172824, "id": 1494912175655239682, "text": "#FridayHeretics it's Roger Pidacter from Ace Ventura: Pet Detective."}, {"author_id": 1416541662709436418, "id": 1494879093027917828, "text": "@ChannelAwesome do a review of Ace Ventura Jr Pet Detective"}, {"author_id": 31182784, "id": 1494877159860678657, "text": "Is Ace Ventura: Pet Detective a football movie?"}, {"author_id": 194350043, "id": 1494867207385493504, "text": "@machineiv Ace Ventura Pet Detective in Blue Rose"}, {"author_id": 1729126950, "id": 1494851899471773696, "text": "New profile pic but can someone please photoshop my hair so I don\u2019t look like Ace Ventura Pet Detective \ud83d\ude2d https://t.co/lWp4nVtPeQ"}, {"author_id": 1476809701555781632, "id": 1494816059089915904, "text": "RT @TERUSLUV: non anime: dead pool, free guy + ace ventura: pet detective\n\nanime: spirited away, a silent voice + paprika / perfect blue"}, {"author_id": 1081872535, "id": 1494811725857710081, "text": "Watching Liar Liar and Ace Ventura:Pet Detective really hits the childhood reminiscing button"}, {"author_id": 1476025119646621704, "id": 1494777884795359238, "text": "non anime: dead pool, free guy + ace ventura: pet detective\n\nanime: spirited away, a silent voice + paprika / perfect blue https://t.co/mx3ikkTOlQ"}, {"author_id": 1204841286471213063, "id": 1494719156503072775, "text": "RT @limitlessjest: If Ace Ventura solved less than 25% of the crimes reported to him and he regularly murdered dogs on the job you\u2019d fire h\u2026"}, {"author_id": 223266825, "id": 1494693087309975559, "text": "Only ever as a substitute.  And it was in 2nd grade and we watched Ace Ventura, Pet Detective. https://t.co/Ony5OFQNkk"}, {"author_id": 2767784022, "id": 1494680643699191815, "text": "#FridayFunFacts for Tone Loc!\n\n\u27a1\ufe0f Born Anthony Terrell Smith on March 3, 1966\n\u27a1\ufe0f Tony Smith - Tony Loco to Tone Loc\n\u27a1\ufe0f\u201cWild Thing\u201d was co-written with Young MC \n\u27a1\ufe0f His use of \"Hasta la vista, baby.\" was several years before Terminator\n\u27a1\ufe0f Starred in Ace Ventura: Pet Detective https://t.co/TH2Y6u4pvW"}, {"author_id": 1359216219606323205, "id": 1494679477523148804, "text": "@JunkoSu22993224 Sean Young as Ray Finkle in Ace Ventura: Pet Detective."}, {"author_id": 962732364735672321, "id": 1494675290332835849, "text": "@digitalassetbuy is like ace Ventura pet detective laying down the whole scheme of corruption and plot/narratives to control the crypto market on a slanted field. FINKLE AND Einhorn! \ud83e\udd23\ud83e\udd23\ud83e\udd23\ud83e\udd23 https://t.co/FFMUvMzuMp"}, {"author_id": 593910884, "id": 1494564534513668099, "text": "ALRIGHTY THEN! Ace Ventura Pet Detective https://t.co/JjwlWHKdjK"}, {"author_id": 1594767902, "id": 1494563700665208851, "text": "RT @fucking_fitzy: @WyattDuncan You think that's wild, I'm still getting fresh content from the Ace Ventura: Pet Detective fb page"}, {"author_id": 1257216414102011905, "id": 1494562675191435264, "text": "@granty__no1 Ace Ventura - Pet Detective. My nan took me not knowing what it was and was appalled, I thought it was hilarious \ud83d\ude01 *was 10 yrs old"}, {"author_id": 1493776299868901377, "id": 1494554361208389633, "text": "@jordanbpeterson @DouglasKMurray Watch \"Jim Carrey as The Crazy Dolphin Trainer from \"Ace Ventura: Pet Detective\"\" on YouTube\nhttps://t.co/ZFEvcZWFnT"}, {"author_id": 1464797917, "id": 1494520606364213249, "text": "@WyattDuncan You think that's wild, I'm still getting fresh content from the Ace Ventura: Pet Detective fb page"}, {"author_id": 1418813298942828544, "id": 1494507044933668864, "text": "@camolNFT Ace Ventura. A pet detective that locates other pets."}, {"author_id": 3294062208, "id": 1494505030111485956, "text": "And I think the #AceVentura rides to takes place after Ace Ventura when nature calls. And have all the characters from when nature calls and also from pet detective in the right especially the Monk from the 2nd movie and Emilio and Melissa Robinson."}, {"author_id": 347943939, "id": 1494487670592049153, "text": "RT @krobcecil: John Cherry says that when he first partnered with Disney they gave him a bunch of scripts that could be adapted into an Ern\u2026"}, {"author_id": 1161302634, "id": 1494473101245046786, "text": "@Coach_MColeman sounds like a perfect fit for @Coach_mtucker and @MSU_Football. When he watches film, it definitely isn\u2019t \u201cAce Ventura: Pet Detective.\u201d"}, {"author_id": 1224755348021694464, "id": 1494470412322942981, "text": "Ace Ventura: Pet Detective (1994) (rewatch) https://t.co/vAybUkGBfp"}, {"author_id": 87299861, "id": 1494455084272558082, "text": "@FreeMars2020 @atc_mag I just noticed that myself! Like, Jimmy Hoffa?!?!? In the immortal words of Jim Carey in Ace Ventura Pet Detective: \"Alllrighty then!\""}, {"author_id": 31886518, "id": 1494443099958960128, "text": "John Cherry says that when he first partnered with Disney they gave him a bunch of scripts that could be adapted into an Ernest movie and one of them was Ace Ventura: Pet Detective."}, {"author_id": 721152230045442048, "id": 1494431237179592710, "text": "@RTaub_ Jimm Carrey all day 1994 - 97\n\nThe Mask\nDumb and Dumber\nAce ventura\nAce Ventura Pet Detective \nCable Guy\nLiar Liar\nBatman Forever"}, {"author_id": 23119782, "id": 1494420816485830660, "text": "@amazonca Maybe BNI just needs to stop using the opening to Ace Ventura: Pet Detective as a training video https://t.co/ulcOIOe6YE"}, {"author_id": 4884200431, "id": 1494365206721355805, "text": "@Sook0824 This was also a Joke in Ace Ventura : Pet Detective\nhttps://t.co/lzNG7TtUdZ"}, {"author_id": 621331406, "id": 1494316228428640259, "text": "RT @limitlessjest: If Ace Ventura solved less than 25% of the crimes reported to him and he regularly murdered dogs on the job you\u2019d fire h\u2026"}, {"author_id": 1062101601278513153, "id": 1494310164287004681, "text": "RT @limitlessjest: If Ace Ventura solved less than 25% of the crimes reported to him and he regularly murdered dogs on the job you\u2019d fire h\u2026"}, {"author_id": 93335806, "id": 1494300397762138112, "text": "#4! Ace Ventura: Pet Detective! Who do you nominate for our tournament? Ace himself? The woman who pays with extreme kindness? Finkle is Einhorn? Or the field goal kicking dolphin? You tell us! Please share so others can weigh in too! https://t.co/K9elzgKQKh"}, {"author_id": 447292757, "id": 1494274448396013570, "text": "RT @limitlessjest: If Ace Ventura solved less than 25% of the crimes reported to him and he regularly murdered dogs on the job you\u2019d fire h\u2026"}, {"author_id": 3576759794, "id": 1494256230847565824, "text": "RT @limitlessjest: If Ace Ventura solved less than 25% of the crimes reported to him and he regularly murdered dogs on the job you\u2019d fire h\u2026"}, {"author_id": 1009617798518231040, "id": 1494223546616147968, "text": "@danabar_s i will shoulder bash you into watching ace ventura: pet detective"}, {"author_id": 33921947, "id": 1494170242821541892, "text": "RT @CavaMovies: Just stopped before walking out the door, turned to my wife and said, deadly seriously: \"In the words of Ace Ventura Pet De\u2026"}, {"author_id": 1597397790, "id": 1494152754985672710, "text": "Ace Ventura: Pet Detective will be 30 years old in 2 years. \ud83d\udd75\ud83c\udffb\ud83d\udc2c https://t.co/HVgbYxGhJX"}, {"author_id": 783892, "id": 1494150584953454592, "text": "RT @limitlessjest: If Ace Ventura solved less than 25% of the crimes reported to him and he regularly murdered dogs on the job you\u2019d fire h\u2026"}, {"author_id": 727742330728501248, "id": 1494146386220179456, "text": "RT @limitlessjest: If Ace Ventura solved less than 25% of the crimes reported to him and he regularly murdered dogs on the job you\u2019d fire h\u2026"}, {"author_id": 135345515, "id": 1494135307914072071, "text": "RT @limitlessjest: If Ace Ventura solved less than 25% of the crimes reported to him and he regularly murdered dogs on the job you\u2019d fire h\u2026"}, {"author_id": 91207756, "id": 1494125554991185921, "text": "RT @limitlessjest: If Ace Ventura solved less than 25% of the crimes reported to him and he regularly murdered dogs on the job you\u2019d fire h\u2026"}, {"author_id": 56905515, "id": 1494116824350298113, "text": "Ace Ventura Taylor.  Pet detective.  Happy hump day! https://t.co/WvqLKW7j5v"}, {"author_id": 60576958, "id": 1494105784829022212, "text": "RT @limitlessjest: If Ace Ventura solved less than 25% of the crimes reported to him and he regularly murdered dogs on the job you\u2019d fire h\u2026"}, {"author_id": 1264561507, "id": 1494105358016688135, "text": "RT @limitlessjest: If Ace Ventura solved less than 25% of the crimes reported to him and he regularly murdered dogs on the job you\u2019d fire h\u2026"}, {"author_id": 3302249253, "id": 1494098457384136706, "text": "RT @limitlessjest: If Ace Ventura solved less than 25% of the crimes reported to him and he regularly murdered dogs on the job you\u2019d fire h\u2026"}, {"author_id": 3012963160, "id": 1494094456336928768, "text": "@MatthewEspinosa @MatthewEspinosa \n\nAllo! Allo!\n\nAre you being served\n\nLair Lair\n\nAce Ventura Pet Detective 1 &amp; 2\n\nBruce Almighty\n\nThat\u2019s some of the show and movies that always make me laugh\u2026"}, {"author_id": 18030970, "id": 1494090649821491210, "text": "RT @limitlessjest: If Ace Ventura solved less than 25% of the crimes reported to him and he regularly murdered dogs on the job you\u2019d fire h\u2026"}, {"author_id": 921801508705980417, "id": 1494084052940427279, "text": "@SportsCenter We're really calling the movie with Big Red a sports movie? Ace Ventura: Pet Detective is more of a sports movie and he chews a whole pack of Big Red in it."}, {"author_id": 4680142122, "id": 1494078424658309121, "text": "RT @limitlessjest: If Ace Ventura solved less than 25% of the crimes reported to him and he regularly murdered dogs on the job you\u2019d fire h\u2026"}, {"author_id": 1202875621, "id": 1494077789687128065, "text": "RT @limitlessjest: If Ace Ventura solved less than 25% of the crimes reported to him and he regularly murdered dogs on the job you\u2019d fire h\u2026"}, {"author_id": 10680442, "id": 1494076810577031170, "text": "RT @limitlessjest: If Ace Ventura solved less than 25% of the crimes reported to him and he regularly murdered dogs on the job you\u2019d fire h\u2026"}, {"author_id": 708749850137853952, "id": 1494072498098520069, "text": "RT @limitlessjest: If Ace Ventura solved less than 25% of the crimes reported to him and he regularly murdered dogs on the job you\u2019d fire h\u2026"}, {"author_id": 935636406667378689, "id": 1494068669038559232, "text": "RT @limitlessjest: If Ace Ventura solved less than 25% of the crimes reported to him and he regularly murdered dogs on the job you\u2019d fire h\u2026"}, {"author_id": 1015930964, "id": 1494064883045969930, "text": "RT @limitlessjest: If Ace Ventura solved less than 25% of the crimes reported to him and he regularly murdered dogs on the job you\u2019d fire h\u2026"}, {"author_id": 37444777, "id": 1494058588041617410, "text": "Just stopped before walking out the door, turned to my wife and said, deadly seriously: \"In the words of Ace Ventura Pet Detective ...\"\n\nShe has DECADES of moments like these ahead of her to look forward to. https://t.co/hHg5YeTKo5"}, {"author_id": 1205152001778171909, "id": 1494054734059212803, "text": "RT @limitlessjest: If Ace Ventura solved less than 25% of the crimes reported to him and he regularly murdered dogs on the job you\u2019d fire h\u2026"}, {"author_id": 743809339, "id": 1494053729003315207, "text": "RT @limitlessjest: If Ace Ventura solved less than 25% of the crimes reported to him and he regularly murdered dogs on the job you\u2019d fire h\u2026"}, {"author_id": 861463357, "id": 1494053707239075843, "text": "RT @limitlessjest: If Ace Ventura solved less than 25% of the crimes reported to him and he regularly murdered dogs on the job you\u2019d fire h\u2026"}, {"author_id": 3087071556, "id": 1494051819969863680, "text": "RT @limitlessjest: If Ace Ventura solved less than 25% of the crimes reported to him and he regularly murdered dogs on the job you\u2019d fire h\u2026"}, {"author_id": 266901451, "id": 1494051289273024512, "text": "RT @limitlessjest: If Ace Ventura solved less than 25% of the crimes reported to him and he regularly murdered dogs on the job you\u2019d fire h\u2026"}, {"author_id": 1070962348045697025, "id": 1494050022341632002, "text": "RT @limitlessjest: If Ace Ventura solved less than 25% of the crimes reported to him and he regularly murdered dogs on the job you\u2019d fire h\u2026"}, {"author_id": 1208035925219037185, "id": 1494046602067169291, "text": "RT @limitlessjest: If Ace Ventura solved less than 25% of the crimes reported to him and he regularly murdered dogs on the job you\u2019d fire h\u2026"}, {"author_id": 127610542, "id": 1494046169625997316, "text": "Ace Ventura pet detective would absolutely not fly in this era. That man put a plunger on his face because he kissed a trans person"}, {"author_id": 346329874, "id": 1494045345193644038, "text": "RT @limitlessjest: If Ace Ventura solved less than 25% of the crimes reported to him and he regularly murdered dogs on the job you\u2019d fire h\u2026"}, {"author_id": 122232677, "id": 1494042618610819073, "text": "RT @limitlessjest: If Ace Ventura solved less than 25% of the crimes reported to him and he regularly murdered dogs on the job you\u2019d fire h\u2026"}, {"author_id": 340784157, "id": 1494028652455022599, "text": "David Simms (Tin Cup) or Ray Finkle (Ace Ventura Pet Detective) https://t.co/WnnvOuMkwQ"}, {"author_id": 362068767, "id": 1493985907388469250, "text": "Ace Ventura: Pet Detective, was head of its time."}]