[{"author_id": 1350975339648995331, "id": 1495175804027740160, "text": "Somewhere across the sea of time\nA love immortal just like mine\nWill come to me eternally\nImmortal she, return to me"}, {"author_id": 1302968463435223047, "id": 1495064141924548611, "text": "RT @UofStThomasMN: \u201cI seek no backward voyage across the sea of time. I will ever press forward.\u201d \u2013 Archbishop John Ireland https://t.co/Lf\u2026"}, {"author_id": 1460288238, "id": 1495036242521739267, "text": "\"The Chinese People\u2019s Liberation Army Navy (PLAN) ship that pointed the laser at the Australian jet was one of two PLAN warships sailing east across the Arafura Sea at the time\" https://t.co/TCi2tJf11E https://t.co/QxTfGLGiS0"}, {"author_id": 635750362, "id": 1494981239757058048, "text": "\u201cScientists analysed sea surface temperatures over the last 150 years, which have risen because of global heating. They found that extreme temperatures occurring just 2% of the time a century ago have occurred at least 50% of the time across the global ocean since 2014\u201d. https://t.co/AxgnkIbEn6"}, {"author_id": 1371617963221118978, "id": 1494966739460759555, "text": "\u29d6 Let my power take physical form... Allow me to spread my wings as I take my final flight across the celestial sea of time..."}, {"author_id": 31337973, "id": 1494797560963162112, "text": "RT @UofStThomasMN: \u201cI seek no backward voyage across the sea of time. I will ever press forward.\u201d \u2013 Archbishop John Ireland https://t.co/Lf\u2026"}, {"author_id": 87270609, "id": 1494796875555299329, "text": "\u201cI seek no backward voyage across the sea of time. I will ever press forward.\u201d \u2013 Archbishop John Ireland https://t.co/LffV9paakT"}, {"author_id": 1397698674155794435, "id": 1494786362519654403, "text": "Somewhere across the sea of time\n A love immortal such as mine\n Will come to me eternally"}, {"author_id": 1267034557527752704, "id": 1494772139433639939, "text": "@dianeCDee Nearly as bad as the time I forgot to turn off the ferry option in the satnav Anna instead of going to Skye we ended up in Mallaig as the last ferry disappeared across the sea. That was another 3 long hours to add to the 9 we'd already done\ud83e\udd23"}, {"author_id": 439912356, "id": 1494726242842836997, "text": "@sssaaagar It's really shameful that successive KA Govts r struggling for &gt;15 years to even initiate the work of mere 65 km PRR. In the same time Hyd built 8lane ORR.UP built slew of expways across state at record pace. MH building Mum-Nag 700+ km Expway &amp; sea link connecting Mum &amp; Navi Mum"}, {"author_id": 1392615354782867460, "id": 1494676595021340675, "text": "@MattWallace888 @Xrdoge leading the people across the sea of high gas fees and slow transaction time to the land of the xrpl were people thrive on zero gas fees and lightning fast transactions\n#XRDOGE #XRPL #XSTIK https://t.co/2OLACz65ok"}, {"author_id": 1280910658700054530, "id": 1494656562358808578, "text": "RT @jayasartn: For the first time in history, the need to build a bridge across the Palk strait arose around 7000 yr BP when sea level rose\u2026"}, {"author_id": 1355533541845569538, "id": 1494574953181577218, "text": "@Paul91701736 Interesting. He spends a lot of time flying to La Paz area? Almost a straight shot across the Sea of Cortez from Sinaloa - Culiacan? Lotsa great Cartel narco intel to read about the areas. I\u2019 just sayin\u2019 \ud83e\udd37\u200d\u2642\ufe0f https://t.co/uYt6nDdt55"}, {"author_id": 737526700485922818, "id": 1494539947365191685, "text": "RT @jayasartn: For the first time in history, the need to build a bridge across the Palk strait arose around 7000 yr BP when sea level rose\u2026"}, {"author_id": 275966441, "id": 1494539370283470851, "text": "For the first time in history, the need to build a bridge across the Palk strait arose around 7000 yr BP when sea level rose up between India &amp; Sri Lanka. That's the date of Rama Setu . More in  https://t.co/2QxllEJksd https://t.co/JSqpm0EIFH"}, {"author_id": 1025633705526583296, "id": 1494476664222683138, "text": "See these men? They work on cargo ships. They spend months out at sea, working day and night in order to transport goods across thousands of miles. All so you can enjoy those goods.\n\nSpare them a thought the next time you buy a bag of cocaine. https://t.co/MzH8pgSlL5"}, {"author_id": 1476918775610056728, "id": 1494441664815026180, "text": "@KatePlym @NDPlymouth It was certainly stormy and there was some local damage but we were fortunate compared to many parts of the country. The storm travelled across the country and went out to sea over The Wash. It gave me much to talk about in geography lessons for a long time afterwards!"}, {"author_id": 792738243104079872, "id": 1494397806089408548, "text": "Excited by the bottom of the sea, I travel through time and observe a marriage sobbing across the ocean"}, {"author_id": 244871653, "id": 1494353480131264513, "text": "RT @campuscodi: A real-time map of all lighthouses and sea beacons across the globe and their true colors\n\nhttps://t.co/vOKR6chsMH https://\u2026"}, {"author_id": 1419767009923973122, "id": 1494320607059533824, "text": "RT @thehistoryguy: For more than 40 years I have been going to sea and in that time I have learned a simple truth: keep your precious boat\u2026"}, {"author_id": 3114152345, "id": 1494317958922784774, "text": "@Ruth_Garside may be on the south coast at present but could be halfway across the North Sea by this time tomorrow\ud83d\ude1f Wizard of Oz plot comes to the UK? https://t.co/HKY89Cu6WR"}, {"author_id": 1225836187996360715, "id": 1494313097250713607, "text": "All throughout the time of the sea, all across the ages \u2014 people have looked to ending the pit that Peters dug and puts boo\u2019s \ud83e\udeb3\ud83d\udc8b\ud83c\uddfa\ud83c\uddf8\u2026&amp; cast the lord fish into\u2026\u2014soooo they\u2019re chasing me for Peter. I have back &amp; forth traveling in time that it\u2019s labyrinth is cuttlefish and cooked"}, {"author_id": 1315024880111321090, "id": 1494311578686029824, "text": "Sharp cyclonic depression across the Argentine Sea, falling past moments of melancholy. A punishing time ahead?"}, {"author_id": 193313425, "id": 1494310803578793995, "text": "Bit blowy out today\u2026\n\nThe River Blyth from Southwold looking across into Walberswick, where the River hits the North Sea coast sea \ud83c\udf0a\n\nAlways reminds me of the first time I took @Feargal_Sharkey here: \u201cIt\u2019s a big sky, Mike, a big sky\u2026\u201d https://t.co/DVKmiadMvg"}, {"author_id": 1433957034018365443, "id": 1494301168478167041, "text": "RT @thehistoryguy: For more than 40 years I have been going to sea and in that time I have learned a simple truth: keep your precious boat\u2026"}, {"author_id": 2362726963, "id": 1494218960170008580, "text": "RT @Marcus1JJ: @johnredwood John. It's called \"free trade\". \nBusinesses, not the EU, prefer routing goods to NI through Ireland instead of\u2026"}, {"author_id": 261208128, "id": 1494214339867426817, "text": "RT @Marcus1JJ: @johnredwood John. It's called \"free trade\". \nBusinesses, not the EU, prefer routing goods to NI through Ireland instead of\u2026"}, {"author_id": 555558387, "id": 1494209042092277760, "text": "@johnredwood John. It's called \"free trade\". \nBusinesses, not the EU, prefer routing goods to NI through Ireland instead of being subjected to checks across the Irish Sea.\n\nWhy is that? The SM. Time to consider rejoining it."}, {"author_id": 225614308, "id": 1494208971619504128, "text": "I can\u2019t think of anything else rn but I hope this thread gave all my friends across the sea a good chuckle \ud83d\ude02 I had the best time in the UK and can\u2019t wait to visit again someday"}, {"author_id": 240503582, "id": 1494190919175839744, "text": "@TravisTeatime This is the kind of time wasting shit we did in Ultima to walk across the sea with beakers and pillows and shit."}, {"author_id": 40167675, "id": 1494185153987428360, "text": "RT @thehistoryguy: For more than 40 years I have been going to sea and in that time I have learned a simple truth: keep your precious boat\u2026"}, {"author_id": 380080506, "id": 1494165209291886595, "text": "RT @thehistoryguy: For more than 40 years I have been going to sea and in that time I have learned a simple truth: keep your precious boat\u2026"}, {"author_id": 731753429782036480, "id": 1494160728810422274, "text": "RT @campuscodi: A real-time map of all lighthouses and sea beacons across the globe and their true colors\n\nhttps://t.co/vOKR6chsMH https://\u2026"}, {"author_id": 1287952824698118145, "id": 1494159106378289152, "text": "RT @thehistoryguy: For more than 40 years I have been going to sea and in that time I have learned a simple truth: keep your precious boat\u2026"}, {"author_id": 1158940387169509376, "id": 1494135266579202051, "text": "RT @thehistoryguy: For more than 40 years I have been going to sea and in that time I have learned a simple truth: keep your precious boat\u2026"}, {"author_id": 720775306638966785, "id": 1494107131519320068, "text": "RT @thehistoryguy: For more than 40 years I have been going to sea and in that time I have learned a simple truth: keep your precious boat\u2026"}, {"author_id": 37206945, "id": 1494093162046197762, "text": "RT @thehistoryguy: For more than 40 years I have been going to sea and in that time I have learned a simple truth: keep your precious boat\u2026"}, {"author_id": 1093216882046300160, "id": 1494093087957663746, "text": "RT @thehistoryguy: For more than 40 years I have been going to sea and in that time I have learned a simple truth: keep your precious boat\u2026"}, {"author_id": 1350975339648995331, "id": 1494088654397923330, "text": "Somewhere across the sea of time\nA love immortal just like mine\nWill come to me eternally\nImmortal she, return to me"}, {"author_id": 1401554113536696323, "id": 1494085456157454339, "text": "RT @thehistoryguy: For more than 40 years I have been going to sea and in that time I have learned a simple truth: keep your precious boat\u2026"}, {"author_id": 2341560667, "id": 1494063763552489472, "text": "RT @thehistoryguy: For more than 40 years I have been going to sea and in that time I have learned a simple truth: keep your precious boat\u2026"}, {"author_id": 1302102781, "id": 1494056608942469123, "text": "RT @thehistoryguy: For more than 40 years I have been going to sea and in that time I have learned a simple truth: keep your precious boat\u2026"}, {"author_id": 765595598456287232, "id": 1494042149427593221, "text": "RT @thehistoryguy: For more than 40 years I have been going to sea and in that time I have learned a simple truth: keep your precious boat\u2026"}, {"author_id": 1426865454, "id": 1494041610329669632, "text": "RT @thehistoryguy: For more than 40 years I have been going to sea and in that time I have learned a simple truth: keep your precious boat\u2026"}, {"author_id": 2354347587, "id": 1494032678894583808, "text": "RT @thehistoryguy: For more than 40 years I have been going to sea and in that time I have learned a simple truth: keep your precious boat\u2026"}, {"author_id": 1214335102941122560, "id": 1494028208135675910, "text": "RT @thehistoryguy: For more than 40 years I have been going to sea and in that time I have learned a simple truth: keep your precious boat\u2026"}, {"author_id": 1316829718964994050, "id": 1494024882459402240, "text": "RT @thehistoryguy: For more than 40 years I have been going to sea and in that time I have learned a simple truth: keep your precious boat\u2026"}, {"author_id": 127289951, "id": 1494021972442951695, "text": "RT @thehistoryguy: For more than 40 years I have been going to sea and in that time I have learned a simple truth: keep your precious boat\u2026"}, {"author_id": 421727405, "id": 1494021178645786630, "text": "RT @thehistoryguy: For more than 40 years I have been going to sea and in that time I have learned a simple truth: keep your precious boat\u2026"}, {"author_id": 1485298503714852875, "id": 1494018023455436820, "text": "RT @thehistoryguy: For more than 40 years I have been going to sea and in that time I have learned a simple truth: keep your precious boat\u2026"}, {"author_id": 1044474612069933057, "id": 1494017883059499009, "text": "RT @thehistoryguy: For more than 40 years I have been going to sea and in that time I have learned a simple truth: keep your precious boat\u2026"}, {"author_id": 1921875254, "id": 1494017310100791302, "text": "RT @campuscodi: A real-time map of all lighthouses and sea beacons across the globe and their true colors\n\nhttps://t.co/vOKR6chsMH https://\u2026"}, {"author_id": 1108533764886618112, "id": 1494016194466168849, "text": "RT @thehistoryguy: For more than 40 years I have been going to sea and in that time I have learned a simple truth: keep your precious boat\u2026"}, {"author_id": 4860898261, "id": 1494015927893078022, "text": "RT @thehistoryguy: For more than 40 years I have been going to sea and in that time I have learned a simple truth: keep your precious boat\u2026"}, {"author_id": 396450510, "id": 1494015872050020352, "text": "RT @thehistoryguy: For more than 40 years I have been going to sea and in that time I have learned a simple truth: keep your precious boat\u2026"}, {"author_id": 1036925426080333824, "id": 1494014008604647424, "text": "RT @thehistoryguy: For more than 40 years I have been going to sea and in that time I have learned a simple truth: keep your precious boat\u2026"}, {"author_id": 323810330, "id": 1494011810755788803, "text": "RT @thehistoryguy: For more than 40 years I have been going to sea and in that time I have learned a simple truth: keep your precious boat\u2026"}, {"author_id": 1249024502878605313, "id": 1494011413584658440, "text": "RT @thehistoryguy: For more than 40 years I have been going to sea and in that time I have learned a simple truth: keep your precious boat\u2026"}, {"author_id": 1382944179056222208, "id": 1494011345443999759, "text": "RT @thehistoryguy: For more than 40 years I have been going to sea and in that time I have learned a simple truth: keep your precious boat\u2026"}, {"author_id": 1388847283333120001, "id": 1494010646777765891, "text": "RT @thehistoryguy: For more than 40 years I have been going to sea and in that time I have learned a simple truth: keep your precious boat\u2026"}, {"author_id": 55614706, "id": 1494010461632839684, "text": "RT @thehistoryguy: For more than 40 years I have been going to sea and in that time I have learned a simple truth: keep your precious boat\u2026"}, {"author_id": 28978705, "id": 1494010199182614535, "text": "For more than 40 years I have been going to sea and in that time I have learned a simple truth: keep your precious boat away from hard things. \n\nIn the last 36 hours I have felt uneasy as we have grinded, bounced, smashed and broken our way across a thick layer of brittle sea ice https://t.co/jrsYXRy5u6"}, {"author_id": 1388990019398901760, "id": 1493980764391702529, "text": "Imagine: Cody Rhodes shows up on Raw. The crowd is absolutely electric. He looks across the sea of people slowly with a grin on his face.\n\nHe then removes his face, which was a mask this entire time.\n\nVEER HAS COME"}, {"author_id": 741643957407494144, "id": 1493901166572359681, "text": "@ItsBillN @brooktop68 There is also an issue about charging speed across the country \nThis @WattsUp map shows UK \ncontactless chargers\nover 50kW\nat least 2 units\nWales, Scotland &amp; Shrops &amp; Herefordshire &amp; some of North sea coast are a fast DC desert where charging an e-Vivarro van takes twice the time https://t.co/TL7DLXWSNq"}, {"author_id": 907467705917227008, "id": 1493865888843403266, "text": "@huskyhuskarl It\u2019s been some time since I read the Silmarillion the 2nd time. But I recall her being a hot headed warrior following elves across the sea to fulfill a blood oath, long before she became the wise lady of Lothlorien.\nPlease correct me if my memory is incorrect"}, {"author_id": 27281240, "id": 1493808251703480321, "text": "RT @CheriBeasleyNC: NC\u2019s Outer Banks is a beautiful &amp; beloved part of our state. But our coastline is facing rising sea levels &amp; more sever\u2026"}, {"author_id": 1350975339648995331, "id": 1493718737123303427, "text": "Somewhere across the sea of time\nA love immortal just like mine\nWill come to me eternally\nImmortal she, return to me"}, {"author_id": 2791424236, "id": 1493699928002023427, "text": "RT @KaohsiungCity: In this hard time, Taiwan supports and unites with the world to move forward.\nGratitude from people across Taiwan, 1500\u2026"}, {"author_id": 858373699401023488, "id": 1493648287915782145, "text": "RT @campuscodi: A real-time map of all lighthouses and sea beacons across the globe and their true colors\n\nhttps://t.co/vOKR6chsMH https://\u2026"}, {"author_id": 1165121798343745537, "id": 1493626919299870721, "text": "The other members of Weezer after Rivers Cuomo played them across the sea for the first time https://t.co/jbt7JnbHeg"}, {"author_id": 1315024880111321090, "id": 1493622130478497792, "text": "Weak air across the Carribean Sea, shooting through recesses of intensity. A punishing time ahead?"}, {"author_id": 992748283331215360, "id": 1493598087603970057, "text": "RT @campuscodi: A real-time map of all lighthouses and sea beacons across the globe and their true colors\n\nhttps://t.co/vOKR6chsMH https://\u2026"}, {"author_id": 620341271, "id": 1493582569010790403, "text": "RT @campuscodi: A real-time map of all lighthouses and sea beacons across the globe and their true colors\n\nhttps://t.co/vOKR6chsMH https://\u2026"}, {"author_id": 1430876952936820740, "id": 1493569992150986756, "text": "RT @campuscodi: A real-time map of all lighthouses and sea beacons across the globe and their true colors\n\nhttps://t.co/vOKR6chsMH https://\u2026"}, {"author_id": 1022937700918341634, "id": 1493556719644991493, "text": "RT @KaohsiungCity: In this hard time, Taiwan supports and unites with the world to move forward.\nGratitude from people across Taiwan, 1500\u2026"}, {"author_id": 1392115357494571009, "id": 1493547917503877121, "text": "RT @campuscodi: A real-time map of all lighthouses and sea beacons across the globe and their true colors\n\nhttps://t.co/vOKR6chsMH https://\u2026"}, {"author_id": 547271342, "id": 1493546863475183617, "text": "RT @campuscodi: A real-time map of all lighthouses and sea beacons across the globe and their true colors\n\nhttps://t.co/vOKR6chsMH https://\u2026"}, {"author_id": 903228570536996865, "id": 1493545941491716101, "text": "RT @campuscodi: A real-time map of all lighthouses and sea beacons across the globe and their true colors\n\nhttps://t.co/vOKR6chsMH https://\u2026"}, {"author_id": 3176891234, "id": 1493537330157821955, "text": "RT @campuscodi: A real-time map of all lighthouses and sea beacons across the globe and their true colors\n\nhttps://t.co/vOKR6chsMH https://\u2026"}, {"author_id": 2221456711, "id": 1493530863505653760, "text": "RT @campuscodi: A real-time map of all lighthouses and sea beacons across the globe and their true colors\n\nhttps://t.co/vOKR6chsMH https://\u2026"}, {"author_id": 1372808625866031104, "id": 1493478364283289601, "text": "RT @campuscodi: A real-time map of all lighthouses and sea beacons across the globe and their true colors\n\nhttps://t.co/vOKR6chsMH https://\u2026"}, {"author_id": 2815073553, "id": 1493478183517175809, "text": "RT @campuscodi: A real-time map of all lighthouses and sea beacons across the globe and their true colors\n\nhttps://t.co/vOKR6chsMH https://\u2026"}, {"author_id": 19860373, "id": 1493477024085815301, "text": "RT @campuscodi: A real-time map of all lighthouses and sea beacons across the globe and their true colors\n\nhttps://t.co/vOKR6chsMH https://\u2026"}, {"author_id": 16039445, "id": 1493456669774336002, "text": "RT @campuscodi: A real-time map of all lighthouses and sea beacons across the globe and their true colors\n\nhttps://t.co/vOKR6chsMH https://\u2026"}, {"author_id": 274909596, "id": 1493449382578036741, "text": "RT @campuscodi: A real-time map of all lighthouses and sea beacons across the globe and their true colors\n\nhttps://t.co/vOKR6chsMH https://\u2026"}, {"author_id": 2182384038, "id": 1493434998501908482, "text": "RT @campuscodi: A real-time map of all lighthouses and sea beacons across the globe and their true colors\n\nhttps://t.co/vOKR6chsMH https://\u2026"}, {"author_id": 1261335868138274817, "id": 1493422507785072643, "text": "RT @campuscodi: A real-time map of all lighthouses and sea beacons across the globe and their true colors\n\nhttps://t.co/vOKR6chsMH https://\u2026"}, {"author_id": 1443139732100112385, "id": 1493415428282261509, "text": "RT @campuscodi: A real-time map of all lighthouses and sea beacons across the globe and their true colors\n\nhttps://t.co/vOKR6chsMH https://\u2026"}, {"author_id": 1319061082477154304, "id": 1493414980527476738, "text": "RT @campuscodi: A real-time map of all lighthouses and sea beacons across the globe and their true colors\n\nhttps://t.co/vOKR6chsMH https://\u2026"}, {"author_id": 5515632, "id": 1493407854396641280, "text": "RT @campuscodi: A real-time map of all lighthouses and sea beacons across the globe and their true colors\n\nhttps://t.co/vOKR6chsMH https://\u2026"}, {"author_id": 18673323, "id": 1493400352720257025, "text": "RT @campuscodi: A real-time map of all lighthouses and sea beacons across the globe and their true colors\n\nhttps://t.co/vOKR6chsMH https://\u2026"}, {"author_id": 335851633, "id": 1493389297726021637, "text": "RT @KaohsiungCity: In this hard time, Taiwan supports and unites with the world to move forward.\nGratitude from people across Taiwan, 1500\u2026"}, {"author_id": 1212437199305576449, "id": 1493375284892114946, "text": "-Bug Eyes had a dream of the crew coming across a Loch Ness monster kind of sea creature on they\u2019re way to Vinland\u2026 in his dream. THAT WOULD\u2019VE BEEN FUCKING AWESOME SEEING THE WHOLE FLEET FIGHT THAT THING OFF.\nI can give more point that bother me but the time skips here suck."}, {"author_id": 105871249, "id": 1493364205734481921, "text": "@ClimateReality \u201cScientists analysed sea surface temperatures over the last 150 years, which have risen because of global heating. They found that extreme temperatures occurring just 2% of the time a century ago have occurred at least 50% of the time across the global ocean since 2014.\u201d"}, {"author_id": 1168995709, "id": 1493362663270797312, "text": "RT @campuscodi: A real-time map of all lighthouses and sea beacons across the globe and their true colors\n\nhttps://t.co/vOKR6chsMH https://\u2026"}, {"author_id": 544603685, "id": 1493360952842108934, "text": "RT @campuscodi: A real-time map of all lighthouses and sea beacons across the globe and their true colors\n\nhttps://t.co/vOKR6chsMH https://\u2026"}, {"author_id": 3131055521, "id": 1493360575799304200, "text": "RT @campuscodi: A real-time map of all lighthouses and sea beacons across the globe and their true colors\n\nhttps://t.co/vOKR6chsMH https://\u2026"}, {"author_id": 1075804392, "id": 1493359965465382912, "text": "RT @campuscodi: A real-time map of all lighthouses and sea beacons across the globe and their true colors\n\nhttps://t.co/vOKR6chsMH https://\u2026"}, {"author_id": 39176606, "id": 1493359498207113224, "text": "A real-time map of all lighthouses and sea beacons across the globe and their true colors\n\nhttps://t.co/vOKR6chsMH https://t.co/Caqsq0W6ap"}, {"author_id": 266071890, "id": 1493317429111439362, "text": "RT @KaohsiungCity: In this hard time, Taiwan supports and unites with the world to move forward.\nGratitude from people across Taiwan, 1500\u2026"}]