[{"author_id": 405842183, "id": 1495294706661662722, "text": "Once I was talking about the cervix in space (as I am wont to do tbh) and taught this guy about the anterior and posterior fornix and he was like \u201coh women are aliens ahah\u201d. Wanted to incapacitate him thru the phone with some monstrous ultrasounds"}, {"author_id": 710101853330132992, "id": 1495294683299393537, "text": "I guess Aliens exist https://t.co/uEaQLauCX1"}, {"author_id": 1434550208, "id": 1495294644392845315, "text": "@oxbuni Meta aliens holder and carrots soon \ud83e\udd55\ud83e\udd55\ud83e\udd55\ud83e\udd55\ud83e\udd55 !! https://t.co/lHI2RF3rwI"}, {"author_id": 1399746932461998089, "id": 1495294634184093700, "text": "@Sophiesaurus98 I mean, hey, I be also down for them to include Darwin IV aliens\u2026 How they got approved by Noah, no one cares! Noah just fucking approved."}, {"author_id": 1165743926504054784, "id": 1495294588843659274, "text": "RT @mommy_uwu: do the ancient aliens guys ever think maybe it\u2019s not their business?"}, {"author_id": 308107373, "id": 1495294581394477056, "text": "Fourt\u00e9 beefs\nBlueberries | Beaches | Fireworks | quiet music | Justin Bernardez | aliens | bags of with chips with all air and no chips | student loans"}, {"author_id": 1403899770356199424, "id": 1495294564461993984, "text": "RT @CryptoRonnin: \ud83c\udf81 HYPE ALIENS GIVEAWAY \ud83c\udf81\n\n\ud83d\udea8 1 NFT + 10 WL SPOTS \ud83d\udc7d\n\nHow to enter:\n\u2705 Follow @HYPEALIENS\n\u2705 Like &amp; RT this tweet\n\u2705 Tag 1 frie\u2026"}, {"author_id": 811110150807425024, "id": 1495294533399105536, "text": "RT @CryptoRonnin: \ud83c\udf81 HYPE ALIENS GIVEAWAY \ud83c\udf81\n\n\ud83d\udea8 1 NFT + 10 WL SPOTS \ud83d\udc7d\n\nHow to enter:\n\u2705 Follow @HYPEALIENS\n\u2705 Like &amp; RT this tweet\n\u2705 Tag 1 frie\u2026"}, {"author_id": 3493019667, "id": 1495294515720200193, "text": "my current dating parameters:\n- must believe in aliens\n- possesses a sense of humor"}, {"author_id": 1049426255119097857, "id": 1495294505867694088, "text": "@ZakalataMarie My 3rd Motion illustration on the collection \u201cspace calling \ud83d\udef8 \u201c\n\nMARTIAN LOVE BIRDS\n\n\ud83d\udce31/1\n\ud83d\udce30.2 Eth\n\ud83d\udce31440x2160 \n\ud83d\udce3with sound\n#NFTartist #nftart #Aliens #martiansvs #nftcollectors #NFTCollection #NFTshill #AnimeNFT #NFTCommunity \n\nhttps://t.co/eeM2H7xvCS"}, {"author_id": 304811178, "id": 1495294499370803201, "text": "RT @ufocustomrave: hello friends! Just made a Twitter account for my shoes! please retweet to spread the word \ud83d\udef8\u2728 I can paint any logo or de\u2026"}, {"author_id": 1275454171576074248, "id": 1495294486096015365, "text": "RT @CryptoRonnin: \ud83c\udf81 HYPE ALIENS GIVEAWAY \ud83c\udf81\n\n\ud83d\udea8 1 NFT + 10 WL SPOTS \ud83d\udc7d\n\nHow to enter:\n\u2705 Follow @HYPEALIENS\n\u2705 Like &amp; RT this tweet\n\u2705 Tag 1 frie\u2026"}, {"author_id": 1953049633, "id": 1495294480257277955, "text": "Let's get something straight. Justin Trudeau's invoking of the Emergencies Act isn't treason. It's called leadership.\n\nWtf is he supposed to wait for? An alien invasion or zombie apocalypse? That's fucking bullshit!\n\nHe could just intelligently reason with aliens... \ud83d\udc7d"}, {"author_id": 1487595228399685633, "id": 1495294469217787906, "text": "RT @CryptoRonnin: \ud83c\udf81 HYPE ALIENS GIVEAWAY \ud83c\udf81\n\n\ud83d\udea8 1 NFT + 10 WL SPOTS \ud83d\udc7d\n\nHow to enter:\n\u2705 Follow @HYPEALIENS\n\u2705 Like &amp; RT this tweet\n\u2705 Tag 1 frie\u2026"}, {"author_id": 1449784379606188040, "id": 1495294454953037827, "text": "RT @linda8h: Signed agreements wi aliens?? Whit - and I canny stress this enough - the actual fuck!!"}, {"author_id": 1229262242601938944, "id": 1495294444706353154, "text": "RT @304verse: \ud83d\udc64: huening-ah if aliens invade earth you need to run away as quick as you can\n(img: if aliens invade, they will eat and captu\u2026"}, {"author_id": 1495271168831594497, "id": 1495294400573882371, "text": "Mark is chasing aliens who kidnapped his best friend while using their spaceship disguised as a world famous restaurant."}, {"author_id": 1049426255119097857, "id": 1495294305866596352, "text": "@sailormarsnft My 3rd Motion illustration on the collection \u201cspace calling \ud83d\udef8 \u201c\n\nMARTIAN LOVE BIRDS\n\n\ud83d\udce31/1\n\ud83d\udce30.2 Eth\n\ud83d\udce31440x2160 \n\ud83d\udce3with sound\n#NFTartist #nftart #Aliens #martiansvs #nftcollectors #NFTCollection #NFTshill #AnimeNFT #NFTCommunity \n\nhttps://t.co/eeM2H7xvCS"}, {"author_id": 1162656779609620480, "id": 1495294302959792130, "text": "RT @CryptoRonnin: \ud83c\udf81 HYPE ALIENS GIVEAWAY \ud83c\udf81\n\n\ud83d\udea8 1 NFT + 10 WL SPOTS \ud83d\udc7d\n\nHow to enter:\n\u2705 Follow @HYPEALIENS\n\u2705 Like &amp; RT this tweet\n\u2705 Tag 1 frie\u2026"}, {"author_id": 1483032390125694982, "id": 1495294283066318851, "text": "@morganhousel Universally id have to say whoever\u2019s voice or music is on that gold disk attached to voyager 1 or 2 cause they made enough impact on earth that we sent them out into the universe for aliens to admire as well"}, {"author_id": 1432524571798736900, "id": 1495294263722385408, "text": "RT @CryptoRonnin: \ud83c\udf81 HYPE ALIENS GIVEAWAY \ud83c\udf81\n\n\ud83d\udea8 1 NFT + 10 WL SPOTS \ud83d\udc7d\n\nHow to enter:\n\u2705 Follow @HYPEALIENS\n\u2705 Like &amp; RT this tweet\n\u2705 Tag 1 frie\u2026"}, {"author_id": 1447494580866224135, "id": 1495294263629729794, "text": "RT @CryptoRonnin: \ud83c\udf81 HYPE ALIENS GIVEAWAY \ud83c\udf81\n\n\ud83d\udea8 1 NFT + 10 WL SPOTS \ud83d\udc7d\n\nHow to enter:\n\u2705 Follow @HYPEALIENS\n\u2705 Like &amp; RT this tweet\n\u2705 Tag 1 frie\u2026"}, {"author_id": 40006313, "id": 1495294260077375488, "text": "RT @Polenth: If you like cozy fantasy and cozy science fiction, WERECOCKROACH is a bit of both. This gentle novella has cockroach shapeshif\u2026"}, {"author_id": 1049426255119097857, "id": 1495294258781335553, "text": "@NfTonur @nft_berkay My 3rd Motion illustration on the collection \u201cspace calling \ud83d\udef8 \u201c\n\nMARTIAN LOVE BIRDS\n\n\ud83d\udce31/1\n\ud83d\udce30.2 Eth\n\ud83d\udce31440x2160 \n\ud83d\udce3with sound\n#NFTartist #nftart #Aliens #martiansvs #nftcollectors #NFTCollection #NFTshill #AnimeNFT #NFTCommunity \n\nhttps://t.co/eeM2H7xvCS"}, {"author_id": 1210938568568270854, "id": 1495294247503040516, "text": "RT @CryptoRonnin: \ud83c\udf81 HYPE ALIENS GIVEAWAY \ud83c\udf81\n\n\ud83d\udea8 1 NFT + 10 WL SPOTS \ud83d\udc7d\n\nHow to enter:\n\u2705 Follow @HYPEALIENS\n\u2705 Like &amp; RT this tweet\n\u2705 Tag 1 frie\u2026"}, {"author_id": 870134793605967872, "id": 1495294246416494592, "text": "do the ancient aliens guys ever think maybe it\u2019s not their business?"}, {"author_id": 1350189436819017728, "id": 1495294238656921602, "text": "I'm Ted Koppel &amp; THIS, is Nightline...\n\nExcellent Nightline episode from 1995...\n\nRemote Viewing\n\nPsychic Spies, Joe McMoneagle, Edwin May, Jessica Utts, Dale Graff, debunker Ray Hyman, \"Norm,\" former CIA head, Robert Gates...\n\n#supernatural #ufo #aliens\n\nhttps://t.co/65m3qnch1f"}, {"author_id": 799976401, "id": 1495294226292109317, "text": "RT @rebe49014472: \ud83d\udca5\ud83d\udca5\ud83d\udca5Breaking News \ud83d\udca5\ud83d\udca5\ud83d\udca5\ud83d\udca5. Alien object crash lands in Los Angeles Desert ...............@FlicktoMedia\n#Cardano #BREAKING #Al\u2026"}, {"author_id": 1491543613238562825, "id": 1495294222299275267, "text": "RT @AmyCarr08917020: you don't want to miss these aliens. they are selling out fast @alienenemes #NFTartist #opensea https://t.co/04GQekDngB"}, {"author_id": 1049426255119097857, "id": 1495294221581959168, "text": "@nft_berkay My 3rd Motion illustration on the collection \u201cspace calling \ud83d\udef8 \u201c\n\nMARTIAN LOVE BIRDS\n\n\ud83d\udce31/1\n\ud83d\udce30.2 Eth\n\ud83d\udce31440x2160 \n\ud83d\udce3with sound\n#NFTartist #nftart #Aliens #martiansvs #nftcollectors #NFTCollection #NFTshill #AnimeNFT #NFTCommunity \n\nhttps://t.co/eeM2H7xvCS"}, {"author_id": 1257348252317265920, "id": 1495294192716705797, "text": "RT @CryptoRonnin: \ud83c\udf81 HYPE ALIENS GIVEAWAY \ud83c\udf81\n\n\ud83d\udea8 1 NFT + 10 WL SPOTS \ud83d\udc7d\n\nHow to enter:\n\u2705 Follow @HYPEALIENS\n\u2705 Like &amp; RT this tweet\n\u2705 Tag 1 frie\u2026"}, {"author_id": 1488029284505878530, "id": 1495294172416610308, "text": "RT @CryptoRonnin: \ud83c\udf81 HYPE ALIENS GIVEAWAY \ud83c\udf81\n\n\ud83d\udea8 1 NFT + 10 WL SPOTS \ud83d\udc7d\n\nHow to enter:\n\u2705 Follow @HYPEALIENS\n\u2705 Like &amp; RT this tweet\n\u2705 Tag 1 frie\u2026"}, {"author_id": 2310491352, "id": 1495294165596397571, "text": "@Genericktag I should clarify that my quote was for winning with Aliens of the flying saucer variety\u2026 There was a lot of \"ACK! ACK- ACK!\" being thrown around in that round. \ud83d\udc7d\ud83d\udef8"}, {"author_id": 1222506994961133568, "id": 1495294160311623684, "text": "RT @LuckyALiENClub: Hey ALiENs!\n-\n25 WhiteList Spots + 0.3 ETH Giveaway!\ud83d\udc7d\ud83d\ude80\n\n1. Like + RT \n2. Join Discord: https://t.co/biLIKQWL5g\n3. Tag 3\u2026"}, {"author_id": 1479343102825570305, "id": 1495294138866151432, "text": "RT @CryptoRonnin: \ud83c\udf81 HYPE ALIENS GIVEAWAY \ud83c\udf81\n\n\ud83d\udea8 1 NFT + 10 WL SPOTS \ud83d\udc7d\n\nHow to enter:\n\u2705 Follow @HYPEALIENS\n\u2705 Like &amp; RT this tweet\n\u2705 Tag 1 frie\u2026"}, {"author_id": 1445358040765669377, "id": 1495294137075216386, "text": "@tomggMMA @MagicArtist1 @KEEMSTAR And? Even if Aliens exist in some other planet in some other galaxy. We're never going to seem them."}, {"author_id": 1049426255119097857, "id": 1495294122525179906, "text": "@NFTAnderson My 3rd Motion illustration on the collection \u201cspace calling \ud83d\udef8 \u201c\n\nMARTIAN LOVE BIRDS\n\n\ud83d\udce31/1\n\ud83d\udce30.2 Eth\n\ud83d\udce31440x2160 \n\ud83d\udce3with sound\n#NFTartist #nftart #Aliens #martiansvs #nftcollectors #NFTCollection #NFTshill #AnimeNFT #NFTCommunity \n\nhttps://t.co/eeM2H7xvCS"}, {"author_id": 1351374705572401155, "id": 1495294110877552641, "text": "RT @AggeleMou52: AHHH the #CoralBay update is SOO cute &lt;33 aliens 4ever \ud83d\ude1c https://t.co/Br7wn95Uzi"}, {"author_id": 1475894289330753541, "id": 1495294109120180224, "text": "aliens are waiting for you to mint 0.01 ETH each @alienenemes #NFTCollection #NFTGiveaway https://t.co/dsW8icxLTk"}, {"author_id": 928439612246290432, "id": 1495294090203877377, "text": "what if aliens harvested our tears like we harvest the milk of cows"}, {"author_id": 845786930, "id": 1495294074328334336, "text": "@marcrileydj Aliens, Beta Band , Phantom Band, Lone Pigeon, Arab Strap , Aerogramme,"}, {"author_id": 1309760641582784512, "id": 1495294053071482884, "text": "RT @CryptoRonnin: \ud83c\udf81 HYPE ALIENS GIVEAWAY \ud83c\udf81\n\n\ud83d\udea8 1 NFT + 10 WL SPOTS \ud83d\udc7d\n\nHow to enter:\n\u2705 Follow @HYPEALIENS\n\u2705 Like &amp; RT this tweet\n\u2705 Tag 1 frie\u2026"}, {"author_id": 1365928303228379139, "id": 1495294051746074631, "text": "do u guys think aliens have to exercise or their bones start to hurt?"}, {"author_id": 1475938387270017038, "id": 1495294023996743686, "text": "RT @Tiisetso_101: The propaganda is simple.\n\nDisplay South Africans as criminals, hide all the ton of wrongdoing being done by Migrants.\n\nW\u2026"}, {"author_id": 1049426255119097857, "id": 1495293992057114627, "text": "@LindasNft My 3rd Motion illustration on the collection \u201cspace calling \ud83d\udef8 \u201c\n\nMARTIAN LOVE BIRDS\n\n\ud83d\udce31/1\n\ud83d\udce30.2 Eth\n\ud83d\udce31440x2160 \n\ud83d\udce3with sound\n#NFTartist #nftart #Aliens #martiansvs #nftcollectors #NFTCollection #NFTshill #AnimeNFT #NFTCommunity \n\nhttps://t.co/eeM2H7xvCS"}, {"author_id": 1461962870003015689, "id": 1495293986638110727, "text": "RT @DCI_Kenya: 108 ETHIOPIAN ALIENS RESCUED\n\nDetectives from the Transnational and Organized Crime unit on Friday rescued 108 Ethiopian nat\u2026"}, {"author_id": 2601829912, "id": 1495293948075687936, "text": "RT @DCI_Kenya: 108 ETHIOPIAN ALIENS RESCUED\n\nDetectives from the Transnational and Organized Crime unit on Friday rescued 108 Ethiopian nat\u2026"}, {"author_id": 1049426255119097857, "id": 1495293886364852233, "text": "@kenjori3 My 3rd Motion illustration on the collection \u201cspace calling \ud83d\udef8 \u201c\n\nMARTIAN LOVE BIRDS\n\n\ud83d\udce31/1\n\ud83d\udce30.2 Eth\n\ud83d\udce31440x2160 \n\ud83d\udce3with sound\n#NFTartist #nftart #Aliens #martiansvs #nftcollectors #NFTCollection #NFTshill #AnimeNFT #NFTCommunity \n\nhttps://t.co/eeM2H7xvCS"}, {"author_id": 1476384715322101766, "id": 1495293853024370688, "text": "you don't want to miss these aliens. they are selling out fast @alienenemes #NFTartist #opensea https://t.co/04GQekDngB"}, {"author_id": 1049426255119097857, "id": 1495293850105036801, "text": "@plasmchain My 3rd Motion illustration on the collection \u201cspace calling \ud83d\udef8 \u201c\n\nMARTIAN LOVE BIRDS\n\n\ud83d\udce31/1\n\ud83d\udce30.2 Eth\n\ud83d\udce31440x2160 \n\ud83d\udce3with sound\n#NFTartist #nftart #Aliens #martiansvs #nftcollectors #NFTCollection #NFTshill #AnimeNFT #NFTCommunity \n\nhttps://t.co/eeM2H7xvCS"}, {"author_id": 1049426255119097857, "id": 1495293820417806338, "text": "@BlueNft11 My 3rd Motion illustration on the collection \u201cspace calling \ud83d\udef8 \u201c\n\nMARTIAN LOVE BIRDS\n\n\ud83d\udce31/1\n\ud83d\udce30.2 Eth\n\ud83d\udce31440x2160 \n\ud83d\udce3with sound\n#NFTartist #nftart #Aliens #martiansvs #nftcollectors #NFTCollection #NFTshill #AnimeNFT #NFTCommunity \n\nhttps://t.co/eeM2H7xvCS"}, {"author_id": 1894880839, "id": 1495293807646375941, "text": "SF short Fantasy CG Movie - Parallel universe's Aliens 02\nhttps://t.co/V99bWsB1NR #YouTube #Video #Movie"}, {"author_id": 1049426255119097857, "id": 1495293795646296066, "text": "@OubiEth My 3rd Motion illustration on the collection \u201cspace calling \ud83d\udef8 \u201c\n\nMARTIAN LOVE BIRDS\n\n\ud83d\udce31/1\n\ud83d\udce30.2 Eth\n\ud83d\udce31440x2160 \n\ud83d\udce3with sound\n#NFTartist #nftart #Aliens #martiansvs #nftcollectors #NFTCollection #NFTshill #AnimeNFT #NFTCommunity \n\nhttps://t.co/eeM2H7xvCS"}, {"author_id": 1321415689421361154, "id": 1495293790629863426, "text": "RT @Pantsed_Dude: \ud83d\udef8What if aliens got bored of abducting humans and started using their tractor beam to strip people naked? It might look s\u2026"}, {"author_id": 1446845041381675010, "id": 1495293788499107848, "text": "RT @LuckyALiENClub: Hey ALiENs!\n-\n25 WhiteList Spots + 0.3 ETH Giveaway!\ud83d\udc7d\ud83d\ude80\n\n1. Like + RT \n2. Join Discord: https://t.co/biLIKQWL5g\n3. Tag 3\u2026"}, {"author_id": 1049426255119097857, "id": 1495293770555928579, "text": "@MorveraSpiny My 3rd Motion illustration on the collection \u201cspace calling \ud83d\udef8 \u201c\n\nMARTIAN LOVE BIRDS\n\n\ud83d\udce31/1\n\ud83d\udce30.2 Eth\n\ud83d\udce31440x2160 \n\ud83d\udce3with sound\n#NFTartist #nftart #Aliens #martiansvs #nftcollectors #NFTCollection #NFTshill #AnimeNFT #NFTCommunity \n\nhttps://t.co/eeM2H7xvCS"}, {"author_id": 1304308750749175812, "id": 1495293768450334723, "text": "@PoisonedAloos After a whole fuckin week they look Aliens to me now \ud83e\udd21"}, {"author_id": 1049426255119097857, "id": 1495293736376573957, "text": "@LobsterBC My 3rd Motion illustration on the collection \u201cspace calling \ud83d\udef8 \u201c\n\nMARTIAN LOVE BIRDS\n\n\ud83d\udce31/1\n\ud83d\udce30.2 Eth\n\ud83d\udce31440x2160 \n\ud83d\udce3with sound\n#NFTartist #nftart #Aliens #martiansvs #nftcollectors #NFTCollection #NFTshill #AnimeNFT #NFTCommunity \n\nhttps://t.co/eeM2H7xvCS"}, {"author_id": 1446794375284002820, "id": 1495293641040052224, "text": "RT @realWayneRoyal: @BabyAlienClub Fusion of series 1 and 2 around the corner!! \ud83d\ude40  I guess I just \u2764\ufe0f my aliens so much. my rarest/favorites\u2026"}, {"author_id": 1316640843952910343, "id": 1495293640926584833, "text": "RT @Assault3d: Will you shut the fuck up! I'm trying to save that beautiful ass of yours from these aliens who would love nothing more to t\u2026"}, {"author_id": 1113028777993396225, "id": 1495293617241739265, "text": "RT @CryptoRonnin: \ud83c\udf81 HYPE ALIENS GIVEAWAY \ud83c\udf81\n\n\ud83d\udea8 1 NFT + 10 WL SPOTS \ud83d\udc7d\n\nHow to enter:\n\u2705 Follow @HYPEALIENS\n\u2705 Like &amp; RT this tweet\n\u2705 Tag 1 frie\u2026"}, {"author_id": 1292300883242430466, "id": 1495293594910924800, "text": "RT @bej_2019: Heard some party's in Punjab are recruiting aliens for sitting in their poll booth stations \ud83d\ude02\ud83d\ude02\ud83d\ude02\ud83d\ude02"}, {"author_id": 2876823126, "id": 1495293581384318981, "text": "RT @NasiNovareCoram: Each year thousands of people are taken and not returned to the world.They are kept-used as a biological resource-thei\u2026"}, {"author_id": 1471047957512212483, "id": 1495293541714915328, "text": "RT @CryptoRonnin: \ud83c\udf81 HYPE ALIENS GIVEAWAY \ud83c\udf81\n\n\ud83d\udea8 1 NFT + 10 WL SPOTS \ud83d\udc7d\n\nHow to enter:\n\u2705 Follow @HYPEALIENS\n\u2705 Like &amp; RT this tweet\n\u2705 Tag 1 frie\u2026"}, {"author_id": 1492807783678644226, "id": 1495293513290125312, "text": "RT @CryptoRonnin: \ud83c\udf81 HYPE ALIENS GIVEAWAY \ud83c\udf81\n\n\ud83d\udea8 1 NFT + 10 WL SPOTS \ud83d\udc7d\n\nHow to enter:\n\u2705 Follow @HYPEALIENS\n\u2705 Like &amp; RT this tweet\n\u2705 Tag 1 frie\u2026"}, {"author_id": 1327030779604594689, "id": 1495293398483415048, "text": "This is where aliens prefer Mara? https://t.co/0ZRGlle0n0"}, {"author_id": 1492797301953527810, "id": 1495293386760208384, "text": "RT @CryptoRonnin: \ud83c\udf81 HYPE ALIENS GIVEAWAY \ud83c\udf81\n\n\ud83d\udea8 1 NFT + 10 WL SPOTS \ud83d\udc7d\n\nHow to enter:\n\u2705 Follow @HYPEALIENS\n\u2705 Like &amp; RT this tweet\n\u2705 Tag 1 frie\u2026"}, {"author_id": 2876823126, "id": 1495293362127077377, "text": "\"Their attitude is, \u201cWell, these human beings! Look at them! They are like animals! We will bring #order and #structure here.\u201d And some people will think, \u201cOh, that is wonderful! Finally, we will have order and structure.\u201d\n\n#Aliens #UFO"}, {"author_id": 1285460749674934272, "id": 1495293323812098050, "text": "RT @bej_2019: Heard some party's in Punjab are recruiting aliens for sitting in their poll booth stations \ud83d\ude02\ud83d\ude02\ud83d\ude02\ud83d\ude02"}, {"author_id": 1257298101523460096, "id": 1495293322000171009, "text": "RT @HYPEALIENS: HYPE ALIENS will be divided into different age groups and here is our Grandpa!\ud83d\udc74\n\nWanna be OG on our Discord? RT this \ud83d\udd25\n\n#NF\u2026"}, {"author_id": 966343264193449990, "id": 1495293309329289219, "text": "@Tellthetruth122 @MSNBC @MaddowBlog The Democrats will defend other countries but NOT\nour s. border which 2 million illegal aliens have come\nthru with drugs sex trafficking  virus's and so on.\nBiden will NOT go to the border cuz he does NOT\ngive a rats ass about the American people."}, {"author_id": 1466836523811508226, "id": 1495293291881185284, "text": "RT @CryptoRonnin: \ud83c\udf81 HYPE ALIENS GIVEAWAY \ud83c\udf81\n\n\ud83d\udea8 1 NFT + 10 WL SPOTS \ud83d\udc7d\n\nHow to enter:\n\u2705 Follow @HYPEALIENS\n\u2705 Like &amp; RT this tweet\n\u2705 Tag 1 frie\u2026"}, {"author_id": 3903318556, "id": 1495293284146880512, "text": "RT @bej_2019: Heard some party's in Punjab are recruiting aliens for sitting in their poll booth stations \ud83d\ude02\ud83d\ude02\ud83d\ude02\ud83d\ude02"}, {"author_id": 1494539448218157056, "id": 1495293273212002304, "text": "RT @CryptoRonnin: \ud83c\udf81 HYPE ALIENS GIVEAWAY \ud83c\udf81\n\n\ud83d\udea8 1 NFT + 10 WL SPOTS \ud83d\udc7d\n\nHow to enter:\n\u2705 Follow @HYPEALIENS\n\u2705 Like &amp; RT this tweet\n\u2705 Tag 1 frie\u2026"}, {"author_id": 1049426255119097857, "id": 1495293273061081089, "text": "@MetaLadies_ My 3rd Motion illustration on the collection \u201cspace calling \ud83d\udef8 \u201c\n\nMARTIAN LOVE BIRDS\n\n\ud83d\udce31/1\n\ud83d\udce30.2 Eth\n\ud83d\udce31440x2160 \n\ud83d\udce3with sound\n#NFTartist #nftart #Aliens #martiansvs #nftcollectors #NFTCollection #NFTshill #AnimeNFT #NFTCommunity \n\nhttps://t.co/eeM2H7xvCS"}, {"author_id": 1049426255119097857, "id": 1495293248209932289, "text": "@Chainbro22 My 3rd Motion illustration on the collection \u201cspace calling \ud83d\udef8 \u201c\n\nMARTIAN LOVE BIRDS\n\n\ud83d\udce31/1\n\ud83d\udce30.2 Eth\n\ud83d\udce31440x2160 \n\ud83d\udce3with sound\n#NFTartist #nftart #Aliens #martiansvs #nftcollectors #NFTCollection #NFTshill #AnimeNFT #NFTCommunity \n\nhttps://t.co/eeM2H7xvCS"}, {"author_id": 1049426255119097857, "id": 1495293227397787651, "text": "@ApexNoobi My 3rd Motion illustration on the collection \u201cspace calling \ud83d\udef8 \u201c\n\nMARTIAN LOVE BIRDS\n\n\ud83d\udce31/1\n\ud83d\udce30.2 Eth\n\ud83d\udce31440x2160 \n\ud83d\udce3with sound\n#NFTartist #nftart #Aliens #martiansvs #nftcollectors #NFTCollection #NFTshill #AnimeNFT #NFTCommunity \n\nhttps://t.co/eeM2H7xvCS"}, {"author_id": 848322265037066241, "id": 1495293223652458497, "text": "@DrJuliePonesse @JustinTrudeau Can it really happen? I thought it would be better to hope aliens come down from the heavens and reset Trudeau's program to the beginning."}, {"author_id": 1455770497262653445, "id": 1495293212503654404, "text": "RT @PRAJEES74007004: @Jamess_art My 3rd Motion illustration on the collection \u201cspace calling \ud83d\udef8 \u201c\n\nMARTIAN LOVE BIRDS\n\n\ud83d\udce31/1\n\ud83d\udce30.2 Eth\n\ud83d\udce31440x2\u2026"}, {"author_id": 1460816655437623302, "id": 1495293205675655172, "text": "RT @CryptoRonnin: \ud83c\udf81 HYPE ALIENS GIVEAWAY \ud83c\udf81\n\n\ud83d\udea8 1 NFT + 10 WL SPOTS \ud83d\udc7d\n\nHow to enter:\n\u2705 Follow @HYPEALIENS\n\u2705 Like &amp; RT this tweet\n\u2705 Tag 1 frie\u2026"}, {"author_id": 1049426255119097857, "id": 1495293157189296129, "text": "@Jamess_art My 3rd Motion illustration on the collection \u201cspace calling \ud83d\udef8 \u201c\n\nMARTIAN LOVE BIRDS\n\n\ud83d\udce31/1\n\ud83d\udce30.2 Eth\n\ud83d\udce31440x2160 \n\ud83d\udce3with sound\n#NFTartist #nftart #Aliens #martiansvs #nftcollectors #NFTCollection #NFTshill #AnimeNFT #NFTCommunity \n\nhttps://t.co/eeM2H7xvCS"}, {"author_id": 1049426255119097857, "id": 1495293132489043969, "text": "@Un7een My 3rd Motion illustration on the collection \u201cspace calling \ud83d\udef8 \u201c\n\nMARTIAN LOVE BIRDS\n\n\ud83d\udce31/1\n\ud83d\udce30.2 Eth\n\ud83d\udce31440x2160 \n\ud83d\udce3with sound\n#NFTartist #nftart #Aliens #martiansvs #nftcollectors #NFTCollection #NFTshill #AnimeNFT #NFTCommunity \n\nhttps://t.co/eeM2H7xvCS"}, {"author_id": 1380487799720173574, "id": 1495293122342838272, "text": "RT @CryptoRonnin: \ud83c\udf81 HYPE ALIENS GIVEAWAY \ud83c\udf81\n\n\ud83d\udea8 1 NFT + 10 WL SPOTS \ud83d\udc7d\n\nHow to enter:\n\u2705 Follow @HYPEALIENS\n\u2705 Like &amp; RT this tweet\n\u2705 Tag 1 frie\u2026"}, {"author_id": 1330986314829762560, "id": 1495293108606488578, "text": "RT @ComicGirlAshley: These were the holy grail of Ben 10 aliens to me when i was a kid https://t.co/THuAhZsCFc"}, {"author_id": 1049426255119097857, "id": 1495293104257122304, "text": "@Choi3Choice My 3rd Motion illustration on the collection \u201cspace calling \ud83d\udef8 \u201c\n\nMARTIAN LOVE BIRDS\n\n\ud83d\udce31/1\n\ud83d\udce30.2 Eth\n\ud83d\udce31440x2160 \n\ud83d\udce3with sound\n#NFTartist #nftart #Aliens #martiansvs #nftcollectors #NFTCollection #NFTshill #AnimeNFT #NFTCommunity \n\nhttps://t.co/eeM2H7xvCS"}, {"author_id": 1226213848698556421, "id": 1495293089690361859, "text": "RT @DCI_Kenya: 108 ETHIOPIAN ALIENS RESCUED\n\nDetectives from the Transnational and Organized Crime unit on Friday rescued 108 Ethiopian nat\u2026"}, {"author_id": 1221343218282815488, "id": 1495293049366532099, "text": "RT @CryptoRonnin: \ud83c\udf81 HYPE ALIENS GIVEAWAY \ud83c\udf81\n\n\ud83d\udea8 1 NFT + 10 WL SPOTS \ud83d\udc7d\n\nHow to enter:\n\u2705 Follow @HYPEALIENS\n\u2705 Like &amp; RT this tweet\n\u2705 Tag 1 frie\u2026"}, {"author_id": 1852517088, "id": 1495293049194356741, "text": "RT @DonHuffines: Eliminating tenure for professors is a great idea, but the most important thing we can do for Higher Ed in Texas is ending\u2026"}, {"author_id": 440600577, "id": 1495293024288448515, "text": "I saw Independence Day when it came out: July 3, 1996. \n\nThose were the days, huh? We could all cough on each other in sweaty, poorly air-conditioned theaters in the middle of summer, and unite as one as the aliens were  killed  by a cockamamie virus developed in 24 hours. https://t.co/CGGrQsML1r"}, {"author_id": 1476458312048656386, "id": 1495293022443081728, "text": "mint some before they run out of aliens @alienenemes #NFTCollector #NFTCommunity https://t.co/zjTtYCF066"}, {"author_id": 1475515841684951042, "id": 1495292966193307651, "text": "#NFTdrop #NFTCollection you don't want to miss these aliens. they are selling out fast @alienenemes https://t.co/fp43G5leCS"}, {"author_id": 1389444897917181956, "id": 1495292952096083972, "text": "RT @304verse: \ud83d\udc64: huening-ah if aliens invade earth you need to run away as quick as you can\n(img: if aliens invade, they will eat and captu\u2026"}, {"author_id": 1357894231646294025, "id": 1495292947293941764, "text": "RT @CryptoRonnin: \ud83c\udf81 HYPE ALIENS GIVEAWAY \ud83c\udf81\n\n\ud83d\udea8 1 NFT + 10 WL SPOTS \ud83d\udc7d\n\nHow to enter:\n\u2705 Follow @HYPEALIENS\n\u2705 Like &amp; RT this tweet\n\u2705 Tag 1 frie\u2026"}, {"author_id": 939989384, "id": 1495292933934915584, "text": "@SETIInstitute Just listen to NDEpeople.\nChance your scientific attitude! Millions of NDErs describe their #NDE like this:gaining distance from the earth,a journey beyond planets/stars,going by the speed of light etc\nSo,during the NDE: We r aliens.\nNDE via (astro)physics\u00a9\n@SPR1882 \n@BigelowInst https://t.co/s4z5lk6KfK"}, {"author_id": 756118294327795716, "id": 1495292926993207297, "text": "RT @CryptoRonnin: \ud83c\udf81 HYPE ALIENS GIVEAWAY \ud83c\udf81\n\n\ud83d\udea8 1 NFT + 10 WL SPOTS \ud83d\udc7d\n\nHow to enter:\n\u2705 Follow @HYPEALIENS\n\u2705 Like &amp; RT this tweet\n\u2705 Tag 1 frie\u2026"}]