[{"author_id": 1531561568, "id": 1495294339769057285, "text": "George Carlin ~ The American Dream https://t.co/8sQioaXGM4 via @YouTube"}, {"author_id": 3154207014, "id": 1495294304134205440, "text": "RT @BusinessInsider: Analysis | As young people create a new version of the American dream, the single life has become more socially accept\u2026"}, {"author_id": 1464721502478163974, "id": 1495294219031703557, "text": "RT @YourThickNympho: Ah, yes the American Dream! Having a threesome with two GORGEOUS English sisters \ud83d\ude0d\ud83e\udd70 https://t.co/13SL8BDaFc"}, {"author_id": 1402707528107102215, "id": 1495293900327694336, "text": "RT @CoachHuggs: Represents what the American dream is all about. What he has built and the industry that he has unquestionably taken over a\u2026"}, {"author_id": 1375526655272353794, "id": 1495293749299195905, "text": "RT @YourThickNympho: Ah, yes the American Dream! Having a threesome with two GORGEOUS English sisters \ud83d\ude0d\ud83e\udd70 https://t.co/13SL8BDaFc"}, {"author_id": 807022467487244288, "id": 1495293268992606211, "text": "\u201ci may be living yo american dream but this aint it for me i got bigger dreams \u201c"}, {"author_id": 4332770775, "id": 1495293192006160384, "text": "@muddletoes It's painfully obvious these guys are living the  \"American Dream\" with out the courage  Tommie Smith and John Carlos, displayed at Mexico City in 1968. https://t.co/kVfALXxNwh"}, {"author_id": 1447776388531032064, "id": 1495292860006125568, "text": "@PeterMcCormack @natbrunell Failing? It's called the American Dream because u have to be asleep to believe it. And this dream's revival isn't via #bitcoin, but the great reset with CBDC's. Think behavioral economics &amp; efficiency. UBI &amp; dynamic intrest rates. Credit score reboots. We'll compete how? Fweedom?"}, {"author_id": 1317608608620716032, "id": 1495292635065450496, "text": "RT @Winnie53549326: @Cali_Girl_76 We shouldn\u2019t have to survive that much to be American or a dream"}, {"author_id": 1283196104084008963, "id": 1495292452642635783, "text": "Pressure for this bc this is spot on facts! No one wants to live in the land of the free but they have defend them selves against illegals while trying to live the American dream of financial wealth \ud83c\uddfa\ud83c\uddf8\u270a\ud83c\udffb\ud83d\ude4c\ud83d\ude0e\ud83d\udcaf\ud83d\udc4a\ud83c\udffb\u270c\ud83c\udffb #FactsMatter #AmericaFirst #America #American #AmericanDream #Free https://t.co/qOsIU7E766"}, {"author_id": 4748923875, "id": 1495292377866674176, "text": "@BuzzPatterson In libertarian terms, my life is Kavka-esque. An American born into a 42-year Canadian bad dream, replete with mental-illness. But this book has a happy ending. I won the Golden Ticket home, discovering I was American in 2020. I cried. https://t.co/PeDCc2WPwU"}, {"author_id": 284912213, "id": 1495291794560409600, "text": "@isaacnewton71 @MKUltraMoney I go often. It\u2019s just I was taught that part of the American Dream is pride in who you are and where you came from."}, {"author_id": 1418180040571904000, "id": 1495291160230772740, "text": "How would you respond to this statement?\n\"The American Dream is an enemy of the Cross of Christ.\""}, {"author_id": 306750993, "id": 1495291053796392961, "text": "RT @MOFAfriend: What a American Dream https://t.co/F0d7BQk5nJ"}, {"author_id": 1223760992686837765, "id": 1495290661695737856, "text": "my art career will inevitably fail, my job will end up being a salesman or factory worker for some uncaring unloving corporate parasite leeching every amount of humanity for their own personal and narcissistic gain. I will never live the American dream because there is not one."}, {"author_id": 3081186479, "id": 1495290223193989121, "text": "#OnTheAir #NowPlaying Sprado - American Dream feat. Jeremih Powered By Logik Media Group"}, {"author_id": 1104941516215091201, "id": 1495289936169226245, "text": "RT @JosephNSanberg: They lied to you.  They told you that if you work hard and play by the rules that you would live the American dream.\u2026"}, {"author_id": 1127541561372184578, "id": 1495289901998575618, "text": "RT @MOFAfriend: What a American Dream https://t.co/F0d7BQk5nJ"}, {"author_id": 1462984345673625605, "id": 1495289699698544642, "text": "@DonaldTrumpUS11 @JasonUnsworthAA @AmbLiuXiaoMing It seems that American imperialism has never been the opponent of the Chinese people. Have you lost the Vietnam War, the Korean War.  Now our manufacturing industry has surpassed you. My dream(you asked) is to clean up someone like you from United States for my entertainment.\ud83d\ude02"}, {"author_id": 3695075294, "id": 1495289251231154179, "text": "RT @YourThickNympho: Ah, yes the American Dream! Having a threesome with two GORGEOUS English sisters \ud83d\ude0d\ud83e\udd70 https://t.co/13SL8BDaFc"}, {"author_id": 380187059, "id": 1495289063644954625, "text": "RT @KMK_1701: @DIAMANTEband This was a delightful surprise to find on my Subscriptions page. DIAMANTE &amp; Lit - American Dream (Official Audi\u2026"}, {"author_id": 1281556029201940480, "id": 1495288898641137670, "text": "@RadioFreeTom The american dream......"}, {"author_id": 3022966674, "id": 1495287827021512704, "text": "RT @NohraForNevada: This is why we must support @EdFreeNV\u2019s efforts to give the power of education freedom to our parents. Together, we wil\u2026"}, {"author_id": 1427813540883312640, "id": 1495287677150797825, "text": "RT @xperienceharlem: \"Harlem's Mart 125: the American Dream is a documentary film about the history of Mart 125 and how it correlates to th\u2026"}, {"author_id": 1366581719030263809, "id": 1495287607059755008, "text": "RT @praisemybnc: Your girlfriend loved her birthday present. The frosting on the cake is symbolic of BNC being the real American Dream \u2660\ufe0f\ud83d\udda4\ud83c\udf46\u2026"}, {"author_id": 819188777587458051, "id": 1495287132113489921, "text": "From a NC prison.\n\"I sat straight with my eyes forward, determined to look dignified, as if what they said didn\u2019t bother me and I was above it, but my bullies were bloodhounds, tracking timidity like fresh game.\"\nLiving The  \u2018Black-American\u2019 Dream https://t.co/I0XkFXIi8S https://t.co/JQ5poGj0WP"}, {"author_id": 1393870575429324800, "id": 1495286877858893825, "text": "@US_China_Menu Welcome Home soon Eileen! Capitalism is alive and well in your blood. Maximize profit in China, and enjoy your spoils in the land of the free. Pay your US tax and we\u2019ll be square. \n\nYou\u2019re living the Chinese dream with American characteristics."}, {"author_id": 1095201842194087936, "id": 1495286276487925761, "text": "i hate everyone that claims that welfare allows people to sit on their asses and do nothing when no matter how hard someone may work it is near impossible to get out of poverty. the american dream is a lie. if you\u2019re born poor you\u2019ll probably stay poor and it fucking sucks"}, {"author_id": 109404985, "id": 1495286108606894081, "text": "RT @SunnyDayCBay: I get that everyone is sick of school board discourse, but jeez the \u201cAsians are beneficiaries of white supremacy\u201d shit en\u2026"}, {"author_id": 476220404, "id": 1495285876108181508, "text": "RT @cagrown5: This scares me. The only thing left to happen in that pastors dream(dreamt BEFORE Covid hit) is civil war in our streets, UN\u2026"}, {"author_id": 935195178557755393, "id": 1495285585560449025, "text": "@GeorgeTakei Land of the free...... my arse.\nJust goes to show how America treats its own people...... disgusting \nAnd yet it still happens to this day.\nI don't see how this so called \"American dream\" is really a thing."}, {"author_id": 973063967659638784, "id": 1495285392718766080, "text": "RT @cagrown5: This scares me. The only thing left to happen in that pastors dream(dreamt BEFORE Covid hit) is civil war in our streets, UN\u2026"}, {"author_id": 1292264889755590656, "id": 1495285365220929536, "text": "RT @MonicC1012: @SenAlexPadilla A lot of essential workers belong to a Mixed-status  families  and they're being force to choose between th\u2026"}, {"author_id": 1468620673115373569, "id": 1495285298527416332, "text": "RT @TurnFourPodcas1: @YouTube #Indy500 #INDYCAR #F1 #imsa #Rolex24 We discuss all these disciplines with Max! #AmericanDream Yes the Americ\u2026"}, {"author_id": 4481341822, "id": 1495284890740445187, "text": "RT @tify330: VP is the American dream personified. A child of immigrants (Jamaican &amp; Indian), went to college, became a lawyer, was a prose\u2026"}, {"author_id": 821658760552861699, "id": 1495284750596161538, "text": "@RealMayraFan @MillerStanIL Do you see the state as an enforcer of biblical laws then?\nHow does that mesh with america? How do you justify any part of \"traditional americana\" without also advocating for its elimination because I doubt the white picket fence american dream fits the teachings of jesus."}, {"author_id": 952943643320401920, "id": 1495284670006652935, "text": "RT @cagrown5: This scares me. The only thing left to happen in that pastors dream(dreamt BEFORE Covid hit) is civil war in our streets, UN\u2026"}, {"author_id": 243459533, "id": 1495284590407127040, "text": "RT @tify330: VP is the American dream personified. A child of immigrants (Jamaican &amp; Indian), went to college, became a lawyer, was a prose\u2026"}, {"author_id": 873619125507162115, "id": 1495284405308432386, "text": "RT @praisemybnc: Your girlfriend loved her birthday present. The frosting on the cake is symbolic of BNC being the real American Dream \u2660\ufe0f\ud83d\udda4\ud83c\udf46\u2026"}, {"author_id": 853089282453630976, "id": 1495284256620400644, "text": "RT @praisemybnc: Your girlfriend loved her birthday present. The frosting on the cake is symbolic of BNC being the real American Dream \u2660\ufe0f\ud83d\udda4\ud83c\udf46\u2026"}, {"author_id": 59207754, "id": 1495283999429873671, "text": "Christian Wade's\u00a0electricity as a winger was ignored by England... more than three years after he quit rugby for American football he is still chasing his NFL debut, but has no regrets over giving up\nvia https://t.co/tRYG0AuBDk https://t.co/LpoeENOpdZ"}, {"author_id": 883934634295386112, "id": 1495283995600429057, "text": "RT @praisemybnc: Your girlfriend loved her birthday present. The frosting on the cake is symbolic of BNC being the real American Dream \u2660\ufe0f\ud83d\udda4\ud83c\udf46\u2026"}, {"author_id": 1328829961189400578, "id": 1495283928810283008, "text": "RT @praisemybnc: Your girlfriend loved her birthday present. The frosting on the cake is symbolic of BNC being the real American Dream \u2660\ufe0f\ud83d\udda4\ud83c\udf46\u2026"}, {"author_id": 1289958180076892161, "id": 1495283818718183425, "text": "RT @praisemybnc: Your girlfriend loved her birthday present. The frosting on the cake is symbolic of BNC being the real American Dream \u2660\ufe0f\ud83d\udda4\ud83c\udf46\u2026"}, {"author_id": 1119008505619288064, "id": 1495281778847739908, "text": "RT @tsegerblom: There\u2019s a growing crop of landlords taking huge sums of capital from Wall Street\u2014and they\u2019re coming for the American dream\u2026"}, {"author_id": 1464584803362213893, "id": 1495281285958299652, "text": "@RtRivesresister @TuckerCarlson Because they've convinced every single Republican voter that they too can be rich and arrogant.  Don't let the liberals steal your lives with lies like free healthcare and a living wage.  They want to destroy the American dream of working like a slave for these things.\ud83e\udd23\ud83e\udd23\ud83e\udd23\ud83e\udd23"}, {"author_id": 218768105, "id": 1495281081519648769, "text": "RT @IraSidorkova: Wanted hot news?\nI'm in Italy at #cremona for @EuroNASCAR tests \ud83d\udca5\nOh, I love these American barges! Kid's dream to drive\u2026"}, {"author_id": 1448004340199870466, "id": 1495280919904722945, "text": ".@POTUS, The American dream belongs to all of us. COVID has multiplied our suffering. It is time to treat us with dignity!\nKeep your 100 day promise!\n#DayWithoutImmigrants #KeepYourPromise\n@WhiteHouse"}, {"author_id": 242110187, "id": 1495280660390428673, "text": "RT @JosephNSanberg: They lied to you.  They told you that if you work hard and play by the rules that you would live the American dream.\u2026"}, {"author_id": 1448004340199870466, "id": 1495280412784009217, "text": "Dear @POTUS, The American dream belongs to all of us. A day without immigrants, because we are tired of being forgotten.\nDon't lie and make immigrants die!\n#DayWithoutImmigrants #KeepYourPromise\n@WhiteHouse"}, {"author_id": 2293895684, "id": 1495280297188986881, "text": "RT @JosephNSanberg: They lied to you.  They told you that if you work hard and play by the rules that you would live the American dream.\u2026"}, {"author_id": 2211149702, "id": 1495279628767924224, "text": "\u266a #nowplaying American Dream - radio edit - J.S. Ondara (American dream - 2018) https://t.co/NT9TAxqUaw https://t.co/zeja43DXGI"}, {"author_id": 1430371523181826053, "id": 1495279373741666304, "text": "\"They Shoot Horses, Don't They\" was a book and award-winning movie that showed the American dream crashing and burning on the Santa Monica pier. Capitalism's Dance of the Dead.  https://t.co/x4FypW1ozT"}, {"author_id": 52213873, "id": 1495279173392289792, "text": "RT @EndoceneHunter: @DanPriceSeattle It's corporate feudalism.\n\nAnd the system has highlighted it as the next exploitable  commodity.\n\nThe\u2026"}, {"author_id": 1360004125811908610, "id": 1495278985617494023, "text": "RT @cagrown5: This scares me. The only thing left to happen in that pastors dream(dreamt BEFORE Covid hit) is civil war in our streets, UN\u2026"}, {"author_id": 1403737799594024961, "id": 1495278851970191364, "text": "RT @tify330: VP is the American dream personified. A child of immigrants (Jamaican &amp; Indian), went to college, became a lawyer, was a prose\u2026"}, {"author_id": 1356716754555326464, "id": 1495278237399846915, "text": "RT @cagrown5: This scares me. The only thing left to happen in that pastors dream(dreamt BEFORE Covid hit) is civil war in our streets, UN\u2026"}, {"author_id": 1225527896091045892, "id": 1495278212196102146, "text": "@TyggzTiger Wait til you visit American Dream"}, {"author_id": 38997088, "id": 1495277687514046464, "text": "RT @cagrown5: This scares me. The only thing left to happen in that pastors dream(dreamt BEFORE Covid hit) is civil war in our streets, UN\u2026"}, {"author_id": 951100830488387586, "id": 1495277504839528452, "text": "Femboy bf with rich OnlyFans gf is the new American dream https://t.co/jf5IZ1vRuY"}, {"author_id": 1492863232763056128, "id": 1495277398962569216, "text": "@umairh That\u2019s a broad stroke. Americans aren\u2019t idiots. They have been influenced with false hope. For example, Apples CEO pay disparity. Everyone in America thinks that one day can achieve that. However, they don\u2019t realize that the American dream is a dream"}, {"author_id": 1471577358788403203, "id": 1495277330952040452, "text": "@StevieStacks84 @BeeUtifulSavage They created the american dream with hard work . I feel your story   my grandfather was kaffenberger and my grandmother schubert   they teach me to fight all the unjustice \ud83c\udf39"}, {"author_id": 1277601142533312514, "id": 1495277307522543618, "text": "This scares me. The only thing left to happen in that pastors dream(dreamt BEFORE Covid hit) is civil war in our streets, UN hats on American soil &amp; China tanks. 3 things are left. Everything else was on point. Specific not vague. 1/2 https://t.co/Dn4P8jItsA"}, {"author_id": 2149637949, "id": 1495277279987093505, "text": "RT @JosephNSanberg: They lied to you.  They told you that if you work hard and play by the rules that you would live the American dream.\u2026"}, {"author_id": 1489318024893149185, "id": 1495277272202452992, "text": "RT @thereal_RayJaz: Some call it an Italian American Dream Match. Who is bringing home the cannolis? The ECW Legend or The Jersey Legend? #\u2026"}, {"author_id": 3002635400, "id": 1495276969235083265, "text": "RT @sw_hi_coo: @TXWomenRESIST @stopthepewpew @Donschmidt15 @Krispi_Largo @MurphyYuiko @bitterclingerpa @DeanHedges3 @43Cyoa @feloneouscat @\u2026"}, {"author_id": 1014815646431903744, "id": 1495276926331604992, "text": "RT @MOFAfriend: What a American Dream https://t.co/F0d7BQk5nJ"}, {"author_id": 22395793, "id": 1495276833557909506, "text": "@ogilville1 @pawley_robert @handyman_neil @volpiranyas @SkepticalMutant @JimeeLiberty @ConsequentialBr @sammy44231 @zeetubes @raouldukeerik @TonyBaduy @JonathanHannah @Nockit1 @provaxtexan @ScepticalAussie @Monstercoyliar @tomsirolimus @IdunsDaughter @KayVonPaul @MatthewNewell67 @NoMisinfoToday @DbootyNabber @doom37455413 @AndrewLazarus4 @richykirsh @kath2cats @jtmayes3 @Willard1951 @doritmi @mhunt081266 @ninawowp @mcfunny @DeckardJodi @MarkTho29550016 @xfirgaming @lewbloch @tatsandfats @SallyJiggles @PLHartungRN @andylumm @3dogrunner @MagnoliaHoney2 @CHSdoctor @chimera414 @skepticalprune @LandonNTooke @SeamusMacSuibh1 @Fannyi5 @theheraldsun @rupertmurdoch I dont understand how you get this sense of entitlement.\n\nIm sure you have tiny little low rent bit of American Dream - like pay off from job that wants you gone OR sell a property - and you think that makes you clever."}, {"author_id": 1009631625523712000, "id": 1495276526333566978, "text": "LIKE????? And she's from Japan. Honestly the US IS that obvious from outside the states but not THAT obvious, right? like ma'am. \n\nAND doing it while tying in the American dream being a lie was just the cherry on top but wow I just can't get over the plot."}, {"author_id": 1324041018858180610, "id": 1495276297215520769, "text": "@ACTBrigitte More like the other way. You guys have been falling out AOC since she made the scene. And the shitty part is that she went from working bars to get through school to a congress women. Isnt that the definition of the american dream? Come from nothing work your way to be something"}, {"author_id": 1170279332507348992, "id": 1495276134186950657, "text": "RT @MOFAfriend: What a American Dream https://t.co/F0d7BQk5nJ"}, {"author_id": 1397599479969325059, "id": 1495275286883180550, "text": "I might be living yo American dream but I\u2019m nowhere near where my dream is, dawg"}, {"author_id": 1131335748571951105, "id": 1495274768815116288, "text": "RT @MOFAfriend: What a American Dream https://t.co/F0d7BQk5nJ"}, {"author_id": 1081332826409222144, "id": 1495274147890581504, "text": "RT @tify330: VP is the American dream personified. A child of immigrants (Jamaican &amp; Indian), went to college, became a lawyer, was a prose\u2026"}, {"author_id": 1356361619962400769, "id": 1495274104735543300, "text": "RT @MOFAfriend: What a American Dream https://t.co/F0d7BQk5nJ"}, {"author_id": 1371877677838180354, "id": 1495274088935399429, "text": "@MountainKahn @CBSLA I'd also point out that social mobility has been declining quite a bit in the US. \n\nhttps://t.co/M94mh0WT3j"}, {"author_id": 493361484, "id": 1495273643915501573, "text": "RT @JosephNSanberg: They lied to you.  They told you that if you work hard and play by the rules that you would live the American dream.\u2026"}, {"author_id": 149211439, "id": 1495273517490663425, "text": "RT @tify330: VP is the American dream personified. A child of immigrants (Jamaican &amp; Indian), went to college, became a lawyer, was a prose\u2026"}, {"author_id": 1363881268904083461, "id": 1495273406769606672, "text": "Tw/ nsfw \n\nI just had sex with someone who looked like the american/straight version of gnf. I wanna show a picture so bad but what if he finds it and finds out im a dream stan"}, {"author_id": 973740983602024453, "id": 1495273247188738048, "text": "RT @kaitlynskennedy: Beyond words after witnessing the incredible strength and #solidarity of the Japanese-American community in LA, who fo\u2026"}, {"author_id": 1468263030265978884, "id": 1495273197150818307, "text": "@jo11969614 @cheebybeeb Conquered American yea yea dream on fought the as beens at time every time he fought class he went to \ud83d\ude34"}, {"author_id": 1398825599758708740, "id": 1495272846859374592, "text": "RT @prageru: \ud83d\udd25 NEW \ud83d\udd25 Since the start of the Covid crisis, the American economy has been turned on its head. Times are good for the big guys\u2026"}, {"author_id": 1449774805750779904, "id": 1495272762344157184, "text": "RT @aslaoui_sarah: @ElizabethAubin @USAmbtoAlgeria \n@USEmbAlgiers \nChildren,Youth, Parents.. All of us are begging you to save this one and\u2026"}, {"author_id": 1295918231648075776, "id": 1495272718396272640, "text": "@SportsCenter @GuyFieri The American dream"}, {"author_id": 221928544, "id": 1495272683004694529, "text": "@BeeUtifulSavage The definition of the American Dream! Literally"}, {"author_id": 3515664753, "id": 1495272498216292352, "text": "#Music #LifeAnthems #DiamanteAzzura / #DIAMANTE\n\nDIAMANTE &amp; Lit - American Dream (Official Video) https://t.co/NCKriE0y7k via @YouTube"}, {"author_id": 1466368524872404992, "id": 1495272354150117376, "text": "@DimensioT @kennytheoldguy @dcexaminer @joerogan Good in 2011 he produced a detailed one.\n\nGuessing you don\u2019t have kids.  Nurses and people would have remembered the Obama\u2019s.\n\nNot informed or interested in the details (thus hadn\u2019t checked).  He was born an American, raised an American and lives the American Dream. Its all dumb."}, {"author_id": 912754494705999873, "id": 1495272295266283522, "text": "Can Bitcoin Save The American Dream? with Natalie Brunell https://t.co/doYXZU2xt3"}, {"author_id": 221928544, "id": 1495272072125337600, "text": "@sf49ergirl16 The American Dream"}, {"author_id": 1354099765819158528, "id": 1495271904659357696, "text": "RT @JosephNSanberg: They lied to you.  They told you that if you work hard and play by the rules that you would live the American dream.\u2026"}, {"author_id": 2904705381, "id": 1495271542648983554, "text": "It *would* be deeply bizarre... if I had said that.\nBill Gates has probably saved more poor lives than anyone. Yet, he doesn't say the system is unfair &amp; capitalism is grotesque.\nAOC worked hard, caught a break, &amp; lives opulently. She's literally the American &amp; capitalism's dream https://t.co/paEBkoy6BC"}, {"author_id": 2726025501, "id": 1495271432011538433, "text": "RT @JosephNSanberg: They lied to you.  They told you that if you work hard and play by the rules that you would live the American dream.\u2026"}, {"author_id": 1386759129373499396, "id": 1495271370179104769, "text": "@adivinefruit the american dream"}, {"author_id": 1476010469311852549, "id": 1495271150418644996, "text": "RT @FKARomel: Alot of Central American/Cuban immigrants are flooding into Miami rn bc they\u2019re being enticed by this mythical American dream\u2026"}, {"author_id": 466041885, "id": 1495270675942105088, "text": "RT @MissAkuaAfriyie: Expect the next \u2018H is living the American dream\u2019 batch of puff pieces. They will recycle a few stories on how the Camb\u2026"}, {"author_id": 25702320, "id": 1495270536431108103, "text": "RT @JosephNSanberg: They lied to you.  They told you that if you work hard and play by the rules that you would live the American dream.\u2026"}, {"author_id": 824744992774115328, "id": 1495270041767464961, "text": "RT @tify330: VP is the American dream personified. A child of immigrants (Jamaican &amp; Indian), went to college, became a lawyer, was a prose\u2026"}, {"author_id": 1493375206676705282, "id": 1495269925056831491, "text": "RT @deborahptrsn: My employer terminated me. Then fired my husband, a disabled veteran. A simple, hard working family, living the American\u2026"}, {"author_id": 1471446059062755328, "id": 1495269477298020354, "text": "RT @ADREAM_Token: Just because it\u2019s called The American Dream does not mean you can\u2019t obtain it from anywhere in the world. Every culture k\u2026"}]