[{"author_id": 940802428190056448, "id": 1495248425331277825, "text": "RT @Angry_Staffer: @chrishanrahan 90% \n\nHonestly, it\u2019s closer to 100, but he *could* always back out. Not likely, but it could happen (Kid\u2026"}, {"author_id": 1490537066265989126, "id": 1495247398494420992, "text": "@disneyplus @Disney Day 12 of asking Disney to put Angels in the Outfield on Disney+"}, {"author_id": 1616112486, "id": 1495243776759144454, "text": "Nick: have you seen Angels in America?\nMe: Angels in the Outfield?\nNick: that is a VERY different movie"}, {"author_id": 41759283, "id": 1495234045445353474, "text": "RT @Angry_Staffer: @chrishanrahan 90% \n\nHonestly, it\u2019s closer to 100, but he *could* always back out. Not likely, but it could happen (Kid\u2026"}, {"author_id": 141435958, "id": 1495232213532790788, "text": "@MLBONFOX Angels in the Outfield type of stuff. https://t.co/GI5G4HxbhR"}, {"author_id": 1426364418841997316, "id": 1495215741196460032, "text": "Going into championship Sunday with a .700 OBP! Had 4 plays in the outfield in our 3-2 win over a talented BGNSA Angels group.\n\n(2 strike approach hitting anything in the zone)\n\n@Coachmun \n@Coach_Fischer \n@CoachArchibald \n@CoachKBlaylock \n@CoachMWright3 \n@pjfinigan https://t.co/ek86Ieds5v"}, {"author_id": 47503724, "id": 1495181574664564743, "text": "\ud83d\udde3Shout out to them angels in my outfield. Y\u2019all the REALEST\u203c\ufe0f\u203c\ufe0f"}, {"author_id": 348636729, "id": 1495180537618567169, "text": "RT @QrQradio: Angels In The Outfield - @MILCMANE &amp; @leSavoie (feat. Greg Cypher &amp; La)\nhttps://t.co/vzNPjjni4k"}, {"author_id": 1037796925028921351, "id": 1495179098951405576, "text": "RT @Angry_Staffer: @chrishanrahan 90% \n\nHonestly, it\u2019s closer to 100, but he *could* always back out. Not likely, but it could happen (Kid\u2026"}, {"author_id": 486873009, "id": 1495174224843096067, "text": "@ACAPNY @joe_manniello @FantasyBrad @BracketeersThe @PeteTheGreek13 4 managers - Jimmy Dugan (A League of Their Own), Billy Haywood (Little Big League), Lou Brown (Major League), George Knox (Angels in the Outfield)"}, {"author_id": 65164240, "id": 1495173303002021890, "text": "Super disappointed that @disneyplus doesn\u2019t have \u201cAngels in the Outfield\u201d in their library..... \ud83d\ude2d\ud83d\ude2d\ud83d\ude2d https://t.co/PrXsUIF9nR"}, {"author_id": 31358239, "id": 1495168881580646401, "text": "Nothing against Devil's Own, it could have been Go or Angels in the Outfield...a taped copy of a Cynthia Rothrock movie.  Dealer's choice."}, {"author_id": 289222469, "id": 1495149286920646656, "text": "RT @QrQradio: Angels In The Outfield - @MILCMANE &amp; @leSavoie (feat. Greg Cypher &amp; La)\nhttps://t.co/vzNPjjni4k"}, {"author_id": 1492828734, "id": 1495145972703559682, "text": "RT @Angry_Staffer: @chrishanrahan 90% \n\nHonestly, it\u2019s closer to 100, but he *could* always back out. Not likely, but it could happen (Kid\u2026"}, {"author_id": 4171571657, "id": 1495144306331500552, "text": "Angels In The Outfield - @MILCMANE &amp; @leSavoie (feat. Greg Cypher &amp; La)\nhttps://t.co/vzNPjjni4k"}, {"author_id": 1253866943452450818, "id": 1495139031964860417, "text": "RT @Angry_Staffer: @chrishanrahan 90% \n\nHonestly, it\u2019s closer to 100, but he *could* always back out. Not likely, but it could happen (Kid\u2026"}, {"author_id": 830107997078691841, "id": 1495127965335703558, "text": "RT @Angry_Staffer: @chrishanrahan 90% \n\nHonestly, it\u2019s closer to 100, but he *could* always back out. Not likely, but it could happen (Kid\u2026"}, {"author_id": 22232322, "id": 1495126810388058116, "text": "RT @Angry_Staffer: @chrishanrahan 90% \n\nHonestly, it\u2019s closer to 100, but he *could* always back out. Not likely, but it could happen (Kid\u2026"}, {"author_id": 1455668659507052546, "id": 1495123732268032005, "text": "@DudespostingWs 1990s: Angels in the Outfield\n2020s: Angels in the Ocean"}, {"author_id": 512830524, "id": 1495119913647706112, "text": "RT @Angry_Staffer: @chrishanrahan 90% \n\nHonestly, it\u2019s closer to 100, but he *could* always back out. Not likely, but it could happen (Kid\u2026"}, {"author_id": 49214129, "id": 1495109564722823174, "text": "I wrote this last June from my freewrite called \"Angels in the Outfield \". Change and transformation was happening,  I couldn't see it but I could feel it. I knew I was becoming ( a constant) but I had no idea who.. https://t.co/mU7U7uFyEF"}, {"author_id": 64213001, "id": 1495096461675036672, "text": "@joe_manniello Bobby Rayburn / The Fan. Mel Clark / Angels in the Outfield. Babe Ruth / The Babe. Dottie Henson / A League of Their Own. Jack Elliot / Mr. Baseball"}, {"author_id": 881329351677009920, "id": 1495083558163124229, "text": "@FluffyArcticFox Angels In The Outfield, Rookie of The Year, Sonic The Hedgehog. \ud83d\ude01"}, {"author_id": 588750058, "id": 1495083335676305409, "text": "RT @Angry_Staffer: @chrishanrahan 90% \n\nHonestly, it\u2019s closer to 100, but he *could* always back out. Not likely, but it could happen (Kid\u2026"}, {"author_id": 1365871683651985410, "id": 1495077263934644227, "text": "@BravesAshland @FarmToFame_ It's Liberty, angels in the outfield probably. \ud83e\udd23"}, {"author_id": 19733068, "id": 1495068337167945732, "text": "RT @Angry_Staffer: @chrishanrahan 90% \n\nHonestly, it\u2019s closer to 100, but he *could* always back out. Not likely, but it could happen (Kid\u2026"}, {"author_id": 213047019, "id": 1495067542947250176, "text": "RT @Angry_Staffer: @chrishanrahan 90% \n\nHonestly, it\u2019s closer to 100, but he *could* always back out. Not likely, but it could happen (Kid\u2026"}, {"author_id": 2847140499, "id": 1495067228630364166, "text": "RT @Angry_Staffer: @chrishanrahan 90% \n\nHonestly, it\u2019s closer to 100, but he *could* always back out. Not likely, but it could happen (Kid\u2026"}, {"author_id": 1375616550628163589, "id": 1495064158622134287, "text": "RT @Angry_Staffer: @chrishanrahan 90% \n\nHonestly, it\u2019s closer to 100, but he *could* always back out. Not likely, but it could happen (Kid\u2026"}, {"author_id": 705971428185632768, "id": 1495056627619221510, "text": "RT @Angry_Staffer: @chrishanrahan 90% \n\nHonestly, it\u2019s closer to 100, but he *could* always back out. Not likely, but it could happen (Kid\u2026"}, {"author_id": 29877533, "id": 1495055654439899138, "text": "RT @Angry_Staffer: @chrishanrahan 90% \n\nHonestly, it\u2019s closer to 100, but he *could* always back out. Not likely, but it could happen (Kid\u2026"}, {"author_id": 827557099034996736, "id": 1495053807264296960, "text": "RT @Angry_Staffer: @chrishanrahan 90% \n\nHonestly, it\u2019s closer to 100, but he *could* always back out. Not likely, but it could happen (Kid\u2026"}, {"author_id": 766420772, "id": 1495037218636779521, "text": "RT @Angry_Staffer: @chrishanrahan 90% \n\nHonestly, it\u2019s closer to 100, but he *could* always back out. Not likely, but it could happen (Kid\u2026"}, {"author_id": 905952434945654785, "id": 1495030093172908039, "text": "RT @Angry_Staffer: @chrishanrahan 90% \n\nHonestly, it\u2019s closer to 100, but he *could* always back out. Not likely, but it could happen (Kid\u2026"}, {"author_id": 1160514337, "id": 1495027173425623041, "text": "RT @Angry_Staffer: @chrishanrahan 90% \n\nHonestly, it\u2019s closer to 100, but he *could* always back out. Not likely, but it could happen (Kid\u2026"}, {"author_id": 37799906, "id": 1495022897064202244, "text": "@Angry_Staffer @chrishanrahan Love the Angels in the Outfield ref!"}, {"author_id": 436673245, "id": 1495015935958155265, "text": "RT @Angry_Staffer: @chrishanrahan 90% \n\nHonestly, it\u2019s closer to 100, but he *could* always back out. Not likely, but it could happen (Kid\u2026"}, {"author_id": 750344627635515392, "id": 1495014734432718848, "text": "RT @Angry_Staffer: @chrishanrahan 90% \n\nHonestly, it\u2019s closer to 100, but he *could* always back out. Not likely, but it could happen (Kid\u2026"}, {"author_id": 1400453558, "id": 1495011896247914499, "text": "just finished watching angels in the outfield and matthew mcconaughey was in it so \ud83d\ude0c"}, {"author_id": 875169183599738881, "id": 1495004337306681345, "text": "RT @Angry_Staffer: @chrishanrahan 90% \n\nHonestly, it\u2019s closer to 100, but he *could* always back out. Not likely, but it could happen (Kid\u2026"}, {"author_id": 20443388, "id": 1495004167009619971, "text": "RT @Angry_Staffer: @chrishanrahan 90% \n\nHonestly, it\u2019s closer to 100, but he *could* always back out. Not likely, but it could happen (Kid\u2026"}, {"author_id": 1373647643545583624, "id": 1495002656439513095, "text": "RT @Angry_Staffer: @chrishanrahan 90% \n\nHonestly, it\u2019s closer to 100, but he *could* always back out. Not likely, but it could happen (Kid\u2026"}, {"author_id": 180785464, "id": 1494998979276324873, "text": "RT @Angry_Staffer: @chrishanrahan 90% \n\nHonestly, it\u2019s closer to 100, but he *could* always back out. Not likely, but it could happen (Kid\u2026"}, {"author_id": 1201278424553336835, "id": 1494994649974460418, "text": "RT @Angry_Staffer: @chrishanrahan 90% \n\nHonestly, it\u2019s closer to 100, but he *could* always back out. Not likely, but it could happen (Kid\u2026"}, {"author_id": 65369906, "id": 1494988714380087297, "text": "RT @Angry_Staffer: @chrishanrahan 90% \n\nHonestly, it\u2019s closer to 100, but he *could* always back out. Not likely, but it could happen (Kid\u2026"}, {"author_id": 470752482, "id": 1494986248200486912, "text": "RT @Angry_Staffer: @chrishanrahan 90% \n\nHonestly, it\u2019s closer to 100, but he *could* always back out. Not likely, but it could happen (Kid\u2026"}, {"author_id": 1402374260077731844, "id": 1494985469943115776, "text": "RT @Angry_Staffer: @chrishanrahan 90% \n\nHonestly, it\u2019s closer to 100, but he *could* always back out. Not likely, but it could happen (Kid\u2026"}, {"author_id": 830001614949752832, "id": 1494978902585978880, "text": "RT @Angry_Staffer: @chrishanrahan 90% \n\nHonestly, it\u2019s closer to 100, but he *could* always back out. Not likely, but it could happen (Kid\u2026"}, {"author_id": 775560946412457984, "id": 1494962916180725763, "text": "RT @Angry_Staffer: @chrishanrahan 90% \n\nHonestly, it\u2019s closer to 100, but he *could* always back out. Not likely, but it could happen (Kid\u2026"}, {"author_id": 14944543, "id": 1494952970668154880, "text": "RT @Angry_Staffer: @chrishanrahan 90% \n\nHonestly, it\u2019s closer to 100, but he *could* always back out. Not likely, but it could happen (Kid\u2026"}, {"author_id": 1222335601317298177, "id": 1494937071034634243, "text": "RT @Angry_Staffer: @chrishanrahan 90% \n\nHonestly, it\u2019s closer to 100, but he *could* always back out. Not likely, but it could happen (Kid\u2026"}, {"author_id": 1284651751329558528, "id": 1494937017461145601, "text": "RT @Angry_Staffer: @chrishanrahan 90% \n\nHonestly, it\u2019s closer to 100, but he *could* always back out. Not likely, but it could happen (Kid\u2026"}, {"author_id": 2409414559, "id": 1494933982114238465, "text": "RT @Angry_Staffer: @chrishanrahan 90% \n\nHonestly, it\u2019s closer to 100, but he *could* always back out. Not likely, but it could happen (Kid\u2026"}, {"author_id": 965726831847424002, "id": 1494932851388653574, "text": "RT @Angry_Staffer: @chrishanrahan 90% \n\nHonestly, it\u2019s closer to 100, but he *could* always back out. Not likely, but it could happen (Kid\u2026"}, {"author_id": 897202433247428608, "id": 1494930684430798851, "text": "RT @Angry_Staffer: @chrishanrahan 90% \n\nHonestly, it\u2019s closer to 100, but he *could* always back out. Not likely, but it could happen (Kid\u2026"}, {"author_id": 1205693063701680128, "id": 1494923781432872960, "text": "It looks like that catch that Matthew McConaughey's character made in Angels in the Outfield. https://t.co/Y6Bgbjz3UX"}, {"author_id": 1205693063701680128, "id": 1494922612048384000, "text": "@sarah_renee32 It looks like that catch that Matthew McConaughey's character made in Angels in the Outfield."}, {"author_id": 915837860, "id": 1494920465680576513, "text": "RT @Angry_Staffer: @chrishanrahan 90% \n\nHonestly, it\u2019s closer to 100, but he *could* always back out. Not likely, but it could happen (Kid\u2026"}, {"author_id": 3058886791, "id": 1494917453024874499, "text": "RT @Angry_Staffer: @chrishanrahan 90% \n\nHonestly, it\u2019s closer to 100, but he *could* always back out. Not likely, but it could happen (Kid\u2026"}, {"author_id": 829504380030242817, "id": 1494916887364333572, "text": "RT @Angry_Staffer: @chrishanrahan 90% \n\nHonestly, it\u2019s closer to 100, but he *could* always back out. Not likely, but it could happen (Kid\u2026"}, {"author_id": 802760567203119104, "id": 1494916401651326978, "text": "RT @Angry_Staffer: @chrishanrahan 90% \n\nHonestly, it\u2019s closer to 100, but he *could* always back out. Not likely, but it could happen (Kid\u2026"}, {"author_id": 21351342, "id": 1494914672147013632, "text": "RT @Angry_Staffer: @chrishanrahan 90% \n\nHonestly, it\u2019s closer to 100, but he *could* always back out. Not likely, but it could happen (Kid\u2026"}, {"author_id": 1070138237086126080, "id": 1494912729664004098, "text": "RT @Angry_Staffer: @chrishanrahan 90% \n\nHonestly, it\u2019s closer to 100, but he *could* always back out. Not likely, but it could happen (Kid\u2026"}, {"author_id": 419256305, "id": 1494907007693778948, "text": "RT @Angry_Staffer: @chrishanrahan 90% \n\nHonestly, it\u2019s closer to 100, but he *could* always back out. Not likely, but it could happen (Kid\u2026"}, {"author_id": 2997034786, "id": 1494903697263972354, "text": "RT @Angry_Staffer: @chrishanrahan 90% \n\nHonestly, it\u2019s closer to 100, but he *could* always back out. Not likely, but it could happen (Kid\u2026"}, {"author_id": 1310741627137339392, "id": 1494901520294416385, "text": "RT @Angry_Staffer: @chrishanrahan 90% \n\nHonestly, it\u2019s closer to 100, but he *could* always back out. Not likely, but it could happen (Kid\u2026"}, {"author_id": 1214395610821877760, "id": 1494901090491396097, "text": "RT @Angry_Staffer: @chrishanrahan 90% \n\nHonestly, it\u2019s closer to 100, but he *could* always back out. Not likely, but it could happen (Kid\u2026"}, {"author_id": 1237893552832540672, "id": 1494900749226033160, "text": "RT @Angry_Staffer: @chrishanrahan 90% \n\nHonestly, it\u2019s closer to 100, but he *could* always back out. Not likely, but it could happen (Kid\u2026"}, {"author_id": 1473364353961410571, "id": 1494898440475758594, "text": "RT @Angry_Staffer: @chrishanrahan 90% \n\nHonestly, it\u2019s closer to 100, but he *could* always back out. Not likely, but it could happen (Kid\u2026"}, {"author_id": 1244708951104479232, "id": 1494897508090204164, "text": "RT @Angry_Staffer: @chrishanrahan 90% \n\nHonestly, it\u2019s closer to 100, but he *could* always back out. Not likely, but it could happen (Kid\u2026"}, {"author_id": 2296674926, "id": 1494897045081145344, "text": "RT @Angry_Staffer: @chrishanrahan 90% \n\nHonestly, it\u2019s closer to 100, but he *could* always back out. Not likely, but it could happen (Kid\u2026"}, {"author_id": 1651208408, "id": 1494896477482754050, "text": "RT @Angry_Staffer: @chrishanrahan 90% \n\nHonestly, it\u2019s closer to 100, but he *could* always back out. Not likely, but it could happen (Kid\u2026"}, {"author_id": 1272206493836816384, "id": 1494896010195259393, "text": "RT @Angry_Staffer: @chrishanrahan 90% \n\nHonestly, it\u2019s closer to 100, but he *could* always back out. Not likely, but it could happen (Kid\u2026"}, {"author_id": 1292215142, "id": 1494895017239867394, "text": "RT @Angry_Staffer: @chrishanrahan 90% \n\nHonestly, it\u2019s closer to 100, but he *could* always back out. Not likely, but it could happen (Kid\u2026"}, {"author_id": 797595483111755776, "id": 1494894177053601795, "text": "RT @Angry_Staffer: @chrishanrahan 90% \n\nHonestly, it\u2019s closer to 100, but he *could* always back out. Not likely, but it could happen (Kid\u2026"}, {"author_id": 107499344, "id": 1494893796986871815, "text": "RT @Angry_Staffer: @chrishanrahan 90% \n\nHonestly, it\u2019s closer to 100, but he *could* always back out. Not likely, but it could happen (Kid\u2026"}, {"author_id": 972335124883951616, "id": 1494891542330421250, "text": "RT @Angry_Staffer: @chrishanrahan 90% \n\nHonestly, it\u2019s closer to 100, but he *could* always back out. Not likely, but it could happen (Kid\u2026"}, {"author_id": 838810388695252992, "id": 1494890997922340869, "text": "RT @Angry_Staffer: @chrishanrahan 90% \n\nHonestly, it\u2019s closer to 100, but he *could* always back out. Not likely, but it could happen (Kid\u2026"}, {"author_id": 2378324935, "id": 1494890804535562243, "text": "RT @Angry_Staffer: @chrishanrahan 90% \n\nHonestly, it\u2019s closer to 100, but he *could* always back out. Not likely, but it could happen (Kid\u2026"}, {"author_id": 1671440533, "id": 1494890645713866752, "text": "RT @Angry_Staffer: @chrishanrahan 90% \n\nHonestly, it\u2019s closer to 100, but he *could* always back out. Not likely, but it could happen (Kid\u2026"}, {"author_id": 1018697824282656768, "id": 1494890307204178046, "text": "RT @Angry_Staffer: @chrishanrahan 90% \n\nHonestly, it\u2019s closer to 100, but he *could* always back out. Not likely, but it could happen (Kid\u2026"}, {"author_id": 976143442362302464, "id": 1494889104911314946, "text": "RT @Angry_Staffer: @chrishanrahan 90% \n\nHonestly, it\u2019s closer to 100, but he *could* always back out. Not likely, but it could happen (Kid\u2026"}, {"author_id": 1094096091170172929, "id": 1494887535243411456, "text": "RT @Angry_Staffer: @chrishanrahan 90% \n\nHonestly, it\u2019s closer to 100, but he *could* always back out. Not likely, but it could happen (Kid\u2026"}, {"author_id": 3219560499, "id": 1494886935055278081, "text": "RT @Angry_Staffer: @chrishanrahan 90% \n\nHonestly, it\u2019s closer to 100, but he *could* always back out. Not likely, but it could happen (Kid\u2026"}, {"author_id": 920257832, "id": 1494886815152619525, "text": "RT @Angry_Staffer: @chrishanrahan 90% \n\nHonestly, it\u2019s closer to 100, but he *could* always back out. Not likely, but it could happen (Kid\u2026"}, {"author_id": 1490537066265989126, "id": 1494884771905875973, "text": "@disneyplus @Disney Day 11 of asking Disney to put Angels in the Outfield on Disney+"}, {"author_id": 795516865, "id": 1494884209726529539, "text": "RT @Angry_Staffer: @chrishanrahan 90% \n\nHonestly, it\u2019s closer to 100, but he *could* always back out. Not likely, but it could happen (Kid\u2026"}, {"author_id": 2358789079, "id": 1494883648021184512, "text": "RT @Angry_Staffer: @chrishanrahan 90% \n\nHonestly, it\u2019s closer to 100, but he *could* always back out. Not likely, but it could happen (Kid\u2026"}, {"author_id": 38442645, "id": 1494883550394523652, "text": "RT @Angry_Staffer: @chrishanrahan 90% \n\nHonestly, it\u2019s closer to 100, but he *could* always back out. Not likely, but it could happen (Kid\u2026"}, {"author_id": 897895526720446465, "id": 1494883382802538497, "text": "RT @Angry_Staffer: @chrishanrahan 90% \n\nHonestly, it\u2019s closer to 100, but he *could* always back out. Not likely, but it could happen (Kid\u2026"}, {"author_id": 544698147, "id": 1494882782035775492, "text": "RT @Angry_Staffer: @chrishanrahan 90% \n\nHonestly, it\u2019s closer to 100, but he *could* always back out. Not likely, but it could happen (Kid\u2026"}, {"author_id": 1242709697397952512, "id": 1494882109382533123, "text": "RT @Angry_Staffer: @chrishanrahan 90% \n\nHonestly, it\u2019s closer to 100, but he *could* always back out. Not likely, but it could happen (Kid\u2026"}, {"author_id": 309106340, "id": 1494881982467170305, "text": "RT @Angry_Staffer: @chrishanrahan 90% \n\nHonestly, it\u2019s closer to 100, but he *could* always back out. Not likely, but it could happen (Kid\u2026"}, {"author_id": 387189550, "id": 1494881915299639299, "text": "RT @Angry_Staffer: @chrishanrahan 90% \n\nHonestly, it\u2019s closer to 100, but he *could* always back out. Not likely, but it could happen (Kid\u2026"}, {"author_id": 1934758884, "id": 1494881261013413892, "text": "RT @Angry_Staffer: @chrishanrahan 90% \n\nHonestly, it\u2019s closer to 100, but he *could* always back out. Not likely, but it could happen (Kid\u2026"}, {"author_id": 1125946437261512704, "id": 1494881173562036228, "text": "RT @Angry_Staffer: @chrishanrahan 90% \n\nHonestly, it\u2019s closer to 100, but he *could* always back out. Not likely, but it could happen (Kid\u2026"}, {"author_id": 761077347252527104, "id": 1494881012014370818, "text": "RT @Angry_Staffer: @chrishanrahan 90% \n\nHonestly, it\u2019s closer to 100, but he *could* always back out. Not likely, but it could happen (Kid\u2026"}, {"author_id": 738759178139770880, "id": 1494879469474963456, "text": "RT @Angry_Staffer: @chrishanrahan 90% \n\nHonestly, it\u2019s closer to 100, but he *could* always back out. Not likely, but it could happen (Kid\u2026"}, {"author_id": 1283122885, "id": 1494879001248251906, "text": "RT @Angry_Staffer: @chrishanrahan 90% \n\nHonestly, it\u2019s closer to 100, but he *could* always back out. Not likely, but it could happen (Kid\u2026"}, {"author_id": 864198358197469184, "id": 1494876895007105025, "text": "RT @Angry_Staffer: @chrishanrahan 90% \n\nHonestly, it\u2019s closer to 100, but he *could* always back out. Not likely, but it could happen (Kid\u2026"}]