[{"author_id": 1167516298336788482, "id": 1495264858958356480, "text": "RT @DanRobJay: @_sTYLr_ @reallifemommy3 That's the essence of the Groucho Marx quote that Woody Allen made famous in his incredible opening\u2026"}, {"author_id": 1167516298336788482, "id": 1495264816876904448, "text": "@_sTYLr_ @reallifemommy3 That's the essence of the Groucho Marx quote that Woody Allen made famous in his incredible opening to Annie Hall, and depending on the year, ranked #30 to 40 on AFI's top 100 all-time film list.\n\nhttps://t.co/fsBROYcs5a"}, {"author_id": 1461540349218889729, "id": 1495251089947508739, "text": "@jmmh123 @nursekelsey Thank you. I get them from Annie Hall. She was in the Berkshires but she just recently moved to Newport Rhode Island."}, {"author_id": 768541675496939524, "id": 1495238137156542468, "text": "we could be watching Annie Hall on the projector in my room"}, {"author_id": 31223974, "id": 1495233449233420294, "text": "It\u2019s an Annie Hall kinda night"}, {"author_id": 1355453561048608768, "id": 1495225798483222539, "text": "RT @emilynussbaum: Watched WHEN HARRY MET SALLY for movie night. This was never my favorite rom-com, for many picky reasons (I was a snob w\u2026"}, {"author_id": 1339609238885310466, "id": 1495217300697407494, "text": "@guardian No, no. 1 Annie Hall was enough."}, {"author_id": 1403960772, "id": 1495216659191451652, "text": "What is so fascinating about sitting around watching a bunch of pituitary cases stuff a ball through a hoop? ~Woody Allen, Annie Hall"}, {"author_id": 57412928, "id": 1495210728663355396, "text": "@fotowords Absolutely loved it. So good. Felt like a feminist version of Annie Hall, but better. Surprised how much I understood. Norwegian is a lot easier to understand than Danish."}, {"author_id": 57412928, "id": 1495209560381870085, "text": "Loved Worst Person in the World. Norwegian version of Annie Hall, but so, so much better."}, {"author_id": 1267135835331350530, "id": 1495189360853102594, "text": "@BrianBLevinson Only ever watched the Annie hall rip-off and that was once in the theatre"}, {"author_id": 1442945582994235392, "id": 1495188537616048132, "text": "\u201cReal Answers From Industry Agents\u201d with @ChelleT3, Michelle Hayes, @Caro_Bunny, @IamLyneaBell, @robincarus, Annie Hall, Lashawn Howard, Charleen McGuire, @MrGilJ, Kim Kennerly, and Agent To The Stars. Thursday, Feb 24 at 6:00 PM EST in @clubhouse! https://t.co/ZTb3Llejqq"}, {"author_id": 1442945582994235392, "id": 1495188211630583809, "text": "\u201cReal Answers From Industry Agents\u201d with @ChelleT3, Michelle Hayes, @Caro_Bunny, @IamLyneaBell, @robincarus, Annie Hall, Lashawn Howard, Charleen McGuire, @MrGilJ, Kim Kennerly, and Agent To The Stars. Thursday, Feb 24 at 6:00 PM EST in @clubhouse! https://t.co/E3EhHgKw7S"}, {"author_id": 251179629, "id": 1495186800364732417, "text": "@msloobylou A lot of his films are great, especially Annie Hall,  manhatten murder mystery and love &amp; Death"}, {"author_id": 2325787896, "id": 1495181271374434313, "text": "\"The only exceptions are Tibet and Taiwan\", read the Annie Hall-style subtitles of what he was thinking. https://t.co/QEoUKLBJoW"}, {"author_id": 800083166903963648, "id": 1495176277002579968, "text": "@FaceMoss I liked \"Manhattan\"; I think it's his best film. \"Annie Hall\" &amp; \"Husbands &amp; Wives\" are both up there, too."}, {"author_id": 1495172874310672385, "id": 1495173814682062860, "text": "We die daily. Happy those w\nhttps://t.co/hF4hGKT9ml\nI love 'Annie Hall,' but then I adore 'Hannah and He\nhttps://t.co/QOIbYagxZS https://t.co/5ksVlZGmzl"}, {"author_id": 1358890197610422273, "id": 1495171328114311173, "text": "RT @emilynussbaum: Watched WHEN HARRY MET SALLY for movie night. This was never my favorite rom-com, for many picky reasons (I was a snob w\u2026"}, {"author_id": 21513363, "id": 1495167792039047168, "text": "RT @emilynussbaum: Watched WHEN HARRY MET SALLY for movie night. This was never my favorite rom-com, for many picky reasons (I was a snob w\u2026"}, {"author_id": 14247399, "id": 1495163760444538882, "text": "RT @emilynussbaum: Watched WHEN HARRY MET SALLY for movie night. This was never my favorite rom-com, for many picky reasons (I was a snob w\u2026"}, {"author_id": 177245956, "id": 1495163755113627649, "text": "@herbsyhc Totally. I went for it on Christmas Day a couple of years ago. I will never tire of it.\n\nI watched Annie Hall last night, another classic. As you say, sometimes only the best will do."}, {"author_id": 127326516, "id": 1495163006124232707, "text": "Just watched Annie Hall for the first time. \n\nA few good one-liners but otherwise... meh."}, {"author_id": 1315637371317170177, "id": 1495162986788438017, "text": "@mattstanhope71 Carol Kane...here she is in Annie Hall, 1977: https://t.co/Um5jQN6hx7"}, {"author_id": 1182353912805740544, "id": 1495156529451864067, "text": "\"Doing nothing is better than being busy doing nothing.\"\n\n- Alexander Ludwig,\nAnnie Hall (1977)"}, {"author_id": 1284172078762074117, "id": 1495153014348390401, "text": "Annie Hall by Avoid Paranoia https://t.co/gj4seyh5Fg"}, {"author_id": 49151170, "id": 1495151716144062466, "text": "this is walk annie hall"}, {"author_id": 707604079, "id": 1495148687311478784, "text": "Diane Keaton and Woody Allen on the set of Annie Hall, 1977.\n\nDirected by Woody Allen https://t.co/zvqmHcNR3h"}, {"author_id": 1357819577921654791, "id": 1495145743455174658, "text": "i lied\nsaying i saw annie hall when i was twelve\nbut i only remember the first part now"}, {"author_id": 840672358348218368, "id": 1495134603379572743, "text": "RT @emilynussbaum: Watched WHEN HARRY MET SALLY for movie night. This was never my favorite rom-com, for many picky reasons (I was a snob w\u2026"}, {"author_id": 229929171, "id": 1495127768471945222, "text": "RT @emilynussbaum: Watched WHEN HARRY MET SALLY for movie night. This was never my favorite rom-com, for many picky reasons (I was a snob w\u2026"}, {"author_id": 1461594798834561026, "id": 1495126132672323593, "text": "RT @emilynussbaum: Watched WHEN HARRY MET SALLY for movie night. This was never my favorite rom-com, for many picky reasons (I was a snob w\u2026"}, {"author_id": 1203457488558919682, "id": 1495125283371986944, "text": "@starchanton @msloobylou @timalmond I don't make any assumptions about you.\n\nYou literally wrote you were a 'huge fan' of 'Annie Hall' 'for many years'. Then you wrote about its 'diminishing quality' and 'increasingly unmissable misogyny'.\n\nMaybe you meant something else, but this is what you *wrote*. https://t.co/DlmGBs0P08"}, {"author_id": 1351565864831692801, "id": 1495125088731082753, "text": "@angiemnyc Some very bizarre fashions. Last one channels Annie Hall (blouse)."}, {"author_id": 1313110160, "id": 1495123887671021568, "text": "@emilynussbaum It did resemble Annie Hall, for sure, but stands in its own, thanks to Nora and Rob and Billy and Meg (and let\u2019s not forget Bruno and Carrie) #WhenHarryMetSally #movies #ClassicComedy"}, {"author_id": 55311033, "id": 1495110940005519361, "text": "This week, let @randyfuller1 give you one of those chalky candy hearts, the one that says Be My Valentine. Check out his wine pairings for this week\u2019s romance movie trailer commentaries \u2013 Chilly Scenes Of Winter, Annie Hall and As Good As It Gets!\n\nhttps://t.co/MZG0Ywhnbn https://t.co/65FLEcV1mT"}, {"author_id": 1251717190186868741, "id": 1495110608362033155, "text": "Einstein was right, it\u2019s only a question of when we will be engaged in nuclear war. On the issue what keeps me active is a scene In the Woody Allen movie Annie Hall where Mr. Allen as a child is focused on the universe expanding. https://t.co/WFLbHHM130"}, {"author_id": 93010283, "id": 1495107854205952002, "text": "Bit of Annie Hall action here today as the body slowly descends into agonising monthly doom spiral. And I would so be a member of my own club. Someone\u2019s got to. Not sure how many other members there would be, mind\u2026xxx https://t.co/vuSDoEL8dD"}, {"author_id": 1284172078762074117, "id": 1495107718096506881, "text": "Annie Hall by Avoid Paranoia https://t.co/5kQAqMHCdk"}, {"author_id": 130949970, "id": 1495107106814377984, "text": "An Annie Hall remix with a Nut is exactly what Harry Met Sally is \u2026.. https://t.co/gA8ZjUaaye"}, {"author_id": 1495106025267019779, "id": 1495106352179552257, "text": "If you die you're completel\nhttps://t.co/jNZ6QhuWpj\nI love 'Annie Hall,' but then I adore 'Hannah and He\nhttps://t.co/rm3tMCmpOb\nhttps://t.co/q749vVNbvJ"}, {"author_id": 19828011, "id": 1495102374821736459, "text": "@worldofchris Ha, it's just Annie Hall - yes, Bananas is sublime!"}, {"author_id": 137962097, "id": 1495102126124589059, "text": "@msloobylou @i_am_bishi Yeah, I have all those in a dvd boxet. Forced the kids to see Annie Hall and Sleeper. They both decided Dianne Keaton was the funny one. \n\nLater, saw an interview where Woody said Dianne was much funnier than he ever was. He's right."}, {"author_id": 2275916517, "id": 1495100347563577347, "text": "@ThatEricAlper Annie Hall. But since seeing the documentary about Woody Allen, it\u2019s ruined!"}, {"author_id": 22180398, "id": 1495097776576897030, "text": "@TomDohertyfilm Come on \u2014 Marshall McLuhan was great in Annie Hall."}, {"author_id": 1203457488558919682, "id": 1495096651781971968, "text": "@starchanton @msloobylou @timalmond You are a victim of your own convictions.\n\nGet better soon.\n\nThe 'Annie Hall' version 1976 is the same as the 2022 version. No difference. If anything 'diminished' it is the way you perceive and appreciate things.\n\n\"Another optimetrist\"? https://t.co/MS7FuDYG34"}, {"author_id": 2152983836, "id": 1495078261046525952, "text": "@msloobylou Taped Annie Hall the other night...not seen it since went to pics to watch it in Seventies..."}, {"author_id": 19218256, "id": 1495069576631099393, "text": "@toesonherbells @DPJannerson @emilynussbaum And loved WHMS enough to watch it several times. Could barely get through Annie Hall, only watched because so many raved about it."}, {"author_id": 19218256, "id": 1495068622653378564, "text": "@emilynussbaum Rewatched When Harry Met Sally few months ago, prompted by fantastic Ted Lasso episode that lovingly stole a scene from it. Loved it as much as the first and other times I saw it, perfection. All characters superb. Annie Hall eck, got thru it once barely"}, {"author_id": 961788917136502784, "id": 1495068408521449472, "text": "@emilynussbaum Annie Hall is still the far better film, by far. It\u2019s the gold standard of romantic comedies."}, {"author_id": 41260196, "id": 1495067219230928902, "text": "@toshamichelle90 @Annie__Hall aww tuckie poo"}, {"author_id": 56699707, "id": 1495066216427241473, "text": "@DECOSHIPPOCRAT1 Annie Hall! \ud83d\ude02"}, {"author_id": 1403960772, "id": 1495065666293882880, "text": "What is so fascinating about sitting around watching a bunch of pituitary cases stuff a ball through a hoop? ~Woody Allen, Annie Hall"}, {"author_id": 26724095, "id": 1495060727530496001, "text": "\"The Rock Cooperative Presents GIN ANNIE with WHITE RAVEN DOWN &amp; FYRESKY\", Leo's The Red Lion, Crete Hall Road on Sat 26 Feb 2022 7.00PM, #gig tickets: https://t.co/W021gt7wUh"}, {"author_id": 796461123738497026, "id": 1495047725674647553, "text": "RT @emilynussbaum: Watched WHEN HARRY MET SALLY for movie night. This was never my favorite rom-com, for many picky reasons (I was a snob w\u2026"}, {"author_id": 1321883651039207425, "id": 1495041133403164674, "text": "RT @emilynussbaum: Watched WHEN HARRY MET SALLY for movie night. This was never my favorite rom-com, for many picky reasons (I was a snob w\u2026"}, {"author_id": 1431338791650820099, "id": 1495036969557975042, "text": "RT @emilynussbaum: Watched WHEN HARRY MET SALLY for movie night. This was never my favorite rom-com, for many picky reasons (I was a snob w\u2026"}, {"author_id": 302209106, "id": 1495036012598374405, "text": "RT @emilynussbaum: Watched WHEN HARRY MET SALLY for movie night. This was never my favorite rom-com, for many picky reasons (I was a snob w\u2026"}, {"author_id": 1280298090898042881, "id": 1495035690622631939, "text": "@ThatEricAlper Midnight Run/Caddyshack/Annie Hall/Animal House/Spinal Tap/Bananas/Take the Money &amp; Run/Airplane/Nightshift/Beerfest/Stripes/Groundhog Day/Vacation/16 Candles/Raising Arizona/The Hangover/And all of the old Abbot &amp; Costello movies"}, {"author_id": 813305, "id": 1495032821609635846, "text": "@msloobylou Annie Hall again?"}, {"author_id": 33165188, "id": 1495031594104410117, "text": "@Cinefoxxid Annie Hall (?)"}, {"author_id": 27336010, "id": 1495031243687309312, "text": "@msloobylou I watched Annie Hall again the other night."}, {"author_id": 129462206, "id": 1495030652927840260, "text": "@HabisNontonFilm Annie Hall, Blue Valentine, Eternal Sunshine of the Spotless Mind."}, {"author_id": 776218904397873152, "id": 1495029344527396865, "text": "@emilynussbaum Oh man, I recently rewatched When Harry Met Sally and still adored it. Annie Hall used to be one of my favorite movies and now I just have revulsion for it."}, {"author_id": 130511939, "id": 1495024048715276289, "text": "RT @emilynussbaum: Watched WHEN HARRY MET SALLY for movie night. This was never my favorite rom-com, for many picky reasons (I was a snob w\u2026"}, {"author_id": 1400843572061118466, "id": 1495014813566652416, "text": "Gone With the Wind (1939), Mrs. Miniver (1942), Annie Hall (1977) and American Beauty (1999) were so close \u2013 each winning four of their \u201cBig Five\u201d nominations. https://t.co/yQLZuwGqLf"}, {"author_id": 1194929146218131459, "id": 1494992561081049088, "text": "@PaddyArsenal It\u2019s a shit confusing Nolan movie.\n\nRattled that it\u2019s in the IMDB top 100 tbqh.\n\nAnnie Hall goat"}, {"author_id": 463445165, "id": 1494988453607624705, "text": "RT @emilynussbaum: Watched WHEN HARRY MET SALLY for movie night. This was never my favorite rom-com, for many picky reasons (I was a snob w\u2026"}, {"author_id": 1453127405317595141, "id": 1494987556697501699, "text": "Annie Hall (1977) is reminiscent of maximalism, if you think about it frankly."}, {"author_id": 1068861414826229760, "id": 1494985409964781568, "text": "#Annie_Hall 1977 \ud83c\udfac\ntaking all things in a very (minded) way and forgeting about the emotional side that makes us humans, the fear of knowing new people, the power of closing all the doors around us and how this power could work against us ... an iconic main role ilove it. https://t.co/Wv3P2EJpAs"}, {"author_id": 932754146, "id": 1494973728345759747, "text": "RT @emilynussbaum: Watched WHEN HARRY MET SALLY for movie night. This was never my favorite rom-com, for many picky reasons (I was a snob w\u2026"}, {"author_id": 1494969738039939073, "id": 1494971812261756928, "text": "A society deadened by a smo\nhttps://t.co/JTlbG6HzSG\nI love 'Annie Hall,' but then I adore 'Hannah and He\nhttps://t.co/Sy2jy3F5wL https://t.co/8kSyVJXWAn"}, {"author_id": 33198437, "id": 1494939965112860675, "text": "RT @emilynussbaum: Watched WHEN HARRY MET SALLY for movie night. This was never my favorite rom-com, for many picky reasons (I was a snob w\u2026"}, {"author_id": 3020506841, "id": 1494928926694682626, "text": "RT @emilynussbaum: Watched WHEN HARRY MET SALLY for movie night. This was never my favorite rom-com, for many picky reasons (I was a snob w\u2026"}, {"author_id": 2780800284, "id": 1494928589380222977, "text": "RT @emilynussbaum: Watched WHEN HARRY MET SALLY for movie night. This was never my favorite rom-com, for many picky reasons (I was a snob w\u2026"}, {"author_id": 1065111087144624128, "id": 1494928368030007298, "text": "RT @emilynussbaum: Watched WHEN HARRY MET SALLY for movie night. This was never my favorite rom-com, for many picky reasons (I was a snob w\u2026"}, {"author_id": 572492507, "id": 1494927550795108352, "text": "@LingDeeYoh Apocalypse now, the conformist...annie hall...the bicycle thief"}, {"author_id": 375506758, "id": 1494926549912543233, "text": "RT @SignoraVanEssa: @Tvecinofavorito Annie Hall https://t.co/RdzLi16EEI"}, {"author_id": 375506758, "id": 1494926536545386496, "text": "RT @Quifergo: @Tvecinofavorito Annie Hall (Woody Allen, 1977) https://t.co/LtmABu4itt"}, {"author_id": 4582718055, "id": 1494923034565783553, "text": "@emilynussbaum \u2026I mean, it was kind of an Annie Hall ripoff though. More farce, less cynicism. No shade, I love \u2018em both, as complicated as that is now \ud83d\ude10"}, {"author_id": 961057050204737536, "id": 1494922536290762752, "text": "RT @emilynussbaum: Watched WHEN HARRY MET SALLY for movie night. This was never my favorite rom-com, for many picky reasons (I was a snob w\u2026"}, {"author_id": 135367813, "id": 1494920469656465411, "text": "RT @emilynussbaum: Watched WHEN HARRY MET SALLY for movie night. This was never my favorite rom-com, for many picky reasons (I was a snob w\u2026"}, {"author_id": 1403960772, "id": 1494914670704336897, "text": "What is so fascinating about sitting around watching a bunch of pituitary cases stuff a ball through a hoop? ~Woody Allen, Annie Hall"}, {"author_id": 3021617631, "id": 1494911472366989314, "text": "RT @emilynussbaum: Watched WHEN HARRY MET SALLY for movie night. This was never my favorite rom-com, for many picky reasons (I was a snob w\u2026"}, {"author_id": 1096845196241879041, "id": 1494903425460359168, "text": "@emilynussbaum I've never met someone who wasn't a huge fan! I was amused by Annie Hall, but didn't really care all that much what happened to the characters. The end of \"When Harry...\" I was so engrossed I had a big goofy smile on my face and tears in my eyes. The platonic ideal of a rom com."}, {"author_id": 332063391, "id": 1494901933378834432, "text": "RT @emilynussbaum: Watched WHEN HARRY MET SALLY for movie night. This was never my favorite rom-com, for many picky reasons (I was a snob w\u2026"}, {"author_id": 91384012, "id": 1494901789350674435, "text": "@colocha_rachel Annie Hall. (My parents took 3 year old me with them to see it; I had nightmares about the lobsters). Also, The Day After. I was terrified of nuclear war."}, {"author_id": 4858827316, "id": 1494901650976292865, "text": "@JohnFugelsang I still admire Allen's movies. Though certainly not the man. I was shocked years ago in Annie Hall when he showed a frame of an awkward grade school female and proclaimed \"I'm into leather.\" I was old enough to get it and young enough to be alarmed."}]