[{"author_id": 1088085983357296640, "id": 1495294323176398849, "text": "RT @NOFSpodcast: Sam Raimi\u2019s ARMY OF DARKNESS was first released #onthisday in 1993! https://t.co/A33UQJebc0"}, {"author_id": 393804659, "id": 1495293904869990401, "text": "RT @NOFSpodcast: Sam Raimi\u2019s ARMY OF DARKNESS was first released #onthisday in 1993! https://t.co/A33UQJebc0"}, {"author_id": 1556478277, "id": 1495293229113044997, "text": "RT @ImDanaDeLorenzo: Happy Anniversary to my favorite in the Evil Dead franchise, Army of Darkness!  @GroovyBruce still slaying deadites an\u2026"}, {"author_id": 322735459, "id": 1495292348271448064, "text": "RT @thenecronomi: #horror #movies #podcast\n\nThe Fly https://t.co/0vFQFJhQWP\n\nArmy of Darkness https://t.co/pqvGHppidy\n\nForever Purge https:\u2026"}, {"author_id": 15250927, "id": 1495292076249935872, "text": "RT @HalloweeniesPod: \"Hail to the king, baby.\" Sam Raimi's ARMY OF DARKNESS hit theaters on this day in 1993. We'll saw into the groovy seq\u2026"}, {"author_id": 35142229, "id": 1495291808657645569, "text": "RT @1carolinagirl: Army of Darkness was released 29 years ago today \nFebruary 19th 1993\ud83d\udc80\ud83c\udfac\ud83d\udd25\ud83d\udde1 https://t.co/m5OkDE4g5l"}, {"author_id": 1301365140713996288, "id": 1495291534316818433, "text": "@Eangel4285 I took a date once to see Army of Darkness. She loved it."}, {"author_id": 1186428269702340608, "id": 1495291450942267395, "text": "RT @bj_slive: The greatest shot in Army of Darkness. Bruce Campbell walks through the frame as some guy off camera throws fake skeletons at\u2026"}, {"author_id": 4791637074, "id": 1495290267628601345, "text": "RT @Horror31: Army of Darkness, directed by Sam Raimi and starring Bruce Campbell, Embeth Davidtz, Marcus Gilbert, Ian Abercrombie, Richard\u2026"}, {"author_id": 3340077313, "id": 1495289187565588480, "text": "RT @NOFSpodcast: Sam Raimi\u2019s ARMY OF DARKNESS was first released #onthisday in 1993! https://t.co/A33UQJebc0"}, {"author_id": 4922657174, "id": 1495287774399787015, "text": "RT @NOFSpodcast: Sam Raimi\u2019s ARMY OF DARKNESS was first released #onthisday in 1993! https://t.co/A33UQJebc0"}, {"author_id": 1279263078190682112, "id": 1495286919273406465, "text": "RT @bj_slive: The greatest shot in Army of Darkness. Bruce Campbell walks through the frame as some guy off camera throws fake skeletons at\u2026"}, {"author_id": 95256698, "id": 1495286576963801089, "text": "RT @ImDanaDeLorenzo: Happy Anniversary to my favorite in the Evil Dead franchise, Army of Darkness!  @GroovyBruce still slaying deadites an\u2026"}, {"author_id": 2778229037, "id": 1495286302564040704, "text": "RT @Horror31: Army of Darkness, directed by Sam Raimi and starring Bruce Campbell, Embeth Davidtz, Marcus Gilbert, Ian Abercrombie, Richard\u2026"}, {"author_id": 1484227914979700736, "id": 1495285707547373572, "text": "RT @ImDanaDeLorenzo: Happy Anniversary to my favorite in the Evil Dead franchise, Army of Darkness!  @GroovyBruce still slaying deadites an\u2026"}, {"author_id": 1108549454708264961, "id": 1495285424172019713, "text": "RT @RueMorgue: \u201c1 man, 1 million dead, the odds are just about even.\u201d\nToday in horror history: Sam Raimi\u2019s ARMY OF DARKNESS premiered in 19\u2026"}, {"author_id": 14414720, "id": 1495283210036527104, "text": "RT @bj_slive: The greatest shot in Army of Darkness. Bruce Campbell walks through the frame as some guy off camera throws fake skeletons at\u2026"}, {"author_id": 6995532, "id": 1495282564105486336, "text": "RT @HalloweeniesPod: \"Hail to the king, baby.\" Sam Raimi's ARMY OF DARKNESS hit theaters on this day in 1993. We'll saw into the groovy seq\u2026"}, {"author_id": 160142060, "id": 1495282125905416193, "text": "RT @NOFSpodcast: Sam Raimi\u2019s ARMY OF DARKNESS was first released #onthisday in 1993! https://t.co/A33UQJebc0"}, {"author_id": 2275397365, "id": 1495280804619948037, "text": "RT @NOFSpodcast: Sam Raimi\u2019s ARMY OF DARKNESS was first released #onthisday in 1993! https://t.co/A33UQJebc0"}, {"author_id": 239491113, "id": 1495280044633206786, "text": "RT @NOFSpodcast: Sam Raimi\u2019s ARMY OF DARKNESS was first released #onthisday in 1993! https://t.co/A33UQJebc0"}, {"author_id": 85695026, "id": 1495279520395317252, "text": "I LOVED The Army of Darkness when I first saw it in high school, and then a few years later I saw The Evil Dead and Evil Dead 2 and they were WAY better. Love this movie SO MUCH. https://t.co/gYk7SEir0N"}, {"author_id": 767929563359739904, "id": 1495278065974267904, "text": "RT @bj_slive: The greatest shot in Army of Darkness. Bruce Campbell walks through the frame as some guy off camera throws fake skeletons at\u2026"}, {"author_id": 74602383, "id": 1495277854350876677, "text": "RT @NOFSpodcast: Sam Raimi\u2019s ARMY OF DARKNESS was first released #onthisday in 1993! https://t.co/A33UQJebc0"}, {"author_id": 806020337813114880, "id": 1495277774096896001, "text": "RT @NOFSpodcast: Sam Raimi\u2019s ARMY OF DARKNESS was first released #onthisday in 1993! https://t.co/A33UQJebc0"}, {"author_id": 94890696, "id": 1495276954081234951, "text": "RT @NOFSpodcast: Sam Raimi\u2019s ARMY OF DARKNESS was first released #onthisday in 1993! https://t.co/A33UQJebc0"}, {"author_id": 3119391910, "id": 1495276615726686220, "text": "RT @bj_slive: The greatest shot in Army of Darkness. Bruce Campbell walks through the frame as some guy off camera throws fake skeletons at\u2026"}, {"author_id": 329382981, "id": 1495275508170477568, "text": "RT @bj_slive: The greatest shot in Army of Darkness. Bruce Campbell walks through the frame as some guy off camera throws fake skeletons at\u2026"}, {"author_id": 705616703246368769, "id": 1495274859324063746, "text": "RT @bj_slive: The greatest shot in Army of Darkness. Bruce Campbell walks through the frame as some guy off camera throws fake skeletons at\u2026"}, {"author_id": 1263101410079641600, "id": 1495274705875394561, "text": "RT @RueMorgue: \u201c1 man, 1 million dead, the odds are just about even.\u201d\nToday in horror history: Sam Raimi\u2019s ARMY OF DARKNESS premiered in 19\u2026"}, {"author_id": 250462251, "id": 1495274555782352900, "text": "RT @NOFSpodcast: Sam Raimi\u2019s ARMY OF DARKNESS was first released #onthisday in 1993! https://t.co/A33UQJebc0"}, {"author_id": 250462251, "id": 1495274419945717762, "text": "RT @RueMorgue: \u201c1 man, 1 million dead, the odds are just about even.\u201d\nToday in horror history: Sam Raimi\u2019s ARMY OF DARKNESS premiered in 19\u2026"}, {"author_id": 1070012776926588928, "id": 1495274269936439296, "text": "RT @bj_slive: The greatest shot in Army of Darkness. Bruce Campbell walks through the frame as some guy off camera throws fake skeletons at\u2026"}, {"author_id": 1210236353201364992, "id": 1495273830209576962, "text": "RT @thenecronomi: #horror #movies #podcast\n\nThe Fly https://t.co/0vFQFJhQWP\n\nArmy of Darkness https://t.co/pqvGHppidy\n\nForever Purge https:\u2026"}, {"author_id": 322015551, "id": 1495273554165657600, "text": "RT @NOFSpodcast: Sam Raimi\u2019s ARMY OF DARKNESS was first released #onthisday in 1993! https://t.co/A33UQJebc0"}, {"author_id": 803069588355354624, "id": 1495273538454003714, "text": "RT @bj_slive: The greatest shot in Army of Darkness. Bruce Campbell walks through the frame as some guy off camera throws fake skeletons at\u2026"}, {"author_id": 1274505658621136899, "id": 1495273496078954498, "text": "RT @ImDanaDeLorenzo: Happy Anniversary to my favorite in the Evil Dead franchise, Army of Darkness!  @GroovyBruce still slaying deadites an\u2026"}, {"author_id": 39439838, "id": 1495273377921060872, "text": "RT @bj_slive: The greatest shot in Army of Darkness. Bruce Campbell walks through the frame as some guy off camera throws fake skeletons at\u2026"}, {"author_id": 269001395, "id": 1495273239530065920, "text": "RT @QueenHalloweenW: Army of Darkness was released on this day in 1993. #Groovy #horror #comedy https://t.co/neBfaA33iq"}, {"author_id": 1269846581236445184, "id": 1495272867017244673, "text": "RT @bj_slive: The greatest shot in Army of Darkness. Bruce Campbell walks through the frame as some guy off camera throws fake skeletons at\u2026"}, {"author_id": 364072617, "id": 1495272830090498050, "text": "RT @bj_slive: The greatest shot in Army of Darkness. Bruce Campbell walks through the frame as some guy off camera throws fake skeletons at\u2026"}, {"author_id": 1283873075801407488, "id": 1495272695377936385, "text": "RT @NOFSpodcast: Sam Raimi\u2019s ARMY OF DARKNESS was first released #onthisday in 1993! https://t.co/A33UQJebc0"}, {"author_id": 2389808599, "id": 1495272677103316993, "text": "RT @bj_slive: The greatest shot in Army of Darkness. Bruce Campbell walks through the frame as some guy off camera throws fake skeletons at\u2026"}, {"author_id": 250462251, "id": 1495272588666359809, "text": "RT @EvilDeadTheGame: COME GET SOME\n\nEvil Dead: The Game is now available to pre-order \n\nReserve your copy now and get two bonus Ash William\u2026"}, {"author_id": 250462251, "id": 1495272209610428420, "text": "RT @ImDanaDeLorenzo: Happy Anniversary to my favorite in the Evil Dead franchise, Army of Darkness!  @GroovyBruce still slaying deadites an\u2026"}, {"author_id": 988652126900445184, "id": 1495271942617763843, "text": "RT @bj_slive: The greatest shot in Army of Darkness. Bruce Campbell walks through the frame as some guy off camera throws fake skeletons at\u2026"}, {"author_id": 475076272, "id": 1495271899110293506, "text": "RT @ImDanaDeLorenzo: Happy Anniversary to my favorite in the Evil Dead franchise, Army of Darkness!  @GroovyBruce still slaying deadites an\u2026"}, {"author_id": 465795863, "id": 1495271876574138373, "text": "Army of Darkness is the pinnacle of movies https://t.co/KGoTzS1ZFm"}, {"author_id": 1491252906800132104, "id": 1495271858173796354, "text": "RT @ImDanaDeLorenzo: Happy Anniversary to my favorite in the Evil Dead franchise, Army of Darkness!  @GroovyBruce still slaying deadites an\u2026"}, {"author_id": 465795863, "id": 1495271811084271621, "text": "RT @bj_slive: The greatest shot in Army of Darkness. Bruce Campbell walks through the frame as some guy off camera throws fake skeletons at\u2026"}, {"author_id": 976043138438647809, "id": 1495271685263708162, "text": "RT @ImDanaDeLorenzo: Happy Anniversary to my favorite in the Evil Dead franchise, Army of Darkness!  @GroovyBruce still slaying deadites an\u2026"}, {"author_id": 977111024, "id": 1495271624005730306, "text": "RT @bj_slive: The greatest shot in Army of Darkness. Bruce Campbell walks through the frame as some guy off camera throws fake skeletons at\u2026"}, {"author_id": 331290190, "id": 1495271535493345284, "text": "RT @bj_slive: The greatest shot in Army of Darkness. Bruce Campbell walks through the frame as some guy off camera throws fake skeletons at\u2026"}, {"author_id": 1121995420715106309, "id": 1495271113789788160, "text": "RT @QueenHalloweenW: Army of Darkness was released on this day in 1993. #Groovy #horror #comedy https://t.co/neBfaA33iq"}, {"author_id": 31944352, "id": 1495270534161960961, "text": "RT @QueenHalloweenW: Army of Darkness was released on this day in 1993. #Groovy #horror #comedy https://t.co/neBfaA33iq"}, {"author_id": 263075935, "id": 1495270220927283203, "text": "Happy anniversary #EvilDead Army of Darkness \ud83d\udc4c https://t.co/DYfvlUup2r"}, {"author_id": 944626657180180480, "id": 1495270017679638530, "text": "RT @QueenHalloweenW: Army of Darkness was released on this day in 1993. #Groovy #horror #comedy https://t.co/neBfaA33iq"}, {"author_id": 1340508021365981184, "id": 1495269767946506240, "text": "RT @NOFSpodcast: Sam Raimi\u2019s ARMY OF DARKNESS was first released #onthisday in 1993! https://t.co/A33UQJebc0"}, {"author_id": 1380312120986902530, "id": 1495269752373137408, "text": "Yes, Army of Darkness is ANOTHER REMAKE, both films are REMAKES.\n\nThe beginnings of each are NOT recaps, recaps use footage already seen, not RESHOOTS, I repeat: are NOT recaps, are RESHOOTS, so both films are COMPLETE REMAKES.\n\n#EvilDead #HorrorFam https://t.co/tVDG7eVqOB"}, {"author_id": 153023480, "id": 1495269315356119042, "text": "RT @Y2John84: \ud83c\udf86 Army of Darkness released in the US on this day 19 Feb 1993. https://t.co/EcVPqeYrPc"}, {"author_id": 1299469080244695046, "id": 1495267875325722626, "text": "RT @NOFSpodcast: Sam Raimi\u2019s ARMY OF DARKNESS was first released #onthisday in 1993! https://t.co/A33UQJebc0"}, {"author_id": 944865727, "id": 1495267701069168640, "text": "RT @QueenHalloweenW: Army of Darkness was released on this day in 1993. #Groovy #horror #comedy https://t.co/neBfaA33iq"}, {"author_id": 1445163235020263428, "id": 1495266923529084929, "text": "It's the 29th anniversary of Army of Darkness. https://t.co/MddfYnOUVT"}, {"author_id": 1087501394578292737, "id": 1495266715218767873, "text": "RT @ImDanaDeLorenzo: Happy Anniversary to my favorite in the Evil Dead franchise, Army of Darkness!  @GroovyBruce still slaying deadites an\u2026"}, {"author_id": 751893214676660224, "id": 1495266598478823426, "text": "RT @ImDanaDeLorenzo: Happy Anniversary to my favorite in the Evil Dead franchise, Army of Darkness!  @GroovyBruce still slaying deadites an\u2026"}, {"author_id": 35904233, "id": 1495265462292201473, "text": "RT @EvilDeadTheGame: COME GET SOME\n\nEvil Dead: The Game is now available to pre-order \n\nReserve your copy now and get two bonus Ash William\u2026"}, {"author_id": 3307462217, "id": 1495265208901771267, "text": "RT @ImDanaDeLorenzo: Happy Anniversary to my favorite in the Evil Dead franchise, Army of Darkness!  @GroovyBruce still slaying deadites an\u2026"}, {"author_id": 18269776, "id": 1495264307923206144, "text": "RT @ImDanaDeLorenzo: Happy Anniversary to my favorite in the Evil Dead franchise, Army of Darkness!  @GroovyBruce still slaying deadites an\u2026"}, {"author_id": 2779891805, "id": 1495263901302370310, "text": "RT @TheCinesthetic: Army of Darkness (1992) dir. Sam Raimi https://t.co/nYazMn4CPa"}, {"author_id": 1468019593, "id": 1495263825523789828, "text": "RT @QueenHalloweenW: Army of Darkness was released on this day in 1993. #Groovy #horror #comedy https://t.co/neBfaA33iq"}, {"author_id": 56267926, "id": 1495263806271991810, "text": "RT @NOFSpodcast: Sam Raimi\u2019s ARMY OF DARKNESS was first released #onthisday in 1993! https://t.co/A33UQJebc0"}, {"author_id": 1468019593, "id": 1495263776421163010, "text": "RT @ImDanaDeLorenzo: Happy Anniversary to my favorite in the Evil Dead franchise, Army of Darkness!  @GroovyBruce still slaying deadites an\u2026"}, {"author_id": 1468019593, "id": 1495263753591476226, "text": "RT @BatQuinn5801: Happy 29th anniversary to Army of Darkness, the third film in the Evil Dead trilogy. https://t.co/ImKlpAkByc"}, {"author_id": 916991234, "id": 1495262853779103750, "text": "RT @1carolinagirl: Army of Darkness was released 29 years ago today \nFebruary 19th 1993\ud83d\udc80\ud83c\udfac\ud83d\udd25\ud83d\udde1 https://t.co/m5OkDE4g5l"}, {"author_id": 2646610250, "id": 1495261497135611907, "text": "RT @1carolinagirl: Army of Darkness was released 29 years ago today \nFebruary 19th 1993\ud83d\udc80\ud83c\udfac\ud83d\udd25\ud83d\udde1 https://t.co/m5OkDE4g5l"}, {"author_id": 778674388119986177, "id": 1495261369901404164, "text": "RT @ImDanaDeLorenzo: Happy Anniversary to my favorite in the Evil Dead franchise, Army of Darkness!  @GroovyBruce still slaying deadites an\u2026"}, {"author_id": 1161831465044402178, "id": 1495261154670751744, "text": "RT @BatQuinn5801: Happy 29th anniversary to Army of Darkness, the third film in the Evil Dead trilogy. https://t.co/ImKlpAkByc"}, {"author_id": 1288556640887885834, "id": 1495260971614576643, "text": "RT @BatQuinn5801: Happy 29th anniversary to Army of Darkness, the third film in the Evil Dead trilogy. https://t.co/ImKlpAkByc"}, {"author_id": 1488411756, "id": 1495260471569510402, "text": "Army of Darkness is a huge hit over here. https://t.co/te87E4nqev"}, {"author_id": 1268435483551358981, "id": 1495259924347056130, "text": "RT @BatQuinn5801: Happy 29th anniversary to Army of Darkness, the third film in the Evil Dead trilogy. https://t.co/ImKlpAkByc"}, {"author_id": 48770498, "id": 1495259662970593281, "text": "RT @BatQuinn5801: Happy 29th anniversary to Army of Darkness, the third film in the Evil Dead trilogy. https://t.co/ImKlpAkByc"}, {"author_id": 2661234307, "id": 1495259620582969346, "text": "RT @BatQuinn5801: Happy 29th anniversary to Army of Darkness, the third film in the Evil Dead trilogy. https://t.co/ImKlpAkByc"}, {"author_id": 843995985038647296, "id": 1495259537833484290, "text": "RT @QueenHalloweenW: Army of Darkness was released on this day in 1993. #Groovy #horror #comedy https://t.co/neBfaA33iq"}, {"author_id": 1471634299359272960, "id": 1495259503775920130, "text": "RT @1carolinagirl: Army of Darkness was released 29 years ago today \nFebruary 19th 1993\ud83d\udc80\ud83c\udfac\ud83d\udd25\ud83d\udde1 https://t.co/m5OkDE4g5l"}, {"author_id": 1424911354381668354, "id": 1495259327904555010, "text": "RT @ImDanaDeLorenzo: Happy Anniversary to my favorite in the Evil Dead franchise, Army of Darkness!  @GroovyBruce still slaying deadites an\u2026"}, {"author_id": 3112035244, "id": 1495259251144642560, "text": "RT @1carolinagirl: Army of Darkness was released 29 years ago today \nFebruary 19th 1993\ud83d\udc80\ud83c\udfac\ud83d\udd25\ud83d\udde1 https://t.co/m5OkDE4g5l"}, {"author_id": 1160839707833462785, "id": 1495258767453491206, "text": "RT @EB_Studios42: @andkaylea Man, is it too much to ask for @GroovyBruce's cameo to just be Ash in the Marvel universe? I mean, it happened\u2026"}, {"author_id": 1393391464177041412, "id": 1495258513034997760, "text": "RT @BatQuinn5801: Happy 29th anniversary to Army of Darkness, the third film in the Evil Dead trilogy. https://t.co/ImKlpAkByc"}, {"author_id": 767912717659303936, "id": 1495257866697117696, "text": "RT @NOFSpodcast: Sam Raimi\u2019s ARMY OF DARKNESS was first released #onthisday in 1993! https://t.co/A33UQJebc0"}, {"author_id": 1479261938446213123, "id": 1495257816583528454, "text": "RT @israel1102: Love and prayers to her family.Another beautiful angel will join the army of God against evil.The Lord our shepherd will le\u2026"}, {"author_id": 1494836195867561985, "id": 1495257689231818755, "text": "RT @ImDanaDeLorenzo: Happy Anniversary to my favorite in the Evil Dead franchise, Army of Darkness!  @GroovyBruce still slaying deadites an\u2026"}, {"author_id": 1370151816680333315, "id": 1495256320630476806, "text": "@flawdNbrokn Shit, I was over here talking into it to say stuff like... Army of Darkness is \ud83d\udd25 https://t.co/MKF6zjATkp"}, {"author_id": 902241372064899072, "id": 1495255129565671427, "text": "RT @RueMorgue: \u201c1 man, 1 million dead, the odds are just about even.\u201d\nToday in horror history: Sam Raimi\u2019s ARMY OF DARKNESS premiered in 19\u2026"}, {"author_id": 2459822077, "id": 1495254318295154691, "text": "RT @TheKazooHero: Army of Darkness (1992)\nItalian Poster \ud83c\uddee\ud83c\uddf9 \nArtwork by Enzo Sciotti. https://t.co/JN65CG6PCO"}, {"author_id": 251904810, "id": 1495254181464182786, "text": "RT @NOFSpodcast: Sam Raimi\u2019s ARMY OF DARKNESS was first released #onthisday in 1993! https://t.co/A33UQJebc0"}, {"author_id": 410863027, "id": 1495254040044838914, "text": "RT @ImDanaDeLorenzo: Happy Anniversary to my favorite in the Evil Dead franchise, Army of Darkness!  @GroovyBruce still slaying deadites an\u2026"}]