[{"author_id": 1287445999, "id": 1495281947374931969, "text": "@IsuForge @Ubisoft @UbisoftDE @Assassins_GSA @assassinscreed Kassandra all the way, I mean odyssey!"}, {"author_id": 1329763845586513921, "id": 1495281888222658564, "text": "Now playing on Krafty Radio: Sail Away (Styles &amp; Breeze Remix) by Dance Assassins #NowPlaying https://t.co/9NaIMbIqYp"}, {"author_id": 1002763677341106176, "id": 1495281769087893504, "text": "RT @arumuga27: Lavanya was a warrior. She was fighting against the powerful, forceful conversion Mafia. Unfortunately we lost her. But inst\u2026"}, {"author_id": 1369454660583645191, "id": 1495281484462272514, "text": "@you_were_my_bro @FlukePerfect @Ashleyscowcroft @KnightHawk882 @assassinscreed Still, there are assassins and they iniciate Eivor. It's an Assassin's game."}, {"author_id": 1490708568873570305, "id": 1495281441839751168, "text": "@ACSpideyRP What was it with Assassins and too many words? Most of it flew over Link's head and he didn't really want to understand. Not picking a fight. Good. \n\n\"So, you can climb. Also when it rains?\"\n\nRain made him mad. He had slipped from wet rocks more than once."}, {"author_id": 759097651488968705, "id": 1495281410759794688, "text": "@fuforthoughtpod Did you like Wu Assassins?"}, {"author_id": 14873611, "id": 1495281377897377793, "text": "I'm playing Assassins Creed Valhalla and I'm trying to figure out which castle is Swamp Castle from Monty Python and the Holy Grail."}, {"author_id": 2312164194, "id": 1495281375359950859, "text": "RT @itisatp: Lavanya was a warrior. She was fighting against the powerful, forceful conversion Mafia. Unfortunately we lost her. But instea\u2026"}, {"author_id": 763213059280269312, "id": 1495281286004588547, "text": "RT @HateRebound_: Chill Assassins Creed Session, trying to do the kassandra crossover https://t.co/TEXa7lw7ae"}, {"author_id": 1489326150358736897, "id": 1495281250638000128, "text": "The whole point of this was to hire the daughter of two US Government Assassins to freaking do an Eagle Eye."}, {"author_id": 1481876499905011714, "id": 1495281104894447622, "text": "RT @thechadx2: who was going to tell me goats can climb like they\u2019re in an assassins creed game?? https://t.co/GFYQoDsms0"}, {"author_id": 1448146493882322944, "id": 1495281095687868416, "text": "RT @swans_writes: the arms of the ocean \n\n\ud83c\udf0a renyang\n\ud83c\udf0a 21k, explicit \ud83d\udd1e\n\ud83c\udf0a soulmates, assassins, falling in love, yearning, angst, some violen\u2026"}, {"author_id": 1386968322, "id": 1495280990159208450, "text": "RT @itisatp: Lavanya was a warrior. She was fighting against the powerful, forceful conversion Mafia. Unfortunately we lost her. But instea\u2026"}, {"author_id": 1491123645087117313, "id": 1495280935658418177, "text": "RT @arumuga27: Lavanya was a warrior. She was fighting against the powerful, forceful conversion Mafia. Unfortunately we lost her. But inst\u2026"}, {"author_id": 840071324, "id": 1495280475270750210, "text": "@IsuForge @Ubisoft @UbisoftDE @Assassins_GSA @assassinscreed Team origins"}, {"author_id": 329791742, "id": 1495280360191664128, "text": "@IsuForge @Ubisoft @UbisoftDE @Assassins_GSA @assassinscreed Odyssey, all the way"}, {"author_id": 1456277277222785025, "id": 1495280017764454402, "text": "RT @mechashock: Feeling so grateful for @harukaronin community\n\nLet's do 5 WL giveaway \n1. follow @harukaronin &amp; @mechashock  \n2. like &amp; RT\u2026"}, {"author_id": 167585278, "id": 1495279991319408646, "text": "RT @mechashock: Feeling so grateful for @harukaronin community\n\nLet's do 5 WL giveaway \n1. follow @harukaronin &amp; @mechashock  \n2. like &amp; RT\u2026"}, {"author_id": 775403546, "id": 1495279893705543683, "text": "RT @itisatp: Lavanya was a warrior. She was fighting against the powerful, forceful conversion Mafia. Unfortunately we lost her. But instea\u2026"}, {"author_id": 176595903, "id": 1495279829154992128, "text": "RT @mechashock: Feeling so grateful for @harukaronin community\n\nLet's do 5 WL giveaway \n1. follow @harukaronin &amp; @mechashock  \n2. like &amp; RT\u2026"}, {"author_id": 132789048, "id": 1495279771189657603, "text": "RT @mechashock: Feeling so grateful for @harukaronin community\n\nLet's do 5 WL giveaway \n1. follow @harukaronin &amp; @mechashock  \n2. like &amp; RT\u2026"}, {"author_id": 132859939, "id": 1495279770069831680, "text": "RT @mechashock: Feeling so grateful for @harukaronin community\n\nLet's do 5 WL giveaway \n1. follow @harukaronin &amp; @mechashock  \n2. like &amp; RT\u2026"}, {"author_id": 2613819624, "id": 1495279748750405636, "text": "Lavanya was a warrior. She was fighting against the powerful, forceful conversion Mafia. Unfortunately we lost her. But instead of staying her side, TN Govt is sheltering the assassins. This is complete disgraceful for the people of TN.\n\n#AntiStudentsDMK\n#JusticeForLavanya https://t.co/CU7ryIHxpP"}, {"author_id": 168314412, "id": 1495279736033009664, "text": "RT @mechashock: Feeling so grateful for @harukaronin community\n\nLet's do 5 WL giveaway \n1. follow @harukaronin &amp; @mechashock  \n2. like &amp; RT\u2026"}, {"author_id": 132840341, "id": 1495279714994470913, "text": "RT @mechashock: Feeling so grateful for @harukaronin community\n\nLet's do 5 WL giveaway \n1. follow @harukaronin &amp; @mechashock  \n2. like &amp; RT\u2026"}, {"author_id": 176420942, "id": 1495279698322018307, "text": "RT @mechashock: Feeling so grateful for @harukaronin community\n\nLet's do 5 WL giveaway \n1. follow @harukaronin &amp; @mechashock  \n2. like &amp; RT\u2026"}, {"author_id": 167977854, "id": 1495279693695700996, "text": "RT @mechashock: Feeling so grateful for @harukaronin community\n\nLet's do 5 WL giveaway \n1. follow @harukaronin &amp; @mechashock  \n2. like &amp; RT\u2026"}, {"author_id": 132829472, "id": 1495279690638102529, "text": "RT @mechashock: Feeling so grateful for @harukaronin community\n\nLet's do 5 WL giveaway \n1. follow @harukaronin &amp; @mechashock  \n2. like &amp; RT\u2026"}, {"author_id": 168156800, "id": 1495279688943648773, "text": "RT @mechashock: Feeling so grateful for @harukaronin community\n\nLet's do 5 WL giveaway \n1. follow @harukaronin &amp; @mechashock  \n2. like &amp; RT\u2026"}, {"author_id": 168182946, "id": 1495279687219793925, "text": "RT @mechashock: Feeling so grateful for @harukaronin community\n\nLet's do 5 WL giveaway \n1. follow @harukaronin &amp; @mechashock  \n2. like &amp; RT\u2026"}, {"author_id": 132478482, "id": 1495279686695497731, "text": "RT @mechashock: Feeling so grateful for @harukaronin community\n\nLet's do 5 WL giveaway \n1. follow @harukaronin &amp; @mechashock  \n2. like &amp; RT\u2026"}, {"author_id": 494325084, "id": 1495279674703892480, "text": "RT @mechashock: Feeling so grateful for @harukaronin community\n\nLet's do 5 WL giveaway \n1. follow @harukaronin &amp; @mechashock  \n2. like &amp; RT\u2026"}, {"author_id": 176429843, "id": 1495279672162234371, "text": "RT @mechashock: Feeling so grateful for @harukaronin community\n\nLet's do 5 WL giveaway \n1. follow @harukaronin &amp; @mechashock  \n2. like &amp; RT\u2026"}, {"author_id": 132336722, "id": 1495279653757628417, "text": "RT @mechashock: Feeling so grateful for @harukaronin community\n\nLet's do 5 WL giveaway \n1. follow @harukaronin &amp; @mechashock  \n2. like &amp; RT\u2026"}, {"author_id": 1000812679345397760, "id": 1495279593036599297, "text": "RT @caroIline0031: \"Robert Maxwell fut introduit en France par Stoleru, Lang et Attali\", nous apprend @faitsetdocs .\nhttps://t.co/asEXJHyqd\u2026"}, {"author_id": 1158489007, "id": 1495279486748741632, "text": "I feel bad for these kids. They\u2019re tasked with not only learning what the other kids are learning, dealing with the trials and tribulations of adolescence, and being assassins tasked with a big job. #AssassinationClassroom"}, {"author_id": 1076627324815040512, "id": 1495279486165610496, "text": "I\u2019m a supporter of assassins building mortal"}, {"author_id": 1381398183633358848, "id": 1495279212239929344, "text": "RT @flackowildvids: Man shoots back at the assassins while his guest sits and eats ice cream\n\nThoughts \ud83d\udcad? https://t.co/SolQL4JTGq"}, {"author_id": 927532124936253440, "id": 1495279171886632960, "text": "why are League of Assassins ninjas so damn pathetic?"}, {"author_id": 918786123245039616, "id": 1495279164617728000, "text": "RT @itisatp: Lavanya was a warrior. She was fighting against the powerful, forceful conversion Mafia. Unfortunately we lost her. But instea\u2026"}, {"author_id": 1282321240196292614, "id": 1495279023198556161, "text": "And she moves her other hand up...\n\nThis is beginning to look like something out of a cartoon with these two White-haired Assassins. https://t.co/BugIDKBKdL"}, {"author_id": 588192542, "id": 1495279008275378177, "text": "RT @itisatp: Lavanya was a warrior. She was fighting against the powerful, forceful conversion Mafia. Unfortunately we lost her. But instea\u2026"}, {"author_id": 160360098, "id": 1495278818575200257, "text": "Chill Assassins Creed Session, trying to do the kassandra crossover https://t.co/TEXa7lw7ae"}, {"author_id": 778577185552666624, "id": 1495278795020201984, "text": "date sexy italian assassins dot com"}, {"author_id": 1494857018682880000, "id": 1495278546222211077, "text": "RT @mechashock: Feeling so grateful for @harukaronin community\n\nLet's do 5 WL giveaway \n1. follow @harukaronin &amp; @mechashock  \n2. like &amp; RT\u2026"}, {"author_id": 1212057166749659138, "id": 1495278444976156675, "text": "RT @swans_writes: the arms of the ocean \n\n\ud83c\udf0a renyang\n\ud83c\udf0a 21k, explicit \ud83d\udd1e\n\ud83c\udf0a soulmates, assassins, falling in love, yearning, angst, some violen\u2026"}, {"author_id": 712701433263603714, "id": 1495278241850048513, "text": "@cell_0801 One of those isn\u2019t even Talia. Isn\u2019t the left one Katrina Law? Lol. \n\nAlso, all the League of Assassins stuff in arrow can bite my ass."}, {"author_id": 1447877070588157961, "id": 1495278171058487296, "text": "[$11.99]\nFunko POP! Games: Assassin's Creed Valhalla Eivor with Doubl\n#funkoPOP #gamestopExclusive\nSource: Gamestop Search\nReason: Available\n\n01:04:00.0300 AM EST #Ad\n\nhttps://t.co/vU2yEDXQGi"}, {"author_id": 1454745984236326917, "id": 1495277603070132225, "text": "RT @RSchneider333: PROOF: U.S. Lasers Burn Australians Alive, NSA Sonic Wave Assassins, Embalmed Death Conspiracy https://t.co/ScyGjwu0dT v\u2026"}, {"author_id": 1119627164482191360, "id": 1495277382705590274, "text": "Royal Assassin #mtg\n\nTrained in the arts of stealth, royal assassins choose their victims carefully, relying on timing and precision rather than brute force.\n\nArtist: Mark Zug https://t.co/NJIxosca1p"}, {"author_id": 478748777, "id": 1495277285607362562, "text": "RT @caroIline0031: \"Robert Maxwell fut introduit en France par Stoleru, Lang et Attali\", nous apprend @faitsetdocs .\nhttps://t.co/asEXJHyqd\u2026"}, {"author_id": 972695822344359937, "id": 1495277281991966721, "text": "@ekere26 @iamkingmonye Lol \ud83d\ude02 well I enjoyed the actions and that\u2019s why i watched it, but the story line no clear \ud83d\ude06\ud83d\ude06 probably gonna watch Wu Assassins to understand better"}, {"author_id": 1176911476356866048, "id": 1495277188865617920, "text": "RT @artvinsky: \ud83e\udd20\ud83d\udd2aYeehaw au pt 2: a squad of outlaws and assassins \ud83d\udd2a\ud83e\udd20 again coloured by my fantastic wife @ErinMWinn #JoJosBizarreAdventure\u2026"}, {"author_id": 1492442408990085121, "id": 1495276967662264324, "text": "RT @swans_writes: the arms of the ocean \n\n\ud83c\udf0a renyang\n\ud83c\udf0a 21k, explicit \ud83d\udd1e\n\ud83c\udf0a soulmates, assassins, falling in love, yearning, angst, some violen\u2026"}, {"author_id": 1207052500110626816, "id": 1495276886171303938, "text": "RT @xupeng92333: Magic Assassins \nBut I really can't think of how the other assassins should draw it.\ud83d\ude22\n#sbr #\u4e03\u90e8\u523a\u5ba2 https://t.co/ctXUrFMSHY"}, {"author_id": 1094259725405949953, "id": 1495276616129335297, "text": "@TheCnsrCrusader Assassins Creed got real weird as the games kept coming out though"}, {"author_id": 1309961687093698560, "id": 1495276612979466240, "text": "Now playing on Bounce Nation Radio: It's Not Right(Bounce Assassins Remix) by Whitney Houston v Bounce Assassins #NowPlaying https://t.co/BjiOnO00m2"}, {"author_id": 3467579176, "id": 1495276604003876869, "text": "Tantou were taken to bed to guard against assassins in the night, but there was more than that..."}, {"author_id": 838941366835105795, "id": 1495276388009779203, "text": "RT @itisatp: Lavanya was a warrior. She was fighting against the powerful, forceful conversion Mafia. Unfortunately we lost her. But instea\u2026"}, {"author_id": 1421851935527903234, "id": 1495276384788353025, "text": "@isob_ell Ubisofts upcoming Star Wars game is just Assassins Creed but with Fennec as the assassin"}, {"author_id": 4098893834, "id": 1495276282396954627, "text": "Come watch @docsavagedr while they play The Witcher 2: Assassins of Kings on Twitch! You'll be glad you did !!! \ud83d\ude0e  @LurkforceTV#Twitch #twitchaffiliate #111 #SAVG \ud83d\ude0f\ud83d\udc99 https://t.co/Katy80x2ZZ"}, {"author_id": 844647011630538752, "id": 1495276103908282368, "text": "@neonepiphany New Assassins Creed?"}, {"author_id": 1367742692956934144, "id": 1495275846634188810, "text": "@IsuForge @Ubisoft @UbisoftDE @Assassins_GSA @assassinscreed The original https://t.co/4mA1A6rVDL"}, {"author_id": 1493981456783269893, "id": 1495275832616656897, "text": "@IsuForge @Ubisoft @UbisoftDE @Assassins_GSA @assassinscreed I am so happy to play assassin's creed Valhalla"}, {"author_id": 1363362200782520324, "id": 1495275709643866112, "text": "sure, I mean honestly, our money is being wasted on more harmful and wasteful things than beating up a bunch of Canadians. That sounds like a walk in the PARK for the American military, which is mostly composed of \"private military contractors\" a euphemism for paid assassins https://t.co/eAlaGLvNQz"}, {"author_id": 1395863433124491265, "id": 1495275697216139265, "text": "RT @swans_writes: the arms of the ocean \n\n\ud83c\udf0a renyang\n\ud83c\udf0a 21k, explicit \ud83d\udd1e\n\ud83c\udf0a soulmates, assassins, falling in love, yearning, angst, some violen\u2026"}, {"author_id": 799584086708797440, "id": 1495274445077815304, "text": "RT @itisatp: Lavanya was a warrior. She was fighting against the powerful, forceful conversion Mafia. Unfortunately we lost her. But instea\u2026"}, {"author_id": 1271692826548375553, "id": 1495274058572656640, "text": "RT @Quin4Trump: @kcinor @Neoptolemos73 @Darfinity @S51781902 @T_WJackson @Alexand20268813 @DorisMele @yvonnecar20 @DarrellBuckne13 @NoBulls\u2026"}, {"author_id": 1215442106858319872, "id": 1495273940486348803, "text": "@GregT04660768 @Arsonall Assassins Creed wasn\u2019t the first open world game, nor the first action game. And regardless if it has many similar mechanics, Sony\u2019s first party ALWAYS feels and plays a lot more refined and premium compared to Ubisoft games."}, {"author_id": 2773005780, "id": 1495273746571030528, "text": "@netflix And since we're saying it's Destiny you double down. And instead of bringing them back once you bring them back twice with two assassins you kill off the woman in one in the man in the other and make the other two get together and that is where problems begin."}, {"author_id": 889884546270986241, "id": 1495273605843886080, "text": "@IsuForge @Ubisoft @UbisoftDE @Assassins_GSA @assassinscreed all new AC games the started with the new combat system origin + odyssey + valhalla"}, {"author_id": 1468827804598898690, "id": 1495273591621173254, "text": "RT @ManwayEth: \ud83d\udce35x @Shizuka_NFT #Whitelist Spots #NFTGiveaway \ud83d\udce3\n\nTHATS ABSOLUTELY INSANE:\ud83d\udd25\ud83d\udd25\ud83d\udd25\n8888 Shizuka assassins\n\nTo enter: \u2b07\ufe0f\u2b07\ufe0f\u2b07\ufe0f\n\n\u2714\ufe0fFo\u2026"}, {"author_id": 1385246866456018947, "id": 1495273343402258433, "text": "RT @itisatp: Lavanya was a warrior. She was fighting against the powerful, forceful conversion Mafia. Unfortunately we lost her. But instea\u2026"}, {"author_id": 1182218259300356096, "id": 1495273339383730181, "text": "RT @itisatp: Lavanya was a warrior. She was fighting against the powerful, forceful conversion Mafia. Unfortunately we lost her. But instea\u2026"}, {"author_id": 818903122806501376, "id": 1495273248799535107, "text": "@Iniqu1ty Took me 17hrs to see the title screen in Assassins Creed Valhalla."}, {"author_id": 1359698552948146180, "id": 1495273150556381185, "text": "@Hikari_NFTs Let\u2019s goo moon clan! Secret shadow assassins! I\u2019m always good with assassins in games"}, {"author_id": 366699495, "id": 1495273077688594434, "text": "RT @itisatp: Lavanya was a warrior. She was fighting against the powerful, forceful conversion Mafia. Unfortunately we lost her. But instea\u2026"}, {"author_id": 2468937385, "id": 1495272975666274306, "text": "RT @itisatp: Lavanya was a warrior. She was fighting against the powerful, forceful conversion Mafia. Unfortunately we lost her. But instea\u2026"}, {"author_id": 830174795429933056, "id": 1495272935019343875, "text": "RT @Quin4Trump: @kcinor @Neoptolemos73 @Darfinity @S51781902 @T_WJackson @Alexand20268813 @DorisMele @yvonnecar20 @DarrellBuckne13 @NoBulls\u2026"}, {"author_id": 1236663331785773056, "id": 1495272755712827393, "text": "RT @EMP1RE7v7: Emp1re Villains finish 3-0 in pool play!\n\nEmp1re Assassins finish 0-3 in pool play!\n\nBoth teams have a lot they can improve\u2026"}, {"author_id": 1099311263153152001, "id": 1495272675748757507, "text": "RT @mechashock: Feeling so grateful for @harukaronin community\n\nLet's do 5 WL giveaway \n1. follow @harukaronin &amp; @mechashock  \n2. like &amp; RT\u2026"}, {"author_id": 1477863944979042306, "id": 1495272643368341504, "text": "RT @harukaronin: Assassins Assemble https://t.co/iZfm2FN0Wi\n\nYou got 1 HOUR!!"}, {"author_id": 1349970862120775682, "id": 1495272621428117512, "text": "ayem: thank you for sending assassins after me btw i really needed that. it meant a lot to me https://t.co/bDd0j1Onnn"}]