[{"author_id": 741926596299345920, "id": 1495286722783059970, "text": "RT @dailyhcavill: henry cavill as august walker in mission impossible: fallout (2018) https://t.co/t2FfvYCuQa"}, {"author_id": 1216163333063217153, "id": 1495286713534586881, "text": "RT @PajeroPorWaifus: Aegir 01 (and Bismark,Tirpitz, August and Friedrich)\nI didn't know how to name this tribute so I named it after the on\u2026"}, {"author_id": 3340077313, "id": 1495286670622478336, "text": "RT @ClassicXMen: Wolverine #70-72 cover dated June to August 1993. https://t.co/PLvLcAsnOi"}, {"author_id": 109488004, "id": 1495286663958134787, "text": "RT @DrAmaliAmin: Anyone interested to apply for a PhD in Islamic Studies with full scholarship at Universiti Brunei Darussalam, do contact\u2026"}, {"author_id": 1111732765567995914, "id": 1495286653891477504, "text": "RT @PajeroPorWaifus: Aegir 01 (and Bismark,Tirpitz, August and Friedrich)\nI didn't know how to name this tribute so I named it after the on\u2026"}, {"author_id": 1231434297246130176, "id": 1495286617539584001, "text": "RT @unclebernbach: 29/ Six months after the original pitch, on August 31st 2007, \u2018Gorilla\u2019 made its TV debut during the live final of the r\u2026"}, {"author_id": 1245236648171966464, "id": 1495286606797836288, "text": "@NAN_DINI_ I came back to Grtr Noida after 10 years in Maharashtra. I went for my run on August the 3rd at 5.30 am. I saw a girl of around 20 running alone on a stretch which was devoid of anyone but us. She didn\u2019t have a care in the world! This was unthinkable in 2012 when we had left."}, {"author_id": 854275212686143488, "id": 1495286604243558400, "text": "City vet vs country pet provided an interesting insight into the varied and demanding life of a vet in the 1960sThe Observer Magazine of 6 August 1967 considered the often difficult lot of the vet (\u2018How do you cure... https://t.co/AMLpblKJlF"}, {"author_id": 65213956, "id": 1495286581238067201, "text": "RT @DrAmaliAmin: Anyone interested to apply for a PhD in Islamic Studies with full scholarship at Universiti Brunei Darussalam, do contact\u2026"}, {"author_id": 1112629146755072000, "id": 1495286571591176193, "text": "RT @DrAmaliAmin: Anyone interested to apply for a PhD in Islamic Studies with full scholarship at Universiti Brunei Darussalam, do contact\u2026"}, {"author_id": 352414030, "id": 1495286539978375172, "text": "14. Rewards Rate has been steadily reduced since inception as this was always part of the plan.\n\nOn August 12 2021, the Policy Team at Olympus proposed a Rewards Rate reduction framework that was tied to total supply.\n\nBut where do these APYs come from?\n\nhttps://t.co/pHNKaFWf4Y https://t.co/S1Axwh7Lcp"}, {"author_id": 3397309318, "id": 1495286535528361984, "text": "RT @Keerulanah: William Ruto has Outmanouvred All .They really CAN\u2019T understand how Ruto from A Needy Background , Has Come So Far and Now\u2026"}, {"author_id": 1539623960, "id": 1495286514288410627, "text": "RT @martin37725365: One of the greatest days ever when I met #rihanna at house of fraser london perfume launch august 20 11 #rihannanavy ht\u2026"}, {"author_id": 134140196, "id": 1495286512900059138, "text": "RT @AuschwitzMuseum: 19 February 1936 | A French Jewish girl, Paulette Gotlib, was born in Paris. \n\nShe arrived at #Auschwitz on 19 August\u2026"}, {"author_id": 3009186720, "id": 1495286511373225986, "text": "yeah i crosschecked w/ rv's wb acct and they started posting like around november and their last post before that was on august 2020 https://t.co/YAZEgs7hoQ"}, {"author_id": 2178192005, "id": 1495286453286301698, "text": "@ishehnaaz_gill @Leo82549227 @_jatti_attitude @ShehnaazShineFC And I agree too baby.\nTumahri gaal khich k naa jhappi daalungi jab august meh America aaogi naa tab.\nWaiting to meet you my dear \u2764\ufe0f\ud83d\udc97\nLove you love you love you love you love you soooo muchhh."}, {"author_id": 1017335625098383360, "id": 1495286452032360451, "text": "#JusticeForMzeeOngale\nIn August 2004, they made a last deposit for the land. The transfer was initiated. In 2005 they won a contract with Olympic Primary School Kibera Tony Ong'ale under Queens Agencies, defrauded his Father for the first time... no issues were raised."}, {"author_id": 900626499299983362, "id": 1495286449716928513, "text": "August // Taylor Swift"}, {"author_id": 1433329475006054407, "id": 1495286424018759682, "text": "RT @howlbeomgyu: on top of all this, one of the members, soso, has been on an unofficial hiatus since august with no updates on her conditi\u2026"}, {"author_id": 33350532, "id": 1495286402640195585, "text": "RT @AuschwitzMuseum: 19 February 1936 | A French Jewish girl, Paulette Gotlib, was born in Paris. \n\nShe arrived at #Auschwitz on 19 August\u2026"}, {"author_id": 1091292192, "id": 1495286365583511553, "text": "RT @Keerulanah: William Ruto has Outmanouvred All .They really CAN\u2019T understand how Ruto from A Needy Background , Has Come So Far and Now\u2026"}, {"author_id": 1278292427816808450, "id": 1495286364467867648, "text": "RT @AuschwitzMuseum: 19 February 1936 | A French Jewish girl, Paulette Gotlib, was born in Paris. \n\nShe arrived at #Auschwitz on 19 August\u2026"}, {"author_id": 700890887, "id": 1495286355852767235, "text": "RT @vasilissaadair: kpop industry had cb in august so we asked kq to skip august. we got september and a group suddenly pulled a shax, some\u2026"}, {"author_id": 146145819, "id": 1495286312236367873, "text": "RT @chainlink: Fantom is going through a hyper-growth phase, with Total Value Locked (TVL) increasing 22x since last August.\n\nIn the chart\u2026"}, {"author_id": 52797829, "id": 1495286301079502850, "text": "RT @sarkar_swati: Fast forward 2021 August: my driver was a lifelong CPIM cadre, age around 50. Discussing politics with him, I found that\u2026"}, {"author_id": 933943823729696768, "id": 1495286299640885251, "text": "RT @AnnastaciaMP: In August 2021, we announced an agreement to build a purpose-built regional quarantine facility with the Wagners.\n\nLess t\u2026"}, {"author_id": 3107411423, "id": 1495286294422953985, "text": "RT @SusanWayland: And August of 2010 in Marquis Fashion.\ud83d\udc99\n\nLocation: Acanto/Hannover sponsored by @xklusiv_events for Lounge Bizarre.\ud83d\ude18 http\u2026"}, {"author_id": 159801361, "id": 1495286279730528261, "text": "@CZEdwards Not sure about tropical southern hemisphere, but in temperate southern hemisphere peak flu is usually later, June to August. Vaccination kicks off in April/May. https://t.co/dzSj6NH7KB"}, {"author_id": 1419345780511494144, "id": 1495286277809192960, "text": "Only 6 of 18 exchanges have fully adopted #Bitcoin SegWit update Segregated Witness, or SegWit for short, is a Bitcoin protocol extension that was activated on the network in August 2017. The primary reason for https://t.co/3HyxDyVUzu #me #usa #art #invest #eth #btc #coin"}, {"author_id": 1457707264731717636, "id": 1495286265545175041, "text": "@Luckyweb254 No, time is not now. It is 9th August ..... that is the time for Kenyans to make a change, change the people, change the leaders, RAO=WSR=Weta=UK=Mutua=Kibwana=Moi=Mukhisa etc, \nYou can all lower the food prices and cost of living, by electing visionary NEW leaders."}, {"author_id": 1303193585618169856, "id": 1495286227133730818, "text": "RT @shibalution1: Verse (Shibaverse) A community #metaverse launched in August 2021, with stunning photorealism and a proven track record f\u2026"}, {"author_id": 1371750608454123520, "id": 1495286223866265603, "text": "@ScottLEOWarrior Been following you since August 2021 bc I recently joined last July,,, what I like about your twt is the amount of kindness you have given to your followers! I really adore people like u who is not selfish to give out their blessings too! Hope someday I could claim mine as well&lt;3"}, {"author_id": 1348995660285140996, "id": 1495286145252528132, "text": "@august_gram For sure but violence on a Sunday \ud83e\udd26\ud83c\udffe\u200d\u2642\ufe0f"}, {"author_id": 760174346413367300, "id": 1495286136008105986, "text": "RT @Heidi_Cuda: 24/ INFORMATION TROOPS: In August 2008, an armed conflict with Georgia transformed Russia\u2019s IW.\n\nInformation Troops became\u2026"}, {"author_id": 1327767727696605184, "id": 1495286072263147522, "text": "@lacretialyon I have 3 friends with young sons (under the age of 10) that go by Auggie - short for August, which is their \u201cformal\u201d name."}, {"author_id": 779364402592186369, "id": 1495286051178524672, "text": "RT @SyedRahman22: #WorldAcceptBRTIsBest\n@SyedRahman22\n\nPrime Minister Imran Khan had launched the Peshawar BTR in August 2020. Dr. Walter H\u2026"}, {"author_id": 1414125205325185033, "id": 1495286023961546752, "text": "RT @TheAnimatedBat: Happy Birthday to Henry Polic ll! One of the many roles he played in his career was being the voice of Jonathan Crane /\u2026"}, {"author_id": 1131764572266926081, "id": 1495286021507985409, "text": "RT @dailyhcavill: henry cavill as august walker in mission impossible: fallout (2018) https://t.co/t2FfvYCuQa"}, {"author_id": 3509678953, "id": 1495285981339013120, "text": "August 2020 BNK48 Phukkhom Online Talk https://t.co/ZPjjrRdN3D"}, {"author_id": 244732690, "id": 1495285947491094529, "text": "@carn___ @IJefTomI @happycrazytown @tedcruz Please find all these traumatized children. Kids who have been rehearsed by their parents don't count.  I've been seeing crowds of kids at the schoolyard down the street apparently happily running around masked since August."}, {"author_id": 1411699619415826448, "id": 1495285923717648386, "text": "If you bought $1000 of Doge coin in 2014\n\n2014 ---&gt; $1000\n2015 ---&gt; $418\n2016 ---&gt; $348\n2017 ---&gt; $465\n2018 ---&gt; $20697\n2019 ---&gt; $5348\n2020 ---&gt; $4651\n2021 ---&gt; $22558\n2021 May ---&gt; $1,581,395\n2021 August ---&gt; $674,418"}, {"author_id": 1488878857281097732, "id": 1495285919733399553, "text": "Did you know? \n\nWest Indies' closest win was by one run which was recorded against India at Lauderhill on 27 August 2016.\n\n#kisma #playnow #T20I #India #WestIndies #Cricket https://t.co/fdp0aONOfO"}, {"author_id": 1059380162557440001, "id": 1495285869858549764, "text": "all the pretty boys are born in august https://t.co/AynNXAG4vK"}, {"author_id": 3231536373, "id": 1495285842708946944, "text": "RT @KingKakapo: August 26-October 14, 2021.\n\nPNG:\nhttps://t.co/O1usqozTun\nhttps://t.co/QWvIyk8T3I\n\nArt originally posted through my Patreon\u2026"}, {"author_id": 779364402592186369, "id": 1495285827534041088, "text": "RT @SyedRahman22: #WorldAcceptBRTIsBest\n@SyedRahman22\n\nPeshawar\u2019s BRT was inaugurated by Prime Minister Pakistan Imran Khan on the 13th of\u2026"}, {"author_id": 3067053605, "id": 1495285815848562697, "text": "RT @AuschwitzMuseum: 19 February 1936 | A French Jewish girl, Paulette Gotlib, was born in Paris. \n\nShe arrived at #Auschwitz on 19 August\u2026"}, {"author_id": 1246852133493911553, "id": 1495285805018927114, "text": "@Polls_21stC @StateHouseKenya Do we have to suffer until after August?"}, {"author_id": 48068610, "id": 1495285726048567298, "text": "2/2 Poland\u2019s then-President Lech Kaczy\u0144ski declared in an August 2008 speech in Tbilisi, Georgia. And less than 2 years after this declaration, his plane crashed in Russia. Coincidence?\n#RussiaUkraine #RussiaUkraineCrisis #Putin \n#Donbass"}, {"author_id": 1318408648046108672, "id": 1495285710076760066, "text": "RT @IG1119: Request for August 2021\nMountain / \u5c71 (Arknights) https://t.co/ZXrDgXDtR6"}, {"author_id": 1643792678, "id": 1495285662727094274, "text": "RT @realchrisrufo: We threw a party to celebrate my wife @skprufo, who is pregnant with our third child. Massimo Rufo will be arriving in A\u2026"}, {"author_id": 1420970262766424065, "id": 1495285659971510273, "text": "RT @unclebernbach: 29/ Six months after the original pitch, on August 31st 2007, \u2018Gorilla\u2019 made its TV debut during the live final of the r\u2026"}, {"author_id": 1347541832352333824, "id": 1495285652593782784, "text": "RT @dan_nyagah: They can use as many mad people like Stanley Livondo as possible, they can use all manner of EVIL allegations as they can,\u2026"}, {"author_id": 1253007392486367232, "id": 1495285650408427522, "text": "RT @JapanPathak: August 2008: After Abu Bashar's arrest in Ahmedabad serial blast case by Gujarat Police, then UP Congress leader Ram Nares\u2026"}, {"author_id": 1920515264, "id": 1495285624458391554, "text": "RT @unclebernbach: 29/ Six months after the original pitch, on August 31st 2007, \u2018Gorilla\u2019 made its TV debut during the live final of the r\u2026"}, {"author_id": 408584251, "id": 1495285608369246209, "text": "RT @TheSkandar: Jammu and Kashmir after 05 August 2019.\n\nMy views on @sansad_tv https://t.co/b1wScRjM1G"}, {"author_id": 1161534853, "id": 1495285577314357251, "text": "RT @AuschwitzMuseum: 19 February 1936 | A French Jewish girl, Paulette Gotlib, was born in Paris. \n\nShe arrived at #Auschwitz on 19 August\u2026"}, {"author_id": 779364402592186369, "id": 1495285462327566338, "text": "RT @SyedRahman22: #WorldAcceptBRTIsBest\n@SyedRahman22\n\nThe dedicated bus lanes have reduced traffic congestion and increased access to the\u2026"}, {"author_id": 132699883, "id": 1495285454027075584, "text": "RT @AuschwitzMuseum: 19 February 1936 | A French Jewish girl, Paulette Gotlib, was born in Paris. \n\nShe arrived at #Auschwitz on 19 August\u2026"}, {"author_id": 1479094430, "id": 1495285427892371456, "text": "RT @AuschwitzMuseum: 19 February 1936 | A French Jewish girl, Paulette Gotlib, was born in Paris. \n\nShe arrived at #Auschwitz on 19 August\u2026"}, {"author_id": 1252717707390324737, "id": 1495285418622918661, "text": "RT @MTashed: Baby Tash: coming August 2022! https://t.co/DOwiAsZ5LK"}, {"author_id": 1051923649706545154, "id": 1495285414688661504, "text": "This is how i think that @pyxieplant and @Indigo_August work as a couple https://t.co/JFNQnmTXn2"}, {"author_id": 1489899471039131649, "id": 1495285414139072513, "text": "RT @RexyRaptor13: I put on an old Foolish vod to have something on in the background and he had no idea how right he was (YouTube video I f\u2026"}, {"author_id": 584753254, "id": 1495285399522054148, "text": "RT @AuschwitzMuseum: 19 February 1936 | A French Jewish girl, Paulette Gotlib, was born in Paris. \n\nShe arrived at #Auschwitz on 19 August\u2026"}, {"author_id": 1229403028316413952, "id": 1495285385894584322, "text": "@Zii_creates 17th August"}, {"author_id": 779364402592186369, "id": 1495285382170173444, "text": "RT @SyedRahman22: #WorldAcceptBRTIsBest\n@SyedRahman22\n\nThe premier said that Peshawar BRT has revolutionised public transport system in the\u2026"}, {"author_id": 1003660679289757696, "id": 1495285377183199232, "text": "https://t.co/H9rMQ5I8zs @stevemoorefilms Subtracting two days from this \"live counter\" would put me somewhere around the 20th of May (if one uses the Gregorian Calendar)."}, {"author_id": 1213172077504499714, "id": 1495285364734709760, "text": "but I can see us lost in the memory\naugust slipped away into a moment in time\ncz it was never mine\ncz you were never mine\nback when we were still changin' for the better\nwanting was enough\nfor me, it was enough\nto live for the hope of it all"}, {"author_id": 1420894898509729797, "id": 1495285355716624384, "text": "AUGUST 24, 2019 Every time I went to check up on Sydney, the same nurse was there to greet me. Very tall and thin man, blonde, Slavic features \u2014 you know. Pointy."}, {"author_id": 990078319965057024, "id": 1495285333298085890, "text": "RT @Damo26121: Dr kary mullis died on the 7th of August 2019 just before he was about to expose fauci.\nDavid amess murdered just after he r\u2026"}, {"author_id": 1237542718739369985, "id": 1495285307897303040, "text": "RT @debgreathouse: @okiegirl888 I lost my neighbor in august to Covid. In July I had pleaded with her to take the vaccine. My heart is brok\u2026"}, {"author_id": 492848754, "id": 1495285231917715457, "text": "RT @thuogithuku: Just a random question: Why did Moses Kuria refuse to join UDA from the word go? Is it possible for Willliam Ruto to retai\u2026"}, {"author_id": 779364402592186369, "id": 1495285230785249283, "text": "RT @SyedRahman22: #WorldAcceptBRTIsBest\n@SyedRahman22\n\nThe BRT officials said that over one million Zu cards have been distributed while mo\u2026"}, {"author_id": 1463198349402591232, "id": 1495285190436044810, "text": "RT @SyedRahman22: #WorldAcceptBRTIsBest\n@SyedRahman22\n\nThe dedicated bus lanes have reduced traffic congestion and increased access to the\u2026"}, {"author_id": 1449921879720951812, "id": 1495285177483874309, "text": "RT @pawvrgs_: july-august 2021 felt like this, too. y\u2019all know whats coming #catecoin"}, {"author_id": 366557645, "id": 1495285167706894342, "text": "RT @LauraMiers: August 17, 2021: \u201cThe family says Mkayla developed a sore throat and stayed home from school Thursday and Friday. She was d\u2026"}, {"author_id": 1456272174772150273, "id": 1495285146265608192, "text": "RT @MTashed: Baby Tash: coming August 2022! https://t.co/DOwiAsZ5LK"}, {"author_id": 4450541, "id": 1495285144474714118, "text": "RT @SurgicalBlondie: I was looking for a new PCP closer to me than my one from college and a specific physician\u2019s office didn\u2019t have openin\u2026"}, {"author_id": 3657851063, "id": 1495285135725449217, "text": "RT @unclebernbach: 29/ Six months after the original pitch, on August 31st 2007, \u2018Gorilla\u2019 made its TV debut during the live final of the r\u2026"}, {"author_id": 169418468, "id": 1495285131627704325, "text": "RT @AuschwitzMuseum: 19 February 1936 | A French Jewish girl, Paulette Gotlib, was born in Paris. \n\nShe arrived at #Auschwitz on 19 August\u2026"}, {"author_id": 366557645, "id": 1495285101680226307, "text": "RT @LauraMiers: August 5, 2021: \u201cBut Jordyn got sick July 30, displaying mild flu-like symptoms that would eventually worsen, and her mothe\u2026"}, {"author_id": 956559774736248832, "id": 1495285078494040067, "text": "RT @MTashed: Baby Tash: coming August 2022! https://t.co/DOwiAsZ5LK"}, {"author_id": 947482698561470466, "id": 1495285060739616772, "text": "RT @theseoulsari: seeing these pictures today made me emo \ud83e\udd7a once worried about the 7-year curse but here we are, about to celebrate soshi's\u2026"}, {"author_id": 1398161730388119555, "id": 1495285052434911235, "text": "RT @sbbbh56: 2011 August Chanbaek throwback\n\nA SJ fan saw two boys at SM building. They were eating and drinking. Baekhyun asked how waa Ch\u2026"}, {"author_id": 1463198349402591232, "id": 1495285009061756935, "text": "RT @SyedRahman22: #WorldAcceptBRTIsBest\n@SyedRahman22\n\nThe premier said that Peshawar BRT has revolutionised public transport system in the\u2026"}]