[{"author_id": 3060808406, "id": 1495280119669219328, "text": "RT @masonmalonecom: Thank you for taking the time to share my #books, Backbeat, The Polyandrist and The Chamala Quest with your RTs!\n\n#auth\u2026"}, {"author_id": 3060808406, "id": 1495277748151009281, "text": "RT @masonmalonecom: Thank you for taking the time to share my #books, The Polyandrist, The Chamala Quest and Backbeat with your RTs!\n\n#auth\u2026"}, {"author_id": 1291356175347281920, "id": 1495260503555592197, "text": "Practicing Backbeat \nDay7\u2022 Blame it on the Boogie by Michael Jackson #music #practice #Backbeat #MichaelJackson #Blame_it_on_the_Boogie https://t.co/6xvFQlEFt9"}, {"author_id": 858915645894918145, "id": 1495243613198036992, "text": "RT @masonmalonecom: Spend the final days of winter with a new read!\n\nThe Chamala Quest ~ #Adventure #Thriller\n\nBackbeat ~ #YA Music\n\nThe Po\u2026"}, {"author_id": 250462251, "id": 1495242215169445890, "text": "RT @BlueRoseMag1: Happy #sherylleeFriday #backbeat https://t.co/HE9cfug16F"}, {"author_id": 305131165, "id": 1495237303559622656, "text": "RT @vicky_whedbee: A great book I've read &amp; reviewed, &amp; you should too! \nSee my full 5-STAR review of BACKBEAT by  Mason Malone here: https\u2026"}, {"author_id": 4253728454, "id": 1495232733357883396, "text": "\u201cNow piled up to an uncountable amount, give form to my feelings\u201d\n\n-Acquired Backbeat-"}, {"author_id": 1350852258020392962, "id": 1495225254653743105, "text": "I'll be the first to say that new media art seems to be no different from electro backbeat as they perform an intense cha-cha slide between the artist and his shitmunching audience, which must be manifested by bench carpenters"}, {"author_id": 3177433850, "id": 1495222803557199881, "text": "RT @masonmalonecom: Thank you for taking the time to share my #books, Backbeat, The Polyandrist and The Chamala Quest with your RTs!\n\n#auth\u2026"}, {"author_id": 4883494685, "id": 1495222803506868228, "text": "RT @masonmalonecom: Thank you for taking the time to share my #books, Backbeat, The Polyandrist and The Chamala Quest with your RTs!\n\n#auth\u2026"}, {"author_id": 976850358537539584, "id": 1495222803473252360, "text": "RT @masonmalonecom: Thank you for taking the time to share my #books, Backbeat, The Polyandrist and The Chamala Quest with your RTs!\n\n#auth\u2026"}, {"author_id": 3193250417, "id": 1495222803427213317, "text": "RT @masonmalonecom: Thank you for taking the time to share my #books, Backbeat, The Polyandrist and The Chamala Quest with your RTs!\n\n#auth\u2026"}, {"author_id": 1345434355498409984, "id": 1495207388659564548, "text": "RT @vicky_whedbee: A great book I've read &amp; reviewed, &amp; you should too! \nSee my full 5-STAR review of BACKBEAT by  Mason Malone here: https\u2026"}, {"author_id": 867117034089435136, "id": 1495200621800132612, "text": "A great book I've read &amp; reviewed, &amp; you should too! \nSee my full 5-STAR review of BACKBEAT by  Mason Malone here: https://t.co/32ayARGGge\u2026\n\n#Follow \n@masonmalonecom\n\n#goodreads #readingcommunity #WritingCommunity #readingforpleasure #review #readinglist #Reading https://t.co/O2K8NyintB"}, {"author_id": 333945812, "id": 1495196511399038976, "text": "RT @masonmalonecom: Spend the final days of winter with a new read!\n\nThe Chamala Quest ~ #Adventure #Thriller\n\nBackbeat ~ #YA Music\n\nThe Po\u2026"}, {"author_id": 167780925, "id": 1495194902044585985, "text": "@rusty_coach because anything with a backbeat can launch internal earworms more pleasing than what the torturers provide."}, {"author_id": 1392846308, "id": 1495186440849817600, "text": "20201202 - Brin - Acoustic Backbeat intro by Brin Porter from Intro"}, {"author_id": 1233464323600789506, "id": 1495186023793532930, "text": "RT @masonmalonecom: Traveling to #NOLA for #MardiGras ! Grab a new read!\n\nThe Chamala Quest ~ #ActionAdventure\n\nBackbeat ~ #YA Songwriter C\u2026"}, {"author_id": 1233464323600789506, "id": 1495186009562271744, "text": "RT @masonmalonecom: Spend the final days of winter with a new read!\n\nThe Chamala Quest ~ #Adventure #Thriller\n\nBackbeat ~ #YA Music\n\nThe Po\u2026"}, {"author_id": 4761135846, "id": 1495185343481802753, "text": "RT @masonmalonecom: Thank you for taking the time to share my #books, The Polyandrist, The Chamala Quest and Backbeat with your RTs!\n\n#auth\u2026"}, {"author_id": 118870812, "id": 1495181955301883907, "text": "RT @masonmalonecom: Traveling to #NOLA for #MardiGras ! Grab a new read!\n\nThe Chamala Quest ~ #ActionAdventure\n\nBackbeat ~ #YA Songwriter C\u2026"}, {"author_id": 56886141, "id": 1495181475251064835, "text": "RT @masonmalonecom: Thank you for taking the time to share my #books, The Chamala Quest, The Polyandrist and Backbeat with your RTs!\n\n#auth\u2026"}, {"author_id": 233213435, "id": 1495178077705547782, "text": "RT @masonmalonecom: Traveling to #NOLA for #MardiGras ! Grab a new read!\n\nThe Chamala Quest ~ #ActionAdventure\n\nBackbeat ~ #YA Songwriter C\u2026"}, {"author_id": 859965179232178176, "id": 1495177203658772483, "text": "RT @masonmalonecom: Spend the final days of winter with a new read!\n\nThe Chamala Quest ~ #Adventure #Thriller\n\nBackbeat ~ #YA Music\n\nThe Po\u2026"}, {"author_id": 3099372655, "id": 1495176845737832450, "text": "#nowplaying Backbeat Soundsystem - Fighting Bull"}, {"author_id": 1184243351228485633, "id": 1495173306625970179, "text": "@RollingStone @SabrinaAnnLynn The backbeat sounds like a sample from this song. I instantly picked up on it. Way cool \ud83d\udc4d\u2764\ufe0f\ud83d\udcaf\ud83d\udc78\ud83c\udfb6 https://t.co/x2KfSjrui4"}, {"author_id": 797257949555097600, "id": 1495172144967434241, "text": "RT @masonmalonecom: Spend the final days of winter with a new read!\n\nThe Chamala Quest ~ #Adventure #Thriller\n\nBackbeat ~ #YA Music\n\nThe Po\u2026"}, {"author_id": 800732231870226433, "id": 1495169486248460297, "text": "RT @masonmalonecom: Thank you for taking the time to share my #books, The Polyandrist, The Chamala Quest and Backbeat with your RTs!\n\n#auth\u2026"}, {"author_id": 2185122124, "id": 1495167653236903938, "text": "RT @masonmalonecom: Spend the final days of winter with a new read!\n\nThe Chamala Quest ~ #Adventure #Thriller\n\nBackbeat ~ #YA Music\n\nThe Po\u2026"}, {"author_id": 375950068, "id": 1495163920641888260, "text": "@masonmalonecom @edjlazar @MAllanScott @ElaineMarieCar1 @dajc_thoughts @paul_cude @EichinChangLim @MDfineart Precious, thank you, Mason! Best wishes on the Book! The Polyandrist, The Chamala Quest and Backbeat"}, {"author_id": 329029726, "id": 1495162900855820288, "text": "RT @masonmalonecom: Traveling to #NOLA for #MardiGras ! Grab a new read!\n\nThe Chamala Quest ~ #ActionAdventure\n\nBackbeat ~ #YA Songwriter C\u2026"}, {"author_id": 329029726, "id": 1495162884711538689, "text": "RT @masonmalonecom: Spend the final days of winter with a new read!\n\nThe Chamala Quest ~ #Adventure #Thriller\n\nBackbeat ~ #YA Music\n\nThe Po\u2026"}, {"author_id": 794911747350130689, "id": 1495150219713036291, "text": "RT @masonmalonecom: Spend the final days of winter with a new read!\n\nThe Chamala Quest ~ #Adventure #Thriller\n\nBackbeat ~ #YA Music\n\nThe Po\u2026"}, {"author_id": 4832549112, "id": 1495149601690554369, "text": "RT @masonmalonecom: Spend the final days of winter with a new read!\n\nThe Chamala Quest ~ #Adventure #Thriller\n\nBackbeat ~ #YA Music\n\nThe Po\u2026"}, {"author_id": 705112873500971008, "id": 1495145936644943875, "text": "RT @masonmalonecom: Traveling to #NOLA for #MardiGras ! Grab a new read!\n\nThe Chamala Quest ~ #ActionAdventure\n\nBackbeat ~ #YA Songwriter C\u2026"}, {"author_id": 705112873500971008, "id": 1495145926607970308, "text": "RT @masonmalonecom: Spend the final days of winter with a new read!\n\nThe Chamala Quest ~ #Adventure #Thriller\n\nBackbeat ~ #YA Music\n\nThe Po\u2026"}, {"author_id": 864416148061925376, "id": 1495142786001260545, "text": "RT @masonmalonecom: Thank you for taking the time to share my #books, The Polyandrist, The Chamala Quest and Backbeat with your RTs!\n\n#auth\u2026"}, {"author_id": 875881801767686144, "id": 1495140022881865728, "text": "RT @masonmalonecom: Spend the final days of winter with a new read!\n\nThe Chamala Quest ~ #Adventure #Thriller\n\nBackbeat ~ #YA Music\n\nThe Po\u2026"}, {"author_id": 864416148061925376, "id": 1495136871529209856, "text": "RT @masonmalonecom: Traveling to #NOLA for #MardiGras ! Grab a new read!\n\nThe Chamala Quest ~ #ActionAdventure\n\nBackbeat ~ #YA Songwriter C\u2026"}, {"author_id": 864416148061925376, "id": 1495136859047043073, "text": "RT @masonmalonecom: Spend the final days of winter with a new read!\n\nThe Chamala Quest ~ #Adventure #Thriller\n\nBackbeat ~ #YA Music\n\nThe Po\u2026"}, {"author_id": 2896625957, "id": 1495129552951066624, "text": "RT @masonmalonecom: Spend the final days of winter with a new read!\n\nThe Chamala Quest ~ #Adventure #Thriller\n\nBackbeat ~ #YA Music\n\nThe Po\u2026"}, {"author_id": 2896625957, "id": 1495129511406587910, "text": "RT @masonmalonecom: Thank you for taking the time to share my #books, Backbeat, The Polyandrist and The Chamala Quest with your RTs!\n\n#auth\u2026"}, {"author_id": 2896625957, "id": 1495129493882740738, "text": "RT @masonmalonecom: Thank you for taking the time to share my #books, The Chamala Quest, The Polyandrist and Backbeat with your RTs!\n\n#auth\u2026"}, {"author_id": 2896625957, "id": 1495129463650148364, "text": "RT @masonmalonecom: Thank you for taking the time to share my #books, The Polyandrist, The Chamala Quest and Backbeat with your RTs!\n\n#auth\u2026"}, {"author_id": 1008831630021218304, "id": 1495126727512702976, "text": "RT @masonmalonecom: Traveling to #NOLA for #MardiGras ! Grab a new read!\n\nThe Chamala Quest ~ #ActionAdventure\n\nBackbeat ~ #YA Songwriter C\u2026"}, {"author_id": 1008831630021218304, "id": 1495126720382443520, "text": "RT @masonmalonecom: Spend the final days of winter with a new read!\n\nThe Chamala Quest ~ #Adventure #Thriller\n\nBackbeat ~ #YA Music\n\nThe Po\u2026"}, {"author_id": 1460394228, "id": 1495126153920720901, "text": "RT @masonmalonecom: Thank you for taking the time to share my #books, The Chamala Quest, The Polyandrist and Backbeat with your RTs!\n\n#auth\u2026"}, {"author_id": 864191244204945412, "id": 1495124634496339973, "text": "Spend the final days of winter with a new read!\n\nThe Chamala Quest ~ #Adventure #Thriller\n\nBackbeat ~ #YA Music\n\nThe Polyandrist ~ Murder, #Mystery &amp; #RomanticSuspense\n\nhttps://t.co/QwRi5mFOYh \n\nhttps://t.co/XOtG8ZmPUX\n\n#ReadIndie #Authors #BookstoRead #TBRList #IndieAuthors https://t.co/hw59Maia9e"}, {"author_id": 864191244204945412, "id": 1495112046932860929, "text": "Traveling to #NOLA for #MardiGras ! Grab a new read!\n\nThe Chamala Quest ~ #ActionAdventure\n\nBackbeat ~ #YA Songwriter Contest\n\nThe Polyandrist ~ Murder, #Mystery &amp; #Romance \n\nhttps://t.co/QwRi5mFOYh \n\nhttps://t.co/Dnwr7gLz56\n\n#ReadDifferent #ReadIndie #Authors #WritingCommunity https://t.co/tRGvkFiUKl"}, {"author_id": 23439399, "id": 1495093932673445892, "text": "@mariamilito @Q1043 @iHeartRadio There was already Backbeat...https://t.co/UuFOIRd1os"}, {"author_id": 1421541581727830019, "id": 1495068247120834562, "text": "RT @masonmalonecom: Thank you for taking the time to share my #books, The Polyandrist, The Chamala Quest and Backbeat with your RTs!\n\n#auth\u2026"}, {"author_id": 785520243313639425, "id": 1495059359818260480, "text": "RT @masonmalonecom: Thank you for taking the time to share my #books, The Polyandrist, The Chamala Quest and Backbeat with your RTs!\n\n#auth\u2026"}, {"author_id": 3011564809, "id": 1495055524538339332, "text": "RT @masonmalonecom: Thank you for taking the time to share my #books, The Polyandrist, The Chamala Quest and Backbeat with your RTs!\n\n#auth\u2026"}, {"author_id": 864191244204945412, "id": 1495033426180726784, "text": "Thank you for taking the time to share my #books, The Polyandrist, The Chamala Quest and Backbeat with your RTs!\n\n#authorsasone\n\n@edjlazar \n@BootsieBoutique \n@MAllanScott \n@ElaineMarieCar1 \n@dajc_thoughts \n@paul_cude \n@EichinChangLim \n@MDfineart https://t.co/3P2jeihNjK"}, {"author_id": 968165515, "id": 1495031845460787201, "text": "RT @masonmalonecom: Thank you for taking the time to share my #books, Backbeat, The Polyandrist and The Chamala Quest with your RTs!\n\n#auth\u2026"}, {"author_id": 864191244204945412, "id": 1495030912752496645, "text": "Thank you for taking the time to share my #books, The Chamala Quest, The Polyandrist and Backbeat with your RTs!\n\n#authorsasone\n\n@KelleyHazen1 \n@bigtickHK \n@MagpieBridge \n@MaddyVennin \n@hillbilliewitch \n@AmericanBadOZ \n@LeonardTillerma \n@deann_native \n@LiscottCee \n@solmullersch https://t.co/be57I9TlQi"}, {"author_id": 1233464323600789506, "id": 1495028703079849989, "text": "RT @masonmalonecom: Thank you for taking the time to share my #books, The Polyandrist, The Chamala Quest and Backbeat with your RTs!\n\n#auth\u2026"}, {"author_id": 1233464323600789506, "id": 1495028688848629761, "text": "RT @masonmalonecom: Thank you for taking the time to share my #books, Backbeat, The Polyandrist and The Chamala Quest with your RTs!\n\n#auth\u2026"}, {"author_id": 864191244204945412, "id": 1495027513428529160, "text": "Thank you for taking the time to share my #books, Backbeat, The Polyandrist and The Chamala Quest with your RTs!\n\n#authorsasone\n\n@literatureposts \n@cwbigelow1 \n@WCoNA2022 \n@MJLaBeff \n@SusanneLeist  \n@barrygrayauthor \n@Joywoodauthor \n@ReadingIsOurPas \n@alhanda \n@KathleenHarrym1 https://t.co/1R7Dpinjwv"}, {"author_id": 705112873500971008, "id": 1495027404498157568, "text": "RT @masonmalonecom: Thank you for taking the time to share my #books, The Polyandrist, The Chamala Quest and Backbeat with your RTs!\n\n#auth\u2026"}, {"author_id": 864191244204945412, "id": 1495026611439218694, "text": "Thank you for taking the time to share my #books, The Polyandrist, The Chamala Quest and Backbeat with your RTs!\n\n#authorsasone\n\n@anglrsg9 \n@StacyThowe \n@AdamMichaelSmi4 \n@DavidLucero \n@susanfree16 \n@MaryLSchmidt \n@LillianKLogan1 \n@AuthorMichael57 \n@devin_salesman \n@KSeebar https://t.co/oYjCgvTG6m"}, {"author_id": 864191244204945412, "id": 1495025866539216901, "text": "Thank you for taking the time to share my #books, The Chamala Quest, The Polyandrist and Backbeat with your RTs!\n\n#authorsasone\n\n@FDS_NaturallyMe \n@zuncks \n@JoyYorkAuthor \n@IrenaGorenjak \n@judehaste_write \n@angieshandmade1 \n@adventurewmike \n@froggienana \n@ShadowDogDesign https://t.co/YwOZvNewEV"}, {"author_id": 1490680485181366273, "id": 1495021122450071557, "text": "@ModsVsMods @CBCNews Hi My name is Backbeat and I was a Facebookaholic It's been a year since I quit and  feel my life is good."}, {"author_id": 1493020222923681792, "id": 1495007467239051265, "text": "@we_sell_boxes @HarrySword Mmmhhh....\nPossibly, but, if you're of a certain age and actually remember those days on the dancefloor...you cannot remove the high camp vocal and synth from the \"backbeat\".\nPSB are not underground anything. \nExactly as Neil said..pure pop."}, {"author_id": 1361509187050754051, "id": 1495006066534404100, "text": "@AllyGarbs Take the sound track from the \u201cguy on the balcony\u201d. Add a backbeat. Dub over this vid.  Canadian Academy Award."}, {"author_id": 2242368890, "id": 1494989992023756800, "text": "Hey @PolyCompany I've been running with BackBeat FIT 3100 / 3200 for a few years now. Both are phasing out. What's the next model in line?"}, {"author_id": 3017735388, "id": 1494987736503226371, "text": "Backbeat Band \u2014 Please Mr. Postman #KSYMradio"}, {"author_id": 1253713587400511491, "id": 1494915084736512001, "text": "not a single one of these movies and docs compare to dubbed backbeat !!!!! theyre always pressing the slay button"}, {"author_id": 1253713587400511491, "id": 1494914845455564801, "text": "you CLEARLY never watched dubbed backbeat and i feel SO SORRY for you. imagine not being brazilian and missing THIS piece of art\nhttps://t.co/IlS9dsXDo5 https://t.co/TtU1vMH3d9"}, {"author_id": 2908450309, "id": 1494912847989686272, "text": "@avp60685 We had Guitar Hero with the drum kit and his drumming was MUCH more complex than it sounds! He didn't have the voice of the rest but his somewhat unassuming backbeat was a VERY integral part of the Beatles sound. It wouldn't have sounded the same with Keith Moon, for SURE! \ud83d\ude0e"}, {"author_id": 21870603, "id": 1494861860956479492, "text": "The #meinlpercussion 14\" Backbeat Pro #tambourine. Made from a blackened brass ring with eight pairs of brass jingles attached. The 360 degree contact ring has a raised edge for great response with rimshots. Also comes in a 13\" diameter model. #drums #drummer #drumset #meinl https://t.co/VagQxbfqUZ"}, {"author_id": 62103, "id": 1494857002396393474, "text": "@birdman20912388 @the_cleric More accurately it is four kick drum beats in 4/4 time as opposed to the usual pop and rock backbeat which is the kick on the one and three and snare (or clap) on the two and four. \n\n\u201cFaith\u201d is most notable for its recognizable syncopated fourth beat that makes it famous."}, {"author_id": 1291356175347281920, "id": 1494850778720534529, "text": "Practicing Backbeat \nDay6\u2022 What\u2019s going on by Marvin Gaye #Marvin_Gaye #Whats_going_on \n#practice #music #Backbeat https://t.co/DZJgkJoC9x"}, {"author_id": 233718748, "id": 1494845857442713602, "text": "RT @BlueRoseMag1: Happy #sherylleeFriday #backbeat https://t.co/HE9cfug16F"}, {"author_id": 1053091779120193536, "id": 1494845596158599170, "text": "@theludedude KJ probably couldn\u2019t play anything other than a standard 4/4 beat with the backbeat on 2 and 4"}, {"author_id": 770546546265853952, "id": 1494843550458331136, "text": "RT @BlueRoseMag1: Happy #sherylleeFriday #backbeat https://t.co/HE9cfug16F"}, {"author_id": 722473598, "id": 1494824302859980803, "text": "RT @masonmalonecom: Treat your #sweetheart to a new read for Valentine's Day!\n\nThe Chamala Quest ~ #Adventure #Thriller\n\nBackbeat ~ #YA #Mu\u2026"}, {"author_id": 333956398, "id": 1494803040485924864, "text": "RT @masonmalonecom: Thank you for taking the time to share my #books, The Chamala Quest, The Polyandrist and Backbeat with your RTs!\n\n#auth\u2026"}, {"author_id": 1111654344372482050, "id": 1494793159557013504, "text": "RT @masonmalonecom: Thank you for taking the time to share my #books, Backbeat, The Polyandrist and The Chamala Quest with your RTs!\n\n#auth\u2026"}, {"author_id": 26095859, "id": 1494781124702191618, "text": "\ud83d\udea8 Cask Alert \ud83d\udea8 English IPA just tapped @ Backbeat Brewing Company https://t.co/34NqHSOY37"}, {"author_id": 810797672965828608, "id": 1494778569330860034, "text": "Electro backbeat was invented by some lunatics who probably couldn't feel their chin"}, {"author_id": 119098872, "id": 1494765241418366976, "text": "And backbeat, the word is on the street that the fire in your heart is out \ud83c\udfb6 I'm sure you've heard it all before, but you never really had a doubt \ud83c\udfb6 I don't believe that anybody feels the way I do about you now \ud83c\udfb6"}, {"author_id": 2147483670, "id": 1494755946760912898, "text": "And backbeat, the word is on the street that the fire in your heart is out\nI'm sure you've heard it all before, but you never really had a doubt https://t.co/c5eCwMAqkh"}, {"author_id": 17189019, "id": 1494748560352587777, "text": "I\u2019m not quite sure how to describe it but DeJohnette\u2019s backbeat is a remarkable balance of power and restraint that fuses different styles and powers so much electric jazz."}, {"author_id": 1008794477929095168, "id": 1494740547163983872, "text": "Fisher the dietitian thought \"Do unto others as you would have them do to you.\" while listening to Electro backbeat."}]