[{"author_id": 1384879558919294977, "id": 1495285150804250624, "text": "RT @Edwards007Ryan: The Beast of Barcelona- Ronald Araujo\ud83d\udd35\ud83d\udd34 https://t.co/7a9zRj5hwa"}, {"author_id": 628745236, "id": 1495285126896697348, "text": "RT @Barca_Buzz: What a stunning goal by former Barcelona player Luis Su\u00e1rez. \ud83e\udd2f"}, {"author_id": 142268718, "id": 1495285102364004357, "text": "RT @FabrizioRomano: It's not just Xavi. Nobody inside Barcelona is doubting Ferran Torres: reactions in the club are all positive about the\u2026"}, {"author_id": 713632159521746944, "id": 1495285100120051715, "text": "RT @FabrizioRomano: It's not just Xavi. Nobody inside Barcelona is doubting Ferran Torres: reactions in the club are all positive about the\u2026"}, {"author_id": 1019242508, "id": 1495284939020857345, "text": "RT @W0rld2022: Barcelona\n\nDay                          Night https://t.co/6MG2mkGh8C"}, {"author_id": 1484166661020209157, "id": 1495284889649917952, "text": "RT @BarcaUniversal: Edit: Pedri and Haaland wearing Barcelona's leaked 2022/2023 home kit.\n\n\u2014 @Geathbrahim https://t.co/lhcEXKNe1l"}, {"author_id": 1092319359140278272, "id": 1495284814936694789, "text": "RT @FabrizioRomano: It's not just Xavi. Nobody inside Barcelona is doubting Ferran Torres: reactions in the club are all positive about the\u2026"}, {"author_id": 609218148, "id": 1495284800093143043, "text": "RT @Joshua_Ubeku: If we had signed Wijlabum, some fans would've left Barcelona."}, {"author_id": 904979594528387072, "id": 1495284785870258177, "text": "RT @Itiswinny: Xavi's team visit Valencia in La Liga as Barcelona look to consolidate their top four place. \nMatch will start at 6.15pm.\nDo\u2026"}, {"author_id": 1361645121243148288, "id": 1495284747353968643, "text": "RT @Barca_Buzz: What a stunning goal by former Barcelona player Luis Su\u00e1rez. \ud83e\udd2f"}, {"author_id": 1481540342835032064, "id": 1495284733470814208, "text": "You love football but you don't like barcelona you have a big problem"}, {"author_id": 3417710477, "id": 1495284703653466116, "text": "You can\u2019t trust MU and FC Barcelona\ud83d\ude33\ud83d\ude33\ud83d\ude33 https://t.co/ROQrNVlvu6"}, {"author_id": 2172772031, "id": 1495284662935117824, "text": "RT @FabrizioRomano: It's not just Xavi. Nobody inside Barcelona is doubting Ferran Torres: reactions in the club are all positive about the\u2026"}, {"author_id": 1337332675, "id": 1495284629754032132, "text": "RT @Joshua_Ubeku: If we had signed Wijlabum, some fans would've left Barcelona."}, {"author_id": 771987241329528832, "id": 1495284595436277760, "text": "#EsoccerBattle8minsplay Real Madrid (KnowMe23) Esports v Barcelona (Shadow) Esports https://t.co/dhOlpZyowc #Soccer"}, {"author_id": 1285330885886259202, "id": 1495284582882631682, "text": "@heisOG @dalujrRMA @iam_ivoots @Oni_Paul2304 @Certifiedopeboi Messi that created 3 assists in a single match?\nMessi that assisted a goal yesterday \nMessi that's one of the top assistor in league 1 this season? Wouldn't score easily if that was his job? When his primary job in Barcelona was  striking didn't he excel? Joker\ud83e\udd21"}, {"author_id": 1306199724, "id": 1495284559377743877, "text": "RT @ValaAfshar: Children riding their bicycles to school on Fridays in Barcelona, Spain - a beautiful example of safe city design https://t\u2026"}, {"author_id": 909220315598749696, "id": 1495284533020999685, "text": "RT @FabrizioRomano: It's not just Xavi. Nobody inside Barcelona is doubting Ferran Torres: reactions in the club are all positive about the\u2026"}, {"author_id": 971914020369317888, "id": 1495284477009948673, "text": "RT @Brosmind: For those who wanna know more about our work. \nHere is an illustration for a client in Barcelona, we love to create mini worl\u2026"}, {"author_id": 1409060878562037762, "id": 1495284408244477953, "text": "@MmadubikeS @CAJ83037489 @PSGINT_ It means if neymar does a good job in a season he wouldnt be compared to ronaldo cause messi is the face of barcelona. With messi out of the picture then it would have been a debate"}, {"author_id": 103478354, "id": 1495284395166425091, "text": "RT @FabrizioRomano: It's not just Xavi. Nobody inside Barcelona is doubting Ferran Torres: reactions in the club are all positive about the\u2026"}, {"author_id": 1364596936741953537, "id": 1495284278749446147, "text": "Sr program manager - tech integration\nat Amazon\nThis role can be based out of London or Barcelona The goal of Amazon Logistics is to build a world class last mi...\n#Amazon #remoteworking \nhttps://t.co/6AiJtg8FPI"}, {"author_id": 1455347180567506945, "id": 1495284237804650497, "text": "RT @FxxxPere: @DaddyXxxl I am also in Barcelona! https://t.co/8GdzxvFCHr"}, {"author_id": 404917143, "id": 1495284202815823874, "text": "RT @FabrizioRomano: It's not just Xavi. Nobody inside Barcelona is doubting Ferran Torres: reactions in the club are all positive about the\u2026"}, {"author_id": 958964739559878656, "id": 1495284177264074755, "text": "Xavi's team visit Valencia in La Liga as Barcelona look to consolidate their top four place. \nMatch will start at 6.15pm.\nDownload #MyGOtvApp or Dial *423# to log in to your account and #UpgradeNaGOtv\nUpgrade effective within 48 hours of payment.\n#GOtvFootahKejani https://t.co/ZIKdpGFONr"}, {"author_id": 1445013980766933001, "id": 1495284176936972288, "text": "@ABeautifulCult1 Welcome to Barcelona... If your new to Barcelona look up MENA and Machete Barcelona in Google... Enjoy your stay\ud83d\udd2a\ud83e\udd21 https://t.co/u63MLGmzBV"}, {"author_id": 1455347180567506945, "id": 1495284163091611654, "text": "RT @DaddyXxxl: Barcelona is so hot! https://t.co/Ql1uEsQdrP"}, {"author_id": 1313373405048115200, "id": 1495284160084258816, "text": "RT @BarcaUniversal: Images: Barcelona during today's training session. https://t.co/vA44iedOgG"}, {"author_id": 1168646015676608512, "id": 1495284141453377537, "text": "RT @Edwards007Ryan: The Beast of Barcelona- Ronald Araujo\ud83d\udd35\ud83d\udd34 https://t.co/7a9zRj5hwa"}, {"author_id": 1166716656091107329, "id": 1495284122268442626, "text": "RT @itzbasito: Barcelona satellite campus beaten at home today, Culers don\u2019t have anything to hold body tonight \ud83d\ude02"}, {"author_id": 1102664890265812995, "id": 1495284118262849537, "text": "RT @W0rld2022: Barcelona\n\nDay                          Night https://t.co/6MG2mkGh8C"}, {"author_id": 1274455608931102721, "id": 1495284064470933504, "text": "RT @Sir_Kwofae: Chelsea and Crystal Palace are playing,\n\nCity and Spurs are playing,\n\nValencia and Barcelona are playing,\netc.\n\nBut the big\u2026"}, {"author_id": 3431512468, "id": 1495284049895694341, "text": "RT @FabrizioRomano: Frenkie de Jong: \u201cI\u2019m super happy to play for Barcelona. It was my dream and I love playing here. I want to stay year f\u2026"}, {"author_id": 1370363176324190211, "id": 1495284017956114434, "text": "Looking forward to seeing what Cisco innovations are powering the next wave of #5G and #Wi-Fi! \ud83d\ude42 Visit the @Cisco booth @MWCHub Barcelona, February 28 - March 3, 2022! #CiscoGateway https://t.co/X1FrhTBxqt https://t.co/vIW7gynPu5"}, {"author_id": 1413577488714932228, "id": 1495283946237612034, "text": "RT @Joshua_Ubeku: If we had signed Wijlabum, some fans would've left Barcelona."}, {"author_id": 569020659, "id": 1495283809759158272, "text": "RT @Asensii20: LaLiga goals this season:\n\nVinicius Benzema Asensio: 38 goals\n\nFC Barcelona: 38 goals https://t.co/5Xyb739ZCF"}]