[{"author_id": 293711508, "id": 1495213696074797056, "text": "RT @ParsleyJane8: @e_mrockz @IsadoraBright @PAULUSV3 @MindWindex @hazydav @agavecorn @skiddnee @Ziggiezaggie @mayginmcewen @Eathbound420 @R\u2026"}, {"author_id": 721837967745003520, "id": 1495207064418848779, "text": "RT @cherryrepressed: days go by\u2026 in her eyes\u2026 belle\u2026 de jour\u2026 in front of me\u2026 https://t.co/0SWNug6tPO"}, {"author_id": 816332652, "id": 1495205454951165955, "text": "RT @cherryrepressed: days go by\u2026 in her eyes\u2026 belle\u2026 de jour\u2026 in front of me\u2026 https://t.co/0SWNug6tPO"}, {"author_id": 1330646801611956226, "id": 1495201914681708545, "text": "days go by\u2026 in her eyes\u2026 belle\u2026 de jour\u2026 in front of me\u2026 https://t.co/0SWNug6tPO"}, {"author_id": 1479990377105051652, "id": 1495193202529378304, "text": "@gameplouk Last Year at Marienbad, Belle de Jour, Three Crowns of the Sailor and The Cook, The Thief, His Wife &amp; Her Lover"}, {"author_id": 1238024023164030977, "id": 1495159999680679942, "text": "@elizarosewatson Belle de jour,nice view,in my country it's cold,rainy and windy.\"Arschkalt\"\ud83d\ude04\ud83d\ude18\ud83d\udd90\ud83d\udd90"}]