[{"author_id": 29688957, "id": 1494953159218941952, "text": "Why does every \"Die Hard in a...\" article never mention Beverly Hills Cop III? Die Hard in an amusement park! Watching it right now and I still adore it. I don't care, I think this movie is awesome, I'm a big fan of the whole trilogy (especially II). Happy to die on that hill. \ud83d\ude03 https://t.co/zqkNftomHx"}, {"author_id": 864313968554364929, "id": 1494927205557837824, "text": "#53 2/18/22 - Beverly Hills Cop III (1994) https://t.co/Q3L1cDmTka"}, {"author_id": 1481394489801457670, "id": 1494869359482875912, "text": "Did you know that in BEVERLY HILLS COP III #beverlyhills #eddiemurphy #georgelucas #movie #short #clip #tiktok #didyouknow #interesting #cameofameo #twitter #shieldmedia https://t.co/hUgMKPYvLf"}, {"author_id": 69627538, "id": 1494743368265519108, "text": "COPS &amp; ROBOTS One of the great science fiction franchises meets one of the great comedy franchises when a Battlestar Galactica cylon (circa 1978 style) appears on-screen in Beverly Hills Cop III. https://t.co/Y0gxNQ0NSY\n\n#BattlestarGalactica #MovieProps #Cosplay #MoviesCollector https://t.co/BUZFPZRBeG"}, {"author_id": 15085836, "id": 1494740939440590854, "text": "Beverly Hills Cop III is extremely underrated. Beverly Hills Cop II sucks shit. https://t.co/skhTCPlkNV"}, {"author_id": 2374146054, "id": 1494412024364867586, "text": "@russty_russ @transdiffusion I have a sneaking suspicion that broadcast of Beverly Hills Cop III was edited a tad."}, {"author_id": 452077920, "id": 1494348372211380232, "text": "@filmstoriespod Superman III - after all II is just part 2 of the original and not meant as a follow up. Also Beverly Hills Cop 2."}, {"author_id": 23268585, "id": 1493420139089473538, "text": "36. Beverly Hills Cop III (John Landis, 1994) #NowWatching https://t.co/xynsjoRUtH"}, {"author_id": 1476346961422860299, "id": 1493409307857235969, "text": "@anglish15 Everybody else already took the good ones, so here are a few curios: Roman Polanski in Rush Hour 3, Barry Levinson in High Anxiety, Tim Burton in Cameron Crowe\u2019s Singles, and finally George Lucas in John Landis\u2019s Beverly Hills Cop III, because he needed the money. https://t.co/1lG0ugvc7s"}, {"author_id": 2415945055, "id": 1493271672606052352, "text": "Ok I know it's been a year but Coming 2 America is so fucking terrible. I wasn't expecting a masterpiece like the original but it was pure shit. Daddy Day Care, Meet Dave and Beverly Hills Cop III kinda shit but even worse. This is the first time I've been able to talk about it"}, {"author_id": 3787887918, "id": 1493254162137575425, "text": "The 10 worst comedy movies:\n\n10) Beverly Hills Cop III\n9) the latest Adam Sandler crap\n8) the Adam Sandler trash before that\n7) the Adam Sandler junk before that\n\u2026 https://t.co/juC0FYexbj"}, {"author_id": 224876680, "id": 1493068967023370243, "text": "@JeepingChris @MsCecileB Now Beverly Hills Cop III is another story\u2026"}]