[{"author_id": 1358186895927296001, "id": 1495290777664167938, "text": "RT @wildmoorsuk: A happy bird of prey, spending endless days soaring through the sky. \ud83e\udd85\n\nThis is how they should all be free to live, not k\u2026"}, {"author_id": 491540960, "id": 1495288397040128003, "text": "$5 Discount for Star Trek Klingon Bird-of-Prey stl files for 3D\u00a0Printing https://t.co/M3kGY20nwz"}, {"author_id": 491540960, "id": 1495288393290366981, "text": "-20% Discount for Star Trek Klingon Bird-of-Prey stl files for 3D\u00a0Printer https://t.co/zuEJoGl3SR"}, {"author_id": 1457913021553065987, "id": 1495271092881170433, "text": "- aiming an electro-charged arrow at the thief's head.\nHer eyes locked on him like those of a bird of prey.\n\n\"Caught you, thief. Surrender right now.\"\n\nThere was definitely something odd about this 'lawachurl'... he looked somehow more... human?"}, {"author_id": 1317472599996272641, "id": 1495270999973146624, "text": "@teafully &lt;:: As a certain bird of prey once said: NOW LET US COMMENCE THE ROCK"}, {"author_id": 838220235282984960, "id": 1495269949421588482, "text": "RT @PDakkadakka: The Federation trying to stop Gul Dukat from flying into the space butthole to fight the Founders in his stolen Bird of Pr\u2026"}, {"author_id": 1178325768343969793, "id": 1495262129619877889, "text": "RT @AstroBin_com: AstroBin's Image of the Day: \"Bird of Prey: IC2395\" by Andy 01\n\nhttps://t.co/1gnNOhnr6V\n\n#astrophotography #astronomy #as\u2026"}, {"author_id": 168624461, "id": 1495258190153457665, "text": "#Artwork 'Bird of Prey II (Minimalist Bronze Falcon statuette)' by Stephen Page is available from https://t.co/ASCdFEq9MV #artist"}, {"author_id": 1404320771506384897, "id": 1495253346470539267, "text": "@jaingurug Wowooo \ud83d\ude33\ud83d\ude33\ud83d\ude0d\ud83d\ude0d..\n\nThe size of this prey bird would make me very wary standing next to it!!\ud83d\ude02"}, {"author_id": 821873849176358912, "id": 1495251581935177733, "text": "RT @rath_22: The Laughing Falcon also called the snake hawk, is a medium-sized bird of prey in the falcon family, the only member of the ge\u2026"}, {"author_id": 266671239, "id": 1495249448192167937, "text": "RT @rath_22: The Laughing Falcon also called the snake hawk, is a medium-sized bird of prey in the falcon family, the only member of the ge\u2026"}, {"author_id": 803810059490709504, "id": 1495248895424675841, "text": "The Laughing Falcon also called the snake hawk, is a medium-sized bird of prey in the falcon family, the only member of the genus Herpetotheres. This Neotropical species is a specialist snake-eater. https://t.co/tPqNflzbuT"}, {"author_id": 874026485086130180, "id": 1495248592470167557, "text": "@WholesomeMeme Bird to mouse:\n\n\ud83c\udfb6I can show you the world,\nShining, shimmering, splendid!\nTell me, princess, now when did you last\nLet your heart decide!\ud83c\udfb5\n\n(See? Bird of Romance, not Bird of Prey!)"}, {"author_id": 823512161783779328, "id": 1495244867911700480, "text": "RT @wildmoorsuk: The UK government is considering a UN recommendation to licence game bird shoots as concern over bird of prey killings con\u2026"}, {"author_id": 227209531, "id": 1495244187830259716, "text": "RT @kesskoppel: The wild animals and the birds come more often to Berlin to eat. Also bees, I mean wild...\nBut you shouldn't feed them. The\u2026"}, {"author_id": 1059913665942568960, "id": 1495244114664767495, "text": "RT @tiorr_2: Follow us and enjoy now with Bird Of Prey - No Serial Killer @noserialk on https://t.co/2HpxFgRG5l"}, {"author_id": 1279544391338729472, "id": 1495242446518861827, "text": "RT @foxfeather: You can now watch, for free, the beautiful film 'Bird of Prey' chronically the story of the endangered Philippine eagle. It\u2026"}, {"author_id": 953731970558722048, "id": 1495240590346399746, "text": "RT @CrystumesBlanks: NEAT Toony style bird of prey base shape! This will be our first time working with toony style eyes on a resin base! C\u2026"}, {"author_id": 1441952749587894280, "id": 1495236345916125193, "text": "RT @ksatnews: A bat falcon has been spotted in the U.S. for the first time in recorded history and the bird of prey made its appearance in\u2026"}, {"author_id": 2868017884, "id": 1495232976241643521, "text": "Destiny 2 Bird of Prey Glitch https://t.co/OmFBPvTYgv via @YouTube"}, {"author_id": 227209531, "id": 1495232965487566849, "text": "The wild animals and the birds come more often to Berlin to eat. Also bees, I mean wild...\nBut you shouldn't feed them. They serve themselves, haha...\nI found this bird of prey near my home! (On the outskirts of Berlin, however, to Malchow)\nkkk https://t.co/dMkB9x7enO"}, {"author_id": 1244730879680958464, "id": 1495228459022536710, "text": "He\u2019s known exactly where Keigo\u2019s been and has just been teasing him.\n\nKeigo is an actual bird of prey yet he\u2019s cowering before the enemy.\n\nHow the turns have tabled.\n\nCaught up in his own thoughts, Keigo didn\u2019t realize Touya had \u2018found\u2019 him."}, {"author_id": 1423004920316313602, "id": 1495224252081098756, "text": "RT @dhamejap: The long-legged buzzard is a bird of prey found widely in several parts of Eurasia and in North Africa.\n#ThePhotoHour \n#Birds\u2026"}, {"author_id": 1392913587518283776, "id": 1495224120610635777, "text": "RT @wildmoorsuk: The UK government is considering a UN recommendation to licence game bird shoots as concern over bird of prey killings con\u2026"}, {"author_id": 531343630, "id": 1495222561000538113, "text": "RT @_NayefSaif: HAWK EAGLE\n\nThe ornate hawk-eagle is a fairly large bird of prey from the tropical Americas.\n\nPhoto credit: @maurowildlife,\u2026"}, {"author_id": 507395565, "id": 1495222358331822081, "text": "RT @wildmoorsuk: The UK government is considering a UN recommendation to licence game bird shoots as concern over bird of prey killings con\u2026"}, {"author_id": 1469197548229312514, "id": 1495205352043806724, "text": "@NFTflooooo @ContrastiveNFT And the \u201cbird of prey\u201d raptor"}, {"author_id": 2475151315, "id": 1495202149361410056, "text": "RT @wildmoorsuk: A happy bird of prey, spending endless days soaring through the sky. \ud83e\udd85\n\nThis is how they should all be free to live, not k\u2026"}, {"author_id": 932633527212036096, "id": 1495201935279882245, "text": "They are a thirty-something year old witch who can walk between worlds. They have a bird of prey as a familiar. Learned magic from books. Wants to meet more paranormal creatures. They generally wear sturdy clothes."}, {"author_id": 409623472, "id": 1495200095226281987, "text": "Aiming arm for the synthes suprapatellar  tibial nail or Klingon bird of prey? #nerdtweet https://t.co/ghWdgpAEi4"}, {"author_id": 1031358307548753921, "id": 1495200045808951302, "text": "RT @CrystumesBlanks: NEAT Toony style bird of prey base shape! This will be our first time working with toony style eyes on a resin base! C\u2026"}, {"author_id": 1319407630608195584, "id": 1495198659654397952, "text": "\u201cFly away, sweet bird of prey\u2026\nFly fly away\nI won\u2019t stand in your way\u2026\u201d https://t.co/GKFARNV5ac"}, {"author_id": 1315434860, "id": 1495195172552028161, "text": "@Minkiemom17 @kh2o I\u2019d YOURE so smart, rebut this https://t.co/U2W3SQrNjr"}, {"author_id": 745860309961875456, "id": 1495193562064904194, "text": "RT @CrystumesBlanks: NEAT Toony style bird of prey base shape! This will be our first time working with toony style eyes on a resin base! C\u2026"}, {"author_id": 1294761277739290624, "id": 1495193549247336448, "text": "@Bird_0f_Prey_ the sun. a card of pure light and joy, good things are coming to you soon! rejoice! if you have been going through a difficult time, the sun brings the message that things are going to get better, a lot better at that! \u2600\ufe0f"}, {"author_id": 4020326655, "id": 1495188102104555522, "text": "bird of prey? no. i am a bird of pray. have you been to church lately?"}, {"author_id": 1363686491071913986, "id": 1495186804001189890, "text": "RT @CrystumesBlanks: NEAT Toony style bird of prey base shape! This will be our first time working with toony style eyes on a resin base! C\u2026"}, {"author_id": 389492817, "id": 1495185549237362689, "text": "And video of the Cooper\u2019s Hawk devouring the House Sparrow. Video has no sound. \n\nCW: small bird being eaten by hawk. Some gore as it consumes prey. \n#GBBC #GreatBackyardBirdCount #raptors #birds https://t.co/rY0ud0Erz5"}, {"author_id": 28523874, "id": 1495184010053619721, "text": "RT @wildmoorsuk: A happy bird of prey, spending endless days soaring through the sky. \ud83e\udd85\n\nThis is how they should all be free to live, not k\u2026"}, {"author_id": 3279093811, "id": 1495182878757376000, "text": "RT @ksatnews: A bat falcon has been spotted in the U.S. for the first time in recorded history and the bird of prey made its appearance in\u2026"}, {"author_id": 1151296190828470273, "id": 1495182130074296321, "text": "RT @CrystumesBlanks: NEAT Toony style bird of prey base shape! This will be our first time working with toony style eyes on a resin base! C\u2026"}, {"author_id": 16425419, "id": 1495181403679510531, "text": "A bat falcon has been spotted in the U.S. for the first time in recorded history and the bird of prey made its appearance in the great state of Texas. https://t.co/8aWF300HLE"}, {"author_id": 2754407701, "id": 1495181207482429443, "text": "@ChrisDoohan Original bird of prey\u2026cast iron"}, {"author_id": 1374345853499019269, "id": 1495177992951193605, "text": "RT @CrystumesBlanks: NEAT Toony style bird of prey base shape! This will be our first time working with toony style eyes on a resin base! C\u2026"}, {"author_id": 27402165, "id": 1495172879469752321, "text": "@DaProdigiousApe Makes me think of that photo in Sylvain Tesson's Snow Panther book. Slowly framing a bird of prey, meanwhile being silently preyed on https://t.co/VKQSZ1q363"}, {"author_id": 1014514281642102785, "id": 1495171140813213696, "text": "RT @wildmoorsuk: A happy bird of prey, spending endless days soaring through the sky. \ud83e\udd85\n\nThis is how they should all be free to live, not k\u2026"}, {"author_id": 1374143634015129602, "id": 1495171123000098820, "text": "RT @CmurkNFT: @Kradenofficial Don\u2019t mind if I do! 1/1 #NTF photography. \u201cBird of Prey\u201d .02 $ETH on polygon https://t.co/JF8juzfk18 https://\u2026"}, {"author_id": 372282689, "id": 1495170629712195584, "text": "RT @lualdara: [AITSF SPOILERS] [ #AITSF #AITheSomniumFiles ] //\n\nbird of prey \ud83e\udeb6\ud83e\ude78 https://t.co/Hde5FmePYN"}, {"author_id": 788224505390989312, "id": 1495169633384550409, "text": "RT @lualdara: [AITSF SPOILERS] [ #AITSF #AITheSomniumFiles ] //\n\nbird of prey \ud83e\udeb6\ud83e\ude78 https://t.co/Hde5FmePYN"}, {"author_id": 131013315, "id": 1495167818769309699, "text": "@Bichonmomof2 Although as some people here have said, it could be a hawk or an owl\u2026 Some sort of bird of prey\u2026"}, {"author_id": 1241121988908810240, "id": 1495167199409020929, "text": "@TwigsBoy @thetidebreaks That seems like a historically bad work environment. Raptor = Bird of Prey."}, {"author_id": 20583344, "id": 1495166738673156096, "text": "RT @wildmoorsuk: A happy bird of prey, spending endless days soaring through the sky. \ud83e\udd85\n\nThis is how they should all be free to live, not k\u2026"}, {"author_id": 3315655429, "id": 1495163834725638144, "text": "RT @OEdswald: @DeputyRustArt Ahh I see, In that case never mind!\nAs one last suggestion and to signify her nature, you could give her big f\u2026"}, {"author_id": 170616732, "id": 1495162683595030528, "text": "RT @guardianopinion: Britain\u2019s sea eagles are a magnificent sight \u2013 so why are people poisoning them? | Helena Horton https://t.co/j6zq5lim\u2026"}, {"author_id": 1359241755967815682, "id": 1495160456419360771, "text": "Meet the \u2018Bird Of Prey\u2019 Stealth Fighter: It Change Aviation History Forever - https://t.co/JeeaqH3ePr"}, {"author_id": 1076682926673211398, "id": 1495160353529167872, "text": "RT @lualdara: [AITSF SPOILERS] [ #AITSF #AITheSomniumFiles ] //\n\nbird of prey \ud83e\udeb6\ud83e\ude78 https://t.co/Hde5FmePYN"}, {"author_id": 814691280781504513, "id": 1495160264437686272, "text": "RT @lualdara: [AITSF SPOILERS] [ #AITSF #AITheSomniumFiles ] //\n\nbird of prey \ud83e\udeb6\ud83e\ude78 https://t.co/Hde5FmePYN"}, {"author_id": 128352598, "id": 1495160214017957895, "text": "Bird of Prey flying over landscapes https://t.co/xLtCLBG7wl"}, {"author_id": 905755719823224832, "id": 1495160077413715973, "text": "Follow us and enjoy now with Bird Of Prey - No Serial Killer @noserialk on https://t.co/2HpxFgRG5l"}, {"author_id": 251785398, "id": 1495159771430895618, "text": "@tiredguvnor @IPAcollectorUK I'm guessing it's the bloke who sends the bird of prey up to stop seagulls shitting on the station roof. Toot toot \ud83d\ude82"}, {"author_id": 1058065935918096384, "id": 1495158949603164162, "text": "RT @lualdara: [AITSF SPOILERS] [ #AITSF #AITheSomniumFiles ] //\n\nbird of prey \ud83e\udeb6\ud83e\ude78 https://t.co/Hde5FmePYN"}, {"author_id": 1121438287351226369, "id": 1495158668832264205, "text": "RT @lualdara: [AITSF SPOILERS] [ #AITSF #AITheSomniumFiles ] //\n\nbird of prey \ud83e\udeb6\ud83e\ude78 https://t.co/Hde5FmePYN"}, {"author_id": 1426334190136606720, "id": 1495158621138792451, "text": "RT @lualdara: [AITSF SPOILERS] [ #AITSF #AITheSomniumFiles ] //\n\nbird of prey \ud83e\udeb6\ud83e\ude78 https://t.co/Hde5FmePYN"}, {"author_id": 1131534267211800576, "id": 1495157632683978755, "text": "RT @wildmoorsuk: A happy bird of prey, spending endless days soaring through the sky. \ud83e\udd85\n\nThis is how they should all be free to live, not k\u2026"}, {"author_id": 1327329757776781315, "id": 1495157410411036681, "text": "RT @lualdara: [AITSF SPOILERS] [ #AITSF #AITheSomniumFiles ] //\n\nbird of prey \ud83e\udeb6\ud83e\ude78 https://t.co/Hde5FmePYN"}, {"author_id": 15020422, "id": 1495156705423937539, "text": "@mass_ave @mariana057 There\u2019s a little bird of prey on the Sun today. It\u2019s the same old thing as yesterday."}, {"author_id": 4235772335, "id": 1495155994955063302, "text": "RT @lualdara: [AITSF SPOILERS] [ #AITSF #AITheSomniumFiles ] //\n\nbird of prey \ud83e\udeb6\ud83e\ude78 https://t.co/Hde5FmePYN"}, {"author_id": 1256761860, "id": 1495154674730680321, "text": "What kind of prey bird is that?"}, {"author_id": 1479794467561517059, "id": 1495153768605921290, "text": "@Kradenofficial Don\u2019t mind if I do! 1/1 #NTF photography. \u201cBird of Prey\u201d .02 $ETH on polygon https://t.co/JF8juzfk18 https://t.co/wu3ppzbayF"}, {"author_id": 896169715940327425, "id": 1495152558217773056, "text": "@Dani_The_Deer I actually saw two birds who might have been hawks today. Or at least some kind of bird of prey."}, {"author_id": 3387584170, "id": 1495152022936559620, "text": "RT @RichardJMurphy: @WildJustice_org Last Saturday did some birding around Ely. Kestrel, buzzard and marsh harrier at Kingfisher bird reser\u2026"}, {"author_id": 81261771, "id": 1495151194850967553, "text": "Riker's wasting time looking for a technical solution when the obvious answer is to try overpowering the Bird of Prey by firing all your weapons at it.\n\nThis is not Riker's finest hour."}, {"author_id": 1488117665860313090, "id": 1495150963019165697, "text": "RT @wildmoorsuk: The UK government is considering a UN recommendation to licence game bird shoots as concern over bird of prey killings con\u2026"}, {"author_id": 1488117665860313090, "id": 1495150801710456840, "text": "RT @wildmoorsuk: A happy bird of prey, spending endless days soaring through the sky. \ud83e\udd85\n\nThis is how they should all be free to live, not k\u2026"}, {"author_id": 1447193374201614347, "id": 1495150368564695040, "text": "@StarTrekFleet Bird of prey"}, {"author_id": 104266152, "id": 1495149980285296645, "text": "RT @wildmoorsuk: The UK government is considering a UN recommendation to licence game bird shoots as concern over bird of prey killings con\u2026"}, {"author_id": 15571483, "id": 1495149187427614728, "text": "RT @wildmoorsuk: A happy bird of prey, spending endless days soaring through the sky. \ud83e\udd85\n\nThis is how they should all be free to live, not k\u2026"}, {"author_id": 1150428844945563648, "id": 1495146773844840457, "text": "RT @KevinPWalling: A woman named Mary, a bird of prey, two margs and @brielleann. \n\nGod Bless the South \ud83c\uddfa\ud83c\uddf8 https://t.co/idqbRIDsqk"}, {"author_id": 211207200, "id": 1495146594110521355, "text": "A woman named Mary, a bird of prey, two margs and @brielleann. \n\nGod Bless the South \ud83c\uddfa\ud83c\uddf8 https://t.co/idqbRIDsqk"}, {"author_id": 1286020882675240962, "id": 1495144598624251905, "text": "RT @hindman_e: Rare bird of prey never before seen in the US is spotted in Texas, photos show #SmartNews  https://t.co/TwJ2kZuxuv"}, {"author_id": 61116932, "id": 1495142269137178625, "text": "RT @2LiliesDesigns: Sterling Silver Owl Necklace, Hedwig Pendant Necklace, Bird of Prey Jewelry, Men Women Amulet Animal Charm, Wisdom Symb\u2026"}, {"author_id": 872484979, "id": 1495141967931625473, "text": "RT @wildmoorsuk: The UK government is considering a UN recommendation to licence game bird shoots as concern over bird of prey killings con\u2026"}, {"author_id": 1877241216, "id": 1495140995641577485, "text": "Pro tip for driving through Kansas: become ridiculously interested in birds of prey and every couple of minutes you'll have a bird to get excited about"}, {"author_id": 1920952730, "id": 1495140519810408448, "text": "@apiculturalLdn @parkbirdslondon Pine martin and Goshawks also prey on reds. On the continent PMs are the main predator of red squirrels &amp; being nocturnal &amp; arboreal, prey on  RSs in the dreys. Pine Martins are also big bird predators.  The red Squirrel being mainly from captive stock makes them vulnerable."}, {"author_id": 917601780820795392, "id": 1495139092895617028, "text": "Sterling Silver Owl Necklace, Hedwig Pendant Necklace, Bird of Prey Jewelry, Men Women Amulet Animal Charm, Wisdom Symbol Lucky Choker Gift https://t.co/4uigwukgRd"}, {"author_id": 1109664018, "id": 1495138802054086657, "text": "@xponential #NFT\ud83d\ude80\u2026 Just minted\ud83d\udd25\ud83d\udd25\ud83d\udd25\u2026 the inner movement of the spirit in the face of difficulties: Bird of prey # 2 The left eye\u2026. \ud83e\udd85\ud83e\udd85\ud83e\udd85\u2026 on #rarible and #objktcom \n1 $XTZ\nhttps://t.co/MiXCUrncnZ\nhttps://t.co/2kHWNPnDSx\nhttps://t.co/cefvnOITyL\n#NFTCommunity \n#generative https://t.co/V64KeYMxA9"}, {"author_id": 116065011, "id": 1495135146240102408, "text": "White-tailed eagles last seen on Isle of Wight in 1780\nhttps://t.co/g4lND1nyqx"}, {"author_id": 1449104301842907143, "id": 1495134519070019596, "text": "RT @A_Bin_Chicken: My local bird of prey centre has been majorly affected by the storm. Please help guys \ud83e\udd7a\ud83d\udc49\ud83d\udc48\n2 birds are missing and aviari\u2026"}, {"author_id": 262817941, "id": 1495131948716544004, "text": "RT @wildmoorsuk: A happy bird of prey, spending endless days soaring through the sky. \ud83e\udd85\n\nThis is how they should all be free to live, not k\u2026"}, {"author_id": 1171231119364112384, "id": 1495131183935475713, "text": "RT @noirdosser: Oooh. There's so much more I want to say on this bird of prey app. We can't keep feeding these taxidermists. So, I won't sa\u2026"}, {"author_id": 969296234, "id": 1495130764496695297, "text": "@WholesomeMeme wouldn't this be from, like, a bird of prey grabbing an animal?? i mean that's just nature, but i wouldn't really call it wholesome LOL"}, {"author_id": 1344929434676195328, "id": 1495127105570488327, "text": "@Bird_0f_Prey_ Omg ok ok don\u2019t take anything I say seriously btw. THEIR TAIL IS DOUBLE THE SIZE OF THEM and low key it looks like there\u2019s poop on their nose \ud83e\udd23. Not but seriously I love your sona the colors are amazing!!"}, {"author_id": 2472542468, "id": 1495126027915431937, "text": "A Bird of Prey...the Size of a House https://t.co/OWLuBEQpcD via @SuburbanBard"}, {"author_id": 2411757752, "id": 1495125849338748936, "text": "RT @wildmoorsuk: A happy bird of prey, spending endless days soaring through the sky. \ud83e\udd85\n\nThis is how they should all be free to live, not k\u2026"}, {"author_id": 1251911209361772545, "id": 1495124660047990789, "text": "RT @wildmoorsuk: A happy bird of prey, spending endless days soaring through the sky. \ud83e\udd85\n\nThis is how they should all be free to live, not k\u2026"}, {"author_id": 1365700844323287043, "id": 1495122932678508552, "text": "RT @wildmoorsuk: A happy bird of prey, spending endless days soaring through the sky. \ud83e\udd85\n\nThis is how they should all be free to live, not k\u2026"}, {"author_id": 4343104335, "id": 1495122362102075392, "text": "RT @wildmoorsuk: A happy bird of prey, spending endless days soaring through the sky. \ud83e\udd85\n\nThis is how they should all be free to live, not k\u2026"}]