[{"author_id": 1494832673373704193, "id": 1495289045643153412, "text": "@Sonjoe_Kutuh Bitter kola\nKolanuts\nGroundnuts\nOrigin bitters\nHoney\nRed ginseng\nTigernut\nGinger/Garlic\nBanana e.t.c\n\nAll of these aforementioned ingredients, when combined and taken, helps in the arrest of male impotency, infertility, weak and flaccid erection and reduces sugar level in blood"}, {"author_id": 1327408493062656005, "id": 1495283741652131841, "text": "Michael E - Bitter Sweet  (Original Mix)\nhttps://t.co/Olb18YirjZ\n{link}"}, {"author_id": 15143027, "id": 1495282727788163072, "text": "@LouiseSwanson @BiancaH80 Pumpkin / Swuash. Saut\u00e9 in mustard oil to which fenugreek seeds (very little, it\u2019s a strong spice and bitter), cayenne, hint of molasses /sugar / jaggery, turmeric and lime/ lemon juice or raw dried mango powder  it combines hint of butter, heat, sweet, sour. Eat with pita."}, {"author_id": 3090043110, "id": 1495274968736751620, "text": "@KylieInCali84 I don't take it. Quit when I was 12. Decided just the cream &amp; sugar might be better, because just the black coffee was too bitter. Never got around to trying the cream &amp; sugar. V-8 with a little pepper hits the spot."}, {"author_id": 1375985677620412416, "id": 1495268961125949442, "text": "After Shen Qiao finished, he picked up a candied fruit from the side and stuffed it into Shen Qiao\u2019s mouth with a sweet voice, \u201cAh-Qiao, if you don\u2019t like bitter medicine, I\u2019ll let them put some barley sugar in it next time. Come on, give me a smile. Don\u2019t always frown.\u201d"}, {"author_id": 1493082962002255872, "id": 1495265602071511041, "text": "RT @xlustorg__: Sugar is sweet and you are bitter\nhttps://t.co/6VGSE1j2Nh https://t.co/WyeIrdI88K"}, {"author_id": 796062340768825348, "id": 1495259841203474432, "text": "@BelleStruts Rapini, tatsoi, sugar snap peas, fiddleheads, asparagus, romanesco, fava beans, bitter melon, cucumber, wasabi, shawo radishes, kiwis, honeydew, limes, avocados, gooseberries, cannabis butter, pistachios, olives, watercress, spinach, edamame, green tea, Roma beans, pozole verde"}, {"author_id": 900865691795857408, "id": 1495243717128581120, "text": "RT @extra_minta: Sugar Song and Bitter Step\u2728 \nKekkai Sensen x Who made me a princess - interesting combination \n\n #\uc5b4\ub290\ub0a0\uacf5\uc8fc\uac00\ub418\uc5b4\ubc84\ub838\ub2e4 #whomademeap\u2026"}, {"author_id": 1393984435410948102, "id": 1495242783690424321, "text": "Let\u2019s hope she hasn\u2019t noticed me slipping sugar and milk into my cup when she makes it. It\u2019s just so bitter!\n\nTea is a drink to be enjoyed, Naruhodo-san.\nYou really don\u2019t have to force yourself to drink it, you know. I don\u2019t like to see you screw up your face so!"}, {"author_id": 1491124072586964996, "id": 1495242562726076424, "text": "@Losing200Pounds It'll be okay. Coffee with cream or half and half and no sugar is way better once you get used to it. And if you don't like the bitter taste of coffee just add a pinch or two of salt. It'll cut the bitter without adding a salty taste if you only add a small amount."}, {"author_id": 815441052609843200, "id": 1495237292331466760, "text": "@blossoms_art any kind that isn't too bitter! i use sugar free creamer so i can sweeten it up too &gt;W&lt; and a lil splash of Kahlua when I have it, makes it so much better"}, {"author_id": 37889726, "id": 1495233966164811781, "text": "I am seriously considering having ice cream delivered to my home\n\nI'd also like a hot cream &amp; milk drink of bitter chocolate, fresh chopped chilli and sugar cane juice"}, {"author_id": 3078278605, "id": 1495227928375869442, "text": "@Mixellaneous_ @MasquildVEVO @Justazag_Z @ghostbunbun I was gonna say They typically add a bitter agent to deter abuse which is why lean became common since it\u2019s just a way to overpower it with sugar"}, {"author_id": 868690868286443520, "id": 1495218257271398404, "text": "Enough of ur bitter sweet \nyour sugar rots my teeth \n\ud83e\uddb7\ud83c\udf6d"}, {"author_id": 238826608, "id": 1495214973068492803, "text": "@pookleblinky Fun fact: most toothpastes also contain SLS, and this is what causes the \u201corange juice effect.\u201d SLS binds to the sugar taste receptors in your mouth without activating them. Unable to taste sweetness, you\u2019re left with the citrus\u2019s natural bitter flavors."}, {"author_id": 3032577950, "id": 1495213386287751174, "text": "#NowPlaying Sugar song and bitter step by UNISON SQUARE GARDEN on J-Rock https://t.co/FFYReTh9JT #jRock https://t.co/KaAUVomOlc"}, {"author_id": 1479991605914320898, "id": 1495202850749575171, "text": "@AfricanGodling Carlton you\u2019re so bitter about Will. Worry about that sugar instead of being in Will\u2019s business and your ex wouldn\u2019t have left you!"}, {"author_id": 1456705759128006660, "id": 1495201897862549509, "text": "RT @bibeauceline50: Happy Monday morning to all my friends around the world. \u2615\ud83e\uddc7\ud83c\udf53 Life is like chocolate, it's the bitter that makes you app\u2026"}, {"author_id": 81863954, "id": 1495194953257226241, "text": "Love is like adding sugar to coffee. If you add less sugar, it will almost give you the bitter taste of coffee. If you add too much, it will not reflect the taste of coffee. This is an important part of love. Love yourself well. https://t.co/nGyKIpjYDR"}, {"author_id": 1192161905978286083, "id": 1495193610232504320, "text": "RT @twinsdaily: The #MNTwins acquired Simeon Woods Richardson in exchange for Jos\u00e9 Berr\u00edos at the 2021 trade deadline. Doing so, they provi\u2026"}, {"author_id": 476179224, "id": 1495191720954408966, "text": "The #MNTwins acquired Simeon Woods Richardson in exchange for Jos\u00e9 Berr\u00edos at the 2021 trade deadline. Doing so, they provided fans with the sugar needed to swallow the bitter medicine that was parting with a fan favorite.\n\n\u270d\ufe0f@seehafer_ https://t.co/vIC1mgpmpS"}, {"author_id": 345744594, "id": 1495191450107232259, "text": "stop taking life so serious, &amp; put sugar on your coffee. don\u2019t be bitter"}, {"author_id": 811074591045066752, "id": 1495185899088322560, "text": "@Wth12342 @Patrick24242678 You can steam them, and search like you would carrots.  I like to coat them with brown sugar, butter, and pepper once them come out of the steamer.  They are a little bitter so light glaze sweetens them up."}, {"author_id": 1482085251664986112, "id": 1495174153518866433, "text": "@RevThomas512 It is the bitter truth that must be told; enough of these sugar coated preaching.  The LORD is your strength."}, {"author_id": 1431695778477654021, "id": 1495169686014611457, "text": "So I'm left with this bitter taste a spoonful of sugar could never fix"}, {"author_id": 1491424186555846665, "id": 1495162480380755968, "text": "@wujueats some of these recipes include a plant-based/artificial sweetener as a substitute for sugar... the thing is that a lot of those sweeteners have a bitter aftertaste...\ud83d\udc80 i'm sorry but the people who make those desserts definitely force themselves to like them \ud83d\ude2d\ud83d\ude2d"}, {"author_id": 1317354272217063424, "id": 1495161137159184388, "text": "@imgracesummers Grandmaster Flash: White Lines...twice as sweet as sugar, twice as bitter as salt. &amp; if u get hooked bady its nobody else's fault, SO DON'T DO IT!!!"}, {"author_id": 986775943166349312, "id": 1495140335831240706, "text": "I have a distaste for bitter things... I normally put a lot of sugar in my coffee..."}, {"author_id": 1312543503520616448, "id": 1495130292608196617, "text": "RT @BotBot_TF_pics: The dour duo of Dead End (Cyberverse) and Remorsel always expect the worst to happen. Dead End tends to rely on snarky\u2026"}, {"author_id": 1214018492, "id": 1495125240648810500, "text": "RT @BotBot_TF_pics: The dour duo of Dead End (Cyberverse) and Remorsel always expect the worst to happen. Dead End tends to rely on snarky\u2026"}, {"author_id": 992516298612658176, "id": 1495123603804798980, "text": "The truth about added sugar - Harvard Health https://t.co/YeM5cXUt8D Americans consume 60 LBS of sugar... in 1 year. Gain 60 LBS? Lose 60 LBS? @HHS_ASH @SachaBaronCohen (Most of this... is HIDDEN FIGURES.) @Oprah"}, {"author_id": 1104168553337495552, "id": 1495109980394979331, "text": "@Sjonlyfans Bitter\nBitter coffee\nNo sugar just coffee"}, {"author_id": 1007197775828738049, "id": 1495106032481177601, "text": "RT @BotBot_TF_pics: The dour duo of Dead End (Cyberverse) and Remorsel always expect the worst to happen. Dead End tends to rely on snarky\u2026"}, {"author_id": 950868130099810305, "id": 1495104348866678785, "text": "@cherry_tones I usually drink caramel latte, unless I need an extra shot of caffeine, then I just drink plain coffee... with lots of sugar, haha. I am not very fond of bitter flavours."}, {"author_id": 1370108650635792392, "id": 1495104202691035136, "text": "RT @BotBot_TF_pics: The dour duo of Dead End (Cyberverse) and Remorsel always expect the worst to happen. Dead End tends to rely on snarky\u2026"}, {"author_id": 1337521872502620161, "id": 1495103105851179010, "text": "RT @BotBot_TF_pics: The dour duo of Dead End (Cyberverse) and Remorsel always expect the worst to happen. Dead End tends to rely on snarky\u2026"}, {"author_id": 477000102, "id": 1495100292479733768, "text": "@Nigella_Lawson tried your bitter orange tart, dusted heavily with icing sugar and served with cr\u00e8me fraiche &amp; meringue clouds with left over egg whites. Remembering D day veteran grandpa 96, who we lost a year ago. He\u2019d have loved it. https://t.co/cpZr9DcqSD"}, {"author_id": 1190339750705672192, "id": 1495099627510636549, "text": "RT @BotBot_TF_pics: The dour duo of Dead End (Cyberverse) and Remorsel always expect the worst to happen. Dead End tends to rely on snarky\u2026"}, {"author_id": 865985609407582213, "id": 1495098824909598721, "text": "RT @BotBot_TF_pics: The dour duo of Dead End (Cyberverse) and Remorsel always expect the worst to happen. Dead End tends to rely on snarky\u2026"}, {"author_id": 1461542060385660928, "id": 1495098331134976001, "text": "Marmalade and sugar songs, peanuts and a bitter step\nToo sickly sweet and bitter, sends my head into a spin"}, {"author_id": 1484334684, "id": 1495097281875308544, "text": "RT @BotBot_TF_pics: The dour duo of Dead End (Cyberverse) and Remorsel always expect the worst to happen. Dead End tends to rely on snarky\u2026"}, {"author_id": 919257859379965952, "id": 1495097216368709634, "text": "RT @BotBot_TF_pics: The dour duo of Dead End (Cyberverse) and Remorsel always expect the worst to happen. Dead End tends to rely on snarky\u2026"}, {"author_id": 1440121798515851271, "id": 1495095841631219718, "text": "The dour duo of Dead End (Cyberverse) and Remorsel always expect the worst to happen. Dead End tends to rely on snarky comments as his luck turns sour. Remorsel  tries to sweeten his bitter dark chocolate heart with the help of his fellow Sugar Shocks. \n\n#Transformers #BotBots https://t.co/gZLdV5I0jY"}, {"author_id": 1306104830520221698, "id": 1495087775116238848, "text": "77. Favorite ED: Sugar Song to Bitter Step from Kekkai Sensen https://t.co/0TVqxNi2Fy"}, {"author_id": 1488458714512527364, "id": 1495086416484728833, "text": "RT @BeerhSociety: BEERH NURSERY.\nBeerh warriors are preparing herbal saplings of Chinese chaste tree (Nirgundi), Malabar nut (Vasa), Grapes\u2026"}, {"author_id": 983528672488337408, "id": 1495070871542632450, "text": "@RainStrive SHE BITTER\n\nDO U LIKE SUGAR WID DAT \ud83d\ude02\ud83d\ude02\ud83d\ude02\ud83d\ude02\ud83d\ude02"}, {"author_id": 1478455023239639043, "id": 1495069580821254152, "text": "RT @xlustorg2: Sugar is sweet and you are bitter\nhttps://t.co/8P6DXjrjmh https://t.co/sfdvx97jnF"}, {"author_id": 1468298062456311808, "id": 1495065325577981954, "text": "@solarpowerhs \ud83d\ude07\ud83d\ude07 if u like sweeter coffee id do it w the brown sugar syrup or some kind of cold foam but if u like more bitter coffee just do a regular shaken espresso with oat milk (or like 3 pumps of brown sugar instead of classic syrup)"}, {"author_id": 1374300575551066113, "id": 1495065058023464962, "text": "since i'm out of sugar i'll drink my coffe just like myself, bitter"}, {"author_id": 821883489658294273, "id": 1495052852775034880, "text": "@Lord_Sugar @SpursOfficial Don't you find the whole football thing bitter sweet anyway ? The saying about having something you have as a hobby , then becomes a job"}, {"author_id": 1428664207336161286, "id": 1495041665161064448, "text": "So I'm left with this bitter taste a spoonful of sugar could never fix"}, {"author_id": 738499842, "id": 1495039032132358149, "text": "They lied to you, avoid sugar \n\nTake back your health.\n\nWhen you stop consuming sugar, you begin appreciating the natural taste of foods that were\nhitherto bitter, sour or metallic in the mouth.\n\nOnce you dump sugar, your\noverall health will improve."}, {"author_id": 1375985677620412416, "id": 1495027164856532993, "text": "After Shen Qiao finished, he picked up a candied fruit from the side and stuffed it into Shen Qiao\u2019s mouth with a sweet voice, \u201cAh-Qiao, if you don\u2019t like bitter medicine, I\u2019ll let them put some barley sugar in it next time. Come on, give me a smile. Don\u2019t always frown.\u201d"}, {"author_id": 1380464879145000960, "id": 1495024977493569539, "text": "Random Thought:\n\nIn Nigeria, there's castor, gum arabic, sesame, shea, bitter kola, ginger, garlic, hibiscus, turmeric and sugar cane. Why can't their extracts be used to produce great consumables? \n\n#RandomThought"}, {"author_id": 1303972324069130240, "id": 1495023357867134981, "text": "3A :D but with some sugar, i cant stand bitter things https://t.co/5fW7K2xGlA"}, {"author_id": 1454277596930322433, "id": 1495022360734298112, "text": "RT @xlustorg3: Sugar is sweet and you are bitter\nhttps://t.co/9gbQYpozXx https://t.co/wx2gerqHQ1"}, {"author_id": 1015270357077495808, "id": 1495021700999753734, "text": "@1234567ven @dearclassified @BTS_twt If it\u2019s too bitter you can always add honey or more sugar. But yes all you have to do is add hot water to 1-2 tablespoons of it."}, {"author_id": 4922888463, "id": 1495020474774003714, "text": "RT @BeerhSociety: BEERH NURSERY.\nBeerh warriors are preparing herbal saplings of Chinese chaste tree (Nirgundi), Malabar nut (Vasa), Grapes\u2026"}, {"author_id": 798263621079932929, "id": 1494990888459714562, "text": "@js10475 Depends on the coffee. Got some bitter stuff so have been adding a few teaspoons of sugar. . I never go to Starbucks"}, {"author_id": 1107970011115577344, "id": 1494986476915806209, "text": "@KVROMEE on, way too spontaneous but it\u2019s sugar- who doesn\u2019t get excited? (other than type 1 and 2 diabetes people). So he\u2019s not sick of seeing her face. \u201cI think it\u2019d be a great combination with black coffee, bitter sweet.\u201d"}, {"author_id": 1356432012626718720, "id": 1494983401564086272, "text": "\ud83d\ude01\nhttps://t.co/amGPX3DF1I is too bitter, add more sugar.\n#\u0e17\u0e17\u0e17xGULF"}, {"author_id": 1323677714331652097, "id": 1494983274929737730, "text": "( Ignoring the obvious 'look' she's been given, she hums under her breath \u2014 standing on her tip-toes while /trying/ to make coffee, all without spilling them drink. )\n\nDo you want sugar today? Or maybe you prefer it bitter? ^^\n\n( Just a random question. ) https://t.co/cLRZAAEMfT"}, {"author_id": 1356432012626718720, "id": 1494982972767801348, "text": "- \u0317\u0300  \ud83d\udca1\u0316\u0301-\nhttps://t.co/amGPX3DF1I is too bitter, add more sugar.\n#\u0e17\u0e17\u0e17xGULF"}, {"author_id": 1356432012626718720, "id": 1494982804563582976, "text": "\ud83d\udc63\ud83d\udc63\nhttps://t.co/amGPX3DF1I is too bitter, add more sugar.\n#\u0e17\u0e17\u0e17xGULF"}, {"author_id": 1356432012626718720, "id": 1494982603572584448, "text": "\ud83e\udda2\nhttps://t.co/amGPX3DF1I is too bitter, add more sugar.\n#\u0e17\u0e17\u0e17xGULF"}, {"author_id": 1472477290508402689, "id": 1494969953467834370, "text": "RT @BeerhSociety: BEERH NURSERY.\nBeerh warriors are preparing herbal saplings of Chinese chaste tree (Nirgundi), Malabar nut (Vasa), Grapes\u2026"}]