[{"author_id": 1023794400210690048, "id": 1495285340017364995, "text": "RT @WrestlingCovers: BLADE RUNNER!\n@JayWhiteNZ wins again!\n#NoSurrender #ImpactWrestling https://t.co/6L2g3fuYpi"}, {"author_id": 1447877070588157961, "id": 1495285217573183489, "text": "[$11.99]\nFunko POP! Movies: Blade Runner - Pris\n#funkoPOP\nSource: Target Search\nReason: Shipping availability: IN_STOCK\nPromise Count: 2\n\n01:32:00.4160 AM EST #Ad\n\nhttps://t.co/dhUEyJ1dS9"}, {"author_id": 27513328, "id": 1495285084529872900, "text": "RT @SeanRossSapp: @KerrySc52959104 @JayWhiteNZ @youngbucks A guy by the name of Alex Shelley.\n\nhttps://t.co/venKEADncd"}, {"author_id": 27513328, "id": 1495284817591779329, "text": "@KerrySc52959104 @JayWhiteNZ @youngbucks A guy by the name of Alex Shelley.\n\nhttps://t.co/venKEADncd"}, {"author_id": 1034387708, "id": 1495284772809052164, "text": "damn just moved and my bedroom is where hans zimmer recorded the score to blade runner 2049 and also the spongebob movie and now I\u2019m just gonna fart in it that\u2019s fucking sick"}, {"author_id": 1425164839815626755, "id": 1495284678483492865, "text": "RT @ThatJakePC: Blade Runner 2049: there\u2019s not an ounce of noir in this yet I still think it\u2019s one of the most profoundly lonely films ever."}, {"author_id": 2522324507, "id": 1495284385959976960, "text": "RT @adafruit: Douglas Trumbull Dead: Created VFX for 2001, Blade Runner https://t.co/70QAUV98gX"}, {"author_id": 158137619, "id": 1495283863722991622, "text": "RT @WrestlingCovers: BLADE RUNNER!\n@JayWhiteNZ wins again!\n#NoSurrender #ImpactWrestling https://t.co/6L2g3fuYpi"}, {"author_id": 1668647840, "id": 1495283587096080391, "text": "RT @hudson_chatbots: Douglas Trumbull, VFX whiz for \u2018Blade Runner\u2019, \u20182001\u2019 and others, dies at 79: #artificialintelligence #iot cc @worldtr\u2026"}, {"author_id": 1251611405528301571, "id": 1495283569949827074, "text": "RT @todayonscreen: Today, February 14, 2016, is the birthdate of the replicant known as Pris. Bioengineered humans created by Tyrell Corpor\u2026"}, {"author_id": 709790629, "id": 1495283449317695488, "text": "RT @WrestlingCovers: BLADE RUNNER!\n@JayWhiteNZ wins again!\n#NoSurrender #ImpactWrestling https://t.co/6L2g3fuYpi"}, {"author_id": 1095259492172816386, "id": 1495283345294454789, "text": "RT @ThatJakePC: Blade Runner 2049: there\u2019s not an ounce of noir in this yet I still think it\u2019s one of the most profoundly lonely films ever."}, {"author_id": 942189548951539715, "id": 1495282963528892417, "text": "RT @ThatJakePC: Blade Runner 2049: there\u2019s not an ounce of noir in this yet I still think it\u2019s one of the most profoundly lonely films ever."}, {"author_id": 1171203706014130177, "id": 1495282840463945730, "text": "RT @opokudakwalypse: Synth pop goodness with Blade Runner eye candy\n\n#electronicmusic #synthwave #synthwave \n\nhttps://t.co/7fpS2sQDux"}, {"author_id": 1292629268367724544, "id": 1495282135015440385, "text": "RT @CyberpunkSF: Series of concept car designs by Syd Mead for \"Blade Runner\" (1980) [1/2] https://t.co/XJA7qlulUq"}, {"author_id": 1351689072440434688, "id": 1495282073111863300, "text": "@ufc @ESPNPlus *i need you to cameo in the third installment of blade runner*"}, {"author_id": 1461594798834561026, "id": 1495281970737254403, "text": "RT @ThatJakePC: Blade Runner 2049: there\u2019s not an ounce of noir in this yet I still think it\u2019s one of the most profoundly lonely films ever."}, {"author_id": 1164314820, "id": 1495281665207328768, "text": "RT @WrestlingCovers: BLADE RUNNER!\n@JayWhiteNZ wins again!\n#NoSurrender #ImpactWrestling https://t.co/6L2g3fuYpi"}, {"author_id": 27614819, "id": 1495281028318908416, "text": "RT @_sinesapiens_: Sean Young, Blade Runner, 1982 https://t.co/w9Z4of8hTK"}, {"author_id": 1447877070588157961, "id": 1495279690474569728, "text": "[$11.99]\nFunko POP! Movies: Blade Runner - Roy Batty\n#funkoPOP\nSource: Target Search\nReason: Shipping availability: IN_STOCK\nPromise Count: 2\n\n01:10:01.3420 AM EST #Ad\n\nhttps://t.co/oBTpgPir12"}, {"author_id": 950783869158088704, "id": 1495279223103053827, "text": "RT @hudson_chatbots: Douglas Trumbull, VFX whiz for \u2018Blade Runner\u2019, \u20182001\u2019 and others, dies at 79: #artificialintelligence #iot cc @worldtr\u2026"}, {"author_id": 1151494493054484481, "id": 1495279218363703300, "text": "RT @hudson_chatbots: Douglas Trumbull, VFX whiz for \u2018Blade Runner\u2019, \u20182001\u2019 and others, dies at 79: #artificialintelligence #iot cc @worldtr\u2026"}, {"author_id": 3366716763, "id": 1495279184838475776, "text": "Douglas Trumbull Dead: Created VFX for 2001, Blade Runner https://t.co/MXqHwKXKD5 https://t.co/LSrJsmZbVf"}, {"author_id": 48739848, "id": 1495279138638340096, "text": "RT @ThatJakePC: Blade Runner 2049: there\u2019s not an ounce of noir in this yet I still think it\u2019s one of the most profoundly lonely films ever."}, {"author_id": 3064146644, "id": 1495278925013938180, "text": "RT @hudson_chatbots: Douglas Trumbull, VFX whiz for \u2018Blade Runner\u2019, \u20182001\u2019 and others, dies at 79: #artificialintelligence #iot cc @worldtr\u2026"}, {"author_id": 974140999118319616, "id": 1495278859499016194, "text": "Douglas Trumbull, VFX whiz for \u2018Blade Runner\u2019, \u20182001\u2019 and others, dies at 79: #artificialintelligence #iot cc @worldtrendsinfo https://t.co/wuLa2Grttm https://t.co/3D0CExnyQw"}, {"author_id": 958622619955208192, "id": 1495278828083576833, "text": "RT @ThatJakePC: Blade Runner 2049: there\u2019s not an ounce of noir in this yet I still think it\u2019s one of the most profoundly lonely films ever."}, {"author_id": 1356546940775788544, "id": 1495278326964834306, "text": "RT @ThatJakePC: Blade Runner 2049: there\u2019s not an ounce of noir in this yet I still think it\u2019s one of the most profoundly lonely films ever."}, {"author_id": 299138851, "id": 1495278134765182977, "text": "Roy\nBlade Runner on my blog https://t.co/KYy8dPCPAJ https://t.co/JSMQtOvTl1"}, {"author_id": 2910284885, "id": 1495277910021885954, "text": "@FrickEpic That's just Rutger Hauer in Blade Runner https://t.co/fHCPicjYIR"}, {"author_id": 792377553533095936, "id": 1495277900462968832, "text": "RT @ThatJakePC: Blade Runner 2049: there\u2019s not an ounce of noir in this yet I still think it\u2019s one of the most profoundly lonely films ever."}, {"author_id": 1489760928954470401, "id": 1495277574540378113, "text": "Damn girl are you Blade Runner 2049 cuz ur a 10"}, {"author_id": 1351370067649425408, "id": 1495277451030659076, "text": "RT @wiIdshot: \u2022 fallen angels (1995)\n\u2022 blade runner (1982)\n\u2022 the perks of being a wallflower (2012)\n\u2022 parasite (2019) https://t.co/RdgimuG1\u2026"}, {"author_id": 862577950339678209, "id": 1495277332164083712, "text": "Watching Blade Runner 2049....Man https://t.co/U7SXTUwfPy"}, {"author_id": 1412863752181981184, "id": 1495277241235689473, "text": "RT @cybergrindset: \"What am I, some kinda Blade Runner?\" - Blade Runner"}, {"author_id": 1473500540688547847, "id": 1495276786866864128, "text": "Jay white should hit the blade runner on..Sting"}, {"author_id": 1331292064953274368, "id": 1495276693250007040, "text": "RT @PbSULAK: Philip K. Dick, as he created the book which inspired \"Blade Runner\", wondered if an total lack of empathy meant one had cease\u2026"}, {"author_id": 2188499120, "id": 1495276608814743553, "text": "RT @ThatJakePC: Blade Runner 2049: there\u2019s not an ounce of noir in this yet I still think it\u2019s one of the most profoundly lonely films ever."}, {"author_id": 1951019052, "id": 1495276200230473731, "text": "RT @GPrime85: Trying to watch Dune. Could I be honest? I don\u2019t enjoy Denis Villeneuve's films.\n\nBetween Arrival, Blade Runner 2049, and thi\u2026"}, {"author_id": 1105187696442368000, "id": 1495275760050847746, "text": "@robin_VEVO I\u2019m mostly memeing but my pfp is from the og blade runner which is the superior blade runner by far"}, {"author_id": 3242015161, "id": 1495275527783219201, "text": "RT @RealJayVenom: @Tama_Tonga just hit a Cross Rhodes on @MachineGunKA, and @JayWhiteNZ hit Tama with a Blade Runner?!? Wow. I guess the be\u2026"}, {"author_id": 1491901809308442626, "id": 1495275258374496262, "text": "RT @Black_Lotus2021: Jessica Henwick on 'Blade Runner: Black Lotus,\u2019 Elle\u2019s Journey, and Working with Lana Wachowski on \u2018The Matrix Resurre\u2026"}, {"author_id": 850428461713719296, "id": 1495275181140492288, "text": "@ThatJakePC Interesting. I find both the original Blade Runner and 2049 to be every inch film noir. \u201cTech noir\u201d perhaps as a sci fi noir genre, but it shares virtually all the hall marks with a traditional Bogart type detective film."}, {"author_id": 18001452, "id": 1495275063570018307, "text": "RT @ThatJakePC: Blade Runner 2049: there\u2019s not an ounce of noir in this yet I still think it\u2019s one of the most profoundly lonely films ever."}, {"author_id": 4633373074, "id": 1495274875870748674, "text": "RT @invbotfunko: [$11.99]\nFunko POP! Movies: Blade Runner - Rick Deckard\n#funkoPOP\nSource: Target Search\nReason: Shipping availability: IN_\u2026"}, {"author_id": 1447877070588157961, "id": 1495274845428502530, "text": "[$11.99]\nFunko POP! Movies: Blade Runner - Rick Deckard\n#funkoPOP\nSource: Target Search\nReason: Shipping availability: IN_STOCK\nPromise Count: 2\n\n12:50:43.0110 AM EST #Ad\n\nhttps://t.co/HjLA9lzm68"}, {"author_id": 1237938119405600769, "id": 1495274775308034053, "text": "i don\u2019t tweet about film stuff much but every time i see tweets abt blade runner 2049 that go like \u201cwow! this movie is abt how everything is fake and therefore valueless!\u201d it makes me want to DIE"}, {"author_id": 164083217, "id": 1495274664532262912, "text": "Synth pop goodness with Blade Runner eye candy\n\n#electronicmusic #synthwave #synthwave \n\nhttps://t.co/7fpS2sQDux"}, {"author_id": 1238870852701163524, "id": 1495274521347117056, "text": "The Blade Runner &gt;&gt;&gt; Vince McMahon\u2019s Gore"}, {"author_id": 1238870852701163524, "id": 1495274381387382787, "text": "RT @WrestlingCovers: BLADE RUNNER!\n@JayWhiteNZ wins again!\n#NoSurrender #ImpactWrestling https://t.co/6L2g3fuYpi"}, {"author_id": 182074763, "id": 1495274223048216577, "text": "@birbigs I don\u2019t remember any of those in Blade Runner."}, {"author_id": 1458558637719396353, "id": 1495273893162070020, "text": "RT @Black_Lotus2021: Jessica Henwick on 'Blade Runner: Black Lotus,\u2019 Elle\u2019s Journey, and Working with Lana Wachowski on \u2018The Matrix Resurre\u2026"}, {"author_id": 2945372219, "id": 1495273487128313863, "text": "RT @ThatJakePC: Blade Runner 2049: there\u2019s not an ounce of noir in this yet I still think it\u2019s one of the most profoundly lonely films ever."}, {"author_id": 1251348051819671558, "id": 1495272659424358402, "text": "RT @scottderrickson: WATCHMEN: THE ULTIMATE CUT is a DC film, and if I\u2019m being honest, my favorite comic book movie to date.\n\nIt is the BLA\u2026"}, {"author_id": 1487194856321605632, "id": 1495271785352384512, "text": "RT @GPrime85: Trying to watch Dune. Could I be honest? I don\u2019t enjoy Denis Villeneuve's films.\n\nBetween Arrival, Blade Runner 2049, and thi\u2026"}, {"author_id": 1460979009043447808, "id": 1495270385796923399, "text": "BLADE RUNNER PUNK #4860 bought for 0.015\u039e ($40.70) #NFT #BladeRunnerPunks #BRP #BRUNK https://t.co/RpfG02ngBT"}, {"author_id": 4875279137, "id": 1495269309677027332, "text": "@RobertaLipp Are you talking about the original or the reboot version? The original is better to me because the special effects didn't overwhelm the story and characters. The Blade Runner 2049 has incredible visuals and Jared Leto."}, {"author_id": 3710141840, "id": 1495269124494151681, "text": "RT @ThatJakePC: Blade Runner 2049: there\u2019s not an ounce of noir in this yet I still think it\u2019s one of the most profoundly lonely films ever."}, {"author_id": 46698913, "id": 1495268879429353472, "text": "RT @ThatJakePC: Blade Runner 2049: there\u2019s not an ounce of noir in this yet I still think it\u2019s one of the most profoundly lonely films ever."}, {"author_id": 1365150975866982402, "id": 1495268537882972160, "text": "RT @fandom_lake: Quite an experience to live in fear, isn't it? ...\nBLADE RUNNER AU #silco #viktor #roboviktor https://t.co/5V7pqXjVHk"}, {"author_id": 1430942069338615816, "id": 1495268440118018048, "text": "RT @EntWeeklyRP: \u00a9 \ud835\uddd8\ud835\uddfb\ud835\ude01\ud835\uddf2\ud835\uddff\ud835\ude01\ud835\uddee\ud835\uddf6\ud835\uddfb\ud835\uddfa\ud835\uddf2\ud835\uddfb\ud835\ude01 \ud835\uddea\ud835\uddf2\ud835\uddf2\ud835\uddf8\ud835\uddf9\ud835\ude06 \u203a #EntWeeklyRP \ud83d\udcce\n\nBelow during Comic Con, the Blade Runner cast answered a few questions. | #BladeR\u2026"}, {"author_id": 197693321, "id": 1495267492138258433, "text": "RT @ThatJakePC: Blade Runner 2049: there\u2019s not an ounce of noir in this yet I still think it\u2019s one of the most profoundly lonely films ever."}, {"author_id": 979832411440795648, "id": 1495267475692441602, "text": "RT @RAZ0RFIST: Come on, CERN. \nCan't you smash enough subatomic bullshit together so we can have a universe with only one Blade Runner movi\u2026"}, {"author_id": 3375935985, "id": 1495267209672863744, "text": "just watched Blade Runner 2049, pretty flippin awesome guys"}, {"author_id": 1189416374, "id": 1495267103724630020, "text": "@TitsLeRoux Reminds me of Daryl Hanna in Blade Runner - the original version"}, {"author_id": 1454930153524678656, "id": 1495266977237118976, "text": "RT @GPrime85: Trying to watch Dune. Could I be honest? I don\u2019t enjoy Denis Villeneuve's films.\n\nBetween Arrival, Blade Runner 2049, and thi\u2026"}, {"author_id": 487777321, "id": 1495266288599326723, "text": "Blade Runner and BR 2049 are great, but I always wonder where the other 2,047 sequels went"}, {"author_id": 797815804599234560, "id": 1495266024945381377, "text": "@TaboriHK opening scene with the followup Kavinsky song was pretty killer.    Gosling plays the low-key quiet guy well, as he did in Blade Runner"}, {"author_id": 831042614677762048, "id": 1495265980049772550, "text": "BLADE RUNNER  Screenplay by  HAMPTON FANCHER  and  DAVID PEOPLES  February 23, 1981  NOTE: THE HARD COPY OF (1) @bladerunner #bladerunner THIS SCRIPT CONTAINED SCENE NUMBERS  AND SOME \"SCENE OMITTED\" SLUGS. THEY HAVE BEEN REMOVED FOR  THIS SOFT (2) @bladerunner #bladerunner"}, {"author_id": 1343593128, "id": 1495265834628964352, "text": "RT @ThatJakePC: Blade Runner 2049: there\u2019s not an ounce of noir in this yet I still think it\u2019s one of the most profoundly lonely films ever."}, {"author_id": 3234327887, "id": 1495265821412806658, "text": "RT @jordandenenyc: proudly presenting: one of the most popular articles we've ever published. @rubycosmos\nhttps://t.co/GrcfJvdJu9 https://t\u2026"}, {"author_id": 384091493, "id": 1495264214528806913, "text": "RT @TopCow: #BreakingNews @TopCow/@ImageComics is proud to announce METAL SOCIETY by @zackkaps @BalbiGuilherme and @Marco_Lesko and lettere\u2026"}, {"author_id": 1155560184191868929, "id": 1495263694053277700, "text": "@ThatJakePC They did \"Blade Runner\" on the newest Weird Studies episode.  Very good.\nhttps://t.co/LUfzUOdPls"}, {"author_id": 913544885659193345, "id": 1495262873756569600, "text": "RT @ThatJakePC: Blade Runner 2049: there\u2019s not an ounce of noir in this yet I still think it\u2019s one of the most profoundly lonely films ever."}, {"author_id": 1454295070534815745, "id": 1495262758681513986, "text": "\"What am I, some kinda Blade Runner?\" - Blade Runner"}, {"author_id": 777741819861880832, "id": 1495262592205422592, "text": "RT @melissax1125: TOO SWEET \ud83e\udd18\ud83c\udffb\n\nmy gosh, never get sick of seeing Jay White do his Blade Runner \ud83e\udd0c\ud83c\udffb\ud83e\udd0c\ud83c\udffb\ud83e\udd0c\ud83c\udffb"}, {"author_id": 20731304, "id": 1495262195600531458, "text": "Douglas Trumbull Dead: Created VFX for 2001, Blade Runner https://t.co/70QAUV98gX"}, {"author_id": 43635221, "id": 1495261720813576195, "text": "RT @GPrime85: Trying to watch Dune. Could I be honest? I don\u2019t enjoy Denis Villeneuve's films.\n\nBetween Arrival, Blade Runner 2049, and thi\u2026"}, {"author_id": 993279617938042880, "id": 1495261605403058178, "text": "RT @ThatJakePC: Blade Runner 2049: there\u2019s not an ounce of noir in this yet I still think it\u2019s one of the most profoundly lonely films ever."}, {"author_id": 346931198, "id": 1495261409051095042, "text": "blade runner 2049 is literally neo-noir\u2026\u2026\u2026 what are you talking about \ud83d\ude2d https://t.co/N295rISfV4"}, {"author_id": 1179621692982923264, "id": 1495261350972444672, "text": "RT @Nairobi3601: @TundeTASH 7/10s ON STORY LINE &amp; CINEMATOGRAPHY\nShutter Island\nThere Will Be Blood\nPulp Fiction\nInglourious Basterds\nFind\u2026"}, {"author_id": 1083090986509762560, "id": 1495261177777164292, "text": "RT @GPrime85: Trying to watch Dune. Could I be honest? I don\u2019t enjoy Denis Villeneuve's films.\n\nBetween Arrival, Blade Runner 2049, and thi\u2026"}, {"author_id": 193743738, "id": 1495261162778206217, "text": "RT @ThatJakePC: Blade Runner 2049: there\u2019s not an ounce of noir in this yet I still think it\u2019s one of the most profoundly lonely films ever."}, {"author_id": 1402305871603015685, "id": 1495261051243405314, "text": "RT @ThatJakePC: Blade Runner 2049: there\u2019s not an ounce of noir in this yet I still think it\u2019s one of the most profoundly lonely films ever."}]