[{"author_id": 57272214, "id": 1495289119743918084, "text": "RT @adv_fulcrum: The young have hope. The old have finally kissed the moment. This is the divide. The beginning of our journey to bliss, li\u2026"}, {"author_id": 1210962440000720897, "id": 1495289068393050113, "text": "@Enjoy_the_Bliss Worth more than a penny \ud83d\ude18"}, {"author_id": 1216576882461888513, "id": 1495289049061466113, "text": "RT @Silver_MistMoon: Next week themes for the signs (s, m, r, v) \n\nAries - question being answered,  clarity\nTaurus - surprises,  offers\nGe\u2026"}, {"author_id": 806354853203038208, "id": 1495289036361007104, "text": "RT @alexablissguys: Alexa Bliss breaks silence after highly awaited in-ring return at the Elimination Chamber https://t.co/RMYzhV4wTT"}, {"author_id": 1095737131203481600, "id": 1495289033974595585, "text": "RT @adv_fulcrum: The young have hope. The old have finally kissed the moment. This is the divide. The beginning of our journey to bliss, li\u2026"}, {"author_id": 3940078438, "id": 1495289029956276225, "text": "@SaloniBantoo Happiest of Birthdays to you \ud83c\udf82\ud83c\udf82May the year bring you the life\u2019s biggest joys and never-ending bliss. \u2728\ud83d\udcab"}, {"author_id": 967937889618325505, "id": 1495289003863683072, "text": "RT @jerk_to_divas: Almost nothing beats Nxt era Alexa Bliss https://t.co/VlIqpKJiG6"}, {"author_id": 1493445012482318343, "id": 1495288970246303747, "text": "RT @adv_fulcrum: The young have hope. The old have finally kissed the moment. This is the divide. The beginning of our journey to bliss, li\u2026"}, {"author_id": 1494537901400793088, "id": 1495288958820884480, "text": "RT @asharamjibapu_: Pure love, cheerfulness and bliss are the necessities of human beings as they have originated from bliss absolute.  #As\u2026"}, {"author_id": 385890417, "id": 1495288895688228867, "text": "RT @Rojotortoise: My Dream:\nTrue love\nShall rise from the \nAshes\nLike a Phoenix \nGlorious and\nFeathered in a splenderous \nArray of colors\nA\u2026"}, {"author_id": 849074902439219201, "id": 1495288892463140867, "text": "RT @WWE: TWISTED BLISS! \ud83e\udd29\n\nAnd @AlexaBliss_WWE pins @YaOnlyLivvOnce at #WWEChamber! https://t.co/GHsVLpRCvC"}, {"author_id": 1412524440882061313, "id": 1495288879833763845, "text": "@ExposableThe A prolonged state of bliss and paradise?"}, {"author_id": 932586232823078912, "id": 1495288863023144961, "text": "RT @adv_fulcrum: The young have hope. The old have finally kissed the moment. This is the divide. The beginning of our journey to bliss, li\u2026"}, {"author_id": 3831838336, "id": 1495288846564667392, "text": "Brunch in my slip dress\nFisherman Rice from Z kitchen \nSpa treatment and bliss for March \u263a\ufe0f\u263a\ufe0f"}, {"author_id": 963616203955568640, "id": 1495288819251552261, "text": "RT @jackie_french_: You must remember this\nA carrot lover's bliss\nYou'll see a wombat smile...\nMoonlight and munching, never out out of dat\u2026"}, {"author_id": 2319294308, "id": 1495288815325696002, "text": "RT @neelikhan: Love \u2665\ufe0f #SalmanKhan #Sultan Bliss \ud83d\udc8e https://t.co/0GxsvSuXMW"}, {"author_id": 1494626887137918976, "id": 1495288703237124103, "text": "RT @asharamjibapu_: Pure love, cheerfulness and bliss are the necessities of human beings as they have originated from bliss absolute.  #As\u2026"}, {"author_id": 1218143781851021312, "id": 1495288653203243008, "text": "RT @notesonwisdom: Ur ultimate demise was so Uncertain,but beyond this void u have Given me treasure of blithesome moments of Urs \nWhich is\u2026"}, {"author_id": 1477144335099461633, "id": 1495288611742224388, "text": "@OfOldSoldier \u201cYes, please. Your chicken alfredo on Valentine\u2019s Day was amazing. But\u2014\u2014obviously, we can go with something else. Anything else.\u201d \n\nShe also shuts her eyelids in bliss."}, {"author_id": 1286277671433973760, "id": 1495288579941371911, "text": "RT @tamil_cuck: My Awesome day with banglore cpls .... Husband command while gently jerking his meat... Hatsoff to his camera ... Especiall\u2026"}, {"author_id": 884929270614638592, "id": 1495288576069849092, "text": "RT @ODELL: If you can't understand the value proposition of a seizure resistant global financial network, then I must congratulate you on y\u2026"}, {"author_id": 2723782995, "id": 1495288540720152576, "text": "RT @Blissturbed: Saturday Bliss \ud83d\ude0e\ud83d\ude0e\ud83d\ude0e\ud83d\ude18 https://t.co/Pxgj13Nkvu"}, {"author_id": 1072826037472505856, "id": 1495288532444889088, "text": "RT @TizedByAmethyst: Thinking is clinging to useless uncertainty and pesky insecurities. Giving up control is freedom. Slavery is absolute\u2026"}, {"author_id": 65355675, "id": 1495288528787456003, "text": "RT @adv_fulcrum: The young have hope. The old have finally kissed the moment. This is the divide. The beginning of our journey to bliss, li\u2026"}, {"author_id": 1207093837786701824, "id": 1495288527621398533, "text": "what about a gaslighting or ultimate bliss special stage \ud83e\udd7a\ud83d\udc49\ud83c\udffc\ud83d\udc48\ud83c\udffc"}, {"author_id": 1131525747653435393, "id": 1495288514291933188, "text": "RT @adv_fulcrum: The young have hope. The old have finally kissed the moment. This is the divide. The beginning of our journey to bliss, li\u2026"}, {"author_id": 1480678706909696005, "id": 1495288510743552001, "text": "RT @GoddessEmiliaa: Take the first step.\n\nFeel the bliss of losing yourself to my desires, beauty &amp; power.\n\nYou need &amp; crave my greed. http\u2026"}, {"author_id": 1198172845500592128, "id": 1495288488132222976, "text": "@ravikeerthi22 Mysuru is bliss.\nallday, everyday\ud83e\udd70"}, {"author_id": 219638957, "id": 1495288470742388749, "text": "RT @adv_fulcrum: The young have hope. The old have finally kissed the moment. This is the divide. The beginning of our journey to bliss, li\u2026"}, {"author_id": 1444668956585848834, "id": 1495288457479946242, "text": "RT @asharamjibapu_: Pure love, cheerfulness and bliss are the necessities of human beings as they have originated from bliss absolute.  #As\u2026"}, {"author_id": 1207093837786701824, "id": 1495288422797357058, "text": "@OnlyOneOf_twt what about a gaslighting or ultimate bliss special stage \ud83e\udd7a\ud83d\udc49\ud83c\udffc\ud83d\udc48\ud83c\udffc"}, {"author_id": 803206776, "id": 1495288329331486720, "text": "RT @adv_fulcrum: The young have hope. The old have finally kissed the moment. This is the divide. The beginning of our journey to bliss, li\u2026"}, {"author_id": 379214939, "id": 1495288315364397059, "text": "RT @adv_fulcrum: The young have hope. The old have finally kissed the moment. This is the divide. The beginning of our journey to bliss, li\u2026"}, {"author_id": 1495287230767800322, "id": 1495288304509534208, "text": "00/08/08 56:58:31 \u0645e\nIf ignorance is bliss, there should be more happy people.\n\nhttps://t.co/1ulM3S3O5y https://t.co/ZbW9evRQrw"}, {"author_id": 1203416813612257280, "id": 1495288166756012036, "text": "Kelly Ripa looking like Alexa Bliss's mom .\ud83d\ude02\ud83d\ude02 https://t.co/YZfWLh8duq"}, {"author_id": 1432144084777541637, "id": 1495288051010052096, "text": "@Kitten_in_bliss aw i\u2019m so sorry ! rest up !! &lt;3"}, {"author_id": 1480474541004853251, "id": 1495288047629320195, "text": "RT @mendozapauline: Hi Agents! Remember this? We've been through a time like this before. Chill (Inom muna ng Tea Bliss \ud83d\ude02) and trust the te\u2026"}, {"author_id": 1027262994609303558, "id": 1495288023906504704, "text": "RT @adv_fulcrum: The young have hope. The old have finally kissed the moment. This is the divide. The beginning of our journey to bliss, li\u2026"}, {"author_id": 1445714853952327689, "id": 1495287982550626309, "text": "RT @SamwelHenry10: Christ my Lord, bringer of light unto the world, I pledge my service to you today and for the rest of my mortal days. De\u2026"}, {"author_id": 1270874525912227841, "id": 1495287976074833922, "text": "Marty is reffing this match! Bliss. #njgoldenFINAL"}, {"author_id": 787173267761168385, "id": 1495287970953191424, "text": "they're fricking you with their chubby ovipositor so sweetly you might bliss out..."}, {"author_id": 462583044, "id": 1495287901923467272, "text": "RT @adv_fulcrum: The young have hope. The old have finally kissed the moment. This is the divide. The beginning of our journey to bliss, li\u2026"}, {"author_id": 1279713954105683968, "id": 1495287870848106496, "text": "@Prashan32331241 @TharkiGhufoor Bhai, I was helping to set kafoora\u2019s agenda... he can map of al-baxtan seeing which baxtani\u2019s experience ultimate bliss"}, {"author_id": 1385756080647675904, "id": 1495287870294167554, "text": "RT @adv_fulcrum: The young have hope. The old have finally kissed the moment. This is the divide. The beginning of our journey to bliss, li\u2026"}, {"author_id": 806945780095479808, "id": 1495287866171273217, "text": "RT @adv_fulcrum: The young have hope. The old have finally kissed the moment. This is the divide. The beginning of our journey to bliss, li\u2026"}, {"author_id": 1220265099665072128, "id": 1495287798085001220, "text": "RT @yourboyfcisco: Bliss\n(@HarleyKingxx) https://t.co/zwtQgJi9mG"}, {"author_id": 1444365771065348098, "id": 1495287781966245888, "text": "RT @ArjunAdityaB: Seeing #UmarRiaz , #HimanshiKhurana &amp; Nomaan dancing together is such a bliss\n\nP.S : They share a really cute &amp; pure bond\u2026"}, {"author_id": 193982288, "id": 1495287758574735360, "text": "RT @adv_fulcrum: The young have hope. The old have finally kissed the moment. This is the divide. The beginning of our journey to bliss, li\u2026"}, {"author_id": 968428332, "id": 1495287756053958660, "text": "RT @adv_fulcrum: The young have hope. The old have finally kissed the moment. This is the divide. The beginning of our journey to bliss, li\u2026"}, {"author_id": 1433679548604772355, "id": 1495287733631131649, "text": "RT @DrRijuDutta_TMC: \u201c\ud835\udc01\ud835\udc21\ud835\udc1a\ud835\udc22 \ud835\udc0a\ud835\udc22 \ud835\udc12\ud835\udc21\ud835\udc1a\ud835\udc1a\ud835\udc1d\ud835\udc22..!\u201d\n\nMy friend/brother/colleague @SAYANDEBCHATT tied the knot, in a gala wedding with his lady love Sh\u2026"}, {"author_id": 1239704806362615809, "id": 1495287704623501318, "text": "As the hours pass\nI will let you know\nThat I need to ask\nBefore I'm alone\nHow it feels to rest\nOn your patient lips\nTo eternal bliss\nI'm so glad to know"}, {"author_id": 1245774172061655046, "id": 1495287684092383233, "text": "RT @LaurenWalshArt: What a glorious day. I played dnd with my friends, my Grubhub came with double fries, and NFT bros were scammed out of\u2026"}, {"author_id": 1084737265589514240, "id": 1495287676651683841, "text": "RT @adv_fulcrum: The young have hope. The old have finally kissed the moment. This is the divide. The beginning of our journey to bliss, li\u2026"}, {"author_id": 1285918835187556353, "id": 1495287656107892736, "text": "RT @adv_fulcrum: The young have hope. The old have finally kissed the moment. This is the divide. The beginning of our journey to bliss, li\u2026"}, {"author_id": 1319277140785807361, "id": 1495287598499221511, "text": "RT @Silver_MistMoon: Next week themes for the signs (s, m, r, v) \n\nAries - question being answered,  clarity\nTaurus - surprises,  offers\nGe\u2026"}, {"author_id": 504638794, "id": 1495287590139879424, "text": "RT @adv_fulcrum: The young have hope. The old have finally kissed the moment. This is the divide. The beginning of our journey to bliss, li\u2026"}, {"author_id": 440712181, "id": 1495287581940068352, "text": "RT @antoinstweets: Weekend bliss....... \ud83d\udc96 https://t.co/rWyVp9a57Y"}, {"author_id": 1232779910420271105, "id": 1495287564684640256, "text": "RT @adv_fulcrum: The young have hope. The old have finally kissed the moment. This is the divide. The beginning of our journey to bliss, li\u2026"}, {"author_id": 76860655, "id": 1495287537060958209, "text": "@KailaniKaiXXX @MissyXMartinez @HustlerMag Congrats! Legends talking to legends! \n\nU continue to be a BRAND that not alone gets better with time, but is also revolutionary. Ur a history maker. We\u2019re blessed to be in bliss seeing u do what u do - create greatness!"}, {"author_id": 1355237103328780289, "id": 1495287532422115334, "text": "RT @adv_fulcrum: The young have hope. The old have finally kissed the moment. This is the divide. The beginning of our journey to bliss, li\u2026"}, {"author_id": 958256416506163200, "id": 1495287510737596419, "text": "RT @adv_fulcrum: The young have hope. The old have finally kissed the moment. This is the divide. The beginning of our journey to bliss, li\u2026"}, {"author_id": 1459285124533538817, "id": 1495287496380354561, "text": "RT @Blakicez69: @VerErotica @Medium Part 3: spoiling my mouth on the taste of Veronica,my arms hold open the walls that keep me jailed in s\u2026"}, {"author_id": 1661050045, "id": 1495287446728323072, "text": "RT @PF_Gooner: PORN ADDICTION IS PURE BLISS\n\n#pussyfree #pornaddict #pornosexual #pay4porn #PussyfreeClub #goon https://t.co/zeHlXtd5wA"}, {"author_id": 1378869176807329799, "id": 1495287446430486529, "text": "RT @Christian_Sty: Bliss https://t.co/kvmYNDAkGB"}, {"author_id": 1379243344543559680, "id": 1495287408828555269, "text": "RT @femalelroom: PWI reporting originally the #WWEChamber match had Alexa &amp; Bianca pinning each other at the same time with Belair kicking\u2026"}, {"author_id": 753379664106819584, "id": 1495287399932440583, "text": "RT @adv_fulcrum: The young have hope. The old have finally kissed the moment. This is the divide. The beginning of our journey to bliss, li\u2026"}, {"author_id": 17790357, "id": 1495287386586054657, "text": "@RealCandaceO Invade Canada? To support protesters that most Canadians don\u2019t support. Trudeau using Canadian laws against unlawful protests. This tweet proves that ignorance is bliss."}, {"author_id": 750629344373051393, "id": 1495287383411068933, "text": "RT @adv_fulcrum: The young have hope. The old have finally kissed the moment. This is the divide. The beginning of our journey to bliss, li\u2026"}, {"author_id": 1418945146293477376, "id": 1495287366403059714, "text": "RT @neelikhan: Love \u2665\ufe0f #SalmanKhan #Sultan Bliss \ud83d\udc8e https://t.co/0GxsvSuXMW"}, {"author_id": 1287076136762081281, "id": 1495287342931791876, "text": "RT @HelenTBracken: \u26a0\ufe0fOh look \ud83d\udc40 COVID is over and if any new variant emerges, we won\u2019t know about it &amp; it will grow unchecked, as no one wil\u2026"}, {"author_id": 1247039544014311424, "id": 1495287298551951364, "text": "RT @LaurenWalshArt: What a glorious day. I played dnd with my friends, my Grubhub came with double fries, and NFT bros were scammed out of\u2026"}, {"author_id": 120877135, "id": 1495287273470197760, "text": "@pippy_ms Bliss."}, {"author_id": 223791152, "id": 1495287263915397120, "text": "RT @Apex_Zy: One feature I love about @eHubberHQ newest build at https://t.co/AT0LXzQ60a is the wallet system. I don't like paying via card\u2026"}, {"author_id": 1445073445788663821, "id": 1495287255316922373, "text": "RT @adv_fulcrum: The young have hope. The old have finally kissed the moment. This is the divide. The beginning of our journey to bliss, li\u2026"}, {"author_id": 1296554597566287875, "id": 1495287210198851586, "text": "RT @adv_fulcrum: The young have hope. The old have finally kissed the moment. This is the divide. The beginning of our journey to bliss, li\u2026"}, {"author_id": 1205212741948104704, "id": 1495287202493968384, "text": "@SpiderQueenAJ @alannadeau2016 @PMercier31 @Era_of_Bliss_2 @BossNHugKrew @RollinsLexiBaby @EricaMalarkey Still might be."}, {"author_id": 319067842, "id": 1495287201059557381, "text": "Being a Malayali is bliss\ud83d\ude0a https://t.co/rpnMZqBnWt"}, {"author_id": 1416510300396810241, "id": 1495287176719847428, "text": "RT @Rojotortoise: My Dream:\nTrue love\nShall rise from the \nAshes\nLike a Phoenix \nGlorious and\nFeathered in a splenderous \nArray of colors\nA\u2026"}, {"author_id": 1086440485479079936, "id": 1495287130204950529, "text": "@hira_yusaf See \ud83d\udc4c\nAll colours \n{V.I. B. G. Y. O. R}, that's violet, indigo, blue\ud83d\udd35, green\ud83d\udfe2, yellow\ud83d\udfe1 orange\ud83d\udfe0, red\ud83d\udd34\nform \"Rainbow\ud83c\udf08\"and\ud83c\udf6c, they were all formed with the grace, bliss and\ud83c\udf39\ud83c\udf6c\ud83d\ude4f blessings of Allah Hafiz\ud83d\udc9c ane all are welcome\ud83c\udf89\ud83d\udec3 colours and (red\ud83d\udd34+blue\ud83d\udd35) make black. Ok\ud83d\udc4c"}, {"author_id": 1136458629807333376, "id": 1495287126463639552, "text": "Be grateful for the moments that may allow you to breathe.  #Plant #Bud #Flower #Sprout #Blossom #Asteraceae #Breathe #Bliss #Life #Joy #Peace #Nature https://t.co/NT2lNXMtrL"}, {"author_id": 1492326805201567747, "id": 1495287096512114691, "text": "RT @MSGKiJaan1: The supreme method of meditation is a treasure of happiness. On reciting God\u2019s words one would surely become worthy of blis\u2026"}, {"author_id": 1410222917443592196, "id": 1495287089876905984, "text": "RT @adv_fulcrum: The young have hope. The old have finally kissed the moment. This is the divide. The beginning of our journey to bliss, li\u2026"}, {"author_id": 1311341302819282945, "id": 1495287074207027209, "text": "RT @adv_fulcrum: The young have hope. The old have finally kissed the moment. This is the divide. The beginning of our journey to bliss, li\u2026"}, {"author_id": 4278599002, "id": 1495287062479749121, "text": "They\u2019re happy to let you fake it just as long as you never tell them.\nIgnorance is bliss."}, {"author_id": 1345500895748960259, "id": 1495287047564959748, "text": "Lying stars\nYou make me dream of bliss\nGreedy mind\nNothing is so right"}, {"author_id": 1263059209500782593, "id": 1495287039310577665, "text": "RT @jackie_french_: You must remember this\nA carrot lover's bliss\nYou'll see a wombat smile...\nMoonlight and munching, never out out of dat\u2026"}, {"author_id": 219597581, "id": 1495287020872413187, "text": "RT @DrRijuDutta_TMC: \u201c\ud835\udc01\ud835\udc21\ud835\udc1a\ud835\udc22 \ud835\udc0a\ud835\udc22 \ud835\udc12\ud835\udc21\ud835\udc1a\ud835\udc1a\ud835\udc1d\ud835\udc22..!\u201d\n\nMy friend/brother/colleague @SAYANDEBCHATT tied the knot, in a gala wedding with his lady love Sh\u2026"}, {"author_id": 1313978622143676416, "id": 1495287017143422976, "text": "RT @adv_fulcrum: The young have hope. The old have finally kissed the moment. This is the divide. The beginning of our journey to bliss, li\u2026"}, {"author_id": 1410714164696391687, "id": 1495286948478476293, "text": "RT @PF_Gooner: PORN ADDICTION IS PURE BLISS\n\n#pussyfree #pornaddict #pornosexual #pay4porn #PussyfreeClub #goon https://t.co/zeHlXtd5wA"}, {"author_id": 113362059, "id": 1495286922675171330, "text": "@ThembiMatroshe Did this with momma in December it was bliss \ud83e\udd70"}, {"author_id": 1468278855966367746, "id": 1495286910570401792, "text": "RT @GoGetaRoomie: I have 3 webcomics\n\ud83d\udc9bGo Get a Roomie- finished, on its rerun, gay and sometimes nsfw https://t.co/1BMiDIIHgf\n\ud83d\udc80Headless Bli\u2026"}, {"author_id": 725046599370571776, "id": 1495286891045797888, "text": "RT @meetAva_: Top of the world, middle of nowhere diners and the best views\u2744\ufe0f The past few days were pure bliss\ud83d\ude1a https://t.co/HY0YK4ize6"}, {"author_id": 1405348332134928385, "id": 1495286875384393731, "text": "RT @WWE: TWISTED BLISS! \ud83e\udd29\n\nAnd @AlexaBliss_WWE pins @YaOnlyLivvOnce at #WWEChamber! https://t.co/GHsVLpRCvC"}, {"author_id": 271580362, "id": 1495286816869601280, "text": "Now Playing: Bliss - Groovin"}]