[{"author_id": 156741537, "id": 1495100928353054720, "text": "@JamesGunn \n\nMy question is: Will Bloodsport ever find out Peacemaker survived? Will Peacemaker ever redeem him self with Ratcatcher II and Bloodsport for what happened?"}, {"author_id": 1241800385305759751, "id": 1494896013747929091, "text": "RT @Massive_Peace: What if Peacemaker's brother is Bloodsport II? (White Supremacist) https://t.co/0Zhkdt8oR0"}, {"author_id": 1333297038956523520, "id": 1494546331888545795, "text": "@dieandrespawn Bloodsport or Rat catcher II would be fye so far JG hasn\u2019t missed frr"}, {"author_id": 1263836262299045888, "id": 1493864958467231745, "text": "@Mr__Steelflex The Question, Deathstroke, Bloodsport and Ratcatcher II"}, {"author_id": 1233076435528622081, "id": 1493773151490117646, "text": "@Mr__Steelflex Bloodsport, Vigilante, RatCatcher II, Deathstroke"}]