[{"author_id": 1442505110261682178, "id": 1495282901553983489, "text": "@mahwashajaz_ Don\u2019t now what wokesters you follow. The ones I know are going blue in the face defending a woman\u2019s right to wear as she pleases; be it a burqa, a Chaddar, a pair of jeans, a mini or a bikini"}, {"author_id": 985419561389436928, "id": 1495282600210010117, "text": "RT @ArisZachos: Preveza, Hellas \ud83c\uddec\ud83c\uddf7\n\n... literally in the first second with Light of every dawn over Amvrakikos Gulf, that is when the divin\u2026"}, {"author_id": 1332852421014429697, "id": 1495282544647938049, "text": "@thighjoonie the moment i\u2019m flying high as i wished, my shadow grows larger, beat down upon by that light. the moment i face myself at my lowest, it happens to be that i\u2019m high up in the blue, cloudless sky.\n\n\u203a interlude: shadow"}, {"author_id": 80565273, "id": 1495282398656925696, "text": "@wofa_k_baah That explains the resemblance. Funny thing is that when I was trying to place the face, I was thinking of him in a blue Jersey but was thinking of Everton, Leicester. He is a fine man sha"}, {"author_id": 1455975493602353154, "id": 1495282007609421825, "text": "@OttawaPolice threaten to punish peaceful protesters till you\u2019re blue in the face\u2026but videos like this will be your demise! https://t.co/aV79LLB0lq"}, {"author_id": 1492373085483323392, "id": 1495281792659730444, "text": "\u2800 \u2800\u2800\u2800 \u2800\u2800 \u2800\u2800\u2800\u2800\n\n;   blue hues flicker towards him ,\n    the smile remaining on her face . \n    if she didn\u2019t know better , she\n    would think that he actually cared\n    about her . her smile faltered a\n    little bit due to the pain in her knee .\n\n\u2800\u2800\u2800 https://t.co/STkZI8dY1G"}, {"author_id": 386098091, "id": 1495279635491340290, "text": "Preveza, Hellas \ud83c\uddec\ud83c\uddf7\n\n... literally in the first second with Light of every dawn over Amvrakikos Gulf, that is when the divine painter displays his golden-purple face, before the famous, endless Greek Blue dominates the day in our blessed place!\n\u26f5\ud83c\udf37\ud83d\ude00 https://t.co/HZPL7Gv8iK"}, {"author_id": 1208967424353034240, "id": 1495279400631222273, "text": "RT @RepPatFallon: I'll say it until I'm blue in the face \u2013 Xi Jinping is watching our every move in Eastern Europe."}, {"author_id": 1476770338918838277, "id": 1495279371397079047, "text": "While her other servants were in another part of the area, Tokugawa approaches a group of enemies, his eyes glowing an...unusual shade of blue as a smile appears on his face.\nHe extends one of his swords to the beast, declaring,\n+"}, {"author_id": 268624168, "id": 1495279057847693315, "text": "RT @bratzdreamhouze: i love gunna down y\u2019all can tweet till y\u2019all blue in the face i don\u2019t care..: that\u2019s my baby"}, {"author_id": 47881703, "id": 1495278463917297668, "text": "RT @RepPatFallon: I'll say it until I'm blue in the face \u2013 Xi Jinping is watching our every move in Eastern Europe."}, {"author_id": 16910033, "id": 1495277110444838912, "text": "@jasondashbailey @mattprigge (This coming from the guy who had a BLUE IN THE FACE poster on his wall senior year of college!)"}, {"author_id": 1257075616433623040, "id": 1495275842082983940, "text": "@mrsrdc1 @CiceroConsulta1 Nikki is already blue in the face, and everywhere else, too."}, {"author_id": 1386833232520384516, "id": 1495269152839192578, "text": "@Blue_Mage @kstraith @mthesimon @DavidAFrench I like how you posted an article where no violence was actually comitted. This just shows how much restraint the protestors have shown in the face of tyranny."}, {"author_id": 858330200504844288, "id": 1495268956608745475, "text": "RT @RepPatFallon: I'll say it until I'm blue in the face \u2013 Xi Jinping is watching our every move in Eastern Europe."}, {"author_id": 1099737193638178816, "id": 1495267322415783939, "text": "RT @laurmanisnasty: like those are my mothers! y\u2019all can tweet til y\u2019all turn blue in the face i don\u2019t care they can have whatever they wan\u2026"}, {"author_id": 1490956824253587459, "id": 1495267268183289859, "text": "@Carlaecland \ud83e\udd28uhh... Well, this is what i expect in a husband: Nice hair, Not fat, Blue eyes from birth, no plastic surgery, thin nose, most perfect face in the world. most perfect body in the world. oh! you are not like that? i don't care that ur kind! go f urself then!"}, {"author_id": 780613368985980928, "id": 1495266079379234817, "text": "RT @RepPatFallon: I'll say it until I'm blue in the face \u2013 Xi Jinping is watching our every move in Eastern Europe."}, {"author_id": 388417712, "id": 1495266023880208385, "text": "RT @SaraCiuzio: Rafe can threaten to lock Ciara up and throw away the key until he is blue in the face; there is nothing he could say or do\u2026"}, {"author_id": 3310143559, "id": 1495264909952577536, "text": "@JudgeKirun + himself was indeed quite nervous as well. \n\n    There the bionic blue eyes expanded as they looked at Kirun's face. In an indescribable feeling, his heart was pounding, but he managed to calm down,\nand express his feelings in a sweet voice.\n\n      \"You did all this for\u2014us?\n\n+"}, {"author_id": 1177685569423511552, "id": 1495264250457169920, "text": "@GovKathyHochul Do they make N95s in pink and blue?  Wrap that little face up, like the rest of us have to do.  First words? Mmmbmmmbgefkjknlj"}, {"author_id": 1489669288961130503, "id": 1495263803986096132, "text": "@Soicanreadpost @jodypercy @EvanLSolomon That is simply not true, you can repeat until your blue in the face. It\u2019s wrong. We actually have a problem in this country with refugees who live in poverty. Give it up.\n\nhttps://t.co/LEqZmOvDe8"}, {"author_id": 703798443123150848, "id": 1495263790157471745, "text": "RT @MonkPhilosophy: 10. Always take action\n\nThere is only one way to learn. It's through action.\n\nYou can study, read, and listen until you\u2026"}, {"author_id": 1427768125798469632, "id": 1495261762198847490, "text": "@eriiclindberg theres no shot the brewers will be the best team in baseball with a division like that, plus they face the AL East, plus the dodgers, mets, astros, white sox and yankees and blue jays are basically super teams who could do better"}, {"author_id": 2471988109, "id": 1495261756666482690, "text": "@anntensity Malik Yoba was great in Blue in the Face."}, {"author_id": 1942733238, "id": 1495261304466124803, "text": "@DropKickJaw @odjick_labelle @ShawnMenard1 Sure what ever you have to tell yourself to make the people who are doing illegal things the victim in the situation.\n\nKeep telling people it's a peaceful protest till you are blue in the face, can wish it all you want, just saying it doesn't mean it's true."}, {"author_id": 1029193150986825729, "id": 1495260140093964288, "text": "being as petite as the samurai was, it did not come as a surprise that someone of itto\u2019s size was easily able to cradle them in his large arms. the question was / why / the oni suddenly did it out of the blue, without warning.\n\nblinking rapidly, kazuha turns to face itto with a \u2014 https://t.co/ZhUfcf7RPF"}, {"author_id": 792609475, "id": 1495259745946591233, "text": "@Troydms @ChetChristner I\u2019ll say it till I\u2019m blue in the face, Chet can could make a shopping cart race exciting. By far my favorite announcer!"}, {"author_id": 1279559982, "id": 1495258393216385028, "text": "RT @RepPatFallon: I'll say it until I'm blue in the face \u2013 Xi Jinping is watching our every move in Eastern Europe."}, {"author_id": 1056721140612243456, "id": 1495255570797969408, "text": "RT @shu1kie: tweet about thor ragnarok till you get blue in the face IDC that movie will always hold a special place in my heart."}, {"author_id": 1078867145637941248, "id": 1495254261055250436, "text": "Morisi in blue face paint doing the worm at the Olympic gala \ud83e\udd23"}, {"author_id": 16283777, "id": 1495253628914917379, "text": "@PRyanC579 \u201cCan yell till you\u2019re blue in the face but the players have to go do it\u201d\n\nSaid that 73829383883 times I swear between 2015-2017"}, {"author_id": 1026672290983862272, "id": 1495251156112654337, "text": "12 yr old white children w glasses are the pinacle of comedy i cant be around them i will laugh in their face \u2620\ufe0f\u2620\ufe0f\u2620\ufe0f double points if their white, blonde, and blue/green eyed"}, {"author_id": 381858912, "id": 1495250606398783494, "text": "RT @RepPatFallon: I'll say it until I'm blue in the face \u2013 Xi Jinping is watching our every move in Eastern Europe."}, {"author_id": 1318072112502943745, "id": 1495250226013216775, "text": "RT @laurmanisnasty: like those are my mothers! y\u2019all can tweet til y\u2019all turn blue in the face i don\u2019t care they can have whatever they wan\u2026"}, {"author_id": 22143873, "id": 1495249477149630469, "text": "RT @MariaFazioNYC: He raised his head at last, and cupped my face between his hands,love glowing strong in the dark blue eyes\"Dinna be afra\u2026"}, {"author_id": 2768926594, "id": 1495249393032830976, "text": "@Kamadevua - whilst turning her face in his direction, Adell deeply gazed into the seemingly endless depths of her rubies for eyes with his oceanic pools of blue. If she were the wild fire that consumed all with her everlasting love, then he was the calming tide that embraced all with his -"}, {"author_id": 1118855388160512000, "id": 1495249059388571661, "text": "@RepPatFallon \"Blue in the face.\"  Ironic imagery."}, {"author_id": 883114241355468801, "id": 1495248763186733057, "text": "RT @RepPatFallon: I'll say it until I'm blue in the face \u2013 Xi Jinping is watching our every move in Eastern Europe."}, {"author_id": 953883770922381312, "id": 1495248091724795908, "text": "blue face in the back of this conversation is just so so funny holy shit"}, {"author_id": 951187972375896064, "id": 1495247738455343104, "text": "RT @laurmanisnasty: like those are my mothers! y\u2019all can tweet til y\u2019all turn blue in the face i don\u2019t care they can have whatever they wan\u2026"}, {"author_id": 1890585254, "id": 1495247688337661954, "text": "RT @laurmanisnasty: like those are my mothers! y\u2019all can tweet til y\u2019all turn blue in the face i don\u2019t care they can have whatever they wan\u2026"}, {"author_id": 374228739, "id": 1495247522389975041, "text": "@gonesuckitornot I don\u2019t like talking on the phone either. I\u2019ll texted you til I\u2019m blue in the face lol"}, {"author_id": 975836006971830274, "id": 1495247512957038600, "text": "like those are my mothers! y\u2019all can tweet til y\u2019all turn blue in the face i don\u2019t care they can have whatever they want cause they\u2019re my mothers! https://t.co/LDyZ1qt9GC"}, {"author_id": 1437811183571066892, "id": 1495245574211350529, "text": "@FakeBarneyKSR I should have clarified, I have the Goldeneye Omega SeaMaster 300 Professional with the blue face. I want an Aqua Terra next. Goldeneye is the movie I was really introduced to Bond in, and wanted that watch since I first saw it."}, {"author_id": 2941364418, "id": 1495245380077899778, "text": "do i bring in a keyboard with blue switches to the office and risk being told to stop coming to the office, or not use a mech keeb? a difficult dilemma i must face.\n\npretty tempted to risk it b/c #keeblife"}, {"author_id": 1344546602569052160, "id": 1495244495004344330, "text": "RT @shu1kie: tweet about thor ragnarok till you get blue in the face IDC that movie will always hold a special place in my heart."}, {"author_id": 258025217, "id": 1495243584374808580, "text": "@envinyon we've known what his face looks like since the first Halo game came out because he's described in The Fall of Reach.\npale white dude with short red hair, blue eyes, and a scar across his right eye. he's also 47 years old as of the events of Halo 5."}, {"author_id": 1159301359725944838, "id": 1495243462026964993, "text": "Did the Trudeau Dictatorship fly in seasoned \u201cUN Blue Helmets\u201d to harass and provoke peaceful Canadian protesters.\nFace covered... name tags covered... who would ever know?\nhttps://t.co/eYN6zNlgJ8"}, {"author_id": 3109229140, "id": 1495242130641797124, "text": "My one wall gets so cold in the winter that the blue sticky tack holding up my paintings stops working. It\u2019s a coin flip whether or not I\u2019ll wake up with a painting on my face."}, {"author_id": 570207167, "id": 1495241826818838530, "text": "@FOWLpulp @barnhart_linda @elie_mcn You can keep saying it was peaceful until you\u2019re blue in the face, it doesn\u2019t make it true, it only shows delusion."}, {"author_id": 1066952445316792320, "id": 1495241418620780550, "text": "RT @houseofsersi: y\u2019all can tweet about her til you get blue in the face but at the end of the day, she\u2019s coming! https://t.co/xyYRbt5D3o"}, {"author_id": 716435263573073920, "id": 1495241400081731587, "text": "RT @RepPatFallon: I'll say it until I'm blue in the face \u2013 Xi Jinping is watching our every move in Eastern Europe."}, {"author_id": 309686668, "id": 1495240791295463424, "text": "@kcdartexpress And again I have to say it.\nUntil I am blue in the face.\nStock up with AMMUNITION !!!!!"}, {"author_id": 726349625037221888, "id": 1495240752125063169, "text": "RT @Daedalianthony: @sophrosynee_ @SacredBlkSheep @KameronBennett Never mess with Scorpio. Sting in the tail. But is loyal af.. Cancereans\u2026"}, {"author_id": 1478321224694452226, "id": 1495239127310077953, "text": "\u2800\n( the ghost laughs , laughs so hard a flower falls from their face and to the floor , staining it a slight blue )\n\nshit . .\n\n( a hand quickly covers the blue leak in the mess of flowers )\n\u2800 https://t.co/naPOKFMrcV"}, {"author_id": 1312988986135068672, "id": 1495238449871278081, "text": "yall can tweet about HER till blue in the face but you can never make me hate her like this is top tier #tome https://t.co/rGB4XFpTK3"}, {"author_id": 1397534035644239874, "id": 1495237777537089548, "text": "y\u2019all can tweet about her til you get blue in the face but at the end of the day, she\u2019s coming! https://t.co/xyYRbt5D3o"}, {"author_id": 820012164, "id": 1495237474934829063, "text": "RT @notachickie: @OttawaPolice Great job by Ottawa Police and all the various branches of LE that attended. You were/are professional, cour\u2026"}, {"author_id": 1455696242915303428, "id": 1495236332628721671, "text": "RT @BasicBc: We can keep piloting until we're blue in the face, or we can push forward into a future of stability, certainty and possibilit\u2026"}, {"author_id": 19545843, "id": 1495236309853474816, "text": "Sir Patrick can play all the tricks he wants, Andrew did the same shit and denied being in NWH till his face turned blue, this is just all apart of Marvel\u2019s plan https://t.co/vOrs6sov7c"}, {"author_id": 73580836, "id": 1495236000662102019, "text": "Republicans how can you be the party of law and order when you won't hold anyone accountable for their actions. Saying you back the blue is a slap in the face."}, {"author_id": 839830878368890881, "id": 1495235743228121089, "text": "RT @RepPatFallon: I'll say it until I'm blue in the face \u2013 Xi Jinping is watching our every move in Eastern Europe."}, {"author_id": 2840365635, "id": 1495235704762290179, "text": "RT @alittleadd2: @senrobportman Republicans will talk till they're blue in the face about inflation, but when it's time to actually show up\u2026"}, {"author_id": 1335822197076742144, "id": 1495235509370732547, "text": "tweet about thor ragnarok till you get blue in the face IDC that movie will always hold a special place in my heart."}, {"author_id": 1033034220439003136, "id": 1495235031379464193, "text": "@kentlee47 @icethump @callie865roach @BlackKnight10k Kent you can take your opinion with you because mine isn\u2019t changing. I\u2019m done repeating myself. If you don\u2019t agree fine read my tweet till you\u2019re blue in the face then https://t.co/zhnhK0aqog"}, {"author_id": 1423401477603741703, "id": 1495231838658437127, "text": "RT @duamaximoff: thats mother and u can tweet till u blue in the face idc https://t.co/oehUnoGTHV"}, {"author_id": 3051638166, "id": 1495231769951440896, "text": "i love gunna down y\u2019all can tweet till y\u2019all blue in the face i don\u2019t care..: that\u2019s my baby"}, {"author_id": 218694222, "id": 1495231395886686214, "text": "z0\"wow a weird resit just now out of the blue w/ no pot inhale or same w/ hash.. um definitely mel gibson on the land safe lz #spoolroom um down front and center. a lot of it landed square in the face of x2 her today.. she saw it go off. felt more comfortable in her dove costume\""}, {"author_id": 1290320689577197569, "id": 1495231389985296386, "text": "@NotWithoutPeriI @BizArtZanyStre1 @UnbiaX @wimpxcore @DavidRi25991107 @kiwihelenm @bronfoth @emncaity @RitchieDavis5 @ScoutElement1 @JeniJenJennnn @MzGags @le_tigerlily @shmoosie24 @ProsecutorsPod @NotWithoutPeri @JC38374537 @CrimeTalker1941 @MaryMacX @RickMullenaxOH @mauramurraycol1 @NotWithoutPeril @boureplayer @KevinTimperley @cpqljq @Dan86165925 @weidmann_dan @FruitAndMe @teekimoo @blackeyedcat69 @GameBangersShow @GRLA_Ontologist @DownandAwayPod @Jwolfman53 @TimPilleri This is scientifically fascinating.\n\nPutting numbers to the voice that you see. \n\nBeing able to mathematically back-up the idiosyncrasies and nuance that you can explain to people until you are blue in the face, and show with numbers, what the words are saying, or rather who \ud83d\ude00"}, {"author_id": 1369882050031984643, "id": 1495230801574875137, "text": "thats mother and u can tweet till u blue in the face idc https://t.co/oehUnoGTHV"}, {"author_id": 1126659751, "id": 1495230022231236613, "text": "RT @notachickie: @OttawaPolice Great job by Ottawa Police and all the various branches of LE that attended. You were/are professional, cour\u2026"}, {"author_id": 76417907, "id": 1495227645533081601, "text": "RT @RepPatFallon: I'll say it until I'm blue in the face \u2013 Xi Jinping is watching our every move in Eastern Europe."}, {"author_id": 1114557973701984256, "id": 1495227592659644417, "text": "RT @MsEshaBee: If ur not getting what u need in a relationship u need to let it go cuz ur wasting ur time he/she will not change if they do\u2026"}, {"author_id": 1480626365435101187, "id": 1495227345141215235, "text": "@jtisacoward @AlexpiersonAMP @fordnation There is no need for insults. The snowboarder punched the security gaurd in the face. These security gaurds have a job to do and this snowboarder was being a dick in front of his kids. Like it or not Blue Mountain has the right to set rules. If you don't like them don't go."}, {"author_id": 4544090532, "id": 1495227195182047233, "text": "Ever been in a barbershop/beauty salon with a 5yo that is absolutely terrified of hair cuts and is kicking and screaming at the top of their lungs and they\u2019re literally turning blue in the face? THAT is torture.. https://t.co/7od5KXwyKj"}, {"author_id": 1308990550645800960, "id": 1495225542660038658, "text": "RT @MsEshaBee: If ur not getting what u need in a relationship u need to let it go cuz ur wasting ur time he/she will not change if they do\u2026"}, {"author_id": 525960505, "id": 1495225507209748488, "text": "RT @Christi73278017: @RonMilnerBoodle I have been saying till I am blue in the face that BLM is the most bogus group of hypocrites ever. If\u2026"}, {"author_id": 24776264, "id": 1495225177457803265, "text": "RT @MsEshaBee: If ur not getting what u need in a relationship u need to let it go cuz ur wasting ur time he/she will not change if they do\u2026"}, {"author_id": 1170647355437322247, "id": 1495224011063808005, "text": "RT @MsEshaBee: If ur not getting what u need in a relationship u need to let it go cuz ur wasting ur time he/she will not change if they do\u2026"}, {"author_id": 141155282, "id": 1495223912392798217, "text": "RT @MsEshaBee: If ur not getting what u need in a relationship u need to let it go cuz ur wasting ur time he/she will not change if they do\u2026"}, {"author_id": 1425286036322619394, "id": 1495223730649264131, "text": "@joncoopertweets We know you are lying. You have shot your credibility all to hell a long time ago. So carry on with this lame bullshit till you are blue in the face, nobody cares what you have to say anymore."}, {"author_id": 501363170, "id": 1495222625332834305, "text": "@PsilvaRicci @collingwood011 also on Blue Mountain website: \"Face masks or coverings are recommended whenever physical distancing of 2m (6ft) cannot be maintained. Face masks or coverings are required indoors.\" \n\nwhere does it say that masks are required in lift lines and on the chair lift?"}, {"author_id": 1445716945588736000, "id": 1495222468759408641, "text": "@YourMaskNoWork @Hearn14M @HaFuChalice @BethanyCherisse Talk about sad, Hun you break my heart. You talk so much, but you could keep talking until you\u2019re blue in the face, and it won\u2019t equate to the truth, until the truth is what you\u2019re telling. And then, you\u2019ll have fewer words, because the truth speaks for itself."}, {"author_id": 1291301266669395968, "id": 1495222415198236673, "text": "RT @SpookyBabeAlice: Lick my pussy until you\u2019re blue in the face. Because my pleasure is more important then breathing."}, {"author_id": 764135221323104256, "id": 1495221814062198784, "text": "There\u2019s nothing comparable to Bear from Bear in the Big Blue House getting up to your face to sniff you and compliment your smell"}, {"author_id": 1053712298, "id": 1495221318329020419, "text": "RT @SpookyBabeAlice: Lick my pussy until you\u2019re blue in the face. Because my pleasure is more important then breathing."}, {"author_id": 1466769565707296779, "id": 1495221156936355843, "text": "RT @SpookyBabeAlice: Lick my pussy until you\u2019re blue in the face. Because my pleasure is more important then breathing."}, {"author_id": 145822652, "id": 1495220316481589251, "text": "How the hell did Blue Face open a restaurant in Santa Clarita?! Lmao"}, {"author_id": 1415856049781936129, "id": 1495220301965180929, "text": "Lick my pussy until you\u2019re blue in the face. Because my pleasure is more important then breathing."}, {"author_id": 1191943733056548864, "id": 1495220020627992577, "text": "In the blue light, his smile looks wicked, like it was cut into his face with a knife, and he hated them with a passion he didn't know a human could feel."}, {"author_id": 1419674203490504709, "id": 1495219457324732422, "text": "@RonMilnerBoodle I have been saying till I am blue in the face that BLM is the most bogus group of hypocrites ever. If their name was authentic they would be marching in Chicago and in front of every planned parenthood office."}, {"author_id": 1270285532506009603, "id": 1495218917693960196, "text": "@CI279 Dear Mr. Brown, naturally i could bring in my As in Marxism Leninism as it was called in my country till i am blue in my face and you would deny my knowledge. So be it. I am telling you that theory could sounds fine, but you do not take into consideration the human nature."}, {"author_id": 1425599798002995207, "id": 1495216151823110146, "text": "1/3.. My blue cloth mask that I have had in my pocket for the last 2 months was now firmly on my face... I was safe.... Safe to invite  family over to have a lovely mask less night eating cheese, and  drinking wine.. Seems they had a lovely time last week...."}, {"author_id": 1175341696642502656, "id": 1495216049842790400, "text": "RT @RepPatFallon: I'll say it until I'm blue in the face \u2013 Xi Jinping is watching our every move in Eastern Europe."}, {"author_id": 755269553467207680, "id": 1495213842879627267, "text": "I will explain myself til I\u2019m blue in the face if I know I\u2019m right about something"}, {"author_id": 1493436247687446528, "id": 1495212654486437889, "text": "The servants came as afternoon ended. Tan\u00e9 waited, eyes closed, before she turned to face them.\n  The tunic was watersilk. Blue as sapphires. And on the back of the surcoat was the dragon emblem, embroidered in gold thread."}]