[{"author_id": 1101774137805205504, "id": 1495285022617739264, "text": "Blue chips trading like penny stocks last few days. Volatility begets volatility. https://t.co/4p7FpVHRwc https://t.co/1oP7H0TtAe"}, {"author_id": 1440268583561433092, "id": 1495284494416310274, "text": "RT @lyrewl: hey @MillionMonke do my @ArtPunksNFT look dope with those #IAMMIMO Vipers! Check out @nft_frames ,part of the AP eco-cystems, m\u2026"}, {"author_id": 1379643802713870336, "id": 1495284166325198848, "text": "RT @lyrewl: hey @MillionMonke do my @ArtPunksNFT look dope with those #IAMMIMO Vipers! Check out @nft_frames ,part of the AP eco-cystems, m\u2026"}, {"author_id": 932778515480576000, "id": 1495283546537164804, "text": "My blue chips. Gn. https://t.co/q4bVh98cCP"}, {"author_id": 1469217102192066560, "id": 1495283503512096769, "text": "RT @Prospectre2: Buy nodes, use the passive income for the multi-print staking - earning blue chips(ETH, LINK etc...)\nAll while receiving y\u2026"}, {"author_id": 1394241954431389698, "id": 1495282412112125953, "text": "RT @CryptoDexer: #AVAX and #FTM devs has run out of creating ideas and now making all this rugs.\n\nFirst rule of investment is capital prese\u2026"}, {"author_id": 1490828088493682689, "id": 1495282405917220864, "text": "RT @intocryptoverse: Focus should be on blue chips and cash until markets look better"}, {"author_id": 1473069033775841283, "id": 1495282247523397634, "text": "@Nate_Rivers Kongz must not be blue chips"}, {"author_id": 1239976074651381763, "id": 1495281852726140928, "text": "RT @Seifswahba: A lot of people are asking about blue chips on #AVAX and let me tell you, @chikn_nft is the blue chip of the blue chips. I\u2026"}, {"author_id": 1491575224482996224, "id": 1495280673053052931, "text": "RT @TheDefiApe: You can't go wrong with blue chips and $BNT is one of the real OG's with tons of transaction volume on their exchange. Now\u2026"}, {"author_id": 174321107, "id": 1495279419866427397, "text": "RT @EvertonBlake_: Never saw the movie; I just instantly thought of Action Bronson's Blue Chips mixtape when I saw this https://t.co/XkKqpV\u2026"}, {"author_id": 3867880996, "id": 1495274849111089155, "text": "@NFTsAreNice i keep my blue chips on my hot wallet"}, {"author_id": 1145424099897827328, "id": 1495273849901834240, "text": "@Davehill777 Its easier to work with the cap that way very few blue chips or probowlers to evee havd to worry about \ud83e\udd2a"}, {"author_id": 1494798256638935043, "id": 1495273111784243203, "text": "RT @intocryptoverse: Focus should be on blue chips and cash until markets look better"}, {"author_id": 1480336540815355908, "id": 1495272529421684738, "text": "RT @BombNFTs: Whats are the best projects you can get involved with &lt; 2 ETH? Who\u2019s got the drop on some future blue chips? \ud83e\udd8d\ud83d\udc40"}, {"author_id": 1248862908693524480, "id": 1495270798910763011, "text": "@Peegeep718 Blue chips and bosses"}, {"author_id": 1427584730308874240, "id": 1495270620875358208, "text": "@parul_kumar_ Blue Uncle chips\u2764\ufe0f&gt;&gt;&gt;&gt;&gt;&gt;&gt;&gt;Lays etc"}, {"author_id": 3000753730, "id": 1495270352783609858, "text": "I've never been a big butcher shop of cold cuts anyway. And get some of those blue samurai chips. https://t.co/lbULQjMrkx"}, {"author_id": 1448504190410665984, "id": 1495269292216102916, "text": "RT @Seifswahba: A lot of people are asking about blue chips on #AVAX and let me tell you, @chikn_nft is the blue chip of the blue chips. I\u2026"}, {"author_id": 1053802670035820545, "id": 1495268364746428419, "text": "@ESamojla blue chips are the only safe investments in the space rn tbh if you wanna make money"}, {"author_id": 1480005284743368705, "id": 1495267390480805889, "text": "NFT goals for 2022 \ud83d\udd25\n\n-Make my 1.5 SOL investment to 100 SOL \ud83d\udcb0\n-Own 1 Taiyo Robotics \ud83e\udd16\n-Own 1 Boryoku Dragonz\ud83d\udc32\n-Do research and hold all blue chips \n-Achieve financial freedom \n-Live a life like a king by December 2022 \ud83e\udd34\ud83c\udffb"}, {"author_id": 1359517619401949185, "id": 1495266542975598597, "text": "RT @Seifswahba: A lot of people are asking about blue chips on #AVAX and let me tell you, @chikn_nft is the blue chip of the blue chips. I\u2026"}, {"author_id": 1491543384577740813, "id": 1495266022743494656, "text": "RT @SolanaMan_: Calling blue chips on these 3 Solana NFTs for the rest of the year \ud83d\udc40\n\n@vbagame \n@mechafightclub \n@PlaySkateX \n\n#NFTs #solan\u2026"}, {"author_id": 1353382796983586816, "id": 1495265426259210240, "text": "Calling blue chips on these 3 Solana NFTs for the rest of the year \ud83d\udc40\n\n@vbagame \n@mechafightclub \n@PlaySkateX \n\n#NFTs #solana #SolanaNFTs"}, {"author_id": 1367575604934172679, "id": 1495265102953857030, "text": "RT @_GGDPs: GM\ud83c\udf1ffinally, we have gained the power to resist scammers and speculators, so we can focus on the improvement of the space.  mayb\u2026"}, {"author_id": 1326669884604952583, "id": 1495264977279717380, "text": "RT @_GGDPs: GM\ud83c\udf1ffinally, we have gained the power to resist scammers and speculators, so we can focus on the improvement of the space.  mayb\u2026"}, {"author_id": 1491323378883792896, "id": 1495264577566625794, "text": "@Imaginary_Ones New to #NFT and Twitter. Through study and learn and found out @Imaginary_Ones. I think this will be another blue chips NFT."}, {"author_id": 1361000618584920067, "id": 1495264315795980290, "text": "GM\ud83c\udf1ffinally, we have gained the power to resist scammers and speculators, so we can focus on the improvement of the space.  maybe now the blue chips will start to act for the benefit of the entire community?  expand charitable areas, build and support the #NFTCommunity\u2764\ufe0f https://t.co/dd6dbaJgEs"}, {"author_id": 1461612715701534721, "id": 1495264008672542720, "text": "RT @takegreenpill: Remember the crypto saying: \u201cI\u2019m in it for the tech\u201d ?\n\nYea, those are people who bought #BTC in 2010. Turns out that it\u2026"}, {"author_id": 2330316459, "id": 1495262682630479876, "text": "@monkelabs - solves a big problem that is happening and monetizing.  SOL airdrops = yummy.\n@DazedDucks  - 80% return on royalties back to the community in the form of SOL is too good.  \n@thugbirdz -   blue chip of blue chips\n@DegenApeAcademy - another blue chip of blue chips."}, {"author_id": 2265471043, "id": 1495262379734618113, "text": "Liechtenstein Frozen bandwidth firewall open payment e-enable program throughput violet Chips blue https://t.co/L1aGZ3zDq3"}, {"author_id": 1467934647300476931, "id": 1495262146120536066, "text": "Wahhh sampe kelihatan beda yaa look of assurance rather than sadness.. chungmuro blue chips y\u2019all https://t.co/5GnAIrsMc7"}, {"author_id": 892375031375724544, "id": 1495262126222774275, "text": "RT @intocryptoverse: Focus should be on blue chips and cash until markets look better"}, {"author_id": 19258247, "id": 1495261326960123907, "text": "Slam dunk contest was so shitty I\u2019m streaming the movie Blue Chips on Pluto."}, {"author_id": 1441970772226936836, "id": 1495260851900715014, "text": "@yugacohler exceptional art #1. then just exceptional presentation and vision. in terms of building a brand via NFTs it feels like they actually \"get it\" moreso than many/most blue chips even -- with getting it taking into account there is no proven formula to long term success yet."}, {"author_id": 1443314395040256001, "id": 1495259871322816517, "text": "@DavidArtsy My fave color is also blue my fav animal is wolf my fav number is 6 and my lucky number is 6 fav game Roblox meep city to troll lol fav food is Pizza rolls fav snack chips and fruit by the foot fav pizza is Cheese"}, {"author_id": 500974423, "id": 1495259774300180480, "text": "RT @Prospectre2: Buy nodes, use the passive income for the multi-print staking - earning blue chips(ETH, LINK etc...)\nAll while receiving y\u2026"}, {"author_id": 1311686128026615809, "id": 1495258763737116685, "text": "@adeedao \ud83d\udcaf We\u2019ve officially memed our way into blue chips"}, {"author_id": 1468291169696161792, "id": 1495256687191724035, "text": "RT @Prospectre2: Buy nodes, use the passive income for the multi-print staking - earning blue chips(ETH, LINK etc...)\nAll while receiving y\u2026"}, {"author_id": 1396567747694370819, "id": 1495255874310483968, "text": "Buy nodes, use the passive income for the multi-print staking - earning blue chips(ETH, LINK etc...)\nAll while receiving your reflections and watching your original $MCC investment grow..(while watching your nodes and blue chips grow.)\nINSANE \ud83e\udd2f\n\nhttps://t.co/JJbq9QWkPG https://t.co/S6GS6ekQG1"}, {"author_id": 46012620, "id": 1495255051933081602, "text": "RT @takegreenpill: Remember the crypto saying: \u201cI\u2019m in it for the tech\u201d ?\n\nYea, those are people who bought #BTC in 2010. Turns out that it\u2026"}, {"author_id": 1396567747694370819, "id": 1495254033128382467, "text": "@tehMoonwalkeR Buy nodes, use the passive income for the soon to be released multi-print staking - earn blue chips(ETH, LINK etc...)\nAll while receiving your reflections and watching your original $MCC investment grow..(while watching your nodes and blue chips grow.)\nINSANE \ud83e\udd2f"}, {"author_id": 2833995551, "id": 1495253695562502144, "text": "Anyone want to revisit my \"blue chip projects should form a security council to share security information and protect our members\" idea? I can get two blue chips onboard but two projects are not the whole NFT space, for that to happen we need the whole community to demand it! https://t.co/nuHBxwXPEA"}, {"author_id": 735870228593156097, "id": 1495253516822401030, "text": "@Imaginary_Ones Great project \nThe team are working on an amazing plan and use case\nThe art bring positivity and joy with the colors style and smile\n\nThis is something that you don't want to flip since it's the new blue chips driven by the community :)"}, {"author_id": 1407852984466239488, "id": 1495253272264773632, "text": "#AVAX and #FTM devs has run out of creating ideas and now making all this rugs.\n\nFirst rule of investment is capital preservation!\n\nUnless the wind of scamming changes, I will stick to blue chips only.\n\n$THOR $UNIV $POWER $COMB $POLAR $PAWN $PTX $VPND $LVT $PLAYMATE $FEAR https://t.co/py4Bwirpqn"}, {"author_id": 1399224938997944320, "id": 1495251842946588674, "text": "RT @SlayerSley: @takegreenpill Yeah except a small part of your portfolio used to ape in with a bit of common sense can easily outperform 9\u2026"}, {"author_id": 1448184323580907520, "id": 1495250125651775490, "text": "#Cyberkongz floor price is 8.88 ETH while @LostSocksWorld floor price right now is only 0.12 ETH. They are both blue chips you still don't get it, so mint now! https://t.co/HkRX3er7BO"}, {"author_id": 4466348479, "id": 1495249131518013440, "text": "My prediction: owning any Blue chips genesis NFT will be the most beneficial  move in terms of ROI as well as multiple other to be seen benefits IMO will be exclusive merchandise special access in some way and more as this space continues to be revolutionized by what is NFT\u2019s NFA"}, {"author_id": 1468777173838356481, "id": 1495246630685130753, "text": "Guys you caught me\u2026\n\nI\u2019m the opensea hacker\ud83d\ude08\ud83d\ude08\ud83d\ude08\n\nIf your blue chips back you need to follow me\ud83e\udd1d"}, {"author_id": 1383427772492648450, "id": 1495246082540032004, "text": "@KosherPlug seems like a good time to buy blue chips tbh"}, {"author_id": 1383828473790173184, "id": 1495245042000142336, "text": "RT @CryptoNagato: UPDATED BLUE CHIPS LIST\n\nSince I\u2019m a man of my word, here\u2019s the thread about some crypto projects I personally think have\u2026"}, {"author_id": 3300308622, "id": 1495243502086602759, "text": "@iTRUST_THE1ROD @Apender12 Don\u2019t get me goin cuzz I know facts. He\u2019s not they best guard kn his HS or Travel team. Blue chips coach left because he felt like he owed lebron for all he did for the team. But he knew he wasn\u2019t good enough to play big minutes on that team with Dior Mikey and all them."}, {"author_id": 1436524432055492609, "id": 1495242428596506626, "text": "@inmortalcrypto I stick to blue chips BTC and ETH cuz those are the only ones garuteed to do well over the coming years :)"}, {"author_id": 711241733598781444, "id": 1495241337087488007, "text": "RT @TheCoffeeBlock: NFTs will change everything we know because they provide 3 things:\n\nIdentity\nOwnership\nUtility\n\nAnd no I dont mean the\u2026"}, {"author_id": 1026690254126759936, "id": 1495241298197893122, "text": "@BrianKirschner_ No balls no blue chips; unfortunately sometimes you get neutered."}, {"author_id": 914208038696894464, "id": 1495240888720637955, "text": "$QRDO - @ElonTrades trolling his followers. He, we, everybody knows. The core infrastructure will have value over everything else. Short term there are shiny objects and immature investors that are distracted by them. The next blue chips are right in front of us! @QredoNetwork https://t.co/8Am9IHgKTX"}, {"author_id": 1469104470885814279, "id": 1495239062260699136, "text": "@takegreenpill Yeah except a small part of your portfolio used to ape in with a bit of common sense can easily outperform 95% of your portfolio in blue chips. You just have to treat them as gambles and not get carried away(take profits). Ofc you have to play it smart but a LOT of $$$ Canbe made"}, {"author_id": 4156442658, "id": 1495238495547183106, "text": "RT @ahdyt: My top 10 list of most undervalued projects that will become blue chips:\n\n1. @chain_runners \n2. @chain_runners \n3. @chain_runner\u2026"}, {"author_id": 1432073330912284675, "id": 1495237974182793224, "text": "RT @TheNorwegianNFT: (\ud83e\uddf51/X) Are you ready for the biggest alpha in 2022? \ud83d\udc47\n\n@DooggiesNFT is minting (.05) on OpenSea NOW \ud83d\udea8Sales are flying\u2026"}, {"author_id": 1462669658817904644, "id": 1495236344410423298, "text": "RT @BBBCard: Javonte Williams Rookie Lot\n\n- Bronze Press Proof (soft corner)\n- Mosaic RC\n- Blue Chips\n- Donruss RC\n\n$12 shipped BMWT. \n@Hob\u2026"}, {"author_id": 1364705449086382082, "id": 1495236332586618881, "text": "Javonte Williams Rookie Lot\n\n- Bronze Press Proof (soft corner)\n- Mosaic RC\n- Blue Chips\n- Donruss RC\n\n$12 shipped BMWT. \n@Hobby_Connect @HobbyConnector @sports_sell https://t.co/3s5vvyApEX"}, {"author_id": 1464476584929333249, "id": 1495236248834826243, "text": "@HeroGalaxyNFT Blue Chips for all the HG!"}, {"author_id": 1415114066251554816, "id": 1495234967588139013, "text": "@4IR_Alpha @Tiff_cryptomaxi Yep. How many more blue chips will you be able to pick up with nodes fueling your purchases?\n\nThis is the best play I can see at the moment."}, {"author_id": 33641590, "id": 1495232887582429191, "text": "@iAarong He\u2019s not in the upper tier blue chips from what I\u2019ve seen.. and they are trying their best to make him look like one."}, {"author_id": 65158334, "id": 1495232615703531524, "text": "@estate_epic @Tiff_cryptomaxi I've been doing the same-- I plan on buying back blue chips again. I knew some of them will take time to take off."}, {"author_id": 1405910732953186307, "id": 1495232207497019396, "text": "@MetaMann_eth @the_x2y2 LOL they are stealing blue chips not pineapples lol"}, {"author_id": 166467497, "id": 1495229509620371460, "text": "RT @ahdyt: My top 10 list of most undervalued projects that will become blue chips:\n\n1. @chain_runners \n2. @chain_runners \n3. @chain_runner\u2026"}, {"author_id": 124350676, "id": 1495228777185484800, "text": "RT @EvertonBlake_: Never saw the movie; I just instantly thought of Action Bronson's Blue Chips mixtape when I saw this"}, {"author_id": 17923555, "id": 1495228303124275203, "text": "why grind for a WL slot when you can just find a smart contract exploit, leave it latent for 4 years, allow NFTs to go on a bull run, identify blue chips, send a phishing email at the right time and wait for the CTO of OS marketplace to be busy at a public event and have it all"}, {"author_id": 2460919741, "id": 1495227897967411200, "text": "9 No-Brainer Dividend Blue-Chips For A Rich Retirement https://t.co/OZfm0gj6pm"}, {"author_id": 1303181974794768384, "id": 1495227787971633158, "text": "@NFTLlama How did they get their emails? Are they just famous people with blue chips?"}, {"author_id": 388532629, "id": 1495226164671041541, "text": "RT @JoCourtney89: How's this for a #25YearChallenge? I used to be in it for the blue splash suit and the chips after Little Rocks \ud83e\udd23 #Always\u2026"}, {"author_id": 2312926136, "id": 1495225674524676097, "text": "Guys moral of the story here is only end up in pink sheet NFTs and no blue chips and hackers won\u2019t care enough to pay your wallet any attention \ud83d\ude02"}, {"author_id": 41607741, "id": 1495224546739298309, "text": "@DrAndyT Neon and Tony!  Those were the guys!!!  I can't wait for Blue Chips II: NIL Deals All Day"}, {"author_id": 2742955846, "id": 1495224104416432131, "text": "Applications Developer National Avon maroon Concrete Lock blue Chips input productize Silver https://t.co/HoV2dgejlK"}, {"author_id": 3149459688, "id": 1495223456660692993, "text": "RT @SwellWines: #SaturdayMotivation #Soup Mexican Nacho w/ Pork Shoulder, Shaved Corn, Sweet Potato, Red &amp; Black Beans, Peppers &amp; Onions to\u2026"}, {"author_id": 1366438546811146242, "id": 1495223268034285569, "text": "RT @KenWattana: Maybe all the tweets listing the blue chips in your wallet were not a good idea after all"}, {"author_id": 1389381408259334144, "id": 1495222821198315524, "text": "@sirblackmoore @1MrPapi @iFreshNFT @AJFromDiscord @opensea @LooksRareNFT No blue chips yourself eh \ud83e\udd72"}, {"author_id": 592249034, "id": 1495222227033227271, "text": "Maybe all the tweets listing the blue chips in your wallet were not a good idea after all"}, {"author_id": 354088302, "id": 1495219292039786503, "text": "RT @takegreenpill: Remember the crypto saying: \u201cI\u2019m in it for the tech\u201d ?\n\nYea, those are people who bought #BTC in 2010. Turns out that it\u2026"}, {"author_id": 194247457, "id": 1495218155819520003, "text": "@Katara_NFT @alphapencake @rugpullfinder no he is just stealing assets worth his time lmfao blue chips only, he doesnt want cheap shit"}, {"author_id": 1121696342877753346, "id": 1495217557891993601, "text": "RT @CryptoNagato: UPDATED BLUE CHIPS LIST\n\nSince I\u2019m a man of my word, here\u2019s the thread about some crypto projects I personally think have\u2026"}, {"author_id": 409300806, "id": 1495217166588784642, "text": "ADP rich Quality-focused Unbranded Chips incubate Fork Computer blue copy olive Assistant https://t.co/BR4Sh4sciR"}, {"author_id": 1390482601400487937, "id": 1495217030533951489, "text": "@BlockchainBoyy Blue chips love eth"}, {"author_id": 1473000211949633542, "id": 1495215393048195072, "text": "@champtgram No more alphas champ, people are losing blue chips like crazy."}, {"author_id": 1350432497511890944, "id": 1495214559820402690, "text": "RT @0xWave: NFT Risk Management 101:\nDO NOT HAVE MARKETPLACE APPROVALS FOR ALL YOUR HIGH VALUE NFTS ACTIVE SIMULTANEOUSLY\nSimplest way to p\u2026"}, {"author_id": 368665458, "id": 1495214474164203520, "text": "RT @0xWave: NFT Risk Management 101:\nDO NOT HAVE MARKETPLACE APPROVALS FOR ALL YOUR HIGH VALUE NFTS ACTIVE SIMULTANEOUSLY\nSimplest way to p\u2026"}, {"author_id": 1366176870815981569, "id": 1495214275564122113, "text": "RT @0xWave: NFT Risk Management 101:\nDO NOT HAVE MARKETPLACE APPROVALS FOR ALL YOUR HIGH VALUE NFTS ACTIVE SIMULTANEOUSLY\nSimplest way to p\u2026"}, {"author_id": 45032996, "id": 1495214261559201794, "text": "RT @0xWave: NFT Risk Management 101:\nDO NOT HAVE MARKETPLACE APPROVALS FOR ALL YOUR HIGH VALUE NFTS ACTIVE SIMULTANEOUSLY\nSimplest way to p\u2026"}, {"author_id": 942904392562462720, "id": 1495214259529297920, "text": "RT @WavexPirate: In the last 50 Mins :\n- Reports of stolen NFT blue chips \n- Degens unable to identify if the culprit is OS new contract or\u2026"}, {"author_id": 1456713284497952772, "id": 1495214125013688320, "text": "Served the steaks on a bed of baby spinach with balsamic. And pesto tapinade with blue corn chips on side. \n\nGot 1/2 plate left for dinner tomorrow \ud83d\ude0b \ud83e\udd17 https://t.co/C0dZmkdXjV"}, {"author_id": 1364111176221687810, "id": 1495214090427371520, "text": "NFT Risk Management 101:\nDO NOT HAVE MARKETPLACE APPROVALS FOR ALL YOUR HIGH VALUE NFTS ACTIVE SIMULTANEOUSLY\nSimplest way to prevent pain is 0 approvals, have a separate sales wallet for listing blue chips"}, {"author_id": 1398326588148621313, "id": 1495212446340255745, "text": "Just a disclaimer \ud83d\udea8 From the beginning of this account mainly for #CryptoTwitter invested in blue chips alt coin to a meme coins I have not been paid for any of my tweet. Nadaa! If I promote any coins or tokens it is solely base on my research and beliefs. So please D.Y.O.R"}, {"author_id": 1427464183352897537, "id": 1495211272572489729, "text": "@mrbr0own Be patient....do you need buy blue chips Nft. Hold and invest.\n2022. Up and down Year"}, {"author_id": 452318873, "id": 1495211143811543040, "text": "Those of you in the space that lost your BAYC, Azuki\u2019s &amp; other blue chips I truly feel for you. \nI know how life changing those holds must have been. \nIdk if this will reach out but I think if the ENTIRE community comes together we can help those that have lost. \ud83d\ude4f"}]