[{"author_id": 377565364, "id": 1495231627907186693, "text": "What if instead of Evil Robots ruling The Earth, Evil Roberts ruled The Earth?  And none of them would let you call them \"Bob.\" That would be a real dystopia, wouldn't it?"}, {"author_id": 1445965397971247104, "id": 1495176860627771392, "text": "RT @SiggyStardust80: Bob Bob commented on MailOnline: She took the money over having a trial. Shows what she values. https://t.co/lL9whJlttT"}, {"author_id": 1005531169193160704, "id": 1495175645609054213, "text": "Bob Bob commented on MailOnline: She took the money over having a trial. Shows what she values. https://t.co/lL9whJlttT"}, {"author_id": 1587345456, "id": 1495134736590819334, "text": "RT @ukhealthradio: The @SportsDocRadio Show with Dr Bob on @ukhealthradio - Alicia Roberts, Owner of #DeltaLifeFitness in Naperville, Illin\u2026"}, {"author_id": 103553261, "id": 1495129307026448391, "text": "'Bob Roberts'; prescient..."}, {"author_id": 569242704, "id": 1495126039315496973, "text": "The @SportsDocRadio Show with Dr Bob on @ukhealthradio - Alicia Roberts, Owner of #DeltaLifeFitness in Naperville, Illinois joins me along with returning Rich Dubin, #publisher of @mvpparent #magazine with its new winter issue.\n\n\ud83d\udc49\ud83c\udffc \ud83c\udfa7  https://t.co/Y4v6LlbrGE https://t.co/OdpCpfq7B5"}, {"author_id": 1371790277158047747, "id": 1495102731522088974, "text": "If Robert is Bob\nShouldn't Roberts be Bobs"}, {"author_id": 1362884182972592128, "id": 1495097416864858112, "text": "RT @Ataraxi64995427: The totally peaceful vibes behind the Canberra conned voy, please remember Craig kelly, Chris uhlman, George Christens\u2026"}, {"author_id": 1362218240412295173, "id": 1495082447696199680, "text": "The totally peaceful vibes behind the Canberra conned voy, please remember Craig kelly, Chris uhlman, George Christensen, Pauline Hanson, Matt canavan, Malcolm Roberts, Bob katter and Scott Morrison facilitated or attended or condoned this entire shitshow https://t.co/IHw5lFr01C"}, {"author_id": 1360067936388608004, "id": 1495078169606565897, "text": "@tribelaw When is the court going to release all the names of the people involved in this? You know like Senator Bob Menendez, Bill Clinton, John Roberts supreme court justice, hell Hillary Clinton was on the flight logs not as many times as her husband but she was there."}, {"author_id": 277117004, "id": 1495071347894063109, "text": "RT @RobertsAtPark: The exact same reaction occurred in the Roberts\u2019 house when we heard that @CoachTerp_ was named the new @IthacaBomberFB\u2026"}, {"author_id": 404239987, "id": 1495065948075614210, "text": "RT @delyn_rob: Sideshow Bob Roberts vs Sideshow Rob Roberts https://t.co/KLGepgD48H"}, {"author_id": 1255176037618442241, "id": 1495065822460530689, "text": "Sideshow Bob Roberts vs Sideshow Rob Roberts https://t.co/KLGepgD48H"}, {"author_id": 808737593089282048, "id": 1495060492385193984, "text": "Okay, I've been binging on the content of 180 with Bob on Kaya with The Jammer Mabena,Skhumba and Kuli Roberts and all i can say is my heart literally sank. Nomakula and Mabena were the real OGs. Tears, tears, tears"}, {"author_id": 2600890711, "id": 1495052906302787585, "text": "Sideshow Bob Roberts https://t.co/ygbxwsbbLD"}, {"author_id": 1209143079057461248, "id": 1495044311129407493, "text": "@nypost What do you call 2 gay guys named Bob?  Oral Roberts."}, {"author_id": 1170387655563075584, "id": 1495033813403152388, "text": "It is the first time I have listened to the Phoebe Smith album in years. Absolutely spine tingling. \n\nBob Roberts. Songs and tunes and reminisce of an age disappeared. This LP was recorded in \u201877, some years after the time mentioned in the book. Topic, such important work. https://t.co/KJHHQpcZgG"}, {"author_id": 261389053, "id": 1495012602027679751, "text": "The exact same reaction occurred in the Roberts\u2019 house when we heard that @CoachTerp_ was named the new @IthacaBomberFB head coach.  The only difference was our party involved me, a precocious 10 year old, Hollywood legend Bob Regan, and two devious cats. Great work, @LetsGoIC_AD https://t.co/o1Ld7xic9E"}, {"author_id": 1423577449, "id": 1494956521616248832, "text": "@TimRobbins1 Yesterday I was lucky enough to see your films: \u201cA Perfect Day,\u201d \u201cThe Secret Life of Words,\u201d and \u201cThe Lucky Ones.\u201d They we\u2019re all stunningly emotional and thought-provoking. Next on the list is: \u201cCode 46,\u201d \u201cShort Cuts,\u201d and \u201cBob Roberts.\u201d Can\u2019t wait!"}, {"author_id": 1116091541121060864, "id": 1494904040416845825, "text": "The movie The Mexican went on sale today for $9.99 on Microsoft\n\nStarring: Brad Pitt, Julia Roberts, James Gandolfini, J.K. Simmons, Bob Balaban, Sherman Augustus, Michael Cerveris\n\nhttps://t.co/U4NZruHaLf\n\n."}, {"author_id": 2500609754, "id": 1494888164301078529, "text": "RT @vkgavg: @bob_parto @Matt_KeanMP @Dom_Perrottet @LiberalNSW gain a good start in, survive, and prosper. These people are absolute shit f\u2026"}, {"author_id": 118264319, "id": 1494835624796618757, "text": "@bob_parto @Matt_KeanMP @Dom_Perrottet @LiberalNSW gain a good start in, survive, and prosper. These people are absolute shit for brains whom will drive the Country to ruin. Climate policies &amp; renewable subsidies cost Australian households around $13 billion per year, or $1300 per household. Senator Roberts commissioned economist"}, {"author_id": 449328654, "id": 1494826656745332741, "text": "Is the world ready to rediscover Bob Roberts yet? It's an AMAZING film, but holy shit it is bleak."}, {"author_id": 114549551, "id": 1494764076555247619, "text": "@Bob_E_Roberts @ParisaMichelle K. So Twitter brings receipts. \nEvidently that photographer is a flaming racist. I would tell Stafford to keep his money.\ud83e\udd28\nhttps://t.co/71UOhiueNo"}, {"author_id": 105132656, "id": 1494741607740022788, "text": "RT @pstymail: Isn\u2019t Bob Roberts MP some massive rapist sex pest? Who cares what he thinks #johnsonoutday25 @Conservatives"}, {"author_id": 105132656, "id": 1494741188284399622, "text": "Isn\u2019t Bob Roberts MP some massive rapist sex pest? Who cares what he thinks #johnsonoutday25 @Conservatives https://t.co/E2EOSa8cUL"}, {"author_id": 55933789, "id": 1494739284187701248, "text": "@tvaziri Sideshow Bob Roberts a close second. \u201cAttempted murder? Really now, do you get the Nobel Prize for \u2018attempted chemistry?\u2019\u201d"}, {"author_id": 26513, "id": 1494731748231430144, "text": "New Trump Respondents is the name of a douchy nineties bro band which plays hard rock covers of the Bob Roberts soundtrack and only releases\nmusic on compact disc. https://t.co/cwfWrEXrhX"}, {"author_id": 55377346, "id": 1494722782957084679, "text": "Sideshow Bob Roberts https://t.co/6GkC5wnWrS"}, {"author_id": 1288611962809712642, "id": 1494689962750619655, "text": "@CKai71 I heard it was @bob_roberts_21 \nHope there aren't any wardrobe malfunctions"}, {"author_id": 308465487, "id": 1494687565387030528, "text": "RT @ChrisExcel102: The Era of Bra Bob Mabena. Skhumba Hlophe. Kuli Roberts on Kaya FM 180 with Bob will forever be the best! \ud83d\udd25"}, {"author_id": 900546302, "id": 1494685162289913856, "text": "@Bob_E_Roberts @ParisaMichelle Lol ok bud \ud83d\udc4d"}, {"author_id": 569242704, "id": 1494673056396103683, "text": "The @SportsDocRadio Show with Dr Bob on @ukhealthradio - Alicia Roberts, Owner of #DeltaLifeFitness in Naperville, Illinois joins me along with returning Rich Dubin, #publisher of @mvpparent #magazine with its new winter issue.\n\n\ud83d\udc49\ud83c\udffc \ud83c\udfa7  https://t.co/Y4v6LlbrGE https://t.co/qR7B8sXoVT"}, {"author_id": 900546302, "id": 1494648539032522793, "text": "@Bob_E_Roberts @ParisaMichelle Yeah he's should've jumped off a 8 ft stage hammered into a group of people. Good call"}, {"author_id": 212103464, "id": 1494640451001151493, "text": "@Picketer For a start, people would ask \"wht are you remaking the 1992 Tim Robbins mockumentary \"Bob Roberts\"?\""}, {"author_id": 144707987, "id": 1494638538075172873, "text": "In 1992 the film Bob Roberts was a very gentle Hollywood Liberal satire of a grifter conservative folk-singing Senate candidate. Alan Rickman stole the film.) You couldn\u2019t make it now. No point. https://t.co/ALeqQmB2dr"}, {"author_id": 505277254, "id": 1494631588478746624, "text": "@Bob_E_Roberts @ParisaMichelle That is awesome!"}, {"author_id": 699178302997716992, "id": 1494615184899514399, "text": "@UB5simon @jacquep Isn't there a political satire film called \u201cBob Roberts\u201d about a ridiculous right-wing politician?"}, {"author_id": 328999956, "id": 1494584390529085444, "text": "Dm to make an appointment @worldfamousspotlighttattoo #gettattooedatspotlight @ Bob &amp; Charlie Roberts Spotlight Tattoo https://t.co/rBErY0harL"}, {"author_id": 449384057, "id": 1494583180191354882, "text": "#17 (rw)\nStar 80\n(1983\u2014dir. Bob Fosse)\n\nFosse's last big-screen outing admittedly exudes a post-New Hollywood fatigue. Its attempt at applying the Lenny format to Dorothy Stratten+in color isn't quite as successful. Still, Hemingway&amp;especially Roberts' turns remain awards-worthy. https://t.co/HCWxoGArZa"}, {"author_id": 147709362, "id": 1494465689851207681, "text": "@tvaziri Sideshow Bob Roberts https://t.co/NRBHSXNtHc"}, {"author_id": 1346527321679929346, "id": 1494410226174414849, "text": "RT @AlistoLove: Kuli Roberts Skhumba and Bob on 180 with Bob best combination there was ever ...her laughter was the Best ...RIP Khuli Robe\u2026"}, {"author_id": 1152992292963328001, "id": 1494405558430019588, "text": "RT @AlistoLove: Kuli Roberts Skhumba and Bob on 180 with Bob best combination there was ever ...her laughter was the Best ...RIP Khuli Robe\u2026"}, {"author_id": 788987190, "id": 1494315966750146561, "text": "One of most fun things ever to be involved with, and an all star cast of co-authors (Carl Foster, Jos De Koning, @AthleteFatigue , Jack Raglin, @KevinT_NSWIS , Bob Roberts). Introducing the Foster Collapse Positions in Athletes who push it too hard... https://t.co/SJyGc1BI4g"}, {"author_id": 46422648, "id": 1494306421449633797, "text": "Congrats to Jonathan Roberts who had four wins, @PapaJxWags who had three and Justin Vincent two on the Wednesday night @Rosecroft card. Wagner and Trainer Michael Hall each had three training wins and Judge Bob $6.80 took the $11,000 Open Handicap Trot."}, {"author_id": 1440292835266236427, "id": 1494230725121523712, "text": "Kuli Robert's memorial service on Wednesday at Birchwood Hotel was quite emotional.\n\nRoberts had an illustrious career as a journalist and editor. She was popular on TV and radio, having worked at Kaya FM's breakfast show with the late radio legend Bob Mabena and https://t.co/EwyVNrCShk"}, {"author_id": 569242704, "id": 1494220071778009089, "text": "The @SportsDocRadio Show with Dr Bob on @ukhealthradio - Alicia Roberts, Owner of #DeltaLifeFitness in Naperville, Illinois joins me along with returning Rich Dubin, #publisher of @mvpparent #magazine with its new winter issue.\n\n\ud83d\udc49\ud83c\udffc \ud83c\udfa7  https://t.co/Y4v6LlbrGE https://t.co/vujKvyy8TZ"}, {"author_id": 1326246126148747264, "id": 1494198409204420608, "text": "Pirate Bart Roberts travels to Cayman Islands to drink a Bob Marley"}, {"author_id": 244195955, "id": 1494189247598931968, "text": "@KaylaChowShow All The President's Men\nDead Poets Society\nGhostbusters\nAirplane 1&amp;2\nFast Times At Ridgemont High\nBob Roberts\nBlues Brothers\nAll Indiana Jones\nThe Big Lebowski\nAny Mel Brooks\nAll National Lampoon\nAny Pink Panther (Peter Sellers)\nGodfather 1&amp;2\nSlingblade\nForrest Gump\nWilly Wonka"}, {"author_id": 92894185, "id": 1494157534030139396, "text": "RT @graybrigade: Judge Bob with Jonathan Roberts captures the featured MD Preferred Open trot in Race 10 @Rosecroft Raceway in 1:55.4.  #ha\u2026"}, {"author_id": 2557912424, "id": 1494153432227368962, "text": "Judge Bob with Jonathan Roberts captures the featured MD Preferred Open trot in Race 10 @Rosecroft Raceway in 1:55.4.  #harnessracing https://t.co/FnxVX04R1l"}, {"author_id": 826287935557283840, "id": 1494136460433367042, "text": "I love that, no matter who you are or what you believe, we can all dunk on Marvel Cinematic Bob Roberts."}, {"author_id": 2737748538, "id": 1494133395235893252, "text": "@collzorgs Hey - you don\u2019t know who sign guy is banging - Billy Bob got Angelina Jolie, Lyle Lovett got Julia Roberts - you don\u2019t know \ud83d\ude02\ud83d\ude02\ud83d\ude02\ud83d\ude02\n\nBut you\u2019re totally right on the money \ud83d\udc4d\ud83c\udffb\ud83d\udc4d\ud83c\udffb"}, {"author_id": 337216714, "id": 1494126408679014403, "text": "5/\n\nJim Johnson\nBob Kelly\nClaude Larose\nMatt Martin\nJoe Matte\nJack McDonald\nJack McGill\nBob Murdoch\nMike Murphy\nBob Murray\nRob Palmer\nMike Peluso\nBrent Peterson\nDave Reed\nStephane Richer\nJim Roberts\nStephane Roy\nMike Rucinski\nBrian Smith\nDon Smith"}, {"author_id": 1475243906476380161, "id": 1494120915956744196, "text": "RT @Resist47231614: @laurenboebert Four days after Bob Bentz's death on Dec. 8, his daughter-in-law Shawn Roberts Bentz, Lauren Boebert's m\u2026"}, {"author_id": 1475243906476380161, "id": 1494119894245203969, "text": "@laurenboebert Four days after Bob Bentz's death on Dec. 8, his daughter-in-law Shawn Roberts Bentz, Lauren Boebert's mother, was in Washington with her daughter.\nhttps://t.co/Q6nydKRynR"}, {"author_id": 940554876421066752, "id": 1494105866957729795, "text": "RT @coksie_mag: \"I'm the only person who gave Kuli Roberts and Bob Mabena the best last days of their radio careers. Thank you to Kuli's fa\u2026"}, {"author_id": 977416881362612224, "id": 1494101553178939402, "text": "RT @coksie_mag: \"I'm the only person who gave Kuli Roberts and Bob Mabena the best last days of their radio careers. Thank you to Kuli's fa\u2026"}, {"author_id": 125829847, "id": 1494098075354206210, "text": "@ChakiFunkWizard Ellen, Billy Bob Thornton, Julia Roberts, Ariel Pink, Jim Belushi,"}, {"author_id": 609351846, "id": 1494088876469719041, "text": "\"Until we love Jesus more than our churches, we are not going anywhere.\" ~ Bob Roberts Jr. #KingdomCome"}, {"author_id": 163060328, "id": 1494066523257942020, "text": "RT @Steven_Hyden: Eric Roberts is one of my favorite actors and he's currently starring on one of my favorite TV shows THE RIGHTEOUS GEMSTO\u2026"}, {"author_id": 1272919357149122565, "id": 1494065893755793410, "text": "RT @AlistoLove: Kuli Roberts Skhumba and Bob on 180 with Bob best combination there was ever ...her laughter was the Best ...RIP Khuli Robe\u2026"}, {"author_id": 1285461211807653888, "id": 1494063460275130381, "text": "RT @AlistoLove: Kuli Roberts Skhumba and Bob on 180 with Bob best combination there was ever ...her laughter was the Best ...RIP Khuli Robe\u2026"}, {"author_id": 962345959316492288, "id": 1494056584124772353, "text": "RT @coksie_mag: \"I'm the only person who gave Kuli Roberts and Bob Mabena the best last days of their radio careers. Thank you to Kuli's fa\u2026"}, {"author_id": 3404698257, "id": 1494051647596769280, "text": "RT @coksie_mag: \"I'm the only person who gave Kuli Roberts and Bob Mabena the best last days of their radio careers. Thank you to Kuli's fa\u2026"}, {"author_id": 1272184071926538242, "id": 1494041033667190791, "text": "RT @coksie_mag: \"I'm the only person who gave Kuli Roberts and Bob Mabena the best last days of their radio careers. Thank you to Kuli's fa\u2026"}, {"author_id": 962449584, "id": 1494037085518446595, "text": "RT @coksie_mag: \"I'm the only person who gave Kuli Roberts and Bob Mabena the best last days of their radio careers. Thank you to Kuli's fa\u2026"}, {"author_id": 82210282, "id": 1494034512652779522, "text": "RT @coksie_mag: \"I'm the only person who gave Kuli Roberts and Bob Mabena the best last days of their radio careers. Thank you to Kuli's fa\u2026"}, {"author_id": 1675006460, "id": 1494029080261537793, "text": "RT @coksie_mag: \"I'm the only person who gave Kuli Roberts and Bob Mabena the best last days of their radio careers. Thank you to Kuli's fa\u2026"}, {"author_id": 1054001948842737669, "id": 1494028331641184263, "text": "RT @coksie_mag: \"I'm the only person who gave Kuli Roberts and Bob Mabena the best last days of their radio careers. Thank you to Kuli's fa\u2026"}, {"author_id": 1005872182348668929, "id": 1494019011465691140, "text": "RT @coksie_mag: \"I'm the only person who gave Kuli Roberts and Bob Mabena the best last days of their radio careers. Thank you to Kuli's fa\u2026"}, {"author_id": 732512714, "id": 1494016738492661767, "text": "RT @coksie_mag: \"I'm the only person who gave Kuli Roberts and Bob Mabena the best last days of their radio careers. Thank you to Kuli's fa\u2026"}, {"author_id": 741274696528867328, "id": 1494016197100445696, "text": "RT @coksie_mag: \"I'm the only person who gave Kuli Roberts and Bob Mabena the best last days of their radio careers. Thank you to Kuli's fa\u2026"}, {"author_id": 1339683887606280194, "id": 1494007408259182604, "text": "RT @coksie_mag: \"I'm the only person who gave Kuli Roberts and Bob Mabena the best last days of their radio careers. Thank you to Kuli's fa\u2026"}, {"author_id": 391422517, "id": 1494006831676628999, "text": "RT @coksie_mag: \"I'm the only person who gave Kuli Roberts and Bob Mabena the best last days of their radio careers. Thank you to Kuli's fa\u2026"}, {"author_id": 432380412, "id": 1494005462450249733, "text": "RT @coksie_mag: \"I'm the only person who gave Kuli Roberts and Bob Mabena the best last days of their radio careers. Thank you to Kuli's fa\u2026"}, {"author_id": 137313357, "id": 1494004593839296512, "text": "@_seankeller Well said, a great rec and I'm a huge Altman fan in general. This also reminds me that I need to revisit Bob Roberts, one of Tim Robbins' best."}, {"author_id": 1179466480750125058, "id": 1493998331508494340, "text": "RT @coksie_mag: \"I'm the only person who gave Kuli Roberts and Bob Mabena the best last days of their radio careers. Thank you to Kuli's fa\u2026"}, {"author_id": 2401349229, "id": 1493997353925324804, "text": "RT @coksie_mag: \"I'm the only person who gave Kuli Roberts and Bob Mabena the best last days of their radio careers. Thank you to Kuli's fa\u2026"}, {"author_id": 379305040, "id": 1493992760877199362, "text": "RT @buhlembhele_: [WATCH] Radio Colleague Skhumba Hlophe (Kaya 959) has described his time and Roberts as well as the late Bob Mabena on Br\u2026"}, {"author_id": 1359848957644591107, "id": 1493990019593383936, "text": "RT @buhlembhele_: [WATCH] Radio Colleague Skhumba Hlophe (Kaya 959) has described his time and Roberts as well as the late Bob Mabena on Br\u2026"}, {"author_id": 1382034515665752065, "id": 1493986931511808006, "text": "RT @buhlembhele_: [WATCH] Radio Colleague Skhumba Hlophe (Kaya 959) has described his time and Roberts as well as the late Bob Mabena on Br\u2026"}, {"author_id": 3011392273, "id": 1493984305709821960, "text": "RT @coksie_mag: \"I'm the only person who gave Kuli Roberts and Bob Mabena the best last days of their radio careers. Thank you to Kuli's fa\u2026"}, {"author_id": 711835219515547648, "id": 1493981585737138183, "text": "RT @coksie_mag: \"I'm the only person who gave Kuli Roberts and Bob Mabena the best last days of their radio careers. Thank you to Kuli's fa\u2026"}, {"author_id": 182757188, "id": 1493980763552894979, "text": "RT @coksie_mag: \"I'm the only person who gave Kuli Roberts and Bob Mabena the best last days of their radio careers. Thank you to Kuli's fa\u2026"}, {"author_id": 3365714031, "id": 1493978749175484418, "text": "RT @coksie_mag: \"I'm the only person who gave Kuli Roberts and Bob Mabena the best last days of their radio careers. Thank you to Kuli's fa\u2026"}, {"author_id": 332696077, "id": 1493971981963780100, "text": "RT @coksie_mag: \"I'm the only person who gave Kuli Roberts and Bob Mabena the best last days of their radio careers. Thank you to Kuli's fa\u2026"}, {"author_id": 1433899602, "id": 1493971705248858116, "text": "RT @coksie_mag: \"I'm the only person who gave Kuli Roberts and Bob Mabena the best last days of their radio careers. Thank you to Kuli's fa\u2026"}, {"author_id": 147547955, "id": 1493971519306878987, "text": "RT @coksie_mag: \"I'm the only person who gave Kuli Roberts and Bob Mabena the best last days of their radio careers. Thank you to Kuli's fa\u2026"}, {"author_id": 53869853, "id": 1493968862454370310, "text": "RT @coksie_mag: \"I'm the only person who gave Kuli Roberts and Bob Mabena the best last days of their radio careers. Thank you to Kuli's fa\u2026"}, {"author_id": 1392067683114528769, "id": 1493967589428584451, "text": "RT @coksie_mag: \"I'm the only person who gave Kuli Roberts and Bob Mabena the best last days of their radio careers. Thank you to Kuli's fa\u2026"}, {"author_id": 139717925, "id": 1493967581618880519, "text": "RT @coksie_mag: \"I'm the only person who gave Kuli Roberts and Bob Mabena the best last days of their radio careers. Thank you to Kuli's fa\u2026"}, {"author_id": 1342000117025529856, "id": 1493964990705029127, "text": "RT @coksie_mag: \"I'm the only person who gave Kuli Roberts and Bob Mabena the best last days of their radio careers. Thank you to Kuli's fa\u2026"}]