[{"author_id": 3161918534, "id": 1495288628750462979, "text": "RT @whofavoredfire: For Levi &amp; Mikasa, it furthers the Ackerman tragedy. Cursed to be the strongest, the most \"free\" despite the Ackermans\u2026"}, {"author_id": 1950718723, "id": 1495288601248436226, "text": "This was bound to happen!! https://t.co/GfNGis3Fnh"}, {"author_id": 1374992847045324805, "id": 1495288566351597570, "text": "RT @Mprtech2: My guy on Reddit proved that my UMP won\u2019t fire OOB.  His mag catch was set to high and bound the bolt.  I worked on that geom\u2026"}, {"author_id": 996781385988820993, "id": 1495288546063749121, "text": "Melody arrived, and used her final mythic point to try to counter Draven\u2019s old wish that created the chains that bound all three of them\u2014Jerribeth, Leto, and Draven\u2014and free Leto once and for all\u2014"}, {"author_id": 1471490941617803279, "id": 1495288423292481538, "text": "RT @ANI: #WATCH Indian Army using drones to supply booster dose vaccine to forward troops in snow-bound areas of J&amp;K. In this case, the pac\u2026"}, {"author_id": 1493635142203719686, "id": 1495288388957650945, "text": "Listening to Space Bound by @Eminem on @PandoraMusic\nhttps://t.co/qC3WRt2eCl https://t.co/XFaSYrsJKi"}, {"author_id": 1216017005595299840, "id": 1495288386172641282, "text": "\u2800\u2800\n\n\u2800  \u2800 \u2571 \ud835\ude30 \ud835\ude30 \ud835\ude24  .\u141f  \n\n         Toilet  bound  verse ,  let  me\n         in !!!!! \u2800\u2800\n\n\u2800"}, {"author_id": 57313817, "id": 1495288376064241666, "text": "RT @LiveLawIndia: Tax Authorities Duty Bound To Take Show- Cause Notice To Logical End Within Reasonable Time \u2013 Bombay HC Sets Aside 15 Yea\u2026"}, {"author_id": 2499724119, "id": 1495288364664336384, "text": "@brunitsky @ErnestNketiah4 @WESTHIL24752065 @mr_dzidzienyo @abenamagis I understand your logic but just like there're bad investments no one is duty-bound to support anyone. Parents can equally decide to dump their kids after giving birth to them."}, {"author_id": 113851340, "id": 1495288321303535616, "text": "RT @aitaikimochi: Yoshi-P not being able to answer the question about Zenos as a Reaper, saying Zenos' body is in another dimension not bou\u2026"}, {"author_id": 1274190469, "id": 1495288293017235456, "text": "[Becca Means] Bound 2 Cover by Kanye West https://t.co/ukGOggKI8I via @YouTube\ud83e\udd0d"}, {"author_id": 1382146711557066755, "id": 1495288264520916994, "text": "@Bkrs_Rakshith They are not dalits, they are ambedkariets and periyarists. Don't bound agitation to a particular community."}, {"author_id": 1122982467823112194, "id": 1495288257126572033, "text": "Bound 2 gotta be my favorite song"}, {"author_id": 1353379099947896835, "id": 1495288251653189633, "text": "RT @Howardrjohnson: LOOK: Rice packs with Bongbong Marcos\u2019 name and logo for 2022 elections bound for #TyphoonRai humanitarian aid effort o\u2026"}, {"author_id": 1434987592961855488, "id": 1495288251631882241, "text": "i need to go do stuff outside my room but ive been crying and my family sleeps so fucking late so im bound to run into them and if someone else looks at me or tries to talk to me ill fucking k*** them"}, {"author_id": 2549502055, "id": 1495288232954761216, "text": "@fyreous @JWLumley @ColinLundstrom @AdamPage85 @Eric_Conn I feel the Spirit moving. I feel things being bound and loosed in the spirit realm for Eric. It's the day of his favor. It's the year of his blessing. Hallelujah! The demons are running, the whole realm is shaking. Get ready to have curses broken, for chains broken off... \ud83e\udd23\ud83e\udd23\ud83e\udd23"}, {"author_id": 2324666440, "id": 1495288227795804160, "text": "Anyways....DC bound \ud83d\ude01"}, {"author_id": 1022896573590601728, "id": 1495288223869722628, "text": "RT @whofavoredfire: For Levi &amp; Mikasa, it furthers the Ackerman tragedy. Cursed to be the strongest, the most \"free\" despite the Ackermans\u2026"}, {"author_id": 1392196221347921921, "id": 1495288129770909702, "text": "RT @ANI: #WATCH Indian Army using drones to supply booster dose vaccine to forward troops in snow-bound areas of J&amp;K. In this case, the pac\u2026"}, {"author_id": 1378113147115016197, "id": 1495288129221189636, "text": "RT @f_ai_n: Bound\n-\nlast kaeya angst for the month from me &lt;3 https://t.co/5Ca0Dp1DY2"}, {"author_id": 2490691466, "id": 1495288088616378374, "text": "You and I are partners, bound tight by the red string of fate since time immemorial."}, {"author_id": 1008196546884657154, "id": 1495288067501936642, "text": "RT @DJ_MISCHIEVOUS: Bound 2\ufe0f\u20e3 https://t.co/EnocEUBuUK"}, {"author_id": 1412037306102386693, "id": 1495288057662435329, "text": "rhode island-bound cargo ship up in flames??!\nquahog is fucked fr"}, {"author_id": 1975507290, "id": 1495288057104371714, "text": "How did they film homeward bound? Did they actually throw a cat down a waterfall?"}, {"author_id": 955850521818075137, "id": 1495288022308380674, "text": "RT @Same22Shark: A real bro\u2019s bound https://t.co/zB9fgBxNrV"}, {"author_id": 808893365291020288, "id": 1495288008316178433, "text": "@1629_Mark Bound 2"}, {"author_id": 76015047, "id": 1495287991773933572, "text": "RT @FMFoomy: If you see a FLCL post, you\u2019re bound to find a man named \u201ccoz\u201d interact with it. As god intended."}, {"author_id": 1069643120621617154, "id": 1495287951319830531, "text": "@PrivateJunNile Thank you so much Bound.\nThese are weird feeling to have, so i can\u2019t say thanks enough for letting me get them out with ya\ud83e\udde1"}, {"author_id": 1146918660067536901, "id": 1495287949268770823, "text": "RT @MsJewellMarceau: My #clip - Bound By Chance - 8 just sold! https://t.co/alSybmAQRK https://t.co/b7aZyq7F9l"}, {"author_id": 1213792424, "id": 1495287937088598016, "text": "@Snecinho @LFC They have been playing once a week since Jan and now it's 2 games a week for them so they're bound to drop points.We told them"}, {"author_id": 735989929822420993, "id": 1495287923171676160, "text": "Wholesome Twitter comments in bound https://t.co/0DjdQPvk9j"}, {"author_id": 1159206948979560449, "id": 1495287922945318913, "text": "RT @SakimiChanArt: Yae Miko. Bound. https://t.co/OO1tdvIcs0"}, {"author_id": 95155814, "id": 1495287902842101760, "text": "RT @6lacklight: @clonedior i was once told i bottle things up and hold it in like shaken soda, bound to explode\u2014 and that I should be more\u2026"}, {"author_id": 1488099978430103552, "id": 1495287897670373377, "text": "Don\u2019t you understand? We\u2019ll be Star Crossed. Bound to be alone forever. We\u2019ll never find love with another. We\u2019re meant to be together - it\u2019s fate."}, {"author_id": 1447196051119693830, "id": 1495287861524013058, "text": "@1629_Mark Bound 2"}, {"author_id": 1421377199454646276, "id": 1495287797309075457, "text": "@nhuciferr you\u2019re plat bound in no to fr fr"}, {"author_id": 1392608029695172609, "id": 1495287726563905537, "text": "@British_Airways our connecting flight from Madrid to Heathrow has been cancelled and we need a UK bound flight asap\u2026any guidance appreciated!"}, {"author_id": 714139498750279680, "id": 1495287688106332166, "text": "RT @SakimiChanArt: Yae Miko. Bound. https://t.co/OO1tdvIcs0"}, {"author_id": 2432605086, "id": 1495287628643680258, "text": "RT @barstool_haven: State bound wrestlers https://t.co/FoIYNMmQrf"}, {"author_id": 104231486, "id": 1495287611853660164, "text": "#MacKayBridge - Dartmouth to Halifax (Activity): Traffic conditions, Dartmouth bound light volumes, Halifax bound light volumes, winter conditions, drive with care"}, {"author_id": 765057693061001217, "id": 1495287578337382401, "text": "Morrowind also let you create gear items with permanent magic effects that would start when you equip the item and end when you de-equip it.\nSo I made a weapon of permanent bound weapon effect.\nI equipped it. The game crashed.\nTBH I'm really not sure what I was expecting there."}, {"author_id": 765057693061001217, "id": 1495287577045176320, "text": "So Morrowind had a magical effect called \"bound &lt;gear slot&gt;\", which replaced whatever was in that slot with a spiffy conjured item and put your previous item into your bag. Then when the effect ended it automatically re-equipped your previous item for you."}, {"author_id": 782466433066369024, "id": 1495287557365526528, "text": "@ESPNcricinfo No issue with that.. And it was bound to happen woth their form. And I believe the communication must be clear, Get some game time in Ranji, get some runs.. And you're back in it.."}, {"author_id": 1137619521580277760, "id": 1495287557281746946, "text": "@reine_gh @ErnestNketiah4 @WESTHIL24752065 @mr_dzidzienyo @abenamagis Your parents are duty-bound to support you. Your partner is duty-bound to support you. And both of these support structures must however understand that investments can go bad."}, {"author_id": 1028308394891862016, "id": 1495287516710453249, "text": "\u201cit\u2019s too heavy,\u201d th shakes his head again. \u201cthe meanings, the permanence... you can\u2019t erase a tattoo. feelings, on the other hand, are bound to change.\u201d he turns facing the ceiling now. \u201cwhat if I get bored?\u201d then, in a whisper, \u201cwhat if things change?\u201d"}, {"author_id": 1290307312851197953, "id": 1495287493133885442, "text": "RT @SachinKulageri: Remember @mkstalin avl, you are elected democratically thus you are bound to listen to the\nvoices of people rather than\u2026"}, {"author_id": 251955953, "id": 1495287468047929347, "text": "RT @DerekStubbs14: @RCMPPEI @JayScotland Part of the shoulder east bound Water Street in Summerside just past the Starlight Diner has washe\u2026"}, {"author_id": 1441864317788319746, "id": 1495287453879574530, "text": "RT @PropertyOfSMC: Sir expects 24/7 chastity while in His service, and i go anywhere from 4 to 8 weeks between milkings. In 2021, Sir gave\u2026"}, {"author_id": 2738584485, "id": 1495287444404641792, "text": "RT @wsvn: HELP BRING HIM HOME - Police are searching for 17-year-old Benjamin Camji-Ortega after he went missing from the doorstep of his W\u2026"}, {"author_id": 2302326066, "id": 1495287435479044099, "text": "@FY4Chan @StuartKLau According to the PRC Foreign Ministry,  they were never bound by that treaty after 1997.  Why hasn\u2019t Boris spoken out?"}, {"author_id": 1384551206324932609, "id": 1495287358798938114, "text": "Jamaica\u2013179 St/Jamaica Center-bound E, F trains are currently delayed at 36 St."}, {"author_id": 1035181128909508613, "id": 1495287357389651969, "text": "Jamaica\u2013179 St/Jamaica Center-bound E, F trains are currently delayed at 36 St. https://t.co/vsNz9XUND0"}, {"author_id": 1336892330196889600, "id": 1495287333444149249, "text": "@RealMarkFinchem Prison bound traitor! Treason is still a crime in America. You fascists trying to overthrow American democracy. That IS TREASON!"}, {"author_id": 4640249835, "id": 1495287255337869314, "text": "RT @Rabs_AA: So good to finally hold @FORCEmagazine and see my debut article in print. Thank you @PravinSawhney for giving me the opportuni\u2026"}, {"author_id": 1114690508859645952, "id": 1495287252317925380, "text": "Don't know where to take your date? Papa Veronica's is bound to impress. Don't miss the handcrafted venison burritoes or lemongrass battered pheasant bisque"}, {"author_id": 1480005616173129729, "id": 1495287251244560385, "text": "RT @jenmphilcan: @rosefelimon lol kasi currently we are house bound by this covid so 100% support to this #sb19 band kasi ang galing lang t\u2026"}, {"author_id": 1339824355560210433, "id": 1495287248555634688, "text": "bound. god this movie is so good. https://t.co/Wyg1AqSs4z"}, {"author_id": 342782636, "id": 1495287207145451520, "text": "[Elevator Status] The elevator to the Harlem/54th-bound platform at Morgan (Green/Pink Line) is temporarily out-of-service."}, {"author_id": 1420569805292072964, "id": 1495287136303468545, "text": "Of course his wings were bound to burn when he was the sun itself."}, {"author_id": 4810256042, "id": 1495287109103460356, "text": "RT @SakimiChanArt: Yae Miko. Bound. https://t.co/OO1tdvIcs0"}, {"author_id": 1016532597432725506, "id": 1495287103134912516, "text": "@Elpinksto If you can't see anything.. stuff is bound to pop up on radar, sat nav, ECDIS. If it's there, they will see it. May not identify it.. but they will see it."}, {"author_id": 1021240771314270208, "id": 1495287098865115140, "text": "RT @JeanVolland: Very excited to share our preprint on \"A centimeter-long bacterium with DNA compartmentalized in membrane-bound organelles\u2026"}, {"author_id": 232340323, "id": 1495287093148495873, "text": "@1629_Mark Bound 2"}, {"author_id": 1082485950469423105, "id": 1495287085376237570, "text": "RT @AndyBuhler: Raymond girls cut down the nets after beating Chief Leschi 68-60 to win the 2B District 4 title, the program's first since\u2026"}, {"author_id": 1474010384969322500, "id": 1495287045765300226, "text": "RT @ANI: #WATCH | Indo-Tibetan Border Police (ITBP) personnel patrolling in a snow-bound area at 15,000 feet in sub-zero temperatures aroun\u2026"}, {"author_id": 748640891846295552, "id": 1495287043068338176, "text": "RT @SakimiChanArt: Yae Miko. Bound. https://t.co/OO1tdvIcs0"}, {"author_id": 55581050, "id": 1495287023736872960, "text": "UNHRC is duty bound to find justice to the oppressed Tamils in Sri Lanka https://t.co/cD2Ry1OyGb via @countercurrents"}, {"author_id": 1393759359608377346, "id": 1495287021706702850, "text": "RT @NewPornKiwi: Part 12 of 12 ! With Pierce Paris and Lukas Daken ! \n\n Full video here (Title: Bound By the Senses: Smell: Bareback): http\u2026"}, {"author_id": 1393759359608377346, "id": 1495287004090621957, "text": "RT @NewPornKiwi: Part 11 of 12 ! With Pierce Paris and Lukas Daken ! \n\n Full video here (Title: Bound By the Senses: Smell: Bareback): http\u2026"}, {"author_id": 1375357957, "id": 1495286970108776449, "text": "@Kripasabha @thekaipullai I agree with that partially sir.\nDelhi NCR has such high population that eatable things are bound to get cheap.\nInfrastructure money is pumped, i agree, but the ultimate beneficiaries are the people here."}, {"author_id": 1244818360971300867, "id": 1495286957038964737, "text": "ik she was gonna cry today it was bound to happen  https://t.co/7NmLzqE9Yf"}, {"author_id": 1004233767328681984, "id": 1495286952643284993, "text": "bora bound"}, {"author_id": 1393759359608377346, "id": 1495286897588916225, "text": "RT @NewPornKiwi: Part 10 of 12 ! With Pierce Paris and Lukas Daken ! \n\n Full video here (Title: Bound By the Senses: Smell: Bareback): http\u2026"}, {"author_id": 1082485950469423105, "id": 1495286880081899522, "text": "RT @SBLiveWA: Washington State-bound Kyra Gardner\u2019s 38 points lead Raymond girls to first district title since 1991 https://t.co/QsZ0tOOO7v\u2026"}, {"author_id": 1393759359608377346, "id": 1495286875539460099, "text": "RT @NewPornKiwi: Part 9 of 12 ! With Pierce Paris and Lukas Daken ! \n\n Full video here (Title: Bound By the Senses: Smell: Bareback): https\u2026"}, {"author_id": 959325456347664385, "id": 1495286865842229250, "text": "RT @isachinthakur01: #SantRampalJiMaharaj_App\nwe and all our actions on earth are bound. All the work is done by forcing the living being b\u2026"}, {"author_id": 1011931223252348928, "id": 1495286865200840709, "text": "RT @SakimiChanArt: Yae Miko. Bound. https://t.co/OO1tdvIcs0"}, {"author_id": 1393759359608377346, "id": 1495286856019152899, "text": "RT @NewPornKiwi: Part 8 of 12 ! With Pierce Paris and Lukas Daken ! \n\n Full video here (Title: Bound By the Senses: Smell: Bareback): https\u2026"}, {"author_id": 1393759359608377346, "id": 1495286837748797440, "text": "RT @NewPornKiwi: Part 7 of 12 ! With Pierce Paris and Lukas Daken ! \n\n Full video here (Title: Bound By the Senses: Smell: Bareback): https\u2026"}, {"author_id": 1290936204817440768, "id": 1495286837400776706, "text": "Homeward bound: Lenexa dog returns home after making \u2018great escape\u2019 from doggie daycare |\u00a0News https://t.co/aZ6ttS1BRE"}, {"author_id": 133598504, "id": 1495286816576057347, "text": "RT @CvtMeg: @sweetpsp10 SLAUGHTER BOUND HORSE please help!!! https://t.co/hvXLNpmoeV"}, {"author_id": 1393759359608377346, "id": 1495286813975478277, "text": "RT @NewPornKiwi: Part 6 of 12 ! With Pierce Paris and Lukas Daken ! \n\n Full video here (Title: Bound By the Senses: Smell: Bareback): https\u2026"}, {"author_id": 1267903724875165697, "id": 1495286795973525507, "text": "@KissmyassDorsey @0xagonal @AuziusMagus Once again...\nWhy do you think I'm bound? https://t.co/VbbEsHyYfM"}, {"author_id": 1249799143, "id": 1495286793083625472, "text": "Oh wearisome condition of humanity!\nBorn under one law, to another bound.\n-- Fulke Greville, Lord Brooke \n\n#linux #fortune #cookies #people"}, {"author_id": 1393759359608377346, "id": 1495286790025990147, "text": "RT @NewPornKiwi: Part 5 of 12 ! With Pierce Paris and Lukas Daken ! \n\n Full video here (Title: Bound By the Senses: Smell: Bareback): https\u2026"}, {"author_id": 1393759359608377346, "id": 1495286736418603016, "text": "RT @NewPornKiwi: Part 4 of 12 ! With Pierce Paris and Lukas Daken ! \n\n Full video here (Title: Bound By the Senses: Smell: Bareback): https\u2026"}, {"author_id": 133598504, "id": 1495286733478379521, "text": "RT @CvtMeg: @sweetpsp10 @SenShelby Slaughter bound, help me save him, PLEASE!\ud83d\ude29\ud83d\ude4f\ud83d\udc94\ud83d\udc94\ud83c\udd98 https://t.co/hvXLNpmoeV"}, {"author_id": 969470659708444672, "id": 1495286702843187201, "text": "RT @jitende37309837: @RShivshankar These one eyed &amp; blinkered historians targeting V.Sampath's brilliant work on Savarkar is bound to fail.\u2026"}, {"author_id": 1393759359608377346, "id": 1495286694987251714, "text": "RT @NewPornKiwi: Part 3 of 12 ! With Pierce Paris and Lukas Daken ! \n\n Full video here (Title: Bound By the Senses: Smell: Bareback): https\u2026"}, {"author_id": 1473013403866251269, "id": 1495286628797067266, "text": "RT @MotivationalUi: I am not bound to win, but I am bound to be true. I am not bound to succeed, but I am bound to live up to what light I\u2026"}, {"author_id": 1029511059139440642, "id": 1495286623851982853, "text": "RT @SakimiChanArt: Yae Miko. Bound. https://t.co/OO1tdvIcs0"}, {"author_id": 77540359, "id": 1495286581007167488, "text": "In the end there's bound to be a lot of overlap between spokespeople. Creating something new takes experimenting, and there's nothing saying that the existing popular power architecture (designed by Ch\u00e1vez) is the final step"}, {"author_id": 1393759359608377346, "id": 1495286540158652417, "text": "RT @NewPornKiwi: Part 2 of 12 ! With Pierce Paris and Lukas Daken ! \n\n Full video here (Title: Bound By the Senses: Smell: Bareback): https\u2026"}, {"author_id": 1444559478947520512, "id": 1495286529643581440, "text": "@uarenotyrkhakis @0xagonal @AuziusMagus And what do you think might happen when one stops being bound by that??? Maybe the ability to astral travel, and things like that??? Possibilities are endless...."}, {"author_id": 1451914495689822214, "id": 1495286523603783684, "text": "RT @SanjayaBishwak2: Our happiness knew no bound. Interviews for #DV2022 are started to schedule. Really grateful for the great efforts of\u2026"}, {"author_id": 809172738929672192, "id": 1495286494033940486, "text": "@ghoejhoe la bound babyyy"}, {"author_id": 874801457555423232, "id": 1495286481727934466, "text": "There's no gentle way to put it: People who give in to racism and prejudice may simply be dumb, according to a new study that is bound to stir public controversy."}]