[{"author_id": 1330135477211500549, "id": 1495284892418121733, "text": "@betsyrnewman @helena_boxing Hey you two.   What's ya doing\ud83c\udf3c https://t.co/r2NUgPWwxb"}, {"author_id": 518747079, "id": 1495275470027325442, "text": "@helena_boxing Stop pulling my leg! \ud83d\ude02\ud83d\ude02\ud83d\ude02 https://t.co/ZXPwIsI2pB"}, {"author_id": 30016350, "id": 1495259927199236102, "text": "@helena_boxing I did not have the chance to chase away your boredom with my carnival act. https://t.co/TMZ7RZej4c"}, {"author_id": 1392210580942041097, "id": 1495226928567095300, "text": "@helena_boxing Awwww - oh well. \ud83d\ude22"}, {"author_id": 1388607816877842433, "id": 1495226391477981187, "text": "Boxing Helena(1993) I can't decide if it's Amputation Erotica or and amputated erotica.... https://t.co/AWCKUuVZAM"}, {"author_id": 1150916982302228488, "id": 1495225410711429126, "text": "@helena_boxing I know you are but what am I! Haha"}, {"author_id": 1212577062671667200, "id": 1495198022581755907, "text": "RT @celebs_fap: Nicolette Scorsese in Boxing Helena https://t.co/tt2EOjl85R"}, {"author_id": 63668328, "id": 1495175452968861698, "text": "@RhubbaComedy no, but I want to see that and Boxing Helena"}, {"author_id": 25493978, "id": 1495104126048481282, "text": "@ZubayrIndeed There was actually a 90s film called Boxing Helena which had that ending. It was roundly panned by critics and people I knew who saw it said it was rubbish. Kim Basinger reportedly paid millions to get out of acting in it."}, {"author_id": 916955879085187072, "id": 1495019438479147014, "text": "@Nayan_Mondal9 Watch Boxing Helena \ud83d\ude06"}, {"author_id": 857444321959784448, "id": 1494942966057738240, "text": "@Msmariablack @helena_boxing You need some eggs and bacon"}, {"author_id": 857444321959784448, "id": 1494923604252930050, "text": "RT @stevewh67: #BreakingNews \nCynthia Perkins, 34, fed sperm-laced cupcakes to students, pleaded guilty Monday to multiple charges and will\u2026"}, {"author_id": 857444321959784448, "id": 1494913120791412736, "text": "@Msmariablack @helena_boxing @Msmariablack does Jesus have magic powers in his booty https://t.co/opd5WAQrsG"}, {"author_id": 703699662692360194, "id": 1494904871052529664, "text": "@stevewh67 @helena_boxing Nope. Back in the box"}, {"author_id": 857444321959784448, "id": 1494903882627133446, "text": "@helena_boxing @Msmariablack  booty juice is addictive https://t.co/swuZNkZTto"}, {"author_id": 1404558194035228672, "id": 1494895752518123520, "text": "@CreekEss @M_Hella @helena_boxing Yes.....that tastes really good....l better put on my lobster bib.....in case vinegar splashes all over my fake boobs.. which are slightly.....smaller than Dolly Parton's boobies. ...l would hate to get in a vinegary situation....."}, {"author_id": 1404558194035228672, "id": 1494894817024757767, "text": "RT @CreekEss: @LisaSutter13 @M_Hella @helena_boxing Hey - ever try vinegar on the fries?  I'd go for some good fries with vinegar."}, {"author_id": 1392210580942041097, "id": 1494894077699141639, "text": "@LisaSutter13 @M_Hella @helena_boxing Hey - ever try vinegar on the fries?  I'd go for some good fries with vinegar."}, {"author_id": 1404558194035228672, "id": 1494893504236978177, "text": "RT @M_Hella: @CreekEss @LisaSutter13 @helena_boxing Fries and love. The perfect tale"}, {"author_id": 1404558194035228672, "id": 1494893037889097729, "text": "@M_Hella @CreekEss @helena_boxing We ate them with chopsticks....but chopsticks is a dog....."}, {"author_id": 30016350, "id": 1494890762064089089, "text": "@CreekEss @LisaSutter13 @helena_boxing Fries and love. The perfect tale"}, {"author_id": 1404558194035228672, "id": 1494890319053090817, "text": "@CreekEss @M_Hella @helena_boxing Absolutely....glorious.....darlin.....we grab hands....and looked at each other like we were on drugs......but that was really....love in our eyes ....later on we were....still hungry....and order.....some.... fries...."}, {"author_id": 1404558194035228672, "id": 1494889604310204418, "text": "RT @CreekEss: @LisaSutter13 @M_Hella @helena_boxing Hey - I forgot to even ask - how'd the candlelight dinner go?"}, {"author_id": 1392210580942041097, "id": 1494889496852238341, "text": "@LisaSutter13 @M_Hella @helena_boxing Hey - I forgot to even ask - how'd the candlelight dinner go?"}, {"author_id": 1404558194035228672, "id": 1494889488727740419, "text": "@CreekEss @M_Hella @helena_boxing I'm jelly.....the grape kind...."}, {"author_id": 30016350, "id": 1494889460869308417, "text": "@CreekEss @LisaSutter13 @helena_boxing I actually always thought it was Canada misspelled"}, {"author_id": 1392210580942041097, "id": 1494889146397212672, "text": "@M_Hella @LisaSutter13 @helena_boxing I am guessing you don't know how to play Canasta."}, {"author_id": 30016350, "id": 1494889063299616773, "text": "@CreekEss @LisaSutter13 @helena_boxing 5 banter points to Ess"}, {"author_id": 30016350, "id": 1494888893975601161, "text": "@CreekEss @LisaSutter13 @helena_boxing Ess, you are going to force me to look up the word melding."}, {"author_id": 1477011444692656128, "id": 1494888367863050241, "text": "@stevewh67 @HuffPostCrime @CaledonianKitty @ps9714 @helena_boxing @Msmariablack Many whites are some of the most disgusting people on earth. Never know what sickness  on these people's minds. Never heard in life anyone doing  a disgusting, pervert-evil thing like that to children. Had a non-white group did that they would run it on CNN and Fox News forever."}, {"author_id": 1392210580942041097, "id": 1494888183003287552, "text": "@LisaSutter13 @M_Hella @helena_boxing I'd like to think I'm peanut butter."}, {"author_id": 1404558194035228672, "id": 1494887478880210949, "text": "RT @CreekEss: @M_Hella @LisaSutter13 @helena_boxing I\u2019m gonna bet \u201cmelding\u201d would have a whole different meaning."}, {"author_id": 1404558194035228672, "id": 1494887416930312192, "text": "RT @M_Hella: @CreekEss @LisaSutter13 @helena_boxing Their version of canasta may be rather creative."}, {"author_id": 1404558194035228672, "id": 1494887349469134852, "text": "@CreekEss @M_Hella @helena_boxing You just jelly .......\ud83e\udd23"}, {"author_id": 1392210580942041097, "id": 1494887341999149059, "text": "@M_Hella @LisaSutter13 @helena_boxing I\u2019m gonna bet \u201cmelding\u201d would have a whole different meaning."}, {"author_id": 30016350, "id": 1494887036708339712, "text": "@CreekEss @LisaSutter13 @helena_boxing Their version of canasta may be rather creative."}, {"author_id": 1404558194035228672, "id": 1494886650899353600, "text": "RT @M_Hella: @CreekEss @LisaSutter13 @helena_boxing They brag about their perfect BFs."}, {"author_id": 1404558194035228672, "id": 1494886639134330884, "text": "RT @CreekEss: @M_Hella @LisaSutter13 @helena_boxing Oh - that! Probably fantasies!"}, {"author_id": 1404558194035228672, "id": 1494886625561571328, "text": "RT @M_Hella: @LisaSutter13 @helena_boxing @CreekEss Oh Ess, what did I get us into? Their BFs will be looking for us."}, {"author_id": 1404558194035228672, "id": 1494886616283815936, "text": "RT @CreekEss: @M_Hella @LisaSutter13 @helena_boxing Ess? Ess? Who\u2019s this Ess person?"}, {"author_id": 1404558194035228672, "id": 1494886607714881536, "text": "RT @M_Hella: @CreekEss @LisaSutter13 @helena_boxing I sometimes think you are a figment of my imagination until you share pics of the GNP."}, {"author_id": 1404558194035228672, "id": 1494886599112359945, "text": "RT @CreekEss: @M_Hella @LisaSutter13 @helena_boxing I think Lisa is just looking for another couple to play four-handed Canasta."}, {"author_id": 1392210580942041097, "id": 1494886270434168836, "text": "@M_Hella @LisaSutter13 @helena_boxing Um\u2026\u2026\u2026..yeah."}, {"author_id": 30016350, "id": 1494886066863714305, "text": "@CreekEss @LisaSutter13 @helena_boxing Yes but eight handed canasta I believe."}, {"author_id": 1392210580942041097, "id": 1494885753733758979, "text": "@M_Hella @LisaSutter13 @helena_boxing I think Lisa is just looking for another couple to play four-handed Canasta."}, {"author_id": 30016350, "id": 1494885387419987971, "text": "@CreekEss @LisaSutter13 @helena_boxing I sometimes think you are a figment of my imagination until you share pics of the GNP."}, {"author_id": 1392210580942041097, "id": 1494884813152694275, "text": "@M_Hella @LisaSutter13 @helena_boxing Ess? Ess? Who\u2019s this Ess person?"}, {"author_id": 30016350, "id": 1494884119922327554, "text": "@LisaSutter13 @helena_boxing @CreekEss Oh Ess, what did I get us into? Their BFs will be looking for us."}, {"author_id": 1404558194035228672, "id": 1494882929176047617, "text": "@M_Hella @helena_boxing @CreekEss I would love to feed both your desires.....the three of us could do it like the French do..... three-way.....if you say yes.....we will all have our happy ending... what do you say sexy men....???"}, {"author_id": 1392210580942041097, "id": 1494881726153347078, "text": "@M_Hella @LisaSutter13 @helena_boxing Oh - that! Probably fantasies!"}, {"author_id": 30016350, "id": 1494881483424780294, "text": "@CreekEss @LisaSutter13 @helena_boxing They brag about their perfect BFs."}, {"author_id": 1404558194035228672, "id": 1494880753196224513, "text": "RT @M_Hella: @LisaSutter13 You and your pal, @helena_boxing need to quit tweeting about your perfect BFs. It sets the bar way too high for\u2026"}, {"author_id": 1404558194035228672, "id": 1494880715405623303, "text": "RT @CreekEss: @M_Hella @LisaSutter13 @helena_boxing What did I miss?"}, {"author_id": 1392210580942041097, "id": 1494880178824261636, "text": "@M_Hella @LisaSutter13 @helena_boxing What did I miss?"}, {"author_id": 30016350, "id": 1494879767773990912, "text": "@LisaSutter13 You and your pal, @helena_boxing need to quit tweeting about your perfect BFs. It sets the bar way too high for mere mortals like @CreekEss and me."}, {"author_id": 467983925, "id": 1494843479247273986, "text": "@1goodshotgreen I really did hate BOXING HELENA, but 1993 had so many other waking nightmares that it's hard to focus on any one as being more of a standout than the others."}, {"author_id": 276301391, "id": 1494841014971940870, "text": "@BigPimpinGuvie *whisper* i didn\u2019t hate boxing helena\n\nTHE VANISHING, however, I despise how the same director turned his chilling original into cheap Hollywood trash. Hated it!"}, {"author_id": 467983925, "id": 1494839047944122371, "text": "@1goodshotgreen Trash! Utter trash! BOXING HELENA? Sweep the awards (though spare my thirty-plus-year crush, Sherilyn Fenn)! STRIKING DISTANCE? Dogshit! And I really like Rowdy Herrington movies, by &amp; large! JASON GOES TO HELL? Among the worst of an incompetent series! But no. INDECENT PROPOSAL."}, {"author_id": 276301391, "id": 1494837908645240836, "text": "@BigPimpinGuvie BOXING HELENA, HEAR NO EVIL, HEXED, JASON GOES TO HELL, MOTHER'S BOYS, STRIKING DISTANCE, THE TEMP, THE VANISHING. My gosh, THE VANISHING sucked!"}, {"author_id": 1258227571654717441, "id": 1494837473003941895, "text": "@stevewh67 @HuffPostCrime @CaledonianKitty @ps9714 @helena_boxing @Msmariablack What a despicable person. https://t.co/o4pZdFQiFJ"}, {"author_id": 857444321959784448, "id": 1494822621736837131, "text": "@Msmariablack @helena_boxing @HuffPostCrime @CaledonianKitty @ps9714 Good afternoon but I didn't do it LOL"}, {"author_id": 703699662692360194, "id": 1494822417130262530, "text": "@stevewh67 @helena_boxing @HuffPostCrime @CaledonianKitty @ps9714 Get in the box"}, {"author_id": 1380641789862764544, "id": 1494813324957028352, "text": "RT @stevewh67: @helena_boxing I know you want some of that milk lol"}, {"author_id": 857444321959784448, "id": 1494807791374065666, "text": "@helena_boxing I know you want some of that milk lol"}, {"author_id": 857444321959784448, "id": 1494787600879603712, "text": "@SoniaRiv71 @HuffPostCrime @CaledonianKitty @ps9714 @helena_boxing @Msmariablack People are sick"}, {"author_id": 857444321959784448, "id": 1494786253170085898, "text": "@helena_boxing @HuffPostCrime @CaledonianKitty @ps9714 @Msmariablack That is so gross"}, {"author_id": 857444321959784448, "id": 1494786165802680325, "text": "@helena_boxing @HuffPostCrime @CaledonianKitty @ps9714 @Msmariablack It just pops up LOL"}, {"author_id": 1380641789862764544, "id": 1494783313109680128, "text": "RT @stevewh67: #BreakingNews \nCynthia Perkins, 34, fed sperm-laced cupcakes to students, pleaded guilty Monday to multiple charges and will\u2026"}, {"author_id": 1380641789862764544, "id": 1494782904907436032, "text": "RT @DavewithTurbos: @helena_boxing This is so right!"}, {"author_id": 1487598042975023106, "id": 1494777845083787265, "text": "RT @stevewh67: #BreakingNews \nCynthia Perkins, 34, fed sperm-laced cupcakes to students, pleaded guilty Monday to multiple charges and will\u2026"}, {"author_id": 1313972765251137536, "id": 1494777500848689152, "text": "@helena_boxing This is so right!"}, {"author_id": 202497670, "id": 1494776224836734980, "text": "@helena_boxing If I were to marry again I would marry a deft mute woman, regardless of her appearance."}, {"author_id": 857444321959784448, "id": 1494774723087065091, "text": "@ps9714 @HuffPostCrime @CaledonianKitty @helena_boxing @Msmariablack People are insane my friend"}, {"author_id": 202497670, "id": 1494774705793945602, "text": "@helena_boxing Jesus woman, you used to be fun but lost your sense of humor \ud83d\ude0f"}, {"author_id": 942241440855343104, "id": 1494774620339281921, "text": "@stevewh67 @HuffPostCrime @CaledonianKitty @helena_boxing @Msmariablack Good grief. \ud83d\ude28\ud83d\ude31"}, {"author_id": 942241440855343104, "id": 1494774566895378434, "text": "RT @stevewh67: #BreakingNews \nCynthia Perkins, 34, fed sperm-laced cupcakes to students, pleaded guilty Monday to multiple charges and will\u2026"}, {"author_id": 857444321959784448, "id": 1494774259583004678, "text": "#BreakingNews \nCynthia Perkins, 34, fed sperm-laced cupcakes to students, pleaded guilty Monday to multiple charges and will testify against her ex-husband at his trial https://t.co/wL1eUAw2a1 via @HuffPostCrime\n\n#truecrime @CaledonianKitty @ps9714 @helena_boxing @Msmariablack"}, {"author_id": 942241440855343104, "id": 1494772239534862337, "text": "@stevewh67 @helena_boxing @Msmariablack @ivyjofreeman @1980Dorothy @witty_shitty @JadahParadox @LadyD420Empath @traytaymakeup @Meidas_Jules @joynoxstory @MoviesTVNetwork Yes, I watch the @SmithsonianChan TV frequently. #AirWarriors. I get their magazine, too."}, {"author_id": 857444321959784448, "id": 1494771860948533253, "text": "@ps9714 @helena_boxing @Msmariablack @ivyjofreeman @1980Dorothy @witty_shitty @JadahParadox @LadyD420Empath @traytaymakeup @Meidas_Jules @joynoxstory @MoviesTVNetwork I've been trying to find some military programming on the Smithsonian Channel today. They usually have a program called Air Warriors"}, {"author_id": 942241440855343104, "id": 1494771703255388163, "text": "@stevewh67 @helena_boxing @Msmariablack @ivyjofreeman @1980Dorothy @witty_shitty @JadahParadox @LadyD420Empath @traytaymakeup @Meidas_Jules @joynoxstory Hey Steven. I'm watching old movies: \"Edge of the City.\" On the @MoviesTVNetwork."}, {"author_id": 202497670, "id": 1494766938911870987, "text": "@helena_boxing Sometimes it\u2019s true, and it\u2019s important to be honest. You don\u2019t want to create the wrong expectations."}]