[{"author_id": 1369903449987452931, "id": 1495282647332839424, "text": "RT @Soldiering_: Today, we honour and remember #Braveheart Naik Sandeep Kaliraman of 10 #Para (SF) who fought gallantly during an operation\u2026"}, {"author_id": 212486547, "id": 1495282645407834113, "text": "RT @Soldiering_: Today we honour and remember #Braveheart Naik Shivananda of 16 #Madras who made the ultimate sacrifice in a deadly avalanc\u2026"}, {"author_id": 949635733437861893, "id": 1495282641821519872, "text": "RT @megirish2001: Cost of Freedom... while we sleep peacefully to wake up to a bright day... \n\nSalute Braveheart Sons \ud83d\ude4f\ud83c\uddee\ud83c\uddf3"}, {"author_id": 952946790, "id": 1495281947907526656, "text": "RT @megirish2001: Cost of Freedom... while we sleep peacefully to wake up to a bright day... \n\nSalute Braveheart Sons \ud83d\ude4f\ud83c\uddee\ud83c\uddf3"}, {"author_id": 1247645816, "id": 1495281410025963520, "text": "Watching Braveheart with my tiny dog to teach her the way of things \n(Alba gu br\u00e0th etc.)"}, {"author_id": 1456563860974882820, "id": 1495280559571963906, "text": "RT @Soldiering_: Today, we honour and remember #Braveheart Naik Sandeep Kaliraman of 10 #Para (SF) who fought gallantly during an operation\u2026"}, {"author_id": 1053658247515693056, "id": 1495280336510406656, "text": "RT @manishindiatv: One brother made the ultimate sacrifice in the fight against the terrorists but other brother is ready today to do the s\u2026"}, {"author_id": 1456563860974882820, "id": 1495280243463966721, "text": "RT @manishindiatv: One brother made the ultimate sacrifice in the fight against the terrorists but other brother is ready today to do the s\u2026"}, {"author_id": 1282604463153446912, "id": 1495279609734123525, "text": "@Cernovich Well, then fight till the end, braveheart style\u2026"}, {"author_id": 1433458968785915909, "id": 1495279588804464643, "text": "RT @Soldiering_: Today, we honour and remember #Braveheart Naik Sandeep Kaliraman of 10 #Para (SF) who fought gallantly during an operation\u2026"}, {"author_id": 1433458968785915909, "id": 1495279577068826624, "text": "RT @Soldiering_: Today we honour and remember #Braveheart Naik Shivananda of 16 #Madras who made the ultimate sacrifice in a deadly avalanc\u2026"}, {"author_id": 2249868398, "id": 1495279143474237441, "text": "RT @manishindiatv: One brother made the ultimate sacrifice in the fight against the terrorists but other brother is ready today to do the s\u2026"}, {"author_id": 1050451491570573313, "id": 1495279074457133057, "text": "@invisiblelad007 @davenewworld_2 I guess that they think that getting arrested for making a dick of yourself skiing makes you into Braveheart."}, {"author_id": 787338552514187270, "id": 1495278772697776131, "text": "RT @megirish2001: Cost of Freedom... while we sleep peacefully to wake up to a bright day... \n\nSalute Braveheart Sons \ud83d\ude4f\ud83c\uddee\ud83c\uddf3"}, {"author_id": 4222412603, "id": 1495278589759131651, "text": "Braveheart https://t.co/x1msUuVQ1T"}, {"author_id": 2247792632, "id": 1495278023418867713, "text": "@MattRumancik Both classics, but I\u2019m going with Braveheart!"}, {"author_id": 1357062726493892616, "id": 1495277827062738945, "text": "@MattRumancik Braveheart. I like Gladiator, but ..."}, {"author_id": 1428948766401327108, "id": 1495277309179609089, "text": "RT @megirish2001: Cost of Freedom... while we sleep peacefully to wake up to a bright day... \n\nSalute Braveheart Sons \ud83d\ude4f\ud83c\uddee\ud83c\uddf3"}, {"author_id": 143135729, "id": 1495277026470952962, "text": "RT @megirish2001: Cost of Freedom... while we sleep peacefully to wake up to a bright day... \n\nSalute Braveheart Sons \ud83d\ude4f\ud83c\uddee\ud83c\uddf3"}, {"author_id": 1298141058765697025, "id": 1495276093175074817, "text": "@BSameer1298 @AdityaRajKaul @Kaluram14689921 I do agree with you. The words you use do not matter at all. The coward soldiers of occupation army were killed by a braveheart who had joined just 2 days back and that's what matters.\n#HindustanasTrath\n#AdityaRajasJahanum"}, {"author_id": 1415390826214170626, "id": 1495276071515660293, "text": "RT @manishindiatv: One brother made the ultimate sacrifice in the fight against the terrorists but other brother is ready today to do the s\u2026"}, {"author_id": 788797277204783104, "id": 1495275964607045632, "text": "RT @manishindiatv: One brother made the ultimate sacrifice in the fight against the terrorists but other brother is ready today to do the s\u2026"}, {"author_id": 93615709, "id": 1495275820503670784, "text": "RT @Defence_XP: 2 Army jawans Sepoy Santosh Yadav &amp; Sepoy C. Romit attained Veergati during encounter, and while moving civilians away from\u2026"}, {"author_id": 437558561, "id": 1495275581725831168, "text": "RT @manishindiatv: One brother made the ultimate sacrifice in the fight against the terrorists but other brother is ready today to do the s\u2026"}, {"author_id": 2942121530, "id": 1495275484631879683, "text": "RT @manishindiatv: One brother made the ultimate sacrifice in the fight against the terrorists but other brother is ready today to do the s\u2026"}, {"author_id": 4863208452, "id": 1495274640834379778, "text": "RT @manishindiatv: One brother made the ultimate sacrifice in the fight against the terrorists but other brother is ready today to do the s\u2026"}, {"author_id": 19362816, "id": 1495274372910694400, "text": "People saying \u201cHold the line!\u201d are sooooooooo cringe fml man \n\nYou\u2019re not in Braveheart fucking go home"}, {"author_id": 1453127405317595141, "id": 1495274368884088832, "text": "Braveheart (1995) is reminiscent of cloisonnism, if you think about it really."}, {"author_id": 1131697874, "id": 1495274326920413186, "text": "RT @manishindiatv: One brother made the ultimate sacrifice in the fight against the terrorists but other brother is ready today to do the s\u2026"}, {"author_id": 1468436115111964672, "id": 1495274133160017922, "text": "RT @CKasheer: Among the wounds inflicted by ter0rism on our great nation Pulvama is one of the deepest. Let\u2019s get together to pay homage to\u2026"}, {"author_id": 34862863, "id": 1495273157741391872, "text": "RT @manishindiatv: Supreme Sacrifice by The Braveheart, Sep Chavan Romit Tanaji,He belonged to Village \u2013 Room (Lokmanya Nagar) of Thane Teh\u2026"}, {"author_id": 3837328818, "id": 1495272889515671558, "text": "RT @manishindiatv: One brother made the ultimate sacrifice in the fight against the terrorists but other brother is ready today to do the s\u2026"}, {"author_id": 62224944, "id": 1495272855382204422, "text": "RT @manishindiatv: Supreme Sacrifice by The Braveheart, Sep Chavan Romit Tanaji,He belonged to Village \u2013 Room (Lokmanya Nagar) of Thane Teh\u2026"}, {"author_id": 3768687553, "id": 1495272847786536963, "text": "RT @megirish2001: Cost of Freedom... while we sleep peacefully to wake up to a bright day... \n\nSalute Braveheart Sons \ud83d\ude4f\ud83c\uddee\ud83c\uddf3"}, {"author_id": 2156117647, "id": 1495272457179074560, "text": "RT @megirish2001: Cost of Freedom... while we sleep peacefully to wake up to a bright day... \n\nSalute Braveheart Sons \ud83d\ude4f\ud83c\uddee\ud83c\uddf3"}, {"author_id": 1430046304189616128, "id": 1495272317811060737, "text": "RT @manishindiatv: One brother made the ultimate sacrifice in the fight against the terrorists but other brother is ready today to do the s\u2026"}, {"author_id": 1182353912805740544, "id": 1495272307362697216, "text": "\"Intuition is the very force or activity of the soul in its experience through whatever has been the experience of the soul itself.\"\n\n- Orlando Bloom,\nBraveheart (1995)"}, {"author_id": 1475479061866508289, "id": 1495271942772834312, "text": "RT @CKasheer: Among the wounds inflicted by ter0rism on our great nation Pulvama is one of the deepest. Let\u2019s get together to pay homage to\u2026"}, {"author_id": 112717943, "id": 1495271889127673858, "text": "RT @manishindiatv: Supreme Sacrifice by The Braveheart, Sep Chavan Romit Tanaji,He belonged to Village \u2013 Room (Lokmanya Nagar) of Thane Teh\u2026"}, {"author_id": 1332573718183247872, "id": 1495271401548562434, "text": "RT @Soldiering_: Today we honour and remember #Braveheart Naik Shivananda of 16 #Madras who made the ultimate sacrifice in a deadly avalanc\u2026"}, {"author_id": 1386345481249320964, "id": 1495271126460628992, "text": "@45LVNancy @StevenRad3 @Braveheart_USA @stacy_redvirgo @PrimaryRinos22 @CarrieFightsOn @_NavyBrat Crimes against humanity are one of the many charges he will soon be facing."}, {"author_id": 1207901264601726976, "id": 1495271081342427136, "text": "RT @ColAmitkumar: Salute to  Braveheart..Deepest condolences to the family!!\nThose who want Kashmir to progress &amp; supporting Forces 4 clean\u2026"}, {"author_id": 70147998, "id": 1495271035251290112, "text": "RT @Soldiering_: Today we honour and remember #Braveheart Naik Shivananda of 16 #Madras who made the ultimate sacrifice in a deadly avalanc\u2026"}, {"author_id": 112717943, "id": 1495270966057857030, "text": "RT @manishindiatv: One brother made the ultimate sacrifice in the fight against the terrorists but other brother is ready today to do the s\u2026"}, {"author_id": 1337366716918075393, "id": 1495270754174205962, "text": "RT @Defence_XP: 2 Army jawans Sepoy Santosh Yadav &amp; Sepoy C. Romit attained Veergati during encounter, and while moving civilians away from\u2026"}, {"author_id": 131062221, "id": 1495270659550711811, "text": "RT @manishindiatv: Supreme Sacrifice by The Braveheart, Sep Chavan Romit Tanaji,He belonged to Village \u2013 Room (Lokmanya Nagar) of Thane Teh\u2026"}, {"author_id": 1324965861468168192, "id": 1495270091436736516, "text": "RT @manishindiatv: One brother made the ultimate sacrifice in the fight against the terrorists but other brother is ready today to do the s\u2026"}, {"author_id": 4681716678, "id": 1495269899132112900, "text": "RT @Soldiering_: Today, we honour and remember #Braveheart Naik Sandeep Kaliraman of 10 #Para (SF) who fought gallantly during an operation\u2026"}, {"author_id": 1427724813557248007, "id": 1495269752763297792, "text": "RT @goofysunday: Zoomers haven't seen Braveheart and it shows"}, {"author_id": 81550208, "id": 1495269653786021893, "text": "@MattRumancik Braveheart"}, {"author_id": 2270957918, "id": 1495269232413589504, "text": "RT @Soldiering_: Today we honour and remember #Braveheart Naik Shivananda of 16 #Madras who made the ultimate sacrifice in a deadly avalanc\u2026"}, {"author_id": 1493128896279056386, "id": 1495269226193424386, "text": "RT @manishindiatv: One brother made the ultimate sacrifice in the fight against the terrorists but other brother is ready today to do the s\u2026"}, {"author_id": 1257002784551055361, "id": 1495268976091410433, "text": "My middle name Braveheart now"}, {"author_id": 1439482942909075460, "id": 1495268827717779458, "text": "RT @manishindiatv: One brother made the ultimate sacrifice in the fight against the terrorists but other brother is ready today to do the s\u2026"}, {"author_id": 1241698511248187394, "id": 1495268817676554240, "text": "RT @manishindiatv: One brother made the ultimate sacrifice in the fight against the terrorists but other brother is ready today to do the s\u2026"}, {"author_id": 1491887977332629507, "id": 1495268464549842949, "text": "@MattRumancik Braveheart"}, {"author_id": 1260951706084360194, "id": 1495268383302234113, "text": "RT @manishindiatv: Supreme Sacrifice by The Braveheart, Sep Chavan Romit Tanaji,He belonged to Village \u2013 Room (Lokmanya Nagar) of Thane Teh\u2026"}, {"author_id": 1476869301659258881, "id": 1495268338523463683, "text": "RT @manishindiatv: One brother made the ultimate sacrifice in the fight against the terrorists but other brother is ready today to do the s\u2026"}, {"author_id": 1303759173075628032, "id": 1495268083707289602, "text": "RT @manishindiatv: One brother made the ultimate sacrifice in the fight against the terrorists but other brother is ready today to do the s\u2026"}, {"author_id": 40637053, "id": 1495268049733124097, "text": "What is your favorite liberty related movie of all time? Can be documentary or drama or whatever\u2026..? Braveheart here."}, {"author_id": 2905030244, "id": 1495267946054045696, "text": "Om shanti\ud83d\ude4f  No words  ..only prayers for the braveheart warriors.... https://t.co/UOjo6s7DV8"}, {"author_id": 1252574060837568512, "id": 1495267664893292550, "text": "@BraveHeart_LINK nice"}, {"author_id": 1219822410272137216, "id": 1495267636162473987, "text": "RT @manishindiatv: One brother made the ultimate sacrifice in the fight against the terrorists but other brother is ready today to do the s\u2026"}, {"author_id": 969077132193423366, "id": 1495267226156290053, "text": "We salute our Braveheart https://t.co/FrWGZDyPah"}, {"author_id": 2502204006, "id": 1495266804708560897, "text": "RT @megirish2001: Cost of Freedom... while we sleep peacefully to wake up to a bright day... \n\nSalute Braveheart Sons \ud83d\ude4f\ud83c\uddee\ud83c\uddf3"}, {"author_id": 3267028272, "id": 1495266545886699522, "text": "RT @manishindiatv: Supreme Sacrifice by The Braveheart, Sep Chavan Romit Tanaji,He belonged to Village \u2013 Room (Lokmanya Nagar) of Thane Teh\u2026"}, {"author_id": 1226571782, "id": 1495266226108522499, "text": "@londonsymphony did a great adaptation of the Theme Music from the film Braveheart with the Choristers of Westminster and the soundtrack's composer James Horner. Check it out. Very relaxing music.\n\nhttps://t.co/cARsbMAHnI"}, {"author_id": 758060702624079872, "id": 1495266018805137412, "text": "@Ricardo36040162 @MyBadMovieTakes Ah no way does Braveheart suck, I'll give you Troy tho LMAO"}, {"author_id": 1491111468401831937, "id": 1495265837153865730, "text": "RT @manishindiatv: One brother made the ultimate sacrifice in the fight against the terrorists but other brother is ready today to do the s\u2026"}, {"author_id": 1492845316064018432, "id": 1495265833001517058, "text": "RT @Soldiering_: Today we honour and remember #Braveheart Naik Shivananda of 16 #Madras who made the ultimate sacrifice in a deadly avalanc\u2026"}, {"author_id": 1279685045553262592, "id": 1495265688281239555, "text": "RT @Soldiering_: Today we honour and remember #Braveheart Naik Shivananda of 16 #Madras who made the ultimate sacrifice in a deadly avalanc\u2026"}, {"author_id": 1318934236821270529, "id": 1495265360806703104, "text": "RT @manishindiatv: One brother made the ultimate sacrifice in the fight against the terrorists but other brother is ready today to do the s\u2026"}, {"author_id": 1492844289952731137, "id": 1495265315801812994, "text": "RT @megirish2001: Cost of Freedom... while we sleep peacefully to wake up to a bright day... \n\nSalute Braveheart Sons \ud83d\ude4f\ud83c\uddee\ud83c\uddf3"}, {"author_id": 247240645, "id": 1495265242544492547, "text": "RT @megirish2001: Cost of Freedom... while we sleep peacefully to wake up to a bright day... \n\nSalute Braveheart Sons \ud83d\ude4f\ud83c\uddee\ud83c\uddf3"}, {"author_id": 721982034923692032, "id": 1495265119252598784, "text": "RT @manishindiatv: One brother made the ultimate sacrifice in the fight against the terrorists but other brother is ready today to do the s\u2026"}, {"author_id": 1495264219956195330, "id": 1495265106028072963, "text": "Fishing game NFT\ud83d\udc49 @Fishing_Crypto \n@NFTbroh,@HideoutNFT,@joe86327,@Braither321,@er0cmr0n,@Lesesnedlz2,@conbuts,@CryptoHal9000,@E_clipsETH,@Delfina72523712,@Sam80CR,@sh_braveheart,@BackSeatsBack,@Hindereru4ku,@crypto__rasta,@drcryptl,@NaFeTs_777"}, {"author_id": 1263040310831005696, "id": 1495264118302855173, "text": "2 Indian Army Soldiers, Sepoy Santosh Yadav &amp; Sepoy C. Romit attained Veergati during an Encounter at #Shopian with LeT Terrorists and while moving Civilians away from the line of fire. \ud83d\ude4f\ud83c\udffb\ud83d\udc90\n.\n. \n#IndianArmy #OmShanti #Braveheart #JaiHind #DefenceNation https://t.co/JjPlnHAxRT"}, {"author_id": 1144474698224242689, "id": 1495263965617655808, "text": "RT @manishindiatv: One brother made the ultimate sacrifice in the fight against the terrorists but other brother is ready today to do the s\u2026"}, {"author_id": 1061271070848630784, "id": 1495263742023458819, "text": "Youngest Dynamic and BraveHeart\n my brother Abhiemanyu Anand Tyagi bhai may god bless you with a lot of prosperity I wish you very very happy birthday \ufffc\u2665\ufe0f\u2665\ufe0f\u2665\ufe0f\ud83d\udc95\ud83d\udc95\ud83e\udef6\n#happybirthday #abhiemanyutyagi https://t.co/zAP4zG5FHD"}]