[{"author_id": 2721420117, "id": 1495259701176676354, "text": "@stha_nxumalo I really don't get the concept of being in a car but get burnt by the sun and blown by the wind. Nah, it can miss me shame."}, {"author_id": 1011422457440464896, "id": 1495212884368015361, "text": "not a big m.w. fan but cool to finally see dave witte (river black, deny the cross, ex-human remains, discordance axis, burnt by the sun,  exit-13, iabhorher, black army jacket, melt-banana, east west blast test, etc.) https://t.co/S3S25AGc7S"}, {"author_id": 1389967356445839363, "id": 1495209182709960707, "text": "To protect this feeling, keep singing. Even if this body will be burnt by the sun. Still, I'll spread my wings and soar in the high skies!"}, {"author_id": 1219154755718668288, "id": 1495105029438590979, "text": "headcanon: osmp!wilbur\u2019s wings appear when he gets burnt by the sun as a protective mechanism\n#WILBUR #wilburfanart #originsmpfanart #wilbursoot https://t.co/rtlIjfj9cB"}, {"author_id": 929425578519867392, "id": 1495061426100183041, "text": "@MichaelSGerman @ArchTheAtheist @DrFrankTurek Why would a creator create galaxies that are destined to explode and die?\nWhy would a creator create a universe that is counting down to turn to nothing\nWhy would a creator put us on an unstable climatic planet destined to be burnt to a crisp by the dying sun?"}, {"author_id": 826237526570569729, "id": 1495048563977601030, "text": "Tyga - DUB Garage, The DUB Magazine Project https://t.co/LikMkU4UaY via @YouTube #southfield part of the g and the luck like hot lanta.....get burnt by the California sun....from #Michigan then pass the #strawberrysoap....#natural smell..#2chainz #Thecarnival because it's cold..."}, {"author_id": 457792018, "id": 1495047108302446603, "text": "Burnt By the Sun, 2021\nadapted from an image series published in Issue 7 of the Journal of Civic Architecture by @canalsidepress last year https://t.co/k4mHzK1wN1"}, {"author_id": 1430288893, "id": 1494998776137719814, "text": "@Retro80sLover Burnt by the sun at the same time as sticking her face is a wasps nest? What about the ones who can\u2019t hear or the ones that dropped to the floor throwing up? Glad you\u2019re living in your little Utopia."}, {"author_id": 1491799047174504448, "id": 1494979420066512898, "text": "\u201cThe looting of Surat went on till the sun ascended atop the sky. The houses looted were burnt down by pouring on them oil procured from the oilmen. The smoke-clouds floating over Surat screened the sky. The Maratha soldiers made a beeline for the camp along with the hostages as"}, {"author_id": 1471922999452475398, "id": 1494968385637081093, "text": "\u201cIt protects you from getting burnt by the sun.\u201d https://t.co/Q0ve6TmlNk"}, {"author_id": 1132965966684442625, "id": 1494902878057603074, "text": "@raghava420 @SherryL08451707 @Pankutty1 @NewsArenaIndia 2/2.....the created human beings not to see or approach Him when He manifested to the prophets. Do you know how God is made of? As a Hindu you believe in the sun god. Can you touch the sun and avoid not being burnt to death? God wanted men not to get killed by this brazen act."}, {"author_id": 1486503403559653376, "id": 1494899552897306624, "text": "@AdelaideBook Yeah. That extreme weather. Just picking off those oldies. I went to visit my grandmother the other day. Six inhabitants had been burnt to a crisp by the sun and fourteen had drowned due to rising sea levels. I for one am outta ideas. Other than it\u2019s obviously so mis fault."}, {"author_id": 479171771, "id": 1494813125970911233, "text": "@Super70sSports Burnt by the Sun: Famke\n\nhttps://t.co/f4EBRvAzRu"}, {"author_id": 1977361098, "id": 1494793732776161283, "text": "@anacarama @TheCynicalHun @bincani @fengshui2gooz You can tell?? So over these regular people who \u2018know\u2019 but then claim a SOUND machine burnt people out in the SUN all day, all week! By their own admission these cookers said they heard nothing, as they stood in the sun."}, {"author_id": 1468810363311300609, "id": 1494771835967209473, "text": "RT @StevenWelliever: \u201cSoviet korenizatsiia could often be deadly.\u201d\n\nThe point of K-12 \u2018Ethnic Studies\u2019 is Indigenization (Korenizatsiia in\u2026"}, {"author_id": 414012806, "id": 1494769991777873922, "text": "RT @StevenWelliever: \u201cSoviet korenizatsiia could often be deadly.\u201d\n\nThe point of K-12 \u2018Ethnic Studies\u2019 is Indigenization (Korenizatsiia in\u2026"}, {"author_id": 799629737085677568, "id": 1494767785833996288, "text": "\u201cSoviet korenizatsiia could often be deadly.\u201d\n\nThe point of K-12 \u2018Ethnic Studies\u2019 is Indigenization (Korenizatsiia in Russian): re-making of a minority\u2019s culture into a Socialist version.\n\nI\u2019m reading \u2018Burnt by the Sun\u2019 - describes this process in Koreans:\nhttps://t.co/pNQDANqUWR"}, {"author_id": 717889834568851458, "id": 1494765767253975051, "text": "@CalltoActivism @January6thCmte CONSIDERING issuing a subpoena? Trump, Don Jr., Eric, and Ivanka should already have been subpoenaed by now. By the time Trump and his mob face any consequences for their crimes, the sun will have burnt out, and then everything would be moot."}, {"author_id": 1908056714, "id": 1494764876165640192, "text": "Humans that lie get they little ass burnt up by the rays of the sun \u2600\ufe0f"}, {"author_id": 40628387, "id": 1494754596027351041, "text": "It's literally 0 degrees, snowing &amp; gale force winds here. While my mum just called &amp; complained she's a bit sun burnt from falling asleep by the pool. Grrr."}, {"author_id": 1446961053129076737, "id": 1494654552947462145, "text": "@theluckylance Herpes simplex or cold sores are transmitted by sharing saliva.  The virus stays in a person\u2019s body for life.  Tends to break out into a cold sore when the body is under stress like when catching another virus, mental stress, or getting lips sun burnt."}, {"author_id": 715582554053689344, "id": 1494621536556363780, "text": "@WGB05112004 A soul is dead by default so no problem there, and a body is easy enough to dispose of. Jettison him into the sun, for example. Burnt to ash and subject to nuclear fusion"}, {"author_id": 455570208, "id": 1494581358945255429, "text": "I was today years old when I learned of the idea that Mercury could be the core of an ancient mini-Neptune planet that was pushed towards the Sun by an impact &amp; its gaseous atmosphere quickly burnt off/blown away by the Sun.\nhttps://t.co/e6hhGzp5Lr"}, {"author_id": 1389967356445839363, "id": 1494559526766342146, "text": "To protect this feeling, keep singing. Even if this body will be burnt by the sun. Still, I'll spread my wings and soar in the high skies!"}, {"author_id": 1443598599309328391, "id": 1494510997633048579, "text": "{ @TheRedHellhound }\n\nWhen he entered the empty hall in hopes of finding shelter from the sun, he knew something was off immediately. What was more terrifying? The fear of being burnt by the sun, or fear of the unknown? The entrance of the hall was a deep red, unsettling that\n\n\u2014 https://t.co/RWEHFoHLJv"}, {"author_id": 17078881, "id": 1494489280391299073, "text": "@yyouaredumbb @KatyKray73 so... the skin that is covered by a top doesn't get burnt but the skin exposed to the sun does get burnt. What looks like sun burn but isn't sun burn?"}, {"author_id": 251644882, "id": 1494467127343869953, "text": "#NowPlaying 'Inner Station' by Burnt by the Sun on @wumlradio and https://t.co/5pmPLoagee \n#WUML"}, {"author_id": 1091346276552196097, "id": 1494467119899189249, "text": "Burnt by The Sun \u2014 Inner Station"}, {"author_id": 278797643, "id": 1494454550274662408, "text": "Summer couldn\u2019t come any quicker.. can\u2019t wait to be in some water where my only worry is getting burnt up by the sun \ud83d\ude29\ud83d\ude29"}, {"author_id": 260553009, "id": 1494310790887018497, "text": "@nirfaaaannn Oh, it was the only woman you ever loved,\nThat got burnt by the sun too often when she was young,\nAnd the cancer spread, it ran into her body and her blood,\nAnd there is nothing you can do about it now"}, {"author_id": 1224091182373969921, "id": 1494265219757006849, "text": "RT @mabledersteen: its such a pretty day i got sun burnt drawing these! the one on the right was Inspired by some drift wood in front of ou\u2026"}, {"author_id": 1164294529467461633, "id": 1494219247559622656, "text": "RT @SpaceXPlaidMode: burnt my eyes by looking at the sun fell like a 2002 mobile camera now"}, {"author_id": 1348821836633554946, "id": 1494161844273319938, "text": "burnt my eyes by looking at the sun fell like a 2002 mobile camera now"}, {"author_id": 1322644453656506368, "id": 1494160055859560450, "text": "\ud83d\udd25\ud83c\udf0e\ud83d\ude4c\ud83c\udffd\ud83e\udd4a\ud83d\udcaa\ud83d\udda4\u2764 you are her daughter and she is not lying just from the Sun in the hug from the Earth you ain't never going to see in historic information of us being burnt by the Sun Check out Samantha Wallace's video! #TikTok https://t.co/kKNa8kYnKB"}, {"author_id": 983646606, "id": 1494123419079688195, "text": "RT @mabledersteen: its such a pretty day i got sun burnt drawing these! the one on the right was Inspired by some drift wood in front of ou\u2026"}, {"author_id": 978823451304701952, "id": 1494119521451495427, "text": "RT @mabledersteen: its such a pretty day i got sun burnt drawing these! the one on the right was Inspired by some drift wood in front of ou\u2026"}, {"author_id": 4627711463, "id": 1494117335971790848, "text": "RT @mabledersteen: its such a pretty day i got sun burnt drawing these! the one on the right was Inspired by some drift wood in front of ou\u2026"}, {"author_id": 771452064236867584, "id": 1494115975775469569, "text": "RT @mabledersteen: its such a pretty day i got sun burnt drawing these! the one on the right was Inspired by some drift wood in front of ou\u2026"}, {"author_id": 2211416501, "id": 1494115311032967172, "text": "RT @mabledersteen: its such a pretty day i got sun burnt drawing these! the one on the right was Inspired by some drift wood in front of ou\u2026"}, {"author_id": 1434547837887467523, "id": 1494067742709882881, "text": "@YoungGODChidori My neck doesn't get burnt by the sun it tans"}, {"author_id": 1453174802802429955, "id": 1494003431752798212, "text": "RT @M00N_1E: @Daileee7days \"this is the sun\"\n\"SOOJIIIIIIIIIIIIIIN MONDAY GOT BURNT BY THE SUN AGAIN\""}, {"author_id": 1400051761189208068, "id": 1493993549188276228, "text": "@Daileee7days \"this is the sun\"\n\"SOOJIIIIIIIIIIIIIIN MONDAY GOT BURNT BY THE SUN AGAIN\""}, {"author_id": 2776949884, "id": 1493957810715041792, "text": "@DinaFainberg Can it be a post-Soviet movie about Soviet times? In which case I would go with \u2018Burnt by the sun\u2019\u2026"}, {"author_id": 2821261137, "id": 1493910644843851781, "text": "Has to be cricket, played the sport in primary school you'd literally chill, get burnt and buried by the sun all day https://t.co/eI4Eag8Q7s"}, {"author_id": 1477403466805006336, "id": 1493751048594333702, "text": "RT @hcsrih: burnt by the sun https://t.co/QZHXNzobHo"}, {"author_id": 763864415942873090, "id": 1493744089296216064, "text": "@DinaFainberg Irony of Fate! Also Burnt By The Sun is brilliant."}, {"author_id": 911773644782751746, "id": 1493684940344602633, "text": "@TheCinemaTicket A very long engagement (French)\nTurtles Can Fly (Kurdish)\nMy Way (Korean)\nAmores Perros (Spanish/Mexican)\nLife is Beautiful (Italian)\nBurnt by the Sun (Russian)\nEl Bola (Spanish/Spain)\nGrave of the Fireflies (Japanese)\nHouse of Flting Daggers (Mandarin)"}, {"author_id": 1481673449848418308, "id": 1493679501250895875, "text": "@Zee_Seed9 You are not alone....many have been burnt alive by the sun they toitoi in.... whereas your CIC is sipping coffee"}, {"author_id": 628792376, "id": 1493653551742169094, "text": "@WhitNith1 @LocalBateman @ManMilk2 Clearly it's a joke about how NFT's will destroy the environment and we'll all be burnt by, what seems to us, a brighter sun... Right? It has to be, surely."}, {"author_id": 276476348, "id": 1493634574479507459, "text": "I did it earlier and I realized I since parked in the visitors parking bay since Sunday &amp; my girl was getting burnt by the sun \ud83d\ude2d https://t.co/3znJD2kH7D"}, {"author_id": 243371409, "id": 1493623873539031046, "text": "Classic Album Review: Burnt by the Sun | Soundtrack to the Personal\u00a0Revolution https://t.co/yXPlY7yfIe https://t.co/hyjQeZg9J8"}, {"author_id": 124380298, "id": 1493573410990878721, "text": "this is the law of nature! this is the truth! \neven tho us fed can buy and crown a champion, but that paper crown on his head will soon be burnt by the heat of the SUN!"}, {"author_id": 1363235965762994178, "id": 1493567024047534084, "text": "@llintty Our wings burnt by the sun"}, {"author_id": 502831099, "id": 1493551151182229504, "text": "Just started the new Louis Theroux documentary and I already want to quit, throw my laptop away, and move to a remote island for a day before I drown/get burnt by the sun\u2026\ud83d\ude2c"}, {"author_id": 1322644453656506368, "id": 1493494939463950336, "text": "And no I've Been Kissed by the Sun and hug by the Earth for real I don't need suntan lotion cuz I don't get burnt and I don't get skin cancer neither I don't get blotches on my skin neither do none of the older relatives in my family 12Atl's video! #TikTok https://t.co/MxWkVVR6YM"}, {"author_id": 3197796073, "id": 1493451124221030400, "text": "RT @Mal47C: BREAKING!\n\nPeople who spent 8 hours in in the summer sun (in the thin air of Canberra) actually burnt by (*checks notes*) CHEMI\u2026"}, {"author_id": 1045218155126091777, "id": 1493444583971524611, "text": "BREAKING!\n\nPeople who spent 8 hours in in the summer sun (in the thin air of Canberra) actually burnt by (*checks notes*) CHEMICAL ATTACKS!\n\nThe comments section is even more \ud83e\udd26\u200d\u2642\ufe0f https://t.co/6IUE8LyPoS"}, {"author_id": 1389967356445839363, "id": 1493411832177979392, "text": "To protect this feeling, keep singing. Even if this body will be burnt by the sun. Still, I'll spread my wings and soar in the high skies!"}, {"author_id": 707891007, "id": 1493343657558224901, "text": "@TheSpyTheState You know a heck of a lot better than I do.\nYou think it would go to the forces 1st?\nForget the county?\nPatience will be tested.\nBurnt by the Sun. Hmm."}, {"author_id": 1143891789461561344, "id": 1493304451721052164, "text": "Eve\u2019s burnt sun, skyline\npainted of rouge, orange,\nand indigo. Beautiful, \n@ofhewnwings, the brushstrokes \nby nature\u2019s unparalleled,\ntender hand. . . The only \nthing less so?\n     Mistrusting fae at either \n     side \u2014\u2014 escorts of the\n     unfamiliar. \n\nFeathers graze upon step."}, {"author_id": 1329112291942539269, "id": 1493258429749735428, "text": "\"The Boston Tea Bag Party\" by Burnt By The Sun\nThe Undead at 10:18am"}, {"author_id": 42388469, "id": 1493250100692348930, "text": "Tragic flashback of my dream today: Having to solve a dy/dx differential equation to save the earth from being burnt by the collapsing sun."}, {"author_id": 820810838038589440, "id": 1493194367292559361, "text": "#PopSquidz\nDay 14- \u201cWar\u201d\n\n\u201cAt War With the Sun\u201d by @thebigpink\nA very appropriate song title from this extraordinary @4AD_Official band that burned so bright on their debut release, 2009\u2019s A Brief History of Love and then simply burnt up. Sorely missed. \ud83d\ude15 https://t.co/RUX7CRZgp3"}, {"author_id": 1322644453656506368, "id": 1493068698868977666, "text": "@policiacool @zolpidembot Beans that get burnt by the Sun because without suntan lotion they get burnt because their natural flesh will burn no tell me when we want to start describing each other by actual names you know cuz no one is nobody's nig roll https://t.co/hFhJpZqxiT"}, {"author_id": 72478719, "id": 1493032085900390402, "text": "THE AUSTRALIAN DEPARTMENT OF DEFENCE COVER UP WAR CRIMES AND ITS LINKED TO VETERANS SUICIDE        Burnt by the Sun https://t.co/R3cTLFQ9yU"}, {"author_id": 4854790822, "id": 1492881845570220038, "text": "@H0NEYRIVER Breaking the waves. Burnt by the sun."}, {"author_id": 1022001709529354241, "id": 1492759062827524098, "text": "RT @funbuffyfacts: @campbelIbain They will pay for their insolence; their sins; their effrontery. Like Icarus, they have flown too close to\u2026"}, {"author_id": 1298458296911712256, "id": 1492758497288613888, "text": "@campbelIbain They will pay for their insolence; their sins; their effrontery. Like Icarus, they have flown too close to the sun, and now they will be burnt down by the flames of their hubris. The reign of their pride will soon end."}]