[{"author_id": 998655861089284097, "id": 1495284697487880196, "text": "RT @calewyd: i should low key make a calendar with different anime girls and everyday on the calendar has a different girl and that would b\u2026"}, {"author_id": 1342950763367182336, "id": 1495251193081344001, "text": "@TG22110 Ooh... stumped me on this one TG~  all I  have is Calendar girl.\ud83d\ude02"}, {"author_id": 992484071845629952, "id": 1495247637733380097, "text": "RT @ThaddeusCollin4: On March 5, 2022, it\u2019s finally that time. It will be me vs. DDG for the APW Heavyweight Championship. After trying to\u2026"}, {"author_id": 139510761, "id": 1495225346194649088, "text": "Calendar Girl : Tarissa Ireland Edmons A classic girl-meets-boy love story. With an unexpected twist.\n\nSue Boyd, bookkeeper. Divorced and out-of-work. Jon King, engineer.... https://t.co/BZ6GDf8K1Y https://t.co/9GrbjUm4rZ"}, {"author_id": 3821163430, "id": 1495219333676548101, "text": "RT @WeekendersTags: @JaymeMcKenna @ClintK64 @DebIsGone @HmmphThis @silentmoviegirl @royal_w_cheese_ @MiniT46 @SilipigniMario @JediGrrrrl @C\u2026"}, {"author_id": 1356156853042999296, "id": 1495219027177885700, "text": "@JaymeMcKenna @ClintK64 @DebIsGone @HmmphThis @silentmoviegirl @royal_w_cheese_ @MiniT46 @SilipigniMario @JediGrrrrl @CalendarGirlBot You being in it makes it fabulous, our industrious Friend! We love our Calendar Girl Bot!\ud83c\udf39 https://t.co/elkPcW6wkm"}, {"author_id": 1275540278368231424, "id": 1495202766251298825, "text": "RT @jackedjessica: #TTTuesday\ud83c\udf48\ud83c\udf48 missing my girl @smashley_008 So here\u2019s a BTS shot from our last Calendar Shoot together. Excited to train\u2026"}, {"author_id": 1275540278368231424, "id": 1495202627751231497, "text": "RT @jackedjessica: A little Sneak Peak from my 2023 Calendar Shoot with my girl @mao_kapow \ud83d\ude1c. Wait till you see what we cooked up with the\u2026"}, {"author_id": 1335320086614323202, "id": 1495191050092269575, "text": "RT @PeterSkywalker3: Happy Birthday to Instagram Sensation &amp; Ultimate Dream Girl, @AbiRatchford \ud83c\udf81\ud83c\udf81\ud83c\udf81\ud83c\udf81\ud83c\udf82\ud83c\udf82\ud83c\udf82\ud83c\udf82\ud83d\udc51\ud83d\udc51\ud83d\udc51\ud83d\udc51\nI\u2019ve been following her for th\u2026"}, {"author_id": 1438559157951553538, "id": 1495163566730715137, "text": "RT @nftlisa: Peachy pinks \ud83c\udf38\n1. In bloom (Unnamed)\n2. Feeling blue (Dizzy)\n3. Calendar girls (August)\n4. Lost girls (Lost girl 6) https://t.\u2026"}, {"author_id": 1411672490749972489, "id": 1495143970594332682, "text": "\u201cSorry, I wasn\u2019t expecting anyone.\u201d I grabbed an armful of laundry and kicked open my closet, dumping it on top of my sneakers.\n\u201cDon\u2019t clean up because of me. I was just thinking how much this looks like a real college room. You\u2019ve even got the naked girl calendar thing.\u201d"}, {"author_id": 3144686901, "id": 1495141197714800650, "text": "#NowPlaying: Calendar girl by Neil Sedaka #listen at https://t.co/ZItnxQQbHc Buy this song here: https://t.co/Y3Acaq0KVv\n Buy song https://t.co/LDFue5f8zT https://t.co/MAiqOxG8bt"}, {"author_id": 1197561566075506696, "id": 1495131983973916682, "text": "I think I\u2019m the only girl in the world that doesn\u2019t have a period calendar on her phone \u2026 and honestly Iykyk my ass needs one \ud83d\ude02\ud83d\ude02\ud83d\ude02\ud83e\udd26\ud83c\udffd\u200d\u2640\ufe0f"}, {"author_id": 914217350882193408, "id": 1495115375608012800, "text": "@ihadztotweet Girl, same! I have not seen an empty square in my Google calendar in weeks. So, I don\u2019t even know what to do with myself since I don\u2019t have any appointments, no tutoring, and my kids don\u2019t need to go anywhere today! It\u2019s so nice!"}, {"author_id": 2405432100, "id": 1495100360452497408, "text": "I just a want a calendar of my girl in lingerie for my birthday \ud83c\udf89"}, {"author_id": 3310996914, "id": 1495092193417170949, "text": "@joefortunato @johndk73 @Super70sSports I want to say Calendar Girl"}, {"author_id": 1492517180415651844, "id": 1495084977515606020, "text": "A West Yorkshire gang who were convicted of sexually abusing an underage girl over a two-year period have been given prison sentences totalling 66 years. #CSE #CSA \n#PaedoGangs #PaedoEpidemic  https://t.co/Faa7CaX9XN"}, {"author_id": 1382909545438085120, "id": 1495073457310109698, "text": "Vintage 1950 Girl Pin-Up Calendar By Shaw Barton. Coshocton. RARE https://t.co/1KtWyQR3qk eBay https://t.co/CsC5EIgEYa"}, {"author_id": 993913688342999042, "id": 1495072762544672768, "text": "35% off\nUse code DDD21FEB.\nSwarmir Desk Lamps for Home Office, Study Light with Clock and Calendar , Child/Girl/Boy Folding Des.\n\nhttps://t.co/EqT4hhVJpy\n\n#amazon #deals #discount #offer https://t.co/CLnjLBi0F2"}, {"author_id": 876414942987120640, "id": 1495069749323210752, "text": "RT @jackedjessica: A little Sneak Peak from my 2023 Calendar Shoot with my girl @mao_kapow \ud83d\ude1c. Wait till you see what we cooked up with the\u2026"}, {"author_id": 1516014074, "id": 1495066954540933126, "text": "RT @GlobalBritain21: This is the filth let into the country \nhttps://t.co/a3wPxr69ZR"}, {"author_id": 1040896730, "id": 1495064431612641283, "text": "RT @QPLNYC: Join us on Saturday, February 19 at 10AM for our final Black Girl Magic Workshop! https://t.co/9vnIQ1td2f #BlackHistoryMonth ht\u2026"}, {"author_id": 255253593, "id": 1495058828060147717, "text": "Thank you, Google Calendar, for this proactive but stalker-ish notification: \u201cTime sensitive: GIRL SCOUT COOKIES at Cub Foods. Traffic is light. It will take 10 minutes to get to 6775 York Ave S on Xerxes Ave S.\u201d"}, {"author_id": 34604435, "id": 1495055340756508672, "text": "RT @ShakeZulaaa: @yubapodcast @AlainaToTheMax put this on your calendar girl it\u2019s gonna be \ud83e\udd2f\ud83e\udd2f\ud83e\udd2f\ud83e\udd2f\ud83e\udd2f\ud83e\udd2f\ud83e\udd2f\ud83e\udd2f\ud83e\udd2f\ud83e\udd2f\ud83e\udd2f\ud83e\udd2f"}, {"author_id": 1469040703984570370, "id": 1495052174006620164, "text": "RT @ShakeZulaaa: @yubapodcast @AlainaToTheMax put this on your calendar girl it\u2019s gonna be \ud83e\udd2f\ud83e\udd2f\ud83e\udd2f\ud83e\udd2f\ud83e\udd2f\ud83e\udd2f\ud83e\udd2f\ud83e\udd2f\ud83e\udd2f\ud83e\udd2f\ud83e\udd2f\ud83e\udd2f"}, {"author_id": 15598639, "id": 1495048786078543878, "text": "Join @gs_oma for the Shine, Black Girl, Shine - Black Women Empowerment Awards Night highlighting the positive contributions of black women at Georgia Southern University!\nDetails \ud83d\udd17 https://t.co/F91tsnmvUs https://t.co/q32RGEEsAi"}, {"author_id": 446356991, "id": 1495048674832957442, "text": "@yubapodcast @AlainaToTheMax put this on your calendar girl it\u2019s gonna be \ud83e\udd2f\ud83e\udd2f\ud83e\udd2f\ud83e\udd2f\ud83e\udd2f\ud83e\udd2f\ud83e\udd2f\ud83e\udd2f\ud83e\udd2f\ud83e\udd2f\ud83e\udd2f\ud83e\udd2f"}, {"author_id": 230834247, "id": 1495046078667890688, "text": "RT @RayanFray: @TakeU2TocoLoco YOU GIRL!!!! HAPPY BIRTHDAY FRIEND \nL - loving\nA - Ambitious \nT - TALENTED ASF\nA - Aspiring \nN - No Nonsense\u2026"}, {"author_id": 1232081254734090246, "id": 1495044944788180993, "text": "@TakeU2TocoLoco YOU GIRL!!!! HAPPY BIRTHDAY FRIEND \nL - loving\nA - Ambitious \nT - TALENTED ASF\nA - Aspiring \nN - No Nonsense \nI - Inspiring\nA - Accountable \n\nI hope on this beautiful day you get all the Sunflowers in the world, age almost off the calendar \ud83c\udf1e \ud83d\udc9b \ud83d\ude06"}, {"author_id": 1308474316279996417, "id": 1495038923399118851, "text": "RT @JoolzDenby: West Yorkshire grooming gang jailed over sexual abuse of girl more than a decade ago | ITV News Calendar https://t.co/f92f4\u2026"}, {"author_id": 781704081387683840, "id": 1495030142967631878, "text": "RT @JoolzDenby: West Yorkshire grooming gang jailed over sexual abuse of girl more than a decade ago | ITV News Calendar https://t.co/f92f4\u2026"}, {"author_id": 23459911, "id": 1495029149920018439, "text": "Join us on Saturday, February 19 at 10AM for our final Black Girl Magic Workshop! https://t.co/9vnIQ1td2f #BlackHistoryMonth https://t.co/LkgmqvndSp"}, {"author_id": 3950928695, "id": 1495028956550111232, "text": "RT @JoolzDenby: West Yorkshire grooming gang jailed over sexual abuse of girl more than a decade ago | ITV News Calendar https://t.co/f92f4\u2026"}, {"author_id": 1237217405358739457, "id": 1495026181908877312, "text": "Now playing Calendar Girl by Neil Sekaka!"}, {"author_id": 1917373038, "id": 1495025848218497027, "text": "RT @JoolzDenby: West Yorkshire grooming gang jailed over sexual abuse of girl more than a decade ago | ITV News Calendar https://t.co/f92f4\u2026"}, {"author_id": 216500040, "id": 1495025554453639169, "text": "RT @JoolzDenby: West Yorkshire grooming gang jailed over sexual abuse of girl more than a decade ago | ITV News Calendar https://t.co/f92f4\u2026"}, {"author_id": 26760282, "id": 1495024088695324677, "text": "West Yorkshire grooming gang jailed over sexual abuse of girl more than a decade ago | ITV News Calendar https://t.co/f92f408VtB"}, {"author_id": 528138588, "id": 1495018328351330305, "text": "#OTD Feb19,1961 #NeilSedaka  peaks at #4 on the @billboard Hot100 singles chart with \"Calendar Girl\" written by Neil Sedaka with lyrics by Howard Greenfield @neilsedaka https://t.co/e8CjAqTHlX"}, {"author_id": 385626941, "id": 1495014474847342594, "text": "Grooming gang jailed for sexual abuse of a girl more than a decade ago. \nhttps://t.co/peR45WQbWs"}, {"author_id": 1353976139014922242, "id": 1495008558529789952, "text": "RT @GlobalBritain21: This is the filth let into the country \nhttps://t.co/a3wPxr69ZR"}, {"author_id": 1226098935879602176, "id": 1495007363736084485, "text": "RT @GlobalBritain21: This is the filth let into the country \nhttps://t.co/a3wPxr69ZR"}, {"author_id": 1486438432616468480, "id": 1494995648848048132, "text": "RT @nftlisa: Peachy pinks \ud83c\udf38\n1. In bloom (Unnamed)\n2. Feeling blue (Dizzy)\n3. Calendar girls (August)\n4. Lost girls (Lost girl 6) https://t.\u2026"}, {"author_id": 303910161, "id": 1494993924808658949, "text": "@rob0349 Oh and Happy Saturday to you too!  How does your weekend look?  I'm super busy today &amp; then tomorrow we have a big Calendar Girl reunion, seeing a show together &amp; going out afterwards."}, {"author_id": 1422217708276387847, "id": 1494989063421513729, "text": "RT @nftlisa: Peachy pinks \ud83c\udf38\n1. In bloom (Unnamed)\n2. Feeling blue (Dizzy)\n3. Calendar girls (August)\n4. Lost girls (Lost girl 6) https://t.\u2026"}, {"author_id": 1398201355303538689, "id": 1494981152498757633, "text": "RT @nftlisa: Peachy pinks \ud83c\udf38\n1. In bloom (Unnamed)\n2. Feeling blue (Dizzy)\n3. Calendar girls (August)\n4. Lost girls (Lost girl 6) https://t.\u2026"}, {"author_id": 1371499882297561096, "id": 1494974541730394117, "text": "RT @nftlisa: Peachy pinks \ud83c\udf38\n1. In bloom (Unnamed)\n2. Feeling blue (Dizzy)\n3. Calendar girls (August)\n4. Lost girls (Lost girl 6) https://t.\u2026"}, {"author_id": 140895359, "id": 1494963869344841730, "text": "RT @GlobalBritain21: This is the filth let into the country \nhttps://t.co/a3wPxr69ZR"}, {"author_id": 285548342, "id": 1494959094859501570, "text": "RT @nftlisa: Peachy pinks \ud83c\udf38\n1. In bloom (Unnamed)\n2. Feeling blue (Dizzy)\n3. Calendar girls (August)\n4. Lost girls (Lost girl 6) https://t.\u2026"}, {"author_id": 47325000, "id": 1494958833537585155, "text": "RT @nftlisa: Peachy pinks \ud83c\udf38\n1. In bloom (Unnamed)\n2. Feeling blue (Dizzy)\n3. Calendar girls (August)\n4. Lost girls (Lost girl 6) https://t.\u2026"}, {"author_id": 1356896977796136960, "id": 1494958623872724992, "text": "RT @nftlisa: Peachy pinks \ud83c\udf38\n1. In bloom (Unnamed)\n2. Feeling blue (Dizzy)\n3. Calendar girls (August)\n4. Lost girls (Lost girl 6) https://t.\u2026"}, {"author_id": 1243542968218370053, "id": 1494958317562695683, "text": "RT @GlobalBritain21: This is the filth let into the country \nhttps://t.co/a3wPxr69ZR"}, {"author_id": 20861858, "id": 1494957997403082753, "text": "RT @GlobalBritain21: This is the filth let into the country \nhttps://t.co/a3wPxr69ZR"}, {"author_id": 205813674, "id": 1494957200082673666, "text": "RT @GlobalBritain21: This is the filth let into the country \nhttps://t.co/a3wPxr69ZR"}, {"author_id": 1003051234897612811, "id": 1494956971799326721, "text": "RT @MissHootersIntl: I am beyond honored to be your 2022 @Hooters Calendar Cover Girl!!!!!!!!! https://t.co/OvlHy9WB85"}, {"author_id": 1341845239707930627, "id": 1494955555047288833, "text": "RT @GlobalBritain21: This is the filth let into the country \nhttps://t.co/a3wPxr69ZR"}, {"author_id": 492253321, "id": 1494951307140112384, "text": "RT @GlobalBritain21: This is the filth let into the country \nhttps://t.co/a3wPxr69ZR"}, {"author_id": 196952555, "id": 1494950036026834944, "text": "RT @GlobalBritain21: This is the filth let into the country \nhttps://t.co/a3wPxr69ZR"}, {"author_id": 22014464, "id": 1494948968656211973, "text": "RT @GlobalBritain21: This is the filth let into the country \nhttps://t.co/a3wPxr69ZR"}, {"author_id": 755863779305553921, "id": 1494947085640249344, "text": "RT @GlobalBritain21: This is the filth let into the country \nhttps://t.co/a3wPxr69ZR"}, {"author_id": 1083798483226767360, "id": 1494945076073701377, "text": "RT @GlobalBritain21: This is the filth let into the country \nhttps://t.co/a3wPxr69ZR"}, {"author_id": 452240889, "id": 1494943578296102912, "text": "RT @GlobalBritain21: This is the filth let into the country \nhttps://t.co/a3wPxr69ZR"}, {"author_id": 855510184680194048, "id": 1494941870295851008, "text": "RT @GlobalBritain21: This is the filth let into the country \nhttps://t.co/a3wPxr69ZR"}, {"author_id": 1452752599531335683, "id": 1494938307788165125, "text": "RT @GlobalBritain21: This is the filth let into the country \nhttps://t.co/a3wPxr69ZR"}, {"author_id": 745403924, "id": 1494935507335356417, "text": "RT @GlobalBritain21: This is the filth let into the country \nhttps://t.co/a3wPxr69ZR"}, {"author_id": 1121874443725357056, "id": 1494934980350418946, "text": "RT @PeterSkywalker3: Happy Birthday to Instagram Sensation &amp; Ultimate Dream Girl, @AbiRatchford \ud83c\udf81\ud83c\udf81\ud83c\udf81\ud83c\udf81\ud83c\udf82\ud83c\udf82\ud83c\udf82\ud83c\udf82\ud83d\udc51\ud83d\udc51\ud83d\udc51\ud83d\udc51\nI\u2019ve been following her for th\u2026"}, {"author_id": 716221888721260544, "id": 1494931971792850945, "text": "RT @GlobalBritain21: This is the filth let into the country \nhttps://t.co/a3wPxr69ZR"}, {"author_id": 55954417, "id": 1494931000387948548, "text": "RT @GlobalBritain21: This is the filth let into the country \nhttps://t.co/a3wPxr69ZR"}, {"author_id": 459149497, "id": 1494928998794772481, "text": "RT @GlobalBritain21: This is the filth let into the country \nhttps://t.co/a3wPxr69ZR"}, {"author_id": 45106400, "id": 1494924313606111236, "text": "RT @GlobalBritain21: This is the filth let into the country \nhttps://t.co/a3wPxr69ZR"}, {"author_id": 1142206894854922241, "id": 1494922371056414722, "text": "RT @takahasheez: 2022 is approaching, u sure u don't need a calendar girl?? \ud83d\ude09\n\n\u2661 and rt pwz!!! for more (\uff61\u2019\u25bd\u2019\uff61) \u2661 https://t.co/fdG7aCqBiw"}, {"author_id": 1346383442037112832, "id": 1494920704696983554, "text": "RT @GlobalBritain21: This is the filth let into the country \nhttps://t.co/a3wPxr69ZR"}, {"author_id": 1177484149151584260, "id": 1494907102766276608, "text": "RT @GlobalBritain21: This is the filth let into the country \nhttps://t.co/a3wPxr69ZR"}, {"author_id": 1437365910264819712, "id": 1494904519989284866, "text": "RT @GlobalBritain21: This is the filth let into the country \nhttps://t.co/a3wPxr69ZR"}, {"author_id": 1466411497022640128, "id": 1494902938808258561, "text": "Kapuso actress Bea Alonzo rocked the internet with these photos! \ud83d\udd25\n\n#BeaAlonzo #Kapuso \n\nhttps://t.co/ztHNq8lBL5"}, {"author_id": 1186581426738728960, "id": 1494900382765568004, "text": "RT @GlobalBritain21: This is the filth let into the country \nhttps://t.co/a3wPxr69ZR"}, {"author_id": 1343840790230003713, "id": 1494899632408834049, "text": "RT @GlobalBritain21: This is the filth let into the country \nhttps://t.co/a3wPxr69ZR"}, {"author_id": 2828337932, "id": 1494896350089158661, "text": "RT @GlobalBritain21: This is the filth let into the country \nhttps://t.co/a3wPxr69ZR"}, {"author_id": 1494152633468088323, "id": 1494885658761981955, "text": "May: Calendar Girl Book 5 &gt;&gt; https://t.co/fQcOKYM26Y\n[Read] EPUB May: Calendar Girl Book 5 https://t.co/NYQ6scHHub"}, {"author_id": 1348697887115534338, "id": 1494880614612451329, "text": "RT @GlobalBritain21: This is the filth let into the country \nhttps://t.co/a3wPxr69ZR"}, {"author_id": 3407919437, "id": 1494876325483806721, "text": "girl r u a calendar\u2026\u2026\u2026\u2026\u2026\u2026\u2026\u2026. cos ur days are numbered"}, {"author_id": 1398396308269027335, "id": 1494865949844979718, "text": "RT @GlobalBritain21: This is the filth let into the country \nhttps://t.co/a3wPxr69ZR"}, {"author_id": 888438565289435136, "id": 1494865305386070016, "text": "@DJazzerone Beach Boy, Little Surfer. Neil Sedaka, Calendar Girl. The Drifters, Under the Boardwalk. You'll know them when you hear them."}, {"author_id": 868158320372264961, "id": 1494861044321333251, "text": "RT @GlobalBritain21: This is the filth let into the country \nhttps://t.co/a3wPxr69ZR"}, {"author_id": 2978298451, "id": 1494860380731949061, "text": "Spotted the Black Girl Magic wall calendar today. The universe is trying to tell me something https://t.co/5xlMs2MaAV https://t.co/ApcWXdV3eh"}, {"author_id": 888438565289435136, "id": 1494858420809342981, "text": "@DJazzerone That was a different era. Some of the best love/fun songs are older than me. Calendar Girl, Under the Boardwalk, Little Surfer, Dock of the Bay, etc."}, {"author_id": 1252550973546991616, "id": 1494853119003566082, "text": "RT @GlobalBritain21: This is the filth let into the country \nhttps://t.co/a3wPxr69ZR"}, {"author_id": 628666358, "id": 1494852633961676800, "text": "RT @GlobalBritain21: This is the filth let into the country \nhttps://t.co/a3wPxr69ZR"}, {"author_id": 2203668726, "id": 1494852440423907335, "text": "RT @GlobalBritain21: This is the filth let into the country \nhttps://t.co/a3wPxr69ZR"}]