[{"author_id": 3593644397, "id": 1495227707868782593, "text": "@doc_freak \ud83d\udc4d\ud83d\udc4d\ud83d\udc14;-) #LoveSven! A wonderful Sven film poll champion of William Castle's \"House on Haunted Hill!\" ! Happy #Svengoolie Sat., Fritz, Vincent &amp; all fellow SvenPals of @MeTV for Sven's big Me-TV prem./Attack of the Puppet People! Cheers! Woo-Hoo! \"Hi-Keeba!\" https://t.co/S9FCVWxnvv"}, {"author_id": 1408241369416601600, "id": 1495198725987307520, "text": "@TG22110 Sorry to be a downer, but they're dangerous.\nhttps://t.co/M6xt4x3cH6"}, {"author_id": 14242755, "id": 1495164994379526145, "text": "@rpdrukfans @MaddyMorphosis FAO @MaddyMorphosis, this is PJ &amp; Duncan, 90s kids TV icons in the UK, famous with hit singles such as Let's Get Ready To Rhumble &amp; We're On The Ball.\n\nPJ (left) was sadly blinded in a freak paintballing accident, but now lives in a castle in Wales."}, {"author_id": 45123065, "id": 1495121136274784257, "text": "trying to write about castle freak and got stuck reading wordsworth"}, {"author_id": 1221518611694616579, "id": 1494872733448032262, "text": "Not gonna lie, my fave @barbaracrampton and @jeffreycombs collab is Castle Freak but this movie is such crazy fun. #FFBMovieNight #reanimator"}, {"author_id": 1400966746513854468, "id": 1494865780114169860, "text": "RT @BatQuinn5801: 8. Dr. Herbert West was one of the first lead roles for @jeffreycombs. This is why almost everything he's done since, wit\u2026"}, {"author_id": 36763097, "id": 1494863625328205824, "text": "RT @BatQuinn5801: 8. Dr. Herbert West was one of the first lead roles for @jeffreycombs. This is why almost everything he's done since, wit\u2026"}, {"author_id": 1326741539641495553, "id": 1494856529153085443, "text": "8. Dr. Herbert West was one of the first lead roles for @jeffreycombs. This is why almost everything he's done since, with some exceptions, has been horror-related. He's also been in several Lovecraft adaptations such as From Beyond and Castle Freak. #FFBMovieNight https://t.co/VOEM1G4L1Y"}, {"author_id": 1368635080579702786, "id": 1494838287525154820, "text": "1. Re-Animator\n2. From Beyond\n3. Castle Freak\n4. Bride of Re-Animator\n5. Frightmare\n6. House on Haunted Hill\n7. Pit and the Pendulum\n8. Cellar Dweller \n9. Would You Rather\n10. Beyond Re-Animator https://t.co/zGcnMjh8WU"}, {"author_id": 387994952, "id": 1494827348402663427, "text": "@VicGovDH Why is there such urgency when stats show they recover very well naturally?  In Australia, more kids died in a single jumping castle freak accident than Covid. And the child covid deaths already had major health issues on top of it"}, {"author_id": 69727902, "id": 1494781008838750210, "text": "Castle Freak was gruesome! Who would ever guess a movie starring Jeffery Combs could be gross! #horrormovies #horror https://t.co/NWOLiO4JZZ"}, {"author_id": 758118009605124096, "id": 1494761132262834182, "text": "@barbaracrampton @RealCharlesBand @jeffreycombs Loved you guys in Castle Freak"}, {"author_id": 1370555903263580163, "id": 1494759758934548492, "text": "RT @Film89UK: #Film89PosterOfTheDay\nNo.1512\nCastle Freak (1995)\nDirector: Stuart Gordon https://t.co/QUNSfrlG5y"}, {"author_id": 387994952, "id": 1494630788826304512, "text": "@Corleone_Roller Near 200k cases for under 10 year olds.  With 4 deaths in the past 2 years, most likely (with, not of covid and) severe health issues.  Why is there such urgency to vax them?  Literally more kids died in a single jumping castle freak accident than covid."}, {"author_id": 1436381247731765249, "id": 1494527771443228676, "text": "@quothneverwhore Convinced I need to do a triple-feature of Re-Animator, From Beyond, and Castle Freak, suddenly."}, {"author_id": 1478162728405635078, "id": 1494509125140631555, "text": "Check out Castle Freak Laserdisc Directors Cut https://t.co/WCY57Yvpmh @eBay"}, {"author_id": 33023543, "id": 1494496373869359122, "text": "RT @CatBusRuss: Messed up my #podcast promotion. Misplaced an image from #StuartGordon\u2019s under appreciated &amp; under seen #classic \u201cDagon\u201d. H\u2026"}, {"author_id": 1485300612275208194, "id": 1494312255130791938, "text": "@TheMutantFam @therealjoebob @kinky_horror @Shudder @CultOfCurtis Me too! I am always pestering shudder when the movie is up and the @therealjoebob episode is missing.  They were very accommodating and put up 2 missing episodes.  Castle Freak and Tourist Trap.  Mandy is still missing for reasons."}, {"author_id": 853105339, "id": 1494302721595392004, "text": "@kinky_horror Is that Castle Freak??"}, {"author_id": 387994952, "id": 1494285750992441345, "text": "@thatreviewplace Nearly 200k covid cases in kids under 10 years old.  4 deaths in the whole pandemic, most likely with significant health issues.   \nMore kids literally died in a single jumping castle freak accident.\nhttps://t.co/f2TqgGN4rI"}, {"author_id": 387994952, "id": 1494266045636374529, "text": "@NototyrannyNOW @RACGPPresident Nearly 200k total covid cases in kids under 10.  Yet 4 deaths in the whole pandemic, most likely with severe health issues on top of it.  Why is there such urgency acting like its a death sentence if you catch covid at that age? More kids died from a freak jumping castle accident"}, {"author_id": 345487364, "id": 1494145668868358147, "text": "@GeorgeTakei The difference between Putin and Trump ..... if Putin croaked, his people would be like the guards at the Wicked Witch's castle after the bucket of water.\n\nTrumps cult members would freak the fk out."}, {"author_id": 2834131626, "id": 1494138349468065794, "text": "@aeccglobalin Edinburgh\u00a0Castle\n\n#midweekblues #OverseasEducation #StudentVisa #StudyVisa #StudyOverseas #StudyAbroad  #AECCGlobal #AECCGloballndia #studyabroadwithaeccglobal\n\n@aeccglobalin \n\nJoin \ud83d\udce2\n\n@Kazaar11\n@Adithya_Varma4\n@keshwa20\n@Tech_Freak_007\n@cyril_2020\n@TechBee11"}, {"author_id": 1260746768586866693, "id": 1494130824458948612, "text": "Messed up my #podcast promotion. Misplaced an image from #StuartGordon\u2019s under appreciated &amp; under seen #classic \u201cDagon\u201d. Hear about this, \u201cRobot Jox\u201d, &amp; \u201cCastle Freak\u201d. https://t.co/gCBEbeO0Ci\n\n#FilmTwitter #AEWonTBS #movies #AEWDynamite @TheBMovieVault @bfest @cultsploitation https://t.co/5Grn9jQYAS"}, {"author_id": 251428031, "id": 1494125492458373121, "text": "@realmonsanto I\u2019m sorry bounce castles and hot tubs freak her out..hope there is no pictures of her in a hot tube or near a bouncy castle, that might be awkward\u2026."}, {"author_id": 1279465686415228928, "id": 1494045341892685831, "text": "You think I get worked up about Wendy\u2019s? Don\u2019t even mention Wh*te Castle to me I will freak out #BrandWars"}, {"author_id": 123317640, "id": 1493947690958217218, "text": "@thevivafrei \"Unplug the bouncy castle\" is a metaphor for all the control-freak busy-body leaders who seem hell bent on sucking all the freedom, happiness, and joy from our societies."}, {"author_id": 1473413117631684612, "id": 1493914730565718020, "text": "Castle Demitrescue was a bit more interesting that Castle Salazar. But nothing I want to see again. House Benviento... Amazing but too short. The Loch I wish had more too it. Just a shame Salvador Moreu was rushed. In fact they're all rushed into turning into freak of the week"}, {"author_id": 3318730806, "id": 1493878350418681858, "text": "@cringegobrrr What are the odds Peter caressed Rain silently whenever she went past him in the dark? He's giving me Castle Freak vibes."}, {"author_id": 1393652927986913281, "id": 1493852351479824387, "text": "@horrormuseum I'm more of a castle/freak"}, {"author_id": 1478162728405635078, "id": 1493767690846191616, "text": "Check out Castle Freak Laserdisc Directors Cut https://t.co/WCY57Yvpmh @eBay"}, {"author_id": 178957772, "id": 1493722726820888576, "text": "Castle Freak Blu-ray https://t.co/GtABAq3RI3"}, {"author_id": 2452347547, "id": 1493709990028517376, "text": "@BretWeinstein Wow\u2026. Have you not heard of Google? https://t.co/QAlZp62F4R"}, {"author_id": 778089013483798528, "id": 1493679112497827840, "text": "#watching Castle Freak (1995) https://t.co/I1qhbCdfKR"}, {"author_id": 2948888399, "id": 1493675627270049792, "text": "\" jump into Kiev\" it's a city not a bouncy castle you mad freak https://t.co/TAUzYSJAo7"}, {"author_id": 1335297433346035712, "id": 1493644922355740674, "text": "@craig_rangoon @48ONIRAM Castle Freak mad underrated!"}, {"author_id": 23606160, "id": 1493619475509350403, "text": "Ooooooo the 2020 version of Castle Freak is coming to the @horror_channel in March! Very excited! https://t.co/X7gUP64GU3"}, {"author_id": 196155598, "id": 1493607936010199040, "text": "@48ONIRAM The Witch Who Came from the Sea\nTo the Devil\u2026A Daughter\nGod Told Me To\nLifeforce\nCastle Freak\nPrince of Darkness\nThe Stone Tape"}, {"author_id": 821531349479632896, "id": 1493504136872329217, "text": "the way they freak out about larnach castle as if it\u2019s buckingham palace \ud83d\ude2d u ain\u2019t fooling nobody babez"}, {"author_id": 1480143053457276929, "id": 1493360606216261634, "text": "@PettyRuxpin83 @JetBomb25 Or Castle Freak !!! Check that one out !!!"}, {"author_id": 1348550993676529666, "id": 1493352190274064389, "text": "RT @dragonsduel: 1 Hour till its...\n\nThe Shattered Realm | E4: Soul Eating Monkey Bats!\n\nThe Party, now illusory, make their way to the Dem\u2026"}, {"author_id": 2765555757, "id": 1493333946695917572, "text": "RT @dragonsduel: WE ARE LIVE WITH...\n\nThe Shattered Realm | E4: Soul Eating Monkey Bats!\n\nThe Party, now illusory, make their way to the De\u2026"}, {"author_id": 1054371188527509504, "id": 1493329663015501832, "text": "RT @dragonsduel: WE ARE LIVE WITH...\n\nThe Shattered Realm | E4: Soul Eating Monkey Bats!\n\nThe Party, now illusory, make their way to the De\u2026"}, {"author_id": 1335492679141122055, "id": 1493329204686979074, "text": "WE ARE LIVE WITH...\n\nThe Shattered Realm | E4: Soul Eating Monkey Bats!\n\nThe Party, now illusory, make their way to the Demon Lords Castle! As battle surrounds them, they casually seek the vault, whilst Brian remains in freak out mode!\n\n#dnd #TTRPGs #rollingtogether"}, {"author_id": 2765555757, "id": 1493317763259154437, "text": "RT @dragonsduel: 1 Hour till its...\n\nThe Shattered Realm | E4: Soul Eating Monkey Bats!\n\nThe Party, now illusory, make their way to the Dem\u2026"}, {"author_id": 1121725172220858368, "id": 1493317047786299393, "text": "RT @dragonsduel: 1 Hour till its...\n\nThe Shattered Realm | E4: Soul Eating Monkey Bats!\n\nThe Party, now illusory, make their way to the Dem\u2026"}, {"author_id": 1335492679141122055, "id": 1493314103930204165, "text": "1 Hour till its...\n\nThe Shattered Realm | E4: Soul Eating Monkey Bats!\n\nThe Party, now illusory, make their way to the Demon Lords Castle! As battle surrounds them, they casually seek the vault, whilst Brian remains in freak out mode!\n\n#dnd #TTRPGs #rollingtogether"}, {"author_id": 1430705038989529089, "id": 1493303653356036097, "text": "RT @dragonsduel: Tonight @ 9PM UK/4 PM ET its...\n\nThe Shattered Realm | E4: Soul Eating Monkey Bats!\n\nThe Party, now illusory, make their w\u2026"}, {"author_id": 262915942, "id": 1493287532305522694, "text": "RT @imperiummaeve: castle freak (1995) asks the all-important questions like 'what if there was a castle' and 'what if there was a freak' h\u2026"}, {"author_id": 841677927020449793, "id": 1493261066335404032, "text": "RT @dragonsduel: Tonight @ 9PM UK/4 PM ET its...\n\nThe Shattered Realm | E4: Soul Eating Monkey Bats!\n\nThe Party, now illusory, make their w\u2026"}, {"author_id": 1335492679141122055, "id": 1493253712189411330, "text": "Tonight @ 9PM UK/4 PM ET its...\n\nThe Shattered Realm | E4: Soul Eating Monkey Bats!\n\nThe Party, now illusory, make their way to the Demon Lords Castle! As battle surrounds them, they casually seek the vault, whilst Brian remains in freak out mode!\n\n#dnd #TTRPGs #rollingtogether"}, {"author_id": 269219528, "id": 1493243906821332993, "text": "RT @dragonsduel: Tonight @ 9PM UK/4 PM ET its...\n\nThe Shattered Realm | E4: Soul Eating Monkey Bats!\n\nThe Party, now illusory, make their w\u2026"}, {"author_id": 1409308692156194816, "id": 1493234525496909824, "text": "RT @dragonsduel: Tonight @ 9PM UK/4 PM ET its...\n\nThe Shattered Realm | E4: Soul Eating Monkey Bats!\n\nThe Party, now illusory, make their w\u2026"}, {"author_id": 1335492679141122055, "id": 1493232799012298754, "text": "Tonight @ 9PM UK/4 PM ET its...\n\nThe Shattered Realm | E4: Soul Eating Monkey Bats!\n\nThe Party, now illusory, make their way to the Demon Lords Castle! As battle surrounds them, they casually seek the vault, whilst Brian remains in freak out mode!\n\n#dnd #TTRPGs #rollingtogether"}, {"author_id": 1335492679141122055, "id": 1493232734357098500, "text": "Tonight @ 9PM UK/4 PM ET its...\n\nThe Shattered Realm | E4: Soul Eating Monkey Bats!\n\nThe Party, now illusory, make their way to the Demon Lords Castle! As battle surrounds them, they casually seek the vault, whilst Brian remains in freak out mode!\n\n#dnd #TTRPGs #rollingtogether"}, {"author_id": 1335492679141122055, "id": 1493208416440909830, "text": "Tonight @ 9PM UK/4 PM ET its...\n\nThe Shattered Realm | E4: Soul Eating Monkey Bats!\n\nThe Party, now illusory, make their way to the Demon Lords Castle! As battle surrounds them, they casually seek the vault, whilst Brian remains in freak out mode!\n\n#dnd #TTRPGs #rollingtogether"}, {"author_id": 1488291492019982342, "id": 1493206722495844357, "text": "castle freak (1995) asks the all-important questions like 'what if there was a castle' and 'what if there was a freak' https://t.co/Vr6ch7y9oG"}, {"author_id": 1337846587700219909, "id": 1493025074533777413, "text": "hope castle freak is just as slutty as from beyond \ud83d\udc4d\ud83d\udc4d"}, {"author_id": 1337846587700219909, "id": 1493016527641223174, "text": "think todays films might be castle freak (1995) and dark knight rises again \ud83d\ude34\ud83d\ude34\ud83d\ude34"}, {"author_id": 1400991729571016707, "id": 1492938743329832960, "text": "@TheCosmicCreep1 Thanks dude! I needed a jumping off point lol I heard there\u2019s a Castle Freak mask and I really want that I just don\u2019t remember from where"}, {"author_id": 397980696, "id": 1492916585463521286, "text": "@Rubberbandits That basement scene traumatized me. As a child it was a b movie horror film called castle freak. I still sometimes have bad dreams from it!"}, {"author_id": 2284712777, "id": 1492834759847952384, "text": "@H0NEYRIVER Castle of the freak"}, {"author_id": 1231258055649701889, "id": 1492768573122564099, "text": "The Hills Have Eyes\nCastle Freak\nMasters of Horror: Incident On and Off a Mountain Road https://t.co/MMXOCo3f6H"}]