[{"author_id": 1424289749280301061, "id": 1495282446345986048, "text": "First Catwalk?\n\n\u0e23\u0e2d\u0e04\u0e2d\u0e22\u0e22\u0e22\u0e22\u0e22\u0e22\u0e22\ud83e\udd7a\ud83e\udd7a\ud83e\udd7a https://t.co/EPWrBtvKjL"}, {"author_id": 1335396314079588354, "id": 1495282173191995394, "text": "RT @jonutsan: stanced up on the catwalk #TWICEINLA #TWICE_4TH_WORLD_TOUR https://t.co/RgGVazZK8h"}, {"author_id": 4779527413, "id": 1495280765030080512, "text": "RT @IfsSamrat: This is called catwalk.... https://t.co/AY45QcrWfs"}, {"author_id": 147251599, "id": 1495279934192775171, "text": "Pic #249\n Why catwalk ??? When the dog walk is even more stylish...\nhttps://t.co/l6HEVlMncG https://t.co/cJ5J9xOmE3"}, {"author_id": 1483874745112305665, "id": 1495278977618960384, "text": "RT @Nigelj08223326: Happy CAT(ur)Day\n\n\u2026.on the catwalk\n\n@SirGeoffPalmer \n@LilyClegg1 \n@alisonleary1 \n@ahmedaftab68 \n@juniorjuri \n@BazzaCC\u2026"}, {"author_id": 1313544045231300614, "id": 1495277215982006272, "text": "RT @ErinHugeBoobs: Just sold! Get yours! 7 pawgs catwalk in 4K https://t.co/8gTibmU0H0 #MVSales https://t.co/HzN0W4rh4j"}, {"author_id": 1217683396169752576, "id": 1495276178554318855, "text": "RT @IfsSamrat: This is called catwalk.... https://t.co/AY45QcrWfs"}, {"author_id": 1043633728113836033, "id": 1495275611627077632, "text": "@pragain0222 On the catwalk"}, {"author_id": 1487301694731866114, "id": 1495273726220324865, "text": "Paris Montecarlo Catwalk wearing black Jacket https://t.co/KcWsoSLq66 via @YouTube"}, {"author_id": 3307551026, "id": 1495273277811408896, "text": "@Duckscolorman Here is what I found out about it \n\nMfg: AirChime \nModel: EP-90 \nType: Electric piston air horn\nDb: 147 @ 1m\nLocation: Catwalk above Sec 418\n\nInstalled at building construction / opening\n\n The EP-90 was designed for marine vessels greater than 200 m / 635 ft"}, {"author_id": 951317640, "id": 1495272775946096643, "text": "RT @IfsSamrat: This is called catwalk.... https://t.co/AY45QcrWfs"}, {"author_id": 529033551, "id": 1495270929852932098, "text": "@Hollyhippo5 Yes, in bright fluorescent orange.  You\u2019re very on trend as bright fluorescent colours were \u2018in colours\u2019 last Spring.\nOn the catwalk, sorry, dog-walk, I do my little turn on the dog-walk\u2026 Work it baby! https://t.co/6KcFGljdgK"}, {"author_id": 1440395447399444486, "id": 1495270863674900482, "text": "RT @itskac: @RodniCypher @SHIBQueenie @WatcherGuru @Shibtoken @shibainuart Queenie will win \ud83d\ude01 \n\n(And I will fall off the catwalk as usual \ud83d\ude05\u2026"}, {"author_id": 392930793, "id": 1495269970288144386, "text": "RT @AdoptMeVentura: Adoptable #Cat #Lupin_VNTRCA_01 On the catwalk! https://t.co/R6wqiytnke https://t.co/wdxg8HkXbG"}, {"author_id": 1422517744071811097, "id": 1495269655379853312, "text": "@lovesickaraisha BLACK SHIRT LITERALLT RIGHT BEHIND THE CAMERA CENTER END OF CATWALK"}, {"author_id": 1156583192, "id": 1495269300977893379, "text": "Catwalk - Tonight via #7USMedia #320MAX48 #Hottest #Metal and #Rock #Streaming 320x48 24/7 at https://t.co/mffaJOD14q #Barbwires plays the newest 21st Century #Premier #Metal https://t.co/i7smGjkWIL"}, {"author_id": 1077707105564545025, "id": 1495269220942290947, "text": "Catwalk - Tonight via #7USMedia #Premier #HardRock @barbwiresradio https://t.co/jP13XRD1Vg for web players #Barbwires plays the newest 21st Century #Premier #Metal https://t.co/rrGaKFdWJg"}, {"author_id": 871552705763921920, "id": 1495269154978418691, "text": "@pragain0222 Up on the catwalk. \nhttps://t.co/FQu21Bl49j"}, {"author_id": 963334877377474560, "id": 1495269021138108417, "text": "RT @SleazyyCarlito: CANT wait till I get invited to \ud83d\udc9a\u2764\ufe0f\ud83d\udc9a\u2764\ufe0f\ud83d\ude36 one .. LCFMA22 Catwalk \u2013 live from London Fashion Week https://t.co/k140FIszw9\u2026"}, {"author_id": 270530583, "id": 1495268865349193728, "text": "RT @mewnstar: Hazard teaching us all how to achieve the proper CATWALK\ud83d\udd25\u2764\n\nBirthday Boy HAZARD\n#\u0e2d\u0e32\u0e0b\u0e32\u0e23\u0e4c\u0e2b\u0e19\u0e36\u0e48\u0e07\u0e02\u0e27\u0e1a\u0e04\u0e23\u0e31\u0e1a https://t.co/F0E5NBiKXl"}, {"author_id": 1242310994832965634, "id": 1495268568690487303, "text": "@lchanwrites The catwalk awaits."}, {"author_id": 142054738, "id": 1495268485760495619, "text": "RT @YuiMok: A fine selection of hats on the catwalk during the Richard Quinn show at the Lindley Hall, London, during #LondonFashionWeek 20\u2026"}, {"author_id": 1348724034968588290, "id": 1495268171904958467, "text": "RT @Ulixefer090: thank you very much for the 300 followers I never thought I would have more than 100 and that is why I share this model ad\u2026"}, {"author_id": 3557547146, "id": 1495267727795421185, "text": "This is called catwalk... https://t.co/GnWj5jToUx"}, {"author_id": 4451349432, "id": 1495267663395770376, "text": "CANT wait till I get invited to \ud83d\udc9a\u2764\ufe0f\ud83d\udc9a\u2764\ufe0f\ud83d\ude36 one .. LCFMA22 Catwalk \u2013 live from London Fashion Week https://t.co/k140FIszw9 via @YouTube"}, {"author_id": 74445844, "id": 1495266269179748353, "text": "RT @IfsSamrat: This is called catwalk.... https://t.co/AY45QcrWfs"}, {"author_id": 936896310178807808, "id": 1495264921038495744, "text": "RT @mewnstar: Hazard teaching us all how to achieve the proper CATWALK\ud83d\udd25\u2764\n\nBirthday Boy HAZARD\n#\u0e2d\u0e32\u0e0b\u0e32\u0e23\u0e4c\u0e2b\u0e19\u0e36\u0e48\u0e07\u0e02\u0e27\u0e1a\u0e04\u0e23\u0e31\u0e1a https://t.co/F0E5NBiKXl"}, {"author_id": 1407386349703819270, "id": 1495264736371482630, "text": "RT @SorrelThis: STOP WHAT YOURE DOING AND LOOK AT THIS CUTE COMMISSION I GOT FROM @DarwinTFish DURING THE @Cartoon_Allies CHARITY STREAM!\nT\u2026"}, {"author_id": 1373011197964943363, "id": 1495264508347961344, "text": "RT @Sarykaboomb: gals having fun on the catwalk \u2728 https://t.co/fqr3FlHqrR"}, {"author_id": 1416646968575725571, "id": 1495263454923563017, "text": "RT @IGeneralButchI: Finished adjusting everything to body now time to re rig the model add a buch of bones add atuo jiggle and by the end s\u2026"}, {"author_id": 1424426072607629312, "id": 1495263362858434565, "text": "RT @mewnstar: Hazard teaching us all how to achieve the proper CATWALK\ud83d\udd25\u2764\n\nBirthday Boy HAZARD\n#\u0e2d\u0e32\u0e0b\u0e32\u0e23\u0e4c\u0e2b\u0e19\u0e36\u0e48\u0e07\u0e02\u0e27\u0e1a\u0e04\u0e23\u0e31\u0e1a https://t.co/F0E5NBiKXl"}, {"author_id": 264564496, "id": 1495262832073781248, "text": "RT @jsskmy: - 220219 ILA SHINee Minho x Key old couple chemistry... highest ratings at 10.2% -\n\nwith average ratings of 8.1%, the episode r\u2026"}, {"author_id": 3939213508, "id": 1495261969082982404, "text": "**FREE FOR SUBSCRIBERS: Platform heel slide unboxing, catwalk, and task to worship https://t.co/IZtMCwJthS #realloyalfans"}, {"author_id": 1458492809317687296, "id": 1495261431650000898, "text": "This version of the catwalk runway song is the best in #DragRace herstory. Perfect song."}, {"author_id": 1088723774864846849, "id": 1495260652927328259, "text": "RT @jsskmy: - 220219 ILA SHINee Minho x Key old couple chemistry... highest ratings at 10.2% -\n\nwith average ratings of 8.1%, the episode r\u2026"}, {"author_id": 1424895755316342785, "id": 1495259965354913800, "text": "@JamieLittleTV @SherryPollex @NASCARONFOX Sherry, you look absolutely great. Wishing you a successful Catwalk."}, {"author_id": 969829327704641536, "id": 1495259916763807746, "text": "RT @DLKeatis: @MyUNiDAYS Representation is great and should be lauded. But if only it weren\u2019t utterly performative.\n\nBehind the catwalk sho\u2026"}, {"author_id": 1710909410, "id": 1495259209558073345, "text": "#NowPlaying Catwalk (feat. Skeltal Ki) by @RuPaul #listen at https://t.co/VpnQNUIxMJ &amp; https://t.co/O2PeOxhBNQ @TuneIn\n Buy song https://t.co/qMSnaxPk5i https://t.co/8Cwe8hbpVa"}, {"author_id": 827509643647795204, "id": 1495258955446390791, "text": "RT @IfsSamrat: This is called catwalk.... https://t.co/AY45QcrWfs"}, {"author_id": 1239004549718867969, "id": 1495258723757010949, "text": "Catwalk Beauty Online-a O 1 https://t.co/xL3CJ7aD8a"}, {"author_id": 883545899015651329, "id": 1495257768160202754, "text": "RT @gregcatarino1: Debbie Criswell, American\n\n\"Catwalk\" https://t.co/VZbHOMBFfO"}, {"author_id": 1438272590678614016, "id": 1495255679975583745, "text": "RT @themilfhoseok: MILF ON THE CATWALK https://t.co/PZMZwzbbbR"}, {"author_id": 1174159585579548672, "id": 1495254292009140224, "text": "@JusticeTourNews @justinbieber I\u2019m literally looking for 1 ticket to ANY show that\u2019s really close to the stage/catwalk \ud83d\ude4f\ud83c\udffc"}, {"author_id": 3170285612, "id": 1495253972671627265, "text": "RT @mewnstar: Hazard teaching us all how to achieve the proper CATWALK\ud83d\udd25\u2764\n\nBirthday Boy HAZARD\n#\u0e2d\u0e32\u0e0b\u0e32\u0e23\u0e4c\u0e2b\u0e19\u0e36\u0e48\u0e07\u0e02\u0e27\u0e1a\u0e04\u0e23\u0e31\u0e1a https://t.co/F0E5NBiKXl"}, {"author_id": 2418569016, "id": 1495253739447656448, "text": "RT @mewnstar: Hazard teaching us all how to achieve the proper CATWALK\ud83d\udd25\u2764\n\nBirthday Boy HAZARD\n#\u0e2d\u0e32\u0e0b\u0e32\u0e23\u0e4c\u0e2b\u0e19\u0e36\u0e48\u0e07\u0e02\u0e27\u0e1a\u0e04\u0e23\u0e31\u0e1a https://t.co/F0E5NBiKXl"}, {"author_id": 1273850065241518080, "id": 1495253726076239879, "text": "RT @mewnstar: Hazard teaching us all how to achieve the proper CATWALK\ud83d\udd25\u2764\n\nBirthday Boy HAZARD\n#\u0e2d\u0e32\u0e0b\u0e32\u0e23\u0e4c\u0e2b\u0e19\u0e36\u0e48\u0e07\u0e02\u0e27\u0e1a\u0e04\u0e23\u0e31\u0e1a https://t.co/F0E5NBiKXl"}, {"author_id": 1247682499267854336, "id": 1495253261414133760, "text": "RT @ASTR0MEDA_: These cats (pictured below) would sometimes embroider and make clothes together I think. Or Mariana has him do a catwalk fo\u2026"}, {"author_id": 29385824, "id": 1495253134255562755, "text": "RT @APEntertainment: RUNWAY SUCCESS - Iconic model @BeverlyJohnson1  closes a diverse @BibhuMohapatra catwalk show at @NYFW and discusses c\u2026"}, {"author_id": 1485045038061137922, "id": 1495252981603840002, "text": "RT @HentaiAsylum: \u2764 #Hentai #Ecchi #Cute\nNude Catwalk [The Idolmaster]\n \ud83d\udd25 https://t.co/j1ikQdwUgd https://t.co/OdENojvXSr"}, {"author_id": 1067506049396211712, "id": 1495252381151412230, "text": "These cats (pictured below) would sometimes embroider and make clothes together I think. Or Mariana has him do a catwalk for the stuff she makes https://t.co/O12l1ze54m"}, {"author_id": 386749968, "id": 1495252002737037315, "text": "RT @ZPeggins: I survived the Calgary Catwalk.\n\npls print the shirts, @ToriePeterson https://t.co/aeAI9ixJTW"}, {"author_id": 1182694944248602625, "id": 1495251715565752322, "text": "RT @horror_coffee: @takemichicult anybody can kill, but not everyone can look slick as hell, recommend a healthy dog food brand for your ov\u2026"}, {"author_id": 993083035, "id": 1495251571856359428, "text": "RT @_Mrt_XX: Catwalk or basketball court\ud83d\udd25\ud83d\udc40@machinegunkelly https://t.co/a5hnZE9nPO"}, {"author_id": 446062101, "id": 1495251029687820291, "text": "RT @ZPeggins: I survived the Calgary Catwalk.\n\npls print the shirts, @ToriePeterson https://t.co/aeAI9ixJTW"}, {"author_id": 503360961, "id": 1495250847084675076, "text": "RT @ZPeggins: I survived the Calgary Catwalk.\n\npls print the shirts, @ToriePeterson https://t.co/aeAI9ixJTW"}, {"author_id": 28515519, "id": 1495250646835945472, "text": "I survived the Calgary Catwalk.\n\npls print the shirts, @ToriePeterson https://t.co/aeAI9ixJTW"}, {"author_id": 1490874861345857541, "id": 1495250304698306569, "text": "@catwalk_nude_video\n\n@pyotrrfo77\n\n-\n\n@pyotrrfo77-\n\n @pyotrrfo77\n assessing"}, {"author_id": 602690302, "id": 1495249832448983040, "text": "RT @IfsSamrat: This is called catwalk.... https://t.co/AY45QcrWfs"}, {"author_id": 1358545206547726341, "id": 1495249364603789320, "text": "RT @_HollyCain: So honored to be a part of \u2066@SherryPollex\u2069 Catwalk for. A Cause tonight in Daytona Beach. Met so many fantastic women stand\u2026"}, {"author_id": 994587820751818753, "id": 1495248932791795712, "text": "@InAMadWorld111 Looks like a catwalk in an insane asylum"}, {"author_id": 43216942, "id": 1495248902471053312, "text": "RT @APEntertainment: RUNWAY SUCCESS - Iconic model @BeverlyJohnson1  closes a diverse @BibhuMohapatra catwalk show at @NYFW and discusses c\u2026"}, {"author_id": 1053432535, "id": 1495248609197051909, "text": "RT @WomeninMarketin: @keligoff @BeverlyJohnson1 @sergiotheexpert @nyfw @veronicawebb Lovely to see you on the catwalk @BeverlyJohnson1 orig\u2026"}, {"author_id": 43216942, "id": 1495248511096410116, "text": "RT @WomeninMarketin: @keligoff @BeverlyJohnson1 @sergiotheexpert @nyfw @veronicawebb Lovely to see you on the catwalk @BeverlyJohnson1 orig\u2026"}, {"author_id": 1324598482041069572, "id": 1495248294921924608, "text": "RT @mewnstar: Hazard teaching us all how to achieve the proper CATWALK\ud83d\udd25\u2764\n\nBirthday Boy HAZARD\n#\u0e2d\u0e32\u0e0b\u0e32\u0e23\u0e4c\u0e2b\u0e19\u0e36\u0e48\u0e07\u0e02\u0e27\u0e1a\u0e04\u0e23\u0e31\u0e1a https://t.co/F0E5NBiKXl"}, {"author_id": 1374193172113457152, "id": 1495248143319015431, "text": "RT @YNaija: #BTS of #BBNaija Maria on set for her controversial Ad. \n\nOn a scale of 1 - 10, rate her catwalk https://t.co/CbgRchvZa1"}, {"author_id": 1458252255719837696, "id": 1495247766565568522, "text": "RT @_EcchiSenpai: Nude Catwalk [The Idolmaster] \ncredits to the artists\n\n#hentai #ecchi #nsfw #porn #animeart #kawaii #hot\n\nRT \ud83d\udd04 &amp; Follow f\u2026"}, {"author_id": 786842154282852352, "id": 1495247165186199556, "text": "RT @mewnstar: Hazard teaching us all how to achieve the proper CATWALK\ud83d\udd25\u2764\n\nBirthday Boy HAZARD\n#\u0e2d\u0e32\u0e0b\u0e32\u0e23\u0e4c\u0e2b\u0e19\u0e36\u0e48\u0e07\u0e02\u0e27\u0e1a\u0e04\u0e23\u0e31\u0e1a https://t.co/F0E5NBiKXl"}, {"author_id": 1330846567159382017, "id": 1495246417329528833, "text": "RT @mewnstar: Hazard teaching us all how to achieve the proper CATWALK\ud83d\udd25\u2764\n\nBirthday Boy HAZARD\n#\u0e2d\u0e32\u0e0b\u0e32\u0e23\u0e4c\u0e2b\u0e19\u0e36\u0e48\u0e07\u0e02\u0e27\u0e1a\u0e04\u0e23\u0e31\u0e1a https://t.co/F0E5NBiKXl"}, {"author_id": 17962321, "id": 1495246388921307136, "text": "@GVartwork I think in the future all participants have to leap off the catwalk at the top of the arena and do a dunk before they splat on the floor. C"}, {"author_id": 1143860045656076288, "id": 1495245957918871556, "text": "RT @_EcchiSenpai: Nude Catwalk [The Idolmaster] \ncredits to the artists\n\n#hentai #ecchi #nsfw #porn #animeart #kawaii #hot\n\nRT \ud83d\udd04 &amp; Follow f\u2026"}, {"author_id": 745807653276893184, "id": 1495245935344975876, "text": "Check out this listing I just added to my #Poshmark closet: Catwalk high heel shoes with silver metal stars. https://t.co/bSoUuIT6aS #shopmycloset @poshmarkapp"}, {"author_id": 1428389895156891648, "id": 1495245894861701122, "text": "Nude Catwalk [The Idolmaster] \ncredits to the artists\n\n#hentai #ecchi #nsfw #porn #animeart #kawaii #hot\n\nRT \ud83d\udd04 &amp; Follow for more https://t.co/rNWjcWgzcL"}, {"author_id": 1301853320978378752, "id": 1495245506167328769, "text": "RT @9704gao_: @gulfiology @gulfkanawut Cat lagi di catwalk sksksk\nBirthday Boy HAZARD\n#\u0e2d\u0e32\u0e0b\u0e32\u0e23\u0e4c\u0e2b\u0e19\u0e36\u0e48\u0e07\u0e02\u0e27\u0e1a\u0e04\u0e23\u0e31\u0e1a"}, {"author_id": 1412195056497221633, "id": 1495245414747959299, "text": "@alblen Wow, you should be on the catwalk cowgirl."}, {"author_id": 1298609070170091524, "id": 1495245148414005249, "text": "RT @mewnstar: Hazard teaching us all how to achieve the proper CATWALK\ud83d\udd25\u2764\n\nBirthday Boy HAZARD\n#\u0e2d\u0e32\u0e0b\u0e32\u0e23\u0e4c\u0e2b\u0e19\u0e36\u0e48\u0e07\u0e02\u0e27\u0e1a\u0e04\u0e23\u0e31\u0e1a https://t.co/F0E5NBiKXl"}, {"author_id": 1323072494266273793, "id": 1495244624322916353, "text": "@gulfiology @gulfkanawut Cat lagi di catwalk sksksk\nBirthday Boy HAZARD\n#\u0e2d\u0e32\u0e0b\u0e32\u0e23\u0e4c\u0e2b\u0e19\u0e36\u0e48\u0e07\u0e02\u0e27\u0e1a\u0e04\u0e23\u0e31\u0e1a"}, {"author_id": 408603198, "id": 1495243212377796611, "text": "@pragain0222 Haute Couture catwalk"}, {"author_id": 4913401463, "id": 1495243180350054402, "text": "RT @_HollyCain: So honored to be a part of \u2066@SherryPollex\u2069 Catwalk for. A Cause tonight in Daytona Beach. Met so many fantastic women stand\u2026"}, {"author_id": 1021598025171525632, "id": 1495242808126492674, "text": "RT @_HollyCain: So honored to be a part of \u2066@SherryPollex\u2069 Catwalk for. A Cause tonight in Daytona Beach. Met so many fantastic women stand\u2026"}, {"author_id": 1436386354833891333, "id": 1495242625066094597, "text": "RT @mewnstar: Hazard teaching us all how to achieve the proper CATWALK\ud83d\udd25\u2764\n\nBirthday Boy HAZARD\n#\u0e2d\u0e32\u0e0b\u0e32\u0e23\u0e4c\u0e2b\u0e19\u0e36\u0e48\u0e07\u0e02\u0e27\u0e1a\u0e04\u0e23\u0e31\u0e1a https://t.co/F0E5NBiKXl"}, {"author_id": 1385834758781825026, "id": 1495242554392006659, "text": "RT @yasintara: @YangZhaoLusi @DLRB88 @Blink_AliceShen As one of the global people, who is Lusi? To be honest I don't know her. Is she famou\u2026"}, {"author_id": 1347377349873070080, "id": 1495242032792719368, "text": "\"Nude Catwalk [The Idolmaster]\"\n\nPost: https://t.co/EwjA8aeggF\n#Ecchi #NSFW https://t.co/QaTG06QVFf"}, {"author_id": 1335108793412190208, "id": 1495241910788583426, "text": "RT @mewnstar: Hazard teaching us all how to achieve the proper CATWALK\ud83d\udd25\u2764\n\nBirthday Boy HAZARD\n#\u0e2d\u0e32\u0e0b\u0e32\u0e23\u0e4c\u0e2b\u0e19\u0e36\u0e48\u0e07\u0e02\u0e27\u0e1a\u0e04\u0e23\u0e31\u0e1a https://t.co/F0E5NBiKXl"}, {"author_id": 1228170272106139648, "id": 1495241588280532995, "text": "RT @Pooja35329031: @Gulfkanawutofc Our model hazard catwalk\ud83d\udc31\ud83d\ude39 @gulfkanawut #\u0e2d\u0e32\u0e0b\u0e32\u0e23\u0e4c\u0e2b\u0e19\u0e36\u0e48\u0e07\u0e02\u0e27\u0e1a\u0e04\u0e23\u0e31\u0e1a\u200b \nBirthday Boy HAZARD"}, {"author_id": 1271851114078572544, "id": 1495241493782618124, "text": "RT @mewnstar: Hazard teaching us all how to achieve the proper CATWALK\ud83d\udd25\u2764\n\nBirthday Boy HAZARD\n#\u0e2d\u0e32\u0e0b\u0e32\u0e23\u0e4c\u0e2b\u0e19\u0e36\u0e48\u0e07\u0e02\u0e27\u0e1a\u0e04\u0e23\u0e31\u0e1a https://t.co/F0E5NBiKXl"}, {"author_id": 92610479, "id": 1495241252798873602, "text": "@angryhacademic I mean he's clearly so fashionable he has to live the catwalk lifestyle and wear at least 5 different outfits a day \ud83d\udc81 https://t.co/GBOueJZxHy"}, {"author_id": 1363063497383284737, "id": 1495241249623719939, "text": "RT @mewnstar: Hazard teaching us all how to achieve the proper CATWALK\ud83d\udd25\u2764\n\nBirthday Boy HAZARD\n#\u0e2d\u0e32\u0e0b\u0e32\u0e23\u0e4c\u0e2b\u0e19\u0e36\u0e48\u0e07\u0e02\u0e27\u0e1a\u0e04\u0e23\u0e31\u0e1a https://t.co/F0E5NBiKXl"}, {"author_id": 1054383330, "id": 1495240848153329665, "text": "RT @liganft: WEBSITE IS NOW LIVE\ud83d\udc64\n\n2,000 Mannequins wearing our Fashion Brand\ud83d\udc65 Utilities such as exclusive access to our Catwalk Shows, Com\u2026"}, {"author_id": 3255806292, "id": 1495240708604768258, "text": "CHICO HAMILTON\u2014CATWALK https://t.co/O2kCyNpPH3"}, {"author_id": 1327511036354732032, "id": 1495240162883694602, "text": "RT @mewnstar: Hazard teaching us all how to achieve the proper CATWALK\ud83d\udd25\u2764\n\nBirthday Boy HAZARD\n#\u0e2d\u0e32\u0e0b\u0e32\u0e23\u0e4c\u0e2b\u0e19\u0e36\u0e48\u0e07\u0e02\u0e27\u0e1a\u0e04\u0e23\u0e31\u0e1a https://t.co/F0E5NBiKXl"}]