[{"author_id": 745092032, "id": 1495289144746127366, "text": "@cedricemil @Outkast When Andre said \"caught the 86 Lithonia headed to Decatur\" \ud83e\udd28\ud83e\udd14"}, {"author_id": 1087049076355616769, "id": 1495289143697547265, "text": "RT @lycheewons: caught this super cute moment with momo &amp; jeongyeon \ud83d\ude2d\ud83d\ude2d\n\n#TWICE_4TH_WORLD_TOUR #Twiceinoakland https://t.co/ezZQYPBHk5"}, {"author_id": 1394299419755827205, "id": 1495289143643226117, "text": "RT @DarkMoon_HYBE: The traces of that night caught on CCTV 13 at #Decelis\n\nEvery Sunday with #DARKMOON\nNow available to read on link in bio\u2026"}, {"author_id": 1210493194892300288, "id": 1495289142325899265, "text": "RT @STR8HOMOZ: was watching a movie with my cousin and caught this.. https://t.co/QJqNxFVFnx"}, {"author_id": 780598103367749632, "id": 1495289135883374592, "text": "RT @CapitolHillTour: @RonFilipkowski My neighbors all have these and so much more.\nWhen their house caught fire, took the fire department 3\u2026"}, {"author_id": 818175556898422785, "id": 1495289129327906821, "text": "Just caught a 90% off deal on a custom 30\u201d spanish curl frontal wig from this bomb ass celebrity stylist in ATL \ud83d\ude2e\u200d\ud83d\udca8\ud83d\ude4c\ud83c\udffe\ud83d\ude0d"}, {"author_id": 1457524880530976769, "id": 1495289121425743872, "text": "RT @keycago: Hot box pt. II \ud83d\ude36\u200d\ud83c\udf2b\ufe0f ended up fkn in the              \ud83c\udd7f\ufe0fublic \ud83c\udd7f\ufe0farking garage almost got caught \ud83d\udca6 (click link in bio) @official\u2026"}, {"author_id": 1468457394116370432, "id": 1495289117843800065, "text": "RT @ASBMilitary: KGB of Belarus caught a group of people who planned to disrupt a referendum in the country"}, {"author_id": 86926173, "id": 1495289109090385924, "text": "RT @Pung_AAP: Sonu sood caught red handed distributing cash for votes in car. Police has impounded car.\n\nHis sister is fighting election \ud83e\udd1a\u2026"}, {"author_id": 227773681, "id": 1495289092447387649, "text": "@cerberussawyer Well, she is more like putting up a fight. It's her life and career at stake here. Mind you, many athletes are guilty of these doping thing. Unfortunately for her, she got caught. And this one FBI is involved, Baba no be small matter ooo"}, {"author_id": 184721256, "id": 1495289087007539201, "text": "Now my entire family; me, wife and 2 kids caught COVID. I have no idea how we caught it. The first day for me and it feels miserable."}, {"author_id": 27873266, "id": 1495289084192960517, "text": "Ready for my hottest Silver Island couple? \"Melissa does it to me every...single...time! She just catches you in the feels.\" CAUGHT BY LOVE #bookreview on #Goodreads.  Avail in #kindle and paperback!\nhttps://t.co/n4pFLV5uy6 #RomanceBooks #romancereaders"}, {"author_id": 1343702153240592384, "id": 1495289071832285185, "text": "RT @bimboshaped: CW: NSFW \n.\n.\n.\n. \nPerhaps the Prince of Ylisse, a man who\u2019s got a hell of a lot to lose &amp; a squeaky clean reputation, get\u2026"}, {"author_id": 1246886807230238720, "id": 1495289069428948993, "text": "RT @MrAndyNgo: \u201cI\u2019m begging you, I have four kids.\u201d\n\nAn Uber driver begged &amp; pleaded for her life in Pennsylvania before being fatally shot\u2026"}, {"author_id": 1696849597, "id": 1495289067046637570, "text": "RT @kwsteve: Ezra Levant caught red-handed manufacturing news. Again. \ud83d\ude02 #cdnpoli"}, {"author_id": 3226486677, "id": 1495289053654171651, "text": "RT @ukhusband1: Love how she gets caught at the end\n#wankchat #fuckslut #fuckmeat https://t.co/ptVuZiuLYM"}, {"author_id": 2208833439, "id": 1495289051418697730, "text": "Look who got caught blatantly LYING \ud83e\udd25! https://t.co/rhwT9BHqMt"}, {"author_id": 1168531441728118784, "id": 1495289048747094016, "text": "RT @Pung_AAP: Sonu sood caught red handed distributing cash for votes in car. Police has impounded car.\n\nHis sister is fighting election \ud83e\udd1a\u2026"}, {"author_id": 707241464, "id": 1495289036197580800, "text": "Finally caught one of the hummingbirds who frequents our window feeder. #hummingbird #pnw #birdwatching https://t.co/pFGGJTF5jT"}, {"author_id": 1334218781246320645, "id": 1495289031013371905, "text": "i'm finally caught up in aot :')\n\nhope everyone is proud of me \ud83d\ude0c\n\ni miss levi"}, {"author_id": 1215612636982734850, "id": 1495289026408251392, "text": "RT @HeeShlz: Heeseung is a very dedicated person that makes him more amazing. His dynamic personality caught our attention. Also, his deter\u2026"}, {"author_id": 1396778408420331520, "id": 1495289024684380167, "text": "K i caught up with the last 2 eps and omg the o s t"}, {"author_id": 1139810668037623808, "id": 1495289018497388544, "text": "RT @Orwells_Ghost_: #Covid1984 Caught on Camera... \n\nGov Enacts Mandates... The People Protest...\n\nGov Vows To Target Those Who Resist... O\u2026"}, {"author_id": 1445570794138968066, "id": 1495289016471941120, "text": "RT @risveth: I never get bored of the idea of Casita being a \ud83e\udd8b\u23f3 shipper! like soundproofing rooms without having to be asked and helping \ud83e\udd8b\u2026"}, {"author_id": 1416078038140297219, "id": 1495289001712173056, "text": "RT @ramza_sexy_girl: Stepson Caught Mom Fuck with his friend : Watch Full Video HERE - https://t.co/CdJ0ivebzG\n#cheating #mother #stepmom #\u2026"}, {"author_id": 1402244685402308608, "id": 1495288998360612864, "text": "RT @kj_rwizi: Caught a little Dua lipa engagement #DuaLipa #FutureNostalgiaTour https://t.co/NRBopYOO5T"}, {"author_id": 1295680275775660032, "id": 1495288997022773248, "text": "RT @PoorEPLreferees: Yes, Lacazette was caught by the defender that didn't manage to get the ball https://t.co/6Oq1VB5Ns8"}, {"author_id": 1357032496932782083, "id": 1495288996104134656, "text": "RT @LeftYvonne: @notcapnamerica I haven't caught anything since we started wearing masks."}, {"author_id": 1096962164110385152, "id": 1495288990043459586, "text": "RT @AmeliakillyaOF: Do you got to hide me?\n\nGet a year of onlyfans without getting caught\n\nJust $50\n\nC@$h@pp: $ameliakillya666 \nV3nm0: amel\u2026"}, {"author_id": 2375163013, "id": 1495288984221908995, "text": "RT @Pung_AAP: Sonu sood caught red handed distributing cash for votes in car. Police has impounded car.\n\nHis sister is fighting election \ud83e\udd1a\u2026"}, {"author_id": 11740792, "id": 1495288976332234753, "text": "RT @NotKennyRogers: Not sure. I once thought getting caught spying on the President of the United States was treason but found out this wee\u2026"}, {"author_id": 72746974, "id": 1495288975048720389, "text": "Man Claims Mix Up Over Texts About Burning Down School, Woman Charged For Faking Pregnancy, Dem. Candidate Blames Tirade On Sleep Meds, Woman Caught With 236 Pounds Of Pot In U-Haul Truck. You can listen to it on #Goodpods! #podcast #podnation https://t.co/WcdHhXYe5p"}, {"author_id": 1272983432272855041, "id": 1495288974545330178, "text": "RT @MrAndyNgo: \u201cI\u2019m begging you, I have four kids.\u201d\n\nAn Uber driver begged &amp; pleaded for her life in Pennsylvania before being fatally shot\u2026"}, {"author_id": 101138031, "id": 1495288973417238534, "text": "@Ryan_A02 @P4Hoops @bron_the_goatt Too many cooks in the kitchen!  I think star players should have an influence but man the front office has to be stronger. This Russ trade had so many negative outcomes. They just got caught up with the name and potential"}, {"author_id": 1360210047394062338, "id": 1495288957965377541, "text": "RT @LockedLow: Someone keeps getting caught by that darn anal hook...\n@kink3Ddesigns @iamfivestar @DefThatJason https://t.co/6atNHqu8Bv"}, {"author_id": 1215612636982734850, "id": 1495288957269311490, "text": "RT @JNGW0NE: @YJWL0VS Heeseung is a very dedicated person that makes him more amazing. His dynamic personality caught our attention. Also,\u2026"}, {"author_id": 1446703073854844931, "id": 1495288956186890242, "text": "RT @DarkMoon_HYBE: The traces of that night caught on CCTV 13 at #Decelis\n\nEvery Sunday with #DARKMOON\nNow available to read on link in bio\u2026"}, {"author_id": 1341158796421378059, "id": 1495288955054428160, "text": "These unkind thoughts make me resign \nNot to be caught \nWhere other people might find"}, {"author_id": 1317355609126129666, "id": 1495288954773409792, "text": "RT @Pung_AAP: Sonu sood caught red handed distributing cash for votes in car. Police has impounded car.\n\nHis sister is fighting election \ud83e\udd1a\u2026"}, {"author_id": 412022700, "id": 1495288952147771392, "text": "@MSR_Adam I caught the recap on YouTube. It was truly lackluster. No creativity for real."}, {"author_id": 1333182666817085440, "id": 1495288948888940545, "text": "RT @elytrafall: it\u2019s common knowledge that las nevadas is a fake desert and was built by hand, so when cc!wilbur wrote that there were scor\u2026"}, {"author_id": 1446703073854844931, "id": 1495288943704567808, "text": "RT @DarkMoon_HYBE: The traces of that night caught on CCTV 15 at #Decelis\n\nEvery Sunday with #DARKMOON\nNow available to read on link in bio\u2026"}, {"author_id": 1391652000647892998, "id": 1495288942081757184, "text": "RT @DarkMoon_HYBE: The traces of that night caught on CCTV 15 at #Decelis\n\nEvery Sunday with #DARKMOON\nNow available to read on link in bio\u2026"}, {"author_id": 1494582663448973315, "id": 1495288941506744321, "text": "RT @Liamh094: We almost got caught \ud83d\ude02 someone saw my shoe sticking out from under the stall https://t.co/6x5JyMTEPo"}, {"author_id": 1463305915705151488, "id": 1495288938747121664, "text": "RT @lolingmygrave: caught in 4k https://t.co/Lj8bPGSfx4"}, {"author_id": 1468428462180519942, "id": 1495288935320154116, "text": "RT @fauciloyalist: Vaxxed up on the weekend like usual\nBooster real deep in like usual\nNiggas swear they masked up, they not doin\u2019 enough\nB\u2026"}, {"author_id": 1446703073854844931, "id": 1495288932895887361, "text": "RT @DarkMoon_HYBE: The traces of that night caught on CCTV 20 at #Decelis\n\nEvery Sunday with #DARKMOON\nNow available to read on link in bio\u2026"}, {"author_id": 1258684004393336833, "id": 1495288920057147395, "text": "RT @BearsAreRed: \u201cThe Nymph caught the Dryad in her arms.\u201d \ud83c\udf43\u2728 https://t.co/652n6o0kug"}, {"author_id": 1228282620188020736, "id": 1495288919587495941, "text": "@mbc111975 @ClutchG54096479 @YorBrianna @TruGiffers This is twitter u gump. I love how the fact you got caught out in your hypocrisy the only thing you turn to is to be a grammar nazi. Practice what u preach you goof. Grow ur @__ up and stop crying over Twitter post that goes against your favorite plastic box. \ud83d\ude02"}, {"author_id": 2414172919, "id": 1495288904211054593, "text": "RT @Pung_AAP: Sonu sood caught red handed distributing cash for votes in car. Police has impounded car.\n\nHis sister is fighting election \ud83e\udd1a\u2026"}, {"author_id": 1256477968022585345, "id": 1495288903615631360, "text": "RT @blvzewrld: gamer\u2019s stepmom caught on stream while he\u2019s away https://t.co/cpf1fGlI67"}, {"author_id": 1203067489351094273, "id": 1495288902596411392, "text": "RT @stopkookminpls: THE WAY JUNGKOOK QUICKLY LOOKED AWAY WHEN JIMIN CAUGHT HIM STARING https://t.co/2s6DLrZvJG"}, {"author_id": 1357936121003585538, "id": 1495288896770519042, "text": "RT @TheDawgzilla: Druski got caught in 4K Courtside with a Snow Bunny? https://t.co/lV7CFDHIIO"}, {"author_id": 141586757, "id": 1495288887152893957, "text": "@Isabel1170 @Conelite00 @CariKelemen Yet it says in the background \"We're all in this t...\"; together. No! We are NOT in this staging and deceitful ACT. You're in it ALL BY YOURSELVES, deceiving people. Caught In The Act, Red-handed. Annoying.\ud83d\ude33\ud83d\ude12"}, {"author_id": 3232256773, "id": 1495288887056371712, "text": "RT @KittykatsX: Happy Titty Tuesday \ud83d\ude18\n\nPublic nudes are so fun, don\u2019t you think? I almost got caught by a few people \ud83d\ude4a\ud83d\ude08\n\nHit the link in my\u2026"}, {"author_id": 1433855390848995333, "id": 1495288886632726533, "text": "RT @DarkMoon_HYBE: The traces of that night caught on CCTV 13 at #Decelis\n\nEvery Sunday with #DARKMOON\nNow available to read on link in bio\u2026"}, {"author_id": 1485284603267014658, "id": 1495288875174014976, "text": "@Crypto_Gold7 @SolShamans An interesting feature that caught my attention was your integral cross-chain mining, so could you explain to me what this mining consists of and how beneficial it will be for the users to be able to participate in your mining."}, {"author_id": 880073080390811648, "id": 1495288874964193283, "text": "RT @Pung_AAP: Sonu sood caught red handed distributing cash for votes in car. Police has impounded car.\n\nHis sister is fighting election \ud83e\udd1a\u2026"}, {"author_id": 1479773273508302848, "id": 1495288874108538888, "text": "RT @writesenha: medal. \u2014 a sunwon au.\n\nafter years of separation, the two ex best friends meet again, but this time as artists. the rising\u2026"}, {"author_id": 1352119629330657282, "id": 1495288854856998917, "text": "RT @jvnely__: pov: caught in Hange Parker\u2019s web \ud83d\udd78\ud83d\udd77 #AttackonTitanFinalSeason #AttackOnTitan #Hange #hangezoe https://t.co/V4V1xAFUTw"}, {"author_id": 122267774, "id": 1495288852361011200, "text": "@JamesArthur23 I just caught your original show on x factor. What a performance. Your family was also driven to emotional tears. You are a gift. Thanks"}, {"author_id": 860951970, "id": 1495288842185805827, "text": "RT @MrAndyNgo: \u201cI\u2019m begging you, I have four kids.\u201d\n\nAn Uber driver begged &amp; pleaded for her life in Pennsylvania before being fatally shot\u2026"}, {"author_id": 1097705906224185344, "id": 1495288841896271876, "text": "RT @BearsAreRed: \u201cThe Nymph caught the Dryad in her arms.\u201d \ud83c\udf43\u2728 https://t.co/652n6o0kug"}, {"author_id": 1490815814236356613, "id": 1495288833784561664, "text": "RT @Seba_Terry: My stepfather caught me having sex with my friend and we broke his ass\ud83c\udf51\n\ud83d\udd25 65% \ud83d\udcf4at https://t.co/6d6tK3cCXh or https://t.co/h\u2026"}, {"author_id": 1272870218344300546, "id": 1495288830445903872, "text": "RT @BonfireFox: Caught a @ZigguShark at the beach. It was not a nude beach. https://t.co/p8v2udYtmT"}, {"author_id": 378776885, "id": 1495288824519344132, "text": "RT @browne_pamela: *ICYMI*\n\nIG discrepancy caught by Durham in Danchenko Indictment (p 7-8)\n\n [PR Exec #1], Charles Dolan, had email exchan\u2026"}, {"author_id": 1215241719576289281, "id": 1495288818404302850, "text": "RT @arts423: \u201cCaught you, never letting go\u201d\n\nTTT TDoong tour team JeongMoSa but make it ONCE\u2019s POV \ud83d\ude06\ud83d\ude06\ud83d\ude06\n\nA baby babysitting babies \ud83d\ude06\ud83d\ude06\ud83d\ude06\n#Jeon\u2026"}, {"author_id": 1427353038985973773, "id": 1495288817795809281, "text": "RT @Orwells_Ghost_: #Covid1984 Caught on Camera... \n\nGov Enacts Mandates... The People Protest...\n\nGov Vows To Target Those Who Resist... O\u2026"}, {"author_id": 1328974194957111296, "id": 1495288814008291337, "text": "@ChrisLXXXVI No wonder I never caught it \ud83e\udd23\ud83e\udd23"}, {"author_id": 249452591, "id": 1495288813081571336, "text": "RT @MrAndyNgo: \u201cI\u2019m begging you, I have four kids.\u201d\n\nAn Uber driver begged &amp; pleaded for her life in Pennsylvania before being fatally shot\u2026"}, {"author_id": 1484213317912698880, "id": 1495288805959643137, "text": "They don't want Zahir Jafar to be caught\n&amp;\nThey don't want Zahir Jafar to be hanged\n.\n.\nThat's the menifesto of Pakistan's Elite Aurat March Mafia\n#AuratMarch2022\n#AuratMarch \n#AuratMarchLahore https://t.co/yZiXIMxoAr"}, {"author_id": 1492250759957786632, "id": 1495288800716677125, "text": "RT @keycago: Hot box pt. II \ud83d\ude36\u200d\ud83c\udf2b\ufe0f ended up fkn in the              \ud83c\udd7f\ufe0fublic \ud83c\udd7f\ufe0farking garage almost got caught \ud83d\udca6 (click link in bio) @official\u2026"}, {"author_id": 275974183, "id": 1495288799949213698, "text": "RT @jayeshforreal3: Just in : Sonu Sood got caught red handed distributing  cash in exchange votes. \n\naadmi kitna hi accha ho congress se j\u2026"}, {"author_id": 2793884935, "id": 1495288797722025988, "text": "RT @EmpBB: I've caught and named every jellyfish in Jellyfish Fields at least once, except you, No Name. https://t.co/LdrC9BPDyd"}, {"author_id": 1008767819792699392, "id": 1495288792781148160, "text": "@fishboy19573 he bought the fish from a market he just wanted to look cool and pretend he caught them. what a silly fella"}, {"author_id": 420447193, "id": 1495288792214695937, "text": "@deshpremidilse  look at this . \nThere are only few caught. Ed cbi and income tax is catching many politician . Good https://t.co/gdPoZGkUPW"}, {"author_id": 741677155214561280, "id": 1495288792055521280, "text": "RT @JolyonMaugham: This was after I had been monstered for killing a single fox which was caught in netting attacking my chickens on the fr\u2026"}, {"author_id": 1075095165860265989, "id": 1495288790713352194, "text": "RT @Drewreloaded: Got caught with my DL homie but we kept freaking \ud83d\ude08\ud83d\udca6 nigga ended up putting his dick in me , who would join us ? \ud83d\udc40 https:/\u2026"}, {"author_id": 1406007654053560322, "id": 1495288790704918530, "text": "@HadrianHarker @warlocktrash @thenameisbails @LanceStLaurent If by caught off guard, you mean waste time with a cross time fetch quest that I\u2019ve seen many complaints about, then yeah, you\u2019re right."}, {"author_id": 1493588097720012805, "id": 1495288789090304002, "text": "RT @Tim_Onlyfans: Caught in the middle\u2026\n\n@jimmytroy58 @deadlyboy_ \nFull video on onlyfans https://t.co/bufkMjYU4d"}, {"author_id": 1347969269653401603, "id": 1495288782777909250, "text": "RT @rd20082022: Thread 7\nHis legs were broken .How and why ??\nWhy this was not caught during Autopsy? \nDelhi Fight Back 4 SSR\n@ips_nupurpra\u2026"}, {"author_id": 1046172908421185537, "id": 1495288771754938368, "text": "RT @BearsAreRed: \u201cThe Nymph caught the Dryad in her arms.\u201d \ud83c\udf43\u2728 https://t.co/652n6o0kug"}, {"author_id": 1258679488474300416, "id": 1495288761231745025, "text": "RT @seungdduk: help omg hyunjin wore his apple watch in the shower...\n\"by chance\"\n\"have you ever seen your watch on your wrist after shower\u2026"}, {"author_id": 1373001563887706113, "id": 1495288759029743616, "text": "RT @keepmeintrigued: \ud83c\udf99#\ud835\udd6e\ud835\udd9a\ud835\udd97\ud835\udd8e\ud835\udd94\ud835\udd9a\ud835\udd98\ud835\udd7e\ud835\udd8d\ud835\udd94\ud835\udd9a\ud835\udd99\ud835\udd94\ud835\udd9a\ud835\udd99\ud835\udd98\ud83c\udf99\n\n   \u2198\ufe0f \ud83c\udd75\ud83c\udd7e\ud83c\udd7b\ud83c\udd7b\ud83c\udd7e\ud83c\udd86 \u2199\ufe0f\n\ud83d\udc95@VixenRavenous\ud83d\udc95\n\n\u26a0\ufe0fHer web is strong, but you desire to be caught and taught a l\u2026"}, {"author_id": 1300605559322804224, "id": 1495288756202786817, "text": "RT @jayeshforreal3: Just in : Sonu Sood got caught red handed distributing  cash in exchange votes. \n\naadmi kitna hi accha ho congress se j\u2026"}, {"author_id": 1435922353200918528, "id": 1495288754374062083, "text": "@sallymcmanus PM, stop showing off and pretending, you will be caught out.  Respect the skills and workplace of real people."}, {"author_id": 1420356657079459843, "id": 1495288754155581441, "text": "RT @lycheewons: caught this super cute moment with momo &amp; jeongyeon \ud83d\ude2d\ud83d\ude2d\n\n#TWICE_4TH_WORLD_TOUR #Twiceinoakland https://t.co/ezZQYPBHk5"}, {"author_id": 2277262537, "id": 1495288743145906179, "text": "RT @jayeshforreal3: Just in : Sonu Sood got caught red handed distributing  cash in exchange votes. \n\naadmi kitna hi accha ho congress se j\u2026"}, {"author_id": 1481027478286000131, "id": 1495288741690167299, "text": "RT @Trumpeteer14: \ud83c\uddfa\ud83c\uddf8 The ONLY thing Newsworthy right now is \"Hillary CAUGHT Spying on a Sitting US President\". And why the hell is this not\u2026"}, {"author_id": 1251008513645502464, "id": 1495288738850631681, "text": "RT @spacecowboysue: Here\u2019s when it happened. Again sorry it doesn\u2019t show it all, we were caught off guard and if what we think happened rea\u2026"}, {"author_id": 2427359011, "id": 1495288737781231622, "text": "RT @EddieDBigD: GOT CAUGHT BEATING MY DICK IN SAUNA \ud83d\ude30\ud83d\ude31\n\ud83c\udd91\ufe0f\u2139CK L\u2139NK AND SUBSCRIBE TO SEE FULL VIDEO \nhttps://t.co/Sm3lPhSf5m https://t.co/40s\u2026"}, {"author_id": 1028660178957348866, "id": 1495288727375323136, "text": "RT @jayeshforreal3: Just in : Sonu Sood got caught red handed distributing  cash in exchange votes. \n\naadmi kitna hi accha ho congress se j\u2026"}, {"author_id": 1388580670407053312, "id": 1495288722643898368, "text": "RT @Orwells_Ghost_: #Covid1984 Caught on Camera... \n\nGov Enacts Mandates... The People Protest...\n\nGov Vows To Target Those Who Resist... O\u2026"}, {"author_id": 1145162527409467392, "id": 1495288721092284417, "text": "\u2014 wonder.\n\n\u201cI doubt I'd even survive the trip going there h-hahaa... hmm, let alone having the mentality to work, what sounds like, the gulag... aah.\u201d\n\nShe then flips a page.\n\n\u201cNo wonder the salary here was quite high. Hmm...\u201d\n\nWonder no longer. That's what caught her eye."}, {"author_id": 1416375960866279426, "id": 1495288720668434434, "text": "RT @Orwells_Ghost_: #Covid1984 Caught on Camera... \n\nGov Enacts Mandates... The People Protest...\n\nGov Vows To Target Those Who Resist... O\u2026"}, {"author_id": 2446313259, "id": 1495288711692570628, "text": "RT @keycago: Hot box pt. II \ud83d\ude36\u200d\ud83c\udf2b\ufe0f ended up fkn in the              \ud83c\udd7f\ufe0fublic \ud83c\udd7f\ufe0farking garage almost got caught \ud83d\udca6 (click link in bio) @official\u2026"}, {"author_id": 444262205, "id": 1495288711554101255, "text": "Spending a necessary day away from everything really drives home my major problem now, that due to a lack of things on the inside I'm far too likely to get caught up with other people's things."}, {"author_id": 1414156820160131072, "id": 1495288698363121666, "text": "RT @Orwells_Ghost_: #Covid1984 Caught on Camera... \n\nGov Enacts Mandates... The People Protest...\n\nGov Vows To Target Those Who Resist... O\u2026"}]