[{"author_id": 1477156459515244546, "id": 1495286164806594560, "text": "RT @PrimeMediaUS: #BheemlaNayakUSA @Cinemark #GreatMall #Milpitas #California additional premier shows added in #XD\n\nhttps://t.co/0GHIO4pSv\u2026"}, {"author_id": 75532959, "id": 1495286159236165632, "text": "\ud83d\ude02\ud83d\ude02\ud83d\ude02\ud83d\ude02\ud83d\ude02\ud83d\ude02\ud83d\ude02\nJoke of century https://t.co/c9bfECgfqj"}, {"author_id": 869154817, "id": 1495286151552253954, "text": "RT @TeddysMom8: @afainatl Just my opinion. The Asians and Jews should line up together to fight against the racism that we are both facing\u2026"}, {"author_id": 1051285255460671488, "id": 1495286148557594625, "text": "RT @spideyrider4: The fight of the century everyone https://t.co/GzP5FkV75D"}, {"author_id": 1380864842840506368, "id": 1495286144753614849, "text": "RT @mollygos: i\u2019m at the lidl\n\ni\u2019m at the 11th century archaeological dig site\n\ni\u2019m at the combination lidl / 11th century archaeological d\u2026"}, {"author_id": 1483346223419772928, "id": 1495286141716615169, "text": "The use of radio is still relevant in this present century and still will be in the next years to come. It accompanies you throughout the day. In addition, it also allows consumers to multitask and listen while doing other things. \n\n#MILMotionAndAudioMedia\n#AlenioA\n#XUMIL2021"}, {"author_id": 627309259, "id": 1495286137094615041, "text": "RT @leoxeloo: A month ago Wordle was like \u201cspine\u201d and \u201cchild\u201d now it\u2019s words that haven\u2019t been used since the 17th century"}, {"author_id": 21725274, "id": 1495286132392796160, "text": "RT @FranceinChicago: \u2018The Chevalier,\u2019 a @MusicofBaroque collaboration with @chicagosymphony, presents the story of 18th century France\u2019s mo\u2026"}, {"author_id": 1077707105564545025, "id": 1495286131310702594, "text": "Yiek - Into Wine via #7USMedia #listen to best new metal on the Planet at https://t.co/65NWFYOvjr and HD at https://t.co/rrGaKFdWJg #Barbwires plays the newest 21st Century #Premier #Metal https://t.co/rrGaKFdWJg"}, {"author_id": 124230640, "id": 1495286127602782213, "text": "Artist Barbara Gothard was curious to know if there were other Black women like her who had made art in the Mojave Desert. She got on the internet, and found a history about pioneering Black homesteaders in the Mojave in the early 20th century.  https://t.co/W3zxCTj36J"}, {"author_id": 2510241619, "id": 1495286126902276098, "text": "RT @dtstarkid: all-time favorite person in space lore: Katherine Johnson - a literal calculator, contributing to putting the first US astro\u2026"}, {"author_id": 727008697063493632, "id": 1495286123110801414, "text": "Fifty. Century.\nMe Naked."}, {"author_id": 1383714775775862790, "id": 1495286119818477569, "text": "RT @mufaddal_vohra: Fifty by Yash Dhull. A century in the first innings and now a fifty in the second, that too on First Class debut. What\u2026"}, {"author_id": 1720957874, "id": 1495286119327428610, "text": "RT @POTUS: High-speed internet is essential infrastructure in the 21st century. That\u2019s why we\u2019re bringing affordable, high-speed internet t\u2026"}, {"author_id": 1024315240572497922, "id": 1495286119038128132, "text": "RT @POTUS: High-speed internet is essential infrastructure in the 21st century. That\u2019s why we\u2019re bringing affordable, high-speed internet t\u2026"}, {"author_id": 1384959741374341123, "id": 1495286118027530241, "text": "RT @mamatarsingh: One of the Outcome of Tolerance..\ud83d\ude25\ud83d\ude25\n\nDamaged yet so beautiful wall relief of Ma Yashoda &amp; Nand baba holding kids Shri Kri\u2026"}, {"author_id": 1286021071779450880, "id": 1495286113904119817, "text": "RT @BreatheKohli: Kohli at the age of 23 scored his first overseas test century against AUS .\nAlso , Kohli didn't carry this team for one d\u2026"}, {"author_id": 1314398891345731584, "id": 1495286106509565956, "text": "RT @Sumita327: 9th century sandstone murti of Prabhu Surya from UP, accompanied by his large retinue, which includes his two wives, Rajni a\u2026"}, {"author_id": 1414606098854662149, "id": 1495286096967573505, "text": "RT @mollygos: i\u2019m at the lidl\n\ni\u2019m at the 11th century archaeological dig site\n\ni\u2019m at the combination lidl / 11th century archaeological d\u2026"}, {"author_id": 835884555273916417, "id": 1495286090911072259, "text": "RT @mollygos: i\u2019m at the lidl\n\ni\u2019m at the 11th century archaeological dig site\n\ni\u2019m at the combination lidl / 11th century archaeological d\u2026"}, {"author_id": 1030503361, "id": 1495286081742323713, "text": "I'm at Century Pines Resort in Cameron Highlands, Pahang https://t.co/1GIDIlnsjK"}, {"author_id": 912811150621818881, "id": 1495286075451142147, "text": "@DagesGary @exmoviking @Skiptracer74 Quoting scripture is meaningless when that scripture is man made 19th century nonsense"}, {"author_id": 1320922881992368128, "id": 1495286075178299394, "text": "RT @mollygos: i\u2019m at the lidl\n\ni\u2019m at the 11th century archaeological dig site\n\ni\u2019m at the combination lidl / 11th century archaeological d\u2026"}, {"author_id": 1318848536499245056, "id": 1495286061517266944, "text": "@clouddyymin 21st century bitch\nBoy with bitch\nBlood sweat and bitch\nLook bitch\nLife goes bitch"}, {"author_id": 1226222949121843200, "id": 1495286056257785857, "text": "RT @BernieSanders: This is what the war on women's rights looks like. They want to take us back to the 19th century."}, {"author_id": 132518920, "id": 1495286050356293633, "text": "RT @PrimeMediaUS: #BheemlaNayakUSA @Cinemark #PacificCommons #Fremont #California additional #XD show added\n\nhttps://t.co/v8aDxl2lJq\n\n#Bhee\u2026"}, {"author_id": 961780048465408000, "id": 1495286047051288577, "text": "RT @POTUS: High-speed internet is essential infrastructure in the 21st century. That\u2019s why we\u2019re bringing affordable, high-speed internet t\u2026"}, {"author_id": 1221236685066964992, "id": 1495286035546357763, "text": "RT @mollygos: i\u2019m at the lidl\n\ni\u2019m at the 11th century archaeological dig site\n\ni\u2019m at the combination lidl / 11th century archaeological d\u2026"}, {"author_id": 164394764, "id": 1495286020937433089, "text": "RT @ANINewsUP: BJP going to be eliminated. Farmers of UP won't forgive them. We've hit century in first 2 phases &amp; even in this phase SP &amp;\u2026"}, {"author_id": 1401481439988764675, "id": 1495286018244628481, "text": "RT @WumaoCoin: @ghostgirl_q I agree they have done that with many countries but they can't do it with Ukraine. If they don't support Ukrain\u2026"}, {"author_id": 1259225207367139331, "id": 1495286014142734341, "text": "RT @mollygos: i\u2019m at the lidl\n\ni\u2019m at the 11th century archaeological dig site\n\ni\u2019m at the combination lidl / 11th century archaeological d\u2026"}, {"author_id": 1356641659115634688, "id": 1495286011131150336, "text": "RT @BreatheKohli: Kohli at the age of 23 scored his first overseas test century against AUS .\nAlso , Kohli didn't carry this team for one d\u2026"}, {"author_id": 994905862777978880, "id": 1495286009990320129, "text": "RT @mufaddal_vohra: Fifty by Yash Dhull. A century in the first innings and now a fifty in the second, that too on First Class debut. What\u2026"}, {"author_id": 1341292358885892096, "id": 1495286009688473603, "text": "@thecoastguy @jordanbpeterson What is happening has little to do with social media. Far-left switched to a devastatingly effective sociocultural agenda in the mid-late 20th century, took over the universities, and indoctrinated everyone. Half a century later, almost everyone in power is a raving ideologue. 1"}, {"author_id": 893061485496115200, "id": 1495286004965687301, "text": "Unidentified Artist, Seated Figure (Figure of a Hunchback?), 20th century https://t.co/Z0yKcxpK1O #harvardartmuseums #museumarchive https://t.co/tAcJv1f7IA"}, {"author_id": 1639170482, "id": 1495285997411930114, "text": "RT @PeterByardDavis: \"\u2018Living With Covid\u2019 Will Be One of the Biggest Mistakes of the 21st Century by @umairh\". Chilling analysis. NZ has do\u2026"}, {"author_id": 1075049483656925185, "id": 1495285983138488322, "text": "RT @ICC: On this day in 2016, Brendon McCullum scored the fastest ever Test century in just 54 balls \ud83d\udd25\n\nHe did it against Australia in the\u2026"}, {"author_id": 2244553644, "id": 1495285976779870208, "text": "RT @mollygos: i\u2019m at the lidl\n\ni\u2019m at the 11th century archaeological dig site\n\ni\u2019m at the combination lidl / 11th century archaeological d\u2026"}, {"author_id": 66673243, "id": 1495285965728153604, "text": "RT @kaepkaepjjang0: 19th century Hobicore https://t.co/7lGs0L23XD"}, {"author_id": 1372694969023074306, "id": 1495285959851593731, "text": "bpd is not a symptom of the 21st century"}, {"author_id": 1185513128252956672, "id": 1495285959037911043, "text": "RT @MyNation_RamNRI: Force 2 movie: Indian army says no mercy for terrorists\nRespected law minister, can you pls have no mercy for legal te\u2026"}, {"author_id": 2992130900, "id": 1495285952075337731, "text": "RT @TechAmazing: Bridge construction in the 14th century .\n\nvia @alvinfoo \nhttps://t.co/QR2eIvhzz9"}, {"author_id": 2387021701, "id": 1495285945876185090, "text": "RT @PrimeMediaUS: #BheemlaNayakUSA @Cinemark #GreatMall #Milpitas #California additional premier shows added in #XD\n\nhttps://t.co/0GHIO4pSv\u2026"}, {"author_id": 1177305016559779840, "id": 1495285931254824963, "text": "RT @SteveSchmidtSES: Actions matter. Trump began his Presidency by killing the TPP agreement which would have strengthened the United State\u2026"}, {"author_id": 4883691221, "id": 1495285930428710912, "text": "RT @POTUS: High-speed internet is essential infrastructure in the 21st century. That\u2019s why we\u2019re bringing affordable, high-speed internet t\u2026"}, {"author_id": 1283465570034352131, "id": 1495285928486658050, "text": "@berninmayn @rupasubramanya No, nobody's calling for genocide of anyone except for these \"minorities\" bombing innocent civilians. The culprits here are shown as hanged, not \"minorities\". Not our fault that the culprits are \"minorities\". But that's what happens when you follow a 7th century desert pedophile."}, {"author_id": 1240168066735996929, "id": 1495285919120871428, "text": "RT @POTUS: High-speed internet is essential infrastructure in the 21st century. That\u2019s why we\u2019re bringing affordable, high-speed internet t\u2026"}, {"author_id": 843724922320908289, "id": 1495285917803708417, "text": "@indomyfess Banyakk bgt ini yg aku inget skg \nDimple, Pied Piper, Lights, Home, Still With You, 21th Century Girl, Just One Day"}, {"author_id": 1382661432370634756, "id": 1495285912627859460, "text": "Update!\n\nYash Dhull brings up his fifty. He scored century in first inning and now scored a brilliant fifty in second inning. \n\n#RanjiTrophy"}, {"author_id": 1240256657419988993, "id": 1495285909406642178, "text": "RT @mollygos: i\u2019m at the lidl\n\ni\u2019m at the 11th century archaeological dig site\n\ni\u2019m at the combination lidl / 11th century archaeological d\u2026"}, {"author_id": 1267723170804613121, "id": 1495285895410651139, "text": "RT @mufaddal_vohra: Fifty by Yash Dhull. A century in the first innings and now a fifty in the second, that too on First Class debut. What\u2026"}, {"author_id": 812176096179486720, "id": 1495285894374465539, "text": "RT @mollygos: i\u2019m at the lidl\n\ni\u2019m at the 11th century archaeological dig site\n\ni\u2019m at the combination lidl / 11th century archaeological d\u2026"}, {"author_id": 1333333497151295488, "id": 1495285893183148036, "text": "RT @ANI: I firmly believe that eastern India, especially the northeast, will become engine of the nation's development in 21st century...We\u2026"}, {"author_id": 3310344569, "id": 1495285873960796160, "text": "RT @met_eusculpture: Fragment of a shirt, fourth quarter 18th century https://t.co/rfhxmfRtxM #metmuseum #themet https://t.co/fWkZnV9lKj"}, {"author_id": 1493161176217231366, "id": 1495285873285693446, "text": "Fifty by Yash Dhull. A century in the first innings and now a fifty in the second, that too on First Class debut. What a fantastic start he's having in the longer format. https://t.co/LLetHJ4WoR"}, {"author_id": 1467170000616128519, "id": 1495285872983347200, "text": "RT @SteveSchmidtSES: Actions matter. Trump began his Presidency by killing the TPP agreement which would have strengthened the United State\u2026"}, {"author_id": 838024911348084737, "id": 1495285866457182209, "text": "RT @shanheyueming: @Meshilcha_KH @3506P In fact,the fake hanbok in Korean dramas and the above pictures are monsters created based on Chine\u2026"}, {"author_id": 733811850282835968, "id": 1495285866138603524, "text": "RT @leoxeloo: A month ago Wordle was like \u201cspine\u201d and \u201cchild\u201d now it\u2019s words that haven\u2019t been used since the 17th century"}, {"author_id": 1021684796722999296, "id": 1495285860467576833, "text": "RT @leoxeloo: A month ago Wordle was like \u201cspine\u201d and \u201cchild\u201d now it\u2019s words that haven\u2019t been used since the 17th century"}, {"author_id": 1473730315, "id": 1495285860354469891, "text": "RT @PA150M250: @anyaparampil The Left is missing its historical moment for the coming century and in my hometown. I'm without words."}, {"author_id": 1254748646291181568, "id": 1495285850745171973, "text": "RT @cricketupdate89: Fifty by Yash Dhull. A century in the first innings and now a fifty in the second, that too on First Class debut. What\u2026"}, {"author_id": 1234508551143354368, "id": 1495285850124349441, "text": "RT @PrimeMediaUS: #BheemlaNayakUSA @Cinemark #GreatMall #Milpitas #California additional premier shows added in #XD\n\nhttps://t.co/0GHIO4pSv\u2026"}, {"author_id": 1493797796998090757, "id": 1495285846806724609, "text": "RT @Caesar_coNqueFT: Figuring out how to organize people is a high cost, time intensive process. \n\nCommunism was trialed for the greater pa\u2026"}, {"author_id": 207987166, "id": 1495285841144344576, "text": "We walked this beach in 2016, thinking of how Roger Casement got caught there just over a century before, at this place, Banna Strand in #Ireland #irishhistory #gloriousmemory #kerryhour #wawhour  #originalIrishart #artforsale https://t.co/IO2nNKCn8T"}, {"author_id": 206797546, "id": 1495285837709422596, "text": "RT @Mustafa82211464: 4- Adler, Elkan (4 April 2014).\u00a0Jewish Travelers. Routledge. p.\u00a061.\u00a0( Benjamin Tudela, the twelfth-century Jewish trav\u2026"}, {"author_id": 1225716961050578944, "id": 1495285832550338565, "text": "RT @chartdata: Today in 2010, @NICKIMINAJ's 'Pink Friday' reached #1 on the Billboard 200. First #1 female rap album of the century."}, {"author_id": 1158569898, "id": 1495285824761520129, "text": "RT @WINkorg777: There\u2019s so much you can do w/ $WIN!\n\n\u2705 Stake to earn a daily share of Wink\u2019s revenue\n\u2705 Trade it\n\u2705 Lend: https://t.co/ytxsxl\u2026"}, {"author_id": 431825944, "id": 1495285812325490689, "text": "@FoxNews Epstein's suicide story\nCover up of the Century ?\n\nWhy ? Dhhhh . . . picture it   \nMany lined up Prominents\n\nSimple mathematics or...?\n\nWho invited and accepted\nEpstein for an escape out\nof \"The Ordinairy\" ?????\n\nPrince Andrew; definitely\nwas'nt the only lonely one !\nGuess who ? https://t.co/9sPwgZM54e"}, {"author_id": 624018737, "id": 1495285810748444672, "text": "RT @chartdata: Today in 2010, @NICKIMINAJ's 'Pink Friday' reached #1 on the Billboard 200. First #1 female rap album of the century."}, {"author_id": 912873253072277504, "id": 1495285801378205699, "text": "RT @VicStateCricket: The moment Nic Maddinson scored his 7th FC century for Victoria in just 24 matches. \n\n#vicsdoitbetter https://t.co/CE2\u2026"}, {"author_id": 1312218475792752640, "id": 1495285797993385986, "text": "RT @ANINewsUP: BJP going to be eliminated. Farmers of UP won't forgive them. We've hit century in first 2 phases &amp; even in this phase SP &amp;\u2026"}, {"author_id": 380492185, "id": 1495285793832808450, "text": "RT @POTUS: High-speed internet is essential infrastructure in the 21st century. That\u2019s why we\u2019re bringing affordable, high-speed internet t\u2026"}, {"author_id": 1251030048649416704, "id": 1495285793664946179, "text": "RT @mollygos: i\u2019m at the lidl\n\ni\u2019m at the 11th century archaeological dig site\n\ni\u2019m at the combination lidl / 11th century archaeological d\u2026"}, {"author_id": 1065263278715072513, "id": 1495285789264990214, "text": "RT @KevinSa39408441: and Taylor will continue to be the best selling woman and the greatest artist of the century \ud83d\udc80, since you speak in cat\u2026"}, {"author_id": 779701752203444224, "id": 1495285788136857600, "text": "RT @leoxeloo: A month ago Wordle was like \u201cspine\u201d and \u201cchild\u201d now it\u2019s words that haven\u2019t been used since the 17th century"}, {"author_id": 1281651738513223681, "id": 1495285784735268865, "text": "RT @JapanTraCul: Wasps and Praying Mantis, Ohara Koson, late 19th century-early 20th century\n\n#shinhanga https://t.co/8Hgp2EQA51"}, {"author_id": 3017620351, "id": 1495285784273817605, "text": "RT @Tanisha1009: I seriously feel numb that so many things are done under the name of religion. One such forceful practice is FGM(female ge\u2026"}, {"author_id": 2646922730, "id": 1495285779181944832, "text": "Rohit scoring Double Century in T20 cricket today"}, {"author_id": 737568603935907841, "id": 1495285774077603841, "text": "RT @CarlZha: tfw Great-Grandparents had to time travel frm Mao\u2019s China to 19th century to escape Communism https://t.co/z5TChCLREZ"}, {"author_id": 1467126686323990530, "id": 1495285771544186880, "text": "RT @mollygos: i\u2019m at the lidl\n\ni\u2019m at the 11th century archaeological dig site\n\ni\u2019m at the combination lidl / 11th century archaeological d\u2026"}, {"author_id": 1451377174859051014, "id": 1495285769342271490, "text": "Traditional literature has long, flowing, sentences and paragraphs. 21st century literature is often short. I prefer 21st century literature since it is easier to read.#IKNOWLIT"}, {"author_id": 1611264181, "id": 1495285766422945796, "text": "RT @AilishSinclair: @nessja_x THE MERMAID AND THE BEAR features the 1597 Aberdeen witchcraft panic &amp; a love story. \n\nFIREFLIES AND CHOCOLAT\u2026"}, {"author_id": 1202118804207091713, "id": 1495285764791631874, "text": "RT @mollygos: i\u2019m at the lidl\n\ni\u2019m at the 11th century archaeological dig site\n\ni\u2019m at the combination lidl / 11th century archaeological d\u2026"}, {"author_id": 3222320455, "id": 1495285758764417026, "text": "RT @AmazingInnovat1: Bridge construction in the 14th century .\n\nvia @alvinfoo https://t.co/4mIgjh3RCt"}, {"author_id": 603471757, "id": 1495285758474604552, "text": "RT @eOrganiser: Prime Minister @narendramodi said that #NorthEastIndia will become the engine of the country's growth in the 21st century.\u2026"}, {"author_id": 1473307107164229633, "id": 1495285751214338053, "text": "RT @PrimeMediaUS: #BheemlaNayakUSA @Cinemark #GreatMall #Milpitas #California additional premier shows added in #XD\n\nhttps://t.co/0GHIO4pSv\u2026"}, {"author_id": 1341855251037622278, "id": 1495285734164639745, "text": "RT @mollygos: i\u2019m at the lidl\n\ni\u2019m at the 11th century archaeological dig site\n\ni\u2019m at the combination lidl / 11th century archaeological d\u2026"}, {"author_id": 290670747, "id": 1495285731534721027, "text": "RT @leoxeloo: A month ago Wordle was like \u201cspine\u201d and \u201cchild\u201d now it\u2019s words that haven\u2019t been used since the 17th century"}, {"author_id": 2434855856, "id": 1495285725767639041, "text": "@volkvulture1 @Comrade_Cash @LyibovPop @VoidBourn @Commie_U Lol. No. Your vision of history is hilariously narrow. Youth culture and fashion as a distinct phenomenon has existed for thousands of years. Of course Capital always wants to control it and shape it, but the idea that \u201ccoolness\u201d didn\u2019t exist until the 20th century is foolish"}, {"author_id": 1475895032737533952, "id": 1495285724962508800, "text": "Fifty by Yash Dhull. A century in the first innings and now a fifty in the second, that too on First Class debut. What a fantastic start he's having in the longer format. https://t.co/aG2DPDUhgn"}, {"author_id": 1153040357342380032, "id": 1495285714069590019, "text": "The Glory of Fiddle, with Bass Drum accompaniment, in Second Century style"}, {"author_id": 884660418714652672, "id": 1495285711779426304, "text": "RT @PIB_India: It has been my firm belief that eastern India, and especially Northeast India, will be the engine of the country's growth in\u2026"}, {"author_id": 1420946105819230208, "id": 1495285705206947843, "text": "Fifty by Yash Dhull. A century in the first innings and now a fifty in the second, that too on First Class debut. What a fantastic start he's having in the longer format. https://t.co/1l8NVj1NrM"}, {"author_id": 1380833690301829122, "id": 1495285698076626947, "text": "RT @arinbasu: @RagaTimes @RahulGandhi Yet India did not give him a chance in 2014, nor were industry captains willing to listen to him. Tim\u2026"}, {"author_id": 170759194, "id": 1495285695090675719, "text": "RT @mufaddal_vohra: Fifty by Yash Dhull. A century in the first innings and now a fifty in the second, that too on First Class debut. What\u2026"}]