[{"author_id": 1393670811509219332, "id": 1495288327158833154, "text": "RT @jaxywyd: NO ACCOUNT SHOULD HAVE LESS THAN 1K FOLLOWERS \ud83d\udc40\n\nDROP AN EMOJI DOWN BELOW AND FOLLOW EVERYONE WHO LIKES IT \ud83e\udd1d\n\nRETWEET SO IT FO\u2026"}, {"author_id": 1455896335840727043, "id": 1495287935985274882, "text": "RT @kylenabecker: 3 reasons Trudeau didn't think his plan through:\n\n1. The Internet is forever. Videos of brutal police repression are ever\u2026"}, {"author_id": 1189411590694567936, "id": 1495287846755651584, "text": "RT @kylenabecker: 3 reasons Trudeau didn't think his plan through:\n\n1. The Internet is forever. Videos of brutal police repression are ever\u2026"}, {"author_id": 1381737589892390913, "id": 1495287457851613184, "text": "RT @kylenabecker: 3 reasons Trudeau didn't think his plan through:\n\n1. The Internet is forever. Videos of brutal police repression are ever\u2026"}, {"author_id": 1231744388511846400, "id": 1495287347457380353, "text": "RT @kylenabecker: 3 reasons Trudeau didn't think his plan through:\n\n1. The Internet is forever. Videos of brutal police repression are ever\u2026"}, {"author_id": 208610368, "id": 1495287151264632837, "text": "RT @kylenabecker: 3 reasons Trudeau didn't think his plan through:\n\n1. The Internet is forever. Videos of brutal police repression are ever\u2026"}, {"author_id": 1371306254723813379, "id": 1495287023657455617, "text": "RT @kylenabecker: 3 reasons Trudeau didn't think his plan through:\n\n1. The Internet is forever. Videos of brutal police repression are ever\u2026"}, {"author_id": 354127754, "id": 1495286967600394240, "text": "RT @kylenabecker: 3 reasons Trudeau didn't think his plan through:\n\n1. The Internet is forever. Videos of brutal police repression are ever\u2026"}, {"author_id": 68265664, "id": 1495286524333608962, "text": "RT @kylenabecker: 3 reasons Trudeau didn't think his plan through:\n\n1. The Internet is forever. Videos of brutal police repression are ever\u2026"}, {"author_id": 900793201363230720, "id": 1495286330355445760, "text": "RT @kylenabecker: 3 reasons Trudeau didn't think his plan through:\n\n1. The Internet is forever. Videos of brutal police repression are ever\u2026"}, {"author_id": 1360834892087590913, "id": 1495285812413571073, "text": "RT @kylenabecker: 3 reasons Trudeau didn't think his plan through:\n\n1. The Internet is forever. Videos of brutal police repression are ever\u2026"}, {"author_id": 40444112, "id": 1495285769749028866, "text": "RT @kylenabecker: 3 reasons Trudeau didn't think his plan through:\n\n1. The Internet is forever. Videos of brutal police repression are ever\u2026"}, {"author_id": 1112283337928966144, "id": 1495285758449623042, "text": "RT @kylenabecker: 3 reasons Trudeau didn't think his plan through:\n\n1. The Internet is forever. Videos of brutal police repression are ever\u2026"}, {"author_id": 1414024528171204608, "id": 1495285678564786178, "text": "RT @NASCAR_Xfinity: A chain reaction takes a few cars out early. https://t.co/s3VnOfAGEC"}, {"author_id": 46987008, "id": 1495285524181000202, "text": "04. Chain Reaction - Diana Ross"}, {"author_id": 879208953145696256, "id": 1495285405897400321, "text": "RT @kylenabecker: 3 reasons Trudeau didn't think his plan through:\n\n1. The Internet is forever. Videos of brutal police repression are ever\u2026"}, {"author_id": 1123825269398233088, "id": 1495284947958910976, "text": "RT @kylenabecker: 3 reasons Trudeau didn't think his plan through:\n\n1. The Internet is forever. Videos of brutal police repression are ever\u2026"}, {"author_id": 1460089152200867846, "id": 1495284917478957057, "text": "RT @kylenabecker: 3 reasons Trudeau didn't think his plan through:\n\n1. The Internet is forever. Videos of brutal police repression are ever\u2026"}, {"author_id": 1459046128205582336, "id": 1495284518239965188, "text": "RT @CoutinhoSZNN: NO ACCOUNT SHOULD HAVE LESS THAN 1K FOLLOWERS \ud83d\udc40\n\nDROP AN EMOJI DOWN BELOW AND FOLLOW EVERYONE WHO LIKES IT \ud83e\udd1d\n\nRETWEET SO\u2026"}, {"author_id": 1426050727634374656, "id": 1495284275565924353, "text": "RT @kylenabecker: 3 reasons Trudeau didn't think his plan through:\n\n1. The Internet is forever. Videos of brutal police repression are ever\u2026"}, {"author_id": 3006857829, "id": 1495284195886833665, "text": "What if Miz\u2019s partner actually is Cody, which in turn will cause a chain reaction of events that causes Miz to become a main eventer for the World Title? Yeah you\u2019ll all feel very stupid won\u2019t you? \ud83d\udc9c"}, {"author_id": 272740318, "id": 1495284138668183553, "text": "RT @kylenabecker: 3 reasons Trudeau didn't think his plan through:\n\n1. The Internet is forever. Videos of brutal police repression are ever\u2026"}, {"author_id": 459908652, "id": 1495284113191833602, "text": "RT @kylenabecker: 3 reasons Trudeau didn't think his plan through:\n\n1. The Internet is forever. Videos of brutal police repression are ever\u2026"}, {"author_id": 1372336678468222978, "id": 1495283851563876356, "text": "RT @kylenabecker: 3 reasons Trudeau didn't think his plan through:\n\n1. The Internet is forever. Videos of brutal police repression are ever\u2026"}, {"author_id": 802149527872503809, "id": 1495283553780871169, "text": "RT @kylenabecker: 3 reasons Trudeau didn't think his plan through:\n\n1. The Internet is forever. Videos of brutal police repression are ever\u2026"}, {"author_id": 2238022760, "id": 1495283211303374849, "text": "RT @CoutinhoSZNN: NO ACCOUNT SHOULD HAVE LESS THAN 1K FOLLOWERS \ud83d\udc40\n\nDROP AN EMOJI DOWN BELOW AND FOLLOW EVERYONE WHO LIKES IT \ud83e\udd1d\n\nRETWEET SO\u2026"}, {"author_id": 973063967659638784, "id": 1495283066381627392, "text": "RT @kylenabecker: 3 reasons Trudeau didn't think his plan through:\n\n1. The Internet is forever. Videos of brutal police repression are ever\u2026"}, {"author_id": 1415743099578449920, "id": 1495282757420797953, "text": "RT @kylenabecker: 3 reasons Trudeau didn't think his plan through:\n\n1. The Internet is forever. Videos of brutal police repression are ever\u2026"}, {"author_id": 1117867540510859265, "id": 1495282665431388165, "text": "RT @kylenabecker: 3 reasons Trudeau didn't think his plan through:\n\n1. The Internet is forever. Videos of brutal police repression are ever\u2026"}, {"author_id": 1475093473, "id": 1495282366394380288, "text": "RT @kylenabecker: 3 reasons Trudeau didn't think his plan through:\n\n1. The Internet is forever. Videos of brutal police repression are ever\u2026"}, {"author_id": 971194553024868354, "id": 1495282352355901441, "text": "RT @kylenabecker: 3 reasons Trudeau didn't think his plan through:\n\n1. The Internet is forever. Videos of brutal police repression are ever\u2026"}, {"author_id": 1031285814, "id": 1495282087020142592, "text": "RT @kylenabecker: 3 reasons Trudeau didn't think his plan through:\n\n1. The Internet is forever. Videos of brutal police repression are ever\u2026"}, {"author_id": 4258286532, "id": 1495282048906547201, "text": "RT @kylenabecker: 3 reasons Trudeau didn't think his plan through:\n\n1. The Internet is forever. Videos of brutal police repression are ever\u2026"}, {"author_id": 4391005874, "id": 1495281289829748740, "text": "RT @kylenabecker: 3 reasons Trudeau didn't think his plan through:\n\n1. The Internet is forever. Videos of brutal police repression are ever\u2026"}, {"author_id": 1146107805524348928, "id": 1495281093443940352, "text": "RT @kylenabecker: 3 reasons Trudeau didn't think his plan through:\n\n1. The Internet is forever. Videos of brutal police repression are ever\u2026"}, {"author_id": 834163051465158657, "id": 1495280784734932993, "text": "RT @kylenabecker: 3 reasons Trudeau didn't think his plan through:\n\n1. The Internet is forever. Videos of brutal police repression are ever\u2026"}, {"author_id": 1024515667, "id": 1495280642623299587, "text": "RT @kylenabecker: 3 reasons Trudeau didn't think his plan through:\n\n1. The Internet is forever. Videos of brutal police repression are ever\u2026"}, {"author_id": 2926484373, "id": 1495280372933791744, "text": "RT @kylenabecker: 3 reasons Trudeau didn't think his plan through:\n\n1. The Internet is forever. Videos of brutal police repression are ever\u2026"}, {"author_id": 15897499, "id": 1495280352490704897, "text": "RT @kylenabecker: 3 reasons Trudeau didn't think his plan through:\n\n1. The Internet is forever. Videos of brutal police repression are ever\u2026"}, {"author_id": 1458829254737621007, "id": 1495280223583043585, "text": "@AttorneyCrump You mean the criminal that failed to listen and comply! He started the chain reaction and there\u2019s always consequences to bad behavior!"}, {"author_id": 1456716779980562438, "id": 1495279919290535941, "text": "RT @kylenabecker: 3 reasons Trudeau didn't think his plan through:\n\n1. The Internet is forever. Videos of brutal police repression are ever\u2026"}, {"author_id": 803737208, "id": 1495279877712457733, "text": "RT @kylenabecker: 3 reasons Trudeau didn't think his plan through:\n\n1. The Internet is forever. Videos of brutal police repression are ever\u2026"}, {"author_id": 179822642, "id": 1495279871081209856, "text": "RT @kylenabecker: 3 reasons Trudeau didn't think his plan through:\n\n1. The Internet is forever. Videos of brutal police repression are ever\u2026"}, {"author_id": 1016749275886206976, "id": 1495279709424291840, "text": "RT @kylenabecker: 3 reasons Trudeau didn't think his plan through:\n\n1. The Internet is forever. Videos of brutal police repression are ever\u2026"}, {"author_id": 310393282, "id": 1495279607242637314, "text": "RT @kylenabecker: 3 reasons Trudeau didn't think his plan through:\n\n1. The Internet is forever. Videos of brutal police repression are ever\u2026"}, {"author_id": 1456810407071391757, "id": 1495279594949292032, "text": "RT @kylenabecker: 3 reasons Trudeau didn't think his plan through:\n\n1. The Internet is forever. Videos of brutal police repression are ever\u2026"}, {"author_id": 3309642538, "id": 1495279476552335364, "text": "RT @kylenabecker: 3 reasons Trudeau didn't think his plan through:\n\n1. The Internet is forever. Videos of brutal police repression are ever\u2026"}, {"author_id": 770874362, "id": 1495279350811353091, "text": "RT @kylenabecker: 3 reasons Trudeau didn't think his plan through:\n\n1. The Internet is forever. Videos of brutal police repression are ever\u2026"}, {"author_id": 16851181, "id": 1495279288098209798, "text": "RT @kylenabecker: 3 reasons Trudeau didn't think his plan through:\n\n1. The Internet is forever. Videos of brutal police repression are ever\u2026"}, {"author_id": 1452760304161525765, "id": 1495279239612014593, "text": "RT @kylenabecker: 3 reasons Trudeau didn't think his plan through:\n\n1. The Internet is forever. Videos of brutal police repression are ever\u2026"}, {"author_id": 178117843, "id": 1495278884752920579, "text": "RT @kylenabecker: 3 reasons Trudeau didn't think his plan through:\n\n1. The Internet is forever. Videos of brutal police repression are ever\u2026"}, {"author_id": 1328228563, "id": 1495278873981984769, "text": "RT @kylenabecker: 3 reasons Trudeau didn't think his plan through:\n\n1. The Internet is forever. Videos of brutal police repression are ever\u2026"}, {"author_id": 822923885108690944, "id": 1495278723943342080, "text": "RT @kylenabecker: 3 reasons Trudeau didn't think his plan through:\n\n1. The Internet is forever. Videos of brutal police repression are ever\u2026"}, {"author_id": 1354590011627163655, "id": 1495278679332917248, "text": "RT @kylenabecker: 3 reasons Trudeau didn't think his plan through:\n\n1. The Internet is forever. Videos of brutal police repression are ever\u2026"}, {"author_id": 369029151, "id": 1495278612496490497, "text": "RT @kylenabecker: 3 reasons Trudeau didn't think his plan through:\n\n1. The Internet is forever. Videos of brutal police repression are ever\u2026"}, {"author_id": 805428673, "id": 1495278434066518019, "text": "RT @kylenabecker: 3 reasons Trudeau didn't think his plan through:\n\n1. The Internet is forever. Videos of brutal police repression are ever\u2026"}, {"author_id": 34210591, "id": 1495278348007657475, "text": "RT @kylenabecker: 3 reasons Trudeau didn't think his plan through:\n\n1. The Internet is forever. Videos of brutal police repression are ever\u2026"}, {"author_id": 3380524985, "id": 1495278328999260160, "text": "RT @RnaudBertrand: As Hudson points out, a lot of it has to do with propping up the value of the dollar. \n\nA decline of the dollar would be\u2026"}, {"author_id": 1082395392157859840, "id": 1495278285227442180, "text": "RT @kylenabecker: 3 reasons Trudeau didn't think his plan through:\n\n1. The Internet is forever. Videos of brutal police repression are ever\u2026"}, {"author_id": 536491245, "id": 1495278067421532160, "text": "RT @kylenabecker: 3 reasons Trudeau didn't think his plan through:\n\n1. The Internet is forever. Videos of brutal police repression are ever\u2026"}, {"author_id": 554117316, "id": 1495277924500615174, "text": "RT @kylenabecker: 3 reasons Trudeau didn't think his plan through:\n\n1. The Internet is forever. Videos of brutal police repression are ever\u2026"}, {"author_id": 1052737939573235712, "id": 1495277770435407872, "text": "RT @kylenabecker: 3 reasons Trudeau didn't think his plan through:\n\n1. The Internet is forever. Videos of brutal police repression are ever\u2026"}, {"author_id": 180542862, "id": 1495277726135201799, "text": "RT @kylenabecker: 3 reasons Trudeau didn't think his plan through:\n\n1. The Internet is forever. Videos of brutal police repression are ever\u2026"}, {"author_id": 545289071, "id": 1495277704421199873, "text": "RT @jaxywyd: NO ACCOUNT SHOULD HAVE LESS THAN 1k FOLLOWERS \ud83d\udc40\n\nDROP AN EMOJI DOWN BELOW AND FOLLOW EVERYONE WHO LIKES IT \ud83e\udd1d\n\nRETWEET SO IT FO\u2026"}, {"author_id": 1084570453576949761, "id": 1495277635328479233, "text": "RT @kylenabecker: 3 reasons Trudeau didn't think his plan through:\n\n1. The Internet is forever. Videos of brutal police repression are ever\u2026"}, {"author_id": 800718805, "id": 1495277518550622212, "text": "RT @kylenabecker: 3 reasons Trudeau didn't think his plan through:\n\n1. The Internet is forever. Videos of brutal police repression are ever\u2026"}, {"author_id": 2963973035, "id": 1495277498409660416, "text": "RT @kylenabecker: 3 reasons Trudeau didn't think his plan through:\n\n1. The Internet is forever. Videos of brutal police repression are ever\u2026"}, {"author_id": 860537802261397507, "id": 1495277332470374400, "text": "RT @kylenabecker: 3 reasons Trudeau didn't think his plan through:\n\n1. The Internet is forever. Videos of brutal police repression are ever\u2026"}, {"author_id": 1420427523914092547, "id": 1495277283820646400, "text": "RT @kylenabecker: 3 reasons Trudeau didn't think his plan through:\n\n1. The Internet is forever. Videos of brutal police repression are ever\u2026"}, {"author_id": 1456861221668405256, "id": 1495277280788156419, "text": "@murandamag The high price of beef is a result of a chain reaction begins with fuel prices. Cows come from North Eastern, Maasai land etc. The price of transporting the cows went up, the owners cost of living also went up so he sells the cow for more, the butcher too."}, {"author_id": 1400275438174408704, "id": 1495277158989811713, "text": "RT @kylenabecker: 3 reasons Trudeau didn't think his plan through:\n\n1. The Internet is forever. Videos of brutal police repression are ever\u2026"}, {"author_id": 1181912333553004544, "id": 1495277098784763904, "text": "Could economic crises trigger a global financial chain reaction? The latest World Development Report assesses the risks. @WorldBank Group Chief Economist @carmenmreinhart updates #ExpertAnswers. https://t.co/zjptpmAFHI #WDR2022 https://t.co/u5s9MlFfJM"}, {"author_id": 1363737005344116736, "id": 1495276943490564100, "text": "RT @kylenabecker: 3 reasons Trudeau didn't think his plan through:\n\n1. The Internet is forever. Videos of brutal police repression are ever\u2026"}, {"author_id": 1035350288968900608, "id": 1495276688531410945, "text": "RT @kylenabecker: 3 reasons Trudeau didn't think his plan through:\n\n1. The Internet is forever. Videos of brutal police repression are ever\u2026"}, {"author_id": 1401592953496346627, "id": 1495276488551190537, "text": "RT @kylenabecker: 3 reasons Trudeau didn't think his plan through:\n\n1. The Internet is forever. Videos of brutal police repression are ever\u2026"}, {"author_id": 1420387562397569025, "id": 1495276462039093250, "text": "@EricBoivin14 @PCallister34 @AndrePitre_LUX Polymerase chain reaction tests are used to detect HIV's genetic material, called RNA. These tests can be used to screen the donated blood supply and to detect very early infections before antibodies have been developed &amp; may be performed just days or weeks after exposure to HIV."}, {"author_id": 919637275457277952, "id": 1495276414475640832, "text": "RT @kylenabecker: 3 reasons Trudeau didn't think his plan through:\n\n1. The Internet is forever. Videos of brutal police repression are ever\u2026"}, {"author_id": 1473610047024508932, "id": 1495276360842956802, "text": "RT @ApoxHD: NO ACCOUNT SHOULD HAVE LESS THAN 5K FOLLOWERS \ud83d\udc40\n\nDROP AN EMOJI DOWN BELOW AND FOLLOW EVERYONE WHO LIKES IT \ud83e\udd1d\n\nFOLLOW BACK EVERY\u2026"}, {"author_id": 63995927, "id": 1495276201983680512, "text": "RT @kylenabecker: 3 reasons Trudeau didn't think his plan through:\n\n1. The Internet is forever. Videos of brutal police repression are ever\u2026"}, {"author_id": 751772744, "id": 1495276192496336901, "text": "RT @kylenabecker: 3 reasons Trudeau didn't think his plan through:\n\n1. The Internet is forever. Videos of brutal police repression are ever\u2026"}, {"author_id": 789728733049581568, "id": 1495275924987781120, "text": "RT @ApoxHD: NO ACCOUNT SHOULD HAVE LESS THAN 5K FOLLOWERS \ud83d\udc40\n\nDROP AN EMOJI DOWN BELOW AND FOLLOW EVERYONE WHO LIKES IT \ud83e\udd1d\n\nFOLLOW BACK EVERY\u2026"}, {"author_id": 1476541259724562432, "id": 1495275739708592131, "text": "new VERSACE Chain Reaction Red Wild Leopard low chunky sneaker EU39.5 US6.5 #eBay\ud83c\uddfa\ud83c\uddf8\u00a0#Sneakers https://t.co/89RzXWUseV"}, {"author_id": 20592886, "id": 1495275677700222976, "text": "RT @kylenabecker: 3 reasons Trudeau didn't think his plan through:\n\n1. The Internet is forever. Videos of brutal police repression are ever\u2026"}, {"author_id": 1349105431701024772, "id": 1495275552965599233, "text": "RT @kylenabecker: 3 reasons Trudeau didn't think his plan through:\n\n1. The Internet is forever. Videos of brutal police repression are ever\u2026"}, {"author_id": 1365431337302204418, "id": 1495275257254408192, "text": "RT @kylenabecker: 3 reasons Trudeau didn't think his plan through:\n\n1. The Internet is forever. Videos of brutal police repression are ever\u2026"}, {"author_id": 1291943559587823616, "id": 1495275044913696769, "text": "RT @kylenabecker: 3 reasons Trudeau didn't think his plan through:\n\n1. The Internet is forever. Videos of brutal police repression are ever\u2026"}, {"author_id": 775516793855107072, "id": 1495274874511798272, "text": "RT @kylenabecker: 3 reasons Trudeau didn't think his plan through:\n\n1. The Internet is forever. Videos of brutal police repression are ever\u2026"}, {"author_id": 1303110375509024769, "id": 1495274690927120385, "text": "RT @kylenabecker: 3 reasons Trudeau didn't think his plan through:\n\n1. The Internet is forever. Videos of brutal police repression are ever\u2026"}, {"author_id": 1480471014777647104, "id": 1495274165061840900, "text": "RT @Zarcend: NO #NFT ACCOUNT SHOULD HAVE LESS THAN 1K FOLLOWERS\ud83d\udc40\n\nDROP AN EMOJI DOWN BELOW AND FOLLOW EVERYONE WHO LIKES IT\ud83e\udd1d\n\nRETWEET SO IT\u2026"}, {"author_id": 1005327461977075712, "id": 1495274164982370315, "text": "RT @kylenabecker: 3 reasons Trudeau didn't think his plan through:\n\n1. The Internet is forever. Videos of brutal police repression are ever\u2026"}, {"author_id": 84197757, "id": 1495274088729743369, "text": "RT @kylenabecker: 3 reasons Trudeau didn't think his plan through:\n\n1. The Internet is forever. Videos of brutal police repression are ever\u2026"}, {"author_id": 1309568608255827968, "id": 1495274076033720323, "text": "RT @kylenabecker: 3 reasons Trudeau didn't think his plan through:\n\n1. The Internet is forever. Videos of brutal police repression are ever\u2026"}, {"author_id": 1467133434615058432, "id": 1495274047084527617, "text": "NO #NFT ACCOUNT SHOULD HAVE LESS THAN 1K FOLLOWERS\ud83d\udc40\n\nDROP AN EMOJI DOWN BELOW AND FOLLOW EVERYONE WHO LIKES IT\ud83e\udd1d\n\nRETWEET SO IT FORMS A CHAIN OF REACTION\ud83d\udea8"}, {"author_id": 2990234646, "id": 1495274004751564800, "text": "RT @kylenabecker: 3 reasons Trudeau didn't think his plan through:\n\n1. The Internet is forever. Videos of brutal police repression are ever\u2026"}, {"author_id": 1495259582259728391, "id": 1495273792670683138, "text": "RT @MikePurcellStan: NO ACCOUNT SHOULD HAVE LESS THAN 5K FOLLOWERS \ud83d\udc40\n\nDROP AN EMOJI DOWN BELOW AND FOLLOW EVERONE WHO LIKES IT \ud83e\udd1d\n\nRETWEET S\u2026"}, {"author_id": 1278044826035007488, "id": 1495273442341490691, "text": "RT @kylenabecker: 3 reasons Trudeau didn't think his plan through:\n\n1. The Internet is forever. Videos of brutal police repression are ever\u2026"}, {"author_id": 708510980, "id": 1495273397735112710, "text": "RT @kylenabecker: 3 reasons Trudeau didn't think his plan through:\n\n1. The Internet is forever. Videos of brutal police repression are ever\u2026"}, {"author_id": 298104353, "id": 1495273199675875335, "text": "RT @kylenabecker: 3 reasons Trudeau didn't think his plan through:\n\n1. The Internet is forever. Videos of brutal police repression are ever\u2026"}]