[{"author_id": 748117811596230656, "id": 1494396403044569096, "text": "#NowWatching Children of the Corn IV: The Gathering. https://t.co/KF8SoU9wEp"}, {"author_id": 748117811596230656, "id": 1494395869969498117, "text": "The Children of the Corn Movies:\n\u2611\ufe0f Children of the Corn (1984)\n\u2611\ufe0f Children of the Corn II: The Final Sacrifice (1992)\n\u2611\ufe0f Children of the Corn III: Urban Harvest (1995)\n\ud83d\udd18 Children of the Corn IV: The Gathering (1996)\n\ud83d\udd18 Children of the Corn V: Fields of Terror (1998)"}, {"author_id": 748117811596230656, "id": 1494311244391751682, "text": "The Children of the Corn Movies:\n\u2611\ufe0f Children of the Corn (1984)\n\u2611\ufe0f Children of the Corn II: The Final Sacrifice (1992)\n\ud83d\udd18 Children of the Corn III: Urban Harvest (1995)\n\ud83d\udd18 Children of the Corn IV: The Gathering (1996)\n\ud83d\udd18 Children of the Corn V: Fields of Terror (1998)"}]