[{"author_id": 230072957, "id": 1495290815953838084, "text": "The Shawshank Redemption\nThe Godfather I &amp; II\nOnce Upon A Time In America\nGoodfellas \nOne Flew Over the Cuckoo's Nest\nThe Good, The Bad, &amp; The Ugly\nPulp Fiction\nInception\nSaving Private Ryan\nLOTR I, II, III\nFight Club\nThe Departed\nCinema Paradiso https://t.co/g9YRhmTo8X"}, {"author_id": 7700222, "id": 1495283977036337153, "text": "@mwichary Cinema Paradiso is absolutely delightful. Excellent choice!"}, {"author_id": 86239754, "id": 1495282764165226498, "text": "Cinema Paradiso, from Italy. I didn\u2019t know what I expected, but this was beautiful. That ending!!! #subtitlefebruary https://t.co/NWID5BFb6d"}, {"author_id": 2820543211, "id": 1495269348172255235, "text": "@Susannah_Bryan Elsie was a friend over the course of years in the Lakes. Most recently , while she was still operating Melinas, during the time Cinema Paradiso opened next door, we were movie buddies too. I'll miss the spunky, opinionated Elsie. And I send so much love to Penny, Carl &amp; kids. XO"}, {"author_id": 1437534103054790656, "id": 1495231400492118019, "text": "My 'Cinema Paradiso' heart is so happy. \ud83d\udc98\n\nGiuseppe Tornatore presents his newest film Ennio, a documentary film celebrating the life and legacy of Ennio Morricone at Cinema Giulio Cesare. https://t.co/HLIj8rQlC8"}, {"author_id": 990449255948021760, "id": 1495216453481422848, "text": "Any time I hear the theme to Cinema Paradiso\u2026I fight back tears. Such an amazing (Italian) movie."}, {"author_id": 43769566, "id": 1495191677635604489, "text": "@grammabeth3 Your choice..I am here to stay until they play East of Eden and Cinema Paradiso at my funeral."}, {"author_id": 1294719045154017280, "id": 1495188842239991811, "text": "I\u2019ve watched Cinema Paradiso to feel something"}, {"author_id": 726950470808260609, "id": 1495181942743986176, "text": "Just watched Cinema Paradiso, Cringe. 0/5"}, {"author_id": 1475124800855154692, "id": 1495172337699897351, "text": "@rdmc29 Only kidding, probably for me 'Cinema Paradiso'."}, {"author_id": 129641416, "id": 1495170183790424064, "text": "This is beautiful.\nListened to the\nwhole song. He\nwrote the music\nfor two of my\nfav films\u2014\nThe Mission &amp;\nCinema Paradiso.\n\nHere\u2019s one\nof my favs\nfrom the\nlatter:\n\n\ud83c\udfb6 https://t.co/N13mpZtDO8\n\n#BeLikeJane\n#WeLoveYouJane\n#MusicForJane\n#SongsForJane\n#FlowersForJane \n\n\ud83c\udf38\ud83c\udf37\ud83c\udf3a\ud83d\udc90 https://t.co/n3zCHOALwQ"}, {"author_id": 1393300943991676934, "id": 1495134621155086337, "text": "@AnthonySpina94 @Abraxsys I loved Cinema Paradiso!"}, {"author_id": 2584175775, "id": 1495133674563584002, "text": "@Kellboy1 Temple Grandin absolutely brilliant and really made me think. Truly madly deeply and cinema paradiso. Oh and the choir..sorry so many!"}, {"author_id": 1320383198426267648, "id": 1495121962238099460, "text": "Cinema Paradiso: The Montage of Kisses https://t.co/bHz95x6JlO via @YouTube\n\n#interconnectedness of all things #2"}, {"author_id": 1116868849754890243, "id": 1495114039319535619, "text": "1. my own private idaho\n2. dead poets society\n3. cinema paradiso\n4. jojo rabbit\n5. paris texas https://t.co/4Bmwqcrh2L"}, {"author_id": 741303108677029888, "id": 1495104411823230978, "text": "@davidmackau Objected to Dead Poets' Society's depiction of teaching.  Ken Barlow does teachers no favours either. Half-Nelson was fair.\n\nAlso a cinema projectionist and neither Cinema Paradiso nor The Smallest Show on Earth, delightful though they were, could be accused of accuracy."}, {"author_id": 1343308799462023168, "id": 1495094507276226566, "text": "Check out this new canvas print that I uploaded to https://t.co/f1IowKhpIZ! https://t.co/h5STTYz2B0 Inspired by film Cinema Paradiso in which the town's priest would ring a bell if he found kissing in a film for scene to be cut since kisses in his view would be carnal excess."}, {"author_id": 1290251225850499072, "id": 1495087766073339905, "text": "please remind me to watch cinema paradiso, either tomorrow or next weekend lol, maklum remaja jompoh"}, {"author_id": 1349741570, "id": 1495083349848641536, "text": "@DevelopNewGgn\nGURUGRAM RESIDENT'S TIME TO\nUNITE \nLET THE BUILDER HAVE THE SAME FATE LIKE ANSALS FOR NEGLIGENCE IN PRIYA CINEMA TRAGEDY\n\nDON'T LET THE BUILDERS &amp; OTHERS TO GO SCOTT FREE\n\nFour More Towers At Gurugram Society Declared Unfit For Living - NDTV https://t.co/cDe6Nnct0X"}, {"author_id": 6524022, "id": 1495081464496640003, "text": "Cinema Paradiso is Lovefilm on steroids and seems to have every dvd released since it opened in 2004. I wish I'd been with them all along. Click here for a free month: https://t.co/G3F6ZsOyxS (February 19, 2022 at 05:02PM)"}, {"author_id": 808254, "id": 1495080986308222979, "text": "RT @dedouze_: My homemade 3D art prints, available now \ud83c\udf38 https://t.co/WRFTHfPkB3 \u263a\ufe0f\nThanks for your support !\n\n(Music from Cinema Paradiso\u2026"}, {"author_id": 726950470808260609, "id": 1495074003509133313, "text": "Just watched Cinema Paradiso, boo 2/5"}, {"author_id": 215936912, "id": 1495063353043329024, "text": "So today I watched Dear Zachary: A Letter to a Son About His Father and Cinema Paradiso."}, {"author_id": 1402634211509428235, "id": 1495050759536525315, "text": "kinda like how cinema paradiso is with films"}, {"author_id": 1479326493687758849, "id": 1495031647477006342, "text": "RT @dedouze_: My homemade 3D art prints, available now \ud83c\udf38 https://t.co/WRFTHfPkB3 \u263a\ufe0f\nThanks for your support !\n\n(Music from Cinema Paradiso\u2026"}, {"author_id": 726950470808260609, "id": 1495018635458334729, "text": "Just watched Cinema Paradiso, LOVED IT!!! 0/5"}, {"author_id": 757629623924645888, "id": 1495014311101620230, "text": "@neharedy Hey Neha, here are a few movie recommendations for you -\n\n1) Django Unchained\n2) Memento\n3) The Good Fellas\n4) No Smoking\n5) Gulaal\n6) Hey Ram\n7) Anbe Sivam\n8) Karthik Calling Karthik\n9) City Of God\n10) Cinema Paradiso\n\nFor romance movies, check this out -\nhttps://t.co/17K82pqr9W"}, {"author_id": 2997780609, "id": 1495001557154344962, "text": "RT @dedouze_: My homemade 3D art prints, available now \ud83c\udf38 https://t.co/WRFTHfPkB3 \u263a\ufe0f\nThanks for your support !\n\n(Music from Cinema Paradiso\u2026"}]