[{"author_id": 717608826015318017, "id": 1495285184387686402, "text": "RT @BBCWilliamWho: I love this theory!\n\n13 is killed off completely in LOTSD, and the Centenary Special is Yaz somehow using the fob watch\u2026"}, {"author_id": 1279438687038607360, "id": 1495285176871522306, "text": "RT @BBCWilliamWho: I love this theory!\n\n13 is killed off completely in LOTSD, and the Centenary Special is Yaz somehow using the fob watch\u2026"}, {"author_id": 31464346, "id": 1495284991802044418, "text": "Netflix why do you have to do that with the #LoveIsBlindS2 cliffhanger right before the finale"}, {"author_id": 1071216929715699712, "id": 1495284937515319299, "text": "@SesNumeral I liked her redesing.\nLoved the personality.\nAnd hated the cliffhanger!!!"}, {"author_id": 1423441866482241537, "id": 1495283729283043331, "text": "Bible pulled a cliffhanger"}, {"author_id": 1017723286338207745, "id": 1495283547191808001, "text": "Hating the cliffhanger of Chakho \ud83d\ude2d why can't I fast pass 2 episode ?"}, {"author_id": 1408072098380062728, "id": 1495283444498141189, "text": "RT @fyuufyu: \u250adr\u1d07a\u1d0dn\u1d0ft\u0493o\u1d1cn\u1d05\u250a\n// somnophilia , exhibitionism , blowjob , previously established consent\n\nahah PT 2 to the somno fic \ud83d\ude08\noh wai\u2026"}, {"author_id": 1384219450677760002, "id": 1495282916540223490, "text": "Just #SpaceForceSeason2 and omg i definitely need s3 renewal cus the comedic gold that would come from this team for the cliffhanger \ud83d\ude2d\ud83d\udc80 @netflix chop chop"}, {"author_id": 3530265673, "id": 1495282561412698112, "text": "RT @AlexandraLume: So, what's worst, yesterday's cliffhanger or today's? \ud83e\udd23 But, ehi 5/6! The ending is tomorrow \u2728! #shinkami #bnha #denki #\u2026"}, {"author_id": 1069770166840557573, "id": 1495282027792195586, "text": "RT @AlexandraLume: So, what's worst, yesterday's cliffhanger or today's? \ud83e\udd23 But, ehi 5/6! The ending is tomorrow \u2728! #shinkami #bnha #denki #\u2026"}, {"author_id": 946252943090700288, "id": 1495281964810702855, "text": "RT @CrafterArmys: MF DID THE CUPHEAD SHOW SEASON 1 JUST END ON A CLIFFHANGER BRUH YOU CANT DO THIS TO ME https://t.co/FObID7HaGU"}, {"author_id": 1316983627951919109, "id": 1495281812335071234, "text": "RT @AlexandraLume: So, what's worst, yesterday's cliffhanger or today's? \ud83e\udd23 But, ehi 5/6! The ending is tomorrow \u2728! #shinkami #bnha #denki #\u2026"}, {"author_id": 1321630531818119170, "id": 1495281631799566336, "text": "@barchiervd Especially jughead on past seasons included cliffhanger. Archie's life cliffhanger scenes had 2x22 and 3x09. I wish Barchie scenes needs to be more popular because most vote ranked content have kissed than bhva."}, {"author_id": 1479552975685099522, "id": 1495280680695070721, "text": "@fyuufyu I\u2019ve waited for so long and I\u2019ve been put on a cliffhanger? (;\u00b4\u0f0e\u0eb6\u0679\u0f0e\u0eb6`)\nI demand a part three please"}, {"author_id": 76095720, "id": 1495280074781872130, "text": "@shelley5204 What a cliffhanger too with all the angels falling\u2026Brilliant!!!!"}, {"author_id": 1351541507262537728, "id": 1495279951876005890, "text": "THE CLIFFHANGER WHYYY\ud83d\ude2d\ud83d\ude2d\ud83d\ude2d\ud83d\ude2d https://t.co/E1xFn02uQ6"}, {"author_id": 1270554638547398656, "id": 1495279560547524609, "text": "RT @AlexandraLume: So, what's worst, yesterday's cliffhanger or today's? \ud83e\udd23 But, ehi 5/6! The ending is tomorrow \u2728! #shinkami #bnha #denki #\u2026"}, {"author_id": 1384041648515022849, "id": 1495278307436343300, "text": "i hate when shows have a good ending to the season then fuck it up by making it a cliffhanger"}, {"author_id": 820484232707309571, "id": 1495278148350615555, "text": "RT @JMad17: (Voice of Dos Equis guy):\n\"I don't always pour one out before a cliffhanger.  But when I do... I prefer Zeke's spinal fluid\u2122.\nS\u2026"}, {"author_id": 39661138, "id": 1495277566038532099, "text": "RT @JMad17: (Voice of Dos Equis guy):\n\"I don't always pour one out before a cliffhanger.  But when I do... I prefer Zeke's spinal fluid\u2122.\nS\u2026"}, {"author_id": 22561714, "id": 1495277195014594560, "text": "#TheLegendofVoxMachina WAS SO GOOD!!!! \ud83d\ude2d\ud83e\udd70\ud83d\ude2d\ud83e\udd70\ud83d\ude2dKEYLETH!! AND PIKE!! AND VEX!! AND KEYLETH!!!!!!!!! \ud83e\udd70\ud83d\ude2d\ud83e\udd2f\ud83d\ude2d\ud83e\udd7aTHAT CLIFFHANGER ENDING!!! \ud83d\ude31\ud83d\ude31\ud83d\ude31#LVMSpoilers"}, {"author_id": 1452891486014611456, "id": 1495277187984986113, "text": "RT @AlexandraLume: So, what's worst, yesterday's cliffhanger or today's? \ud83e\udd23 But, ehi 5/6! The ending is tomorrow \u2728! #shinkami #bnha #denki #\u2026"}, {"author_id": 17008317, "id": 1495277160831098883, "text": "RT @fcampbellhowes: Just read this excellent account of the battle of Chester in 907 AD - basically Helm's Deep WITH BEES. Nice cliffhanger\u2026"}, {"author_id": 21779982, "id": 1495277148457902080, "text": "RT @JMad17: (Voice of Dos Equis guy):\n\"I don't always pour one out before a cliffhanger.  But when I do... I prefer Zeke's spinal fluid\u2122.\nS\u2026"}, {"author_id": 141393314, "id": 1495277097723514882, "text": "RT @AlexandraLume: So, what's worst, yesterday's cliffhanger or today's? \ud83e\udd23 But, ehi 5/6! The ending is tomorrow \u2728! #shinkami #bnha #denki #\u2026"}, {"author_id": 390521239, "id": 1495276918039625729, "text": "Yelena meme to ease the cliffhanger tension \ud83d\ude02\ud83d\ude02\ud83d\ude02 #AttackOnTitan #Toonami https://t.co/yh0p6IvHly"}, {"author_id": 89477367, "id": 1495276559040659456, "text": "(Voice of Dos Equis guy):\n\"I don't always pour one out before a cliffhanger.  But when I do... I prefer Zeke's spinal fluid\u2122.\nStay thirsty, if you know what's good for you.\"\n#AttackOnTitan"}, {"author_id": 955007900291801089, "id": 1495276330241314819, "text": "RT @CrafterArmys: MF DID THE CUPHEAD SHOW SEASON 1 JUST END ON A CLIFFHANGER BRUH YOU CANT DO THIS TO ME https://t.co/FObID7HaGU"}, {"author_id": 33754112, "id": 1495276201228877825, "text": "And cliffhanger! Just you all wait next episode! #AttackonTitan #Toonami"}, {"author_id": 1042533060921761792, "id": 1495276168811098112, "text": "RT @AmesCG: @JaredinCA @jaywillis @jduffyrice Best cliffhanger since the Star Trek episode where Picard gets captured by the Borg"}, {"author_id": 39661138, "id": 1495275977655693314, "text": "Here comes the big cliffhanger moment... #AttackOnTitan"}, {"author_id": 35044923, "id": 1495275365207617536, "text": "What I found in those volumes, more so than the Humanoids titles, was a sense of build up and release. It didn't take long for me to realize this was because these were collections of weekly serialized stories, with a cliffhanger stinger every 5 pages or so. 5/ https://t.co/BHK5vUUejJ"}, {"author_id": 1104771054512324608, "id": 1495274963686858752, "text": "RT @AlexandraLume: So, what's worst, yesterday's cliffhanger or today's? \ud83e\udd23 But, ehi 5/6! The ending is tomorrow \u2728! #shinkami #bnha #denki #\u2026"}, {"author_id": 1238184034867568645, "id": 1495274672962904070, "text": "@wordsofmo_fics That cliffhanger tho!!!"}, {"author_id": 3063113822, "id": 1495274355303272449, "text": "i can live with the last chapter it wasn't as bad of a cliffhanger as FTLC was also MY GOD i loved it so much i have so many FEELINGS https://t.co/3lCWnMtIZe"}, {"author_id": 1267998397635555328, "id": 1495274023785480192, "text": "@rachsyme You me and the apocalypse. It ends on a cliffhanger though"}, {"author_id": 1341470380309897216, "id": 1495273735422578688, "text": "This cliffhanger has me in shambles. https://t.co/Rw8JJXEky2"}, {"author_id": 1389199734842138624, "id": 1495272772788170759, "text": "RT @WingWayward: (Pausing on a cliffhanger! Gonna continue!)"}, {"author_id": 104361663, "id": 1495272592579649539, "text": "@KateBaxter I\u2019m so nervous LOL does it end on a cliffhanger or is it a limited series?? I went into it truly blind and don\u2019t want to look up for fear of spoilers \ud83d\ude02"}, {"author_id": 1359848196785098752, "id": 1495272007755124736, "text": "RT @DominicIan4: My favorite anime this year! Season 2 episode 5 ended with a cliffhanger of all cliffhangers! Just drawing my fave soldier\u2026"}, {"author_id": 60129156, "id": 1495271257339830274, "text": "RT @soapparty411: What was your favorite cliffhanger on soaps this week? \n#GH #YR #BoldandBeautiful"}, {"author_id": 2318530835, "id": 1495271190906163202, "text": "Rewatching Warrior Nun and I still can\u2019t believe they stood and watched my black sista get jumped as the cliffhanger"}, {"author_id": 1189692069847207936, "id": 1495271075147485186, "text": "@hyenaslongpants @scisetstarlight I remember when hyena and I were talking about this (the Jess revealing Carol's identity) we did it when there was this Diana knowing Harleen's secret cliffhanger in the warrior and the jester. \n\nI thought that Jess was gonna reveal it accidentally or something, but uh yeah"}, {"author_id": 1144124542517952512, "id": 1495270793462358023, "text": "HELLO !?!?!?!?! THAT CLIFFHANGER !?!!!?! link click season 1 was an emotional roller coaster omfg that messed me up !!!! season 2 when !!!!!! https://t.co/6R3GxLflFg"}, {"author_id": 1257795078, "id": 1495270564054851585, "text": "I knew it was coming, I knew there would be that cliffhanger, but still https://t.co/TrhLP7xXyK"}, {"author_id": 1257549546688782336, "id": 1495270447541276675, "text": "Nope, I just write. I only think about the opening Teaser; probably the most important part of the pilot cause you must hook and subvert all expectations the audience had. It's a new show so people must get a reason to watch not only give them a cliffhanger. https://t.co/uxTHQ5gz51"}, {"author_id": 1257795078, "id": 1495270329798868992, "text": "that #LegendOfVoxMachina cliffhanger https://t.co/VUcbkzo44m"}, {"author_id": 1194667428233596928, "id": 1495270055306739712, "text": "@Dragon_vv Like ending the season on a cliffhanger and having actual continuity just felt off for the style and vibe that the original game gave off"}, {"author_id": 1483951304707907586, "id": 1495269766503833605, "text": "I FORGOT THIS ENDS IN A FUCKING CLIFFHANGER AND THE AUTHOR HASNT UPDATED SINCE AUGUST FUCK"}, {"author_id": 1481246965791100930, "id": 1495269734518247424, "text": "@lookingforzoee VERY the first book ended with a cliffhanger \ud83e\uddcd\ud83c\udffb\u200d\u2640\ufe0f"}, {"author_id": 1472746852881559556, "id": 1495269672933289984, "text": "@InazumanBunny //I love this series. Never failed to make me laugh no matter how many times I rewatched it. Too bad it ended in a cliffhanger though."}, {"author_id": 20895383, "id": 1495268599132561412, "text": "It\u2019s going to be a long hiatus. \nEveryone will have a cliffhanger. \n#EuphoriaHBOMax #EuphoriaDay https://t.co/3rDYX5z4bb"}, {"author_id": 247468924, "id": 1495268414448975872, "text": "What a good episode of Bisco\nSeeing Panda in a new way was so cool he was so cool\nAnd the end\nWith the creatures looked really cool\nCliffhanger with Pawoo after Bisco https://t.co/QU3rA2NaMp"}, {"author_id": 1491863983636328456, "id": 1495266836463632387, "text": "jooha always say some cliffhanger shit then disappear again i\u2019m gonna swing"}, {"author_id": 54319115, "id": 1495266470430969857, "text": "I keep looking for \"Strange Luck,\" which was a really neat, creepy show Fox aired before \"The X-Files\" in '95-96. Canceled off a cliffhanger. Also, it was a fairly popular cult hit, but wow was \"The Oblongs\" ever hilarious. https://t.co/CpvyjisF8z"}, {"author_id": 1122962034281283585, "id": 1495266214410653696, "text": "I feel like there\u2019s going to be a cliffhanger in #TWD Part 3 ending, likely that\u2019s impossible though since it\u2019s the series finale."}, {"author_id": 1142945759811330049, "id": 1495265728676737025, "text": "WHYD THEY LEAVE OFF ON A CLIFFHANGER WHAT TH3 FHCK"}, {"author_id": 1194131957019398144, "id": 1495265089783406593, "text": "@thegameawards Golden Sun.\n\nIIRC hasn't had a new entry since Dark Dawn, and that ended on a cliffhanger. Excellent game, and deserves a followup, especially with the ending it got."}, {"author_id": 1404274304628391947, "id": 1495265008007380995, "text": "i need the next volume now bcs what's with the cliffhanger?!?! \ud83d\ude29"}, {"author_id": 4926369876, "id": 1495264718751158277, "text": "We just watched #SpaceForceSeason2 and OMG why are these seasons so short?!?! We burned right through it and it ended on a giant cliffhanger AGAIN."}, {"author_id": 1379962327475294211, "id": 1495264696529784833, "text": "They rlly left us on a cliffhanger and what am I supposed to do until ray mond wakes up again? \ud83d\ude35\u200d\ud83d\udcab"}, {"author_id": 1053922506, "id": 1495264691286913025, "text": "MF DID THE CUPHEAD SHOW SEASON 1 JUST END ON A CLIFFHANGER BRUH YOU CANT DO THIS TO ME https://t.co/FObID7HaGU"}, {"author_id": 821484495320842243, "id": 1495264130135203841, "text": "I don't want to write the next chapter, because I want to post this next one and then leave it on a cliffhanger for a couple of days. Because I'm that kind of person."}, {"author_id": 2528976330, "id": 1495263764127821828, "text": "As a whole, this last arc was exhausting. The victory was soured by tropes &amp; contrivances. The sad backstory ends up feeling like emotional baggage as a result. Esp when surrounded by the (very) annoying sobbing of the cast as Nezuko undoes the awful cliffhanger from last ep."}, {"author_id": 244309848, "id": 1495262933324124166, "text": "I've been holding a reveal for my D&amp;D game for over two months and just revealed it and now I feel alive. Made a cliffhanger out of it so now they're all dying for next week and I'm thriving."}, {"author_id": 721184554745262080, "id": 1495261936342253571, "text": "@WeebusChrist @RisingBlur They go on sale for dirt cheap all the time. If you are short on cash, get the first two as they're a two-parter (first game ends on a huge cliffhanger).\nThird Sky game is incredible but doesn't pick up from a cliffhanger or anything. But I still highly recommend it."}, {"author_id": 1426387099633262592, "id": 1495261876216815618, "text": "RT @fyuufyu: \u250adr\u1d07a\u1d0dn\u1d0ft\u0493o\u1d1cn\u1d05\u250a\n// somnophilia , exhibitionism , blowjob , previously established consent\n\nahah PT 2 to the somno fic \ud83d\ude08\noh wai\u2026"}, {"author_id": 1493627465897586698, "id": 1495261797087125504, "text": "@WaltzingMtilda I was just about to go to bed. Now this cliffhanger\u2026."}, {"author_id": 2175377699, "id": 1495261457994420224, "text": "Why did I rewatch all @STAR for it to be a dumbass Cliffhanger in the end \ud83d\ude2d\ud83d\ude2d\ud83d\ude2d\ud83d\ude2d\ud83d\ude2d"}, {"author_id": 1320897036200411137, "id": 1495260537663467520, "text": "watched mare of easttown and it was so goodd like i LOVE shows with murder and mystery centered around a small town sharp objects bll vibes but it really goes beyond every ep ends in a cliffhanger that adds more to the investigation making it difficult to guess what's happening"}, {"author_id": 894935996013391872, "id": 1495259905703518211, "text": "Okay what the fuck was that ending ?! You kill off my guy and then leave it on a cliffhanger. I'm so upset \ud83d\ude2d"}, {"author_id": 1358361718532034569, "id": 1495259799524630532, "text": "RT @fyuufyu: \u250adr\u1d07a\u1d0dn\u1d0ft\u0493o\u1d1cn\u1d05\u250a\n// somnophilia , exhibitionism , blowjob , previously established consent\n\nahah PT 2 to the somno fic \ud83d\ude08\noh wai\u2026"}, {"author_id": 1297020488342884353, "id": 1495259505487380480, "text": "@Boomboom_editz Secondly\n\nFor a lot of ppl including Aka, this seems like an incomplete series. It wasn't axed, nor it did have a cliffhanger ending. It ended on a closed note. \n\nThe problem is like it was rushed to the end. Aka even said he wishes to remade this story after he gained more exp https://t.co/QkyYs3FGI9"}, {"author_id": 1500140005, "id": 1495259388176703489, "text": "@CourtneyHowrad @PrimeVideo Chroma Conclave cliffhanger\nMe: https://t.co/ry5WbVpugD"}, {"author_id": 900171800, "id": 1495259346506330123, "text": "2 movies down, and a bit of a cliffhanger that. Thought I was watching Domon Kasshu's origin story. \ud83d\ude02 And Alvis only had 1 line. Glad I don't have to wait 13 years for movies 3 &amp; 4. \n\nOoohh, there's Alvis, long credits. \ud83d\ude01 #Evangelion https://t.co/6IDXeaNrdG"}, {"author_id": 401151910, "id": 1495259313060737028, "text": "RT @BBCWilliamWho: I love this theory!\n\n13 is killed off completely in LOTSD, and the Centenary Special is Yaz somehow using the fob watch\u2026"}, {"author_id": 401151910, "id": 1495259177177927680, "text": "RT @BBCWilliamWho: @BadWolfArchives That\u2019s a good point. Maybe that will be the cliffhanger leading into the Centenary. We just see The Doc\u2026"}, {"author_id": 727591127461699584, "id": 1495258602163957762, "text": "@elkie_elkie16 Dsgdhf tfw i would love to make it not a cliffhanger but i also liked having questions left unanswered for the mystery huhu \ud83d\ude2d but what you said is very possible! And in my perfect world bkg would choose the latter option hhh"}, {"author_id": 1242815100995670016, "id": 1495258439978823687, "text": "RT @probately_yours: Me after finishing #hosab, waiting for the third book. That cliffhanger is worse than the one in #Empireofstorms https\u2026"}, {"author_id": 129375709, "id": 1495258427408351241, "text": "RT @notcapnamerica: That's it?! No cliffhanger for the next movie?"}, {"author_id": 1465188487, "id": 1495258104564310018, "text": "I love Fox 12 alerting a mass shooting with a cliffhanger that leads to a promotion of their 10:00 show lol https://t.co/fsJXRnicQ7"}, {"author_id": 775209741685366784, "id": 1495257348457132032, "text": "RT @AlexandraLume: So, what's worst, yesterday's cliffhanger or today's? \ud83e\udd23 But, ehi 5/6! The ending is tomorrow \u2728! #shinkami #bnha #denki #\u2026"}, {"author_id": 1179386898701176832, "id": 1495257235965898753, "text": "RT @aniramblesss: \u2757\ufe0f#VanitasnoCarte Part 2 Ep 6 Spoilers\u2757\ufe0f\n\nBesides the awful cliffhanger... LOOK AT VANITAS AND JEANNE TOGETHER \ud83d\ude0d\ud83d\ude0d\ud83d\ude0d https:\u2026"}, {"author_id": 1419197308869115906, "id": 1495257057825492992, "text": "RAE IS LITERALLY AN ACTRESS UR HONOR. LITERALLY LEAVING US ON A CLIFFHANGER WTH"}, {"author_id": 820199702905749504, "id": 1495256558736850948, "text": "RT @fyuufyu: \u250adr\u1d07a\u1d0dn\u1d0ft\u0493o\u1d1cn\u1d05\u250a\n// somnophilia , exhibitionism , blowjob , previously established consent\n\nahah PT 2 to the somno fic \ud83d\ude08\noh wai\u2026"}, {"author_id": 749311174248890368, "id": 1495256525450846209, "text": "@ohgreekgod I remember waiting a whole year after that lie taral cliffhanger \u2026"}, {"author_id": 895012756805619714, "id": 1495256371620626434, "text": "man some fuckin bangers dropping tmrw, mha with the start of the final battle and boruto with the followup to that fucking nuts cliffhanger with boruto being fucking killed"}, {"author_id": 1369455290756853763, "id": 1495256109149470721, "text": "@gorousfave i did but i ran out of emails anf i wanna text michael afton bc im sick of the cliffhanger"}]