[{"author_id": 861683954, "id": 1495272799652483073, "text": "RT @ClockerAD: Shout out to Terry Camara, who was named the D3 Assistant Coach of the Year at today\u2019s Wrestling State Tournament. We are lu\u2026"}, {"author_id": 1120629496909041671, "id": 1495253339130454020, "text": "RT @Aye_Yo_Jo33: Just finished watching Clockers. I am surprised I\u2019ve never watched that movie before. It was a good, ole, classic hood, ta\u2026"}, {"author_id": 809659190, "id": 1495230404797911041, "text": "Shout out to Terry Camara, who was named the D3 Assistant Coach of the Year at today\u2019s Wrestling State Tournament. We are lucky to have him, GO CLOCKERS! @ClockerClub @ClockerNation @MIAA033 @Napa13 @Kstcoeur https://t.co/vbClIB0e5y"}, {"author_id": 861683954, "id": 1495210505786597379, "text": "RT @ClockerAD: Girls Hoop has tipped off in their regular season finale vs. (non conference) Wayland. GO CLOCKERS! @dave1tall @ClockerClub\u2026"}, {"author_id": 861683954, "id": 1495210489500024836, "text": "RT @ClockerAD: Girls Hoop finishes off the regular season with a non conference win over Wayland. The Clockers (9-11) now wait on playoff s\u2026"}, {"author_id": 1442445639678234626, "id": 1495210191054426116, "text": "Just finished watching Clockers. I am surprised I\u2019ve never watched that movie before. It was a good, ole, classic hood, tale; it brought back so many memories from when I lived in the projects on 138th Street."}, {"author_id": 947305644092112897, "id": 1495144152820035584, "text": "Just turned on clockers"}, {"author_id": 1218698971406839809, "id": 1495142833845678081, "text": "BREAKING NEWS!!!\n\n@benshapiro actually loved woke click clockers!!!\n\nCNN CONFIRMS!!! https://t.co/n6gxzhjhoJ"}, {"author_id": 1423346810274394114, "id": 1495142046776102916, "text": "@Hillside__G Wasn\u2019t saying you or the person who you responded to. The clockers know. Hope you have a great weekend!"}, {"author_id": 177427473, "id": 1495129866957582339, "text": "@sheILLmatic It was Rodney who killed him in clockers"}, {"author_id": 361001728, "id": 1495121160366919685, "text": "RT @ClockerAD: Girls Hoop has tipped off in their regular season finale vs. (non conference) Wayland. GO CLOCKERS! @dave1tall @ClockerClub\u2026"}, {"author_id": 361001728, "id": 1495121048026681345, "text": "RT @ClockerAD: Girls Hoop finishes off the regular season with a non conference win over Wayland. The Clockers (9-11) now wait on playoff s\u2026"}, {"author_id": 43792456, "id": 1495120416297345024, "text": "RT @ClockerAD: Girls Hoop finishes off the regular season with a non conference win over Wayland. The Clockers (9-11) now wait on playoff s\u2026"}, {"author_id": 960313253313130498, "id": 1495119020420333576, "text": "Clockers (1995) - You Ruined That Boy's Life Scene (9/10) | Movieclips https://t.co/Hi61CHLxWA via @YouTube Be'leef or knott Micah iz in those   21 apacrapha new world wasnt \"Azaerth?\" Nazareth\ud83d\ude03\ud83d\udd95\ud83e\uddbe\u261d\ufe0f\ud83c\udf9a\ufe0f **cpt**guilty of treason judged dumnatti flew   crashed in banglesh"}, {"author_id": 177427473, "id": 1495117775496302594, "text": "I was disgusted with Delroy Lindo in \u201cCidar House Rules\u201d. I\u2019m watching \u201cClockers\u201d and I hate him too."}, {"author_id": 177427473, "id": 1495102670561972224, "text": "When the mom on Clockers had to set a tone on behalf of her son &gt;"}, {"author_id": 177427473, "id": 1495098760518504451, "text": "Spike Lee is drinking the beer from Bamboozled in Clockers"}, {"author_id": 177427473, "id": 1495097359155400704, "text": "Watching \u201cClockers\u201d again"}, {"author_id": 809659190, "id": 1495093623943319554, "text": "Girls Hoop finishes off the regular season with a non conference win over Wayland. The Clockers (9-11) now wait on playoff seeding. #Clockers @dave1tall @WaylanAthletics @ClockerClub @ClockerNation @Kstcoeur https://t.co/yX3EGw8ocJ"}, {"author_id": 1071454244040007681, "id": 1495079226151735297, "text": "3 o clockers are so good when your teams not playing"}, {"author_id": 809659190, "id": 1495067830068432897, "text": "Girls Hoop has tipped off in their regular season finale vs. (non conference) Wayland. GO CLOCKERS! @dave1tall @ClockerClub @ClockerNation @Kstcoeur @MrsELachapelle @Ms_Sullivan_AHS https://t.co/surwW3eGcC"}, {"author_id": 861683954, "id": 1495048832870141954, "text": "RT @ClockerAD: Saturday 2/19/22 Schedule:\n\nWrestling: Day 2 of D3 State Meet @ Game On (Fitchburg) \n\nGirls Hoop vs. Wayland, 11:00 at AHS.\u2026"}, {"author_id": 820392510191079424, "id": 1495045025868124160, "text": "@CerromeRussell WTF? \ud83d\ude27\ud83d\ude33\ud83e\udd2f Woooooooow!\nHe's a DAMN good actor smh\nI mean Rodney from Clockers? The dad in Crooklyn? I heard no hint I had no clue. That's crazy."}, {"author_id": 43792456, "id": 1495038927333437442, "text": "RT @ClockerAD: Saturday 2/19/22 Schedule:\n\nWrestling: Day 2 of D3 State Meet @ Game On (Fitchburg) \n\nGirls Hoop vs. Wayland, 11:00 at AHS.\u2026"}, {"author_id": 1448306982331600896, "id": 1495029998117433344, "text": "@Kbubs34 your man was mouthy in the clockers stand this morning, he opens his mouth again and I\u2019ll out who his mistress trainer is right here in social media. He needs to learn some respect, he\u2019s a grabbing punk"}, {"author_id": 809659190, "id": 1495029188406956036, "text": "Saturday 2/19/22 Schedule:\n\nWrestling: Day 2 of D3 State Meet @ Game On (Fitchburg) \n\nGirls Hoop vs. Wayland, 11:00 at AHS. *FREE ADMISSION FOR ALL! \n\nGO CLOCKERS! \n\n@dave1tall @ClockerClub @ClockerNation @Kstcoeur"}, {"author_id": 1445103855612612614, "id": 1495029029518204929, "text": "Hate having to go in town, so many clockers, stalkers, and dem folks tryin spark lil convos wit me, even with my goggles on \ud83d\ude2c"}, {"author_id": 1089335236276695040, "id": 1494977950369857539, "text": "RT @HHBITD: On set!! #SpikeLee #Movie #90s #Clockers \ud83d\udd25\ud83d\udd25\ud83d\udca5\ud83d\udca5 https://t.co/HFwnrs1zgb"}, {"author_id": 218629853, "id": 1494920720366768130, "text": "Up Watching Clockers for the 1st time as an adult."}, {"author_id": 861683954, "id": 1494906368255578113, "text": "RT @ClockerAD: The Clockers Wrestling team has 4 athletes moving onto the semi-finals of the D3 State Tournament. More results to come as w\u2026"}, {"author_id": 861683954, "id": 1494906335342862337, "text": "RT @ClockerAD: Big day for the Clockers as both the Wrestling team (states) and Cheer team (TVL's) have competitions.  GO CLOCKERS! @AHSClo\u2026"}, {"author_id": 861683954, "id": 1494906215138217987, "text": "RT @ClockerAD: UPDATE: Matt Gillis has advanced to the semi-finals #Clockers"}, {"author_id": 861683954, "id": 1494906200663760900, "text": "RT @ClockerAD: WRESTLING UPDATE: Both Adrian Guzman and Anton Puhach have advanced to the semi-final round of the D3 State Meet; Matt Gilli\u2026"}, {"author_id": 861683954, "id": 1494906107315335169, "text": "RT @ClockerAD: Cheer performing at TVL\u2019s\u2026GO CLOCKERS! @AHSClockerCheer @ClockerClub @ClockerNation @Kstcoeur @MrsELachapelle @Ms_Sullivan_A\u2026"}, {"author_id": 892199029, "id": 1494827810711433219, "text": "RT @adios_allan: From \u2018Clockers\u2019(1995) Spike Lee GOAT of dolly shots. https://t.co/WigHOSWcbD"}, {"author_id": 426302413, "id": 1494817115848773633, "text": "RT @ClockerAD: Cheer performing at TVL\u2019s\u2026GO CLOCKERS! @AHSClockerCheer @ClockerClub @ClockerNation @Kstcoeur @MrsELachapelle @Ms_Sullivan_A\u2026"}, {"author_id": 361001728, "id": 1494810280228003842, "text": "RT @ClockerAD: Cheer performing at TVL\u2019s\u2026GO CLOCKERS! @AHSClockerCheer @ClockerClub @ClockerNation @Kstcoeur @MrsELachapelle @Ms_Sullivan_A\u2026"}, {"author_id": 809659190, "id": 1494807638290448387, "text": "Cheer performing at TVL\u2019s\u2026GO CLOCKERS! @AHSClockerCheer @ClockerClub @ClockerNation @Kstcoeur @MrsELachapelle @Ms_Sullivan_AHS https://t.co/uMqVKkr7eB"}, {"author_id": 361001728, "id": 1494804848361025547, "text": "RT @ClockerAD: The Clockers Wrestling team has 4 athletes moving onto the semi-finals of the D3 State Tournament. More results to come as w\u2026"}, {"author_id": 809659190, "id": 1494794198477852676, "text": "The Clockers Wrestling team has 4 athletes moving onto the semi-finals of the D3 State Tournament. More results to come as we still have 3 (Liam Fleming, Peter Gigliotti, and Nate Cavanaugh) looking to make it to Day 2. @ClockerClub @Kstcoeur @MrsELachapelle @Ms_Sullivan_AHS https://t.co/IKGJBlCW0q"}, {"author_id": 51568161, "id": 1494783488561721345, "text": "RT @HHBITD: On set!! #SpikeLee #Movie #90s #Clockers \ud83d\udd25\ud83d\udd25\ud83d\udca5\ud83d\udca5 https://t.co/HFwnrs1zgb"}, {"author_id": 809659190, "id": 1494779234732105733, "text": "UPDATE: Matt Gillis has advanced to the semi-finals #Clockers"}, {"author_id": 156350237, "id": 1494775609381335044, "text": "RT @ClockerAD: WRESTLING UPDATE: Both Adrian Guzman and Anton Puhach have advanced to the semi-final round of the D3 State Meet; Matt Gilli\u2026"}, {"author_id": 809659190, "id": 1494775485712248836, "text": "WRESTLING UPDATE: Both Adrian Guzman and Anton Puhach have advanced to the semi-final round of the D3 State Meet; Matt Gillis and Patrick Deslauriers have quarter-final matches coming up. #Clockers @ClockerClub @ClockerNation @Kstcoeur @MrsELachapelle @Ms_Sullivan_AHS"}, {"author_id": 1463626021706498048, "id": 1494770472168280066, "text": "@GingerGinGauche @BrettBaldridge @ComicBook Raging Bull, The Departed, Clockers, Taxi Driver, Gangs Of New York, The Aviator, Wolf Of Wall Street, Casino, Mean Streets, Cape Fear, The Last Temptation of Christ. All of them Academy Award contenders or winners and not a single CGI or green screen to make them happen."}, {"author_id": 809659190, "id": 1494676889981628416, "text": "Big day for the Clockers as both the Wrestling team (states) and Cheer team (TVL's) have competitions.  GO CLOCKERS! @AHSClockerCheer @ClockerClub @ClockerNation @Kstcoeur @MrsELachapelle @Ms_Sullivan_AHS @AshlandSuper https://t.co/Z44sdOyDco"}, {"author_id": 172486627, "id": 1494608238683303938, "text": "RT @rogerpsan: @ClockworkLondon Morning Clockers... It's been a while. Are you fit and well? As we're doing 92...you know what I'm going to\u2026"}, {"author_id": 298992089, "id": 1494604197496512512, "text": "@ClockworkLondon Morning Clockers... It's been a while. Are you fit and well? As we're doing 92...you know what I'm going to ask for. Satin Storm for all the Tasco massive"}, {"author_id": 172486627, "id": 1494590140953604112, "text": "RT @ReeceDanns: @ClockworkLondon  morning clockers \ud83d\ude0e\ud83d\udd25\ud83d\udd0a\u2764\ufe0f @eruptionradiouk hope ya well geezer"}, {"author_id": 103352150, "id": 1494587681266937908, "text": "@ClockworkLondon  morning clockers \ud83d\ude0e\ud83d\udd25\ud83d\udd0a\u2764\ufe0f @eruptionradiouk hope ya well geezer"}, {"author_id": 945892260591349761, "id": 1494582907624697870, "text": "Wednesday. Thursday. Friday. Saturday. Sunday. Only really clockers will understand \ud83d\ude43\ud83e\udd72"}, {"author_id": 172486627, "id": 1494581717771956247, "text": "RT @tottenhamx: @ClockworkLondon morning clockers hope you are well mate #MorningGlory #wickedstuff"}, {"author_id": 390284936, "id": 1494579954515775488, "text": "@nielsonTSN1260 #6o\u2019clockers #AmNasty https://t.co/mkV6DJXR0d"}, {"author_id": 199844657, "id": 1494576957824155649, "text": "@ClockworkLondon morning clockers hope you are well mate #MorningGlory #wickedstuff"}, {"author_id": 44463553, "id": 1494570458301280269, "text": "@Charmin_Harmon You seen the movie clockers?"}, {"author_id": 3024446446, "id": 1494525320451428354, "text": "From \u2018Clockers\u2019(1995) Spike Lee GOAT of dolly shots. https://t.co/WigHOSWcbD"}, {"author_id": 148393916, "id": 1494473668004614144, "text": "@engines201 For sports!! No, just for 4 O clockers!"}, {"author_id": 361001728, "id": 1494468246531158019, "text": "RT @AshlandTrackXC: Our SuperFans are ready to cheer on the Clockers at Divisionals! @ClockerAD https://t.co/jNjN3URxRs"}, {"author_id": 809659190, "id": 1494459415973535754, "text": "RT @AshlandTrackXC: Our SuperFans are ready to cheer on the Clockers at Divisionals! @ClockerAD https://t.co/jNjN3URxRs"}, {"author_id": 861683954, "id": 1494459174234828803, "text": "RT @ClockerAD: Boys Hoop finishes league play strong with a win over a tough Westwood team. Jake Rymsza lead the way with 16 points and Luk\u2026"}, {"author_id": 861683954, "id": 1494459019741876230, "text": "RT @ClockerAD: Good luck to our @AshlandTrackXC athletes competing at tonight\u2019s D4 Indoor Track Meet, GO CLOCKERS! @ClockerClub @ClockerNat\u2026"}, {"author_id": 861683954, "id": 1494458960916758529, "text": "RT @ClockerHoops: Clockers win their final home game of the season, 56-51, over Westwood. Gritty effort on both ends of the floor. Boys wra\u2026"}, {"author_id": 1112157054385508353, "id": 1494449981146677249, "text": "RT @AshlandTrackXC: Our SuperFans are ready to cheer on the Clockers at Divisionals! @ClockerAD https://t.co/jNjN3URxRs"}, {"author_id": 2444614512, "id": 1494443522367315971, "text": "RT @HHBITD: On set!! #SpikeLee #Movie #90s #Clockers \ud83d\udd25\ud83d\udd25\ud83d\udca5\ud83d\udca5 https://t.co/HFwnrs1zgb"}, {"author_id": 2490164682, "id": 1494439346547605513, "text": "Our SuperFans are ready to cheer on the Clockers at Divisionals! @ClockerAD https://t.co/jNjN3URxRs"}, {"author_id": 17988890, "id": 1494438022481330180, "text": "RT @HHBITD: On set!! #SpikeLee #Movie #90s #Clockers \ud83d\udd25\ud83d\udd25\ud83d\udca5\ud83d\udca5 https://t.co/HFwnrs1zgb"}, {"author_id": 1464210359875682304, "id": 1494433179913969665, "text": "RT @HHBITD: On set!! #SpikeLee #Movie #90s #Clockers \ud83d\udd25\ud83d\udd25\ud83d\udca5\ud83d\udca5 https://t.co/HFwnrs1zgb"}, {"author_id": 2744551294, "id": 1494426556776820737, "text": "RT @HHBITD: On set!! #SpikeLee #Movie #90s #Clockers \ud83d\udd25\ud83d\udd25\ud83d\udca5\ud83d\udca5 https://t.co/HFwnrs1zgb"}, {"author_id": 279093609, "id": 1494409069414830089, "text": "RT @HHBITD: On set!! #SpikeLee #Movie #90s #Clockers \ud83d\udd25\ud83d\udd25\ud83d\udca5\ud83d\udca5 https://t.co/HFwnrs1zgb"}, {"author_id": 2976068345, "id": 1494403038118821888, "text": "RT @HHBITD: On set!! #SpikeLee #Movie #90s #Clockers \ud83d\udd25\ud83d\udd25\ud83d\udca5\ud83d\udca5 https://t.co/HFwnrs1zgb"}, {"author_id": 2225062639, "id": 1494401402302566400, "text": "On set!! #SpikeLee #Movie #90s #Clockers \ud83d\udd25\ud83d\udd25\ud83d\udca5\ud83d\udca5 https://t.co/HFwnrs1zgb"}, {"author_id": 1483821731924094979, "id": 1494383233890410501, "text": "Note to self: \nRemember to finish Mars Attacks, Clockers and The Handmaiden before people start judging you"}, {"author_id": 1429868695397060609, "id": 1494340834451509248, "text": "RT @ClockerAD: Good luck to our @AshlandTrackXC athletes competing at tonight\u2019s D4 Indoor Track Meet, GO CLOCKERS! @ClockerClub @ClockerNat\u2026"}, {"author_id": 943514291625496576, "id": 1494312651614216193, "text": "@tiger76125 @rendle_tina @westdorsetrick @project_revise @copperwormUK @BulaThe1andOnly @jojo1406 @nuggetbonce @music_mmi @VeeBear @TheRockFairyHQ @amongstliars @aka_natrat @andyfinlay07 @AnneEstellaRock @rushworth_peter Morning Blue and all our rock around the clockers \ud83e\udd70\ud83e\udd70\ud83e\udd70 hope you are well my friend \u263a\ufe0f"}, {"author_id": 2209168753, "id": 1494302454648750093, "text": "@Yamscasino I never seen him not be great.\nMy favorite line from him in clockers is when he told strike \" i will put this gun in yo hot mouf and blow your brains out all over this Corinthian leather\" I believed him."}, {"author_id": 361001728, "id": 1494292594385473540, "text": "RT @ClockerAD: Good luck to our @AshlandTrackXC athletes competing at tonight\u2019s D4 Indoor Track Meet, GO CLOCKERS! @ClockerClub @ClockerNat\u2026"}, {"author_id": 809659190, "id": 1494292570050027520, "text": "Good luck to our @AshlandTrackXC athletes competing at tonight\u2019s D4 Indoor Track Meet, GO CLOCKERS! @ClockerClub @ClockerNation @Kstcoeur @MrsELachapelle @Ms_Sullivan_AHS @AshlandSuper https://t.co/4xzslTVTqV"}, {"author_id": 2398178286, "id": 1494252843892621317, "text": "Wat up 5o clockers"}, {"author_id": 361001728, "id": 1494236645184491523, "text": "RT @ClockerAD: Boys Hoop finishes league play strong with a win over a tough Westwood team. Jake Rymsza lead the way with 16 points and Luk\u2026"}, {"author_id": 361001728, "id": 1494236458177253376, "text": "RT @ClockerHoops: Clockers win their final home game of the season, 56-51, over Westwood. Gritty effort on both ends of the floor. Boys wra\u2026"}, {"author_id": 1312629959114981376, "id": 1494185137944158208, "text": "https://t.co/zXCEKv3zlX \"Get your hand out of my pocket.\" #Clockers #ASpikeLeeJoint #twitrunderworld #beadvised #topofgoogle #InRealTime"}, {"author_id": 2233309986, "id": 1494183067703025667, "text": "Powerful performance in Lee's Clockers. https://t.co/MSwBUjdb9c"}, {"author_id": 18572884, "id": 1494135237449760779, "text": "Later, same song: \"The clockers born starin' at an empty plate.  Mama's torn hands cover her sunken face.  We hungry, but them belly full.  The structure is set, you never change it with a ballot pull.\""}, {"author_id": 1050957517382139905, "id": 1494134177154965513, "text": "@PattyCsPoint Wire writer Richard Price lifted it from his book \u201cClockers\u201d"}, {"author_id": 43792456, "id": 1494125653402206208, "text": "RT @ClockerHoops: Clockers win their final home game of the season, 56-51, over Westwood. Gritty effort on both ends of the floor. Boys wra\u2026"}, {"author_id": 1260352578598076423, "id": 1494119878432804867, "text": "Clockers win their final home game of the season, 56-51, over Westwood. Gritty effort on both ends of the floor. Boys wrap up their season in the Davenport Tournament at Sharon starting on Sunday. #Responsibility #Pride #Toughness"}, {"author_id": 809659190, "id": 1494116357117468677, "text": "Boys Hoop finishes league play strong with a win over a tough Westwood team. Jake Rymsza lead the way with 16 points and Luke Herter followed with 14 and controlled the paint. #Clockers @ClockerHoops @WhipClyburn @Kstcoeur @MrsELachapelle @Ms_Sullivan_AHS @WHSAthletics1 https://t.co/U988Lokm67"}, {"author_id": 1241818901715001348, "id": 1494115136050806787, "text": "@mrbrianrowe They missed him with Clockers, missed him BIG with Da 5 Bloods (a movie I didn\u2019t love, but he was magnetic in every scene)"}, {"author_id": 809659190, "id": 1494101273460854789, "text": "At the half, Boys Hoop leads Westwood by 8. Big second half coming up. #Clockers @ClockerHoops @ClockerClub @ClockerNation @Kstcoeur @MrsELachapelle @Ms_Sullivan_AHS @WHSAthletics1 https://t.co/W0DhCWD0RM"}, {"author_id": 861683954, "id": 1494100826633211904, "text": "RT @ClockerAD: Wednesday, 2/16 Game Schedule, GO CLOCKERS! @ClockerHoops @dave1tall @MedfieldAD @BhamAthletics @WHSAthletics1 @ClockerClub\u2026"}, {"author_id": 809659190, "id": 1494093135114297351, "text": "We\u2019ve tipped off here as the Clockers host Westwood in the TVL finale. #Clockers @WHSAthletics1 @ClockerClub @ClockerHoops @Kstcoeur @MrsELachapelle @Ms_Sullivan_AHS @ClockerNation https://t.co/Q3tgYYL0qI"}, {"author_id": 361001728, "id": 1494088919679483906, "text": "RT @ClockerHoops: Clockers finish out the home portion of the schedule tonight, hosting Westwood in our final TVL game of the season. Tip i\u2026"}, {"author_id": 1260352578598076423, "id": 1494066896626491408, "text": "Clockers finish out the home portion of the schedule tonight, hosting Westwood in our final TVL game of the season. Tip is set for 6:30 PM. #ClockerPride #ToughTogether"}, {"author_id": 809659190, "id": 1494012904806522884, "text": "Wednesday, 2/16 Game Schedule, GO CLOCKERS! @ClockerHoops @dave1tall @MedfieldAD @BhamAthletics @WHSAthletics1 @ClockerClub @Kstcoeur @MrsELachapelle @Ms_Sullivan_AHS @AshlandSuper https://t.co/kZjJZ7zzlC"}, {"author_id": 25631054, "id": 1493995562202447876, "text": "I\u2019m that order. Except Clockers and he got Game are interchangeable."}, {"author_id": 18882090, "id": 1493989535570706445, "text": "RT @TheeJREWIN: He got game. Clockers. Do the right thing. Malcolm X. Crooklyn."}]