[{"author_id": 1699280545, "id": 1495284544693485568, "text": "RT @parissmedia: You drove all the way to Cobb to make a song about not being from Atlanta? Lol"}, {"author_id": 730569338256785410, "id": 1495283794030604292, "text": "RT @kodakk6000: This video was shot in Cobb county \ud83d\ude02"}, {"author_id": 616608467, "id": 1495283733577879552, "text": "RT @PeterAskin1: Cobb County Animal Services is located at:\n1060 Al Bishop Dr. Marietta, GA 30008\n(770) 499-4136\nHours for Adoptions and Re\u2026"}, {"author_id": 1236053172109611008, "id": 1495283466136662017, "text": "RT @maedictus: i want to see cobb and fennec again so so bad #starwars https://t.co/VqYZnGrHgM"}, {"author_id": 1083176152011866115, "id": 1495283010211655682, "text": "RT @parissmedia: You drove all the way to Cobb to make a song about not being from Atlanta? Lol"}, {"author_id": 4455774987, "id": 1495282855353753605, "text": "@JCain_6 @EstherJ14349415 @GAFollowers Smyrna in cobb county, not in atlanta. its next to cumberland mall. Marietta is closer to truist than Atlanta is"}, {"author_id": 17527626, "id": 1495282760558153728, "text": "Cobb salad is the best breakfast salad."}, {"author_id": 1248385498805964800, "id": 1495282596409790466, "text": "RNAV IFR Approach Procedure for Cobb County-Mc Collum Field (KRYY), a medium airport in Atlanta, GA https://t.co/ykqyAXjMrs"}, {"author_id": 1363119743436083205, "id": 1495282588172181505, "text": "If it is Rangers of the New Republic, I can see Cobb Vanth playing one of the leads along Carson Teva. I really want this show to happen and Watts will be perfect for this show."}, {"author_id": 1226741428744794112, "id": 1495282235271954433, "text": "RT @bleucapone: Omeretta really drove all the way to Cobb County to shoot a video to tell niggas they not really from Atlanta. Shawty had O\u2026"}, {"author_id": 37325097, "id": 1495282135002980354, "text": "RT @msaridenise: Y\u2019all steady talking bout Omeretta  driving all the way to Cobb like y\u2019all don\u2019t see that she at the braves stadium the br\u2026"}, {"author_id": 2367286592, "id": 1495282044594798596, "text": "@Gefionnes They might lowkey know him as a pilot probably? If Cobb watched the second Death Star blow up on space TV, the First one must have made it into the news too?"}, {"author_id": 2290635734, "id": 1495281744815304704, "text": "RT @bleucapone: Omeretta really drove all the way to Cobb County to shoot a video to tell niggas they not really from Atlanta. Shawty had O\u2026"}, {"author_id": 1112896007774371840, "id": 1495281644579786753, "text": "0.74 magnitude earthquake occurred at 5789 High Valley Rd, Cobb, CA 95426, United States on 2022-02-20 06:08:54 UTC\nMap: https://t.co/sEZU426C7m\n#earthb0t #earthquake  #5789HighValleyRd #Cobb #CA95426 #UnitedStates #noaa #greatshakeout #LetsBeSafe #OpenData #data https://t.co/iOyeSreJQV"}, {"author_id": 1416121512994623488, "id": 1495281640297594882, "text": "RT @maedictus: i want to see cobb and fennec again so so bad #starwars https://t.co/VqYZnGrHgM"}, {"author_id": 26369844, "id": 1495281086066274305, "text": "RT @fordincobb: din\u2019s hand shaking as he points his blaster at cad bane after learning that he has \u201ckilled\u201d cobb vanth. https://t.co/Sjhl9b\u2026"}, {"author_id": 1280923220191870977, "id": 1495280913034498055, "text": "@heartofhippie @stevozone4_ My address say Atlanta and I\ufe0f live in Cobb"}, {"author_id": 1301559874904612865, "id": 1495280514932031488, "text": "I 100% should play Cobb vanths kid, and my only course of saying why is i kinda sorta look like him and also please i really want to https://t.co/1YctSGyXQg"}, {"author_id": 1020741784413106176, "id": 1495280483164323842, "text": "RT @fordincobb: din\u2019s hand shaking as he points his blaster at cad bane after learning that he has \u201ckilled\u201d cobb vanth. https://t.co/Sjhl9b\u2026"}, {"author_id": 1108016134442373120, "id": 1495280468417298432, "text": "Help us stop the blight!! @naibg refuses to clean up this unsafe  property  https://t.co/68vzuypXam   #fail  #CRE #CREATL #Atlanta @cobbcountygovt"}, {"author_id": 966798690491891712, "id": 1495280186173968388, "text": "RT @maedictus: i want to see cobb and fennec again so so bad #starwars https://t.co/VqYZnGrHgM"}, {"author_id": 2238942602, "id": 1495280065248206849, "text": "38.8349991, -122.8013306 Nuke please. Target 7km WNW of Cobb, CA Sun 20 Feb 2022 06:12:02 AM UTC."}, {"author_id": 1414684496, "id": 1495279941516251139, "text": "USGS reports a M0.74 earthquake, 7km WNW of Cobb, CA on 2/20/22 @ 6:08:54 UTC https://t.co/vOBMzaTmP7 #earthquake"}, {"author_id": 1004199310307790848, "id": 1495279637571768321, "text": "Cobb Wine Game, Then Is Banished. (05/02/1908) https://t.co/0toGjyDEeK"}, {"author_id": 131393599, "id": 1495279589035180032, "text": "RT @NardBell: They got the CNN Center and the falcons stadium and State Farm arena but these hoes up in Cobb talking about what\u2019s not Atlan\u2026"}, {"author_id": 1266477476600934400, "id": 1495279586988290051, "text": "RT @maedictus: i want to see cobb and fennec again so so bad #starwars https://t.co/VqYZnGrHgM"}, {"author_id": 62906962, "id": 1495279429496549376, "text": "RT @gewj2391: Cobb County Legends"}, {"author_id": 2196242980, "id": 1495279379517251587, "text": "She in Cobb county talking this shit mane \ud83e\udd23\ud83e\udd23 https://t.co/o6lVC9Dio5"}, {"author_id": 397484840, "id": 1495279245689507841, "text": "RT @maedictus: i want to see cobb and fennec again so so bad #starwars https://t.co/VqYZnGrHgM"}, {"author_id": 152368541, "id": 1495279105406902272, "text": "RT @OneNuwop: Forrest park, Cobb county, HENRY county."}, {"author_id": 1341259432207011841, "id": 1495278935604703237, "text": "RT @kodakk6000: This video was shot in Cobb county \ud83d\ude02"}, {"author_id": 1078743773264388097, "id": 1495278755161518080, "text": "RT @maedictus: i want to see cobb and fennec again so so bad #starwars https://t.co/VqYZnGrHgM"}, {"author_id": 21468334, "id": 1495278029894914052, "text": "Timothy Olyphant as Cobb Vanth doing this whole old town marshal of Mos Pelgo makes me want to revisit #Justified. #TheBookOfBobaFett #TheMandalorian https://t.co/kGPrMPavtE"}, {"author_id": 98282267, "id": 1495277925532372992, "text": "RT @kodakk6000: This video was shot in Cobb county \ud83d\ude02"}, {"author_id": 1256382864192503808, "id": 1495277737787150336, "text": "RT @maedictus: i want to see cobb and fennec again so so bad #starwars https://t.co/VqYZnGrHgM"}, {"author_id": 739323656921174019, "id": 1495277728689385473, "text": "RT @maedictus: i want to see cobb and fennec again so so bad #starwars https://t.co/VqYZnGrHgM"}, {"author_id": 268681024, "id": 1495277368746852359, "text": "RT @bleucapone: Omeretta really drove all the way to Cobb County to shoot a video to tell niggas they not really from Atlanta. Shawty had O\u2026"}, {"author_id": 3296413058, "id": 1495276832161206272, "text": "Dang I could really go for a Cobb salad from chik fil a."}, {"author_id": 1426313267484532738, "id": 1495276730734432256, "text": "Forrest park, Cobb county, HENRY county. https://t.co/x1TSGhU2aK"}, {"author_id": 1000353058834997248, "id": 1495276701924102146, "text": "RT @maedictus: i want to see cobb and fennec again so so bad #starwars https://t.co/VqYZnGrHgM"}, {"author_id": 340132759, "id": 1495276658949074944, "text": "@jowrotethis Do you think we would\u2019ve been better off without Boba Fett\u2019s return and Cobb Vanth still wearing the armor? I feel like Boba comes across as Mando\u2019s buzzkill dad while Cobb would\u2019ve carried on Boba\u2019s Star Wars legacy as a cool looking side character."}, {"author_id": 1345550471235313664, "id": 1495276334544826370, "text": "Hes likely the only really big cut. Others peobably will be Lowry, maybe Crosby. Cobb may get cut but would be back at the minimum if Rodgers comes back. Everyone else gets restructured https://t.co/R6HTBXqnry"}, {"author_id": 1069672610672320512, "id": 1495276262369206277, "text": "#15. Weezer - Pacific Sunset Cover By Billy.Cobb\nhttps://t.co/mdIvtAQDix"}, {"author_id": 783418727094034432, "id": 1495276207121653766, "text": "RT @BigHomieDel: How you in Cobb talking about what\u2019s not Atlanta???? \ud83e\udd23\ud83e\udd23\ud83e\udd23\u2757\ufe0f"}, {"author_id": 1341403487612137474, "id": 1495275526285856770, "text": "RT @maedictus: i want to see cobb and fennec again so so bad #starwars https://t.co/VqYZnGrHgM"}, {"author_id": 26934194, "id": 1495275293086560263, "text": "@eleven8 As she shoots her video at Truist Park, which is in Cobb County, which you guessed it, is not Alanna.\n\ud83d\ude02\ud83d\ude02\ud83d\ude02\ud83d\ude02\ud83d\ude02"}, {"author_id": 1287588568781606913, "id": 1495275105739362304, "text": "RT @maedictus: i want to see cobb and fennec again so so bad #starwars https://t.co/VqYZnGrHgM"}, {"author_id": 1487963452207476742, "id": 1495274995546787840, "text": "@NilesGApol Us Cobb County residents deserve better"}, {"author_id": 51235955, "id": 1495274656751927302, "text": "RT @wsbtv: The owners said they think a woman cased the store days earlier and told the two burglars what to steal.  https://t.co/YW7DE1jQrK"}, {"author_id": 85329284, "id": 1495274525432455171, "text": "Boys https://t.co/TMcGyJiluC"}, {"author_id": 62906962, "id": 1495274524396466179, "text": "Boys https://t.co/aq4hCv7HiI"}, {"author_id": 1416944136683495425, "id": 1495274338425180166, "text": "@anjan_pn Archer is a shout but I\u2019m pretty sure Brian Cage is trying like hell to leave for the other place. Jeff Cobb is a pipe dream at this point. No way they\u2019re getting him back."}, {"author_id": 20015783, "id": 1495273957888516100, "text": "Lmao now this I don\u2019t know cause I went to private school and Cobb County schools but I\u2019m gonna guess and say GA Dome https://t.co/0ZkiFTCgkC"}, {"author_id": 6210832, "id": 1495273935151284228, "text": "RT @NilesGApol: Georgia is an increasingly urban and metropolitan state. A Public Service Commissioner from Dade County should not be regul\u2026"}, {"author_id": 399664924, "id": 1495273453775110145, "text": "RT @NilesGApol: Georgia is an increasingly urban and metropolitan state. A Public Service Commissioner from Dade County should not be regul\u2026"}, {"author_id": 1062983729025560576, "id": 1495273316038365185, "text": "RT @maedictus: i want to see cobb and fennec again so so bad #starwars https://t.co/VqYZnGrHgM"}, {"author_id": 26334153, "id": 1495272979772723202, "text": "RT @maedictus: i want to see cobb and fennec again so so bad #starwars https://t.co/VqYZnGrHgM"}, {"author_id": 233386419, "id": 1495272966376013824, "text": "RT @LewisBspeaks: Omeretta teaching us where Atlanta is from Cobb County\u2026.\n\n\ud83e\udd14"}, {"author_id": 2334336085, "id": 1495272948634054656, "text": "RT @huntersdjarin: Din Djarin and Cobb Vanth together mean literally everything to me https://t.co/0BIIC1OzxH"}, {"author_id": 1108016134442373120, "id": 1495272916858306560, "text": "Help us stop the blight!! @naibg refuses to clean up this Shameful  property  https://t.co/68vzuyquZU   #fail  #CRE #CREATL #Atlanta @cobbcountygovt"}, {"author_id": 1081036814381707264, "id": 1495272912634486784, "text": "RT @kodakk6000: This video was shot in Cobb county \ud83d\ude02"}, {"author_id": 18067164, "id": 1495272808414384128, "text": "Now playing What Love brings Together by Johnny Cobb! (https://t.co/ntjRnm5rag)"}, {"author_id": 998573295044874241, "id": 1495272646031859713, "text": "Georgia is an increasingly urban and metropolitan state. A Public Service Commissioner from Dade County should not be regulating utility bills for people in Cobb County."}, {"author_id": 1314190284612349952, "id": 1495272613073014787, "text": "@KenIngalls @btwice0412 @AndyHermanNFL Never said it was complicated. I just think there\u2019s a world where Amos is extended especially w/a Rodgers extension.\n\nWhat\u2019s the cap look like if we cut Z, Crosby, Cobb, Lewis &amp; Turner (post 6/1). Then we extend Rodgers, Jaire, Preston &amp; Amos. Restructure Bak, Clark &amp; Jones?"}, {"author_id": 154262466, "id": 1495272573474643968, "text": "RT @kodakk6000: This video was shot in Cobb county \ud83d\ude02"}, {"author_id": 821500546729308160, "id": 1495272153251344390, "text": "RT @maedictus: i want to see cobb and fennec again so so bad #starwars https://t.co/VqYZnGrHgM"}, {"author_id": 782689365306646528, "id": 1495272126097539075, "text": "RT @kodakk6000: This video was shot in Cobb county \ud83d\ude02"}, {"author_id": 1445116881279586311, "id": 1495272070766288899, "text": "In the top photo, Arlene Cobb (Johnson) is the black woman pictured center with the sleeveless dress. She's at the Pacific Fleet Ball in California June 1982. In the bottom photo Arlene is pictured left standing next to  what is now her ex husband Reggie. https://t.co/MefPEiG8by"}, {"author_id": 1413827931101609986, "id": 1495271882186272770, "text": "RT @maedictus: i want to see cobb and fennec again so so bad #starwars https://t.co/VqYZnGrHgM"}, {"author_id": 1064909097882083328, "id": 1495271578267013127, "text": "RT @maedictus: i want to see cobb and fennec again so so bad #starwars https://t.co/VqYZnGrHgM"}, {"author_id": 1040369008262836224, "id": 1495271203220586497, "text": "din djarin and cobb vanth kiss challenge 2022"}, {"author_id": 2636429883, "id": 1495271120672641030, "text": "RT @kodakk6000: This video was shot in Cobb county \ud83d\ude02"}, {"author_id": 1354850363027968012, "id": 1495271069082660866, "text": "RT @maedictus: i want to see cobb and fennec again so so bad #starwars https://t.co/VqYZnGrHgM"}, {"author_id": 2334336085, "id": 1495270911247007747, "text": "RT @maedictus: i want to see cobb and fennec again so so bad #starwars https://t.co/VqYZnGrHgM"}, {"author_id": 2462861832, "id": 1495270853621305344, "text": "RT @maedictus: i want to see cobb and fennec again so so bad #starwars https://t.co/VqYZnGrHgM"}, {"author_id": 49895966, "id": 1495270799401385985, "text": "@TheLizzard06 @JoshuaDenbeaux @grupp_arthur @harrylitman Or taking them from online correspondence colleges, since when you've lost everyone from Michael Cohen to Jay Sekulow to Ty Cobb, the pickin's from there get mighty slim...."}, {"author_id": 15745428, "id": 1495270769894559746, "text": "RT @maedictus: i want to see cobb and fennec again so so bad #starwars https://t.co/VqYZnGrHgM"}, {"author_id": 1183115935579803648, "id": 1495270764093784065, "text": "RT @maedictus: i want to see cobb and fennec again so so bad #starwars https://t.co/VqYZnGrHgM"}, {"author_id": 2616202674, "id": 1495270488859295744, "text": "RT @maedictus: i want to see cobb and fennec again so so bad #starwars https://t.co/VqYZnGrHgM"}, {"author_id": 3160230242, "id": 1495270460799524864, "text": "@tencor_7144 Cobb will probably revert a little bit. Gary black the AG commissioner in Georgia only lost it by 3 in 2018"}, {"author_id": 854532807321731075, "id": 1495270412711653379, "text": "RT @maedictus: i want to see cobb and fennec again so so bad #starwars https://t.co/VqYZnGrHgM"}, {"author_id": 1323800282019618816, "id": 1495270309343248386, "text": "RT @PGHCityPaper: Keith Hamilton Cobb has done a lot in his long career as an actor and writer.  In his new play American Moor, he examines\u2026"}, {"author_id": 772570187728027648, "id": 1495270248013914116, "text": "RT @maedictus: i want to see cobb and fennec again so so bad #starwars https://t.co/VqYZnGrHgM"}, {"author_id": 1410669386864762888, "id": 1495269924377444354, "text": "RT @maedictus: i want to see cobb and fennec again so so bad #starwars https://t.co/VqYZnGrHgM"}, {"author_id": 504866997, "id": 1495269878856617985, "text": "How does one make a song about what is and isn't ATL, but doesn't know what ATL is herself? I'm done lol. It's no wonder she made her vid in Cobb Co. This baby knows nothing outside of her neighborhood. \ud83d\ude02 https://t.co/jq5VGtBaXO"}, {"author_id": 15196251, "id": 1495269826624905223, "text": "Like this song. (You know this will be much discussed. The hilarity/irony of filming in Cobb. Oh, but it did sting when the Braves moved out there. Said by the woman who grew up in Washington State)\nOmerett\u00e0 The Great - Sorry Not Sorry (Official Video) https://t.co/W3Xvciq488"}, {"author_id": 182426796, "id": 1495269814423760906, "text": "@GAFollowers Chiiile I don't even know who this is \ud83d\ude29\ud83d\udc80. Regardless she can't tell me shit bout Cobb or Atlanta"}, {"author_id": 1005570449064030209, "id": 1495269647800848387, "text": "RT @NotplxyboiAli: Omeretta talkin bout who from Atlanta and who not but filming at Truist Park in Cobb county https://t.co/Ktwmd2yUUZ"}, {"author_id": 1147203768, "id": 1495269628444131328, "text": "RT @Armondsthoughts: @gaunt_x @GAFollowers Don't let that fool you, Atlanta literally paid to get just the park address. They want part of\u2026"}, {"author_id": 1439092866752655361, "id": 1495269594973585408, "text": "RT @maedictus: i want to see cobb and fennec again so so bad #starwars https://t.co/VqYZnGrHgM"}, {"author_id": 1451038236445450244, "id": 1495269566129360896, "text": "@TH17HOF I get where you\u2019re coming from, because Cobb was absolutely a beast. I think Ted\u2019s prime was a little better, which is why I have rank him above Cobb. But I don\u2019t fight that hard against having Cobb in the top 5. Four 200 or greater OPS+ seasons is all-time stuff."}, {"author_id": 1029395461986123776, "id": 1495269364190179332, "text": "RT @maedictus: i want to see cobb and fennec again so so bad #starwars https://t.co/VqYZnGrHgM"}, {"author_id": 613551277, "id": 1495269330904584192, "text": "RT @Slash: 4 - the new album by Slash ft. Myles Kennedy &amp; The Conspirators, produced by Dave Cobb, is available everywhere now.\n\nSTREAM/PUR\u2026"}, {"author_id": 1373826508234616836, "id": 1495268955254108161, "text": "RT @greg_doucette: Cops committing sex crimes involving children is common\n\n15-year veteran, distributing child porn to his fellow pedos wh\u2026"}, {"author_id": 2344420430, "id": 1495268850622992384, "text": "$GRNA:\n\nNew Insider Filing on GreenLight Biosciences Holdings, PBC's\n\nChief Operating Officer\n\nCAROLE B COBB:\n\nhttps://t.co/E8dh2sd5qG"}, {"author_id": 1125321460933898240, "id": 1495268673849905152, "text": "RT @maedictus: i want to see cobb and fennec again so so bad #starwars https://t.co/VqYZnGrHgM"}, {"author_id": 1208025919602003969, "id": 1495267641325494276, "text": "Lolz that video really was shot in Cobb County tho \ud83d\ude2d"}]