[{"author_id": 1482590772541411334, "id": 1495284853834907648, "text": "@getStockal \nHi\nAchin Here,\nAs per my point of view during the use in night.\n* Please add the different -2 types Dark Color or theme at Stockal application* bcz Bad effects on eyes by light theme or light colour.\nRegards\nAchin kumar"}, {"author_id": 1479624205931098114, "id": 1495282547412312067, "text": "RT @BestrJestr46: had a dream deltarune ch 3 dropped last night and the secret boss of it was a little guy with slanted pointy sunglasses a\u2026"}, {"author_id": 984616608076312576, "id": 1495281992040075265, "text": "On the simple level of 'color palette at night' Hong Kong has every city in the world beat by a mile. https://t.co/dDMivwNATb"}, {"author_id": 1341799906734985216, "id": 1495279296964964354, "text": "You're the light, you're the night\nYou're the color of my blood\nYou're the cure, you're the pain\nYou're the only thing I wanna touch\nNever knew that it could mean so much"}, {"author_id": 1490413497578147868, "id": 1495278184690077700, "text": "The completed version of this artwork will be posted with fully color and finalize details with it. So be aware of this once I finish this drawing after I did posted. But for now I'm going to sleep because it's  late. Good night guys.\ud83d\ude34"}, {"author_id": 1308471096564281344, "id": 1495276819926245376, "text": "RT @BestrJestr46: had a dream deltarune ch 3 dropped last night and the secret boss of it was a little guy with slanted pointy sunglasses a\u2026"}, {"author_id": 73002253, "id": 1495276595757531136, "text": "Just stumbled upon color version of Under the Cherry Moon \ud83e\udd2f\ud83e\udd2f\ud83d\ude31 tonight is a really good night..about to watch it now #prince #thepurpleone"}, {"author_id": 1160719379727900672, "id": 1495276043560697858, "text": "RT @BestrJestr46: had a dream deltarune ch 3 dropped last night and the secret boss of it was a little guy with slanted pointy sunglasses a\u2026"}, {"author_id": 117553545, "id": 1495275591674867714, "text": "#NowPlaying on #CollegeUndergroundRadio Transient Wake - The Color of Night"}, {"author_id": 156135086, "id": 1495274911689965569, "text": "@RodGerardo Def not bad, you\u2019re probably busy and won\u2019t see you for the rest of the day. But had a day CNA interrupt nurse report to get report from night nurse because she didn\u2019t trust the cna report from someone who was not her color -_-. Even though she could have asked me when I was done"}, {"author_id": 180142389, "id": 1495273875935879168, "text": "RT @philmcrae: As I watch the \"freedom\" protest in Ottawa, both last night and today, I have not seen one person of color. What does this s\u2026"}, {"author_id": 834572923, "id": 1495272384722395138, "text": "RT @philmcrae: As I watch the \"freedom\" protest in Ottawa, both last night and today, I have not seen one person of color. What does this s\u2026"}, {"author_id": 1124019558, "id": 1495272038532988935, "text": "RT @astods: Quick demo of what Color Designers do! In Scanbo, I colored the 3 sections of VM waiting in the basement, through 3 lighting co\u2026"}, {"author_id": 1372041264749707280, "id": 1495271382498033664, "text": "RT @taromarklee: if shotaro is actually joining SMF it would really make sense, him suddenly posting a dance video, multiple hair color cha\u2026"}, {"author_id": 18534889, "id": 1495270244021157893, "text": "RT @philmcrae: As I watch the \"freedom\" protest in Ottawa, both last night and today, I have not seen one person of color. What does this s\u2026"}, {"author_id": 1076982983641444354, "id": 1495269011227095046, "text": "RT @philmcrae: As I watch the \"freedom\" protest in Ottawa, both last night and today, I have not seen one person of color. What does this s\u2026"}, {"author_id": 27281240, "id": 1495267013140221952, "text": "RT @DeOldify: This is NOT colorized.  Rather it's early color film from London in 1924, that one of us decided to run through our \"unified\u2026"}, {"author_id": 1477253759612895232, "id": 1495265400954802177, "text": "RT @DIZASTERBANNED: My living room earlier last year. \n\nwith a negative screwdriver i carved GTX one fast streak into a color changing card\u2026"}, {"author_id": 1342707575784148992, "id": 1495263312925315077, "text": "RT @TSTSoberFaction: Don\u2019t miss this Monday\u2019s 8pm ET meeting. Forget about President\u2019s Day this 2/21, we\u2019re coming out for our members of C\u2026"}, {"author_id": 421269986, "id": 1495262888663134217, "text": "RT @Tina69911364: Each second, as the picture changed\nBoth color and design,\nThe darkened clouds, color engulfed\nTo make a blurred outline.\u2026"}, {"author_id": 742762388, "id": 1495262694471266306, "text": "RT @GiglioMattia: With the Main Camera of the Samsung Galaxy S22 Ultra Note and Expertraw you don't to fear the night anymore.. this pictur\u2026"}, {"author_id": 974532513170259969, "id": 1495260842220216330, "text": "RT @philmcrae: As I watch the \"freedom\" protest in Ottawa, both last night and today, I have not seen one person of color. What does this s\u2026"}, {"author_id": 292693995, "id": 1495260451952857089, "text": "RT @philmcrae: As I watch the \"freedom\" protest in Ottawa, both last night and today, I have not seen one person of color. What does this s\u2026"}, {"author_id": 23037110, "id": 1495260224688689153, "text": "RT @GiglioMattia: With the Main Camera of the Samsung Galaxy S22 Ultra Note and Expertraw you don't to fear the night anymore.. this pictur\u2026"}, {"author_id": 1022319903338987520, "id": 1495259800631922691, "text": "RT @philmcrae: As I watch the \"freedom\" protest in Ottawa, both last night and today, I have not seen one person of color. What does this s\u2026"}, {"author_id": 1410042833168384003, "id": 1495259589922758663, "text": "@mtahmisian24 Color of your smile Night Ranger."}, {"author_id": 67763905, "id": 1495259391121108992, "text": "RT @philmcrae: As I watch the \"freedom\" protest in Ottawa, both last night and today, I have not seen one person of color. What does this s\u2026"}, {"author_id": 1293273187443265542, "id": 1495257844802859008, "text": "RT @philmcrae: As I watch the \"freedom\" protest in Ottawa, both last night and today, I have not seen one person of color. What does this s\u2026"}, {"author_id": 138524904, "id": 1495257647934840835, "text": "RT @philmcrae: As I watch the \"freedom\" protest in Ottawa, both last night and today, I have not seen one person of color. What does this s\u2026"}, {"author_id": 1109593590005723138, "id": 1495256145543380995, "text": "RT @philmcrae: As I watch the \"freedom\" protest in Ottawa, both last night and today, I have not seen one person of color. What does this s\u2026"}, {"author_id": 177545715, "id": 1495253744849760257, "text": "@lasterd80 @lalitsehgal21 @sondesix @yrishik @jmwilt21 @dalevon_digital 1st pic, the color is better from s22, but look at the dynamic range of Pixel, which looks better. For portrait, s22 has a slight edge. Night shots are mixed some looks better on Pixel while some looks better on s22. You cannot go wrong with either of these."}, {"author_id": 32513023, "id": 1495253428745818113, "text": "RT @philmcrae: As I watch the \"freedom\" protest in Ottawa, both last night and today, I have not seen one person of color. What does this s\u2026"}, {"author_id": 21368737, "id": 1495253038654578690, "text": "RT @bearspirit7: @OttawaPolice Maybe not Ottawa but tear gas was CERTAINLY used, &amp; rubber bullets!  1 or 2 green/brown shirt officers were\u2026"}, {"author_id": 21368737, "id": 1495252874292391939, "text": "@OttawaPolice Maybe not Ottawa but tear gas was CERTAINLY used, &amp; rubber bullets!  1 or 2 green/brown shirt officers were the isolated ones responsible?  Same color uniformed officers BEAT a Veteran @ War Memorial night before w/ butt of rifle! What about this for all? https://t.co/xvjfy0sMNs"}, {"author_id": 1041292662467260418, "id": 1495252549867393028, "text": "RT @taromarklee: if shotaro is actually joining SMF it would really make sense, him suddenly posting a dance video, multiple hair color cha\u2026"}, {"author_id": 265419095, "id": 1495251758247026688, "text": "RT @philmcrae: As I watch the \"freedom\" protest in Ottawa, both last night and today, I have not seen one person of color. What does this s\u2026"}, {"author_id": 1327729973902381056, "id": 1495250761260969987, "text": "RT @philmcrae: As I watch the \"freedom\" protest in Ottawa, both last night and today, I have not seen one person of color. What does this s\u2026"}, {"author_id": 4906005539, "id": 1495249550847930368, "text": "@maria_spinn You're the light, you're the night\nYou're the color of my blood\nYou're the cure, you're the pain"}, {"author_id": 1232620917706153984, "id": 1495249461781700610, "text": "RT @Tina69911364: Each second, as the picture changed\nBoth color and design,\nThe darkened clouds, color engulfed\nTo make a blurred outline.\u2026"}, {"author_id": 14665985, "id": 1495249039297630208, "text": "RT @philmcrae: As I watch the \"freedom\" protest in Ottawa, both last night and today, I have not seen one person of color. What does this s\u2026"}, {"author_id": 1213175350026366977, "id": 1495248918736687106, "text": "RT @GiglioMattia: With the Main Camera of the Samsung Galaxy S22 Ultra Note and Expertraw you don't to fear the night anymore.. this pictur\u2026"}, {"author_id": 133459481, "id": 1495246927155376128, "text": "RT @philmcrae: As I watch the \"freedom\" protest in Ottawa, both last night and today, I have not seen one person of color. What does this s\u2026"}, {"author_id": 1380663772906356737, "id": 1495246164400037889, "text": "RT @philmcrae: As I watch the \"freedom\" protest in Ottawa, both last night and today, I have not seen one person of color. What does this s\u2026"}, {"author_id": 792490709974650880, "id": 1495245225731579909, "text": "RT @philmcrae: As I watch the \"freedom\" protest in Ottawa, both last night and today, I have not seen one person of color. What does this s\u2026"}, {"author_id": 227953222, "id": 1495243487893143555, "text": "RT @GiglioMattia: With the Main Camera of the Samsung Galaxy S22 Ultra Note and Expertraw you don't to fear the night anymore.. this pictur\u2026"}, {"author_id": 1348008443265761282, "id": 1495242757249462273, "text": "RT @philmcrae: As I watch the \"freedom\" protest in Ottawa, both last night and today, I have not seen one person of color. What does this s\u2026"}, {"author_id": 3149141880, "id": 1495242569529266179, "text": "RT @DIZASTERBANNED: My living room earlier last year. \n\nwith a negative screwdriver i carved GTX one fast streak into a color changing card\u2026"}, {"author_id": 362589018, "id": 1495241020325470208, "text": "RT @DeOldify: This is NOT colorized.  Rather it's early color film from London in 1924, that one of us decided to run through our \"unified\u2026"}, {"author_id": 949239291284205569, "id": 1495239297527603215, "text": "RT @beer4strgclimat: Home Saturday night with a little hazy something from @AdroitTheory Antimatter Impy IPA DDH w Mosaic, Citra &amp; El Dorad\u2026"}, {"author_id": 920595868167954434, "id": 1495238795926642688, "text": "Home Saturday night with a little hazy something from @AdroitTheory Antimatter Impy IPA DDH w Mosaic, Citra &amp; El Dorado 10,5% abv\nGolden hazy color\nDole pineapple on the nose\nMore of a squeeze on the palate #BeerForStrangeClimates #CraftBeer https://t.co/3pD7b1x6tJ"}, {"author_id": 1480340711664881664, "id": 1495237228724822020, "text": "@Orion7614 @MadelynePryorX @tili_reddshadez @tylerdeanv @TheSinestro Yeah she was on in living color in the later seasons as well as that show that in the heat of the night she\u2019s a mostly dramatic actress but she doesn\u2019t do very well in comedy"}, {"author_id": 1452168615835353100, "id": 1495235788430352384, "text": "RT @BestrJestr46: had a dream deltarune ch 3 dropped last night and the secret boss of it was a little guy with slanted pointy sunglasses a\u2026"}, {"author_id": 2252468052, "id": 1495232881660026883, "text": "Saturday night tunes for everyone.\n\n\"And the snow falls silently\nSnow is falling over the dark earth.\nSirin bird over my head\nWhat are you going to say to me?\n \nStones in cold water\nThe color of the eyes of my love\nLike stones in cold water\"\n\nhttps://t.co/uxAMhfUmD1"}, {"author_id": 1345072861195587584, "id": 1495232479719936002, "text": "@transpotatoface ikkkkkk ^u^ and you're probably more talented than you think :DD\n\nI'll just go through what I think of all of them, and I hope it helps!\n\nGirls' Night would be GORGEOUS but it looks similar to your old hair color\n\nPhantom Green would be very cool, but you would have to make --&gt;"}, {"author_id": 1485079504796196866, "id": 1495232208872919041, "text": "Late night out on the landing pad outside, a glass of liquid the color of bronze in a glass between his gloved fingers.\n\nHe gently swirls the contents around, staring absentmindedly out in the darkened distance. \nNo words spoken, yet the silence seems to scream as he imbibes."}, {"author_id": 1108409631334793216, "id": 1495230347063267333, "text": "RT @philmcrae: As I watch the \"freedom\" protest in Ottawa, both last night and today, I have not seen one person of color. What does this s\u2026"}, {"author_id": 19524004, "id": 1495229282821767168, "text": "RT @Tina69911364: Each second, as the picture changed\nBoth color and design,\nThe darkened clouds, color engulfed\nTo make a blurred outline.\u2026"}, {"author_id": 1446757968473563137, "id": 1495228526987202562, "text": "RT @andhaiku: \u201cWhen the color bleeds out the clouds at dusk, night becomes. When the sun stays in the sky longer, even if a cold front move\u2026"}, {"author_id": 701667627207229440, "id": 1495228210354683906, "text": "I just listed: A P Creation Lower for Men Slim Fit Track Pant Lycra Stretchable Pajama Gym Running Night Sleeping Wear Color Navy Blue and Black Combo (Pack of 2 Piece) (Medium), for \u20b9749.00 via @amazon  https://t.co/MKJyJzFKOI"}, {"author_id": 1480532407287627778, "id": 1495226101660291075, "text": "RT @GiglioMattia: With the Main Camera of the Samsung Galaxy S22 Ultra Note and Expertraw you don't to fear the night anymore.. this pictur\u2026"}, {"author_id": 1094592497890676737, "id": 1495224865682460672, "text": "RT @taromarklee: if shotaro is actually joining SMF it would really make sense, him suddenly posting a dance video, multiple hair color cha\u2026"}, {"author_id": 1108675035886170112, "id": 1495224722530971649, "text": "RT @HenriPrestes: Capturing the color of the night with long exposure photography https://t.co/yIFmXQjXUU"}, {"author_id": 250462251, "id": 1495224101522321411, "text": "RT @HenriPrestes: Capturing the color of the night with long exposure photography https://t.co/yIFmXQjXUU"}, {"author_id": 2440570940, "id": 1495223990218076160, "text": "RT @HenriPrestes: Capturing the color of the night with long exposure photography https://t.co/yIFmXQjXUU"}, {"author_id": 1492542895140012032, "id": 1495222080299696129, "text": "RT @GiglioMattia: With the Main Camera of the Samsung Galaxy S22 Ultra Note and Expertraw you don't to fear the night anymore.. this pictur\u2026"}, {"author_id": 937820425719046144, "id": 1495218918620729345, "text": "RT @Tina69911364: Each second, as the picture changed\nBoth color and design,\nThe darkened clouds, color engulfed\nTo make a blurred outline.\u2026"}, {"author_id": 227209531, "id": 1495218449903149060, "text": "RT @Tina69911364: Each second, as the picture changed\nBoth color and design,\nThe darkened clouds, color engulfed\nTo make a blurred outline.\u2026"}, {"author_id": 3743945909, "id": 1495215440410275842, "text": "RT @DIZASTERBANNED: My living room earlier last year. \n\nwith a negative screwdriver i carved GTX one fast streak into a color changing card\u2026"}, {"author_id": 1475868952169533442, "id": 1495214264474169344, "text": "The unicorn lived in a lilac wood, and she lived all alone. She was very old, though she did not know it, and she was no longer the careless color of sea foam, but rather the color of snow falling on a moonlit night."}, {"author_id": 1485336909920579590, "id": 1495213830078619649, "text": "\"Trying to paint the Paths' big tree, I saw it again last night.\" \n\nShe would give a tiny kiss on his chin before keeping on painting what was in front of her, using colder colors in contrast with her usual color choise. https://t.co/meMqtyjFIq"}, {"author_id": 1269432490462240768, "id": 1495210945324408833, "text": "pro tip: if you take a walk outside at night, you can see color of their window light.\nof course, it's up to you what judgements you make from there. \npurple? I wonder what kind of person uses blue and purple lights in their room...?"}, {"author_id": 106068828, "id": 1495208508215767043, "text": "RT @Tina69911364: Each second, as the picture changed\nBoth color and design,\nThe darkened clouds, color engulfed\nTo make a blurred outline.\u2026"}, {"author_id": 589569745, "id": 1495207334125219843, "text": "RT @gttch2014: Dearest Soul,\n\nI like the weave\nof winters fur\nyou lit to torch\nthe night.\n\nYou trickle off \nthe breath of love\nshadows ceas\u2026"}, {"author_id": 721125584349372416, "id": 1495207101513224194, "text": "@Atilla66897907 @LangmanVince What woman of color was he talking about?  I watch him every night &amp; never heard him say anything of what you\u2019re speaking about!"}, {"author_id": 1454213423319879688, "id": 1495203945521852416, "text": "RT @Tina69911364: Each second, as the picture changed\nBoth color and design,\nThe darkened clouds, color engulfed\nTo make a blurred outline.\u2026"}, {"author_id": 4855187031, "id": 1495203401616875520, "text": "RT @astods: Quick demo of what Color Designers do! In Scanbo, I colored the 3 sections of VM waiting in the basement, through 3 lighting co\u2026"}, {"author_id": 933667612864610305, "id": 1495202261428883461, "text": "RT @Paradoxpoet11: I wait impatiently\nfor night to fall\nthrough the fade\nof twilight's color..\nThe small hours descend\nwith the arrival of\u2026"}, {"author_id": 411921966, "id": 1495201137955262467, "text": "RT @Tina69911364: Each second, as the picture changed\nBoth color and design,\nThe darkened clouds, color engulfed\nTo make a blurred outline.\u2026"}, {"author_id": 1417023942, "id": 1495200869549490179, "text": "RT @Tina69911364: Each second, as the picture changed\nBoth color and design,\nThe darkened clouds, color engulfed\nTo make a blurred outline.\u2026"}, {"author_id": 1142078833778221063, "id": 1495200773004677120, "text": "@nath_et_isis I agree it seems like you haven\u2019t had a lot of snow this winter!  I hope you are okay from the winds and there\u2019s no damage. Your crocus are almost open. Did the sun shine at all for them to bloom?  I love their purple color. Thank you\ud83d\udc9c Have a wonderful night. \ud83e\udd17\u2763\ufe0f\ud83d\ude18"}, {"author_id": 1005926397460733952, "id": 1495199849016295425, "text": "@katestarbird Typical white liberal take. Go make that comment to people of.color finna be evicted at any moment or the unhoused. Head in the sand take from someone who won't walk the streets at night."}, {"author_id": 1479223456403103746, "id": 1495198537788710915, "text": "RT @philmcrae: As I watch the \"freedom\" protest in Ottawa, both last night and today, I have not seen one person of color. What does this s\u2026"}, {"author_id": 271202113, "id": 1495198371367297032, "text": "RT @GiglioMattia: With the Main Camera of the Samsung Galaxy S22 Ultra Note and Expertraw you don't to fear the night anymore.. this pictur\u2026"}, {"author_id": 1022276005292138496, "id": 1495198348881584135, "text": "Idk what holds more weight choosing my nail color or picking the kicks of the night"}, {"author_id": 1131410732526985216, "id": 1495194756371996678, "text": "RT @taromarklee: if shotaro is actually joining SMF it would really make sense, him suddenly posting a dance video, multiple hair color cha\u2026"}, {"author_id": 828770520699138048, "id": 1495193852164161538, "text": "It feels so good to be at a family friendly brewery\u2026on a Saturday night\u2026with SOOOOOO MANY PEOPLE OF COLOR\ud83d\ude0d\u2764\ufe0f#ATL"}, {"author_id": 386689854, "id": 1495191296944013312, "text": "@Heather14305099 The color mesh of those two titles together is a great mix. I love the cover art for \"Last Night in Soho\"."}, {"author_id": 385678932, "id": 1495190994077339648, "text": "RT @philmcrae: As I watch the \"freedom\" protest in Ottawa, both last night and today, I have not seen one person of color. What does this s\u2026"}, {"author_id": 893413355364519936, "id": 1495190118193418243, "text": "RT @Tina69911364: Each second, as the picture changed\nBoth color and design,\nThe darkened clouds, color engulfed\nTo make a blurred outline.\u2026"}, {"author_id": 3219906546, "id": 1495189413806379011, "text": "RT @Tina69911364: Each second, as the picture changed\nBoth color and design,\nThe darkened clouds, color engulfed\nTo make a blurred outline.\u2026"}, {"author_id": 42827354, "id": 1495188888754606080, "text": "RT @philmcrae: As I watch the \"freedom\" protest in Ottawa, both last night and today, I have not seen one person of color. What does this s\u2026"}, {"author_id": 315250861, "id": 1495187474838335489, "text": "RT @taromarklee: if shotaro is actually joining SMF it would really make sense, him suddenly posting a dance video, multiple hair color cha\u2026"}, {"author_id": 3202166301, "id": 1495186635461378054, "text": "RT @GiglioMattia: With the Main Camera of the Samsung Galaxy S22 Ultra Note and Expertraw you don't to fear the night anymore.. this pictur\u2026"}, {"author_id": 754053900966072320, "id": 1495186296964202500, "text": "RT @philmcrae: As I watch the \"freedom\" protest in Ottawa, both last night and today, I have not seen one person of color. What does this s\u2026"}, {"author_id": 1495102208379076617, "id": 1495182581616283651, "text": "https://t.co/g54rQIpbAu #Trolletta talking about her weekend of The Color Run Dubai when she spent a night or so in Dubai. #Yawn #ReginiaCordell #LipstickAlley #LSA"}, {"author_id": 1074516991447326720, "id": 1495182489568034822, "text": "RT @nyclovesnyc: The Empire State Building illuminated in blue last night for Tiffany &amp; Co.'s Blue is the Color of Love Campaign. https://t\u2026"}, {"author_id": 67610575, "id": 1495182109799030790, "text": "RT @DIZASTERBANNED: My living room earlier last year. \n\nwith a negative screwdriver i carved GTX one fast streak into a color changing card\u2026"}]