[{"author_id": 394328881, "id": 1495280280697028608, "text": "They got Crooklyn on Peacock \ud83e\udd2d\ud83e\udd17"}, {"author_id": 75721668, "id": 1495275901168279557, "text": "Crooklyn Clan / February 20 2022 https://t.co/t1sGtI8UXs"}, {"author_id": 787776703670071296, "id": 1495274779187818504, "text": "watching #crooklyn &amp; screaming \ud83d\ude02"}, {"author_id": 1422614885394001927, "id": 1495264572265177097, "text": "my girl &amp; crooklyn https://t.co/9XTMglr0Sk"}, {"author_id": 1578020426, "id": 1495262440724078604, "text": "Now Playing Fatman Scoop, Crooklyn Clan, Faith Evans - Be Faithful fatmanscoop, #crooklynclan, faithevans"}, {"author_id": 717758714086731776, "id": 1495249092473241601, "text": "@MysterySolvent Crooklyn Lager"}, {"author_id": 1140326515, "id": 1495244477719617540, "text": "I watched Crooklyn this morning.. #SelfCare"}, {"author_id": 145381287, "id": 1495243211207544834, "text": "crooklyn is a classic. love this movie!"}, {"author_id": 1870409545, "id": 1495242243929788417, "text": "RT @ADOS4EVR: @Aye_Yo_Jo33 Life\nMalcolm X\nLove Jones\nMo\u2019 Better Blues\nDead Presidents\nCrooklyn\nDo The Right Thing\n\nYes, I know \u201cDo The Righ\u2026"}, {"author_id": 3627994700, "id": 1495239650335670275, "text": "Fatman Scoop - Be Faithful (Feat. Crooklyn Clan)"}, {"author_id": 33088543, "id": 1495232800747929600, "text": "Luda look like the mama from Crooklyn"}, {"author_id": 16265255, "id": 1495232499773059076, "text": "DJ Khaled is\u2026not a DJ. He\u2019s a hype man. And I think I prefer my hype to be from Fatman Scoop and the Crooklyn Clan."}, {"author_id": 366066932, "id": 1495232034566033416, "text": "RT @_PjDarrell: Whenever I hear \u201cFATMAN SCOOP! CROOKLYN CLAN! TIMBALAND\u2026TIMBALAND!\u201d https://t.co/NF7QLaWqKV"}, {"author_id": 1090763767, "id": 1495227468390834176, "text": "@BrooklynNets @Patty_Mills @TheTraeYoung Crooklyn losing, what else is new"}, {"author_id": 349187781, "id": 1495220725594177539, "text": "it\u2019s always funny when crooklyn reacts to sugarhill keem shit \ud83d\ude2d\ud83d\ude2d\ud83d\ude2d"}, {"author_id": 3317558189, "id": 1495219432393781249, "text": "Crooklyn. \n\nhttps://t.co/0t1F9j3ew8"}, {"author_id": 297185348, "id": 1495218116057522179, "text": "Finding out Charmed &amp; Crooklyn are on Peacock &gt;"}, {"author_id": 1402673198752219136, "id": 1495215324328861705, "text": "@DefiantLs \ud83d\ude02\ud83e\udd23\ud83e\udd23\ud83d\ude02. Crooklyn Daft is a walking delusion L"}, {"author_id": 730907126663655424, "id": 1495212226193629185, "text": "Agreed. I watched Crooklyn today too lol https://t.co/CACf3XvU0P"}, {"author_id": 480888266, "id": 1495210471091097600, "text": "@CrooklynMMA @MikeJBknows Cookin' w/ crooklyn? XD"}, {"author_id": 322254953, "id": 1495207848581775361, "text": "Now playing Return to Crooklyn [Remix] on https://t.co/OaroJmP5X4 #ListenLive #only1djsmitty by #NapoleonDaLegend &amp; #AmerigoGazaway (feat. #Skyzoo &amp; #Awon)!"}, {"author_id": 17585901, "id": 1495207662790787072, "text": "Listen, I get why I\u2019m single but also I don\u2019t get why I\u2019m single. Who wouldn\u2019t want to spend the day watching great movies in 35mm??? Crooklyn, Drunken Angel, and now Cruising. It\u2019s their loss\u2026"}, {"author_id": 608175723, "id": 1495205558475010049, "text": "I love the movie Crooklyn"}, {"author_id": 883023952553160704, "id": 1495205492821536773, "text": "For crooklyn to b such a sad ass movie it\u2019s my fav movie of all time"}, {"author_id": 87493564, "id": 1495205274247999489, "text": "Oh they got Crooklyn on this app? It's lit"}, {"author_id": 31641350, "id": 1495196565123784706, "text": "#Music It's About To Get Hot by Crooklyn Clan #NowPlaying #ListenLive on https://t.co/e8xKQaZNxB\n Buy this song now https://t.co/IW8SRE0zSY https://t.co/uX0zk49ruE"}, {"author_id": 22234483, "id": 1495195805279531008, "text": "Jim Miller should change his nickname from \"A10\" to \"I am Crooklyn's birthday twin\" #UFCVegas48"}, {"author_id": 722965829709492224, "id": 1495192138723827712, "text": "CROOKLYN CLAN - HANDS UP (HYPNOTIZE BEAT)\nlisten live https://t.co/oszd4AXeqx"}, {"author_id": 113537379, "id": 1495190043153080325, "text": "Crooklyn it is"}, {"author_id": 920417737771487232, "id": 1495180745756786699, "text": "@jarvo2x Crooklyn*\ud83d\ude44"}, {"author_id": 800677676893622272, "id": 1495179116009730049, "text": "Starz about to get my coin, they have all the 90s joints. Crooklyn, House Party, Above the Rim, New Jack City\u2026.."}, {"author_id": 236348875, "id": 1495157821087825922, "text": "Saw Crooklyn in 35mm. Spike Lee has never disappointed me. https://t.co/4SB2S2c9jQ"}, {"author_id": 17585901, "id": 1495157783280377857, "text": "Just watched Crooklyn for the first time. In 35mm. Spike Lee: One of the best ever to do it"}, {"author_id": 1494006781965524997, "id": 1495156853881274368, "text": "thas rite i was rong but i used my simp moneys to reinvest kid! thanks 2 viewrs lik you i can lose money in da casino an still ante up lmao! y'all got that kina cash?!! \ud83e\udd23\ud83d\ude02\ud83d\ude05\n#crooklyn #fleecing #simpspayme #finessing #grifting https://t.co/u2Hx9clX4e"}, {"author_id": 31257436, "id": 1495145509723455488, "text": "Whenever I hear \u201cFATMAN SCOOP! CROOKLYN CLAN! TIMBALAND\u2026TIMBALAND!\u201d https://t.co/NF7QLaWqKV"}, {"author_id": 1447686205945126917, "id": 1495134693443964931, "text": "@CerromeRussell He was great in Crooklyn. I would've never known he was British until recently"}, {"author_id": 889695030532726785, "id": 1495128837860036611, "text": "Crooklyn \u2026I\u2019m standing by this until\nThe day I die https://t.co/zrvwUJQ4hA"}, {"author_id": 1477703743621771272, "id": 1495123632665862145, "text": "@Aye_Yo_Jo33 Life\nMalcolm X\nLove Jones\nMo\u2019 Better Blues\nDead Presidents\nCrooklyn\nDo The Right Thing\n\nYes, I know \u201cDo The Right Thing\u201d came out in \u201889 but close enough! LOL"}, {"author_id": 21333111, "id": 1495120763480858626, "text": "@chris_mcmahon Yep, and Crooklyn, too."}, {"author_id": 268610103, "id": 1495119308795650057, "text": "Yeen hear his accent crackin in crooklyn? \ud83d\ude06 https://t.co/MSiZEUailR"}, {"author_id": 1466848709476556811, "id": 1495118561580310539, "text": "@Aye_Yo_Jo33 New Jack City, i\u2019m not a fan of Jason\u2019s Lyrics and crooklyn"}, {"author_id": 1684847592, "id": 1495115227570057216, "text": "Crooklyn https://t.co/bVdY1w3OOW"}, {"author_id": 1479249840949374977, "id": 1495092565867126789, "text": "RT @luuvjones: I tell EVERYBODY about the time I met the daddy from Crooklyn in wholefoods lol He had on a yellow jacket and was standing r\u2026"}, {"author_id": 1338950410418094080, "id": 1495091879192391681, "text": "I tell EVERYBODY about the time I met the daddy from Crooklyn in wholefoods lol He had on a yellow jacket and was standing right behind me in line. \n\nI said, \u201care you the dad from Crooklyn \ud83d\ude0a\u201d"}, {"author_id": 924783226916360197, "id": 1495091525948264452, "text": "RT @UniversalPics: Cinqu\u00e9 and Joie Lee originally wrote Crooklyn (1994) as a pilot for Nickelodeon, but then converted the script into a sc\u2026"}, {"author_id": 1442445639678234626, "id": 1495083486633463810, "text": "@Treshiq Boomerang number 1. I can watch it over and over again, Crooklyn too. You got good taste in movies \ud83d\ude09"}, {"author_id": 24502493, "id": 1495082452930502659, "text": "@Aye_Yo_Jo33 Crooklyn is my family's theme movie. We love it. Also Boomerang"}, {"author_id": 1285419335822057473, "id": 1495066439778250758, "text": "Everytime I watch crooklyn I cry wtf \ud83d\ude44\ud83e\udd7a\ud83d\ude02"}, {"author_id": 358432874, "id": 1495054236027170825, "text": "@Aye_Yo_Jo33 Crooklyn\nFresh\nBelly\nFirst time Felon."}, {"author_id": 1275539740876582913, "id": 1495054147640565760, "text": "Haven\u2019t watched \u201cCrooklyn\u201d in years. This is the only Spike Lee movie that I like lol."}, {"author_id": 1442445639678234626, "id": 1495053951791730688, "text": "On today\u2019s agenda\u2026 movies and chill. Starting off with Love Jones, Jason\u2019s Lyrics, Poetic Justice and ending it with Crooklyn. What\u2019s some of y\u2019all\u2019s favorite 90\u2019s, black movies?"}, {"author_id": 211664123, "id": 1495051589840683009, "text": "bitch troy from crooklyn makes conscious jazz music &amp; im obsessed"}, {"author_id": 54189195, "id": 1495047558221213703, "text": "I used @Shazam to discover Be Faithful by Fatman Scoop Feat. Crooklyn Clan. https://t.co/YSIcxqz4q9"}, {"author_id": 350662450, "id": 1495047500029476868, "text": "RT @jmarie7_: When Queenie popped out the couch in Crooklyn \ud83d\ude2d\ud83d\ude2d"}, {"author_id": 962912608855756800, "id": 1495046502263275524, "text": "When Queenie popped out the couch in Crooklyn \ud83d\ude2d\ud83d\ude2d"}, {"author_id": 820392510191079424, "id": 1495045025868124160, "text": "@CerromeRussell WTF? \ud83d\ude27\ud83d\ude33\ud83e\udd2f Woooooooow!\nHe's a DAMN good actor smh\nI mean Rodney from Clockers? The dad in Crooklyn? I heard no hint I had no clue. That's crazy."}, {"author_id": 1415375160769662981, "id": 1495042431783424005, "text": "@leannalee_ Lol crooklyn a classic \u203c\ufe0f"}, {"author_id": 872868328255213568, "id": 1495040767043137536, "text": "RT @RealDHHS: Mr. Poole &amp; Ms. Fryer threw a successful Black History Movie event for 100 students yesterday. They had the opportunity to wa\u2026"}, {"author_id": 1246618552439836672, "id": 1495039868862402565, "text": "Watching crooklyn \ud83e\udd70"}, {"author_id": 618669456, "id": 1495037558618796032, "text": "How long do movies stay on Peacock? I see Crooklyn, I might wanna try to rewatch one day"}, {"author_id": 245390029, "id": 1495026458401685509, "text": "Breakfast &amp; Crooklyn ."}, {"author_id": 1271249867248226305, "id": 1495025912353599492, "text": "#NowPlaying Crooklyn (Baseball Mix) by Crooklyn Dodgers  on https://t.co/U943e1ypJj. Download \"Da Beast Radio\" App from the #GooglePlay or iOS #AppStore and rock with the dopest hip-hop station on the internet!! #DaBeastRadio https://t.co/AS8DtgSMuD"}, {"author_id": 1216130687306293249, "id": 1495022364953874440, "text": "Been up watching Crooklyn"}, {"author_id": 1223822827121410048, "id": 1495016157996273667, "text": "Just found out I know who a man named Delroy Lindo is. Why the daddy from crooklyn British \ud83d\ude2d\ud83d\ude2d\ud83d\ude2d\ud83d\ude2d\ud83d\ude2d"}, {"author_id": 1228550359, "id": 1495014508057661440, "text": "Movies I love; \n\n\u2022 Clueless \n\u2022 The Wedding Singer\n\u2022 Head of State\n\u2022 The Great White Hype\n\u2022 Crooklyn\n\u2022 Jumanji\n\u2022 The Truman Show\n\u2022 Kirikou \n\u2022 Bamboozled \n\u2022 The Last Unicorn\n\u2022 The Neverending Story"}, {"author_id": 153566755, "id": 1494988385173319680, "text": "Crooklyn Dodgers - Return Of The Crooklyn Dodgers (HD) https://t.co/ciCKcFKl1h via @YouTube"}, {"author_id": 4054195335, "id": 1494939112167596036, "text": "Those that know know ,, Crooklyn is my shit , the whole soundtrack was lit .. personally lol"}, {"author_id": 1184090715481092097, "id": 1494936091157307392, "text": "RT @UniversalPics: Cinqu\u00e9 and Joie Lee originally wrote Crooklyn (1994) as a pilot for Nickelodeon, but then converted the script into a sc\u2026"}, {"author_id": 1122683259857588224, "id": 1494934617966604290, "text": "Every time I sing El Pito I think of Crooklyn lol https://t.co/3DCXHqyYF7"}, {"author_id": 1116509455, "id": 1494927687860867075, "text": "why tf would jai say the lil girl from crooklyn is fuckin relisha rudd\ud83d\ude2d\ud83d\ude2d\ud83d\ude2d\ud83d\ude2d\ud83d\ude2d\ud83d\ude2d\ud83d\ude2d\ud83d\ude2d\ud83d\ude2d\ud83d\ude2d\ud83d\ude2d\ud83d\ude2d\ud83d\ude2d\ud83d\ude2d\ud83d\ude2d\ud83d\ude2d\ud83d\ude2d\ud83d\ude2d\ud83d\ude2d\ud83d\ude2d\u270c\ud83c\udffd\u270c\ud83c\udffd"}, {"author_id": 564971033, "id": 1494924812522868738, "text": "Just finished watching crooklyn and the scene when the Mom died made me miss my mama so much man"}, {"author_id": 246139460, "id": 1494921841693106176, "text": "Crooklyn on Peacock and that's worth 12 of them months of  subscription."}, {"author_id": 20271697, "id": 1494903479185334272, "text": "I\u2019ve never seen Crooklyn and so I think my black card is canceled but I can play spades\u2026.VERY WELL, so gimme my black card back \ud83d\ude02\ud83d\ude02\ud83d\ude02"}, {"author_id": 75721668, "id": 1494903250398629893, "text": "Crooklyn Clan / February 19 2022 https://t.co/d9dpTspcHJ"}, {"author_id": 1106428912719093760, "id": 1494886501125173257, "text": "10 movies to know me:\nPrincesa\nPassionfish\nDown in the delta\nPrime\nPoetic Justice\nWaiting to exhale\nCrooklyn\nKiki\u2019s delivery service\nLast holiday\nThe color purple https://t.co/XEWIbVnrQ8"}, {"author_id": 931383404, "id": 1494886264121614341, "text": "I watch Crooklyn and cry every time"}, {"author_id": 1024690531, "id": 1494883269325688839, "text": "Think I\u2019m bouta watch Crooklyn"}, {"author_id": 171879225, "id": 1494878402918195200, "text": "Scottie Barnes look like the oldest brother off Crooklyn"}, {"author_id": 1268025246239596546, "id": 1494873861694889984, "text": "Name the blackest black history movie you can think of.... Crooklyn"}, {"author_id": 17190622, "id": 1494856057419710464, "text": "Hey I\u2019m watching Crooklyn on Amazon Prime #BlackHistoryMonth https://t.co/TZd6WAvgp4"}, {"author_id": 40933039, "id": 1494851408574783493, "text": "NowPlaying--&gt; CROOKLYN DODGERS - RETURN OF THE CROOKLYN DODGERS 95 on https://t.co/iIgsFHpBYy Old School Hip Hop 24-7."}, {"author_id": 1354138056559890432, "id": 1494849269014089732, "text": "RT @Margare55040717: BLACK HISTORY MONTH-POPULAR MOVIES-Barber Shop, New Jack City, Set It Off, The Color Purple, Coming to America, Boyz N\u2026"}, {"author_id": 3313792944, "id": 1494847028349874176, "text": "@ReturnofR Crooklyn,Dead President\u2019s,Cooley High and Trouble Man"}, {"author_id": 22213551, "id": 1494843652979388417, "text": "@marzz Crooklyn"}, {"author_id": 1141361095124406272, "id": 1494838027725721601, "text": "Delroy had me shook bruh lol like this is Crooklyn??? lol https://t.co/8VU1PraZDD"}, {"author_id": 149938537, "id": 1494837253583028230, "text": "I\u2019m currently watching crooklyn and eating black eyed peas"}, {"author_id": 114787040, "id": 1494836241707290628, "text": "Watching Crooklyn and sipping.  Issa vibe and I love it!"}, {"author_id": 875002685476540418, "id": 1494832268472459265, "text": "RT @RealDHHS: Mr. Poole &amp; Ms. Fryer threw a successful Black History Movie event for 100 students yesterday. They had the opportunity to wa\u2026"}, {"author_id": 755866429606416384, "id": 1494830345098870785, "text": "@MrJayWashington Same for me. Ever since Crooklyn I believed he was from NY."}, {"author_id": 35764289, "id": 1494818293689069570, "text": "My baby sister is watching Crooklyn &amp; I\u2019m so proud! \ud83e\udd72"}, {"author_id": 168829243, "id": 1494813788377423881, "text": "RT @Getthebagcoach: Crooklyn is one of my favorite movies of all time \u2026.. to me it was just perfection: The plot, the music, the actors and\u2026"}, {"author_id": 29285250, "id": 1494810102737477633, "text": "Crooklyn Delroy Lindo\u2026 Troi daddy woody Delroy \u2026 ain\u2019t no wayyyyyy\ud83e\udd2f\ud83e\udd2f\ud83e\udd2f\ud83e\udd2f https://t.co/NtMusV6Ck2"}, {"author_id": 1114005376012304384, "id": 1494808644025823232, "text": "RT @smknontisha: Watching \u201cCrooklyn\u201d with my baby #BlackHistory"}, {"author_id": 16649915, "id": 1494803780709269513, "text": "Co-written with his siblings and anchored by indelible performances by Alfre Woodard, Delroy Lindo, and a remarkable young Zelda Harris as Troy, Spike Lee\u2019s coming-of-age joint CROOKLYN comes to AFS Family Style tomorrow, Feb. 19 &amp; 20. \n\nhttps://t.co/6mJQnkydD7 https://t.co/IRjfWhM2Ao"}, {"author_id": 1332659166243074049, "id": 1494798619697987584, "text": "Listen to ROMANTHONY - LET ME SHOW YOU LOVE (GERD'S CROOKLYN FULL VOX REMIX) OUT NOW ON GLASGOW UNDERGROUND by Gerd #np on #SoundCloud https://t.co/3ATquUHYut"}, {"author_id": 144334285, "id": 1494798080096485377, "text": "Crooklyn is simply a film showcasing black aesthetics. I can\u2019t directly explain what its about."}]