[{"author_id": 1445807891827412993, "id": 1495285236728582147, "text": "@miles_commodore Dances With Wolves"}, {"author_id": 1406921268, "id": 1495280294722772993, "text": "@miles_commodore Dances With Wolves"}, {"author_id": 15175297, "id": 1495259736912056320, "text": "@GlennMarFano1 Have you ever Dances With Wolves? https://t.co/dm4uzz3gIA"}, {"author_id": 2275297855, "id": 1495258616714121218, "text": "Dances with Wolves extended directors cut https://t.co/gW49uTczNq"}, {"author_id": 1491578046456860674, "id": 1495254182500073474, "text": "Help Dances With Wolves. (Dance) their way into the pages of Dogster or Catster Magazine and take home a $5,000 cash prize! https://t.co/A8p8DTz5uP"}, {"author_id": 197945295, "id": 1495253733168586752, "text": "@johnpavlovitz Dances With Wolves?"}, {"author_id": 894883957, "id": 1495249812731490304, "text": "Top Ten movies of all time in MY opinion (in order of my memory, not rank):\nThe Dark Knight\nDances With Wolves\nDumb and Dumber \nLast of the Mohicans\nForest Gump\nNo Country For Old Men\nOne Flew Over The Cuckoos Nest\nOcean\u2019s 11\nDjango Unchained \nBad Boys"}, {"author_id": 1444058807643131908, "id": 1495247549321654279, "text": "@OdysseyFunk Dances With Wolves, Last of the Mohicans, Gladiator, Braveheart"}, {"author_id": 3045245812, "id": 1495247505117921281, "text": "@miles_commodore Dances with wolves."}, {"author_id": 287725101, "id": 1495246778521858053, "text": "@rjochoa Dances With Wolves"}, {"author_id": 829473640181690368, "id": 1495241363293552641, "text": "@miles_commodore My favourite \ud83d\ude3b. Dances With Wolves."}, {"author_id": 52079430, "id": 1495240853002104836, "text": "@miles_commodore Dances With Wolves. Excellent movie."}, {"author_id": 910317903731318784, "id": 1495239645340135427, "text": "@OdysseyFunk Dances with Wolves."}, {"author_id": 709498259987894273, "id": 1495236988659802114, "text": "Dances With Wolves.   Great movie. https://t.co/sOUxQDCE5G"}, {"author_id": 920065753, "id": 1495227178648322054, "text": "@miles_commodore Dances with Wolves. I loved Stands With A Fist."}, {"author_id": 1371234162871521284, "id": 1495222004336709635, "text": "@miles_commodore One of my all time favorites. Dances with Wolves. \ud83c\uddfa\ud83c\uddf8\ud83c\uddfa\ud83c\uddf8"}, {"author_id": 823634714942640130, "id": 1495221880210563075, "text": "@miles_commodore Dances with wolves. I saw this on a double feature with Silence of the Lambs on Queen Blvd."}, {"author_id": 1492087406576615426, "id": 1495219606457397252, "text": "@TimAlle97055825 Dances With Wolves"}, {"author_id": 751314410, "id": 1495218777839083522, "text": "@TimAlle97055825 Dances with wolves https://t.co/0O3tfGLLIV"}, {"author_id": 1461740777357201413, "id": 1495215074683670531, "text": "@miles_commodore Yep, Dances with Wolves and Open Range are his two best films in my opinion."}, {"author_id": 3751973549, "id": 1495215018501099522, "text": "@miles_commodore Dances with wolves"}, {"author_id": 902037150, "id": 1495212426022699010, "text": "@miles_commodore Dances with Wolves\n\nClassic"}, {"author_id": 826868576141377536, "id": 1495210817091952640, "text": "RT @LSTrip44: @josephcollins77 In 1990 I went to see Dances With Wolves with 4 seniors from an Ivy League University.\n\n1 went on to Harvard\u2026"}, {"author_id": 51653476, "id": 1495210357119401988, "text": "@JayBzoo Furngully is a ripoff of Dances With Wolves"}, {"author_id": 1562313536, "id": 1495209218659721216, "text": "Avatar is just Dances with Wolves but with blue aliens. Right?"}, {"author_id": 1427666263912943619, "id": 1495202087684222984, "text": "@austin_hayden Dances with Wolves?"}, {"author_id": 1481853556726505474, "id": 1495199514356969474, "text": "@JacqueVaxx Kevin Costner won an academy award for best director in 1991 for Dances With Wolves,great movie,but id probably go with https://t.co/7y3wRLt0xS"}, {"author_id": 1327369393735655425, "id": 1495194484396675072, "text": "Dances with wolves https://t.co/rBpbjmSpRc"}, {"author_id": 760883833, "id": 1495194045710315520, "text": "Dances with Wolves https://t.co/TrZm9Lbn2e via @YouTube $DAX\n\nMovie is 3 hours ~ Get some coffee.."}, {"author_id": 293401118, "id": 1495187250845569025, "text": "@MrsLauraOMahony Understood. It'll be hard to beat the Lego-minion-lord-of-the-dances-with-wolves gang tho."}, {"author_id": 1210409009381085184, "id": 1495182344701063177, "text": "@CaledonianKitty So many movie titles work with this that probably are already actual movies...\n\nLike: \nIron Man 1, 2 and 3 -&gt; A$$ Man 1, 2, and 3\nThe Dark Tower -&gt; The A$$ Tower\nRobocop -&gt; Roboa$$\nDances With Wolves -&gt; Dances With A$$\nGoldeneye -&gt; Goldena$$\n\nYeah it's pretty easy \ud83d\ude02\ud83d\ude02\ud83d\ude02"}, {"author_id": 201762166, "id": 1495181171927523329, "text": "Eat Your Heart Out, Kevin Costner! 1883 Tributes Oscar Winner https://t.co/6VoQb5dMTm"}, {"author_id": 230391860, "id": 1495176876117139464, "text": "The book of boba fett feels like dances with wolves\u2026. In space?"}, {"author_id": 983898486532902912, "id": 1495173863428214787, "text": "I'd also forgotten that John Barry of Dances with Wolves fame composed the soundtrack!"}, {"author_id": 211287620, "id": 1495172402455711744, "text": "@rjochoa Dances with wolves"}, {"author_id": 21509684, "id": 1495153001203392525, "text": "RT @AmericanIndian8: Floyd Red Crow Westerman as \nTen Bears in Dances With Wolves Directors Cut w/English Subtitles For Lakotah &amp; Pawnee Li\u2026"}, {"author_id": 1096016348738711557, "id": 1495142883271360513, "text": "@FintanOToolbox Find a person of colour playing a person of colour in any Western or Historical Epic up until Dances With Wolves and you'll be doing well."}, {"author_id": 1278042289819078657, "id": 1495140441368547331, "text": "@JoshFeibus Finally, known for something other than DANCES WITH WOLVES and Mt. Rushmore! https://t.co/XjUNzIVoSS"}, {"author_id": 1457809381895118851, "id": 1495139497356496896, "text": "@nywolforg Call all you want Dances with Wolves not coming back"}, {"author_id": 1178417994281684997, "id": 1495139379509137411, "text": "@RyanLencL @KenCarman Nope. She may be in the running for female villain but this one takes the cake.\n\n**fun fact** The actor's real life son-in-law is Wes Studi from Dances With Wolves and Last of the Mohicans \ud83e\udd2f https://t.co/0pHxn2cEV9"}, {"author_id": 1180859844103954432, "id": 1495137955370909703, "text": "@Native_Today The movie \"Dances with Wolves\" is a great story and history of the evil brought down upon a great people. The sad ending tells allot about the current America we are forced to live with."}, {"author_id": 865794763508686848, "id": 1495137626101219328, "text": "RT @AmericanIndian8: Floyd Red Crow Westerman as \nTen Bears in Dances With Wolves Directors Cut w/English Subtitles For Lakotah &amp; Pawnee Li\u2026"}, {"author_id": 477854454, "id": 1495135454789730307, "text": "RT @chrisjsankey: Kill these guys?  War Cries? This isn't dances with wolves. They are humiliating our culture. I am embarrassed as an Indi\u2026"}, {"author_id": 476781951, "id": 1495134949149745160, "text": "@josephcollins77 In 1990 I went to see Dances With Wolves with 4 seniors from an Ivy League University.\n\n1 went on to Harvard Law, 1 to Cornell Law.\n\nNone of the 4 knew what years the Civil War was fought.\n\n1 got the century wrong.\n\nAll 4 have had incredible careers.\n\nSome folks test better."}, {"author_id": 1468535760559255558, "id": 1495132705993940996, "text": "I am going to get high and watch Dances With Wolves."}, {"author_id": 1357105149836070913, "id": 1495131942957694977, "text": "@HReview73 DANCES WITH WOLVES"}, {"author_id": 1391253812149559298, "id": 1495124762523160578, "text": "@OGStarwarsAB But they saw Dances with Wolves, so that gives them a PHD in First People's studies!"}, {"author_id": 1397264761763545098, "id": 1495123387131305988, "text": "Along with editing cause dances with wolves is genuinely boring"}, {"author_id": 280579072, "id": 1495112000724258823, "text": "@TundeTASH Last of the Mohicans\nCrouching Tiger, Hidden Dragon\nDances with Wolves\nSound of Music"}, {"author_id": 828224983889494017, "id": 1495103206812270600, "text": "@KirkpatrickWA @RadioFreeTom So the movie Dances With Wolves drove you right over the edge?"}, {"author_id": 1375809840, "id": 1495088332912705538, "text": "RT @MonaArbie: Lieutenant Dunbar\u2019s famous suicide scene in \u201cDances With Wolves\u201d 1990. Kevin Costner. https://t.co/Jemr8PGXW1"}, {"author_id": 1375809840, "id": 1495088298611691521, "text": "RT @BehindtheCB: Dances with Wolves (1990).  Kevin Costner\nCinematography: Dean Semler \nPhoto by: Ben Glass https://t.co/2pCdEce1NH"}, {"author_id": 1375809840, "id": 1495087815415185412, "text": "RT @OnePerfectShot: DANCES WITH WOLVES (1990)\n\nCinematography by Dean Semler\nDirected by Kevin Costner\nRead a deep dive into this film's le\u2026"}, {"author_id": 1375809840, "id": 1495087799619530753, "text": "RT @MonaArbie: Mary McDonnell and Kevin Costner in \u201cDances With Wolves\u201d 1990. https://t.co/gC2MjzjUBu"}, {"author_id": 1961379848, "id": 1495074396062371844, "text": "Kevin Costner\u2019s body double in Dances With Wolves https://t.co/liD0y8ndyl"}, {"author_id": 908909426198925312, "id": 1495073692065349633, "text": "@SeaeyesTri Dances with Coffee\n\n~or~\n\nCoffee with Wolves"}, {"author_id": 43469612, "id": 1495067634584285185, "text": "@notcapnamerica Tongue Dances With Wolves"}, {"author_id": 2944916679, "id": 1495064962838011911, "text": "Dances with Wolves - Journey to Fort Sedgwick (Just The Score) https://t.co/IlVQeROLwe via @YouTube"}, {"author_id": 1453127405317595141, "id": 1495056050126352391, "text": "Dances with Wolves (1990) is reminiscent of fauvism, if you think about it queerly."}, {"author_id": 1329047203680190466, "id": 1495055956845084676, "text": "RT @TasteOfCountry: The lastest episode of @1883Official included one big Easter egg. Did you catch it? \nhttps://t.co/4KEAQffFQv"}, {"author_id": 675243, "id": 1495044148428115971, "text": "@peterme @inkblurt I agree, Mando was def a space western and gangster films were clearly an inspiration to Boba Fett. But IMO the latter wears its Western aesthetic more literally: flashback sequences evoking \u201cA Man Called Horse\u201d and \u201cDances With Wolves,\u201d showdowns in dusty towns, etc. I mean, https://t.co/FrE5s3HcEU"}, {"author_id": 590382592, "id": 1495028693810438153, "text": "@ShaneDPhillips Dances with Wolves: Ancient Japan"}, {"author_id": 1353800177908330496, "id": 1495020268552704004, "text": "@peteduncan Dances with wolves??"}, {"author_id": 474485693, "id": 1494995965622771715, "text": "Dances with Wolves is a cinematic masterpiece."}, {"author_id": 26440888, "id": 1494988953258438659, "text": "@Silvia1_1aivliS @MaryMcDonnell10 @MaryMcDorg @MaryFreakingMcD How awesome loved her in Dances With Wolves"}, {"author_id": 1474822830118293507, "id": 1494982190379241472, "text": "@HmJileswrites Not really brought up so much anymore but I think Dances With Wolves is such an unbelievably well shot movie. I adore some of the shots in there."}, {"author_id": 1275152276747890693, "id": 1494978190481281025, "text": "RT @RichardDias_CFA: It's aboot that time for a thread on #Canadian #Inflation:\n\nHeadline (5.1% vs 4.8% exp.) &amp; Core are both at ~30year hi\u2026"}, {"author_id": 339601420, "id": 1494972867145912324, "text": "We watched Dances with Wolves earlier.\n\nAngela was like this the entire time: \ud83d\ude36 Barely talked at all.\n\nWhen it was done, she said \"I have this idea. I'm going to remake this, only with blue, cat-like aliens and make humans the bad guys.\" \n\nSounds like a billion dollar idea, Sis!"}, {"author_id": 757396305777987584, "id": 1494957969745879042, "text": "RT @TasteOfCountry: Did you catch @1883Official's tribute to Kevin Costner @ModernWest?  https://t.co/4KEAQfxgI3"}, {"author_id": 2878777542, "id": 1494946634043641860, "text": "RT @chrisjsankey: Kill these guys?  War Cries? This isn't dances with wolves. They are humiliating our culture. I am embarrassed as an Indi\u2026"}, {"author_id": 3313946418, "id": 1494944051916726272, "text": "RT @priscilagural: Dances with Wolves https://t.co/163xClen5w via @YouTube"}, {"author_id": 27972845, "id": 1494941009280708612, "text": "@LilithLallure Road to Perdition\nCasino\nThe Master  \nBlade Runner \nWhiplash \nAmadeus \nDances with Wolves\n13 Assassins \nBarry Lyndon\nThe New World"}, {"author_id": 1369285800, "id": 1494936576941514753, "text": "@ATRightMovies Cringe. Giving Scorsese an Oscar for The Departed is as much of a travesty as Costner &amp; Dances with Wolves beating Goodfellas.\n\nAlso why Lucas, who'd never won? He was tighter with DePalma (prob thought it was a joke too and refused) and Schrader. Whole thing was fucking bizarre. https://t.co/deQWmPFV9s"}, {"author_id": 353082334, "id": 1494933847292661764, "text": "RT @gettv: Floyd \"Red Crow\" Westerman (1936\u20132007) was a familiar face in movies like DANCES WITH WOLVES + shows like THE X-FILES. \n \nSee hi\u2026"}, {"author_id": 965896408615325696, "id": 1494926547626692609, "text": "@HmJileswrites Braveheart\nDances With Wolves, \nSchindler's List\nDesperado\nOf Mice And Men\nMiller's Crossing"}, {"author_id": 1008793270787469312, "id": 1494923485793165313, "text": "RT @TasteOfCountry: The lastest episode of @1883Official included one big Easter egg. Did you catch it? \nhttps://t.co/4KEAQffFQv"}, {"author_id": 1123485296551706625, "id": 1494922420834213888, "text": "@SHM2024 @tcm He certainly was. His heyday. Barry would later go on to do the music for DANCES WITH WOLVES, among other films."}, {"author_id": 216719083, "id": 1494914648604389377, "text": "The lastest episode of @1883Official included one big Easter egg. Did you catch it? \nhttps://t.co/4KEAQffFQv"}, {"author_id": 1291931246550032390, "id": 1494909308689174530, "text": "Dances with Wolves is forever one of my favorites"}, {"author_id": 1262980531479646209, "id": 1494901754063818752, "text": "dances with wolves is a good movie"}, {"author_id": 3313946418, "id": 1494901734107279367, "text": "Dances with Wolves https://t.co/163xClen5w via @YouTube"}, {"author_id": 29024074, "id": 1494900862975500289, "text": "@HmJileswrites Dances With Wolves, Schindler's List, Saving Private Ryan, and...I'll get \ud83d\udca9 for this...Titanic. The leads sucked and the plot was meh, but I thought it was visually stunning. Especially the transition shots between modern sunken Titanic and past Titanic."}, {"author_id": 490790309, "id": 1494898031136854017, "text": "[ WKDfm: George Zamfir - Looks Like A Suicide (From The Movie \"Dances With Wolves\") \n https://t.co/nyfKmFiSXC \n Live, Legal and Loud - Int..."}, {"author_id": 930918227462336512, "id": 1494896921579823105, "text": "@CHAOKOCartoons Why did they wait 32 years to make a game series based off of Dances with Wolves?"}, {"author_id": 1368444075582558211, "id": 1494893203274842114, "text": "BTW....Buck and Teddy, whom together portrayed the wolf Two Socks in the movie Dances with Wolves?\n\nThey also appeared in an episode of Star Trek:  The Next Generation (TNG)."}, {"author_id": 1242935575709171714, "id": 1494889690658492424, "text": "@HmJileswrites Dances With Wolves, Forrest Gump, Jurassic Park"}, {"author_id": 1444123973336412161, "id": 1494886729790242819, "text": "RT @MonaArbie: Mary McDonnell shoots\u2019em up in \u201cDances With Wolves\u201d 1990. https://t.co/Q84gYLMgt8"}, {"author_id": 236633182, "id": 1494884605614297091, "text": "Dirty dances with wolves. @RexChapman https://t.co/d0z0uXV1ad"}, {"author_id": 1000897147766759424, "id": 1494883949025316865, "text": "RT @chrisjsankey: Kill these guys?  War Cries? This isn't dances with wolves. They are humiliating our culture. I am embarrassed as an Indi\u2026"}, {"author_id": 404439040, "id": 1494883851180535809, "text": "RT @chrisjsankey: Kill these guys?  War Cries? This isn't dances with wolves. They are humiliating our culture. I am embarrassed as an Indi\u2026"}, {"author_id": 1465738692643876867, "id": 1494879508302024706, "text": "RT @MonaArbie: Mary McDonnell shoots\u2019em up in \u201cDances With Wolves\u201d 1990. https://t.co/Q84gYLMgt8"}, {"author_id": 1451730523, "id": 1494878491782762503, "text": "RT @chrisjsankey: Kill these guys?  War Cries? This isn't dances with wolves. They are humiliating our culture. I am embarrassed as an Indi\u2026"}, {"author_id": 1477009584, "id": 1494878467870978050, "text": "you may watch a movie. dances with wolves. your mind tells you that indians are natural to horses and that the White man had adopted them.\nin reality. indians had tread on foot. Europeans brought horses to america and they stole them. \nmovies."}, {"author_id": 776106429656596482, "id": 1494878307615219712, "text": "Three Wolf Kevin Costner Dances With Wolves T Shirt --&gt; https://t.co/h1Zmw9msRp\n\nDisc 10% coupon \"FLS15\" https://t.co/0kj28qCXcV"}, {"author_id": 19882731, "id": 1494878076441817090, "text": "RT @chrisjsankey: Kill these guys?  War Cries? This isn't dances with wolves. They are humiliating our culture. I am embarrassed as an Indi\u2026"}, {"author_id": 296843604, "id": 1494874911017476099, "text": "Hmmm.. Dances With Wolves is just Avatar in the American West."}, {"author_id": 25870246, "id": 1494863076394508295, "text": "@KevinDombrowski If your kids were in the photo, I'd think this was a poster for Dances with Wolves."}]