[{"author_id": 3164018857, "id": 1495293850050793473, "text": "RT @Metalliquestar: I have now seen Eric 3 times. This week. All I can say, those guys must have stamina gifted by the gods because I am de\u2026"}, {"author_id": 1419996382430212103, "id": 1495293801467990019, "text": "RT @hakosokar1: No, I'm not dead. Only the exams left me tired. This is only a small sketch before the good stuff...\n#bmw #e24 #sketch http\u2026"}, {"author_id": 224030887, "id": 1495293794228609024, "text": "&amp; if I was dead tired like this I would be enroute to La casa."}, {"author_id": 1389825960866770947, "id": 1495293530499010565, "text": "Half of myself just want to end things and dead in peace. \n\nHalf of myself want to make more before this life runs out.\n\nBut im just tired."}, {"author_id": 61156361, "id": 1495292651771674625, "text": "RT @Metalliquestar: I have now seen Eric 3 times. This week. All I can say, those guys must have stamina gifted by the gods because I am de\u2026"}, {"author_id": 789564605957869568, "id": 1495291712910073862, "text": "RT @DarkerArcher: Can we dead this idea that young people have some bottomless source of energy that allows us to do all things? We get tir\u2026"}, {"author_id": 408213328, "id": 1495290737256124416, "text": "RT @Metalliquestar: I have now seen Eric 3 times. This week. All I can say, those guys must have stamina gifted by the gods because I am de\u2026"}, {"author_id": 842400486, "id": 1495290549477289990, "text": "Is it just me or do you guys ever just \"give up\" on trying to sleep? laid in bed for almost 4 hours but nope still awake. I'm dead tired but still nothing"}, {"author_id": 1193283943107375109, "id": 1495289729138450434, "text": "RT @DarkerArcher: Can we dead this idea that young people have some bottomless source of energy that allows us to do all things? We get tir\u2026"}, {"author_id": 952314738, "id": 1495289592538402817, "text": "AND here we go again.  :(  I am so effing fed up and tired of this. I really, really am. It is never going to end until everyone is dead because of #TheStupids. \nsmh. https://t.co/2cAShmaUyB"}, {"author_id": 503919053, "id": 1495288718818783234, "text": "@shesabratt1 dead ass girl I\u2019m tired of niggas"}, {"author_id": 330572935, "id": 1495287885217644546, "text": "RT @DarkerArcher: Can we dead this idea that young people have some bottomless source of energy that allows us to do all things? We get tir\u2026"}, {"author_id": 385678932, "id": 1495286958184177665, "text": "RT @deejayunknown: @DavidWCochrane @a_picazo I wish I could RT this over and over and over until people hear it.\n\nYES, we are all tired, st\u2026"}, {"author_id": 3268989614, "id": 1495286450228629512, "text": "@JoannaNoBanana I told my neurologist I was embarrassed for not working more, for sitting down too long, and I felt ashamed for not being a better provider because I'm just tired. I teared up a little &amp; told him I wasn't making it up. He looked me dead in the eyes &amp; said, \"oh I know you aren't.\""}, {"author_id": 21375582, "id": 1495285922732158976, "text": "I be so tired. I just be scrolling till my battery dead lol \ud83d\ude2b"}, {"author_id": 103609875, "id": 1495285679756128258, "text": "@ncc8288 @LacosteTajhai @xDizzyDaturax @KittenCumberba1 @jonboyelk @davenewworld_2 @mateale1968 \ud83e\udd23\ud83e\udd23\ud83e\udd23\ud83e\udd23oh what a come back. I guess ur brain is getting tired. I guess it can't help it since its already dead."}, {"author_id": 210777087, "id": 1495285042968420358, "text": "@Lillylatelee Thank you! You're dead right about Baloo needing to be tired out. I think I'll be heading back to the cemetery later today hoping for more Baloo play time. https://t.co/Gb0OvQ1hMf"}, {"author_id": 1341119782683336707, "id": 1495284447389835268, "text": "Correction: Jordan is playing Dead By Daylight, not Wildermyth.  I\u2019m apparently rather tired \ud83e\udd23"}, {"author_id": 1440023919772196870, "id": 1495282362548113408, "text": "I'm dead tired I sle["}, {"author_id": 1931218788, "id": 1495282295263092738, "text": "RT @DarkerArcher: Can we dead this idea that young people have some bottomless source of energy that allows us to do all things? We get tir\u2026"}, {"author_id": 1395541810001457152, "id": 1495282286983536643, "text": "@MangoCookie2 I DIDNT SWITCH TIMEZONES I TRAVELED IN A LINE VERTICAL ACTION \ud83d\ude0e\ud83d\ude0e\ud83d\ude0e\ud83d\ude0e\ud83d\udca5\ud83d\udca5\ud83d\udca5 SO IM DEAD TIRED AND HAVE \u22483 HOURS FOR NEXT PLANE"}, {"author_id": 1104354644627767297, "id": 1495281782652035075, "text": "Dead ass bc why am I fixing up holes and the plumbing?? Tired of begging my landlord so I just do it myself \ud83d\ude2d\ud83d\ude2d https://t.co/9UMr9giG1F"}, {"author_id": 876371426, "id": 1495281209554964480, "text": "@LJMW169 I would love to see how many would do this in North Korea, Russia, Afghanistan, there's more but I'm brain dead, tired, let's talk freedom, a lady from Toronto area went to be with ISIS and has been fighting to come back, she has no freedom, lives in a camp.."}, {"author_id": 1346985212975190018, "id": 1495280612890009602, "text": "Really is a beautiful way to describe it,\n\nTired? I was Exhausted how many years ago?\n\nDoes Jelly Roll even know how good that dead man walkin song is?\n\nIt's not that it don't stop, I would recommend not letting it."}, {"author_id": 1480692713532325888, "id": 1495279140185915392, "text": "RT @cqsteel: can thisnbifch rise from the dead because im tired he needs to come home https://t.co/PJ5Hb2miAd"}, {"author_id": 880999051, "id": 1495278345092988928, "text": "@AmellMirai A mark of surrender reminding that he was there once too but too tired to illuminate others path with \nFeels like a war dead \nBeautifully &amp; thoughtful Mirai \u2665\ufe0f"}, {"author_id": 2603344777, "id": 1495278082596515842, "text": "Good morning. Who slept at 4 am for no reason whatsoever and is now dead tired?"}, {"author_id": 405924189, "id": 1495277202925047811, "text": "Okay my amazing moots, I\u2019m headed off to get under my ghostface blanket, put in ateez and crash. I\u2019m dead tired. Goodnight!!\u2764\ufe0f\n\nA special goodnight to, @YunhosStar131 @YunhosKitten @joongs_pirate98 \u2764\ufe0f sleep well yourselves!"}, {"author_id": 1165312428600487936, "id": 1495277124143689731, "text": "im tired, so tired, dead tired.."}, {"author_id": 927111450669105152, "id": 1495276570583261186, "text": "I'm so dead tired already but I gotta attend my tita's bday later huhu. How can I sleep \ud83d\ude2d I usually take a nap (a 2-hour nap \ud83d\ude42) after work huhu my head hurts."}, {"author_id": 997476705290936322, "id": 1495275070209814535, "text": "I come home dead tired only to put more fake blood on my art instead of sleeping for y'all &lt;3 https://t.co/G5lLfYtDef"}, {"author_id": 1376365828074057731, "id": 1495275020066643968, "text": "@SeanRossSapp If Finn Balor ever gets released from the WWE I want to see him go on a world tour to beat up every member of the current BC and every non-WWE signed alumni of the various incarnations of BC, purely to put this tired dead horse to rest at long last."}, {"author_id": 1338001652939452416, "id": 1495274456914219013, "text": "RT @Psicarii: Tried to spruce up a sketch. Not my best work, but I'm like dead tired. https://t.co/hc19NldqLP"}, {"author_id": 18304621, "id": 1495274062918172672, "text": "The fun of waking up dead tired thinking of any of the 393738 random things you haven\u2019t managed to get done in the past days/weeks/months/year because you were too damn exhausted and immediately start panicking. Great way to start the day. NOT."}, {"author_id": 1363592001313140736, "id": 1495272770602561538, "text": "// ha... fuck. Two more friends are dead bc nazis shot up a protest. Before it even fucking started. I\u2019m done. I\u2019m fucking at the end of my line. I can\u2019t handle any more shit. I can\u2019t bring myself to burden the people I need right now but I\u2019m so fucking tired of losing people"}, {"author_id": 1100605476306268163, "id": 1495272723924205570, "text": "I also went outside today. I am exhausted but I still have to get up, get my mail from Sacramento tomorrow and also clean my room so I can justify going to the computer museum on Monday.\n\nI am so tired and my social battery is deader than dead."}, {"author_id": 114369688, "id": 1495272142275031045, "text": "Lol just wait until you do. Y\u2019all will be dead tired going straight to sleep. https://t.co/65K4PR9cBX"}, {"author_id": 824450408, "id": 1495272105604263936, "text": "RT @deejayunknown: @DavidWCochrane @a_picazo I wish I could RT this over and over and over until people hear it.\n\nYES, we are all tired, st\u2026"}, {"author_id": 1482557467162722305, "id": 1495270821337645057, "text": "dead tired and the heat is finally working again\u2026can i sleep now..? https://t.co/3flIa8lOZu"}, {"author_id": 575194301, "id": 1495270787963625474, "text": "RT @CohesionPress: Well, we got tired of waiting to show you the cover for SNAFU: Dead or Alive.\nHere it is, in all its glory!\nDon't forget\u2026"}, {"author_id": 1110775513889439750, "id": 1495270560363728900, "text": "Anyone else feel like they are wasting their life away no matter what you do and there is no end in sight? I feel like they only way I can be at peace is if I\u2019m dead. so tired of everything lately I hate this feeling\u2026"}, {"author_id": 1434739997169438724, "id": 1495270544723222528, "text": "CM, *shooting his shot when a man is grieving his dead lover*\nXQC, tired, weak and out of fucks: Get lost https://t.co/vsBIcAfdfU"}, {"author_id": 887972089612951553, "id": 1495269784350609411, "text": "@tired_and_dead but it worked didn't it"}, {"author_id": 778769220104495104, "id": 1495264924737675267, "text": "There was this kinda creepy subplot w Dylan, a dead cis male child (who is technically 18 - when the plot specified this I already started getting my back up). The child has been dead for years and is tired of looking as young as he was on the day that he died."}, {"author_id": 762100099, "id": 1495264584445349889, "text": "When it's been a long week and your tired and  some Pinot Noir sounds good then some George Strait that was your wedding song with your ex also dead husband........................."}, {"author_id": 48194564, "id": 1495264135537430529, "text": "i was dead tired like two hours ago so now im like literally having my knees buckle while im standing around"}, {"author_id": 926815317250023424, "id": 1495263950824300545, "text": "so tired and dead ;\u2014; everytime after gym\u2026 why did I even listen to mom"}, {"author_id": 4135296683, "id": 1495263648746557440, "text": "RT @deejayunknown: @DavidWCochrane @a_picazo I wish I could RT this over and over and over until people hear it.\n\nYES, we are all tired, st\u2026"}, {"author_id": 76451789, "id": 1495263147514822656, "text": "To insomnia, my love\nDepression, the wrong friend\nWhile loneliness above\nAwake right 'till the end\n\nBut we see what has been\nHope, always looking dead\nMakes questions flow within\nUs, tired, in our head\n\nCry"}, {"author_id": 934675293478031361, "id": 1495262702196953105, "text": "I\u2019m tired of y\u2019all ! Just drop dead \ud83e\udd23\ud83e\udd23\ud83e\udd23"}, {"author_id": 1483513299425628161, "id": 1495261552986918912, "text": "RT @deejayunknown: @DavidWCochrane @a_picazo I wish I could RT this over and over and over until people hear it.\n\nYES, we are all tired, st\u2026"}, {"author_id": 15070424, "id": 1495261332089704454, "text": "RT @deejayunknown: @DavidWCochrane @a_picazo I wish I could RT this over and over and over until people hear it.\n\nYES, we are all tired, st\u2026"}, {"author_id": 1291925992030822402, "id": 1495261008197214210, "text": "You guys know what am tired @iamcardib am tired like where the fuck u at Atlantic when is the next dead line Kmft like u don\u2019t care about us at all"}, {"author_id": 1424922772371910670, "id": 1495260592634048512, "text": "my phones dead so no new posts for tonight, unrelated but I am really fucking tired"}, {"author_id": 2294062423, "id": 1495260540494835713, "text": "@cyn_dogelover Dead tired"}, {"author_id": 1488038451983556610, "id": 1495260246583169027, "text": "@Neverla56629631 @jackcroonermia @healtheearthfdn and i just dissapointed, so.many his fans dont know abt this..when i mention he alive they say  weird and sick.this is so stupid believe his dead.sometimes i fell fedup.sometimes miss him so much so im tired\ud83d\ude13"}, {"author_id": 1253139901467561987, "id": 1495259666498179075, "text": "RT @N7joke: @Makeouthill43 @NoLicenseToKill @PaweSasko This is a tired excuse when red dead redemption and horizon forbidden West god of wa\u2026"}, {"author_id": 1094605919848022017, "id": 1495259482083196932, "text": "RT @Beefybull3: Daddy was sweaty aF &amp; tired with dead dick after pumping gay DNA into this twink who received his first gay creampies. He u\u2026"}, {"author_id": 3149793446, "id": 1495259245880569856, "text": "Dead tired"}, {"author_id": 2211333573, "id": 1495259213492273153, "text": "I literally was dead tired an hour ago, now I'm up"}, {"author_id": 15523288, "id": 1495258962278883328, "text": "RT @SocialPiranha3: If I treated my T1D in the same casual, \"sick of this now\" way many treat COVID, I would be long dead.\n\nThese things do\u2026"}, {"author_id": 48357731, "id": 1495258443485122564, "text": "Man, I'm so sick and tired of Covid. \n\nI'm not sick and dead of it, tho. \n\nBaruch Hashem."}, {"author_id": 153979045, "id": 1495258340540223491, "text": "Hey all. I said earlier I was gonna stream more red dead tonight. I'm pretty tired and streamed a lot of hitman earlier trying to perfect the level. \nHere us the level. Please enjoy.\nDoing Red Dead tomorrow"}, {"author_id": 1449892524366041091, "id": 1495256958437588993, "text": "RT @facesOfEth: Met hella cool people out here at ETH Denver. Shout out to everyone who came by and was interested in what we've been worki\u2026"}, {"author_id": 547034811, "id": 1495256771879129090, "text": "@spookykewpie i\u2019m sad about it i\u2019m just tired of seeing a dead cat on my tl"}, {"author_id": 772170016112320512, "id": 1495256480676728838, "text": "@Makeouthill43 @NoLicenseToKill @PaweSasko This is a tired excuse when red dead redemption and horizon forbidden West god of war run smooth and looks fantastic why can't we expect the same from cdpr?"}, {"author_id": 793792322139987968, "id": 1495256390142775297, "text": "I should\u2019ve been sleep \ud83d\ude29I was in bed by 10:45 yesterday &amp; was mad as shit at 5:30am an dead tired \ud83e\udd7a\ud83d\ude2d\ud83d\ude2d\ud83d\ude2d"}, {"author_id": 2173285033, "id": 1495255841624231945, "text": "I'll reschedule the special stream I was suppose to do today. Just dead tired and I have a flight at 4am \ud83d\ude29\ud83d\udc94"}, {"author_id": 4011209060, "id": 1495255758132240385, "text": "Ok my eyes \ud83d\udc40 are tired and my battery is almost dead time to recharge see ya all L8R \u270c\ufe0f"}, {"author_id": 28617370, "id": 1495255119750995969, "text": "@Fightful Why a hater? I'm tired of The same Champions in WWE and I want some fresh people.  Goldberg is a Legend and is a great champion.  Can Reigns dead lift a 400 lbs wrestler like Mark Henry? No? OK. Don't Hate on Goldberg! No more YOU, AND your Ignorant Tweets!"}, {"author_id": 1485311892100988934, "id": 1495254501309169665, "text": "RT @ricksprickk: i\u2019m SO tired of seeing, \u201cthe walking dead\u2019s still on ???\u201d https://t.co/ELvzUKjRs7"}, {"author_id": 1461298588374695937, "id": 1495253178928959490, "text": "@revivvl @selgwell Suddenly? The number of composers? lol \ud83e\udd23\ud83e\udd23\ud83e\udd23\ud83e\udd23\ud83e\udd23\ud83e\udd23\nand why is that hailey and my dream?\ud83e\udd37\ud83c\udffb\u200d\u2640\ufe0f It's your dream. lol\nhailey alreday has\n2 full albums and song title with her name ,,  \u2728\u2728 \nanyway don't replying anymore.\nI'm so tired to hear dead relationship stans's bullshit. \ud83e\udd71"}, {"author_id": 1359340832160161795, "id": 1495252617727037443, "text": "I need something to help with my energy. I be dead tired. All the time."}, {"author_id": 834395913498009600, "id": 1495252583270600705, "text": "I am tired of being exhausted all the time. I took a three hour nap yesterday, slept 10hrs overnight, and I'm just dead exhausted by 6-7pm without doing much. I have a physical early March, I'll mention it to my new PCP."}, {"author_id": 107563743, "id": 1495252016855076869, "text": "RT @deejayunknown: @DavidWCochrane @a_picazo I wish I could RT this over and over and over until people hear it.\n\nYES, we are all tired, st\u2026"}, {"author_id": 1477167271730683905, "id": 1495250797910806528, "text": "@NoChaser4You @leforge_e @FoxNews You got tired of Trumps bs. All Democrats did all 4 years was cried and said democracy was dead and cried and cried about it. Then you vote in creepy, touchy, sniffy, Uncle Tom into the Oval Office and pick the most under qualified Vice President."}, {"author_id": 1902119191, "id": 1495250471677837312, "text": "Dead tired. But I live for the Late Pick 4. This is my play. #CmonRuss https://t.co/RSF7uB8a4r"}, {"author_id": 941811611882475527, "id": 1495250020865658888, "text": "I\u2019m so fuckin pissed at Aaron man! Aubreigh is getting worse and worse by the day and she dead ass don\u2019t listen to me! She take her Goddad as a joke, like it\u2019s just no winning w her and I\u2019m tired of it"}, {"author_id": 2982029017, "id": 1495249962950545414, "text": "RT @facesOfEth: Met hella cool people out here at ETH Denver. Shout out to everyone who came by and was interested in what we've been worki\u2026"}, {"author_id": 14106190, "id": 1495249802019450884, "text": "Met hella cool people out here at ETH Denver. Shout out to everyone who came by and was interested in what we've been working on. Really cool folks in this space. I'm dead tired my old ass gotta go home and sleep for a week now. \ud83d\ude34"}, {"author_id": 1109593590005723138, "id": 1495248926529581057, "text": "RT @deejayunknown: @DavidWCochrane @a_picazo I wish I could RT this over and over and over until people hear it.\n\nYES, we are all tired, st\u2026"}, {"author_id": 1172172719338807296, "id": 1495248909408608256, "text": "\" I am just accepting death, I should have been dead long ago . . . \" \n\nSigh as he leans against his scythe, he looks tired.\n\n\" How is my friend Brook ? \""}, {"author_id": 503634600, "id": 1495248821378555909, "text": "@DonaldJTrumpJr please tell your dad to run for president again!! Tired of this brain dead spineless weasel bum we have"}, {"author_id": 1399894669186699264, "id": 1495248767695609864, "text": "i\u2019m so tired of everything and i don\u2019t know anything and i want to sleep and i don\u2019t know what to do and i\u2019m brain dead i\u2019m so brain dead because i don\u2019t know and i don\u2019t know if i want to know please can i just have a second of not being tirhate beingtier why am i tireg om"}, {"author_id": 2720540335, "id": 1495247903606009856, "text": "RT @FreedomLosing: I am so tired of this world we are building. Why ?   The time and money spent chasing the white supremacy ghost while th\u2026"}, {"author_id": 1271661713662844928, "id": 1495246466339725314, "text": "i swear i\u2019m tired of gaming being so dead"}, {"author_id": 1427850453421748227, "id": 1495246443380363267, "text": "RT @jmjamjamhoneyj3: Presenting bun soob \ud83d\udc97\ud83d\ude0c he might not like exercise and looks tired with those dead fish eyes but hey !!he is sweet love\u2026"}, {"author_id": 1488039588648165379, "id": 1495246407145377794, "text": "look, oh look at what you've done now to me, dead tired and ornery, i'm leaving today"}, {"author_id": 1078456365759254528, "id": 1495246220415188996, "text": "Sorry guys. No stream tonight \ud83e\udd72 I got hit with the biggest wave of dead tired tonight and I wanna stream at my 100% best self. Hopefully I'll be recharged tomorrow! \u2764 I appreciate you all so much!\n#vtuber #smallstreamer"}, {"author_id": 2665958343, "id": 1495246131063787522, "text": "I\u2019m dead tired"}, {"author_id": 43118564, "id": 1495245102452809729, "text": "Ice Man Back There Dead Tired"}, {"author_id": 56748490, "id": 1495244686507794437, "text": "@DavidWCochrane @a_picazo I wish I could RT this over and over and over until people hear it.\n\nYES, we are all tired, stressed, in the dead of winter, in year 3 of a pandemic.\n\nBut most of us are holding it together, and trying to keep our kids going too."}, {"author_id": 2610629060, "id": 1495243495728197632, "text": "@SP__Machiavelli @ohthefreemanity I'm tired. Raise your own protests. Remember your own dead. I'm still keeping my list but I'm showing it to people with a modicum of actual care, people who see real people being murdered. Not factionalists scoring talking points."}, {"author_id": 3293780460, "id": 1495240706138456067, "text": "I was fumbling around, desperate for anything to break the stalemate I had been at emotionally for years at that point. I was tired of being dead inside, having to talk myself out of suicide. Tired of feeling like I was just hanging on out of spite. 2/"}, {"author_id": 1415187376570126343, "id": 1495239883748638722, "text": "I realized it was ridiculous being afraid, worrying about everything, wishing I was dead. All of it. I'm tired of it. It's the best day of my life."}]