[{"author_id": 4382541074, "id": 1495280273814003713, "text": "RT @TheRealAntonioA: 26 years ago today Jay-Z dropped the legendary first single off Reasonable Doubt, Dead Presidents. https://t.co/zIUODI\u2026"}, {"author_id": 1494578247434219521, "id": 1495279413415624704, "text": "@GideonBadiva @ItsNyambane An attempt on presidents life does not even get you to court. You will be long dead even before people understand what is going on."}, {"author_id": 1600642272, "id": 1495274086393602048, "text": "RT @TheRealAntonioA: 26 years ago today Jay-Z dropped the legendary first single off Reasonable Doubt, Dead Presidents. https://t.co/zIUODI\u2026"}, {"author_id": 1592099586, "id": 1495274002163585028, "text": "RT @TheRealAntonioA: 26 years ago today Jay-Z dropped the legendary first single off Reasonable Doubt, Dead Presidents. https://t.co/zIUODI\u2026"}, {"author_id": 597092714, "id": 1495271667001659396, "text": "RT @TheRealAntonioA: 26 years ago today Jay-Z dropped the legendary first single off Reasonable Doubt, Dead Presidents. https://t.co/zIUODI\u2026"}, {"author_id": 82108301, "id": 1495271018503491597, "text": "RT @TheRealAntonioA: 26 years ago today Jay-Z dropped the legendary first single off Reasonable Doubt, Dead Presidents. https://t.co/zIUODI\u2026"}, {"author_id": 4314296953, "id": 1495270691993653255, "text": "RT @TheRealAntonioA: 26 years ago today Jay-Z dropped the legendary first single off Reasonable Doubt, Dead Presidents. https://t.co/zIUODI\u2026"}, {"author_id": 324036842, "id": 1495269543626772482, "text": "RT @TheRealAntonioA: 26 years ago today Jay-Z dropped the legendary first single off Reasonable Doubt, Dead Presidents. https://t.co/zIUODI\u2026"}, {"author_id": 1490373963121262593, "id": 1495269416006602754, "text": "RT @TheRealAntonioA: 26 years ago today Jay-Z dropped the legendary first single off Reasonable Doubt, Dead Presidents. https://t.co/zIUODI\u2026"}, {"author_id": 29094983, "id": 1495269376227901440, "text": "RT @TheRealAntonioA: 26 years ago today Jay-Z dropped the legendary first single off Reasonable Doubt, Dead Presidents. https://t.co/zIUODI\u2026"}, {"author_id": 2427506029, "id": 1495268804783394816, "text": "26 years ago today Jay-Z dropped the legendary first single off Reasonable Doubt, Dead Presidents. https://t.co/zIUODIiIQ7"}, {"author_id": 570696410, "id": 1495267547666534402, "text": "RT @dscrb: @just_awesome25 I barely hear of British or American Monarchs or Dead presidents used for archeological research.\nWhat is the tr\u2026"}, {"author_id": 313683992, "id": 1495267093373243393, "text": "@ShawnCarterShow You sure Dead Presidents is not on the album? Maybe I missed something."}, {"author_id": 1335683221854453765, "id": 1495266825294135296, "text": "RT @EnterDaDome: On Dead Presidents video JAY-Z had Biggie, AZ &amp; Smoothe da Hustler at the table playing cards. They are all BK MCs. It wou\u2026"}, {"author_id": 993755066984271872, "id": 1495264254252961792, "text": "RT @ShawnCarterShow: February 20th, 1996.\n\nJay-Z releases the single and video for \u201cDead Presidents\u201d a day after President\u2019s Day. It is the\u2026"}, {"author_id": 302620787, "id": 1495264191632101377, "text": "RT @dscrb: @just_awesome25 I barely hear of British or American Monarchs or Dead presidents used for archeological research.\nWhat is the tr\u2026"}, {"author_id": 1174566216314380288, "id": 1495263887884623880, "text": "RT @ShawnCarterShow: February 20th, 1996.\n\nJay-Z releases the single and video for \u201cDead Presidents\u201d a day after President\u2019s Day. It is the\u2026"}, {"author_id": 522092928, "id": 1495263111108079617, "text": "RT @dscrb: @just_awesome25 I barely hear of British or American Monarchs or Dead presidents used for archeological research.\nWhat is the tr\u2026"}, {"author_id": 1467659883692519427, "id": 1495262653110841351, "text": "@JamesBlack1966 @Change Are you sure tho? Last I knew, dead American presidents, and ever axis leader from ww2 aren't aren't here to sign your petition \ud83e\udd37\u200d\u2642\ufe0f may wanna star double checking names and stop forging others \ud83d\ude09"}, {"author_id": 488031738, "id": 1495258626382090249, "text": "RT @EnterDaDome: On Dead Presidents video JAY-Z had Biggie, AZ &amp; Smoothe da Hustler at the table playing cards. They are all BK MCs. It wou\u2026"}, {"author_id": 312838711, "id": 1495258105105555459, "text": "RT @EnterDaDome: On Dead Presidents video JAY-Z had Biggie, AZ &amp; Smoothe da Hustler at the table playing cards. They are all BK MCs. It wou\u2026"}, {"author_id": 241368699, "id": 1495256066703216642, "text": "RT @EnterDaDome: On Dead Presidents video JAY-Z had Biggie, AZ &amp; Smoothe da Hustler at the table playing cards. They are all BK MCs. It wou\u2026"}, {"author_id": 894444733489197056, "id": 1495253839951409154, "text": "RT @dscrb: @just_awesome25 I barely hear of British or American Monarchs or Dead presidents used for archeological research.\nWhat is the tr\u2026"}, {"author_id": 1483007575696322564, "id": 1495253142753222656, "text": "@briangtau @kipro_hon Your argument is  dead in arrival...How many more Protected Presidents and Prime Minister have been killed in office in Africa and beyond ??Reread bro..."}, {"author_id": 119594272, "id": 1495252926356500481, "text": "On Dead Presidents video JAY-Z had Biggie, AZ &amp; Smoothe da Hustler at the table playing cards. They are all BK MCs. It would have been dope to have AZ &amp; Smoothe da Hustler on Reasonable Doubt. I wonder why they weren't &amp; why they never did a song together..Random thought.\ud83c\udfb6\ud83c\udf99\ufe0f\ud83c\udfa4 https://t.co/orlWT9vZ1J"}, {"author_id": 103727321, "id": 1495250582986231809, "text": "RT @raineyrainbows: i used to have a friend that would make fun of me because i didn\u2019t know facts about us presidents\u2026it\u2019s honestly way mor\u2026"}, {"author_id": 1354590011627163655, "id": 1495248233794523136, "text": "RT @MarinaRassin: @AtlRey Wef contradicting presidents dead, same with scientists"}, {"author_id": 1248208931807100929, "id": 1495247730217680899, "text": "RT @dscrb: @just_awesome25 I barely hear of British or American Monarchs or Dead presidents used for archeological research.\nWhat is the tr\u2026"}, {"author_id": 1870409545, "id": 1495242243929788417, "text": "RT @ADOS4EVR: @Aye_Yo_Jo33 Life\nMalcolm X\nLove Jones\nMo\u2019 Better Blues\nDead Presidents\nCrooklyn\nDo The Right Thing\n\nYes, I know \u201cDo The Righ\u2026"}, {"author_id": 1247762494556237824, "id": 1495240185986093057, "text": "RT @dscrb: @just_awesome25 I barely hear of British or American Monarchs or Dead presidents used for archeological research.\nWhat is the tr\u2026"}, {"author_id": 1198040476869378048, "id": 1495230598981427205, "text": "President's Day Weekend With The Dead Presidents Live (2.19.2022) https://t.co/N9ufZTGJnq"}, {"author_id": 703360732, "id": 1495227533767368707, "text": "I be chasing the dead presidents ine fw Biden"}, {"author_id": 1297216493948743681, "id": 1495225950736371720, "text": "@BlackAndRandom1 @HipHopNumbers Dead Presidents II from The Warm Up"}, {"author_id": 29431750, "id": 1495223636000653312, "text": "@MarkLeeInSF @hudie_PA @mw_leslie @toni_iacobbo Not the best newspaper but it\u2019s pretty informative in this instance. https://t.co/l4pMApGm1v"}, {"author_id": 1355203794167070729, "id": 1495220663283601410, "text": "RT @___dro__: Off the top of my head I could rap the first verse to \u201cDead Presidents II\u201d forever."}, {"author_id": 90781117, "id": 1495220530760224769, "text": "Off the top of my head I could rap the first verse to \u201cDead Presidents II\u201d forever. https://t.co/AElHCATy3X"}, {"author_id": 1490182538429710337, "id": 1495212563486945286, "text": "RT @PenmanshipP: Dead Presidents #freestyle @Rxtherapper #smelltheroses #mixtape https://t.co/Z2V6lSkiMX via @YouTube @rxtherapper #worldst\u2026"}, {"author_id": 1206293446408978437, "id": 1495212327788064769, "text": "RT @PenmanshipP: Dead Presidents #freestyle @Rxtherapper #smelltheroses #mixtape https://t.co/Z2V6lSkiMX via @YouTube @rxtherapper #worldst\u2026"}, {"author_id": 1262985938658930688, "id": 1495208295845429254, "text": "RT @raineyrainbows: i used to have a friend that would make fun of me because i didn\u2019t know facts about us presidents\u2026it\u2019s honestly way mor\u2026"}, {"author_id": 2494446422, "id": 1495205669594611712, "text": "@My__Carrots More like Dead Presidents Day, amirite"}, {"author_id": 95155814, "id": 1495204407650172931, "text": "RT @dscrb: @just_awesome25 I barely hear of British or American Monarchs or Dead presidents used for archeological research.\nWhat is the tr\u2026"}, {"author_id": 2270843233, "id": 1495203067419111432, "text": "RT @schofieldkid249: Here's a picture of Jaimz Woolvett as Lt. Dugan in \"Dead Presidents\"  that @OnePerfectShot must post on their page! ht\u2026"}, {"author_id": 2270843233, "id": 1495202988620660737, "text": "RT @schofieldkid249: IMO, Jaimz Woolvett looks like Bruce Willis in the movie \"Dead Presidents\". https://t.co/bak7Ij1BvV"}, {"author_id": 1180005864301895680, "id": 1495200404921008130, "text": "@FrankMtetezi So Livondo knew but Moses Kuria the presidents MP had no clue!! It is on record literally recorded someone in OP wanted WRS dead. They said just like they did Saitoti."}, {"author_id": 1458617499415580676, "id": 1495198485942996992, "text": "gotta be rich in other places besides dead presidents"}, {"author_id": 113709141, "id": 1495198391705481218, "text": "#NP Jay-Z - Dead Presidents https://t.co/CO0eFrDDy6 #TheCommissionOfHipHop #SixFamiliesRadio"}, {"author_id": 804112733448863744, "id": 1495195259629981701, "text": "@ArmyDog501 Were are celebrating the dead presidents."}, {"author_id": 26435222, "id": 1495193896317591557, "text": "they tried to say\nI was incompetent, not able to learn\nThe tables turned now, got my own film company I earned\nLike that nigga said in Dead Presidents, \"Money to burn\"\nJackson Mississippi , pay homage respect, \n\n\ud83d\udcf7\ud83d\udcbb\ud83c\udf92\ud83c\udf83\ud83c\udfac \ud83e\uddea\ud83d\udc89 \ud83d\udc0d\ud83e\udd40\ud83e\ude93\ud83e\ude78\ud83e\udda0\ud83d\udc94\n#shotbyP.o.l.e.\n#respectthejux https://t.co/Y48o87iFNh"}, {"author_id": 625918190, "id": 1495193291964379142, "text": "RT @raineyrainbows: i used to have a friend that would make fun of me because i didn\u2019t know facts about us presidents\u2026it\u2019s honestly way mor\u2026"}, {"author_id": 1364497572509880322, "id": 1495189974869757955, "text": "RT @PenmanshipP: Dead Presidents #freestyle @Rxtherapper #smelltheroses #mixtape https://t.co/Z2V6lSkiMX via @YouTube @rxtherapper #worldst\u2026"}, {"author_id": 1127829883013361665, "id": 1495189952996548610, "text": "RT @PenmanshipP: Dead Presidents #freestyle @Rxtherapper #smelltheroses #mixtape https://t.co/Z2V6lSkiMX via @YouTube @rxtherapper #worldst\u2026"}, {"author_id": 1448950105059598336, "id": 1495189947686404096, "text": "RT @PenmanshipP: Dead Presidents #freestyle @Rxtherapper #smelltheroses #mixtape https://t.co/Z2V6lSkiMX via @YouTube @rxtherapper #worldst\u2026"}, {"author_id": 1354047563280707586, "id": 1495189925821661185, "text": "RT @PenmanshipP: Dead Presidents #freestyle @Rxtherapper #smelltheroses #mixtape https://t.co/Z2V6lSkiMX via @YouTube @rxtherapper #worldst\u2026"}, {"author_id": 3572912359, "id": 1495189904082542594, "text": "RT @PenmanshipP: Dead Presidents #freestyle @Rxtherapper #smelltheroses #mixtape https://t.co/Z2V6lSkiMX via @YouTube @rxtherapper #worldst\u2026"}, {"author_id": 757314061814161408, "id": 1495186252433588224, "text": "@itsHovseason A Milli \nDead Presidents ll\n5 Am in Toronto"}, {"author_id": 2802020524, "id": 1495186186192580608, "text": "RT @dscrb: @just_awesome25 I barely hear of British or American Monarchs or Dead presidents used for archeological research.\nWhat is the tr\u2026"}, {"author_id": 66991806, "id": 1495184689438543874, "text": "@ShawnSaid_ To \u201ccelebrate\u201d the white dead presidents"}, {"author_id": 1342506006367055872, "id": 1495184301385830412, "text": "RT @dscrb: @just_awesome25 I barely hear of British or American Monarchs or Dead presidents used for archeological research.\nWhat is the tr\u2026"}, {"author_id": 485050786, "id": 1495182939872796673, "text": "RT @dscrb: @just_awesome25 I barely hear of British or American Monarchs or Dead presidents used for archeological research.\nWhat is the tr\u2026"}, {"author_id": 955443550048608257, "id": 1495182783509327875, "text": "RT @PenmanshipP: Dead Presidents #freestyle @Rxtherapper #smelltheroses #mixtape https://t.co/Z2V6lSkiMX via @YouTube @rxtherapper #worldst\u2026"}, {"author_id": 1347396338581790723, "id": 1495182512464838663, "text": "RT @PenmanshipP: Dead Presidents #freestyle @Rxtherapper #smelltheroses #mixtape https://t.co/Z2V6lSkiMX via @YouTube @rxtherapper #worldst\u2026"}, {"author_id": 566641137, "id": 1495179884905353223, "text": "RT @dscrb: @just_awesome25 I barely hear of British or American Monarchs or Dead presidents used for archeological research.\nWhat is the tr\u2026"}, {"author_id": 1700552324, "id": 1495178694469435396, "text": "@just_awesome25 So when do we start digging up dead presidents?\ud83e\uddd0"}, {"author_id": 1700552324, "id": 1495178588949139457, "text": "@KarlousM So when do we start digging up dead presidents?\ud83e\uddd0"}, {"author_id": 206820605, "id": 1495178491402371072, "text": "Dead Presidents on @letterboxd: https://t.co/QCR28D85os"}, {"author_id": 783769082395037696, "id": 1495177378401771520, "text": "RT @dscrb: @just_awesome25 I barely hear of British or American Monarchs or Dead presidents used for archeological research.\nWhat is the tr\u2026"}, {"author_id": 325261179, "id": 1495176944459079684, "text": "RT @dscrb: @just_awesome25 I barely hear of British or American Monarchs or Dead presidents used for archeological research.\nWhat is the tr\u2026"}, {"author_id": 403088226, "id": 1495175457758715913, "text": "RT @dscrb: @just_awesome25 I barely hear of British or American Monarchs or Dead presidents used for archeological research.\nWhat is the tr\u2026"}, {"author_id": 184258371, "id": 1495175285351882756, "text": "RT @dscrb: @just_awesome25 I barely hear of British or American Monarchs or Dead presidents used for archeological research.\nWhat is the tr\u2026"}, {"author_id": 1466091858, "id": 1495173266746531840, "text": "First time watching Dead Presidents.\n\nBokeem Woodbine with hair is NUTS \ud83d\ude02"}, {"author_id": 1346913773156790279, "id": 1495168189172441089, "text": "RT @raineyrainbows: i used to have a friend that would make fun of me because i didn\u2019t know facts about us presidents\u2026it\u2019s honestly way mor\u2026"}, {"author_id": 1434963783982723080, "id": 1495168043340730372, "text": "RT @raineyrainbows: i used to have a friend that would make fun of me because i didn\u2019t know facts about us presidents\u2026it\u2019s honestly way mor\u2026"}, {"author_id": 19558534, "id": 1495167858137051141, "text": "Dead Presidents on 7th Ave. https://t.co/QUA5OPMI0g"}, {"author_id": 1160450900151943168, "id": 1495167195458031625, "text": "RT @PenmanshipP: Dead Presidents #freestyle @Rxtherapper #smelltheroses #mixtape https://t.co/Z2V6lSkiMX via @YouTube @rxtherapper #worldst\u2026"}, {"author_id": 49068530, "id": 1495166887164104712, "text": "RT @dscrb: @just_awesome25 I barely hear of British or American Monarchs or Dead presidents used for archeological research.\nWhat is the tr\u2026"}, {"author_id": 781652428160503808, "id": 1495161152157982727, "text": "RT @dscrb: @just_awesome25 I barely hear of British or American Monarchs or Dead presidents used for archeological research.\nWhat is the tr\u2026"}, {"author_id": 415075146, "id": 1495159634159718402, "text": "RT @dscrb: @just_awesome25 I barely hear of British or American Monarchs or Dead presidents used for archeological research.\nWhat is the tr\u2026"}, {"author_id": 906154067424096256, "id": 1495158638490664971, "text": "Isaac_Hayes_-_Walk_on_By_Dead_Presidents_OST"}, {"author_id": 3136555641, "id": 1495157141384142851, "text": "RT @dscrb: @just_awesome25 I barely hear of British or American Monarchs or Dead presidents used for archeological research.\nWhat is the tr\u2026"}, {"author_id": 1268957229220233217, "id": 1495154839206117383, "text": "\u201cJay talks in his interview with Oprah about how three gun shots at close range miraculously miss\u2026\u201d \u2014@Genius https://t.co/KageeChcfp"}, {"author_id": 1268957229220233217, "id": 1495154621270183936, "text": "\u201cIf Jay-Z paid $580 for cocaine, you KNOW he resold it for at least $1,160 (doubling his money \u2013 \u2026\u201d \u2014@Genius https://t.co/LCoQt8wMQ0"}, {"author_id": 1292062298639675398, "id": 1495153953708908549, "text": "@AtlRey Wef contradicting presidents dead, same with scientists"}, {"author_id": 20857251, "id": 1495153104932777985, "text": "@Watson3172 Dead Presidents"}, {"author_id": 1174519211768655872, "id": 1495153070984294400, "text": "RT @raineyrainbows: i used to have a friend that would make fun of me because i didn\u2019t know facts about us presidents\u2026it\u2019s honestly way mor\u2026"}, {"author_id": 1447321916314988544, "id": 1495153059789516805, "text": "RT @dscrb: @just_awesome25 I barely hear of British or American Monarchs or Dead presidents used for archeological research.\nWhat is the tr\u2026"}, {"author_id": 115087839, "id": 1495152715411988482, "text": "RT @dscrb: @just_awesome25 I barely hear of British or American Monarchs or Dead presidents used for archeological research.\nWhat is the tr\u2026"}, {"author_id": 1274285892207882243, "id": 1495152182081032194, "text": "@D_Joyce15 Dead presidents x J Cole smh you the mf that put me on to Cole"}, {"author_id": 912781875890081792, "id": 1495150231679287299, "text": "@TOzgokmen Theres nothing special about ANY era in mankinds history. In the illustrious words of the Dead Presidents \"Everything is Politics\". I've stood in Luxor, Pompeii to the palace of Knossos in Crete and the motivations of powerful men are the same throughout millenia."}, {"author_id": 474046462, "id": 1495148452614914050, "text": "RT @dscrb: @just_awesome25 I barely hear of British or American Monarchs or Dead presidents used for archeological research.\nWhat is the tr\u2026"}, {"author_id": 452681078, "id": 1495146684803739650, "text": "RT @dscrb: @just_awesome25 I barely hear of British or American Monarchs or Dead presidents used for archeological research.\nWhat is the tr\u2026"}, {"author_id": 1231328827877535744, "id": 1495146571503177735, "text": "Interesting how 2 guys who could name 2 past presidents and a prince as possible rapists end up dead in their \"guarded\" cells."}, {"author_id": 1488908023884046338, "id": 1495143898884227087, "text": "Ha! Well done. Biden's been in there a long time. It's about removing pro-Russia Presidents around the block to encircle Russia in the long game to crush it and drag Putin's cold dead body from office for the US to reboot their economy on being a big gas man. https://t.co/vyK5PYlfqK"}, {"author_id": 1488908023884046338, "id": 1495143750573727755, "text": "@DrMarcusP @JewRussophile Ha! Well done. Biden's been in there a long time. Its about removing pro-Russia Presidents around the block to encircle Russia in the long game to crush it and drag Putin's cold dead body from office for the US to reboot their economy on being a big gas man."}, {"author_id": 1353675495443992576, "id": 1495142180557672456, "text": "@KarlousM Imagine if we dug up dead white presidents and documented it on film"}, {"author_id": 3374863750, "id": 1495142107593457664, "text": "RT @dscrb: @just_awesome25 I barely hear of British or American Monarchs or Dead presidents used for archeological research.\nWhat is the tr\u2026"}, {"author_id": 1490515366958669827, "id": 1495141861345820672, "text": "Jay-Z - Dead Presidents (1996) https://t.co/G68erWSjTL"}, {"author_id": 1490453970271322122, "id": 1495139006111223812, "text": "Black people need to start digging up dead presidents at this point https://t.co/MgIBC8j39h"}, {"author_id": 3036867132, "id": 1495138886141583377, "text": "@dscrb @just_awesome25 Why would we dig up dead presidents"}]