[{"author_id": 1370066425835094021, "id": 1495294480215425030, "text": "RT @Phumajongosi: Dear future spouse, I can't wait to serve God with you. We will change the world, one prayer at a time ."}, {"author_id": 1117324572615831552, "id": 1495294423646703617, "text": "RT @NeonsAlternate: I've said it myself dear god\n\nactually you know what,\n\nWhat if Neon and Alicia aren't siblings? https://t.co/nmuNXqLcyp"}, {"author_id": 1287319697982214144, "id": 1495294407775600642, "text": "RT @2muchAkanni: +1\nGrowth, Consistency + Grace. Thank you dear God for everything. More life to me, AkanniOfLagos. \n\nAOL! https://t.co/UNG\u2026"}, {"author_id": 749227600208334848, "id": 1495294392265023488, "text": "@2muchAkanni @lekucciglobal @Olammi_ Happy birthday to you dear. \nGod's Blessings always \ud83d\ude4f\ud83d\ude4f\ud83d\ude4f"}, {"author_id": 1347796211294588928, "id": 1495294385629511684, "text": "@Lukaphile @big_bad_wuff @Zardy99 @GoldfishHuman @moondollxoxo You're \"boyfriend\" is clearly as braindead as you are. Dear god there is no hope for you people."}, {"author_id": 1190137990619811845, "id": 1495294350053593091, "text": "Dear God, thank you."}, {"author_id": 1424563031913078784, "id": 1495294334479986692, "text": "I've said it myself dear god\n\nactually you know what,\n\nWhat if Neon and Alicia aren't siblings? https://t.co/nmuNXqLcyp"}, {"author_id": 107074929, "id": 1495294305258414082, "text": "RT @ManleyWendy75: Oh dear God- I\u2019m watching the Texas chainsaw massacre 2022, &amp; so far, holy shit! This song came to mind! \ud83d\ude31\ud83d\udc80\n\nI definitel\u2026"}, {"author_id": 1442292072480870404, "id": 1495294241337008128, "text": "RT @heather_wynalda: Dear God,\n\nPlease give me patience.\n\nAmen https://t.co/8XIsf9c9Eo"}, {"author_id": 1472798667438497792, "id": 1495294221699457028, "text": "RT @believeERniEian: You deserved this kind of growing Family. You deserved all the love and support. Know how much we love you and we will\u2026"}, {"author_id": 1361189954299301892, "id": 1495294184667889665, "text": "RT @Phumajongosi: Dear future spouse, I can't wait to serve God with you. We will change the world, one prayer at a time ."}, {"author_id": 3341726301, "id": 1495294139239383040, "text": "@MikeSington Dear God that's creepy"}, {"author_id": 1228692805838606337, "id": 1495294070972891138, "text": "@Unica14177579 Good morning dear unica thank you for your kind wishes and words have a wonderful happy blessed fabulous peaceful relaxing Sunday God bless \ud83d\ude4f\u2764\ufe0f\ud83c\udf39 https://t.co/u3MzaR6LB1"}, {"author_id": 1474084774956392448, "id": 1495294063813271553, "text": "RT @IbrahimJide3: Dear God, I don't know who you're going to use oo. But please send helper to me and those who are reading this tweet!!!!\u2026"}, {"author_id": 249065486, "id": 1495294048420208641, "text": "RT @Phumajongosi: Dear future spouse, I can't wait to serve God with you. We will change the world, one prayer at a time ."}, {"author_id": 218811121, "id": 1495294035748999168, "text": "RT @acupofTEEMs: Dear God, heal us individually. \ud83d\ude4f"}, {"author_id": 993858495819800579, "id": 1495294024164462593, "text": "RT @khalipha_ntloko: Dear God\n\nThank you for another day"}, {"author_id": 156552819, "id": 1495294019877806082, "text": "RT @rhonda_harbison: @nytimes Dear God\nhttps://t.co/8aMcuS65VR"}, {"author_id": 2299823557, "id": 1495293972083843077, "text": "@PaulEmbery Dear god man \ud83e\udd26\ud83c\udffb\u200d\u2642\ufe0f he talks about potential world war starting in Ukraine and all you are interested in is slaughtering him if it doesn\u2019t happen!!! Remarkable \ud83e\udd26\ud83c\udffb\u200d\u2642\ufe0f\ud83e\udd26\ud83c\udffb\u200d\u2642\ufe0f"}, {"author_id": 1310288092528619520, "id": 1495293868291641344, "text": "RT @ZalrixNyx: @sircantus \"Dear Blood God and Angel of Death, I'm praying to you in my time of need to ask for your guidance as I battle my\u2026"}, {"author_id": 345048388, "id": 1495293751807422471, "text": "RT @2muchAkanni: +1\nGrowth, Consistency + Grace. Thank you dear God for everything. More life to me, AkanniOfLagos. \n\nAOL! https://t.co/UNG\u2026"}, {"author_id": 1101402509204168704, "id": 1495293686544056321, "text": "RT @Ferelabi5: Dear God \ud83e\udd32,one thing I want to get right is marrying the right person\n\nBcos ,wetin b\u1eb9 all these \ud83d\ude15"}, {"author_id": 1220714757487038464, "id": 1495293661759815681, "text": "RT @Music__Bee: Dear @NankanaPolice it's been more than 3months but no response from your end.\nEven your honorable DSP CIA is unable to pro\u2026"}, {"author_id": 4874003422, "id": 1495293631976067075, "text": "RT @Pastor__West: Dear Lord,\n\nToday, may every good and perfect plan You have for my life begin to manifest and be brought to fulfillment.\u2026"}, {"author_id": 1113447683430191104, "id": 1495293594374131715, "text": "@ShaolinBadger Dear God..."}, {"author_id": 1345269550972084224, "id": 1495293563260841984, "text": "RT @Winnings_sure: I pray that God gives you all that you need today as you work to live out your dreams. In Jesus\u2019 name, may you have a da\u2026"}, {"author_id": 4255950537, "id": 1495293532726308865, "text": "RT @realenockhealer: Dear God, please keep our parents healthy\ud83d\ude2a\ud83d\ude4f\ud83c\udffb"}, {"author_id": 1207642616952770563, "id": 1495293333886930944, "text": "RT @2muchAkanni: +1\nGrowth, Consistency + Grace. Thank you dear God for everything. More life to me, AkanniOfLagos. \n\nAOL! https://t.co/UNG\u2026"}, {"author_id": 3408893037, "id": 1495293328807632897, "text": "Dear God\nI know you're watching and that I should trust, I really do but Morena hle ke tsamaya mo tseleng tse thata."}, {"author_id": 138157973, "id": 1495293271869825024, "text": "RT @endsanctions: stop using the term \u201cmiddle class\u201d that doesn\u2019t fucking exist, the petty bourgeoise is not synonymous with the fictitious\u2026"}, {"author_id": 1400738198360309760, "id": 1495293247467528195, "text": "Dear God, I don't know who you're going to use oo. But please send helper to me and those who are reading this tweet!!!! Amen \ud83e\udd32"}, {"author_id": 1258803973072527362, "id": 1495293180249583616, "text": "RT @Phumajongosi: Dear future spouse, I can't wait to serve God with you. We will change the world, one prayer at a time ."}, {"author_id": 1289241936918872064, "id": 1495293149698273283, "text": "Dear god...\ud83d\ude33 https://t.co/EGAxBezLUu"}, {"author_id": 3002529732, "id": 1495292983834382336, "text": "RT @endsanctions: stop using the term \u201cmiddle class\u201d that doesn\u2019t fucking exist, the petty bourgeoise is not synonymous with the fictitious\u2026"}, {"author_id": 1005150546850803712, "id": 1495292864045092865, "text": "Dear #putin God has given u largest territory #Russia on earth as well mussels power also....\nBe kind &amp; Forgive #Ukraine as younger Brother....\n@KremlinRussia_E #usa... @JoeBiden #RusiaVsUkrain"}, {"author_id": 1283881064428122112, "id": 1495292829349855239, "text": "RT @2muchAkanni: +1\nGrowth, Consistency + Grace. Thank you dear God for everything. More life to me, AkanniOfLagos. \n\nAOL! https://t.co/UNG\u2026"}, {"author_id": 1394251986250485760, "id": 1495292770394726405, "text": "It's matchday again \u2764\ufe0f\ud83e\udd29\nDear God please help my club get the win \ud83d\ude4f\u2764\ufe0f"}, {"author_id": 1105254908780052480, "id": 1495292769467838465, "text": "RT @Joannajola1: Last Friday I left preclinical, hello Clinicals\ud83d\ude29\u263a\ufe0f\ud83d\udc9b\ud83d\udc9b Dear God I am thankful!\ud83d\ude47\u200d\u2640\ufe0f\ud83d\udc83 https://t.co/iMoB1MTYTI"}, {"author_id": 1002777636253380609, "id": 1495292723951284227, "text": "RT @PabloHoggs: Dear God,\n              Make I no lie, e no easy, e choke. But I TRUST you.\u2026"}, {"author_id": 981496984002547712, "id": 1495292592703082496, "text": "RT @2muchAkanni: +1\nGrowth, Consistency + Grace. Thank you dear God for everything. More life to me, AkanniOfLagos. \n\nAOL! https://t.co/UNG\u2026"}, {"author_id": 2883680457, "id": 1495292582431268865, "text": "@veebright Yes dear I love persons who love God"}, {"author_id": 822932304830091266, "id": 1495292537246031873, "text": "RT @AlanDorow: @ChadBry71043767 @joe_warmington @SIUOntario @OttawaPolice @JustinTrudeau @fordnation @JimWatsonOttawa Dear God, you Canadia\u2026"}, {"author_id": 1193604896186077184, "id": 1495292507680346112, "text": "@Ashley_0202_ Wow .\nHappy birth day to you \ud83d\ude0d\ud83d\ude0d.\nI hope in special day, dear God granted all of your wishes.\ud83c\udf81\ud83c\udf81"}, {"author_id": 4365260489, "id": 1495292476726423553, "text": "RT @realenockhealer: Dear God, please keep our parents healthy\ud83d\ude2a\ud83d\ude4f\ud83c\udffb"}, {"author_id": 797216509, "id": 1495292474637574146, "text": "Dear God, Thank You."}, {"author_id": 934139816, "id": 1495292454760861697, "text": "Dear God,\n              Make I no lie, e no easy, e choke. But I TRUST you.\n\n                                                  Your Son."}, {"author_id": 928394134980841472, "id": 1495292437102739458, "text": "RT @KingLandoSA: Dear God please hear me out https://t.co/idKP5HzWhu"}, {"author_id": 268787277, "id": 1495292382446862339, "text": "RT @mtnug: Dear God, thank you for loving us and seeing beyond our faults. Help us to be unhurried to speak and quick to listen. Help us to\u2026"}, {"author_id": 1354491522201354251, "id": 1495292374519537668, "text": "RT @Phumajongosi: Dear future spouse, I can't wait to serve God with you. We will change the world, one prayer at a time ."}, {"author_id": 986587670020329472, "id": 1495292362620346369, "text": "RT @myzsophia_12: Dear God I commit Emmanuel and Liquorose to your hands dear Lord Jesus protect them and give them strength to over look t\u2026"}, {"author_id": 48139031, "id": 1495292328424185856, "text": "RT @Adeyinkaamokeh: @Alexcassy Happy birthday dear sis, may God grant all your heart desires and give you all round peace."}, {"author_id": 1285909049943289856, "id": 1495292229430116356, "text": "RT @7ImSushantAgain: HappY BIRTHDAY Dear &amp; Pure soul @jiahkhan \u2764\ufe0f\ud83c\udf3f\ud83d\ude4f\n\nGod give u lots of peace &amp; love!!\n\n.\n.\n\nDelhi Fight Back 4 SSR \u270a\n\nJust\u2026"}, {"author_id": 1369940670841036802, "id": 1495292136195035138, "text": "RT @KingLandoSA: Dear God please hear me out https://t.co/idKP5HzWhu"}, {"author_id": 1334685319673704450, "id": 1495292076333756424, "text": "We all have a place that is our HOME.\nMy home is in my heart, not a place, and \nbut for the grace of God go I.\nDragi moj Isuse, pomozi nas\nMy dear Jesus, help us\nGod, my heart is yours, and with all my heart have mercy and crush the evil before us.\n#Sunday\nhttps://t.co/8JWohkbdlG"}, {"author_id": 3173816679, "id": 1495292047552618497, "text": "RT @2muchAkanni: +1\nGrowth, Consistency + Grace. Thank you dear God for everything. More life to me, AkanniOfLagos. \n\nAOL! https://t.co/UNG\u2026"}, {"author_id": 2334417711, "id": 1495292038996185093, "text": "RT @KingLandoSA: Dear God please hear me out https://t.co/idKP5HzWhu"}, {"author_id": 1143987900545155072, "id": 1495291994666643456, "text": "@Alexcassy Happy birthday dear sis, may God grant all your heart desires and give you all round peace."}, {"author_id": 2232766603, "id": 1495291987469209600, "text": "RT @marynmck: dear God."}, {"author_id": 909465618184843265, "id": 1495291986257059841, "text": "RT @2muchAkanni: +1\nGrowth, Consistency + Grace. Thank you dear God for everything. More life to me, AkanniOfLagos. \n\nAOL! https://t.co/UNG\u2026"}, {"author_id": 1154161013492715520, "id": 1495291889720958977, "text": "RT @Chi34102692: Dear God thank you @Symply_Tacha and Titans \nLord,protect Brekete kingdom from every evil plans of the hut fc to scatter u\u2026"}, {"author_id": 1241015871159635968, "id": 1495291829738160130, "text": "RT @Phumajongosi: Dear future spouse, I can't wait to serve God with you. We will change the world, one prayer at a time ."}, {"author_id": 1232851680447778818, "id": 1495291803569836032, "text": "RT @kiran47471: Happy heavenly birthday wishes to you dear, Jiah. May you rest in peace there and have a birthday celebration in God\u2019s comp\u2026"}, {"author_id": 2296815915, "id": 1495291752449818629, "text": "RT @KingLandoSA: Dear God please hear me out https://t.co/idKP5HzWhu"}, {"author_id": 1473947789025554436, "id": 1495291715124609028, "text": "RT @realenockhealer: Dear God, please keep our parents healthy\ud83d\ude2a\ud83d\ude4f\ud83c\udffb"}, {"author_id": 940546361887518720, "id": 1495291708170551306, "text": "RT @KingLandoSA: Dear God please hear me out https://t.co/idKP5HzWhu"}, {"author_id": 201454511, "id": 1495291645583056896, "text": "RT @Tohmiesin: Today is my Daughter's Birthday\nHappy Birthday Princess\ud83c\udf82\ud83c\udf89\ud83c\udf88\nMum's best friend and PA.\nMy companion.\nWishing you a blessed yea\u2026"}, {"author_id": 720132473179545600, "id": 1495291616331972613, "text": "RT @KingLandoSA: Dear God please hear me out https://t.co/idKP5HzWhu"}, {"author_id": 1173823544683159552, "id": 1495291576725114881, "text": "RT @ZalrixNyx: @sircantus \"Dear Blood God and Angel of Death, I'm praying to you in my time of need to ask for your guidance as I battle my\u2026"}, {"author_id": 886341362857201664, "id": 1495291556772855814, "text": "RT @2muchAkanni: +1\nGrowth, Consistency + Grace. Thank you dear God for everything. More life to me, AkanniOfLagos. \n\nAOL! https://t.co/UNG\u2026"}, {"author_id": 408567321, "id": 1495291487965306883, "text": "RT @KingLandoSA: Dear God please hear me out https://t.co/idKP5HzWhu"}, {"author_id": 763992367, "id": 1495291469598449664, "text": "RT @mtnug: Dear God, thank you for loving us and seeing beyond our faults. Help us to be unhurried to speak and quick to listen. Help us to\u2026"}, {"author_id": 1380947405076631556, "id": 1495291385162969088, "text": "RT @myzsophia_12: Dear God I commit Emmanuel and Liquorose to your hands dear Lord Jesus protect them and give them strength to over look t\u2026"}, {"author_id": 1181665064929185792, "id": 1495291377395159042, "text": "RT @spiritualjawn: Dear God,\n\nJust wanna say thank you for everything you done for me"}, {"author_id": 708367487600074753, "id": 1495291367462895618, "text": "@rexgoldsmith Dear God, is that what it's called?"}, {"author_id": 137440259, "id": 1495291323208941570, "text": "@yakubublogger Happy birthday dear, God bless you and make your way prosperous"}, {"author_id": 2514924204, "id": 1495291298311548932, "text": "RT @mtnug: Dear God, thank you for loving us and seeing beyond our faults. Help us to be unhurried to speak and quick to listen. Help us to\u2026"}, {"author_id": 39089871, "id": 1495291264383655938, "text": "RT @ItsNotAdamAtAll: OH MY GOD WHEN WILL THIS CRYPTO AND NFT SHIT GO AWAY DEAR LORD SEND THE FLOOD PLEASE!!!!!!!"}, {"author_id": 1293713643721256962, "id": 1495291223170437122, "text": "RT @ZalrixNyx: @sircantus \"Dear Blood God and Angel of Death, I'm praying to you in my time of need to ask for your guidance as I battle my\u2026"}, {"author_id": 1245515719757840384, "id": 1495291221685587968, "text": "RT @kiran47471: Happy heavenly birthday wishes to you dear, Jiah. May you rest in peace there and have a birthday celebration in God\u2019s comp\u2026"}, {"author_id": 895404281960042496, "id": 1495291178325098496, "text": "RT @2muchAkanni: +1\nGrowth, Consistency + Grace. Thank you dear God for everything. More life to me, AkanniOfLagos. \n\nAOL! https://t.co/UNG\u2026"}, {"author_id": 2354175603, "id": 1495291156372074496, "text": "@AbdulAbmJ Ur personal incoming president. Not our incoming president by the grace of God (Allah). We want and so shall God (Allah) give our dear country, a young, vibrant, well connected and exposed with true passion to grow our dear but destroyed (by u glotons) country (Nigeria) inshAllah"}, {"author_id": 1301933310831144964, "id": 1495291153922600962, "text": "RT @Krepublics2_: Dear God, the smell you gave fish some of your daughters have stolen it."}, {"author_id": 1053435650630995972, "id": 1495291117767737348, "text": "@getsfuzzy dear god forgive me for i have sinned"}, {"author_id": 3617257645, "id": 1495290885805907969, "text": "RT @MrKalz: Dear God,\nThank you for the gift of a new day, bless us, guide us, provide us with our day's needs &amp; lead us to do things accor\u2026"}, {"author_id": 1054454631139631104, "id": 1495290882853068803, "text": "RT @Krepublics2_: Dear God, the smell you gave fish some of your daughters have stolen it."}, {"author_id": 1481556718295339010, "id": 1495290861684465664, "text": "@Ayshatul__aysla By God, you were right, my dear friend, your words are very beautiful, and I swear to God, may God protect you, God willing, and prolong your life, Lord of the worlds, because the good word is an ongoing charity after death, and this word is the best word, God willing, my beau..."}, {"author_id": 1494380401674141696, "id": 1495290821419184131, "text": "@highmystiqu3 Pray and God will lay his hands on you my dear"}, {"author_id": 1343932968902021121, "id": 1495290803350130691, "text": "RT @mtnug: Dear God, thank you for loving us and seeing beyond our faults. Help us to be unhurried to speak and quick to listen. Help us to\u2026"}, {"author_id": 148681446, "id": 1495290788418400260, "text": "The tears just started flowing...Dear God! This is so heartbreaking. \ud83d\ude2d\ud83d\udc94 https://t.co/GZzD0pBe6G"}, {"author_id": 784797680815992836, "id": 1495290754364813313, "text": "RT @KingLandoSA: Dear God please hear me out https://t.co/idKP5HzWhu"}, {"author_id": 733664243099242496, "id": 1495290728767012872, "text": "RT @teambuildingbae: Dear God\n\nThank you for last week's wins\n\nThanking you for this week's wins\n\n1st Chronicles 4 v 10"}, {"author_id": 1324185223777669122, "id": 1495290662870204416, "text": "Injections that hurt for 1week straight \ud83d\ude2d\nDear God I don\u2019t just want to be feeling such pain again. https://t.co/BsDqdsBvmW"}, {"author_id": 1159002801994895360, "id": 1495290634147618818, "text": "RT @realenockhealer: Dear God, please keep our parents healthy\ud83d\ude2a\ud83d\ude4f\ud83c\udffb"}, {"author_id": 557962046, "id": 1495290603743109125, "text": "Happy birthday Queen. May God continue blessing you abundantly. You are loved dear child of God\u2764\ufe0f\ud83e\udd70\ud83d\ude0d #HappyBirthdayRihanna"}, {"author_id": 1266134846927142913, "id": 1495290389221289989, "text": "RT @realenockhealer: Dear God, please keep our parents healthy\ud83d\ude2a\ud83d\ude4f\ud83c\udffb"}, {"author_id": 4390946717, "id": 1495290360771354625, "text": "Dear well wisher, may God ear and answer your inner prayers. Here is another educative drama we all need to watch, kindly share and help the brand\ud83d\ude4f\ud83c\udffcsubscribe : https://t.co/oFLHO0EfBg https://t.co/o7so2OY079"}, {"author_id": 912988521056448512, "id": 1495290319252107274, "text": "@AngieHarpas Dear GOD that\u2019s off-putting!"}, {"author_id": 1122864826219364353, "id": 1495290312008384515, "text": "RT @realenockhealer: Dear God, please keep our parents healthy\ud83d\ude2a\ud83d\ude4f\ud83c\udffb"}]