[{"author_id": 1131082833240309760, "id": 1495285989673037833, "text": "Dear diary,,\n#Sullyoon #NMIXX https://t.co/3bl00S9snB https://t.co/vYsAtUkgxB"}, {"author_id": 1368254683916234752, "id": 1495285938515103746, "text": "Oh, Dear Diary, I met a boy,\nHe made my doll heart light up with joy"}, {"author_id": 1448266803478597638, "id": 1495285626744172545, "text": "@idywp dear future boyfriend and dear ex boyfriend by Alesana_Marie (not sure kung epistolary sya kasi diary like sya) \n\nhey, Cohen by Beeyotch \nSo it's you by april_avery\nCelestial escape by bratmind\nEpistolary (Series) by cinnderella\nLove in Paris Series by Mgncara"}, {"author_id": 3227488398, "id": 1495285600596942850, "text": "RT @MillieDubois: So, I've decided to start doing a little weekly slice-of-life comics! They're available to the 'Dear Diary' tier \u270f\ufe0f https\u2026"}, {"author_id": 1375995857661726724, "id": 1495285218118291462, "text": "#HEATHERS: september 1st 1989, dear diary"}, {"author_id": 1324608992182702085, "id": 1495284895970742272, "text": "RT @phoebus_art: Mentari's Journal - 02/19 (Pt.01)\n\nDear diary, my client said that the job this time is really dangerous so I decided to b\u2026"}, {"author_id": 1969788476, "id": 1495283610290696197, "text": "So, I've decided to start doing a little weekly slice-of-life comics! They're available to the 'Dear Diary' tier \u270f\ufe0f https://t.co/Ms4zbPkYej"}, {"author_id": 1352407201885925378, "id": 1495283126003646465, "text": "Oh, dear diary, I met a boy,\nHe made my doll heart light up with joy!\nOh, dear diary, we fell apart,\nWelcome to the life of Electra Heart."}, {"author_id": 926842779036209154, "id": 1495282784188915713, "text": "Dear diary, it\u2019s Robyn. https://t.co/LV1AWy5vx5"}, {"author_id": 1442523279273594887, "id": 1495282645596524547, "text": "RT @divxrgentz: new upload at @ dear diary !! ~links in the thread\nsteal = dmca\n\ndon't flop mwah thanks for all the support recently love y\u2026"}, {"author_id": 1313400467175559168, "id": 1495282407716831240, "text": "RT @divxrgentz: new upload at @ dear diary !! ~links in the thread\nsteal = dmca\n\ndon't flop mwah thanks for all the support recently love y\u2026"}, {"author_id": 1489702195410968579, "id": 1495280546154528769, "text": "Dear diary,\n\nShe"}, {"author_id": 970056139013525504, "id": 1495280520351174659, "text": "Dear Diary, today finally I managed to materialise part of a deity! They showed me a vision of a rose that only appears to spellbooks."}, {"author_id": 402089989, "id": 1495279434466832388, "text": "RT @phoebus_art: Mentari's Journal - 02/19 (Pt.01)\n\nDear diary, my client said that the job this time is really dangerous so I decided to b\u2026"}, {"author_id": 1481613445661298690, "id": 1495279182648987649, "text": "RT @chickensutock: dear diary moment: i was stuck for a while on what to do for the lighters\u2019 backing because i felt like i had to stick w\u2026"}, {"author_id": 427913031, "id": 1495277471675011072, "text": "@AdamKinzinger Dear diary... https://t.co/IKj77w7VbR"}, {"author_id": 1407887109034217475, "id": 1495276458234847232, "text": "RT @amelzingdreams: dear diary, i woke up and i still miss georgenotfound... where did he go..\ud83d\ude22"}, {"author_id": 246218089, "id": 1495276267997831168, "text": "RT @ITSME_ZUO: DEAR DIARY #\u6f2b\u753b #\u30a8\u30eb\u30ea #\u30ea\u30f4\u30a1\u30a4 #\u30a8\u30eb\u30f4\u30a3\u30f3\u30fb\u30b9\u30df\u30b9 #Eruri #\u9032\u64ca https://t.co/udSv9MllkJ https://t.co/rY5DgTCqdE"}, {"author_id": 1495266378995093504, "id": 1495276056600883202, "text": "Dear Diary \u2026"}, {"author_id": 1891793918, "id": 1495275576130633730, "text": "Dear diary, this was the worst fucking day of my life \ud83d\ude23"}, {"author_id": 1493499056613912580, "id": 1495275296249217028, "text": "Price: Rp 10.000\nUsn&amp; backup acc : \nFaceclaim :\nAva: PNG only\nRecolor : Cantumin color palette/referensi warnanya\nAdditional Request :\nNeed : 2-3 JPGs only\nPayment : DANA/GOPAY\n\nText Replacement\nHEADER \nFlavie:\nOn wednesday:\nWe wear pink:\nDear Diary:\nPusing belom di cium ayang:"}, {"author_id": 1462797544610623495, "id": 1495274686871126017, "text": "@mathewi Dear Diary.  Today I learned about time zones but not before making a fool out of myself. -- Mathew Ingram"}, {"author_id": 616619674, "id": 1495273895620136962, "text": "Germany: Dear diary. Today, Italy was attacked by England and France while I was out."}, {"author_id": 1352460761277353985, "id": 1495273667252609025, "text": "RT @amelzingdreams: dear diary, i woke up and i still miss georgenotfound... where did he go..\ud83d\ude22"}, {"author_id": 1287088779732365312, "id": 1495273310166261760, "text": "Oh, dear diary, I met a boy\nHe made my doll heart light up with joy\nOh, dear diary, we fell apart\nWelcome to the life of Electra Heart"}, {"author_id": 83676029, "id": 1495273197771452419, "text": "RT @phoebus_art: Mentari's Journal - 02/19 (Pt.01)\n\nDear diary, my client said that the job this time is really dangerous so I decided to b\u2026"}, {"author_id": 1224490265085386755, "id": 1495273060055797763, "text": "OH DEAR DIARY, I MET A BOY, HE MAKES MY DULL HEART LIGHT UP WITH JOY https://t.co/U7DADDMo7K"}, {"author_id": 1212622591627653120, "id": 1495272988375420928, "text": "dear diary moment: i was stuck for a while on what to do for the lighters\u2019 backing because i felt like i had to stick w the Fire MV universe for the visuals but something didn\u2019t feel right\u2026so today i decided to just scrap all my progress and go with what feels right (and hot \ud83e\udd2d)"}, {"author_id": 970056139013525504, "id": 1495272973493850112, "text": "Dear Diary, today I materialised, for a moment, most of  unidentifiable... thing. They recited a poem on their love for witchcraft!"}, {"author_id": 1447221530178375681, "id": 1495272742454640649, "text": "RT @divxrgentz: new upload at @ dear diary !! ~links in the thread\nsteal = dmca\n\ndon't flop mwah thanks for all the support recently love y\u2026"}, {"author_id": 1427806190767988736, "id": 1495271406241599489, "text": "dear diary, i want to kill."}, {"author_id": 1421111256929300483, "id": 1495271318480060417, "text": "RT @FL0RENCY: dear diary, I love my life https://t.co/Yjbm6MxKLj"}, {"author_id": 1488883909110923264, "id": 1495271047985254402, "text": "RT @divxrgentz: new upload at @ dear diary !! ~links in the thread\nsteal = dmca\n\ndon't flop mwah thanks for all the support recently love y\u2026"}, {"author_id": 1439492983687028739, "id": 1495269411175157762, "text": "RT @amelzingdreams: dear diary, i woke up and i still miss georgenotfound... where did he go..\ud83d\ude22"}, {"author_id": 3017345086, "id": 1495269133339951105, "text": "Unless and until I state the obvious, my tweets are supposed to remain non-contextual, please refrain from fitting it into different contexts as you please. \n\nAnd to reiterate, I'm only here on twitter to blurt out my thoughts and low key diary writing (\"dear diary\") \ud83d\ude02\ud83d\ude05"}, {"author_id": 1111032865997770752, "id": 1495268767563198468, "text": "RT @divxrgentz: new upload at @ dear diary !! ~links in the thread\nsteal = dmca\n\ndon't flop mwah thanks for all the support recently love y\u2026"}, {"author_id": 1058801948, "id": 1495268436699598848, "text": "RT @phoebus_art: Mentari's Journal - 02/19 (Pt.01)\n\nDear diary, my client said that the job this time is really dangerous so I decided to b\u2026"}, {"author_id": 1463062580939816963, "id": 1495268280671813635, "text": "@ThaneCityPolice @DGPMaharashtra @CMOMaharashtra Dear Sir, not taken action on this 2 NC, Request to take action 1).General Diary G.D no.083, at date 23/11/2021 Mumbra po. st. and a second 2).General Diary G.D. no.071, at date 07/01/2022 Mumbra po. St. contact no.7208371317 https://t.co/UpGnHFseDu"}, {"author_id": 1421659213273567242, "id": 1495267772359589893, "text": "Dear diary, my teen-angst-bullshit has a body count. The most popular people in school are dead. Everybody is sad, but it's a weird kind of sad. I don't know what it's given me, but I've got no control over myself when I'm with J.D... Are we going to prom or to hell?"}, {"author_id": 1488824191079964674, "id": 1495267572022853633, "text": "16/02/2022\nDear diary-\nThis day I'm coming from company with upset mood and suddenly this scene \ud83d\udcf8 changes my mood \u263a\ufe0f https://t.co/UCSbHzBYvD"}, {"author_id": 778779941064155137, "id": 1495267557812551686, "text": "RT @contriteshadow: February 19th, 2022. Dear Diary, I cannot yet rest, not while Australia is okay with refugees being imprisoned, neglect\u2026"}, {"author_id": 1478258249858043904, "id": 1495267469425975298, "text": "RT @divxrgentz: new upload at @ dear diary !! ~links in the thread\nsteal = dmca\n\ndon't flop mwah thanks for all the support recently love y\u2026"}, {"author_id": 1292248973839929345, "id": 1495265963775860751, "text": "RT @divxrgentz: new upload at @ dear diary !! ~links in the thread\nsteal = dmca\n\ndon't flop mwah thanks for all the support recently love y\u2026"}, {"author_id": 3134371300, "id": 1495265473222647812, "text": "RT @Remeo_Hunks: Dear Diary..,\nYou judge what is right based on the results . Karma judges what is right based on the intensions and action\u2026"}, {"author_id": 970056139013525504, "id": 1495265422639353864, "text": "Dear Diary, today I almost summoned an inexplicably proud  little... thing They seemed to want to communicate something about a future without"}, {"author_id": 1251062794956476423, "id": 1495265190161620992, "text": "RT @divxrgentz: new upload at @ dear diary !! ~links in the thread\nsteal = dmca\n\ndon't flop mwah thanks for all the support recently love y\u2026"}, {"author_id": 1417458748902178820, "id": 1495264885735030784, "text": "RT @divxrgentz: new upload at @ dear diary !! ~links in the thread\nsteal = dmca\n\ndon't flop mwah thanks for all the support recently love y\u2026"}, {"author_id": 910289739189821440, "id": 1495264851547017218, "text": "RT @divxrgentz: new upload at @ dear diary !! ~links in the thread\nsteal = dmca\n\ndon't flop mwah thanks for all the support recently love y\u2026"}, {"author_id": 1000086722254917632, "id": 1495264361748697090, "text": "Dear diary,\nMy words will leave you bewildered.\nHold on! Listen to my silence you will find everything.\n###"}, {"author_id": 1330340973952569345, "id": 1495264221717696520, "text": "RT @divxrgentz: new upload at @ dear diary !! ~links in the thread\nsteal = dmca\n\ndon't flop mwah thanks for all the support recently love y\u2026"}, {"author_id": 1421261552422895618, "id": 1495263906608123907, "text": "RT @divxrgentz: new upload at @ dear diary !! ~links in the thread\nsteal = dmca\n\ndon't flop mwah thanks for all the support recently love y\u2026"}, {"author_id": 1240759966002266120, "id": 1495263830892503041, "text": "RT @divxrgentz: new upload at @ dear diary !! ~links in the thread\nsteal = dmca\n\ndon't flop mwah thanks for all the support recently love y\u2026"}, {"author_id": 891092828461203457, "id": 1495263663632130051, "text": "RT @divxrgentz: new upload at @ dear diary !! ~links in the thread\nsteal = dmca\n\ndon't flop mwah thanks for all the support recently love y\u2026"}, {"author_id": 1468506570988347398, "id": 1495263372622938112, "text": "RT @phoebus_art: Mentari's Journal - 02/19 (Pt.01)\n\nDear diary, my client said that the job this time is really dangerous so I decided to b\u2026"}, {"author_id": 1412199573183938565, "id": 1495262999447232513, "text": "RT @divxrgentz: new upload at @ dear diary !! ~links in the thread\nsteal = dmca\n\ndon't flop mwah thanks for all the support recently love y\u2026"}, {"author_id": 1252211624368201729, "id": 1495262943293816834, "text": "RT @divxrgentz: new upload at @ dear diary !! ~links in the thread\nsteal = dmca\n\ndon't flop mwah thanks for all the support recently love y\u2026"}, {"author_id": 1494854157525606401, "id": 1495262839614828544, "text": "Dear diary,\n\nI have learned what a television is, what the internet is, and what this phenomenon known as \"vtubing\" is. We had stuff similar in the Above, minus the last part, but in different terms and oddly all our content up there was less... diverse than what is on Earth."}, {"author_id": 1295142640925605888, "id": 1495262750720684032, "text": "RT @divxrgentz: new upload at @ dear diary !! ~links in the thread\nsteal = dmca\n\ndon't flop mwah thanks for all the support recently love y\u2026"}, {"author_id": 4856634315, "id": 1495261926238076928, "text": "@strwbvrie @binsjee @TheRavisk @underursheets @tsukauuuu Dear diary, today was great. My new internet friends called me a pedophile, one of them told me to neck it after I vented in our dms. I got a headache from the spam, and lost a dangerous amount of brain cells. \nLet\u2019s hope tomorrows even better. \nGood night"}, {"author_id": 1103474390958694401, "id": 1495261780536266754, "text": "RT @divxrgentz: new upload at @ dear diary !! ~links in the thread\nsteal = dmca\n\ndon't flop mwah thanks for all the support recently love y\u2026"}, {"author_id": 1450840394984460290, "id": 1495261779366195203, "text": "Dear @2013_SALT \nPlease allow Kim Seonho &amp; kimseonho_staff.diary to use Instagram too.\n\u270c\ufe0f\ud83d\udc99"}, {"author_id": 1482116097692385287, "id": 1495261496695156739, "text": "dear diary \nthis battle's on the verge of emergency \ncall in a chemical warfare attack"}, {"author_id": 1373202275187965952, "id": 1495261372803948546, "text": "RT @divxrgentz: new upload at @ dear diary !! ~links in the thread\nsteal = dmca\n\ndon't flop mwah thanks for all the support recently love y\u2026"}, {"author_id": 1422011374662791170, "id": 1495261325278302208, "text": "RT @divxrgentz: new upload at @ dear diary !! ~links in the thread\nsteal = dmca\n\ndon't flop mwah thanks for all the support recently love y\u2026"}, {"author_id": 1373202275187965952, "id": 1495261277207343104, "text": "new upload at @ dear diary !! ~links in the thread\nsteal = dmca\n\ndon't flop mwah thanks for all the support recently love yall sooooo much\n\n#Roblox #RobloxDesigner #RobloxDev #Robloxdesign #RobloxClothing #robloxclothes #rtcdesigners #robloxart #RobloxUGC #RobloxGFX https://t.co/LDy3vqG8nY"}, {"author_id": 1492108585194901507, "id": 1495260671046389763, "text": "@yangbikinkangen Dear diary \u263a"}, {"author_id": 2778591021, "id": 1495260641224843270, "text": "RT @phoebus_art: Mentari's Journal - 02/19 (Pt.01)\n\nDear diary, my client said that the job this time is really dangerous so I decided to b\u2026"}, {"author_id": 1437625705311834115, "id": 1495257967469686789, "text": "RT @ITSME_ZUO: DEAR DIARY #\u6f2b\u753b #\u30a8\u30eb\u30ea #\u30ea\u30f4\u30a1\u30a4 #\u30a8\u30eb\u30f4\u30a3\u30f3\u30fb\u30b9\u30df\u30b9 #Eruri #\u9032\u64ca https://t.co/udSv9MllkJ https://t.co/rY5DgTCqdE"}, {"author_id": 1476048294119882753, "id": 1495257952965566466, "text": "RT @amelzingdreams: dear diary, i woke up and i still miss georgenotfound... where did he go..\ud83d\ude22"}, {"author_id": 970056139013525504, "id": 1495257871277248512, "text": "Dear Diary, today at long last I conjured this beautiful ogre. They chittered out a tune about a land without witchcraft!"}, {"author_id": 1474094714823622663, "id": 1495257005895950337, "text": "RT @amelzingdreams: dear diary, i woke up and i still miss georgenotfound... where did he go..\ud83d\ude22"}, {"author_id": 1491823268851949585, "id": 1495256828246392836, "text": "dear diary, its been 18 days since george last streamed to me. im starting to feel the effects of long term loss. this is truly the worst day of my life. when will he come back? hopefully soon \ud83d\ude14"}, {"author_id": 961347554590904325, "id": 1495256559374405635, "text": "[@OgilvieSonic]\n\n\u201cDear diary, I nearly died today because I joked that I was gonna steal someone\u2019s shoes\u2026..\u201d"}, {"author_id": 4740106614, "id": 1495255519870603264, "text": "RT @ChrisNTrevino: Dear Diary, \n\nPa woke me in the middle of the night in excitement. A \u270c\ud83c\udffc appeared as Mayor Lincoln Riley rode in on Trave\u2026"}, {"author_id": 223200520, "id": 1495254151839821830, "text": "RT @phoebus_art: Mentari's Journal - 02/19 (Pt.01)\n\nDear diary, my client said that the job this time is really dangerous so I decided to b\u2026"}, {"author_id": 591208161, "id": 1495253859874353156, "text": "Dear diary, it has been two years since the chernabog hooters incident. At leadt i think its been two years. I already lost track after walt ran around with his massive badonkadonk slapping in the wind"}, {"author_id": 1391203738057166850, "id": 1495253841180348418, "text": "RT @amelzingdreams: dear diary, i woke up and i still miss georgenotfound... where did he go..\ud83d\ude22"}, {"author_id": 1453229228426776583, "id": 1495253791460917259, "text": "RT @ITSME_ZUO: DEAR DIARY #\u6f2b\u753b #\u30a8\u30eb\u30ea #\u30ea\u30f4\u30a1\u30a4 #\u30a8\u30eb\u30f4\u30a3\u30f3\u30fb\u30b9\u30df\u30b9 #Eruri #\u9032\u64ca https://t.co/udSv9MllkJ https://t.co/rY5DgTCqdE"}, {"author_id": 1458436827581403140, "id": 1495253482697281541, "text": "oh, dear diary, i met a boy, he made my doll heart light up with joy"}, {"author_id": 1490811713494532096, "id": 1495252614027485188, "text": "RT @ChrisNTrevino: Dear Diary, \n\nPa woke me in the middle of the night in excitement. A \u270c\ud83c\udffc appeared as Mayor Lincoln Riley rode in on Trave\u2026"}, {"author_id": 1253892823478267904, "id": 1495251146767679490, "text": "RT @ChrisNTrevino: Dear Diary, \n\nPa woke me in the middle of the night in excitement. A \u270c\ud83c\udffc appeared as Mayor Lincoln Riley rode in on Trave\u2026"}, {"author_id": 745410134470340608, "id": 1495250364076990464, "text": "RT @ChrisNTrevino: Dear Diary, \n\nPa woke me in the middle of the night in excitement. A \u270c\ud83c\udffc appeared as Mayor Lincoln Riley rode in on Trave\u2026"}, {"author_id": 970056139013525504, "id": 1495250321739759617, "text": "Dear Diary, today I momentarily summoned this jolly little creature! They chittered out a tune about a poem of ghosts."}, {"author_id": 12722322, "id": 1495249762211221509, "text": "RT @ChrisNTrevino: Dear Diary, \n\nPa woke me in the middle of the night in excitement. A \u270c\ud83c\udffc appeared as Mayor Lincoln Riley rode in on Trave\u2026"}]