[{"author_id": 1495280216058511367, "id": 1495281225296379905, "text": "I sat down in the middle of the garden, \nhttps://t.co/cjqL21IZ8l\nThe Thought of Death. It \n\u00ef\u00bb\u00bf KM11-OMG-AY20 https://t.co/Cmqpdg63JA"}, {"author_id": 1490149457912279041, "id": 1495267444424048640, "text": "lol my dog was very energetic today and run with our new boy in the garden, now they are both tired to death"}, {"author_id": 944894729304633344, "id": 1495262823987007490, "text": "RT @StElisabethConv: MASTER OF THE ROSE GARDEN\nMetropolitan Anthony of Sourozh: \"My first memory of death dates back to a very distant time\u2026"}, {"author_id": 1495261913604706304, "id": 1495262416980279296, "text": "I sat down in the middle of the garden, \nhttps://t.co/5upIYmMkAt\nThe Thought of Death. It \n\u00ef\u00bb\u00bf KM11-OMG-AY20 https://t.co/U2KBszv1f4"}, {"author_id": 65406075, "id": 1495225443322142720, "text": "RT @FinnishArtBot: Hugo Simberg, The Garden of Death ; In the Garden of Death, 1897 https://t.co/RZXuYv2h7s #finngallery #museumarchive htt\u2026"}, {"author_id": 4918480184, "id": 1495224374214995972, "text": "RT @FinnishArtBot: Hugo Simberg, The Garden of Death ; In the Garden of Death, 1897 https://t.co/RZXuYv2h7s #finngallery #museumarchive htt\u2026"}, {"author_id": 893064535170568193, "id": 1495224326156656650, "text": "RT @FinnishArtBot: Hugo Simberg, The Garden of Death ; In the Garden of Death, 1897 https://t.co/RZXuYv2h7s #finngallery #museumarchive htt\u2026"}, {"author_id": 1284281157761200130, "id": 1495216415661445124, "text": "RT @LukecinemaWest: Love and Death in the Garden of the Gods (Sauro Scavolini, 1972)\n\n#LoveandDeathintheGardenoftheGods #SauroScavolini #Gi\u2026"}, {"author_id": 289669741, "id": 1495216042708455424, "text": "RT @LukecinemaWest: Love and Death in the Garden of the Gods (Sauro Scavolini, 1972)\n\n#LoveandDeathintheGardenoftheGods #SauroScavolini #Gi\u2026"}, {"author_id": 819142533431357441, "id": 1495212932422148100, "text": "RT @LukecinemaWest: Love and Death in the Garden of the Gods (Sauro Scavolini, 1972)\n\n#LoveandDeathintheGardenoftheGods #SauroScavolini #Gi\u2026"}, {"author_id": 1395542758941724679, "id": 1495204712928489475, "text": "RT @Minalisa1991: Here is the first photograph of the collection\n\"the end of the garden\" series-1\n~\nin the garden i will die\nbetween the ro\u2026"}, {"author_id": 1445517085119897611, "id": 1495182539048333312, "text": "@grassi_stephen @VirginiaSanphi4 @FOX8NOLA God is not responsible for that. Please understand your Bible or speak to a pastor or priest who does. When Adam sinned in the Garden of Eden, death enter into the earth. #Book of Genesis"}, {"author_id": 950746018261463040, "id": 1495174001043263488, "text": "RT @LukecinemaWest: Love and Death in the Garden of the Gods (Sauro Scavolini, 1972)\n\n#LoveandDeathintheGardenoftheGods #SauroScavolini #Gi\u2026"}, {"author_id": 1452933457252737026, "id": 1495167834682376194, "text": "RT @LukecinemaWest: Love and Death in the Garden of the Gods (Sauro Scavolini, 1972)\n\n#LoveandDeathintheGardenoftheGods #SauroScavolini #Gi\u2026"}, {"author_id": 1368215793952055304, "id": 1495165848876720138, "text": "RT @LukecinemaWest: Love and Death in the Garden of the Gods (Sauro Scavolini, 1972)\n\n#LoveandDeathintheGardenoftheGods #SauroScavolini #Gi\u2026"}, {"author_id": 1537637995, "id": 1495158598560886790, "text": "RT @LukecinemaWest: Love and Death in the Garden of the Gods (Sauro Scavolini, 1972)\n\n#LoveandDeathintheGardenoftheGods #SauroScavolini #Gi\u2026"}, {"author_id": 1372964807448608768, "id": 1495157845012189207, "text": "RT @Minalisa1991: Here is the first photograph of the collection\n\"the end of the garden\" series-1\n~\nin the garden i will die\nbetween the ro\u2026"}, {"author_id": 3725700435, "id": 1495157488131493888, "text": "RT @Minalisa1991: Here is the first photograph of the collection\n\"the end of the garden\" series-1\n~\nin the garden i will die\nbetween the ro\u2026"}, {"author_id": 1274726278197903360, "id": 1495156241798025216, "text": "Love and Death in the Garden of the Gods (Sauro Scavolini, 1972)\n\n#LoveandDeathintheGardenoftheGods #SauroScavolini #Giallo https://t.co/O9PlWDUOCW"}, {"author_id": 1318583894677966848, "id": 1495142093253222402, "text": "The #telephoneofthewind was initially created by garden designer Itaru Sasaki in 2010 to help him #cope with his cousin\u2019s #death In 2011 it was opened to the public after the T\u014dhoku #earthquake and #tsunami killed over 15,000 people in the... https://t.co/ub5Itbtjy9"}, {"author_id": 2325841986, "id": 1495141277461004292, "text": "RT @brainpicker: \u201cThe gardener digs in another time, without past or future, beginning or end\u2026 Here is the Amen beyond the prayer.\u201d\n\nThe ar\u2026"}, {"author_id": 1479494900991373314, "id": 1495138187915796486, "text": "@TimeToMedicate You can order flower seeds from any garden centre in the uk and some of them are highly toxic and can cause death if ingested, yet for \u00a32.99 we can purchase said seeds\u2026\u2026 Now if you put a cannabis seed into compost you can get jailed \ud83e\udd37\ud83c\udffc\u200d\u2642\ufe0f work that one out #cannabis #growyourown"}, {"author_id": 764556974, "id": 1495138079971160068, "text": "RT @brainpicker: \u201cThe gardener digs in another time, without past or future, beginning or end\u2026 Here is the Amen beyond the prayer.\u201d\n\nThe ar\u2026"}, {"author_id": 22999147, "id": 1495133503704420365, "text": "RT @brainpicker: \u201cThe gardener digs in another time, without past or future, beginning or end\u2026 Here is the Amen beyond the prayer.\u201d\n\nThe ar\u2026"}, {"author_id": 1455171332858073092, "id": 1495132303474892800, "text": "in this garden of waste and sin\nyou shall bulid anew.\nfor every death, life shall sprout two fold\nas you sit above all\nfor i have nothing greater to give than the body i so desperately call mine."}, {"author_id": 19121572, "id": 1495125380264513539, "text": "RT @brainpicker: \u201cThe gardener digs in another time, without past or future, beginning or end\u2026 Here is the Amen beyond the prayer.\u201d\n\nThe ar\u2026"}, {"author_id": 30213351, "id": 1495117374323892224, "text": "RT @brainpicker: \u201cThe gardener digs in another time, without past or future, beginning or end\u2026 Here is the Amen beyond the prayer.\u201d\n\nThe ar\u2026"}, {"author_id": 1348828380628709378, "id": 1495116165407989774, "text": "RT @brainpicker: \u201cThe gardener digs in another time, without past or future, beginning or end\u2026 Here is the Amen beyond the prayer.\u201d\n\nThe ar\u2026"}, {"author_id": 1211133719353778176, "id": 1495115569720295427, "text": "\u201cApparently the year before Walton\u2019s death proved to be a difficult harvest &amp; the beer brewed from those crops was undrinkable. Walton was seen as an unusual fellow, who had bred Natterjack toads in his garden and tamed wild dogs with just his voice.\u201d https://t.co/EtshvgjZaS"}, {"author_id": 1371354794032529410, "id": 1495113288341929990, "text": "RT @Minalisa1991: Here is the first photograph of the collection\n\"the end of the garden\" series-1\n~\nin the garden i will die\nbetween the ro\u2026"}, {"author_id": 1495111330117742594, "id": 1495111895225085955, "text": "I sat down in the middle of the garden, where snakes could scarce  \n\n\u25e5 \u30c4 \u0643\u0624\u062f I\u062e\u064f\u0635\u0645I \u30c4 \u25e4 I\u0646\u0648\u0646I\"\nI\u0633\u064a\u0641\u064aII\u0646\u0645\u0634\u064aI\n\nThe Thought of Death. It  NBF150\nremember\nhttps://t.co/dbnmDNr0L5"}, {"author_id": 2696968765, "id": 1495109805178068996, "text": "@garden_liliths @trickstertao @MuddyPenguins @Thedukeistheman @heather_leisure @obfuscatedauk @WaitHereThen @atheist_bad @joae_p @nazani14 @Jewthulhu The people in this thread. Of course you telling a gay man that saying a book that calls for his death is evil is homophobic as hell."}, {"author_id": 1495098613608980482, "id": 1495099186370465792, "text": "I sat down in the middle of the garden, \nhttps://t.co/DR4qIqnsjY\nThe Thought of Death. It \n\u00ef\u00bb\u00bf KM11-OMG-AY20\nhttps://t.co/zDJDKD57JT"}, {"author_id": 3090173661, "id": 1495094986181914627, "text": "RT @brainpicker: \u201cThe gardener digs in another time, without past or future, beginning or end\u2026 Here is the Amen beyond the prayer.\u201d\n\nThe ar\u2026"}, {"author_id": 382413245, "id": 1495094375973539848, "text": "RT @brainpicker: \u201cThe gardener digs in another time, without past or future, beginning or end\u2026 Here is the Amen beyond the prayer.\u201d\n\nThe ar\u2026"}, {"author_id": 4715673141, "id": 1495093746299547648, "text": "RT @brainpicker: \u201cThe gardener digs in another time, without past or future, beginning or end\u2026 Here is the Amen beyond the prayer.\u201d\n\nThe ar\u2026"}, {"author_id": 1468977527901212672, "id": 1495093550173671431, "text": "RT @brainpicker: \u201cThe gardener digs in another time, without past or future, beginning or end\u2026 Here is the Amen beyond the prayer.\u201d\n\nThe ar\u2026"}, {"author_id": 743553354, "id": 1495091715346251776, "text": "RT @brainpicker: \u201cThe gardener digs in another time, without past or future, beginning or end\u2026 Here is the Amen beyond the prayer.\u201d\n\nThe ar\u2026"}, {"author_id": 1253132880684990467, "id": 1495090932538126341, "text": "RT @brainpicker: \u201cThe gardener digs in another time, without past or future, beginning or end\u2026 Here is the Amen beyond the prayer.\u201d\n\nThe ar\u2026"}, {"author_id": 1495088237081153540, "id": 1495089497784168452, "text": "I sat down in the middle of the garden, \nhttps://t.co/OXSq2XVDXI\nThe Thought of Death. It \nhttps://t.co/tlQcMZwzAy"}, {"author_id": 249722801, "id": 1495088749029560321, "text": "@NwabuisiKing @BelonwuOluchuk1 @FrUgochukwu Nwabuisi my brother in Christ, the meditations of the rosary are based on the scriptures... for example, say you pray the sorrowful mystery your thoughts will be about HIS Sorrowful Passion, from the agony in the garden up until HIS death."}, {"author_id": 83910286, "id": 1495087791323156485, "text": "RT @brainpicker: \u201cThe gardener digs in another time, without past or future, beginning or end\u2026 Here is the Amen beyond the prayer.\u201d\n\nThe ar\u2026"}, {"author_id": 1381610593216528388, "id": 1495087099623661569, "text": "@TaylorRMarshall This looks like Pan in his garden. Pan's garden. Out of everything, this is the most egregious and evil. Pan's garden. This guy in the Vatican now is a very horrible person. He's old and unfortunately will be meeting Pan in his garden after death if he doesn't repent https://t.co/TSgAHdixGG"}, {"author_id": 2814530771, "id": 1495085582233575430, "text": "RT @brainpicker: \u201cThe gardener digs in another time, without past or future, beginning or end\u2026 Here is the Amen beyond the prayer.\u201d\n\nThe ar\u2026"}, {"author_id": 94302671, "id": 1495083443528548355, "text": "RT @brainpicker: \u201cThe gardener digs in another time, without past or future, beginning or end\u2026 Here is the Amen beyond the prayer.\u201d\n\nThe ar\u2026"}, {"author_id": 829442212719063040, "id": 1495083293909397505, "text": "RT @brainpicker: \u201cThe gardener digs in another time, without past or future, beginning or end\u2026 Here is the Amen beyond the prayer.\u201d\n\nThe ar\u2026"}, {"author_id": 22448462, "id": 1495082784834355200, "text": "RT @brainpicker: \u201cThe gardener digs in another time, without past or future, beginning or end\u2026 Here is the Amen beyond the prayer.\u201d\n\nThe ar\u2026"}, {"author_id": 594740701, "id": 1495081765878349827, "text": "RT @brainpicker: \u201cThe gardener digs in another time, without past or future, beginning or end\u2026 Here is the Amen beyond the prayer.\u201d\n\nThe ar\u2026"}, {"author_id": 15204191, "id": 1495081644788699141, "text": "RT @brainpicker: \u201cThe gardener digs in another time, without past or future, beginning or end\u2026 Here is the Amen beyond the prayer.\u201d\n\nThe ar\u2026"}, {"author_id": 1293192037, "id": 1495081362273017856, "text": "RT @brainpicker: \u201cThe gardener digs in another time, without past or future, beginning or end\u2026 Here is the Amen beyond the prayer.\u201d\n\nThe ar\u2026"}, {"author_id": 1346384360, "id": 1495080901444833288, "text": "RT @brainpicker: \u201cThe gardener digs in another time, without past or future, beginning or end\u2026 Here is the Amen beyond the prayer.\u201d\n\nThe ar\u2026"}, {"author_id": 19071086, "id": 1495080826823790592, "text": "RT @brainpicker: \u201cThe gardener digs in another time, without past or future, beginning or end\u2026 Here is the Amen beyond the prayer.\u201d\n\nThe ar\u2026"}, {"author_id": 9207632, "id": 1495080492562931717, "text": "\u201cThe gardener digs in another time, without past or future, beginning or end\u2026 Here is the Amen beyond the prayer.\u201d\n\nThe artist and activist Derek Jarman died on this day in 1994, leaving us his exquisite garden-fomented meditations on life and death  https://t.co/KIB8zmCKgI"}, {"author_id": 1107721170, "id": 1495079275858251777, "text": "3/8 A single apple tree growing in his garden, a \u2018Flower of Kent\u2019 a variety, was identified as \u201cTHE tree\u2019 and there is no doubt that possibly within  50 years of Newton\u2019s death, an apple tree was being cherished as `the tree from which the apple fell\u2019."}, {"author_id": 19459298, "id": 1495075856682823690, "text": "How to plan for a magnificent 2022 garden  https://t.co/rQ6MR7k6MB \"Death in the garden is an opportunity.\""}, {"author_id": 1495051904556036099, "id": 1495054027536891908, "text": "I sat down in the middle of the garden, \nhttps://t.co/vZIhUMMv88\nThe Thought of Death. It \n\u00ef\u00bb\u00bf KM11-OMG-AY20 https://t.co/V7EeVTERhi"}, {"author_id": 396860635, "id": 1495048170539261954, "text": "RT @Minalisa1991: Here is the first photograph of the collection\n\"the end of the garden\" series-1\n~\nin the garden i will die\nbetween the ro\u2026"}, {"author_id": 1494637682273955840, "id": 1495048105653587973, "text": "RT @Minalisa1991: Here is the first photograph of the collection\n\"the end of the garden\" series-1\n~\nin the garden i will die\nbetween the ro\u2026"}, {"author_id": 1242579550044860425, "id": 1495046379550515207, "text": "Here is the first photograph of the collection\n\"the end of the garden\" series-1\n~\nin the garden i will die\nbetween the roses-\nthey will kill me\ni was going mother\nto pick the roses\nto find death\n\n(Federico Garc\u00eda Lorca)\n#NFTs #NFTCommunity #nftphotography  #NFTdrop #NFTGiveaway https://t.co/INuH7RTmlZ"}, {"author_id": 1473934799282733056, "id": 1495041947697758213, "text": "RT @jshaw_six: My neighbor used to do all his gardening #naked\nIn full view of his shocked neighbors\nAfter his death, I watched the weeds t\u2026"}, {"author_id": 542889717, "id": 1495036522319552513, "text": "RT @DWFanAudios: Our new short, \"The Garden of Death\" is out today! Come join us at the following link for the premiere at 7pm UK time, or\u2026"}, {"author_id": 893064526161203208, "id": 1495035464163774470, "text": "RT @FinnishArtBot: Hugo Simberg, The Garden of Death ; In the Garden of Death, 1897 https://t.co/RZXuYv2h7s #finngallery #museumarchive htt\u2026"}, {"author_id": 3331401311, "id": 1495026261432934400, "text": "RT @jshaw_six: My neighbor used to do all his gardening #naked\nIn full view of his shocked neighbors\nAfter his death, I watched the weeds t\u2026"}, {"author_id": 707708956563656709, "id": 1495017788922028037, "text": "My neighbor used to do all his gardening #naked\nIn full view of his shocked neighbors\nAfter his death, I watched the weeds take over\n\nLast night he came to me in a dream\nBegged me to tend his garden\n\nSo here I am today\nNot a stitch\nCatching a few rays\n#vss365 https://t.co/OQA5LVKTfP"}, {"author_id": 364285053, "id": 1494953945143386112, "text": "Imagine encouraging your elderly old man to do laps in the garden for charity, to then set up a charity after his death in his name and trying to take 10% of the proceeds for yourself \ud83d\ude02\ud83d\ude02\ud83d\ude02\ud83d\ude02\ud83d\ude02 Skank https://t.co/b4Myg7OApX"}, {"author_id": 15397745, "id": 1494950981951393792, "text": "@ChaoticNewTroll @life_exchanged Um, they actually DID die because of that. Humans were intended to live forever in the garden of Eden, but experience death because of the decision in discussion."}, {"author_id": 1252681453, "id": 1494945051704807424, "text": "Through Christ's death, everything that was lost in the Garden through sin was restored back. Through Him, we are delivered from sin and all the death it brings with it.\n\nhttps://t.co/trEpl9Scp0 https://t.co/xeJzLS1cUA"}, {"author_id": 878257543407173632, "id": 1494941923823472643, "text": "MASTER OF THE ROSE GARDEN\nMetropolitan Anthony of Sourozh: \"My first memory of death dates back to a very distant time, when I was in Persia as a child. \nOne evening my parents took me with them to see a rose garden known for its beauty..\"\nContinued at https://t.co/XWUax6mWJI https://t.co/e7AZXWGqCi"}, {"author_id": 1190598029197369344, "id": 1494934895315017728, "text": "@HareWolfy Ooh not rats, our dog shook one to death in the garden last summer, I screamed &amp; locked myself in the house. \ud83d\ude31\ud83d\ude31"}, {"author_id": 797363029662924800, "id": 1494926909913903108, "text": "@Matthew_Bailey @gantt_hickman @sparkysmom2022 @dahlingitsme @RadioFreeTom Yep. Because there would be no truckers and no gas, no groceries are going to get to you, and everyone can't start a farm and a big garden in time to not starve to death. And no one will have the money to, either, nor any place to get them. And no electricity means no freezers"}, {"author_id": 827230652, "id": 1494912736630870019, "text": "RT @MarkGComedyUK: So, one year on from his death, are we yet going to talk about the fact that Captain Tom's garden walk wasn't a jolly, l\u2026"}, {"author_id": 1214962175678308354, "id": 1494891792784936961, "text": "@azxracer @CyberneticSeman @CDCgov @WIRED @CDC_AMD life  It is the same in the world. We have come to this world to carry baggage for the time after our death, and God helps us and His prophets to enjoy this garden."}, {"author_id": 37627562, "id": 1494889295785922563, "text": "@JaymesLackey @life_exchanged God didn't say he would kill them if they ate the forbidden fruit; he said they would die.\nWhen Adam and Eve ate the fruit they were expelled from the garden and the Tree of Life. They were now, at that time (yom-\u05d9\u05d5\u05b9\u05dd), subject to death. God's words in Gen 2:17 were and are true."}, {"author_id": 1059212911120433152, "id": 1494837222809358337, "text": "A deceased person was found in the garden, with the Westminster Purebred Dog registry and a digital watch stopped at 4:50am. The cause of death was determined as drowning."}, {"author_id": 17466435, "id": 1494834669979779072, "text": "This detail is shocking:  \"On Friday the LAPD confirmed that officers responded to a radio call for a death investigation around 8:30 a.m. in the area of Franklin Avenue and North Sierra Bonita Avenue.\"\n\n...  Quiet neighborhood next to Wattles Garden Park. https://t.co/jdyNfqBOXS"}, {"author_id": 1720808732, "id": 1494829623384940544, "text": "RT @blue_poppy_girl: i wrote of you in death's garden,\npages of a naive tryst \nbreathe in dreams once planted \n\nhope invited the sun's spri\u2026"}, {"author_id": 893063764236320768, "id": 1494823210289876997, "text": "RT @FinnishArtBot: Hugo Simberg, The Garden of Death ; In the Garden of Death, 1897 https://t.co/RZXuYv2h7s #finngallery #museumarchive htt\u2026"}, {"author_id": 1289401078753132544, "id": 1494810713298243584, "text": "Despite his aptitude for music, Rio was assigned to work in the Imperial Garden.\nIn this portrait, produced a year after the emperor\u2019s death, Rio holds his favored instrument while looking at an image of Francis, ..."}, {"author_id": 1154482853595557890, "id": 1494807020112859139, "text": "RT @FXMC1957: 18 February 1294. Kublai Khan, ruler of the Mongol Empire, died (aged 78). He reigned from 1260 to 1294, founded the Yuan dyn\u2026"}, {"author_id": 90160373, "id": 1494797678118641664, "text": "RT @FXMC1957: 18 February 1294. Kublai Khan, ruler of the Mongol Empire, died (aged 78). He reigned from 1260 to 1294, founded the Yuan dyn\u2026"}, {"author_id": 811320934690942976, "id": 1494779835356430341, "text": "RT @DWFanAudios: Our new short, \"The Garden of Death\" is out today! Come join us at the following link for the premiere at 7pm UK time, or\u2026"}, {"author_id": 3022855270, "id": 1494776031810662402, "text": "RT @7wenkosi: @Ditabe_ @mphomohadi It's a lilith., a primordial beast that used to roam even in the garden of eden. Closest relative is Ser\u2026"}, {"author_id": 1440417948523323400, "id": 1494749718253027331, "text": "@palmerking11 Probably the start of the second half of Death in a Garden by Lowercase Noises"}, {"author_id": 1444737912742944769, "id": 1494747985132994563, "text": "She stood with her sword down, just watching them, her eyes as wide and as blue as the death of light. The garden narrowed to her and her bloody green sword. Her lips parted in a tiny o."}, {"author_id": 1199189118628093954, "id": 1494743906684227596, "text": "RT @DWFanAudios: Our new short, \"The Garden of Death\" is out today! Come join us at the following link for the premiere at 7pm UK time, or\u2026"}, {"author_id": 724310822, "id": 1494738127801438214, "text": "RT @FXMC1957: 18 February 1294. Kublai Khan, ruler of the Mongol Empire, died (aged 78). He reigned from 1260 to 1294, founded the Yuan dyn\u2026"}, {"author_id": 217470920, "id": 1494736675267923968, "text": "RT @FXMC1957: 18 February 1294. Kublai Khan, ruler of the Mongol Empire, died (aged 78). He reigned from 1260 to 1294, founded the Yuan dyn\u2026"}, {"author_id": 3298475988, "id": 1494734850351378433, "text": "Everyone: Haha flying wheelie bins omg look at the O2 it looks like a pair of torn granny pants so funny\n\nMe (who's bedroom is directly in line with the tree in our front garden and could be crushed to death if the storm acts a certain way): yeah fucking mental that"}, {"author_id": 17206216, "id": 1494731387735265291, "text": "RT @FXMC1957: 18 February 1294. Kublai Khan, ruler of the Mongol Empire, died (aged 78). He reigned from 1260 to 1294, founded the Yuan dyn\u2026"}, {"author_id": 1396430407818637315, "id": 1494713695649546240, "text": "RT @NicholasKatsik2: The story of Ryougi Shiki is a story of identity, belonging, and learning to carry the heavy burden of death. All thes\u2026"}, {"author_id": 713708212529274880, "id": 1494707970453962752, "text": "@DrPhomolo Adam. Why did he eat the aphula. We are suffering because of him. We should be in the garden of Eden with no death but everlasting life. https://t.co/3Iiq9eyLLU"}, {"author_id": 4060836743, "id": 1494705579415281671, "text": "Is this not what we did back in the garden... and thus, continue to this day?\n\nImaging (not imagining) without our creator\n\nChrist set us free from this bondage through his death, burial, and resurrection!\n\nAmen https://t.co/V1P2SXHHTU"}, {"author_id": 268962087, "id": 1494705201751724033, "text": "RT @7wenkosi: @Ditabe_ @mphomohadi It's a lilith., a primordial beast that used to roam even in the garden of eden. Closest relative is Ser\u2026"}, {"author_id": 1491516746246860802, "id": 1494705095514238976, "text": "RT @7wenkosi: @Ditabe_ @mphomohadi It's a lilith., a primordial beast that used to roam even in the garden of eden. Closest relative is Ser\u2026"}, {"author_id": 351021585, "id": 1494704802617507845, "text": "cvd created mental people, someone posted on a local group that they find a death bird in their garden asked what to do..  you can guess the answers, don't touch call council it might have bird flu.ppl asking where can they get their 4th V.. ? just give them weekly, end of."}, {"author_id": 16886984, "id": 1494704118799163394, "text": "@davejnick I've chased a wheelie bin, watched a planter travel around the garden and brought in a glass table top to stop it turning into some kind of death discus, but so far no breakages! (She says as something makes a large 'thunk' outside)"}, {"author_id": 1364214819730067459, "id": 1494703790884532224, "text": "RT @NicholasKatsik2: The story of Ryougi Shiki is a story of identity, belonging, and learning to carry the heavy burden of death. All thes\u2026"}, {"author_id": 1469700218128150537, "id": 1494696278013394947, "text": "@DCapperelli @TaylorRMarshall Communism follows\u00a0feminism, just as death and suffering followed Eve's \"equality\" in the garden."}, {"author_id": 1469700218128150537, "id": 1494695366121472000, "text": "@laurie3340 @TaylorRMarshall Communism follows\u00a0feminism, just as death and suffering followed Eve's \"equality\" in the garden."}, {"author_id": 2845144031, "id": 1494694907222577159, "text": "RT @FXMC1957: 18 February 1294. Kublai Khan, ruler of the Mongol Empire, died (aged 78). He reigned from 1260 to 1294, founded the Yuan dyn\u2026"}]