[{"author_id": 1149550227101110273, "id": 1494729430022819840, "text": "@Christi46277855 @wickedsister_1 @c_kar22 @doughnutnaps Oh yeah..Simple Sarah is a straight up weirdo. She attaches herself to ANYONE that\u2019s involved with Aaron  just like Deranged Denise. &amp; Sarah\u2019s world is the same creepster that calls Aaron \u201cboss\u201d\ud83d\ude44"}, {"author_id": 12970532, "id": 1493230379616153603, "text": "@steve_venner My favorite of hers is called DENISE CALLS UP. A little indie gem from 1996 that @sonyclassics never even released on DVD so it has languished in obscurity. I would love to be able to watch it again. https://t.co/DKF6QTeLua"}, {"author_id": 1442105658120159238, "id": 1492987856494678017, "text": "I\u2019m attending Beto for TX\u2019s event, \u201cMake Calls for Beto\u201d \u2013 sign up now to join me!  https://t.co/GpnYB49t1n"}]