[{"author_id": 1164272340961845253, "id": 1495248897354219525, "text": "@gbpoliceadvisor The Concrete Blonde by Michael Connolly really solidified Bosch and made me want to pursue writing. Devil in a Blue Dress by Mosley shows how much you can do in a shorter book. But I really think any novel in Galbraith\u2019s line is top notch. Just wish the author wasn\u2019t\u2026ya know\u2026"}, {"author_id": 258267997, "id": 1495246270448947201, "text": "@upscalebutta Devil In a Blue Dress"}, {"author_id": 142061339, "id": 1495239728148496386, "text": "@DarrellNeloms Devil in a Blue dress"}, {"author_id": 34234507, "id": 1495222120032448512, "text": "Devil in a blue Dress https://t.co/tjYdw8nyt2"}, {"author_id": 62436586, "id": 1495219559896281093, "text": "RT @BrooklynFitChik: @bookversusmovie @ShesNachoMama We talk about Walter Mosley's \"Devil in a Blue Dress\" (1990) with the '95 film starrin\u2026"}, {"author_id": 718104426, "id": 1495208789875773442, "text": "@upscalebutta Devil In a Blue Dress"}, {"author_id": 1280948127122493442, "id": 1495128803282149386, "text": "My Top 10 Movies In No Order\u2026\n\nThe Temptations \n\nThe 5 Heartbeats\n\nDevil In The Blue Dress\n\nThe Last Dragon\n\nMaid In Manhattan (No Homo But it\u2019s really a good movie with a good message)\n\nPaid In Full\n\nHellBoy \n\nALL BLADES (except the one with sticky fingers).."}, {"author_id": 2164819154, "id": 1495122360080519168, "text": "Now Playing Donae\u2019o - Devil In A Blue Dress donaeo"}, {"author_id": 1305699011140018177, "id": 1495099362199818240, "text": "She\u2019s a devil in a baby blue dress"}, {"author_id": 2426671107, "id": 1495095856176979970, "text": "Franklin wrote and directed Denzel Washington in Devil in a Blue Dress (1995). Despite rave reviews from the critics, the film failed to attract an audience. In 1998 Franklin directed the adaptation of Anna Quindlen's autobiographical novel One True Thing (1998)."}, {"author_id": 1469924835354722311, "id": 1495089472458924036, "text": "@CarolAn45195283 @GOP @HillaryClinton Na Bill is a saint!! It's normal for a president to cheat on his wife while getting a BLOWJOB in the @OvalOfficeAFL . If I was stuck being married to the devil aka  @HillaryClinton I wouldve stuck a cigar in @MonicaLewinsky while stainin that blue dress, you see @HillaryClinton?"}, {"author_id": 1490395032263831553, "id": 1495068079843332103, "text": "Happy birthday to Spike Lee I just was thinking that Sidney Poitier passed I would like to see Spike Lee make a new remake of in the heat of the night staring with Denzel Washington and his friend the guy that played in the movie devil in the blue dress miles that would be a bad"}, {"author_id": 1490395032263831553, "id": 1495063137820807174, "text": "I love Spike Lee   movies I just would like to see him do a remake of in the heat of the night that  Sidney Poitier played and he would use Denzel Washington and the other black guy that played on devil in the blue dress miles https://t.co/belwOKtzBL"}, {"author_id": 2474122032, "id": 1495053983819255812, "text": "RT @bookversusmovie: New episode of \"Book Vs Movie\" podcast \"Devil in a Blue Dress\" with Denzel Washington @FrolicPodNet @Spreaker #walterm\u2026"}, {"author_id": 1488057081584177152, "id": 1495029794551091200, "text": "pdf [DOWNLOAD] Download In *!PDF Devil in a Blue Dress #book #readOnline Full Pages\n\nDownload Here : https://t.co/yUZ9jf5Zbg https://t.co/h98vko16uL"}, {"author_id": 1359743776487575553, "id": 1495021370190667777, "text": "Writing Homework Help NVCC Devil in a Blue Dress as African American Detective Fiction Paper\n\nAnalyze https://t.co/YLOr0v3FOF"}, {"author_id": 211658442, "id": 1495020279734616076, "text": "@ezralevant Devil in a blue dress"}, {"author_id": 5100081, "id": 1494900187776442372, "text": "My Friday night? Twizzlers, Devil In a Blue Dress (Denzel in 40\u2019s swag? Yes, ma\u2019am.), and bleaching my hair."}, {"author_id": 45573994, "id": 1494875006592970757, "text": "@AnnVoteBlue IDK\u2026Old Man River? No, Devil In A Blue Dress\u2026definitely not. That\u2019s a tough one\u2026"}, {"author_id": 80995222, "id": 1494838090250268676, "text": "RT @ericnewsom: Been thinking about parallels between Danny Glover as Harry in To Sleep With Anger and Don Cheadle as Mouse in Devil in a B\u2026"}, {"author_id": 1302352797556330496, "id": 1494837059374096389, "text": "RT @bouncetv: Join us as we continue to celebrate US! Here's a look at tonight's lineup on @bouncetv: \n\n\u26be\ufe0f 42 at 8/7c \n\ud83d\udd35 Devil In a Blue Dr\u2026"}, {"author_id": 175170901, "id": 1494834116654686212, "text": "RT @ericnewsom: Been thinking about parallels between Danny Glover as Harry in To Sleep With Anger and Don Cheadle as Mouse in Devil in a B\u2026"}, {"author_id": 167273650, "id": 1494831455901466628, "text": "Been thinking about parallels between Danny Glover as Harry in To Sleep With Anger and Don Cheadle as Mouse in Devil in a Blue Dress, but can't quite articulate my thoughts about the personification of the past returning.\n\nDamn if those aren't two incredible performances, though."}, {"author_id": 280565266, "id": 1494824641063538688, "text": "Join us as we continue to celebrate US! Here's a look at tonight's lineup on @bouncetv: \n\n\u26be\ufe0f 42 at 8/7c \n\ud83d\udd35 Devil In a Blue Dress at 11/10c \n\n#BlackHistoryMonth https://t.co/Sd2M3SvKeS"}, {"author_id": 2798077973, "id": 1494820746547376128, "text": "RT @BrooklynFitChik: @bookversusmovie @ShesNachoMama We talk about Walter Mosley's \"Devil in a Blue Dress\" (1990) with the '95 film starrin\u2026"}, {"author_id": 2877128234, "id": 1494789553391034376, "text": "RT @BrooklynFitChik: @bookversusmovie @ShesNachoMama We talk about Walter Mosley's \"Devil in a Blue Dress\" (1990) with the '95 film starrin\u2026"}, {"author_id": 135130286, "id": 1494787564984803330, "text": "@bookversusmovie @ShesNachoMama We talk about Walter Mosley's \"Devil in a Blue Dress\" (1990) with the '95 film starring #DenzelWashington #DonCheadle Directed by #CarlFranklin #FilmNoir #LAMovies #AfricanAmericanHistoryMonth #ladyPodSquad @FrolicPodNet    https://t.co/LSUSKcP17w https://t.co/0lrLRCzjVK"}, {"author_id": 2176494526, "id": 1494777564358918146, "text": "RT @matt2flat: Don Cheadle should\u2019ve won an Oscar for Devil in a Blue Dress"}, {"author_id": 1280564389918257152, "id": 1494751467894611968, "text": "RT @themediamorgue: We\u2019re bringing you neo-noir for Day 9 of the #blackcinemachallenge with \u2018Devil in a Blue Dress\u2019 \u2014 in which an unemploye\u2026"}, {"author_id": 1389633558243729409, "id": 1494748288372789249, "text": "RT @bookversusmovie: New episode of \"Book Vs Movie\" podcast \"Devil in a Blue Dress\" with Denzel Washington @FrolicPodNet @Spreaker #walterm\u2026"}, {"author_id": 2877128234, "id": 1494744256992403468, "text": "RT @bookversusmovie: New episode featuring #DenzelWashington #DonCheadle #DevilInABlueDress (1995) #TriStar written by #WalterMosley #Afric\u2026"}, {"author_id": 2798077973, "id": 1494743779714211844, "text": "New episode featuring #DenzelWashington #DonCheadle #DevilInABlueDress (1995) #TriStar written by #WalterMosley #AfricanAmericanHistoryMonth #90s #BookVsMovie #LadyPodSquad #PodernFamily #Spreaker #JenniferBeals #CarlFranklin #FilmNoir https://t.co/NS1DSHM5Dx https://t.co/9NI2iD11Ir"}, {"author_id": 3025800298, "id": 1494740459893272577, "text": "Don Cheadle should\u2019ve won an Oscar for Devil in a Blue Dress"}, {"author_id": 2798077973, "id": 1494723377646419971, "text": "New episode of \"Book Vs Movie\" podcast \"Devil in a Blue Dress\" with Denzel Washington @FrolicPodNet @Spreaker #waltermosley #filmnoir #doncheadle #ladypodsquad #AfricanAmericanHistoryMonth #books #CarlFranklin #JenniferBeales #90s #LA https://t.co/BWtbMf173c"}, {"author_id": 135130286, "id": 1494723343177633798, "text": "New episode of \"Book Vs Movie\" podcast \"Devil in a Blue Dress\" with Denzel Washington @FrolicPodNet @Spreaker #waltermosley #filmnoir #doncheadle #ladypodsquad #AfricanAmericanHistoryMonth #books #CarlFranklin #JenniferBeales #90s #LA https://t.co/qwhoAp0l9a"}, {"author_id": 50205701, "id": 1494705381095837700, "text": "@emilyetaylor23 Devil In A Blue Dress with @OfficiaIDenzeI and @DonCheadle \u2026We need more Walter Mosley stories adapted to screen, please! #WalterMoseley \u2764\ufe0f Denzel &amp; Don"}, {"author_id": 3594180016, "id": 1494644612924903433, "text": "@CornyOConnell @wfuv Drive That Devil Out - Rod Picott &amp; Amanda Shires \nDevil With a Blue Dress- Mitch Ryder (or Springsteen)\nDevils &amp; Dust - Springsteen \nNight With the Jersey Devil- Springsteen \nSatan's Jeweled Crown - Emmylou Harris\nRun Through the Jungle - CCR\nSaint in the City- Springsteen"}, {"author_id": 1348302924770811906, "id": 1494495068358545408, "text": "In \"Devil in a Blue Dress\" it is just taken for granted that there are Black folx living peacefully in a professional, family-oriented suburban neighborhood. The only time the neighborhood as a whole feels tense is when cops, clearly looking to make trouble, drive through it."}, {"author_id": 14527778, "id": 1494494608595709955, "text": "Personal favourites \n\nCrooklyn\nSmall Axe: Lovers Rock\nDeep Cover\nTales from the Crypt: Demon Knight\nDevil in a Blue Dress https://t.co/Otkiekt0CM"}, {"author_id": 1348302924770811906, "id": 1494494600853016582, "text": "Thinking of posting about movies, music, comics, books, etc. that I find inspirational for one reason or another. Thought I'd start with this:\n\n\"Devil in a Blue Dress\" (1995)\nI'm pretty sure this was the first movie I ever saw with a leading Black actor playing a Detective. https://t.co/lmqlLoR3gX"}, {"author_id": 2798077973, "id": 1494492110623584276, "text": "New episode is ready for your earholes! \u201cDevil in a Blue Dress\u201d #denzelwashington #bookstagram #bookvsmovie #ladypodsquad #Spreaker #frolicpodcast #FilmNoir #90s #waltermosley #doncheadle https://t.co/VzoK9J3TeW"}, {"author_id": 126755881, "id": 1494480303393583116, "text": "@KevinPaulRosser \ud83d\ude02 I forgot about Devil in a Blue Dress. I change my pick!"}, {"author_id": 2798077973, "id": 1494476750402863104, "text": "RT @ShesNachoMama: \ud83d\udce3 New Podcast! \"Book Vs Movie \"Devil in a Blue Dress\" (1995) Denzel Washington, Don Cheadle, &amp; Jennifer Beales\" on @Spre\u2026"}, {"author_id": 62436586, "id": 1494464176093376517, "text": "\ud83d\udce3 New Podcast! \"Book Vs Movie \"Devil in a Blue Dress\" (1995) Denzel Washington, Don Cheadle, &amp; Jennifer Beales\" on @Spreaker #90s #books #carlfranklin #denzel #devilinabluedress #doncheadle #elmerbernstein #filmnoir #films #frolicpodcast #losangeles https://t.co/KYJBijH21u"}, {"author_id": 1461384935869235204, "id": 1494375528802897923, "text": "Devil In A Blue Dress was one book in a series\n\nThe Easy Rollins character has other stories, I'm sad Hollywood never gave us a Denzel reprisal of that role along with Don Cheadle as Mouse"}, {"author_id": 1456765158819311616, "id": 1494374515304013830, "text": "@catturd2 Mitch Ryder and the Detroit Wheels once had a song out called Devil In The Blue Dress.....and although I dont think they had Hillery in mind, she does look like Hell!!"}, {"author_id": 1456765158819311616, "id": 1494374393778167812, "text": "Mitch Ryder and the Detroit Wheels once had a song out called Devil In The Blue Dress.....and although I dont think they had Hillery in mind, she does look like Hell!! https://t.co/cXVh9GsIQa"}, {"author_id": 75113821, "id": 1494370300410175491, "text": "For non-cozy mysteries, try one of Walter Mosley's character-driven, gritty novels. There are plenty to choose from, but you could start with Devil in A Blue Dress, the first in his Easy Rawlins series. #AskALibrarian https://t.co/fG5vlhHN4k"}, {"author_id": 455200625, "id": 1494363768352083971, "text": "RT @Timobros: talking about a generation above, nothing beats seeing Denzel in the super underrated noir Devil In the Blue Dress for the fi\u2026"}, {"author_id": 329238272, "id": 1494301873163182086, "text": "Man Denzel Washington has a broad ass movie catalogue.  Watch Devil in A Blue Dress"}, {"author_id": 1484114131225563144, "id": 1494236624259014660, "text": "@ByEquity That devil in a blue dress song is beyond classic"}, {"author_id": 868387600301568002, "id": 1494206164174729216, "text": "@Patrioteddv She\u2019s a devil in a blue dress\u2026\ud83d\ude08"}, {"author_id": 1417232248462532614, "id": 1494184276291690496, "text": "Devil in a Blue Dress https://t.co/F2kIrnlkYC"}, {"author_id": 773485929969414148, "id": 1494158865960955907, "text": "Devil in a Blue Dress is great neo-noir    https://t.co/fwyANKHufn"}, {"author_id": 29585075, "id": 1494155970116825088, "text": "@RubeBait Seriously.  Is that the devil in a blue dress?"}, {"author_id": 60285452, "id": 1494121493994815493, "text": "talking about a generation above, nothing beats seeing Denzel in the super underrated noir Devil In the Blue Dress for the first time. \nAbove all, what a well rounded character. https://t.co/s8FxnErk26 https://t.co/y6829FfEdg"}, {"author_id": 1083134100670693377, "id": 1494096924894507015, "text": "@wowthatshiphop College dropout : last call Late Registration : diamonds (original)/ we major Graduation : can\u2019t tell me nothing/big brother 808s :  bad news / see you in my nightmares Beautiful Dark Twisted : devil in a blue dress Yeezus : blood on the leaves"}, {"author_id": 1217621784599629824, "id": 1494092725930631176, "text": "The law,\" he continued, \"is made by the rich people so that the poor people can't get ahead...\n\n   - Walter Mosley, Devil in a Blue Dress\n\n#rich #random #quoteoftheday\n\n(1,1980x813+35735+189,59) https://t.co/TN7FxiRhpS"}, {"author_id": 928113294, "id": 1494027285195853836, "text": "SpecialRelease | RECORD STORE DAY To quote Don Cheadle\u2019s Mouse in Devil in a Blue Dress, \u2018 Oh my God! Oh My Goodness!  https://t.co/j9RcxLeKbI"}, {"author_id": 1081770197155864576, "id": 1493959858902736900, "text": "Devil in a Blue\u00a0Dress https://t.co/HI01TCNAAg"}, {"author_id": 1458754940202016774, "id": 1493806295215976449, "text": "Devil in a blue dress https://t.co/f12xWYd0zh"}, {"author_id": 42791906, "id": 1493795752870494208, "text": "This one is next on my reading list. Just finished the brilliant Devil in A Blue Dress by Walter Mosley, on the recommendation of the awesome novelist Mr S.A. Cosby aka @blacklionking73 https://t.co/qOKKoZW75M"}, {"author_id": 632962034, "id": 1493781938406137856, "text": "DEVIL IN A BLUE DRESS (1995)\u2014what a great film! \nshould have been the first in a series of Easy Rawlins movies \ud83e\udd72"}, {"author_id": 23325253, "id": 1493780162864766981, "text": "@narthax87 @VyceVictus I found out when I got into the Easy Rawlings books and watched Denzel\u2019s Devil in the Blue Dress. It\u2019s a major plot point. Spoiler alert for a 25 year old movie."}, {"author_id": 1348422579913166848, "id": 1493745039423508483, "text": "#disappearance \n\n \u201cA man once told me that you step out of your door in the morning, and you are already in trouble. The only question is: Are you on top of that trouble or not?\u201d\n\nDevil in a Blue Dress\nDir. Carl Franklin\n1995 https://t.co/ZEAxtJlMYl"}, {"author_id": 1163718886287536128, "id": 1493724982148489219, "text": "Devil in the blue dress will forever be a fave for me"}, {"author_id": 366835194, "id": 1493681235008405516, "text": "@conormahood Mouse From Devil In A Blue Dress https://t.co/dBKEIUFiD5"}, {"author_id": 1075191932, "id": 1493660532548587525, "text": "Denzel in \u201cDevil In A Blue Dress\u201d and there should have been more. https://t.co/B5soAlgWa4"}, {"author_id": 778759732685312000, "id": 1493633715850952706, "text": "It's time for another Book of the Month! And we actually liked this one \ud83d\ude01\n\n#amreading #podcast\n\nhttps://t.co/xkI3RFQE0P"}, {"author_id": 1344810569812111360, "id": 1493619049196142593, "text": "@amfmpm We never got a follow up to Devil in a Blue Dress but got two sequels to Bad Boys. There\u2019s a series of books and and film ends with the door open but nothing else came."}, {"author_id": 849968192, "id": 1493609500275789826, "text": "RT @ISawPod: New episode is out now! Millie and Danielle discuss INSIDE MAN (2006) and DEVIL IN A BLUE DRESS (1995), reefer madness moments\u2026"}, {"author_id": 12660962, "id": 1493609155202068483, "text": "RT @ISawPod: New episode is out now! Millie and Danielle discuss INSIDE MAN (2006) and DEVIL IN A BLUE DRESS (1995), reefer madness moments\u2026"}, {"author_id": 2638196510, "id": 1493607970160193543, "text": "RT @ISawPod: New episode is out now! Millie and Danielle discuss INSIDE MAN (2006) and DEVIL IN A BLUE DRESS (1995), reefer madness moments\u2026"}, {"author_id": 220232769, "id": 1493607217995599882, "text": "RT @ISawPod: New episode is out now! Millie and Danielle discuss INSIDE MAN (2006) and DEVIL IN A BLUE DRESS (1995), reefer madness moments\u2026"}, {"author_id": 1165347246851837958, "id": 1493601314508529666, "text": "New episode is out now! Millie and Danielle discuss INSIDE MAN (2006) and DEVIL IN A BLUE DRESS (1995), reefer madness moments, Clive Owen's beautiful face, and the ladies spitball a new reality show. https://t.co/25E6PXDq9a"}, {"author_id": 2440966329, "id": 1493396000727203845, "text": "devil in a blue dress on but it\u2019s data in a stetson https://t.co/n0xivdiwdT"}, {"author_id": 1909401324, "id": 1493381980838268932, "text": "gonna do a movie club on california flicks. here's the list i got so far:\n\nLA confidential\nthere will be blood\nchinatown\nboyz n the hood\nthe conversation\nfalling down\nthe big lebowski\nmulholland drive\nmagnolia\nbarton fink\ndevil in a blue dress\nrepo man"}, {"author_id": 35829359, "id": 1493370685208600579, "text": "Side note: Don Cheadle\u2019s character Mouse in Devil in a Blue Dress coulda bin Freddie Gibbs \ud83e\udd14 https://t.co/HINDjP1qrm https://t.co/wqza89GKda"}, {"author_id": 1232474499205017606, "id": 1493364092110876672, "text": "Devil in a blue dress \ud83d\udc57 \ud83d\ude35\u200d\ud83d\udcab\ud83d\ude35\u200d\ud83d\udcab\ud83d\ude35\u200d\ud83d\udcab\ud83d\udcaf\ud83d\ude08\ud83d\ude08 #cashcow #loser #simp #humanatm https://t.co/ALL9863I4a"}, {"author_id": 1423317037410050055, "id": 1493355370642825224, "text": "RT @DoshJill: Devil in a blue dress? Blue pantsuit?"}, {"author_id": 756517879290421248, "id": 1493339361986895874, "text": "RT @ISawPod: Tomorrow! Danielle and Millie discuss INSIDE MAN (2006) and DEVIL IN A BLUE DRESS (1995). Listen on @applepodcasts or wherever\u2026"}, {"author_id": 16685803, "id": 1493281407157735425, "text": "Devil in a blue dress? https://t.co/G1ppES71vi"}, {"author_id": 905092883702829060, "id": 1493280104625156100, "text": "Lee tackles Devil in a Blue Dress.  Listen, the audio is absolute dogshit in this episode, apologies for that... Zak used the wrong mic, Lee refuses to buy a mic, Seth did just fine, honestly."}, {"author_id": 1361047142169722881, "id": 1493246929899302915, "text": "RT @DoshJill: Devil in a blue dress? Blue pantsuit?"}, {"author_id": 972353911, "id": 1493242241103679491, "text": "Devil in a blue dress is in my top 5 Denzel movies all time"}, {"author_id": 1260280992264335361, "id": 1493242106122485760, "text": "RT @DoshJill: Devil in a blue dress? Blue pantsuit?"}, {"author_id": 1165347246851837958, "id": 1493238800562241541, "text": "Tomorrow! Danielle and Millie discuss INSIDE MAN (2006) and DEVIL IN A BLUE DRESS (1995). Listen on @applepodcasts or wherever you get your favorite \u2018casts! https://t.co/OnCtY5F8Ge"}, {"author_id": 1317944126139211777, "id": 1493211103077322755, "text": "RT @DoshJill: Devil in a blue dress? Blue pantsuit?"}, {"author_id": 1428917007219511300, "id": 1493210088122769409, "text": "RT @DoshJill: Devil in a blue dress? Blue pantsuit?"}, {"author_id": 1520895518, "id": 1493210085706940416, "text": "RT @DoshJill: Devil in a blue dress? Blue pantsuit?"}, {"author_id": 3148583737, "id": 1493209264420270082, "text": "@JaysRealityBlog Devil in a blue dress"}, {"author_id": 1368187974152646656, "id": 1493208525908045833, "text": "RT @DoshJill: Devil in a blue dress? Blue pantsuit?"}, {"author_id": 308524859, "id": 1493207372193538049, "text": "RT @DoshJill: Devil in a blue dress? Blue pantsuit?"}, {"author_id": 875692722, "id": 1493206506149449732, "text": "RT @DoshJill: Devil in a blue dress? Blue pantsuit?"}, {"author_id": 1144538102918238208, "id": 1493205924617596940, "text": "RT @DoshJill: Devil in a blue dress? Blue pantsuit?"}, {"author_id": 1329253554243002368, "id": 1493202221697146891, "text": "Devil in a blue dress? Blue pantsuit? https://t.co/cP8HmtcuJj"}, {"author_id": 1116091541121060864, "id": 1493011508447653895, "text": "The movie Devil In A Blue Dress went on sale today for $4.99 on a couple of the streaming services.\n\nThe movie stars Denzel Washington, Don Cheadle, Tom Sizemore, Maury Chaykin, Jennifer Beals, Lisa Nicole Carson\n\n https://t.co/qPsk11d5e4\n\n."}, {"author_id": 1404634385903669248, "id": 1493007953418502151, "text": "@thelilianajas Devil in a blue dress"}]