[{"author_id": 3236222466, "id": 1495241384898535430, "text": "Ray Milland\u2019s is Dial M for Murder, Rex Harrison\u2019s is The Constant Debutante."}, {"author_id": 1465725481966256130, "id": 1495155161798434816, "text": "@demymonamour Dial M for Murder"}, {"author_id": 1490303974653808642, "id": 1495077592424140804, "text": "Dial M for Murder \n\n\u2022 Margot https://t.co/zRjuYtPPEK"}, {"author_id": 201581778, "id": 1495012487938248707, "text": "Grace Kelly in Dial M for Murder is so gorgeous \ud83e\udd7a\u2764\nThank you @BritishCouncil Digital Library for my free movies in @Kanopy  \u2764\u2764\u2764 https://t.co/5ZiRryWeyT"}, {"author_id": 713675858649686017, "id": 1494964047938088961, "text": "@CRAIGWILLIAMS4 Both fictitious brands.\nSteeplechase also crops up in Skullduggery 1970 and the 1981 US TVM remake of Dial M For Murder."}, {"author_id": 965896408615325696, "id": 1494898926863925251, "text": "@MzFrancesFX People Under The Stairs\nLast House On The Left\nDial M For Murder\n(If you have these two on DVD)..Cabin By The Lake &amp; Return To Cabin By The Lake (Judd Nelson)"}, {"author_id": 182192382, "id": 1494874081363177472, "text": "@KeithLansdale Dial M for Murder"}, {"author_id": 1171989578858631171, "id": 1494871228351680512, "text": "@misskenzieanne Dial M For Murder"}, {"author_id": 747960536009052160, "id": 1494868031511564292, "text": "@misskenzieanne Dial M for Murder (1954)\u2026although anything from Hitchcock from 50s-60s is my favourite"}, {"author_id": 209851958, "id": 1494834785537212417, "text": "@roddyetwit @DashHound7 You might have to dial m for murder"}, {"author_id": 1399151551428497408, "id": 1494833763741691906, "text": "@JoeTull777 @DashHound7 Vertigo and Dial M for Murder are my favorites."}, {"author_id": 2871519094, "id": 1494819475836833798, "text": "@Bollywoodirect Imagine if Dilip kumar done a psycho remake or Dial M For Murder that would been great"}, {"author_id": 1311712345358565382, "id": 1494800319364145165, "text": "@DashHound7 North By Northwest, Marnie, Psycho, Strangers On a Train, Rear Window, Vertigo, Lifeboat, Dial M for Murder, no Googling."}, {"author_id": 707046656437387264, "id": 1494791978504101892, "text": "RT @RobertKirkbri18: @TomFitton @Christy56074523 And she got away with the disposal of many people....Dial M for murder"}, {"author_id": 237527047, "id": 1494773012511424512, "text": "The legendary director who made cameo appearances in his films. To me his best include Dial M for Murder, Rear Window, Psycho, The Birds. https://t.co/PFWJegEMHk"}, {"author_id": 1377447128159559680, "id": 1494768322222518276, "text": "@TomFitton @Christy56074523 And she got away with the disposal of many people....Dial M for murder"}, {"author_id": 2366111545, "id": 1494715107129053193, "text": "Instead of a flashback, we're looking ahead this Friday! In March the suspenseful play, \"Dial M for Murder\" will be presented by Theater to Go. #GetYourTickets ahead of time! https://t.co/pRoRoItsqd https://t.co/FZgcS3lpsg"}, {"author_id": 119074207, "id": 1494697051099217928, "text": "RT @Bebop76845845: Say that again and you'll have to Dial M for Murder #ArgumentativeMovies\n@ivancorless\n\n@SeanMoncrieff"}, {"author_id": 116528412, "id": 1494696516195393536, "text": "RT @Bebop76845845: Say that again and you'll have to Dial M for Murder #ArgumentativeMovies\n@ivancorless\n\n@SeanMoncrieff"}, {"author_id": 1346932454540652546, "id": 1494694235353853963, "text": "Say that again and you'll have to Dial M for Murder #ArgumentativeMovies\n@ivancorless\n\n@SeanMoncrieff"}, {"author_id": 1289109482363125760, "id": 1494680662019870730, "text": "dial m for murder !!!! https://t.co/65pKUHvu9O"}, {"author_id": 874693581080055809, "id": 1494677792335794176, "text": "@stonefish100 Watched An Inspector Calls, Sunset Boulevard and Dial M for Murder in the last couple of weeks, all excellent."}, {"author_id": 357736125, "id": 1494647561461895185, "text": "@Rhianlovesbooks Definitely. North by northwest or Dial M for murder my personal favourites."}, {"author_id": 258234229, "id": 1494639072521953281, "text": "RT @EvansTheCrime: Stay home! Drink tea! Watch films! Film4 11am The Man Who Would Be King Film4. (Set the video for Talking Pictures 11.10\u2026"}, {"author_id": 56074247, "id": 1494627008474660872, "text": "RT @EvansTheCrime: Stay home! Drink tea! Watch films! Film4 11am The Man Who Would Be King Film4. (Set the video for Talking Pictures 11.10\u2026"}, {"author_id": 28562639, "id": 1494624902686642179, "text": "RT @EvansTheCrime: Stay home! Drink tea! Watch films! Film4 11am The Man Who Would Be King Film4. (Set the video for Talking Pictures 11.10\u2026"}, {"author_id": 236890726, "id": 1494624696410771458, "text": "RT @EvansTheCrime: Stay home! Drink tea! Watch films! Film4 11am The Man Who Would Be King Film4. (Set the video for Talking Pictures 11.10\u2026"}, {"author_id": 246759210, "id": 1494624546577600516, "text": "Stay home! Drink tea! Watch films! Film4 11am The Man Who Would Be King Film4. (Set the video for Talking Pictures 11.10am Charade, TCM 11.20am Dial M For Murder, and Great! Classic 12.05pm Build My Gallows High) watch Film4 1.40pm Vertigo. Then Watch Dial M, Gallows, and Charade"}, {"author_id": 1469600510890188806, "id": 1494600057093562377, "text": "@AlikhaniAthena American History X 1998\nDial M For Murder 1954\nDonnie Darko 2001\nEx Machina 2015\nGone Girl 2014\n\nNo Country for Old Men 2007\nNorth by Northwest 1959\nOld Boy 2003\nRosemary's Baby\nThe Imitation Game"}, {"author_id": 635386463, "id": 1494599551893880834, "text": "RT @Bltmovies: 2/5\n1120 DIAL M FOR MURDER(TCM,1954,Kelly/Milland,Hitchcock*4)\n1205pmBUILD MY GALLOWS HIGH(GreatClassic,1947,Mitchum*5)\n1225\u2026"}, {"author_id": 236842564, "id": 1494592178496155686, "text": "DIAL M FOR MURDER KLAXON\n\n11.20am @tcm \u2764\ufe0f #hitchcock #GraceKelly https://t.co/1reZ7hrPfp"}, {"author_id": 4872526121, "id": 1494590257756467200, "text": "2/5\n1120 DIAL M FOR MURDER(TCM,1954,Kelly/Milland,Hitchcock*4)\n1205pmBUILD MY GALLOWS HIGH(GreatClassic,1947,Mitchum*5)\n1225 THE NAKED SPUR(5Action,1953,Stewart/Leigh,Western*4)\n130 THE MOUSE ON THE MOON(@TalkingPicsTV,1963,Rutherford*3)\n415 THE TRUMAN SHOW(SkyDrama,1997,Carey*5) https://t.co/BRYQN8Olfo"}, {"author_id": 3142085333, "id": 1494588195245338659, "text": "RT @iamshinerk: The Day Of The Jackal (1973)\nThe Manchurian Candidate(B/W)\nWait Until Dark\nDouble Indemnity \nRear Window\nThe Usual Suspects\u2026"}, {"author_id": 1172705444927856640, "id": 1494502169067802624, "text": "@StevenDJBaumann I have heard too many murder mystery podcasts and videos, if I'm alone, I'm not stopping. I might call for help though. If there is someone with me, I might stop, but have the emergency number ready to dial."}, {"author_id": 4789896208, "id": 1494488907362283521, "text": "@RafaelAlv02 5. Shadow of a Doubt\n4. Strangers on a Train\n3. Rope\n2. Dial M for Murder\n1. North by Northwest"}, {"author_id": 461678218, "id": 1494465123985018883, "text": "RT @themellowing: #NowWatching \ud83d\udcfd\ufe0f\n\nDial M for Murder\n\nReleased 1954\nDirected by Alfred Hitchcock\n\n#GraceKelly #Hitchcock https://t.co/167R5\u2026"}, {"author_id": 1484940896210673670, "id": 1494450826911301636, "text": "Robert Cummings. His greatest success was on TV in the later half of the 1950's. But he was a popular light leading man in movies for 20 years before that, with \"The Devil and Miss Jones\" (1941), \"Kings Row\" (1942) and \"Dial M For Murder\" (1954) as my favorites. https://t.co/vomV3tpx3B"}, {"author_id": 4597634952, "id": 1494411415142252547, "text": "@bales1181 @ithrah69 @JanuaryMovie @VaderJaws Alfred Hitchcock released both Rear Window and Dial M for Murder in 1954 - wow!!! https://t.co/AEYIrkmqtI"}, {"author_id": 1436806873425055747, "id": 1494407823563841541, "text": "RT @themellowing: #NowWatching \ud83d\udcfd\ufe0f\n\nDial M for Murder\n\nReleased 1954\nDirected by Alfred Hitchcock\n\n#GraceKelly #Hitchcock https://t.co/167R5\u2026"}, {"author_id": 435908158, "id": 1494373894500855815, "text": "@bales1181 @ithrah69 @filmizon @JanuaryMovie @VaderJaws Dial M For Murder https://t.co/NUAZbnz6nh"}, {"author_id": 203071667, "id": 1494360997452201989, "text": "#OTD in 1972\nKenny Rogers and the First Edition,  Flip Wilson,  Me and the Chimp,  My Three Sons,  Ironside,  \"Dial M For Murder\",  Ironside,  more...\nChicago Tribune TV Week.  February 17, 1972 https://t.co/fRqjuSnYWT"}, {"author_id": 1230286421274972161, "id": 1494301767059845131, "text": "@5SweetThing Dial M for Murder! \u2764\ufe0f"}, {"author_id": 980494691316592640, "id": 1494264410432581634, "text": "@seraphinaspang Dial \u2018M\u2019 for murder! Even by todays standards it\u2019s amazing"}, {"author_id": 84658356, "id": 1494257665572225024, "text": "Check out Reproduction Vintage \"Dial M For Murder\" Classic Movie Poster, Size: A2  https://t.co/ErvkwQEjEQ via @eBay"}, {"author_id": 54335263, "id": 1494251949222338562, "text": "@bales1181 @ithrah69 @filmizon @JanuaryMovie @VaderJaws Seven Samurai\nOn the Waterfront\nDial M for Murder\nSuddenly"}, {"author_id": 759251708526620672, "id": 1494236694807302144, "text": "@bales1181 @ithrah69 @filmizon @JanuaryMovie @VaderJaws I was born in 1954 but have seen 3 of the movies in my teens \n7 samurai \nRear window \nDial M for murder \nAll others I'll try to download and watch \u231a\ufe0f."}, {"author_id": 162060489, "id": 1494234283313041408, "text": "Dial  M for murder ! ( I wrote dial, but my autocorrect kept on typing DIAN) https://t.co/Peso2YfWaT"}, {"author_id": 826747287430905856, "id": 1494221907973050368, "text": "RT @DailyVoiceSA: Dial M for murder\n\nThe investigating officer in the Jesse Hess murder case says he found her stolen cellphone at a barber\u2026"}, {"author_id": 912542040, "id": 1494219476463673347, "text": "Dial M for murder\n\nThe investigating officer in the Jesse Hess murder case says he found her stolen cellphone at a barbershop in Ravensmead, where a Congolese man told him he had bought the phone on the day of the murder.\nhttps://t.co/S1bYlhGHb4"}, {"author_id": 4102027816, "id": 1494202574106501122, "text": "Dial M for\u00a0Murder https://t.co/WQGzzy6BHo"}, {"author_id": 1717384170, "id": 1494202571577344002, "text": "Dial M for\u00a0Murder https://t.co/4svz3wKAoe"}, {"author_id": 821839180946735104, "id": 1494182701045194754, "text": "@bales1181 @ithrah69 @filmizon @JanuaryMovie @VaderJaws Dial M for Murder"}, {"author_id": 71849044, "id": 1494179576762843139, "text": "@seraphinaspang Rear Window\nDial M for Murder\nTarus Bulba\nThe Train\nStalag 17\nGilda\nTo Kill a Mockingbird \nWonderful Life \nPsycho \nHoudini \nThe Great Race (slapstick comedy) \nSome Like it Hot\nThe Long, Long Trailer (Lucy &amp; Desi)\nFrenzy"}, {"author_id": 153958526, "id": 1494169492229967881, "text": "@davidraider88 The run from 51\u2019-60\u2019 is insane; Strangers on a Train, Dial M for Murder, Rear Window, To Catch a Thief, Vertigo, North By Northwest and Psycho. Not the only movies he made in the span, but damn near all of those are all timers."}, {"author_id": 23145546, "id": 1494168358505357312, "text": "@ericbaber87 Hitchcock releasing Rear Window and Dial M For Murder in the same year is hilarious. Every other director should\u2019ve quit after that."}, {"author_id": 153958526, "id": 1494166740594565120, "text": "@davidraider88 Rear Window, Dial M for Murder and On the Waterfront for me but good lord what a year."}, {"author_id": 236700836, "id": 1494161807191285764, "text": "@seraphinaspang Arsenic and Old Lace, Dial M for Murder, Rear Window"}, {"author_id": 458016990, "id": 1494159351136858114, "text": "Seven Samurai. Top 3 includes Dial M for Murder and On the Waterfront https://t.co/iJcrM21uKA"}, {"author_id": 814006259015942144, "id": 1494140242500014082, "text": "RT @themellowing: #NowWatching \ud83d\udcfd\ufe0f\n\nDial M for Murder\n\nReleased 1954\nDirected by Alfred Hitchcock\n\n#GraceKelly #Hitchcock https://t.co/167R5\u2026"}, {"author_id": 27410563, "id": 1494133950071009284, "text": "#NowWatching \ud83d\udcfd\ufe0f\n\nDial M for Murder\n\nReleased 1954\nDirected by Alfred Hitchcock\n\n#GraceKelly #Hitchcock https://t.co/167R5cIeIo"}, {"author_id": 754440041959661569, "id": 1494124373510430720, "text": "@Zsavooz @bales1181 @ithrah69 @filmizon @JanuaryMovie @VaderJaws I\u2019d have to list that as #2 \n\nRear Window is solid #1\n\nExecutive Suite, however and to your point, is such a terrific film with an amazing cast. \n\nSeven Samurai, if one has the time, is terrific 3rd pick.\n\nDial M for Murder #4 \n\nTHEM is #5 for fun"}, {"author_id": 14455308, "id": 1494117480045891587, "text": "@seraphinaspang Dial M for Murder (Hitchcock)."}, {"author_id": 280157332, "id": 1494109440429203456, "text": "@seraphinaspang Dial M For Murder\n\nWitness For The Prosecution \n\nImitation Of Life"}, {"author_id": 944572356940455943, "id": 1494094848185540616, "text": "@KaylaChowShow Dial M for Murder.  Any of the Jason Bourne movies."}, {"author_id": 224832597, "id": 1494084548442968066, "text": "Dial M for Murder"}, {"author_id": 1344240546999627776, "id": 1494083375082188813, "text": "@bales1181 @ithrah69 @filmizon @JanuaryMovie @VaderJaws La Strada closely followed by Rear Window and Dial M for Murder"}, {"author_id": 822504671780675584, "id": 1494081349975748611, "text": "@bales1181 @ithrah69 @filmizon @JanuaryMovie @VaderJaws Rear Window, closely followed by Dial M for Murder https://t.co/sJoLEwdBJJ"}, {"author_id": 1427955043437797378, "id": 1494077957752512513, "text": "@seraphinaspang Just saw this but here\u2019s some great ones.  Stalag 17, Double Indemnity, Dial M for Murder, To Kill A Mockingbird."}, {"author_id": 3075451038, "id": 1494076772266115072, "text": "@bales1181 @ithrah69 @filmizon @JanuaryMovie @VaderJaws La Strada\nDial M for Murder\nRear Window"}, {"author_id": 1218771932465811457, "id": 1494069620025745417, "text": "@bales1181 @ithrah69 @filmizon @JanuaryMovie @VaderJaws Dial M for Murder"}, {"author_id": 2258322114, "id": 1494053497003819011, "text": "@bales1181 @ithrah69 @filmizon @JanuaryMovie @VaderJaws Seven Samurai, Dial M, Shield For Murder."}, {"author_id": 705076354241310720, "id": 1494049175062908928, "text": "@bales1181 @ithrah69 @filmizon @JanuaryMovie @VaderJaws So many of my favorites. Rear Window, Dial M for Murder, Sabrina, On the Waterfront. I love them all for different reasons. \ud83d\ude0d"}, {"author_id": 3231929935, "id": 1494041967558205446, "text": "@davematt88 @seraphinaspang What a list!!\n\nI would add:\n\nThe Westerner\nThe Big Sleep\nTo Have and Have Not\nDial M for Murder\nSgt York\nRear Window\nOne Flew Over the Cuckoo's Nest (70s)"}, {"author_id": 1390558489915842567, "id": 1494034625236291586, "text": "RAY MILLAND gets his cover-up on in \n\nDIAL M FOR MURDER (1954)\n\n#GraceKelly #AlfredHitchcock\n\n https://t.co/f7bJHW6ney"}, {"author_id": 845709530180829188, "id": 1494027360861134848, "text": "@bales1181 @ithrah69 @filmizon @JanuaryMovie @VaderJaws Can\u2019t choose between Dial M for Murder and Rear Window. https://t.co/q06qXepnW0"}, {"author_id": 1068346918323970054, "id": 1494021754498404352, "text": "@bales1181 @ithrah69 @filmizon @JanuaryMovie @VaderJaws Dial M for Murder\nWitness to Murder\nRear Window https://t.co/xWVRaLqqTh"}, {"author_id": 1092116000, "id": 1493993757024395271, "text": "A movie which I saw as a child n it\u2019s songs n story made it a favourite. Story based on Hitchcock s Dial M for murder, but all three characters made it their own thru great acting.  Will watch it again to remember #BappiLahiri https://t.co/fyQfdkKQvJ"}, {"author_id": 764285239, "id": 1493991452484984832, "text": "For those of you who like this sort of thing, Dial M for Murder is on TCM soon"}, {"author_id": 1489936833312088065, "id": 1493989828098146309, "text": "@seraphinaspang What Happened to Baby Jane. \nThe Bad Seed\nThe Secret Life of Walter Mitty with Danny Kaye\nMy Favorite Brunette\nDial M for Murder"}, {"author_id": 3266908723, "id": 1493985899373285384, "text": "@seraphinaspang Dial M for Murder or Strangers on a Train"}, {"author_id": 1101368952653983745, "id": 1493974018906542080, "text": "My horror/thriller DVD collection is almost complete. The Fog, Child's Play, Duel, Texas Chainsaw Massacre, The Birds, Rear Window, Frenzy, Dial M for Murder, Rope, and series two of Masters of Horror are all en route to Casa Mellor.\n\nJust need to pick up a copy of Suspiria and\ud83d\udcaf"}, {"author_id": 1154232707964002304, "id": 1493972670399975424, "text": "@seraphinaspang Dial M for Murder"}, {"author_id": 1231170118845116416, "id": 1493964538982584327, "text": "@seraphinaspang Gaslight \nCasablanca \nWhatever Happened to Baby Jane?\nRear Window\nDial M for Murder\nIt's a Wonderful Life \nAngels with Dirty Faces \nHello, Dolly!\nCarmen \nThe Way We Were"}, {"author_id": 148039627, "id": 1493962551729688577, "text": "@JodyWHL @seraphinaspang Strangers on a Train\nDial M for Murder\nBicycle Thieves\nThe Man Who Knew Too Much (both original and remake)\nThe Apartment \nDouble Indemnity \nThe Lost Weekend \n\nBasically anything directed by Hitchcock or Wilder"}, {"author_id": 1107356481442271232, "id": 1493962204105871360, "text": "@seraphinaspang Bringing Up Baby, Cary Grant and Katherine Hepburn; To Catch A Thief with Cary Grant and Grace Kelly; Dial M for Murder with Ray Milland and Grace Kelly."}, {"author_id": 195232513, "id": 1493951762184937473, "text": "Dial M for Murder (1954)\n4,5/5 \u2b50\ufe0f https://t.co/70pc3QVRZg"}, {"author_id": 1441845883302072325, "id": 1493948961660768259, "text": "@kaul_vivek Which one was it again? Dial M For Murder?"}, {"author_id": 791033304, "id": 1493943261819506690, "text": "@IanLewis80 Never keen on Anderson. Too weird for me \ud83d\ude04\n\nDial M for Murder is such an underrated Hitchcock film."}, {"author_id": 19203319, "id": 1493929263090868227, "text": "@Shari2112 @seraphinaspang A few of my favorite classics:\nSinging in the Rain\nIn the Heat of the Night\nDial M for Murder\n12 Angry Men\nThe Seven Year Itch\nRear Window\nThe Wizard of Oz\nThe Graduate\nThe Sound of Music\nButch Cassidy and the Sundance Kid\nWest Side Story\nCool Hand Luke"}, {"author_id": 791033304, "id": 1493926549111939077, "text": "Anyone else think there\u2019s actually TOO much choice at the moment when it comes to tv? Prime, Netflix, Disney, iPlayer\u2026..I\u2019ve just spent 40 minutes looking for something to watch. \n\nEnded up renting Dial M for Murder cos I just fancied a Hitchcock."}, {"author_id": 22844639, "id": 1493900573288148996, "text": "RT @Mylambandmartyr: @seraphinaspang @rhiles2760 Harvey\nCool Hand Luke\nDouble Indemnity \nKey Largo\nThe Big Sleep\nDial M For Murder"}, {"author_id": 947243156248059904, "id": 1493899459771654147, "text": "@seraphinaspang @rhiles2760 Harvey\nCool Hand Luke\nDouble Indemnity \nKey Largo\nThe Big Sleep\nDial M For Murder"}, {"author_id": 4220681412, "id": 1493828023099207682, "text": "@fionapineappIe dial m for murder"}]