[{"author_id": 1431228881860632591, "id": 1495293376492498944, "text": "RT @box0fficeindia: #Radheshyam May be a Class genre but the excitement and enthusiasm of Mass fans to celebrate #Prabhas's Presence On Scr\u2026"}, {"author_id": 1319490920723562497, "id": 1495293260968828933, "text": "RT @box0fficeindia: #Radheshyam May be a Class genre but the excitement and enthusiasm of Mass fans to celebrate #Prabhas's Presence On Scr\u2026"}, {"author_id": 1268945518958264320, "id": 1495293244301017090, "text": "RT @box0fficeindia: #Radheshyam May be a Class genre but the excitement and enthusiasm of Mass fans to celebrate #Prabhas's Presence On Scr\u2026"}, {"author_id": 1494064317058011137, "id": 1495293048036597765, "text": "Laghing so hard you\u2019re stomach hurts n u feel like you gonna die &gt;&gt;&gt;"}, {"author_id": 2727747383, "id": 1495292950909173766, "text": "@binjoadeniran Like every damn time, you work hard to escape poverty, the poverty line follows just behind you. Chasing you like a vengeful wraith, unwilling to let go until you die"}, {"author_id": 2582098459, "id": 1495292934324842497, "text": "RT @box0fficeindia: #Radheshyam May be a Class genre but the excitement and enthusiasm of Mass fans to celebrate #Prabhas's Presence On Scr\u2026"}, {"author_id": 1452902585673793542, "id": 1495292858424647683, "text": "RT @box0fficeindia: #Radheshyam May be a Class genre but the excitement and enthusiasm of Mass fans to celebrate #Prabhas's Presence On Scr\u2026"}, {"author_id": 118997626, "id": 1495292760261206016, "text": "RT @JAVED0909: A hard electoral break down of Punjab. Dalits decisive in 98 out of 117 assembly seats. While 34 seats are reserved &amp; 83 fal\u2026"}, {"author_id": 4556317824, "id": 1495292692569653251, "text": "@SuranaSammy @LOneassailant01 @SH1VYCS @S8ulesports ?? Almost Defeated GE in Q1 and Defeated them in Q2. GP is on par with GE. T69 isn't even comparable to GP. If you think otherwise then you're surely a Binks die hard fan, nothing else."}, {"author_id": 1253534385225248768, "id": 1495292657660477441, "text": "RT @box0fficeindia: #Radheshyam May be a Class genre but the excitement and enthusiasm of Mass fans to celebrate #Prabhas's Presence On Scr\u2026"}, {"author_id": 1297847565124157440, "id": 1495292595056316429, "text": "RT @UnitedRPF1: #Prabhas with die hard fan \u2764\u2764\u2764 https://t.co/3HiKIZooiW"}, {"author_id": 1950482270, "id": 1495292538890207232, "text": "@LavenderZen_ He suffered from PTSD.  Nah I don't need to watch that doc.  I'd be balling like a baby and When They See Us was hard to watch too.  Yes, Ava stays on point.  My battery is about to die.  Enjoyed the convo and I'll respond tomorrow.  GN"}, {"author_id": 2983016312, "id": 1495292404441628675, "text": "So easy to say the words \"goodbye\"\nSo hard to let the feelings die"}, {"author_id": 1466084481580687361, "id": 1495292358757593089, "text": "RT @UnitedRPF1: #Prabhas with die hard fan \u2764\u2764\u2764 https://t.co/3HiKIZooiW"}, {"author_id": 1466084481580687361, "id": 1495292310065942529, "text": "RT @box0fficeindia: #Radheshyam May be a Class genre but the excitement and enthusiasm of Mass fans to celebrate #Prabhas's Presence On Scr\u2026"}, {"author_id": 1465603683983323139, "id": 1495292256252686338, "text": "RT @g3tjnxd: admiring her onscreen isn\u2019t enough i need her to punch me so hard i Die https://t.co/7goufaxgE0"}, {"author_id": 1372952917817360385, "id": 1495292228385783814, "text": "RT @OgbeniDipo: Young people are working super hard. I mean, I see a lot of young folks giving it their best shot and going all the way.\u2026"}, {"author_id": 1186619863806013440, "id": 1495292217715396609, "text": "RT @box0fficeindia: #Radheshyam May be a Class genre but the excitement and enthusiasm of Mass fans to celebrate #Prabhas's Presence On Scr\u2026"}, {"author_id": 1249168997951639552, "id": 1495292174212026370, "text": "RT @box0fficeindia: #Radheshyam May be a Class genre but the excitement and enthusiasm of Mass fans to celebrate #Prabhas's Presence On Scr\u2026"}, {"author_id": 1463502697621954570, "id": 1495292166910124033, "text": "RT @box0fficeindia: #Radheshyam May be a Class genre but the excitement and enthusiasm of Mass fans to celebrate #Prabhas's Presence On Scr\u2026"}, {"author_id": 1297847565124157440, "id": 1495292067136049152, "text": "RT @box0fficeindia: #Radheshyam May be a Class genre but the excitement and enthusiasm of Mass fans to celebrate #Prabhas's Presence On Scr\u2026"}, {"author_id": 189775250, "id": 1495292041445609472, "text": "RT @misarati74: Being friends with me is hard if u don\u2019t like getting made fun of. I will flame u but only if I would die for u."}, {"author_id": 1167602394374393856, "id": 1495291998353309697, "text": "@TC16328984 @RightWingOnly93 @WingedLion3 @DeepADiver2 @JianglinLi @DrewPavlou Are all #Tyrant \u2018s family members takes different countries nationality and feel shame to be their own nationality like Xina? Even the Xina die hard fans , like you , don\u2019t admit you are Xina people, right?"}, {"author_id": 178914336, "id": 1495291986366152705, "text": "RT @DrDoyleSays: PTSD f*cks w/ our life because it's hard to focus on things like relationships or a career when your nervous system is con\u2026"}, {"author_id": 336216068, "id": 1495291811992117254, "text": "RT @talliesinyoung: will never forget the time that i slept with a guy (obviously) and i woke up to his alarm going off so i went to shut i\u2026"}, {"author_id": 1469674947630882818, "id": 1495291809983234056, "text": "RT @box0fficeindia: #Radheshyam May be a Class genre but the excitement and enthusiasm of Mass fans to celebrate #Prabhas's Presence On Scr\u2026"}, {"author_id": 1186549166631092225, "id": 1495291802743894016, "text": "RT @box0fficeindia: #Radheshyam May be a Class genre but the excitement and enthusiasm of Mass fans to celebrate #Prabhas's Presence On Scr\u2026"}, {"author_id": 26151108, "id": 1495291724331032579, "text": "@vinceayg_ I need the collection been die hard ram fan since st louis times"}, {"author_id": 1063679689116372993, "id": 1495291686511345665, "text": "RT @box0fficeindia: #Radheshyam May be a Class genre but the excitement and enthusiasm of Mass fans to celebrate #Prabhas's Presence On Scr\u2026"}, {"author_id": 915455215645614080, "id": 1495291526221496320, "text": "RT @box0fficeindia: #Radheshyam May be a Class genre but the excitement and enthusiasm of Mass fans to celebrate #Prabhas's Presence On Scr\u2026"}, {"author_id": 828323603275972609, "id": 1495291508076941314, "text": "RT @box0fficeindia: #Radheshyam May be a Class genre but the excitement and enthusiasm of Mass fans to celebrate #Prabhas's Presence On Scr\u2026"}, {"author_id": 1289588346759471106, "id": 1495291450887589889, "text": "RT @box0fficeindia: #Radheshyam May be a Class genre but the excitement and enthusiasm of Mass fans to celebrate #Prabhas's Presence On Scr\u2026"}, {"author_id": 1174260674073116672, "id": 1495291449302257671, "text": "RT @box0fficeindia: #Radheshyam May be a Class genre but the excitement and enthusiasm of Mass fans to celebrate #Prabhas's Presence On Scr\u2026"}, {"author_id": 1293151865979338756, "id": 1495291395774377985, "text": "RT @box0fficeindia: #Radheshyam May be a Class genre but the excitement and enthusiasm of Mass fans to celebrate #Prabhas's Presence On Scr\u2026"}, {"author_id": 1479020515347947520, "id": 1495291359691145217, "text": "RT @box0fficeindia: #Radheshyam May be a Class genre but the excitement and enthusiasm of Mass fans to celebrate #Prabhas's Presence On Scr\u2026"}, {"author_id": 1293494711638880256, "id": 1495291332545318912, "text": "RT @box0fficeindia: #Radheshyam May be a Class genre but the excitement and enthusiasm of Mass fans to celebrate #Prabhas's Presence On Scr\u2026"}, {"author_id": 1378175158037274624, "id": 1495291332121694212, "text": "RT @box0fficeindia: #Radheshyam May be a Class genre but the excitement and enthusiasm of Mass fans to celebrate #Prabhas's Presence On Scr\u2026"}, {"author_id": 4534240776, "id": 1495291321548177413, "text": "RT @box0fficeindia: #Radheshyam May be a Class genre but the excitement and enthusiasm of Mass fans to celebrate #Prabhas's Presence On Scr\u2026"}, {"author_id": 1168572678506078209, "id": 1495291270259822594, "text": "RT @box0fficeindia: #Radheshyam May be a Class genre but the excitement and enthusiasm of Mass fans to celebrate #Prabhas's Presence On Scr\u2026"}, {"author_id": 1473178661876428801, "id": 1495291256699719683, "text": "RT @box0fficeindia: #Radheshyam May be a Class genre but the excitement and enthusiasm of Mass fans to celebrate #Prabhas's Presence On Scr\u2026"}, {"author_id": 29967129, "id": 1495291236608921602, "text": "RT @AJentleson: It would be super interesting to see a study of vaccination rates correlated to religious observance. Religion is supposed\u2026"}, {"author_id": 1057979592265224192, "id": 1495291220024721411, "text": "RT @box0fficeindia: #Radheshyam May be a Class genre but the excitement and enthusiasm of Mass fans to celebrate #Prabhas's Presence On Scr\u2026"}, {"author_id": 1267723170804613121, "id": 1495291161111838720, "text": "RT @box0fficeindia: #Radheshyam May be a Class genre but the excitement and enthusiasm of Mass fans to celebrate #Prabhas's Presence On Scr\u2026"}, {"author_id": 1025304497759903744, "id": 1495291148566413314, "text": "@Ruralgraduate U are not so die hard after all"}, {"author_id": 918146088246198272, "id": 1495291131596533764, "text": "RT @box0fficeindia: #Radheshyam May be a Class genre but the excitement and enthusiasm of Mass fans to celebrate #Prabhas's Presence On Scr\u2026"}, {"author_id": 1459554167014539266, "id": 1495291123949977604, "text": "RT @box0fficeindia: #Radheshyam May be a Class genre but the excitement and enthusiasm of Mass fans to celebrate #Prabhas's Presence On Scr\u2026"}, {"author_id": 1234160138459594752, "id": 1495291013513953280, "text": "RT @box0fficeindia: #Radheshyam May be a Class genre but the excitement and enthusiasm of Mass fans to celebrate #Prabhas's Presence On Scr\u2026"}, {"author_id": 1234846548892119041, "id": 1495290968697827328, "text": "#Radheshyam May be a Class genre but the excitement and enthusiasm of Mass fans to celebrate #Prabhas's Presence On Screen is Unaltered. Less than 19 Days to witness an Eophoric Blast from Die Hard Fans this March 11 !!\n\n#19DaysToRadheshyam"}, {"author_id": 750224972707094528, "id": 1495290966860783620, "text": "RT @OgbeniDipo: Young people are working super hard. I mean, I see a lot of young folks giving it their best shot and going all the way.\u2026"}, {"author_id": 1177863268544565248, "id": 1495290576094507010, "text": "RT @TaslimaZannat1: Thanks so much your likes @Theactorpradeep ..\nFrom today i followed you..\nI would like to requested pradeep Anna,,\nPlea\u2026"}, {"author_id": 1048200982356746245, "id": 1495290470351753218, "text": "RT @Cyrill_Jnr19: Yes! we're ready to die with the bullet if they shoot but if we survive,then we coming hard mama."}, {"author_id": 1430426378193707009, "id": 1495290454190948353, "text": "If I die today, it won't be so hard"}, {"author_id": 99788715, "id": 1495290244610113539, "text": "RT @tonytheauthor: I become terribly sad and frustrated when people tell me that fish feel no pain and are just put in our oceans for us to\u2026"}, {"author_id": 1388314328642703361, "id": 1495290186204209156, "text": "@LightzOut83 @aaronladd0 BS. The Rock sounded like a used car salesman. Disgusting unless you're a die hard Rams fan.  Ughhhh. https://t.co/3c2gb0wx4i"}, {"author_id": 1284091949054492672, "id": 1495290168697565184, "text": "old habits die hard"}, {"author_id": 1355384550910615554, "id": 1495289569587384321, "text": "lmao tangina think again mga bbm die hard fans supporters ass kissers or whatever u call yourselves mga timang https://t.co/TDeZn3Q0Z1"}, {"author_id": 1491739650397986820, "id": 1495289398874841088, "text": "@HReview73 Die hard with a vengeance one of the best movie ever see with Bruce Willis"}, {"author_id": 1380523465548079106, "id": 1495289238556135425, "text": "RT @Zy0x_: if ayato has million number of fans i am one of them. if ayato has ten fans i am one of them. if ayato has no fans. that means i\u2026"}, {"author_id": 1320626948364664833, "id": 1495289105785131009, "text": "Life is hard ...so die early"}, {"author_id": 1489583070059511814, "id": 1495289078543122435, "text": "@VJSunnyOfficial @StarMaa @DisneyPlusHSTel I am die hard fan of sunny \u2764\ufe0f"}, {"author_id": 30744547, "id": 1495288948444348417, "text": "I spent my whole life in relationships and was only able to discover myself while single. I think being by myself has been the greatest blessing. I\u2019ve even decolonized &amp; deconstructed all my previous die hard beliefs, and found my heritage."}, {"author_id": 954046995001479168, "id": 1495288946196103173, "text": "RT @OgbeniDipo: Young people are working super hard. I mean, I see a lot of young folks giving it their best shot and going all the way.\u2026"}, {"author_id": 158036863, "id": 1495288906673278976, "text": "RT @UnitedRPF1: #Prabhas with die hard fan \u2764\u2764\u2764 https://t.co/3HiKIZooiW"}, {"author_id": 1383823190292500488, "id": 1495288828516614144, "text": "RT @OgbeniDipo: Young people are working super hard. I mean, I see a lot of young folks giving it their best shot and going all the way.\u2026"}, {"author_id": 1319343305843507202, "id": 1495288760321335302, "text": "RT @thgbot: 'If you die, and I live, there's no life for me at all back in District Twelve. You're my whole life,' Peeta says. 'I would nev\u2026"}, {"author_id": 412972778, "id": 1495288602066321408, "text": "RT @divize_eth: We are endeavouring to create the most immersive and personal experience ever seen in the NFT space. \n\nEach WL spot will be\u2026"}, {"author_id": 1185316112902299649, "id": 1495288518616268802, "text": "Steves die hard fans after tonight\u2019s NSS news.   https://t.co/5e8KmnMG2b"}, {"author_id": 77776104, "id": 1495288335140413442, "text": "@Doncates Fuck the haters Donny! Just got done eatching you and Sal from Comicpop and god damn, I'm sorry people can be so cruel. I have no interest in starship Hulk, that doesn't mean you're not great at what you do. Pluck away my friend, I'll continue to be a Donny die hard!"}, {"author_id": 1350436290337124352, "id": 1495288326676434944, "text": "RT @Cyrill_Jnr19: Yes! we're ready to die with the bullet if they shoot but if we survive,then we coming hard mama."}, {"author_id": 1129390069914062849, "id": 1495288325665484802, "text": "RT @UnitedRPF1: #Prabhas with die hard fan \u2764\u2764\u2764 https://t.co/3HiKIZooiW"}, {"author_id": 148187553, "id": 1495288288394899456, "text": "@LakersNation Of course that would be the narrative now .. knew this would come up at Cleveland all star weekend Especially cuz my lakers are having a awful year and sitting in 9th but I\u2019m a die hard lakers fan but truth is I would like Lebron to finish out his career in the purpleNGold .."}, {"author_id": 1387666673805656069, "id": 1495288285211807745, "text": "@thechek182 @NFTCryptoChicks I find it hard to believe that the project will die because of the current issues. If the team handles the current issues properly &amp; executes well moving forward, I think the proj will still do well long-term. Also lots of money is already at stake + partnerships. We'll see"}, {"author_id": 1416264234950742016, "id": 1495288217326657537, "text": "\"Occasionally. Old habits do die hard.\" https://t.co/QPAQ2Bcht8"}, {"author_id": 1395826850123894789, "id": 1495288047692398596, "text": "RT @diehardfansador: die hard fans adored spirit phone"}, {"author_id": 1472238566394765314, "id": 1495288017120116736, "text": "Really really REALLY frustrating they this method is getting slept on. Significantly more efficient use of money than expanded Obamacare subsidies are. Let the marketplace die already it's a mercy and build a parallel public system of hopsitials! It's not hard!"}, {"author_id": 1427759228509433860, "id": 1495287809262989321, "text": "@PopCrave Old habits die hard"}, {"author_id": 34866878, "id": 1495287770889211905, "text": "RT @TronyissackM: @Neo_url No you are trying so hard to be woke.. he didnt say that is her value..but he is saying she is bringing so much\u2026"}, {"author_id": 921607287374000128, "id": 1495287727360667652, "text": "As a die hard fan of Chief Phupha's Fake beard, I'm really gonna make an edit and playing it here 24X7 since some of Y'all really hate my man's beard\ud83d\ude24\ud83d\ude24 https://t.co/UsuudIAnOa"}, {"author_id": 110730211, "id": 1495287663468986370, "text": "2022 so far: \n- A 1st world country leadership when faced with civil challenge can justify near \"marshal law\" to seize/freeze private properties.\n- Old Hollywood villains die hard."}, {"author_id": 2640762011, "id": 1495287464541392897, "text": ".@heymrrabbit screaming 'DIE HARD DICE' pleases me."}, {"author_id": 281965907, "id": 1495287349953105920, "text": "RT @OgbeniDipo: Young people are working super hard. I mean, I see a lot of young folks giving it their best shot and going all the way.\u2026"}, {"author_id": 1262189708, "id": 1495287341681938433, "text": "Not streaming- great looping, pallet saves, lose killer in chase, escape a few games\nStreaming - found first each game, can't loop for shit, killer tunnels/ camps, Dead hard into walls, die EVERY MATCH\ud83d\ude43\ud83e\udd2a"}, {"author_id": 3703275920, "id": 1495287185259466752, "text": "RT @bcooozz: I'm a die hard fan of Tatay Digong, and I'm voting for BBM.\nHe endorsed Isko, but my choice is FINAL.\n\nI am one of the voices\u2026"}, {"author_id": 1391044350679814144, "id": 1495286942858022912, "text": "RT @kdramaquotes: \"In the end, people are born alone and die alone. So why would they try so hard to live together? It annoys me.\" - #Voice4"}, {"author_id": 1355303640051769346, "id": 1495286913418547200, "text": "RT @divize_eth: We are endeavouring to create the most immersive and personal experience ever seen in the NFT space. \n\nEach WL spot will be\u2026"}, {"author_id": 1319273227596619779, "id": 1495286861211713539, "text": "RT @UnitedRPF1: #Prabhas with die hard fan \u2764\u2764\u2764 https://t.co/3HiKIZooiW"}, {"author_id": 1355533541845569538, "id": 1495286808464158722, "text": "@heydave7 Gotta give you credit @heydave7 - seriously man, you\u2019re a true believer and die hard. We can agree to disagree but I\u2019ll give credit where it\u2019s due and pat you on the back for your chutzpah and tenacity. Cheers \ud83c\udf7b"}, {"author_id": 878774353, "id": 1495286423557230592, "text": "@Njcajun2 @RaginReview Used to support ULL. Then I realized all their \u201cdie hard fans\u201d hated LSU due to them being better at sports. Kind of lame but all of my friends that go to ULL come to LSU games so I do not really care\ud83d\ude02 it is just funny how the \u201cdie hard fans\u201d post almost more about LSU than ULL"}, {"author_id": 940820339499720709, "id": 1495286419753156608, "text": "RT @csankalp: So my son scores a rank in an International Olympiad- \n\nI asked him what do you want as gift? \n\nHe - Chaat Party \ud83c\udf89 \n\nI guess\u2026"}, {"author_id": 341992613, "id": 1495286407182618628, "text": "@Mudzie2 My man i am a die hard Man City fan but that penalty was cooked."}, {"author_id": 1492265908336795651, "id": 1495286282578239488, "text": "RT @OgbeniDipo: Young people are working super hard. I mean, I see a lot of young folks giving it their best shot and going all the way.\u2026"}, {"author_id": 436524695, "id": 1495286217197428737, "text": "OMM he is \ud83d\udd25\ud83d\udd25\ud83d\udd25. Rock wit my niggas mannnnnn. Die hard fan\ud83d\udcaf https://t.co/SGzjDBVfvL"}]