[{"author_id": 1302945113123872770, "id": 1495288489377599491, "text": "RT @minminnn___: INVU Taeyeon :\n\ud83e\udd0d1st comeback stage Mcountdown\n\ud83e\udd0e[Be Original] Studio Choom\n\ud83d\udda42nd comeback stage Inkigayo\n\ud83d\udc99Dingo Killing Voic\u2026"}, {"author_id": 1447065530997772289, "id": 1495288403759276035, "text": "RT @allkpop: #TAEYEON is finally coming to Dingo Music's 'Killing Voice'\nhttps://t.co/b6wm39d41q"}, {"author_id": 958167539078463489, "id": 1495287374368018433, "text": "RT @allkpop: #TAEYEON is finally coming to Dingo Music's 'Killing Voice'\nhttps://t.co/b6wm39d41q"}, {"author_id": 1265503783443988480, "id": 1495287198316306436, "text": "STUDIO CHOOM, ITS LIVE, DINGO https://t.co/bGAi8N8AcY"}, {"author_id": 1245323737026551810, "id": 1495286904287526912, "text": "RT @bruce_haigh: #auspol #abcinsiders Boy Paterson is truely pathetic. An ill-informed ideologue. A nasty, shallow attack dog. Mention the\u2026"}, {"author_id": 609738334, "id": 1495285486620979206, "text": "@Dingo_Becky It\u2019s okay, I still accept you for you lol"}, {"author_id": 609738334, "id": 1495285112006717441, "text": "@Dingo_Becky Lmfaooooo your fault \ud83d\ude2d\ud83d\ude02\ud83d\ude02\ud83d\ude02"}, {"author_id": 609738334, "id": 1495285008235474948, "text": "@Dingo_Becky Nahhhh ion wanna hear it lol"}, {"author_id": 877508910030213120, "id": 1495284598355673089, "text": "RT @AlongImna: A glimpse of the moments I shared with the gathering at Kangatongbi during the Public Meeting for Shri. @singh_dingo of 16 S\u2026"}, {"author_id": 877508910030213120, "id": 1495284592794042376, "text": "@AlongImna @singh_dingo @BJYM @BJP4India @RajuBistaBJP @BJP4Manipur Best wishes"}, {"author_id": 577177645, "id": 1495284352208408576, "text": "RT @minminnn___: INVU Taeyeon :\n\ud83e\udd0d1st comeback stage Mcountdown\n\ud83e\udd0e[Be Original] Studio Choom\n\ud83d\udda42nd comeback stage Inkigayo\n\ud83d\udc99Dingo Killing Voic\u2026"}, {"author_id": 1349139657989173250, "id": 1495284322575781893, "text": "@JonahDispatch The dingo looks \u2026 different?"}, {"author_id": 296378031, "id": 1495283944341704709, "text": "RT @minminnn___: INVU Taeyeon :\n\ud83e\udd0d1st comeback stage Mcountdown\n\ud83e\udd0e[Be Original] Studio Choom\n\ud83d\udda42nd comeback stage Inkigayo\n\ud83d\udc99Dingo Killing Voic\u2026"}, {"author_id": 989496016549244928, "id": 1495283377792237570, "text": "can they get kihyun on dingo killing voice and/or yhy sketchbook for voyager promotion pls \ud83e\uddce\u200d\u2640\ufe0f"}, {"author_id": 609738334, "id": 1495282659504840708, "text": "@Dingo_Becky You lack culture"}, {"author_id": 887470393132437504, "id": 1495282392457957376, "text": "RT @HourlymyungsooL: [190220][INFINITE 'CLOCK' | Dingo Jackpot Live]\n\n\ud83c\udf3b182\ud83c\udf3b\n\nhttps://t.co/jkAoqbQghO\n\n@KIMMYUNGSOO_1 \n\n#INFINITE #\uae40\uba85\uc218 #\uba85\uc218 #\u2026"}, {"author_id": 1214674663126646785, "id": 1495281919285678082, "text": "i think it\u2019s due time dingo does a whole special mini episodic series on seungkwan again https://t.co/dzi0kr89pE"}, {"author_id": 1266615840012550144, "id": 1495281831029002241, "text": "@cmdrkapp This reminded me of this line from @example he\u2019s a total dingo and apparently in \u2018stralia now so all the more fittings.. funny I thought it was \u201cpacked my R\u00f6yksopp\u201d\n\n\u201cEnemies came, so I packed my rucksack\nLyrics on a microfilm up my buttcrack\u201d\n\n#originalpiratematerial"}, {"author_id": 1145161588501966848, "id": 1495281590821601280, "text": "RT @minminnn___: INVU Taeyeon :\n\ud83e\udd0d1st comeback stage Mcountdown\n\ud83e\udd0e[Be Original] Studio Choom\n\ud83d\udda42nd comeback stage Inkigayo\n\ud83d\udc99Dingo Killing Voic\u2026"}, {"author_id": 471587115, "id": 1495281233718349825, "text": "RT @Whiskey_Dingo: it is said that dingo and otter laughs can rival those of a hyena in the wild\n\nfeaturing @imkrisyim  \ud83e\udd2d https://t.co/LLmc\u2026"}, {"author_id": 1281790524047802369, "id": 1495281212415700993, "text": "RT @CrispyFrise: The lean dingo https://t.co/jgQvhZPhrP"}, {"author_id": 1431857798074097666, "id": 1495281074502774785, "text": "RT @MascotDesigns1: Our SOFTBALL #DingeroftheDay goes to LION Super Senior Aussie (hey that's dinger not dingo) #7 3B Georgia Blair @georgi\u2026"}, {"author_id": 760245002, "id": 1495280526466461698, "text": "RT @allkpop: #TAEYEON is finally coming to Dingo Music's 'Killing Voice'\nhttps://t.co/b6wm39d41q"}, {"author_id": 2312877361, "id": 1495279154392367104, "text": "@Its_a_Me_Dingo @wirekidd @GabaghoulComics that was dreamworks"}, {"author_id": 1645345628, "id": 1495278806147293188, "text": "RT @bruce_haigh: #auspol #abcinsiders Boy Paterson is truely pathetic. An ill-informed ideologue. A nasty, shallow attack dog. Mention the\u2026"}, {"author_id": 1096056190893604864, "id": 1495278761268289536, "text": "RT @heeseungcokr: Variety show that they want to attend:\n\ud83e\udd8c: Dingo Music's KILLING VOICE\n\ud83d\udc08: I Can See Your Voice\n\ud83e\udd8a: Amazing Saturday\n\n@ENHYP\u2026"}, {"author_id": 1339223293610651648, "id": 1495278460180344832, "text": "@toxictaserr wolf, dingo, silly duck, swan, polar bear.\ninterested in any??"}, {"author_id": 8779932, "id": 1495278442488930304, "text": "@ms_dingo That's one of the dresses from South Melbourne Market by Aron Katona, he has some great designs, they suit Natalia so well."}, {"author_id": 1306957653763997696, "id": 1495278369503870978, "text": "RT @heeseungcokr: Variety show that they want to attend:\n\ud83e\udd8c: Dingo Music's KILLING VOICE\n\ud83d\udc08: I Can See Your Voice\n\ud83e\udd8a: Amazing Saturday\n\n@ENHYP\u2026"}, {"author_id": 1397462586308763656, "id": 1495277689564921859, "text": "RT @bruce_haigh: #auspol #abcinsiders Boy Paterson is truely pathetic. An ill-informed ideologue. A nasty, shallow attack dog. Mention the\u2026"}, {"author_id": 800142017523159042, "id": 1495277623987032068, "text": "RT @CrispyFrise: The lean dingo https://t.co/jgQvhZPhrP"}, {"author_id": 56290516, "id": 1495277473906536449, "text": "@ms_dingo Well, I feel like I'm 83, so there's that."}, {"author_id": 4466230334, "id": 1495277320390987776, "text": "@Dingo_Becky thank you for being considerate \ud83d\ude02"}, {"author_id": 56290516, "id": 1495276744516980736, "text": "@ms_dingo Thanks. BTW, happy birthday to me. 63. \ud83d\ude27"}, {"author_id": 4466230334, "id": 1495276724602511361, "text": "@Dingo_Becky mori what this mean? foot rub?"}, {"author_id": 40969545, "id": 1495276639546220545, "text": "@eranetzion @tomer_ganon The dingo ate him!"}, {"author_id": 1491939433939042306, "id": 1495276627147649026, "text": "RT @Ka1juSundae: Sweaty dingo butt :9 https://t.co/GSaJURe649"}, {"author_id": 1256328013853097984, "id": 1495276583371878404, "text": "RT @the_dogsmith: dog buns\ndingo butt, even\ncanine rear end, if you will https://t.co/pOj50FfZjj"}, {"author_id": 1226123729249292293, "id": 1495276391801049089, "text": "RT @HourlymyungsooL: [190220][INFINITE 'CLOCK' | Dingo Jackpot Live]\n\n\ud83c\udf3b182\ud83c\udf3b\n\nhttps://t.co/jkAoqbQghO\n\n@KIMMYUNGSOO_1 \n\n#INFINITE #\uae40\uba85\uc218 #\uba85\uc218 #\u2026"}, {"author_id": 765650705961148417, "id": 1495276271407931393, "text": "@son_of_dingo YES HE IS"}, {"author_id": 4910186051, "id": 1495276139002093569, "text": "Looking for mutual I guess?\n(Tbh just want to list things I like.)\n\nInfinity Train\nFLCL\nThe Mountain Goats\nHilda\nLittle Witch Academia\nBoJack Horseman\nAdventure Time\nFool\u2019s Gold (Dingo Doodles)\nMoral Orel\nGhibli films\nThe Beatles\nHermitcraft\nOK K.O.\nOther Stuff"}, {"author_id": 862498438650380288, "id": 1495275988304809985, "text": "RT @bruce_haigh: #auspol #abcinsiders Boy Paterson is truely pathetic. An ill-informed ideologue. A nasty, shallow attack dog. Mention the\u2026"}, {"author_id": 1294442572585172992, "id": 1495275503351222277, "text": "RT @Dodgy_DingosNFT: Join our discord https://t.co/CSZToLR7AY to be included in free giveaway. First 20 to get to level 5 through games or\u2026"}, {"author_id": 3117381142, "id": 1495275202774986755, "text": "RT @bruce_haigh: #auspol #abcinsiders Boy Paterson is truely pathetic. An ill-informed ideologue. A nasty, shallow attack dog. Mention the\u2026"}, {"author_id": 1486237777973096448, "id": 1495275099121139718, "text": "Join our discord https://t.co/CSZToLR7AY to be included in free giveaway. First 20 to get to level 5 through games or being active will get free nft from the Dodgy Dingo collection. See https://t.co/EWlLK5N3Ut for more info on collection. #AFL #NBL22 #NRL #NFTs #NFTCommunity #NFT"}, {"author_id": 2934149697, "id": 1495274931675828225, "text": "I see the dingo when they close"}, {"author_id": 1277836886778630152, "id": 1495274773135257612, "text": "A dingo in the shin is worth two in the parthenon. \u2014Kamal Hassan. \"Seven Moments That Basically Sum Up Your Minigolf Experience.\", Fast Company. Volume ten, Issue 14 (Junes, 2001) \ud83c\udf1d\n#themoreyouknow  https://t.co/dWoLTYdski"}, {"author_id": 56290516, "id": 1495274468905791491, "text": "@ms_dingo Wordle2 65 3/6 #wordle2\n\n\ud83d\udfe8\ud83d\udfe9\ud83d\udfe8\ud83d\udfe8\u2b1c\u2b1c\n\ud83d\udfe8\ud83d\udfe9\u2b1c\ud83d\udfe9\ud83d\udfe8\u2b1c\n\ud83d\udfe9\ud83d\udfe9\ud83d\udfe9\ud83d\udfe9\ud83d\udfe9\ud83d\udfe9\n\nhttps://t.co/GAIlB8LWUx"}, {"author_id": 749577244616511488, "id": 1495273670843015171, "text": "RT @CrispyFrise: The lean dingo https://t.co/jgQvhZPhrP"}, {"author_id": 269001395, "id": 1495273458280071170, "text": "RT @RadioDingo: Heard earlier today on Grumpy Dingo Radio: The one &amp; only Jerry Seinfeld!!\nhttps://t.co/tYCY4XHDeZ https://t.co/xIKqEbE86Z"}, {"author_id": 1460622007075328008, "id": 1495273450210041856, "text": "RT @DingityDingus: Relaxin\u2019 \u270d\ufe0f\n\n#dingo #sophia #oc #originalart https://t.co/rpZUgabITh"}, {"author_id": 1446511278730579968, "id": 1495273351648280578, "text": "RT @minminnn___: INVU Taeyeon :\n\ud83e\udd0d1st comeback stage Mcountdown\n\ud83e\udd0e[Be Original] Studio Choom\n\ud83d\udda42nd comeback stage Inkigayo\n\ud83d\udc99Dingo Killing Voic\u2026"}, {"author_id": 606675375, "id": 1495273206294405120, "text": "@rachsyme Chewin' The Fat, Flight of the Concords, Frisky Dingo, Kingdom 1 and 2, Moone Boy all the way, Still Game, and This Way Up by the lovely Aisling Bea. Love these wildly underrated shows."}, {"author_id": 1238791813, "id": 1495272619284725761, "text": "RT @minminnn___: INVU Taeyeon :\n\ud83e\udd0d1st comeback stage Mcountdown\n\ud83e\udd0e[Be Original] Studio Choom\n\ud83d\udda42nd comeback stage Inkigayo\n\ud83d\udc99Dingo Killing Voic\u2026"}, {"author_id": 1385540444570882053, "id": 1495272596803256323, "text": "RT @DoyoungWangja: who follows do0_nct? (music industry)\n\n\u2013 Haz: Director at Dingo Music - Killing Voice\n\n\u2013 Kim Yeonjung: known as Kenzie,\u2026"}, {"author_id": 213896766, "id": 1495272216077946890, "text": "RT @HourlymyungsooL: [190220][INFINITE 'CLOCK' | Dingo Jackpot Live]\n\n\ud83c\udf3b182\ud83c\udf3b\n\nhttps://t.co/jkAoqbQghO\n\n@KIMMYUNGSOO_1 \n\n#INFINITE #\uae40\uba85\uc218 #\uba85\uc218 #\u2026"}, {"author_id": 1165595162, "id": 1495272110146883587, "text": "RT @minminnn___: INVU Taeyeon :\n\ud83e\udd0d1st comeback stage Mcountdown\n\ud83e\udd0e[Be Original] Studio Choom\n\ud83d\udda42nd comeback stage Inkigayo\n\ud83d\udc99Dingo Killing Voic\u2026"}, {"author_id": 1111345521438924805, "id": 1495272087317106693, "text": "Happy Anniversary Marsha, wanna collar my Dingo? https://t.co/vYR0rbAQya"}, {"author_id": 1292510632068096000, "id": 1495271542543958021, "text": "RT @AlongImna: A glimpse of the moments I shared with the gathering at Kangatongbi during the Public Meeting for Shri. @singh_dingo of 16 S\u2026"}, {"author_id": 3119057669, "id": 1495271072131960836, "text": "@rachsyme Frisky dingo"}, {"author_id": 1064816624203702273, "id": 1495270833702510593, "text": "RT @Ka1juSundae: Sweaty dingo butt :9 https://t.co/GSaJURe649"}, {"author_id": 1656527696, "id": 1495270451492589571, "text": "Noir work with his dingo Roda (human ver.)"}, {"author_id": 864012683070144512, "id": 1495269971621867524, "text": "RT @bruce_haigh: #auspol #abcinsiders Boy Paterson is truely pathetic. An ill-informed ideologue. A nasty, shallow attack dog. Mention the\u2026"}, {"author_id": 2371275024, "id": 1495269411392999424, "text": "RT @allkpop: #TAEYEON is finally coming to Dingo Music's 'Killing Voice'\nhttps://t.co/b6wm39d41q"}, {"author_id": 1405139441736290304, "id": 1495269360457314307, "text": "RT @minminnn___: INVU Taeyeon :\n\ud83e\udd0d1st comeback stage Mcountdown\n\ud83e\udd0e[Be Original] Studio Choom\n\ud83d\udda42nd comeback stage Inkigayo\n\ud83d\udc99Dingo Killing Voic\u2026"}, {"author_id": 381910782, "id": 1495269206182486016, "text": "@Wdairy3 Look how the ones in front are ignoring the Dingo and looking at you. They know who butters their bread, fluffs their hay, and chops the ice off the trough."}, {"author_id": 944331518339674112, "id": 1495269120908177410, "text": "@Whiskey_Dingo ya know who to ask when you want a new intro screen wink wink ; ) \n\nJK LOL THANK YOU WHISKEY &lt;3"}, {"author_id": 251041184, "id": 1495268969078755331, "text": "RT @minminnn___: INVU Taeyeon :\n\ud83e\udd0d1st comeback stage Mcountdown\n\ud83e\udd0e[Be Original] Studio Choom\n\ud83d\udda42nd comeback stage Inkigayo\n\ud83d\udc99Dingo Killing Voic\u2026"}, {"author_id": 56290516, "id": 1495268388800806916, "text": "@ms_dingo Wordle 246 5/6\n\n\u2b1c\u2b1c\ud83d\udfe8\u2b1c\u2b1c\n\u2b1c\ud83d\udfe8\u2b1c\u2b1c\u2b1c\n\u2b1c\u2b1c\u2b1c\ud83d\udfe9\ud83d\udfe9\n\ud83d\udfe8\u2b1c\u2b1c\ud83d\udfe9\ud83d\udfe9\n\ud83d\udfe9\ud83d\udfe9\ud83d\udfe9\ud83d\udfe9\ud83d\udfe9"}, {"author_id": 926297011648950277, "id": 1495268375853150209, "text": "@Dingo_Daddy91 Damn \ud83e\udd75"}, {"author_id": 1371664157926363140, "id": 1495268338762756097, "text": "@user12393020220 Dingo, I felt tonight, that in my spirit, you needed Gods grace. I will pray for you. This isn\u2019t life on earth, and how it\u2019s supposed to be lived. Please, give up the drinking and smoking. There\u2019s much more to life than this. If you need a therapist please reach out for help."}, {"author_id": 926297011648950277, "id": 1495268322753257475, "text": "@Dingo_Daddy91 What a cutie!"}, {"author_id": 1395320209418833921, "id": 1495267996985872389, "text": "RT @minminnn___: INVU Taeyeon :\n\ud83e\udd0d1st comeback stage Mcountdown\n\ud83e\udd0e[Be Original] Studio Choom\n\ud83d\udda42nd comeback stage Inkigayo\n\ud83d\udc99Dingo Killing Voic\u2026"}, {"author_id": 1292510632068096000, "id": 1495267746136743936, "text": "RT @AlongImna: Addressed the gathering on the Public Meeting for BJP candidate Shri. @singh_dingo of 16-Sekmai Mandal at Kanglatongbi in th\u2026"}, {"author_id": 446793917, "id": 1495267672732614656, "text": "RT @bruce_haigh: #auspol #abcinsiders Boy Paterson is truely pathetic. An ill-informed ideologue. A nasty, shallow attack dog. Mention the\u2026"}, {"author_id": 877508910030213120, "id": 1495267659323445255, "text": "@singh_dingo @BJP4India @RajuBistaBJP @AlongImna @BJYM @NNongpok @ManipurBjym @MBarishSharma @PhoniPhamdom Best wishes"}, {"author_id": 1053841421202006017, "id": 1495267577102225408, "text": "So you go out for one or twelve teen beers then make your buddy run the Dingo. https://t.co/MVqeZmEhA6"}, {"author_id": 1428248319336218628, "id": 1495267086704472075, "text": "RT @minminnn___: INVU Taeyeon :\n\ud83e\udd0d1st comeback stage Mcountdown\n\ud83e\udd0e[Be Original] Studio Choom\n\ud83d\udda42nd comeback stage Inkigayo\n\ud83d\udc99Dingo Killing Voic\u2026"}, {"author_id": 900177627738251264, "id": 1495266754221809669, "text": "RT @Ka1juSundae: Sweaty dingo butt :9 https://t.co/GSaJURe649"}, {"author_id": 2907627084, "id": 1495266598332280834, "text": "RT @minminnn___: INVU Taeyeon :\n\ud83e\udd0d1st comeback stage Mcountdown\n\ud83e\udd0e[Be Original] Studio Choom\n\ud83d\udda42nd comeback stage Inkigayo\n\ud83d\udc99Dingo Killing Voic\u2026"}]