[{"author_id": 897840995538157568, "id": 1495289943224057856, "text": "Everytime I watch DCM MV i get angry they did Jk so dirty he worked so hard on his dancing bt he is barely there in dancing shots thanks to live performances which showed his hard work"}, {"author_id": 2310220302, "id": 1495288304211738624, "text": "Now playing Hungry Eyes (Dirty Dancing Soundtrack).mp3 by !"}, {"author_id": 440695722, "id": 1495286892794986501, "text": "RT @VancityReynolds: To say I had the time of my life making this film would be an understatement. And a misleading reference to Dirty Danc\u2026"}, {"author_id": 74791200, "id": 1495286531501834243, "text": "@miles_commodore Dirty Dancing with Wolves."}, {"author_id": 1495261860488445955, "id": 1495285111549755395, "text": "Time of My Life - Dirty Dancing HD 720p https://t.co/yPtTfGd3gw via @YouTube"}, {"author_id": 348052070, "id": 1495284238689746944, "text": "RT @VirgoThozul: Hi\njust... Dirty Dancing Caejose \u2026\nnothing special \u263a\ufe0f https://t.co/TWRZvZNOa0"}, {"author_id": 1081979126377005057, "id": 1495278971423973378, "text": "RT @VirgoThozul: Hi\njust... Dirty Dancing Caejose \u2026\nnothing special \u263a\ufe0f https://t.co/TWRZvZNOa0"}, {"author_id": 850081088093474817, "id": 1495276402840584192, "text": "@Cjab1183 That was my favorite song on the just one of the guys soundtrack/ and one of my favorite songs on the dirty dancing soundtrack"}, {"author_id": 1468414899215020033, "id": 1495276168345387008, "text": "Several of the wait staff and also some customers are singing along to \u201cThe Time of My Life\u201d from Dirty Dancing at this @Applebees #neverfeltthisway"}, {"author_id": 1111120533008142337, "id": 1495271550060269568, "text": "RT @Morganamiller4: Would you mind if I practice my dirty dancing skills for you?\n\n@SexyTgirls69 @NAUGHTIESTGUYY \n@Wonderfultrans @3dGenus\u2026"}, {"author_id": 3941794460, "id": 1495271509425807366, "text": "weird to realize my comfort movies are dirty dancing and star trek lol"}, {"author_id": 1494181352362627074, "id": 1495271422893117443, "text": "Dirty Dancing - Time of my Life (Final Dance) - High Quality https://t.co/2Qh5b2Doqs via @YouTube"}, {"author_id": 1323440186160680960, "id": 1495268167723241472, "text": "how am i watching dirty dancing for the FIRST TIME. this movie is so good"}, {"author_id": 123446751, "id": 1495267959207571461, "text": "Elon Musk\u2019s robotics got back, as godzillas brother codzilla opens up with a hot 48 pack of nostril plasma snot rockets. They were still out numbered but they had a plan, dirty dancing\u2026 Elon scoffed until his leg started to do the twist. Soon it was a full rave pit off! https://t.co/c3wEVnAqG5"}, {"author_id": 3315103826, "id": 1495267897731543042, "text": "yknow what. has anyone ever skated to the dirty dancing soundtrack as an ex i feel like that would pop off"}, {"author_id": 1228378947563462656, "id": 1495267767024594952, "text": "RT @VirgoThozul: Hi\njust... Dirty Dancing Caejose \u2026\nnothing special \u263a\ufe0f https://t.co/TWRZvZNOa0"}, {"author_id": 1196299250839113728, "id": 1495266955267219459, "text": "RT @Aussiemilf_: Was on bridesmaid duties yesterday! Lots of dirty dancing was done out on the dancefloor. \ud83d\udc8b https://t.co/G4R7hcmvLo"}, {"author_id": 931637569233842176, "id": 1495263661258072066, "text": "RT @VirgoThozul: Hi\njust... Dirty Dancing Caejose \u2026\nnothing special \u263a\ufe0f https://t.co/TWRZvZNOa0"}, {"author_id": 4827709583, "id": 1495262140210556928, "text": "People compared Call Me By Your Name to the Talented Mr Ripley when Guadanino himself said it was Dirty Dancing."}, {"author_id": 1151857915, "id": 1495261470938050563, "text": "My newest obsession is @catcora in the real dirty dancing \ud83e\udd70\ud83e\udd70\ud83e\udd70"}, {"author_id": 1026610893529001985, "id": 1495261075876597768, "text": "@eternalliberal Dirty dancing!"}, {"author_id": 245725006, "id": 1495260235279306752, "text": "RT @stevecoleOxford: Johnson has been dancing to Putin\u2019s tune since he sold his soul for the keys of number 10. Tory party Russian dirty mo\u2026"}, {"author_id": 2162841608, "id": 1495259393126023169, "text": "Dirty Dancing - Time of my Life (Final Dance) - High Quality https://t.co/zHLKx1C0hJ v\u00eda @YouTube"}, {"author_id": 2466940272, "id": 1495258326875189248, "text": "RT @BillyBlueBlaze1: @BorgmanKelly @johncri26122582 @FearTheFloof I suck at popular culture.  Never saw Dirty Dancing outside of Internet m\u2026"}, {"author_id": 1079305052483772416, "id": 1495258164249333764, "text": "RT @Aussiemilf_: Was on bridesmaid duties yesterday! Lots of dirty dancing was done out on the dancefloor. \ud83d\udc8b https://t.co/G4R7hcmvLo"}, {"author_id": 1268607932909879296, "id": 1495258135258296321, "text": "Making my dirty junkie switching\u00a0my nickel cavalry drums // In the chainsmoke rooms flipping like their dancing jigsaw jazz"}, {"author_id": 850434439532339200, "id": 1495258006396620802, "text": "@BorgmanKelly @johncri26122582 @FearTheFloof I suck at popular culture.  Never saw Dirty Dancing outside of Internet memes.  Did see the Back to the Future movie, so I get now Lea Thompson"}, {"author_id": 2466940272, "id": 1495256734650310656, "text": "@BillyBlueBlaze1 @johncri26122582 @FearTheFloof Lea Thompson? Back to the Future movies. Jennifer Grey, Dirty Dancing. They've been im more movies, but you may have seen those 2."}, {"author_id": 1472410607689347073, "id": 1495255448315998211, "text": "@NMNS1999Q @ImOnNow3 It's from the movie, \"Dirty Dancing\"\n(I've Had) The Time of My Life\n\nhttps://t.co/22pv8uhXbJ"}, {"author_id": 1349718451028324352, "id": 1495253640583716866, "text": "RT @VirgoThozul: Hi\njust... Dirty Dancing Caejose \u2026\nnothing special \u263a\ufe0f https://t.co/TWRZvZNOa0"}, {"author_id": 1326367870746578945, "id": 1495253537235910657, "text": "RT @VirgoThozul: Hi\njust... Dirty Dancing Caejose \u2026\nnothing special \u263a\ufe0f https://t.co/TWRZvZNOa0"}, {"author_id": 1031673672367583232, "id": 1495253443174408194, "text": "@eternalliberal Dirty Dancing 10 : 1 \ud83e\udd89"}, {"author_id": 2331256608, "id": 1495253346759823360, "text": "RT @VancityReynolds: To say I had the time of my life making this film would be an understatement. And a misleading reference to Dirty Danc\u2026"}, {"author_id": 2694158624, "id": 1495253237716422661, "text": "RT @VirgoThozul: Hi\njust... Dirty Dancing Caejose \u2026\nnothing special \u263a\ufe0f https://t.co/TWRZvZNOa0"}, {"author_id": 389142152, "id": 1495252393855836163, "text": "RT @KDLex_30: Dirty dancing in the moonlight\n\nALEXAmazing BdayOnASAP \n#HappyAlexaDay"}, {"author_id": 1027407107916627968, "id": 1495250326986833922, "text": "RT @VirgoThozul: Hi\njust... Dirty Dancing Caejose \u2026\nnothing special \u263a\ufe0f https://t.co/TWRZvZNOa0"}, {"author_id": 1110439997482491904, "id": 1495250233906778116, "text": "RT @KDLex_30: Dirty dancing in the moonlight\n\nALEXAmazing BdayOnASAP \n#HappyAlexaDay"}, {"author_id": 3930533428, "id": 1495250063639162882, "text": "RT @VirgoThozul: Hi\njust... Dirty Dancing Caejose \u2026\nnothing special \u263a\ufe0f https://t.co/TWRZvZNOa0"}, {"author_id": 1491232712803622913, "id": 1495250038150529025, "text": "RT @KDLex_30: Dirty dancing in the moonlight\n\nALEXAmazing BdayOnASAP \n#HappyAlexaDay"}, {"author_id": 1475001938961788928, "id": 1495249850291867657, "text": "RT @KDLex_30: Dirty dancing in the moonlight\n\nALEXAmazing BdayOnASAP \n#HappyAlexaDay"}, {"author_id": 1489080871441551361, "id": 1495249310627557377, "text": "Dirty dancing in the moonlight\n\nALEXAmazing BdayOnASAP \n#HappyAlexaDay"}, {"author_id": 1401977035535360002, "id": 1495248679455838208, "text": "@scootsie34 Dirty dancing dunk look for it on tik tok, then get back to me, I wanna see it in a dunk contest. https://t.co/UXAn5cOK9l"}, {"author_id": 1365256733220814849, "id": 1495247806361227265, "text": "Now playing (I've Had) The Time of My Life (feat. Zoe Nicholas &amp; Marc Monroe) [From _Dirty Dancing_] - DOWNLOAD OUR FREE APP.\n\nAndroid https://t.co/rj3xBec8up\n\nApple https://t.co/hfFHZWLhDI"}, {"author_id": 1092134424567824384, "id": 1495246492004671491, "text": "@TimAlle97055825 Dirty Dancing"}, {"author_id": 797539255333466113, "id": 1495246280280330244, "text": "RT @TraciGrrl: \ud83c\udfb6Baby in the corner\nBaby in the spotlight\nDoin dirty dancing\nTrying to leap \ninto Swayze's arms\nAnd I don't know if she can\u2026"}, {"author_id": 1442291919241940997, "id": 1495245245029789701, "text": "RT @VancityReynolds: To say I had the time of my life making this film would be an understatement. And a misleading reference to Dirty Danc\u2026"}, {"author_id": 2263320834, "id": 1495245139157127171, "text": "RT @VancityReynolds: To say I had the time of my life making this film would be an understatement. And a misleading reference to Dirty Danc\u2026"}, {"author_id": 614112138, "id": 1495245111394930689, "text": "@kath_rothschild OK--so Middle School/early HS?? had many, many viewings of Dirty Dancing \"I carried a watermelon?!?\" and Top Gun \"Talk to me Goose\""}, {"author_id": 2424950317, "id": 1495245082316111872, "text": "RT @VirgoThozul: Hi\njust... Dirty Dancing Caejose \u2026\nnothing special \u263a\ufe0f https://t.co/TWRZvZNOa0"}, {"author_id": 1233709275165278209, "id": 1495244871963058183, "text": "Don't you just fucking hate the movie dirty dancing"}, {"author_id": 1028736868840562689, "id": 1495244540978118658, "text": "RT @VancityReynolds: To say I had the time of my life making this film would be an understatement. And a misleading reference to Dirty Danc\u2026"}, {"author_id": 15074141, "id": 1495244224459124745, "text": "RT @VancityReynolds: To say I had the time of my life making this film would be an understatement. And a misleading reference to Dirty Danc\u2026"}, {"author_id": 291239554, "id": 1495244121157603329, "text": "RT @VancityReynolds: To say I had the time of my life making this film would be an understatement. And a misleading reference to Dirty Danc\u2026"}, {"author_id": 977583674, "id": 1495243269197885441, "text": "RT @BiSpiritedSaint: If Hollywood isn\u2019t gonna come up with any new material and just give us remakes non stop, can we at least make the rem\u2026"}, {"author_id": 3848233517, "id": 1495243123856977921, "text": "RT @VancityReynolds: To say I had the time of my life making this film would be an understatement. And a misleading reference to Dirty Danc\u2026"}, {"author_id": 22018221, "id": 1495243007364378627, "text": "RT @VancityReynolds: To say I had the time of my life making this film would be an understatement. And a misleading reference to Dirty Danc\u2026"}, {"author_id": 1414758449687236608, "id": 1495242419956244482, "text": "RT @TallyMichelle4: #MovieQuotesILove\n\nDirty Dancing (1987) https://t.co/LpEOdhqDvh"}, {"author_id": 960315255132794885, "id": 1495242004371963906, "text": "@Scandela9 @TheDockRadio That will be me if you do Dirty Dancing"}, {"author_id": 612935246, "id": 1495240879392518144, "text": "RT @BiSpiritedSaint: If Hollywood isn\u2019t gonna come up with any new material and just give us remakes non stop, can we at least make the rem\u2026"}, {"author_id": 1087856708494548995, "id": 1495240724698349577, "text": "RT @VirgoThozul: Hi\njust... Dirty Dancing Caejose \u2026\nnothing special \u263a\ufe0f https://t.co/TWRZvZNOa0"}, {"author_id": 1432902102137724934, "id": 1495240564261855232, "text": "@TallyMichelle4 I love dirty dancing is one of my favorite movies"}, {"author_id": 1233709275165278209, "id": 1495237324392652804, "text": "I wonder if you go to hell, you have to experience the movie dirty dancing over and over \ud83e\udd14"}, {"author_id": 24990660, "id": 1495236026310270977, "text": "I am absolutely hooked on The Real Dirty Dancing. \n\nI wanna dance like these people. And do the lift. Definitely the lift."}, {"author_id": 1480081046515249152, "id": 1495234634866905093, "text": "RT @CherylAnneStapp: Use a variety of senses to describe\n\u2022your first \u201ctrue love\u201d boyfriend/girlfriend\n\u2022Johnny &amp; Baby\u2019s last dance scene in\u2026"}, {"author_id": 1001959297746653185, "id": 1495234599093477384, "text": "RT @CherylAnneStapp: Use a variety of senses to describe\n\u2022your first \u201ctrue love\u201d boyfriend/girlfriend\n\u2022Johnny &amp; Baby\u2019s last dance scene in\u2026"}, {"author_id": 833775823308070913, "id": 1495233727278026759, "text": "RT @ChloeLl77869570: Ben/Callum - Domino\ud83d\udda4\ud83d\udda4\n\nDirty dancing in the moon light take me down and rock my world until the sun light make this dr\u2026"}, {"author_id": 1090993138318147584, "id": 1495233354857431051, "text": "RT @VainDarling: \ud83e\udd8b \ud835\ude0a\ud835\ude22\ud835\ude33\ud835\ude33\ud835\ude2a\ud835\ude26 \ud835\ude19\ud835\ude2a\ud835\ude24\ud835\ude29\ud835\ude22\ud835\ude33\ud835\ude25\ud835\ude34 \ud83e\udd8b\n\n\u2014 \ud835\ude44 \ud835\ude60\ud835\ude63\ud835\ude64\ud835\ude6c \ud835\ude6e\ud835\ude64\ud835\ude6a \ud835\ude61\ud835\ude64\ud835\ude6b\ud835\ude5a \ud835\ude62\ud835\ude5a, \ud835\ude57\ud835\ude6a\ud835\ude69 \ud835\ude5e\ud835\ude69\u2019\ud835\ude68 \ud835\ude64\ud835\ude6b\ud835\ude5a\ud835\ude67, \ud835\ude3d\ud835\ude56\ud835\ude57\ud835\ude5a.\n\nx Treasurer for The Wolves\n\nx Sister to Drake Richards\n\nx\u2026"}, {"author_id": 2408793043, "id": 1495232331510353927, "text": "RT @VirgoThozul: Hi\njust... Dirty Dancing Caejose \u2026\nnothing special \u263a\ufe0f https://t.co/TWRZvZNOa0"}, {"author_id": 1391823152725078018, "id": 1495230848173580292, "text": "Since I've been writing this #WIP, I've been on an emotional romance kick. I've watched:\nDirty Dancing\nTangled\nA Walk to Remember\nSay Anything\nAn Officer &amp; a Gentleman\nDriven\nThe Wedding Singer\nConfess"}, {"author_id": 380747062, "id": 1495229449192812549, "text": "I saw Footloose and thought it was ok. And I am not a fan of Dirty Dancing! https://t.co/ndRnlyrQCH"}, {"author_id": 3277649964, "id": 1495228586802184192, "text": "@pokimanelol Have you ever thought about cosplaying baby from \u201cDirty Dancing\u201d with Patrick Swayze ? You would be perfect, the hair is spot on \u2764\ufe0f"}, {"author_id": 519767777, "id": 1495227346126716934, "text": "Use a variety of senses to describe\n\u2022your first \u201ctrue love\u201d boyfriend/girlfriend\n\u2022Johnny &amp; Baby\u2019s last dance scene in \u201cDirty Dancing\u201d\n#writingprompt #WritingCommunity #dancers https://t.co/i28zCYaEDe"}, {"author_id": 1487541936395333633, "id": 1495225730938159107, "text": "RT @VainDarling: \ud83e\udd8b \ud835\ude0a\ud835\ude22\ud835\ude33\ud835\ude33\ud835\ude2a\ud835\ude26 \ud835\ude19\ud835\ude2a\ud835\ude24\ud835\ude29\ud835\ude22\ud835\ude33\ud835\ude25\ud835\ude34 \ud83e\udd8b\n\n\u2014 \ud835\ude44 \ud835\ude60\ud835\ude63\ud835\ude64\ud835\ude6c \ud835\ude6e\ud835\ude64\ud835\ude6a \ud835\ude61\ud835\ude64\ud835\ude6b\ud835\ude5a \ud835\ude62\ud835\ude5a, \ud835\ude57\ud835\ude6a\ud835\ude69 \ud835\ude5e\ud835\ude69\u2019\ud835\ude68 \ud835\ude64\ud835\ude6b\ud835\ude5a\ud835\ude67, \ud835\ude3d\ud835\ude56\ud835\ude57\ud835\ude5a.\n\nx Treasurer for The Wolves\n\nx Sister to Drake Richards\n\nx\u2026"}, {"author_id": 1288199779558858754, "id": 1495225704274878474, "text": "@C0micN3rd83 Dirty dancing, Marvel movies, you?"}, {"author_id": 870499651387965440, "id": 1495225415451185156, "text": "RT @Aussiemilf_: Was on bridesmaid duties yesterday! Lots of dirty dancing was done out on the dancefloor. \ud83d\udc8b https://t.co/G4R7hcmvLo"}, {"author_id": 960315255132794885, "id": 1495224567639465985, "text": "@TheDockRadio Actually, it was Dirty Dancing that accomplished that in grade 9."}, {"author_id": 1487261330847453189, "id": 1495224084862537740, "text": "RT @lemontwittor: For the Dirty Dancing Fans- The Real Dirty Dancing Monday and Tuesdays 9pm E4 starts next week! https://t.co/xbMl2W3OfW"}, {"author_id": 3995849711, "id": 1495220347184070670, "text": "RT @TraciGrrl: \ud83c\udfb6Baby in the corner\nBaby in the spotlight\nDoin dirty dancing\nTrying to leap \ninto Swayze's arms\nAnd I don't know if she can\u2026"}, {"author_id": 21653972, "id": 1495219796698451976, "text": "I love this photo. I was actually 11. Dirty Dancing had just come out. So I wrote Dirty Dancing on my top. I was such a geek. https://t.co/GdNIWcsvI0"}, {"author_id": 3070074665, "id": 1495219041379635203, "text": "@TimAlle97055825 Dirty dancing"}, {"author_id": 1357491783467294720, "id": 1495218004728057862, "text": "RT @VainDarling: \ud83e\udd8b \ud835\ude0a\ud835\ude22\ud835\ude33\ud835\ude33\ud835\ude2a\ud835\ude26 \ud835\ude19\ud835\ude2a\ud835\ude24\ud835\ude29\ud835\ude22\ud835\ude33\ud835\ude25\ud835\ude34 \ud83e\udd8b\n\n\u2014 \ud835\ude44 \ud835\ude60\ud835\ude63\ud835\ude64\ud835\ude6c \ud835\ude6e\ud835\ude64\ud835\ude6a \ud835\ude61\ud835\ude64\ud835\ude6b\ud835\ude5a \ud835\ude62\ud835\ude5a, \ud835\ude57\ud835\ude6a\ud835\ude69 \ud835\ude5e\ud835\ude69\u2019\ud835\ude68 \ud835\ude64\ud835\ude6b\ud835\ude5a\ud835\ude67, \ud835\ude3d\ud835\ude56\ud835\ude57\ud835\ude5a.\n\nx Treasurer for The Wolves\n\nx Sister to Drake Richards\n\nx\u2026"}, {"author_id": 1228134232955879425, "id": 1495217405559115778, "text": "RT @guardian: The Real Dirty Dancing: a pitch-perfect cross-section of fame in 2022 https://t.co/K0cloyCV52"}, {"author_id": 1493705290939834377, "id": 1495216241807613958, "text": "\ud83e\udd8b \ud835\ude0a\ud835\ude22\ud835\ude33\ud835\ude33\ud835\ude2a\ud835\ude26 \ud835\ude19\ud835\ude2a\ud835\ude24\ud835\ude29\ud835\ude22\ud835\ude33\ud835\ude25\ud835\ude34 \ud83e\udd8b\n\n\u2014 \ud835\ude44 \ud835\ude60\ud835\ude63\ud835\ude64\ud835\ude6c \ud835\ude6e\ud835\ude64\ud835\ude6a \ud835\ude61\ud835\ude64\ud835\ude6b\ud835\ude5a \ud835\ude62\ud835\ude5a, \ud835\ude57\ud835\ude6a\ud835\ude69 \ud835\ude5e\ud835\ude69\u2019\ud835\ude68 \ud835\ude64\ud835\ude6b\ud835\ude5a\ud835\ude67, \ud835\ude3d\ud835\ude56\ud835\ude57\ud835\ude5a.\n\nx Treasurer for The Wolves\n\nx Sister to Drake Richards\n\nx Sucker for a Lost Cause\n\nx Trigger Warning: Dark Themes Held Here\n\nx Lover of \u2018Dirty Dancing\u2019\n\n\u2014Penned by #Bloody https://t.co/W2piMYykvb"}, {"author_id": 518984571, "id": 1495215604403515402, "text": "@NatPackMom @landofthe80s FYI \n\nFootloose IMDB rating 6.6 \u2022 77k ratings\nRotten Tomatoes critics 52% \u2022 44 ratings\nRotten Tomatoes audience  71% \u2022 250k+ ratings.\n\nDirty Dancing IMDB rating 7.0 \u2022 221k ratings\nRotten Tomatoes 69% \u2022 71 critic ratings\nRotten Tomatoes audience 90% \u2022 250k+ ratings"}]