[{"author_id": 1368333981456941061, "id": 1495283782986915841, "text": "RT @chappy4151: @MailOnline @UssCeit If the \ud83e\udd21 ptince of Cali wants the UK public to fund his security, he must provide full disclosure, par\u2026"}, {"author_id": 493028748, "id": 1495283657439088641, "text": "RT @KristenLock1: What she said.\nAnd - while we're here - would love to find out where 10s of millions in donations came from to both Liber\u2026"}, {"author_id": 384423978, "id": 1495283503260487681, "text": "RT @Deebee77967732: @MeghanMood So glad the story states their disclosure policy changed in March 2020."}, {"author_id": 540620541, "id": 1495283469932384256, "text": "Prince Andrew, Dyson Heydon and the case against non-disclosure agreements https://t.co/8y6efqZ4hZ"}, {"author_id": 1979356783, "id": 1495283168483721217, "text": "Police and prosecutors alike in both US and UK have been willing to work with the most entirely unreliable, mentally ill and drug damaged to obtain a conviction for sexual abuse. Truth, reality, honesty, proper disclosure and reason, have all gone to the wind. https://t.co/ij5XYUGo2P"}, {"author_id": 1403050986474717192, "id": 1495283142164418566, "text": "love rereading my own tweets and finding the typos... in the interest of full disclosure 'tweets' almost became 'teats' just now send HELP"}, {"author_id": 1486192440512028674, "id": 1495283079207870466, "text": "RT @metajongl: @NinjasPocket  stackable ninjas and turtles for extra yield\ud83e\udd2fand now Pocket Pass mint is live on @monkelabs!! Don't wanna sle\u2026"}, {"author_id": 2723172332, "id": 1495282977483358212, "text": "RT @jameschessell: A timely @JacquelineMaley on the misuse of NDAs by perpetrators of sexual misconduct. It\u2019s significant problem that affe\u2026"}, {"author_id": 2300917692, "id": 1495282954251423751, "text": "RT @Kabamur_Taygeta: Unity is what benevolent ETs are trying to show us but not everyone will wake up. Full Disclosure and Open Contact req\u2026"}, {"author_id": 2307667986, "id": 1495282944159608834, "text": "RT @MarkGerretsen: The Emergencies Act has allowed:\n- The freezing of 113 financial products\n- The disclosure of 47 entities\n- 251 Bitcoin\u2026"}, {"author_id": 191354942, "id": 1495282871778820098, "text": "RT @JulianAndrew63: James Campbell on #Insiders mocks Zali Steggall re identity of donors. Then when Speers asks him about the need for ref\u2026"}, {"author_id": 70434605, "id": 1495282764400283649, "text": "RT @MarkGerretsen: The Emergencies Act has allowed:\n- The freezing of 113 financial products\n- The disclosure of 47 entities\n- 251 Bitcoin\u2026"}, {"author_id": 26144113, "id": 1495282554022563844, "text": "RT @Kabamur_Taygeta: Unity is what benevolent ETs are trying to show us but not everyone will wake up. Full Disclosure and Open Contact req\u2026"}, {"author_id": 991571603807862786, "id": 1495282532044394496, "text": "Defi and Cefi comparison and what is needed to have some security with your investment. Disclosure I hold a few KTO coins and believe that these guys are going to the right road."}, {"author_id": 2710721406, "id": 1495282516235849728, "text": "RT @MarkGerretsen: The Emergencies Act has allowed:\n- The freezing of 113 financial products\n- The disclosure of 47 entities\n- 251 Bitcoin\u2026"}, {"author_id": 1105621106487058434, "id": 1495282465652748290, "text": "RT @jameschessell: A timely @JacquelineMaley on the misuse of NDAs by perpetrators of sexual misconduct. It\u2019s significant problem that affe\u2026"}, {"author_id": 2282756042, "id": 1495282451240865796, "text": "RT @MarkGerretsen: The Emergencies Act has allowed:\n- The freezing of 113 financial products\n- The disclosure of 47 entities\n- 251 Bitcoin\u2026"}, {"author_id": 1696849597, "id": 1495282404440825856, "text": "RT @MarkGerretsen: The Emergencies Act has allowed:\n- The freezing of 113 financial products\n- The disclosure of 47 entities\n- 251 Bitcoin\u2026"}, {"author_id": 716137801360625664, "id": 1495282374912868353, "text": "RT @DrRamOfficial: Audio of Kejriwal's wife goes viral\n\n Delhi MLA Raghav Chaddha will handle Kejriwal's future son-in-law\n\n Raghav Chaddha\u2026"}, {"author_id": 39193208, "id": 1495282364716498947, "text": "RT @jameschessell: A timely @JacquelineMaley on the misuse of NDAs by perpetrators of sexual misconduct. It\u2019s significant problem that affe\u2026"}, {"author_id": 1214093650751152128, "id": 1495282066220531714, "text": "RT @MarkGerretsen: The Emergencies Act has allowed:\n- The freezing of 113 financial products\n- The disclosure of 47 entities\n- 251 Bitcoin\u2026"}, {"author_id": 1492092029609799680, "id": 1495281990806827008, "text": "@BeauLeuci @InQldMedia Have a look inside the @QBCCBuildBetter who\u2019s integrity dept gag staff and claim confidentiality over disclosure claiming illogical and misleading protections under s110 of the QBCC Act which does not even apply in the circumstances it\u2019s far too often used and abused #thevibe https://t.co/GiXN6BbBuO"}, {"author_id": 909570582966042625, "id": 1495281869448957952, "text": "RT @MaureenHSulliv2: Disclosure Of An Israeli Plan To Militarily Take Over the Naqab https://t.co/usDJ7U204T"}, {"author_id": 69685229, "id": 1495281750456471552, "text": "RT @brokenomoreNFT: Looks like https://t.co/WQ8jTyO40c might be down. In the meantime, you can revoke permissions via https://t.co/IDWWAxfA\u2026"}, {"author_id": 789525159216492544, "id": 1495281527076245508, "text": "RT @DrRamOfficial: Audio of Kejriwal's wife goes viral\n\n Delhi MLA Raghav Chaddha will handle Kejriwal's future son-in-law\n\n Raghav Chaddha\u2026"}, {"author_id": 3324146126, "id": 1495281478770429952, "text": "RT @toymango: Very emotional to hold an early copy of a special book - the first accessible book on India's suicide crisis. Can't think of\u2026"}, {"author_id": 35835586, "id": 1495281454661525505, "text": "RT @MarkGerretsen: The Emergencies Act has allowed:\n- The freezing of 113 financial products\n- The disclosure of 47 entities\n- 251 Bitcoin\u2026"}, {"author_id": 983042084620853249, "id": 1495281341776150529, "text": "RT @MarkGerretsen: The Emergencies Act has allowed:\n- The freezing of 113 financial products\n- The disclosure of 47 entities\n- 251 Bitcoin\u2026"}, {"author_id": 924658595660120066, "id": 1495281308016291840, "text": "@Willwin7 @sum7122 @drprashantmish6 https://t.co/41yMELJSeB\n\nThis says Clariant International.\nClariant is repeatedly bypassing its listed subsidiary in all new venture."}, {"author_id": 1457016487, "id": 1495281277855236097, "text": "RT @brokenomoreNFT: Looks like https://t.co/WQ8jTyO40c might be down. In the meantime, you can revoke permissions via https://t.co/IDWWAxfA\u2026"}, {"author_id": 26470211, "id": 1495281243512279040, "text": "RT @GillMLouise: @MarianSaines @CJHarvey56 I usually don\u2019t but watched today &amp; loved Niki Savva\u2019s outrage over Campbell\u2019s view on non discl\u2026"}, {"author_id": 1373991758, "id": 1495281192706445312, "text": "RT @cspotweet: NEW:\n\nRCMP say they've taken actions under Economic Emergency Measure order, including: \n\n- freezing 113 financial products\u2026"}, {"author_id": 1634067487, "id": 1495281137899515908, "text": "RT @FirinneCeartas: THEY BETTER GIVE ME THAT DISCLOSURE!!!..I NEED TO FIGHT THEM PUTTING THAT CERTIFICATE OF DISCLOSURE FOR NOAH!! I CANNOT\u2026"}, {"author_id": 318240030, "id": 1495280907694923776, "text": "RT @MarkGerretsen: The Emergencies Act has allowed:\n- The freezing of 113 financial products\n- The disclosure of 47 entities\n- 251 Bitcoin\u2026"}, {"author_id": 1118861356961112069, "id": 1495280874539352064, "text": "RT @JulianAndrew63: James Campbell on #Insiders mocks Zali Steggall re identity of donors. Then when Speers asks him about the need for ref\u2026"}, {"author_id": 1396283901220360195, "id": 1495280850589696001, "text": "@BULLReturns @ondrashkovach @OjaiMauler @SkysthelimitD @adequateryan @UrTokenCorgi @aee_auraenergy That would be full disclosure David.  Willing to go there or just want to continue spewing fake garbage and hiding behind the burner"}, {"author_id": 1105989367074418688, "id": 1495280833753755655, "text": "RT @MarkGerretsen: The Emergencies Act has allowed:\n- The freezing of 113 financial products\n- The disclosure of 47 entities\n- 251 Bitcoin\u2026"}, {"author_id": 1145132795880071168, "id": 1495280789793419264, "text": "RT @keyuxedotian: Now I got you in my space! I decided to promote Kim Junkyu here. Why not? He's my main. By the way, here's Kim Junkyu's L\u2026"}, {"author_id": 1296796748, "id": 1495280777054982147, "text": "RT @CathyCathyFox: 10. The US is also using these weapons... https://t.co/ffaAaIH8cv #DEW #LRAD #TI #US"}, {"author_id": 1257964204650192897, "id": 1495280692107767808, "text": "RT @JulianAndrew63: James Campbell on #Insiders mocks Zali Steggall re identity of donors. Then when Speers asks him about the need for ref\u2026"}, {"author_id": 1241054972692889601, "id": 1495280663485952002, "text": "You've got to let go if you wanna be free - @disclosure \u00d7 @Zedd https://t.co/F6FqUcrleX"}, {"author_id": 325983023, "id": 1495280650206781441, "text": "Full disclosure: I\u2019m kidding"}, {"author_id": 1063096812771426304, "id": 1495280647199461376, "text": "RT @TericaAmeso: @darth_straw @john_faidutti @jerggison @_Orwell1984 @finetimeracing Bragging about being a \u00a3ussy grabbing  sexual assaulte\u2026"}, {"author_id": 2420257944, "id": 1495280584188301315, "text": "RT @JulianAndrew63: James Campbell on #Insiders mocks Zali Steggall re identity of donors. Then when Speers asks him about the need for ref\u2026"}, {"author_id": 1396283901220360195, "id": 1495280541855326208, "text": "@BULLReturns @ondrashkovach @OjaiMauler @SkysthelimitD @adequateryan @UrTokenCorgi @aee_auraenergy Ok, in full disclosure then, please disclose precisely who you are and your positions in AURA, how long you have had them, and what your total return is.  And please disclose what your return was prior to the relisting"}, {"author_id": 1333043256914038788, "id": 1495280373017759748, "text": "RT @TericaAmeso: @darth_straw @john_faidutti @jerggison @_Orwell1984 @finetimeracing Bragging about being a \u00a3ussy grabbing  sexual assaulte\u2026"}, {"author_id": 238352525, "id": 1495280293271511042, "text": "[03:12] Disclosure - Moonlight [Extended Mix] #nowplaying @BIZwebradio https://t.co/dNCmG0FZNI"}, {"author_id": 20969819, "id": 1495280027755331588, "text": "@CrookedFalconYT And, in the interest of full disclosure-- \n\nAOC is like nails running down a chalkboard to me, so..."}, {"author_id": 1297530809973460993, "id": 1495279996558098436, "text": "RT @TericaAmeso: @darth_straw @john_faidutti @jerggison @_Orwell1984 @finetimeracing Bragging about being a \u00a3ussy grabbing  sexual assaulte\u2026"}, {"author_id": 1128073187630178305, "id": 1495279944724844545, "text": "RT @DrewSav: Some people think NDA stands for Non Disclosure Agreement. It actually stands for National Drew Association. When you sign an\u2026"}, {"author_id": 1489052574577614855, "id": 1495279937477312512, "text": "RT @MichaelWestBiz: Massive disclosure failures yet press hammers independents.\n90% of private political party payments are booked \"other\",\u2026"}, {"author_id": 391317360, "id": 1495279899715653637, "text": "RT @cspotweet: NEW:\n\nRCMP say they've taken actions under Economic Emergency Measure order, including: \n\n- freezing 113 financial products\u2026"}, {"author_id": 1323596417366171648, "id": 1495279789250252801, "text": "@LueElizondo ....THAT was a huge part of disclosure.  THAT is what I see in Lue and not picking apart every single little thing he says or does. Same with John, except he needs to hire me to proof read his posts for grammatical errors. Ha!"}, {"author_id": 1357845606887157763, "id": 1495279774193033216, "text": "RT @keyuxedotian: Now I got you in my space! I decided to promote Kim Junkyu here. Why not? He's my main. By the way, here's Kim Junkyu's L\u2026"}, {"author_id": 1473587414, "id": 1495279763744858115, "text": "RT @TericaAmeso: @darth_straw @john_faidutti @jerggison @_Orwell1984 @finetimeracing Bragging about being a \u00a3ussy grabbing  sexual assaulte\u2026"}, {"author_id": 781073058861682688, "id": 1495279614650122240, "text": "RT @MichaelWestBiz: Massive disclosure failures yet press hammers independents.\n90% of private political party payments are booked \"other\",\u2026"}, {"author_id": 1317486926601940992, "id": 1495279453248765954, "text": "RT @DrRamOfficial: Audio of Kejriwal's wife goes viral\n\n Delhi MLA Raghav Chaddha will handle Kejriwal's future son-in-law\n\n Raghav Chaddha\u2026"}, {"author_id": 781073058861682688, "id": 1495279378858930176, "text": "RT @openpoliticsAU: This has to be the year's weirdest disclosure: @SenatorCash yesterday declared 'flowers' from the Czech Ambassador, Ing\u2026"}, {"author_id": 1416488917667237889, "id": 1495279315574919169, "text": "@darth_straw @john_faidutti @jerggison @_Orwell1984 @finetimeracing Bragging about being a \u00a3ussy grabbing  sexual assaulter or going on the Howard Stern Show bragging walking into underage females dressing room in a pageants he was holding, Trump and Epstein were charged with the rape of a 13 year old child, settling out of court with disclosure. https://t.co/PEtbEtWZsc"}, {"author_id": 1254202361767178243, "id": 1495279100772196354, "text": "RT @rcmpgrcpolice: Results so far include: freezing of 113 financial products; disclosure of 47 entities; sharing 251 Bitcoin addresses wit\u2026"}, {"author_id": 1223900814, "id": 1495278954185654277, "text": "RT @JulianAndrew63: James Campbell on #Insiders mocks Zali Steggall re identity of donors. Then when Speers asks him about the need for ref\u2026"}, {"author_id": 1431636424651067394, "id": 1495278880130695170, "text": "RT @EastCoastNFT: Ok I am definitely team hatch @thepixlverse but full disclosure I have 4 eggs vaulted and 1 of them is definitely a deity\u2026"}, {"author_id": 1302702270254112768, "id": 1495278713352507393, "text": "RT @DrRamOfficial: Audio of Kejriwal's wife goes viral\n\n Delhi MLA Raghav Chaddha will handle Kejriwal's future son-in-law\n\n Raghav Chaddha\u2026"}, {"author_id": 852574551355432960, "id": 1495278650819702788, "text": "@BULLReturns @inc_mme @ondrashkovach @OjaiMauler @SkysthelimitD @UrTokenCorgi @aee_auraenergy Full disclosure?!? https://t.co/ahbdqhUQT0"}, {"author_id": 2993361559, "id": 1495278569764757506, "text": "RT @DrRamOfficial: Audio of Kejriwal's wife goes viral\n\n Delhi MLA Raghav Chaddha will handle Kejriwal's future son-in-law\n\n Raghav Chaddha\u2026"}, {"author_id": 4709862252, "id": 1495278488604987392, "text": "RT @DrRamOfficial: Audio of Kejriwal's wife goes viral\n\n Delhi MLA Raghav Chaddha will handle Kejriwal's future son-in-law\n\n Raghav Chaddha\u2026"}, {"author_id": 994796294743961600, "id": 1495278483223678976, "text": "RT @cspotweet: NEW:\n\nRCMP say they've taken actions under Economic Emergency Measure order, including: \n\n- freezing 113 financial products\u2026"}, {"author_id": 936419862812880896, "id": 1495278440949239810, "text": "RT @DrRamOfficial: Audio of Kejriwal's wife goes viral\n\n Delhi MLA Raghav Chaddha will handle Kejriwal's future son-in-law\n\n Raghav Chaddha\u2026"}, {"author_id": 292703475, "id": 1495278401615241220, "text": "RT @kevrector: After @LAPDChiefMoore said he wouldn't use his discretion to release the video in @FilmThePoliceLA's arrest, I emailed the @\u2026"}, {"author_id": 277336305, "id": 1495278355549233154, "text": "RT @MarkGerretsen: The Emergencies Act has allowed:\n- The freezing of 113 financial products\n- The disclosure of 47 entities\n- 251 Bitcoin\u2026"}, {"author_id": 2290556065, "id": 1495278354441785344, "text": "@TheoFleury14 The Emergencies Act has allowed:\n- The freezing of 113 financial products\n- The disclosure of 47 entities\n- 251 Bitcoin addresses have been shared with virtual currency exchangers\n- One financial institution freezing the account of a payment processor to a value of $3.8M\n#cdnpoli"}, {"author_id": 2290556065, "id": 1495278277576982530, "text": "@marwilliamson The Emergencies Act has allowed:\n- The freezing of 113 financial products\n- The disclosure of 47 entities\n- 251 Bitcoin addresses have been shared with virtual currency exchangers\n- One financial institution freezing the account of a payment processor to a value of $3.8M\n#cdnpoli"}, {"author_id": 1245820418176344067, "id": 1495278254852382720, "text": "RT @MarkGerretsen: The Emergencies Act has allowed:\n- The freezing of 113 financial products\n- The disclosure of 47 entities\n- 251 Bitcoin\u2026"}, {"author_id": 711499559, "id": 1495278232966475789, "text": "RT @nickdalton1972: Anyone know any reason why the WEF should be allowed contact with Govts without full disclosure and minutes?"}, {"author_id": 994796294743961600, "id": 1495278015013548034, "text": "RT @MarkGerretsen: The Emergencies Act has allowed:\n- The freezing of 113 financial products\n- The disclosure of 47 entities\n- 251 Bitcoin\u2026"}, {"author_id": 1072570274388893697, "id": 1495277994616954881, "text": "RT @DrRamOfficial: Audio of Kejriwal's wife goes viral\n\n Delhi MLA Raghav Chaddha will handle Kejriwal's future son-in-law\n\n Raghav Chaddha\u2026"}, {"author_id": 1215918994248462339, "id": 1495277773073567744, "text": "Sparkx Radio KSPX Now Playing Disclosure ft Sam Smith vs Steff Da Campo &amp; Tommy Jayden - Latch (AAsH Money Bootleg) https://t.co/Q02T2SYfjD"}, {"author_id": 771621, "id": 1495277768774352904, "text": "@mikeybc23 @acedtect @sarahlane Full disclosure that I am a bit biased since it\u2019s my alma mater"}, {"author_id": 1247661243566936066, "id": 1495277670695059456, "text": "RT @DrRamOfficial: Audio of Kejriwal's wife goes viral\n\n Delhi MLA Raghav Chaddha will handle Kejriwal's future son-in-law\n\n Raghav Chaddha\u2026"}, {"author_id": 1443349716943572995, "id": 1495277617573818369, "text": "RT @cspotweet: NEW:\n\nRCMP say they've taken actions under Economic Emergency Measure order, including: \n\n- freezing 113 financial products\u2026"}]