[{"author_id": 239555374, "id": 1495107902952009732, "text": "Check out this listing I just added to my #Poshmark closet: Dolores Claiborne By Stephen King Hardcover First Edition Novel Free Shipping. https://t.co/LGKL3ecOC2 #shopmycloset @poshmarkapp"}, {"author_id": 1213656474980765697, "id": 1495091465113980929, "text": "@JLClayton5 Stephen King is one of the few authors where you can read the book and look for the movie. Kathy Bates was perfectly cast. I was so excited when she was cast again in another Stephen King adaptation, Dolores Claiborne, another good novel.\ud83d\udc4d"}, {"author_id": 82471662, "id": 1495087092921417728, "text": "RT @xander6981: Kathy Bates in Dolores Claiborne. Heck, Jennifer Jason Leigh too. https://t.co/BtJeFTwHHp"}, {"author_id": 2886461590, "id": 1495041409002344450, "text": "Check out this listing I just added to my #Poshmark closet: Dolores Claiborne Columbia Tristar VHS video tape. https://t.co/U8pbivePmt #shopmycloset @poshmarkapp"}, {"author_id": 1477148085851676674, "id": 1494719032620167178, "text": "@klhicks912 Listening to Temeraire. Reading Dolores Claiborne by Stephen King and I'm gonna read a couple other Stephen King books after that."}, {"author_id": 115509351, "id": 1494713365138223113, "text": "@goodreads I\u2019m reading a very unique leather bound copy of Dolores Claiborne by Stephen King. https://t.co/HRK21Qy1BQ"}, {"author_id": 1474203877482319878, "id": 1494673525445120006, "text": "@danjb1977 don't laugh but you're mine probably in really no particular order actually I don't know if I have five I think I may have one. Because I'll watch anything I'm a movie slut. But the one movie I've watched over and over and over and over again is Dolores Claiborne."}, {"author_id": 57961883, "id": 1494527445185306625, "text": "You know what film doesnt get talked about enough? Dolores Claiborne and Kathy Bates playing the character. https://t.co/EVn0GNiaBp"}, {"author_id": 1190454822454980608, "id": 1494526042345652234, "text": "@johnsonn_olan \"Sometimes, being a bitch, is all a woman has to hang onto\"   Dolores Claiborne"}, {"author_id": 1291859212063121413, "id": 1494502633993687044, "text": "@SagED_UP The joker Jason Michael Myers and the chick from Dolores Claiborne, I can\u2019t think of her name"}, {"author_id": 1312060120814292993, "id": 1494438164051681285, "text": "@heysoylucyy Dolores Claiborne de Stephen King..."}, {"author_id": 1433935139894038528, "id": 1494405886697082890, "text": "@cathalina1972 But there's this line from the movie, \"Dolores Claiborne\".  \"An accident can be a big man's burden\".  Anyway, thank you for the public service message.  Take care, stay safe &amp; healthy, and best wishes to you.\ud83d\ude00\ud83d\ude0d\u2764\ufe0f"}, {"author_id": 633087178, "id": 1494372686406979584, "text": "15. dolores claiborne by stephen king\n\nrating: 4.1/5\n\nhttps://t.co/ovnwfr9gpd"}, {"author_id": 1414777990827839491, "id": 1494345479424860165, "text": "RT @DerryPublic: This Sunday we finish Dolores Claiborne! Listen to this sneak peek about what may or may not be harassing behavior? You de\u2026"}, {"author_id": 981562062278045696, "id": 1494329841792872450, "text": "This Sunday we finish Dolores Claiborne! Listen to this sneak peek about what may or may not be harassing behavior? You decide! https://t.co/uLOH0ZsxWH"}, {"author_id": 106111147, "id": 1494155349485670401, "text": "Internet has been out in my house for 36 hours and I have achieved the centered peace that comes with the divestment of needless things (I\u2019ve called the Internet people like 7 times to gently beg for a repair ETA and also I may have found myself in a Dolores Claiborne situation)"}, {"author_id": 1327011951243759617, "id": 1494144349164040192, "text": "@datgirlfromaine @KaylaChowShow I think I have seen Dolores Claiborne three times ...just SO well acted but SO disturbing..."}, {"author_id": 131922958, "id": 1494070201859641346, "text": "Book as a whole I think none. Now, one scene in Heart Shaped Box by Joe Hil, Dolores Claiborne by King and The Box by Richard Chianti sure gave me goosebumps. https://t.co/0TWVaGfLpq"}, {"author_id": 1567019377, "id": 1494058302304489472, "text": "Check out this listing I just added to my #Poshmark closet: Lot of 3 x Stephen King Books JUST AFTER SUNSET Cell Hardcover Dolores Claiborne. https://t.co/ih4F9qBVOY #shopmycloset @poshmarkapp"}, {"author_id": 766387124224552961, "id": 1493986391230926857, "text": "@KaylaChowShow Blast from the past\nA patch of blue\nUnder the Tuscan sun\nThe yes men movies\nGuess whose coming to dinner\nLars and the real girl\nTo sir with love \nDolores Claiborne"}, {"author_id": 772558435, "id": 1493985311885611023, "text": "5 of 5 stars to Dolores Claiborne by Stephen King https://t.co/k7qvyVkV4j"}, {"author_id": 15878031, "id": 1493780965918867466, "text": "@DocAtCDI Shaun (of the Dead) and Dolores Claiborne"}, {"author_id": 1492071812045283329, "id": 1493779605873848321, "text": "@TheMutantFam American graffiti\nSaturday night fever\nDolores Claiborne\nDetroit Rock City\nValley Girl\nPhantasm\nThe Night Flier\nSouthbound\nSam was here \nRocky Horror\nStripes\nHousebound\nThe 'Burbs\nDeep Red\nThe Changeling\nRelaxer\nPrimer \nResolution"}, {"author_id": 772558435, "id": 1493772507370897408, "text": "50% done with Dolores Claiborne, by Stephen King: This audiobook is fantastic. https://t.co/1szeCRg3vb"}, {"author_id": 2452079208, "id": 1493745687200108548, "text": "11. Christine\n12. Doctor Sleep\n13. Carrie\n14. Finders Keepers\n15. The Running Man\n16. The Long Walk\n17. Salems' Lot\n18. 11/22/63\n19. Dolores Claiborne\n20. The Dead Zone"}, {"author_id": 355174658, "id": 1493640059181940739, "text": "@juliacmarchese I can totally see this. And, oddly enough, DOLORES CLAIBORNE was one of the better new operas I've seen."}, {"author_id": 1426769544295550980, "id": 1493498422611136512, "text": "RT @ElChamp82: Seriously is that Dolores Claiborne?"}, {"author_id": 2722007854, "id": 1493476204120141828, "text": "Joe St George was gonna get more dickens than he\u2019d ever dreamed of. \u2014Dolores Claiborne \n\n#doloresclaiborne #stephenking #joestgeorge #readstephenking #stephenkingbooks #read #books #readbooks #bookstagram https://t.co/aKVRDJjgRk"}, {"author_id": 1426769544295550980, "id": 1493474126174076928, "text": "Seriously is that Dolores Claiborne? https://t.co/sKQCQh6Yo2"}, {"author_id": 841818146801631232, "id": 1493221727228284928, "text": "@_dougoud There\u2019s a line from Dolores Claiborne \u201csometimes in life you have to be a bitch, sometimes being a bitch is all a woman has\u201d then giving Dolores the day off. Sometimes being nice isn\u2019t going to cut it. You are a super nice guy and if people want to be opinionated pay them no mind"}, {"author_id": 239555374, "id": 1493023778070142979, "text": "Check out this listing I just added to my #Poshmark closet: Dolores Claiborne By Stephen King Hardcover First Edition Novel Free Shipping. https://t.co/LGKL3ecOC2 #shopmycloset @poshmarkapp"}, {"author_id": 1210644928868605952, "id": 1492992061074817024, "text": "RT @Lillyanne20201: @Charofernandezr \"Sometimes, being a bitch is all a woman has to hang\u00a0onto\"\n\nDolores Claiborne- https://t.co/cLYJL9wpVX"}, {"author_id": 866353057470312448, "id": 1492965766085419012, "text": "@empressworld9 At first I though that said Dolores Claiborne! \ud83d\ude06\ud83e\udd2d"}, {"author_id": 1321441229297635331, "id": 1492951584317259786, "text": "\u26a1 OFERTA AMAZON \u26a1STEPHEN KING\n\n\ud83d\udcda Dolores Claiborne\n\ud83d\udd25 (R$32,56)\n\u27a1\ufe0f Compre aqui: https://t.co/1WSB1jAOzJ https://t.co/AeTNLe6IHi"}, {"author_id": 1428460279021506561, "id": 1492908209970900992, "text": "@dhp_mitchell @H0NEYRIVER 20-something years ago I watched Se7en and \u201cDolores Claiborne\u201d on the SAME DAY.  Not ready to rewatch either one."}, {"author_id": 84287095, "id": 1492902659069775877, "text": "@simonday I really loved The Talisman with Peter Straub. Bit of a coming of age story, but for all age groups.\n\nThe Stand is epic. Dolores Claiborne and Misery both superb. The Bachman Books and his other short stories are also real crowbars to prise your imagination open. IT too obvs."}, {"author_id": 24038210, "id": 1492812372540600321, "text": "@KellyScaletta Annie Wilkes and Dolores Claiborne"}]