[{"author_id": 1304456402325385216, "id": 1495006275595350017, "text": "That Don Juan DeMarco \ud83d\udcaa\ud83c\udffe"}, {"author_id": 3609992113, "id": 1494786177869565954, "text": "@XxBellaaa Love that movie. For me, Johnny as Don Juan in Don Juan DeMarco. Ufff. I\u2019m clapping cheeks https://t.co/tJAMBkbxPr"}, {"author_id": 3295903302, "id": 1494645156632535041, "text": "#NowPlaying \u201cHave You Ever Really Loved A Woman? (From \"Don Juan DeMarco\")\u201d by @bryanadams on #Anghami https://t.co/Uu9js6LVBa"}, {"author_id": 1241267046517784578, "id": 1494407682186428419, "text": "This is the song for the Don Juan DeMarco!! Great choise! I love it, and Johnny loves it, for sure! \u2764\ufe0f\u2764\ufe0f https://t.co/8YjkW5mC3h https://t.co/rDTXAT0N8n"}, {"author_id": 1285170319406309376, "id": 1494399491071430658, "text": "@jainaldiz The adjustment bureau 2011\nAbout time\nRegression \nThelma &amp; louise\nDon juan demarco\nAgora \nThe Devil's Advocate"}, {"author_id": 1297222666324246528, "id": 1494275307544666113, "text": "\"Have you really ever loved a woman\" from Brian Adams, played during the ceremony at the Palace of the Federation in Belgrade. It was the themesong from the film \"Don Juan DeMarco\".\nIf somebody knows the name of the band, please ad in the comments. TY\n\nhttps://t.co/ahOrDKtaMt"}, {"author_id": 4774534572, "id": 1494138320221360129, "text": "@iamzemuf @cobie Another good Depp movie is Don Juan Demarco, or Fear and Loathing ofc"}, {"author_id": 228747346, "id": 1493728908675633155, "text": "@amfmpm Another one: \u201cIt Might Hurt A Bit.\u201d Tori Amos and Michael Stipe did this song that was supposed to be on the DON JUAN DEMARCO soundtrack, then it was going to be in EMPIRE RECORDS. Now it\u2019s in a vault somewhere.\n\nhttps://t.co/RwmA7ywJ39"}, {"author_id": 1106282141133008897, "id": 1493636155060981761, "text": "Do you think Johnny knew the song they serenaded him with was from his movie \"Don Juan DeMarco\"?\ud83d\ude06\nProbably not, but it was so sweet of them to play it!\n\"Have You Ever Really Loved A Woman\" by Bryan Adams\nhttps://t.co/CIMYKG57Eu\n#JohnnyDepp #Serbia #MedalForMerit https://t.co/W780OdiQDk"}, {"author_id": 60617644, "id": 1493600355195797508, "text": "@amfmpm The Tori Amos and Michael Stipe song from Don Juan DeMarco.\n\nhttps://t.co/xLiz6J67Km"}, {"author_id": 60617644, "id": 1493600343548174342, "text": "The Tori Amos and Michael Stipe song from Don Juan DeMarco.\n\nhttps://t.co/xLiz6J67Km https://t.co/1uIqofqsyA"}, {"author_id": 4774534572, "id": 1493599855163416579, "text": "\u201cI never take my mask off in public. Do you understand the consequences of this!? \u201c Don Juan Demarco"}, {"author_id": 82238519, "id": 1493445702071980032, "text": "1. \"3000,\" the original, darker script that eventually became \"Pretty Woman.\"\n\n2. The original spec script for \"The Sweetest Thing.\"\n\n3. The song Michael Stipe &amp; Tori Amos did for \"Don Juan DeMarco.\" https://t.co/fCr9HOkTwt"}, {"author_id": 3132833276, "id": 1493441190208884738, "text": "Bryan Adams melts my heart evera time https://t.co/I9CgKbL7je"}, {"author_id": 14998587, "id": 1493416061886078977, "text": "Spending another Valentines alone with Don Juan DeMarco and a hand mirror."}, {"author_id": 1467558433884938249, "id": 1493415663402164232, "text": "@MaggieMaeFish Don Juan DeMarco~!!! Absolutely bizarre movie but god it's delightful. The sex scene in Matrix Reloaded is still my favorite tho \ud83d\ude0d"}, {"author_id": 4308641, "id": 1493404311610863617, "text": "RT @dordotson: The @toriamos and #MichaelStipe duet, entitled \"It Might Hurt A Bit.\" It was meant to be on the Don Juan deMarco soundtrack\u2026"}, {"author_id": 8619932, "id": 1493401531642691586, "text": "The @toriamos and #MichaelStipe duet, entitled \"It Might Hurt A Bit.\" It was meant to be on the Don Juan deMarco soundtrack but it was not.  No one has heard it and I feel like rumor has it that the master was perhaps destroyed in a fire?https://t.co/xlMhZGczs7 https://t.co/OuyIh66kFt"}, {"author_id": 1347699807826178049, "id": 1493345586178834442, "text": "RT @roaringrapids22: Johnny Depp as Don Juan DeMarco: \"There are only four questions of value in life... What is sacred? Of what is the spi\u2026"}, {"author_id": 707632116029231104, "id": 1493320796449783809, "text": "I can see it now on the silver screen, me holding him, him kissing me. Like Benny and Joon we\u2019ll run away, Don Juan Demarco, don\u2019t make me wait! A gent in denim, the one I adore. He looks like a king, and smells like Dior! If this is a dream, don\u2019t wake"}, {"author_id": 227315445, "id": 1493319939272454146, "text": "RT @roaringrapids22: Johnny Depp as Don Juan DeMarco: \"There are only four questions of value in life... What is sacred? Of what is the spi\u2026"}, {"author_id": 16901470, "id": 1493299866788843522, "text": "IT MIGHT HURT (A BIT), THE TORI AMOS AND MICHAEL STIPE DUET RECORDED FOR THE DON JUAN DEMARCO SOUNDTRACK! https://t.co/jPYQKYvra1"}, {"author_id": 2729925146, "id": 1493280357688365056, "text": "RT @roaringrapids22: Johnny Depp as Don Juan DeMarco: \"There are only four questions of value in life... What is sacred? Of what is the spi\u2026"}, {"author_id": 101859562, "id": 1493276951167049733, "text": "RT @roaringrapids22: Johnny Depp as Don Juan DeMarco: \"There are only four questions of value in life... What is sacred? Of what is the spi\u2026"}, {"author_id": 1262918705492746246, "id": 1493276641543573509, "text": "Johnny Depp as Don Juan DeMarco: \"There are only four questions of value in life... What is sacred? Of what is the spirit made? What is worth living for, and what is worth dying for? The answer to each is the same: only love.\"\n#HappyValentinesDay https://t.co/7hilV1YV55"}, {"author_id": 2885032023, "id": 1493072632375386115, "text": "@JohnnyDeppNFT Benny and Joon( one of my favs!) , CHOCOLATE , MOST definitely Don Juan Demarco, OR Finding Neverland would be just a few perfect valentine day movies for Depp heads to get together to watch.. I'd even say sleepy hollow \ud83d\ude09 just a little FYI"}, {"author_id": 1450229436406763530, "id": 1492923858579603467, "text": "\ud83c\uddec\ud83c\udde7\n\ud83d\udc98\ud83d\udccc WE'VE REACHED THE BIG FINAL!\nAfter de triumph of our beloved Captain Jack Sparrow on the last duel, we already have the two final participants for the final duel: Don Juan DeMarco and Jack Sparrow!\nWho would you like to be your Valentine's date? Vote for your favorite https://t.co/j6Ob6NmguE"}]