[{"author_id": 2345265150, "id": 1495284637924732928, "text": "RT @JacksonWang852: DOUBLE HAPPINESS..\nhttps://t.co/sYDXdGQm1q"}, {"author_id": 1470181445381537792, "id": 1495284171538935808, "text": "RT @JacksonWang852: DOUBLE HAPPINESS..\nhttps://t.co/sYDXdGQm1q"}, {"author_id": 1130358540772577280, "id": 1495276768936493065, "text": "RT @JacksonWang852: DOUBLE HAPPINESS..\nhttps://t.co/sYDXdGQm1q"}, {"author_id": 1066649538, "id": 1495274264924200966, "text": "RT @Monika_Dutt: My son told a friend who works at a local youth club that he\u2019d love a @FredVanVleet jersey. \n\nThe friend said, \u201cI collect\u2026"}, {"author_id": 1460647102246047744, "id": 1495269864205811712, "text": "RT @JacksonWang852: DOUBLE HAPPINESS..\nhttps://t.co/sYDXdGQm1q"}, {"author_id": 4660434571, "id": 1495260045927665665, "text": "MILLI Live at 88rising Double Happiness (The Weekend Remix, Not Yet, Mir... https://t.co/mWR7nvvoY2 via @YouTube\n\n\u0e22\u0e34\u0e48\u0e07\u0e01\u0e27\u0e48\u0e32"}, {"author_id": 1157975116866715648, "id": 1495258115096576002, "text": "RT @JacksonWang852: DOUBLE HAPPINESS..\nhttps://t.co/sYDXdGQm1q"}, {"author_id": 717034806106660865, "id": 1495257527537315841, "text": "RT @kizami_Fejira: Double happiness for the twin maidens! https://t.co/Pg1R0ZgKao"}, {"author_id": 38867265, "id": 1495255730756145154, "text": "RT @JacksonWang852: DOUBLE HAPPINESS..\nhttps://t.co/sYDXdGQm1q"}, {"author_id": 723277458, "id": 1495253778664083457, "text": "Dear @VidyutJammwal sir, it's not a single celebration today but a double treat to enjoy as our Jammwalion @1998usama turned one more year older today.\nDear Usama, blessings and happiness from entire #JammwalionFamily https://t.co/ABFjBpeo1g"}, {"author_id": 1427122788700200963, "id": 1495246889356255234, "text": "@ScottPalmer61 Losing a friend is a double edged sword. Sad because of the loss; memories that only you and your friend shared; and happiness that you had those great times together. I wish you both peace."}, {"author_id": 1031820733691744262, "id": 1495232804288106497, "text": "Jackson Wang Live at 88rising Double Happiness (Drive You Home, LMLY) \u2014 ... https://t.co/aKBcgXzJMM \u0e1c\u0e48\u0e32\u0e19 @YouTube \n\n#JacksonWang #TEAMWANG  \n#GOT7 @JacksonWang852"}, {"author_id": 1492155998106263555, "id": 1495231253527904269, "text": "RT @TheAmazeWorld: Double your happiness with family or friends by booking your trip with Amaze World, it gives you access to easily share\u2026"}, {"author_id": 1429131856511848448, "id": 1495216053336494085, "text": "RT @JacksonWang852: DOUBLE HAPPINESS..\nhttps://t.co/sYDXdGQm1q"}, {"author_id": 1489392023752917000, "id": 1495214041991626764, "text": "RT @JacksonWang852: DOUBLE HAPPINESS..\nhttps://t.co/sYDXdGQm1q"}, {"author_id": 249568361, "id": 1495212640053850112, "text": "RT @suppacile: Whatta lovely morning\ud83e\udd70\nIt feels different.. When you found your own ig ads!! Double happiness!!\n\n@MSuppasit\n#Before430\n#\u0e21\u0e34\u0e27\u2026"}, {"author_id": 1269242139793223681, "id": 1495212207746863105, "text": "Whatta lovely morning\ud83e\udd70\nIt feels different.. When you found your own ig ads!! Double happiness!!\n\n@MSuppasit\n#Before430\n#\u0e21\u0e34\u0e27\u0e28\u0e38\u0e20\u0e28\u0e34\u0e29\u0e0f\u0e4c\n#MewSuppasit https://t.co/YqxPbcS6qs"}, {"author_id": 1021537135881531392, "id": 1495192086689107972, "text": "RT @kizami_Fejira: Double happiness for the twin maidens! https://t.co/Pg1R0ZgKao"}, {"author_id": 4362960793, "id": 1495184352485023751, "text": "RT @kizami_Fejira: Double happiness for the twin maidens! https://t.co/Pg1R0ZgKao"}, {"author_id": 1300551814044094465, "id": 1495176452458876934, "text": "RT @queenariexx: New talons have been bitch funded by a good slut with a pair of very sore and red balls. Continue to spend your time and d\u2026"}, {"author_id": 1043152964716781569, "id": 1495173476990263297, "text": "RT @kizami_Fejira: Double happiness for the twin maidens! https://t.co/Pg1R0ZgKao"}, {"author_id": 24804497, "id": 1495170186219069443, "text": "RT @ObiWanShinobiDJ: Playlists exported. Ready to tear shit up at Skully's and Double Happiness tonight"}, {"author_id": 53563002, "id": 1495168979245178889, "text": "Playlists exported. Ready to tear shit up at Skully's and Double Happiness tonight"}, {"author_id": 1418860516668227589, "id": 1495168866598723586, "text": "People stuck for hours on a rollercoaster named \"Ride to Happiness\" under very unpleasant circumstances.\n\nI think we all agree this is terrible, but will it really be worse than seeing your double Arsenal clean sheet wiped out in the 93rd min? Right, I don't think so either.\n#FPL https://t.co/UPmiULm9Xo"}, {"author_id": 28980128, "id": 1495153873383792648, "text": "@DonnaLeigh5557 Posting about your anniversary is in no way insensitive. Other people's happiness, success, luck, etc. makes me happy for them and is a boost to my life as well. Congratulations and happy anniversary. As the saying goes, shared joy is double joy and shared sorrow is half sorrow."}, {"author_id": 1411023362680311812, "id": 1495152502416756737, "text": "RT @teamwangofcl: \u201cDrive\u00a0You\u00a0Home\u201d\u00a0\u201cLMLY\u201d\u00a0Live\u00a0Performance\n@JacksonWang852\u00a0on\u00a0DOUBLE\u00a0HAPPINESS\u00a02022\ud83d\ude80\u00a0@88rising \n.\nYOUTUBE\u00a0LINK\ud83d\udc47\nhttps://t.c\u2026"}, {"author_id": 22336063, "id": 1495146266178768898, "text": "RT @Monika_Dutt: My son told a friend who works at a local youth club that he\u2019d love a @FredVanVleet jersey. \n\nThe friend said, \u201cI collect\u2026"}, {"author_id": 15493820, "id": 1495146165184118785, "text": "RT @Monika_Dutt: My son told a friend who works at a local youth club that he\u2019d love a @FredVanVleet jersey. \n\nThe friend said, \u201cI collect\u2026"}, {"author_id": 212444736, "id": 1495145323110580225, "text": "My son told a friend who works at a local youth club that he\u2019d love a @FredVanVleet jersey. \n\nThe friend said, \u201cI collect jerseys. Give me a minute.\u201d\n\nAnd he gave him a jersey, signed by\u2026 @mopete24 \ud83e\udd29\n\nDouble happiness for a kid who refuses to take off the jersey\u2026for anything. https://t.co/8wqkPa2XkX"}, {"author_id": 954194293, "id": 1495132151729520640, "text": "DO YOU HATE HAPPINESS WHERE ARE THE SIMPLE WORDS NOW WE HAVE DOUBLE LETTERS BRITISH WORDS AND VERBS LIKE FUCK U"}, {"author_id": 19086139, "id": 1495127714243694596, "text": "@BenjaminOsborne The elusive daily double! Enjoy the glory. Bask in the happiness"}, {"author_id": 2260018628, "id": 1495121465225719810, "text": "Joy, Happiness and Double\u00a0Delight https://t.co/7LSfHvqqsQ"}, {"author_id": 1885450561, "id": 1495119432963616768, "text": "RT @kizami_Fejira: Double happiness for the twin maidens! https://t.co/Pg1R0ZgKao"}, {"author_id": 1227270482791038976, "id": 1495119011557875715, "text": "@Daltie07 Just waiting for Real madrid to double my happiness."}, {"author_id": 1167347001727606784, "id": 1495114294094180360, "text": "And despite the staff vax mandates, the double testing of all visitors, they are STILL getting 'cases'. Almost as though this virus can't be stopped. So if all the mitigations don't work (they don't) let them live their final months with happiness love and laughter!"}, {"author_id": 1468957562544345096, "id": 1495108076285878273, "text": "@TarzTweetler 'Shuan Xi' is two characters for 'happiness', which translates as 'double happiness' or 'great happiness'"}, {"author_id": 1420022463904329737, "id": 1495107382975897600, "text": "It's alleged that sending a woman money releases double to triple the amount of dopamine in your brain that is the same reaction of your first hit ecstacy\nThis is one of the limited and healthiest ways of getting high on happiness without damaging your body in the long run. https://t.co/gBpd7VA2c0"}, {"author_id": 3151079761, "id": 1495105029380141056, "text": "RT @JacksonWang852: DOUBLE HAPPINESS..\nhttps://t.co/sYDXdGQm1q"}, {"author_id": 1077586385949810688, "id": 1495102852175659009, "text": "RT @JacksonWang852: DOUBLE HAPPINESS..\nhttps://t.co/sYDXdGQm1q"}, {"author_id": 996237517698543616, "id": 1495099920436580363, "text": "We dunked a double L over Islamabad's head \ud83d\ude2d\ud83d\ude2d\ud83d\ude2d\ud83d\ude2d the purest form of happiness"}, {"author_id": 845848410460610563, "id": 1495096626574200834, "text": "RT @JacksonWang852: DOUBLE HAPPINESS..\nhttps://t.co/sYDXdGQm1q"}, {"author_id": 166598423, "id": 1495095956781641729, "text": "Pair some fragrant snow pear with nourishing snow fungus for a \u2018double snow happiness\u2019 https://t.co/RnO7wert2T"}, {"author_id": 20578421, "id": 1495095756927160328, "text": "@KentonCool Double Happiness"}, {"author_id": 1299356843265974274, "id": 1495094909602250760, "text": "RT @JacksonWang852: DOUBLE HAPPINESS..\nhttps://t.co/sYDXdGQm1q"}, {"author_id": 1334503282417524736, "id": 1495093446155059201, "text": "RT @fatemamazhar786: @GulfBreadCheeks @gulfkanawut aww you remember \ud83d\udc95\ud83e\udd7a\ud83d\ude18yeah heheh s happy to be twin with hazard its double happiness \n\nHap\u2026"}, {"author_id": 1334502651132833792, "id": 1495091444238987267, "text": "RT @fatemamazhar786: @GulfBreadCheeks @gulfkanawut aww you remember \ud83d\udc95\ud83e\udd7a\ud83d\ude18yeah heheh s happy to be twin with hazard its double happiness \n\nHap\u2026"}, {"author_id": 1376065056, "id": 1495088432451751938, "text": "Pillock\u2019s bloop double in game 6 was the last time I experienced happiness https://t.co/6F4TGsfyGe"}, {"author_id": 41272037, "id": 1495087515090374659, "text": "Loved hosting art historian and writer Eva Diaz\u2019s art criticism students from Pratt here at the gallery *twice* yesterday! Double happiness. \ud83d\ude07\ud83d\ude07\n\u2022\n#prattinstitute @prattinstitute #evadiaz @ Minus Space https://t.co/61UPRa5baR"}, {"author_id": 185738485, "id": 1495087212802805760, "text": "RT @fatemamazhar786: @GulfBreadCheeks @gulfkanawut aww you remember \ud83d\udc95\ud83e\udd7a\ud83d\ude18yeah heheh s happy to be twin with hazard its double happiness \n\nHap\u2026"}, {"author_id": 1243006741387907075, "id": 1495086985077305352, "text": "RT @queenariexx: New talons have been bitch funded by a good slut with a pair of very sore and red balls. Continue to spend your time and d\u2026"}, {"author_id": 1285854549631262720, "id": 1495085976007462912, "text": "RT @fatemamazhar786: @GulfBreadCheeks @gulfkanawut aww you remember \ud83d\udc95\ud83e\udd7a\ud83d\ude18yeah heheh s happy to be twin with hazard its double happiness \n\nHap\u2026"}, {"author_id": 747921054736257024, "id": 1495083999479406597, "text": "@GulfBreadCheeks @gulfkanawut aww you remember \ud83d\udc95\ud83e\udd7a\ud83d\ude18yeah heheh s happy to be twin with hazard its double happiness \n\nHappy Birthday HAZARD\n#Hazard1stBday \n#GulfKanawut"}, {"author_id": 1471729920762171393, "id": 1495079332515090439, "text": "@m23cartoons They deserve all the love and happiness. And possibly double-dates with other monster-and-minion couples."}, {"author_id": 1401556830208380931, "id": 1495076895842574344, "text": "RT @kizami_Fejira: Double happiness for the twin maidens! https://t.co/Pg1R0ZgKao"}, {"author_id": 1141742108807745539, "id": 1495068126916091914, "text": "RT @kizami_Fejira: Double happiness for the twin maidens! https://t.co/Pg1R0ZgKao"}, {"author_id": 3305309365, "id": 1495068049871093760, "text": "Double happiness hari ini.. indonesia menang, persija juga menang\ud83d\ude04 seems like i'm gonna have a sweet dream tonight"}, {"author_id": 800443794722156544, "id": 1495063147832508417, "text": "RT @kizami_Fejira: Double happiness for the twin maidens! https://t.co/Pg1R0ZgKao"}, {"author_id": 1305110370634231808, "id": 1495063123446874114, "text": "Double happiness for the twin maidens! https://t.co/Pg1R0ZgKao"}, {"author_id": 2921733491, "id": 1495059278041915394, "text": "RT @fitrahhanim2: Double happiness @jaybnow_hr  @GOTYJ_Ars_Vita https://t.co/wm1jnJEfjR"}, {"author_id": 102391509, "id": 1495058100285583360, "text": "Double the weekend happiness with some delicious Apple Crumble Pie from @vakkoramacafe https://t.co/3R3XwngJBJ"}, {"author_id": 1486917372267360257, "id": 1495054351743975424, "text": "RT @AngelMetaverse_: \u2763\ufe0fAngelMetaverse &amp; WaifuMoeNFT\u2763\ufe0f \nSurprise\ud83c\udf89\nDouble happiness Double #NFTwaifu\nWin 5 [#GodHood] WL &amp; 5 WaifuMoe WL spot\u2026"}, {"author_id": 1418243189346025480, "id": 1495053130911916039, "text": "Same. I feel like I won't ever have a chance to actually go to one (or even a chance to win an online one so in this is a double benefit) so I am way too happy with this kind of fansign events.\ud83e\udd72 like I can taste a little bit of happiness too thanks to others fans \ud83d\udc9b https://t.co/BlN2i43oF0"}, {"author_id": 1407732567453802498, "id": 1495050048119336964, "text": "Nalla nei kozhanda maari irukeenga..Neenga single ah?\nAma..\nAppo namma double aakida vendiyathu than\ud83d\ude02\nThe Happiness when you realize your girl is single and you have a chance!\ud83d\ude02\u2728 https://t.co/a46fRIYXJj"}, {"author_id": 1455412215222181888, "id": 1495045787490783241, "text": "RT @JacksonWang852: DOUBLE HAPPINESS..\nhttps://t.co/sYDXdGQm1q"}, {"author_id": 330901199, "id": 1495039999082840068, "text": "RT @fitrahhanim2: Double happiness @jaybnow_hr  @GOTYJ_Ars_Vita https://t.co/wm1jnJEfjR"}, {"author_id": 1454832863552045060, "id": 1495033237818675206, "text": "RT @fitrahhanim2: Double happiness @jaybnow_hr  @GOTYJ_Ars_Vita https://t.co/wm1jnJEfjR"}, {"author_id": 216523741, "id": 1495031642972463107, "text": "RT @fitrahhanim2: Double happiness @jaybnow_hr  @GOTYJ_Ars_Vita https://t.co/wm1jnJEfjR"}, {"author_id": 1219840442960793600, "id": 1495030223858855937, "text": "Double happiness @jaybnow_hr  @GOTYJ_Ars_Vita https://t.co/wm1jnJEfjR"}, {"author_id": 2725445690, "id": 1495023924534734851, "text": "RT @JacksonWang852: DOUBLE HAPPINESS..\nhttps://t.co/sYDXdGQm1q"}, {"author_id": 60111050, "id": 1495016276917469187, "text": "RT @GeraldCrack: #Ad Good vibes, nature and happiness \ud83d\udc8e. With Smirnoff Ice Pineapple Punch \ud83c\udf4d and double black \ud83e\udd43. Kicking back and taking a\u2026"}, {"author_id": 1212041522033483776, "id": 1495015680051007489, "text": "RT @daddiesarchive: Dear our beloved twins, Richard &amp; Richelle\ud83d\udc6b\ud83c\udffb\n\nThose sparkling eyes surely double the happiness of people around as you\u2026"}, {"author_id": 1495014448922181634, "id": 1495014960174227456, "text": "RT @JacksonWang852: DOUBLE HAPPINESS..\nhttps://t.co/sYDXdGQm1q"}, {"author_id": 344820262, "id": 1495013719344136201, "text": "New artwork for sale! - \"Double Happiness\" - https://t.co/wVhFzbEYy7 @fineartamerica https://t.co/gUrPPOsS7L"}, {"author_id": 1223858204708225026, "id": 1495011552025772032, "text": "RT @daddiesarchive: Dear our beloved twins, Richard &amp; Richelle\ud83d\udc6b\ud83c\udffb\n\nThose sparkling eyes surely double the happiness of people around as you\u2026"}, {"author_id": 1493973370920071169, "id": 1495007450155524096, "text": "@remana22 OHHHHHHHH.Double happiness!"}, {"author_id": 1263753153578590209, "id": 1495006245949886468, "text": "RT @daddiesarchive: Dear our beloved twins, Richard &amp; Richelle\ud83d\udc6b\ud83c\udffb\n\nThose sparkling eyes surely double the happiness of people around as you\u2026"}, {"author_id": 1468569451583123458, "id": 1495004804216590346, "text": "People of Canada has chosen a Hypocrite, Liar and a man with Double standards to Rule their country. I urge to people of Canada that they should continue to protest as it is their Right, We indians are with them in their moments of Happiness and Sadness. #TruckersForFreedom https://t.co/Dpj7sCjleL"}, {"author_id": 1488049612430594050, "id": 1495003856064897024, "text": "Thank you sir renz for double happiness highest grade!\ud83e\udd20"}, {"author_id": 4880754315, "id": 1495001021835362304, "text": "I say double happiness. Love dogs. \ud83d\ude0d\ud83d\ude18\u2764 https://t.co/exgUSe6kbn"}, {"author_id": 1419189615408209921, "id": 1494999518185922560, "text": "@ShamTakumi phewww..mana dapat rokok double happiness tu??"}, {"author_id": 231051392, "id": 1494998233042792452, "text": "RT @JacksonWang852: DOUBLE HAPPINESS..\nhttps://t.co/sYDXdGQm1q"}, {"author_id": 1286289112626950144, "id": 1494998205301673987, "text": "RT @daddiesarchive: Dear our beloved twins, Richard &amp; Richelle\ud83d\udc6b\ud83c\udffb\n\nThose sparkling eyes surely double the happiness of people around as you\u2026"}, {"author_id": 1355764020674875394, "id": 1494997849213648896, "text": "RT @JacksonWang852: DOUBLE HAPPINESS..\nhttps://t.co/sYDXdGQm1q"}, {"author_id": 1249991500131266560, "id": 1494997232441245696, "text": "RT @daddiesarchive: Dear our beloved twins, Richard &amp; Richelle\ud83d\udc6b\ud83c\udffb\n\nThose sparkling eyes surely double the happiness of people around as you\u2026"}, {"author_id": 1217440598103187456, "id": 1494985370563674112, "text": "RT @chartsjackson: #JacksonWang\u2019s performance of LMLY &amp; DYH on 88rising Double Happiness has surpassed 1 million views on Youtube in less t\u2026"}, {"author_id": 1362061078641799172, "id": 1494985070159233025, "text": "RT @daddiesarchive: Dear our beloved twins, Richard &amp; Richelle\ud83d\udc6b\ud83c\udffb\n\nThose sparkling eyes surely double the happiness of people around as you\u2026"}, {"author_id": 1487206011500859392, "id": 1494983920785367040, "text": "RT @JacksonWang852: DOUBLE HAPPINESS..\nhttps://t.co/sYDXdGQm1q"}, {"author_id": 1349079624207228928, "id": 1494975672711880706, "text": "double happiness https://t.co/FCDqAo7QqL"}]