[{"author_id": 1402816701473857536, "id": 1495280052908400641, "text": "@BloxByteGames @aqualorsy Dragonheart."}, {"author_id": 1259967003856703500, "id": 1495244994969575424, "text": "RT @hanimitsuu: dragonheart https://t.co/5BIWop2ze7"}, {"author_id": 2268100483, "id": 1495235766812909570, "text": "How can there be a sequel to Dragonheart if the last Dragon dies??? I don't get it. I'm not watching any of the others. POINTLESS!"}, {"author_id": 954478604255223808, "id": 1495225834742951936, "text": "RT @hanimitsuu: dragonheart https://t.co/5BIWop2ze7"}, {"author_id": 1278368686324289537, "id": 1495225492500365314, "text": "RT @hanimitsuu: dragonheart https://t.co/5BIWop2ze7"}, {"author_id": 1315824793, "id": 1495220830619553800, "text": "RT @WrestlingTk: Tag Teams, oh yes... Tag Teams... We got 6 premier tag teams &amp; 2 open slots... Who will become the first BMW Tag Team Cham\u2026"}, {"author_id": 1002044414787665920, "id": 1495204314167463936, "text": "DragonHeart: Fire &amp; Steel is better than The Legend of Zelda: Ocarina of Time"}, {"author_id": 1376202538295377925, "id": 1495197024144211971, "text": "@MamaOfRandN @JasonIsaacsNews Dragonheart (1996) Absolutely phenomenal movie! 26 years later &amp; I still bawl at the ending like a guy taking a fast-pitch baseball direct hit to the gonads. Brilliant movie. Sean Connery was the voice of Draco, also stars Dennis Quaid, David Thewlis, Jason Issacs, Dina Meyer. https://t.co/1E4bziyUDv"}, {"author_id": 724944055084404736, "id": 1495196365214859269, "text": "@BLong1864 I'm looking forward to #DragonHeart this week because I thought we were terrific! I'm giving you fair warning that I'm going to go for you!"}, {"author_id": 1376202538295377925, "id": 1495195742524383237, "text": "@MamaOfRandN @JasonIsaacsNews Never seen Dragonheart??? https://t.co/Qga39rvJk4"}, {"author_id": 1570990892, "id": 1495195401753964550, "text": "@HarmonyWhitlock @JasonIsaacsNews I haven\u2019t seen dragonheart \u2026 had to just google it now"}, {"author_id": 1415814175939448834, "id": 1495171984178565120, "text": "@SogaWild @Djevelen_i_meg @DoctorNett @TelvanniMagic @nightprevails \n\nPost 2 comfort characters and tag 5 moots to do the same. \n\nSpider-Man \n\nBowen from Dragonheart https://t.co/8nP0Nk9bNP"}, {"author_id": 2827945029, "id": 1495123387558940678, "text": "In case you're curious, it's specifically:\n\nNight Rains Black + Affinity Boost II\n\nSpiral Thrust + Shield Charge + Insta-Block\n\nFortify 1\nHeroics 5\nWeakness Exploit 3\nGuard Up 2\nOffensive Guard 3\nDragonheart 1\nStun Resistance 3\nMaster's Touch 3\nConstitution 3"}, {"author_id": 3040068274, "id": 1495108074079756290, "text": "Band updated: Dragonheart https://t.co/0qnmvN950l"}, {"author_id": 1250921863590658049, "id": 1495104678073352192, "text": "How could a movie with this kind of chaotic imagery go so unnoticed (Dragonheart Vengeance) https://t.co/HTsSnX4QxC"}, {"author_id": 1450526762245443585, "id": 1495099089121386503, "text": "(3) Dragonheart: Vengeance | Seeking the Dragon's Favor | Own it 2/4 on Blu-... : OMENOFDEATH777 https://t.co/BIRxc8oXCT via @pinterest"}, {"author_id": 1433484620310450177, "id": 1495098876138868740, "text": "I just posted \"(3) Dragonheart: Vengeance | Seeking the Dragon's Favor | Own it 2/4 on Blu-... : OMENOFDEATH777\" on Reddit\n\nhttps://t.co/zF7JrgWzzp"}, {"author_id": 1433484620310450177, "id": 1495098301858856967, "text": "I just posted \"(3) Dragonheart: Vengeance | Seeking the Dragon's Favor | Own it 2/4 on Blu-... : OMENOFDEATH777\" on Reddit\n\nhttps://t.co/U6dDtlWgYt"}, {"author_id": 1433484620310450177, "id": 1495097815399374858, "text": "I just posted \"Dragonheart: Vengeance | Seeking the Dragon's Favor | Own it 2/4 on Blu-...\" on Reddit\n\nhttps://t.co/MtTQYjXxwu"}, {"author_id": 176314640, "id": 1495091382402301954, "text": "@Naz_Dragonheart @SingularityJosh Always !!"}, {"author_id": 1257697716555128833, "id": 1495083068348145678, "text": "One of my all-time fav scores\n\nDragonheart Theme - Finale https://t.co/eFklhhmblY via @YouTube"}, {"author_id": 1433484620310450177, "id": 1495064992672059399, "text": "I just posted \"DRAGONHEART Official Trailer (2017) Battle for the Heartfire Dragons Mov...\" on Reddit\n\nhttps://t.co/Gxe4pSUCaZ"}, {"author_id": 257870048, "id": 1495051929839362049, "text": "RT @m_griffiths92: Here's today's #DragonHeart podcast in video and audio.\n\ud83d\udcfahttps://t.co/cgCCKKZLeM\n\ud83c\udf99\ufe0fhttps://t.co/IoAcZVTh6I"}, {"author_id": 1458591050281402375, "id": 1495043793527181312, "text": "RT @ParkerDragohrt3: Updated: Here\u2019s the new and improved slutty Thunder Dragon King!\n\n\u26a1\ufe0fZytherious Dragonheart!\u26a1\ufe0f\n\n\u26a1\ufe0fYou wish to prove you\u2026"}, {"author_id": 930931544692350976, "id": 1495017462877802500, "text": "RT @WrestlingTk: Tag Teams, oh yes... Tag Teams... We got 6 premier tag teams &amp; 2 open slots... Who will become the first BMW Tag Team Cham\u2026"}, {"author_id": 1122182380675059713, "id": 1495017271865053187, "text": "Tag Teams, oh yes... Tag Teams... We got 6 premier tag teams &amp; 2 open slots... Who will become the first BMW Tag Team Champions?\n\nThe Manson Family vs. Dark Order\nIshizu Diamonds vs. Violent By Design\nXXXL vs. Dragonheart &amp; Dragior\n? vs. ?\n\nIf you want in the tournament, DM Me. https://t.co/Rp0ZiFBhe4"}, {"author_id": 1387750887343394818, "id": 1495009068976680965, "text": "@m_griffiths92 @WealdstoneFC @Wrexham_AFC What a about an annual Dragonheart Wrexham AFC quiz. Maybe invite the other podcasts to take part? https://t.co/vFpyaMXZ3d"}, {"author_id": 1252509849130283008, "id": 1494996156971208707, "text": "@Film4 Dragonheart or Queen of the Damned https://t.co/7uGwSWHN1l"}, {"author_id": 24352594, "id": 1494994293563527171, "text": "RT @m_griffiths92: Here's today's #DragonHeart podcast in video and audio.\n\ud83d\udcfahttps://t.co/cgCCKKZLeM\n\ud83c\udf99\ufe0fhttps://t.co/IoAcZVTh6I"}, {"author_id": 840579253, "id": 1494993843837624325, "text": "@Naz_Dragonheart Hell Yeah! \ud83d\udd25 https://t.co/024R1BoI2v"}, {"author_id": 840579253, "id": 1494993080528871429, "text": "@Naz_Dragonheart You are right, that is a 10/10 tweet! \ud83d\ude0d https://t.co/dc2AQbdt5S"}, {"author_id": 840579253, "id": 1494990661485006850, "text": "@Naz_Dragonheart That is a good score, Thank you. \n\nI would like some feedback on what I could have done better to make it a good 10/10?"}, {"author_id": 1482793223525486593, "id": 1494964885666607109, "text": "RT @m_griffiths92: Here's today's #DragonHeart podcast in video and audio.\n\ud83d\udcfahttps://t.co/cgCCKKZLeM\n\ud83c\udf99\ufe0fhttps://t.co/IoAcZVTh6I"}, {"author_id": 747276951287566337, "id": 1494916810554187781, "text": "It is a testament to David Thewlis's prowess as an actor that the 1st things I saw him in were Dragonheart and The Island of Dr. Moreau, objectively terrible movies, but I immediately fell in love and knew he was great."}, {"author_id": 1228078158445977603, "id": 1494773207588605959, "text": "Dragonheart 69 | The Ben Tozer Physics\u00a0Challenge https://t.co/0sXYQwsOif"}, {"author_id": 724944055084404736, "id": 1494763654591492099, "text": "Here's today's #DragonHeart podcast in video and audio.\n\ud83d\udcfahttps://t.co/cgCCKKZLeM\n\ud83c\udf99\ufe0fhttps://t.co/IoAcZVTh6I"}, {"author_id": 51153668, "id": 1494754103804768258, "text": "@BlaiseMcCoyLTD @Livewire_Yella @theCougarSylvir @CharmCity93 @DrumMonkey82 @ShiftyPDW @Toxic_Efedder Dragonheart: oh I'm so looking forward to this!"}, {"author_id": 1433484620310450177, "id": 1494748960375853056, "text": "I just posted \"Dragonheart: Vengeance | Seeking the Dragon's Favor | Own it 2/4 on Blu-...\" on Reddit\n\nhttps://t.co/RkPZRloa1s"}, {"author_id": 724944055084404736, "id": 1494745566244483079, "text": "@paulmwrexham @Wrexham_AFC I've just checked it again on a couple of devices and it's working fine - you do mean the Dragonheart called \"You Gotta Have Faith\"?"}, {"author_id": 1433484620310450177, "id": 1494744899979198469, "text": "I just posted \"Dragonheart: Vengeance | Seeking the Dragon's Favor | Own it 2/4 on Blu-...\" on Reddit\n\nhttps://t.co/vLk9msJOKK"}, {"author_id": 1433484620310450177, "id": 1494744140629917704, "text": "I just posted \"DRAGONHEART 5: VENGEANCE Teaser Trailer (2020)\" on Reddit\n\nhttps://t.co/ArBNdlogOO"}, {"author_id": 3309440853, "id": 1494734853505523728, "text": "#COBRAdeals--\nDRAGONHEART Collection, $18 - https://t.co/vHHnLFOoh5 https://t.co/MmSACQymp6"}, {"author_id": 24352594, "id": 1494716822544920577, "text": "In today's #DragonHeart, @Wrexhamchay, @BLong1864 &amp; @m_griffiths92 discuss the .@Wrexham_AFC win against Boreham Wood, preview a big week, wonder if @tozer_ben can defy physics and remember the legendary 1997 win at Birmingham.  \n\n\ud83d\udcfb@CalonFM at 7\n\ud83d\udcfa\ud83c\udf99\ufe0fPodcast at 8"}, {"author_id": 28352324, "id": 1494710626496647173, "text": "Zigfried Dragonheart knows no fear... generally speaking. https://t.co/djXXF0lqmQ, https://t.co/iCwt4jyGQn, #SCBWI, #KidLit, #ChildrensBooks, #MiddleGrade, #PictureBooks, #FairyTales, #Mythology https://t.co/luEVYuQTQy"}, {"author_id": 47947086, "id": 1494674584712404995, "text": "@Naz_Dragonheart I'm feeling a lot better today! Still have the pressure around my sinuses but no tooth ache \ud83d\ude0c"}, {"author_id": 575243779, "id": 1494660871389339653, "text": "Check out Dragonheart WideVision Movie Trading card sealed foil packet by Topps 1996  https://t.co/q36hoBKPYf @eBay \u00e1ltal"}, {"author_id": 1318087348458979331, "id": 1494658698090020868, "text": "RT @ParkerDragohrt3: Updated: Here\u2019s the new and improved slutty Thunder Dragon King!\n\n\u26a1\ufe0fZytherious Dragonheart!\u26a1\ufe0f\n\n\u26a1\ufe0fYou wish to prove you\u2026"}, {"author_id": 1011746870077657088, "id": 1494608860350455811, "text": "Come check out the great @Naz_Dragonheart being super sneaky and showing YOU how to be the best Solid Snake https://t.co/PNd8phB7SI"}, {"author_id": 1252509849130283008, "id": 1494590921312251990, "text": "RT @dragonheart96_s: Link to the #dragonheart fan group:\n\nhttps://t.co/9pboczJJHQ"}, {"author_id": 1414745923142496257, "id": 1494587022358499328, "text": "RT @ParkerDragohrt3: Updated: Here\u2019s the new and improved slutty Thunder Dragon King!\n\n\u26a1\ufe0fZytherious Dragonheart!\u26a1\ufe0f\n\n\u26a1\ufe0fYou wish to prove you\u2026"}, {"author_id": 1493509447624413185, "id": 1494587017447067648, "text": "Link to the #dragonheart fan group:\n\nhttps://t.co/9pboczJJHQ"}, {"author_id": 1250420138307809281, "id": 1494567362888192047, "text": "Yesterday I gave you an image prompted from \"Dragonheart\".\nToday's guest appearance comes from outer space. Who is this 80s sitcom mascot? https://t.co/t9e9u1z27C"}, {"author_id": 1248503196483334149, "id": 1494560999726370821, "text": "The City Of Prague Philharmonic Orchestra - Theme From \"Dragonheart\""}, {"author_id": 3307864882, "id": 1494511200922750977, "text": "RT @WilliamBibbiani: DRAGONHEART."}, {"author_id": 80921082, "id": 1494495150562635776, "text": "DRAGONHEART. https://t.co/540G2jOX3g"}, {"author_id": 1474480987656626179, "id": 1494494259029979138, "text": "RT @Lolipopgi_: Oh, the final gift was Dragonheart, the 5 Movie Collection (yes 5) on blu-ray. wHy JoSh"}, {"author_id": 39642164, "id": 1494489901055807488, "text": "DRAGONHEART score makes me levitate, the finale \u201cTo the Stars\u201d briefly makes me feel like i\u2019m watching THE TREE OF LIFE lol https://t.co/lDyb09UAk6"}, {"author_id": 1114269462692278272, "id": 1494471867083673600, "text": "@KoitsuShima About the only really famous one I know of thanks to the late and great Sir Sean Connery is Dragonheart, since I don't recall Christian Bale's Reign of Fire being that popular in the box office or the culture at large haha."}, {"author_id": 1491458440740360201, "id": 1494449587645472768, "text": "That is Godzilla c.2014 - Angels lock me up as #Dragonheart as a freak of nature"}, {"author_id": 1140601705, "id": 1494400260759822336, "text": "Waterworld, Hanna, Dragonheart, First Knight\n\n(And 3 out of 4 will tell you what kind of movies I saw at the theater in the 90s.) https://t.co/fqVp2JErL2"}, {"author_id": 42705767, "id": 1494379552004575238, "text": "#NowWatching DRAGONHEART https://t.co/2khXWKf35h"}, {"author_id": 1193671768923205633, "id": 1494378609179430912, "text": "It\u2019s DragonHeart but we replace the third act with the second act from Factory Girl. I call it, DragonHeart: Revenge."}, {"author_id": 937527626222235654, "id": 1494374652960989192, "text": "@Lolipopgi_ WHY ARE THERE 5 DRAGONHEART MOVIES?  WHY?? .... though that said, since they do exist, Loli you should definitely own them on blu-ray."}, {"author_id": 1331204832078737408, "id": 1494341301713702914, "text": "@BBCsarahsmith I think he might have been watching too much Dragonheart - I am sure you would make a magnificent dragon - go dragon lady!"}, {"author_id": 577686799, "id": 1494341156343214093, "text": "Oh, the final gift was Dragonheart, the 5 Movie Collection (yes 5) on blu-ray. wHy JoSh"}, {"author_id": 2157648726, "id": 1494295546886082564, "text": "@Naz_Dragonheart Unfortunately I don\u2019t see it affecting sales too much. It\u2019s an amount that people would be more than happy to just whack on a credit card and whilst I have absolutely no ill judgement of that, it\u2019s not a lifestyle I personally adopt."}, {"author_id": 2157648726, "id": 1494294418609913859, "text": "@Naz_Dragonheart It\u2019s painful, like that\u2019s not a small amount of money. It\u2019s not even a case of I\u2019ll get one and not the other just yet. I genuinely can\u2019t justify either!"}, {"author_id": 47947086, "id": 1494293166811398147, "text": "@Naz_Dragonheart My sinuses are inflamed too but once these meds kick in, hopefully! \ud83d\ude05"}, {"author_id": 1287373719313223686, "id": 1494290947143778305, "text": "Dragonheart https://t.co/lZrn72lEtx"}, {"author_id": 1077907068248641536, "id": 1494282868050300939, "text": "@KoitsuShima I checked, the actual title is Dragonheart. It was just translated as Ostatni Smok (The Last Dragon) in Polish dubbing version that's why I remember the title that way."}, {"author_id": 1356703364, "id": 1494275836312236037, "text": "@AliPlumb Dragonheart by Randy Edelman. I have to concede that the world doesn\u2019t see it as the five star film I do."}, {"author_id": 724944055084404736, "id": 1494266769271369731, "text": "Here's our weekly #Dragonheart subjects:\n\u26bd\ufe0fWhat were the most bizarre/memorable weather conditions you've experienced at a @Wrexham_AFC game?\n\u26bd\ufe0fWhat memories do you have of the epic 3-1 win at Birmingham in 1997?"}, {"author_id": 3446348717, "id": 1494249194147753986, "text": "@KoitsuShima Since several others have already guessed Dragonheart, I'm gonna go out on a limb and guess there 1981 film Dragonslayer."}, {"author_id": 1493509447624413185, "id": 1494243668169052161, "text": "Some awesome #dragonheart movie posters. https://t.co/1G36Kg36Bv"}, {"author_id": 1252509849130283008, "id": 1494235307306196992, "text": "Beautiful Japanese Movie Poster #dragonheart #movieposters #itsabsolutelybeautiful #draco #centrestage #justasitshouldbe https://t.co/RjoiceqXs1"}, {"author_id": 241983704, "id": 1494232009903788034, "text": "@KoitsuShima Definitely getting dragon vibes, but could be wrong. Color scheme fits Dragonheart? I remember the main character wearing a red cloak. Or could it be Smaug?"}, {"author_id": 1045451289667260416, "id": 1494214261022896128, "text": "@Naz_Dragonheart mmm hard to pick  i am the legend of zelda https://t.co/jk1rGmwlK2"}, {"author_id": 807776941185056768, "id": 1494212211862118405, "text": "@KoitsuShima My first thought was Dungeons and Dragons Bcuz of the red and gold, but that\u2019s brilliantly terrible movie \ud83d\ude02\ud83d\ude02 but maybe Dragonheart?"}, {"author_id": 4351695075, "id": 1494211317661675522, "text": "@Naz_Dragonheart Sonic!"}, {"author_id": 1217701008127746049, "id": 1494205850914799617, "text": "@KoitsuShima Dragonheart?"}, {"author_id": 474695195, "id": 1494126824611217410, "text": "@dcwrighthammer2 Red Dawn of the Dead\nRed Dragonheart\nIndiana Jones and the Kingdom of the Crystal Skull Island\nPitch Black Panther\nMy Big Fat Greek Wedding Singer"}, {"author_id": 620462092, "id": 1494092841525686272, "text": "Rest for the King by Sloartist-Raven https://t.co/4U0IG1zr4W \n#Ravenheart #Dragonheart #OCs #originalcharacters #bookcharacters #sketch #BL #originalseries #digitalartwork #digitalart #fantasyseries"}, {"author_id": 1011746870077657088, "id": 1494049228687036425, "text": "@Naz_Dragonheart Give me Sonic, EVERY! DAMN! DAY!"}]