[{"author_id": 1000501532, "id": 1495262923274424321, "text": "@Mae @Di3seL_ Drop dead fred"}, {"author_id": 960080805371568128, "id": 1495261720612417539, "text": "I\u2019m so upset they took drop dead Fred off of Amazon \ud83d\ude2b that\u2019s my feel good movie \ud83d\ude2d"}, {"author_id": 554643707, "id": 1495211964494237702, "text": "@MsJuneDiane\n Do you have a birthday this year?\n\nhttps://t.co/MyEDpNC3HQ"}, {"author_id": 55044755, "id": 1495207747914133504, "text": "@JustTheDiscsPod @VinegarSyndrome @FunCityEdition @DeafCrocodile Like everyone else, my eyes go right to Drop Dead Fred"}, {"author_id": 1473436763951611910, "id": 1495200582008778754, "text": "drop dead fred stickers https://t.co/IEuoJEogzz"}, {"author_id": 196041895, "id": 1495198778902687752, "text": "@LostTurntable I read that, too, and don\u2019t understand what\u2019s happening, cause their words seem to imply (without actually saying it) that Synapse\u2019s release may or should be pulled, sort of like Severin\u2019s 2021 release of Drop Dead Fred."}, {"author_id": 34077244, "id": 1495197150292107271, "text": "Woops... Drop dead fred just happend!"}, {"author_id": 4567337784, "id": 1495160692466335746, "text": "@InitiallD_ExP Drop Dead Fred\nScott Pilgrim VS The World"}, {"author_id": 755416836037115904, "id": 1495159651633143813, "text": "10pm on a Saturday night and what am I doing at my big age? Sat in bed watching Drop Dead Fred \ud83d\ude43"}, {"author_id": 1463423916056088577, "id": 1495145373119172613, "text": "Drop Dead Fred was a hit. What I cannot understand is why G is now insistent on watching Dont Look Up\u2026"}, {"author_id": 1205809108059901952, "id": 1495138904059613187, "text": "It's Lynsey's birthday weekend and we're watching films from when we were younger. We're currently watching Drop Dead Fred, and it's funny how my perception of the film has changed. I used to see it as a comedy, but now I'm finding it pretty devastating and heavy."}, {"author_id": 1367074949991694338, "id": 1495138490966761479, "text": "he looks like when drop dead fred got his head stuck in the fridge https://t.co/OptmDaltrk"}, {"author_id": 2730681447, "id": 1495122356993499140, "text": "@goldroom82 Loved Drop Dead Fred. Enjoy."}, {"author_id": 1463423916056088577, "id": 1495121972954648582, "text": "Drop Dead Fred with the guys: \u201cYou see when something's not working right, the best thing to do is tear it apart to make it better.\u201d https://t.co/cK0cyPh08j"}, {"author_id": 15198367, "id": 1495120692332969986, "text": "@thecultworthy @CultFilmComp drop dead fred, need to revisit that one too."}, {"author_id": 22880817, "id": 1495119099474628608, "text": "Watching Drop Dead Fred and ignoring the news because the world is on fire \ud83d\udd25 https://t.co/3PlKAT8Wg6"}, {"author_id": 1451519184693710849, "id": 1495118997909504004, "text": "@GCDB @CultFilmComp It\u2019s a trip! From the director of Drop Dead Fred."}, {"author_id": 814121255142100992, "id": 1495113334324092928, "text": "To quote Drop Dead Fred \ud83d\udc47 Tried an instant rice, two minutes in the microwave, that was supposed to taste of garlic. All I tasted was a whiff of plastic bag. \ud83e\udd22 Never trying that again. https://t.co/Mb4i2aFs6x"}, {"author_id": 30940273, "id": 1495105772216332289, "text": "Just looked at the reviews for Drop Dead Fred out of a sense of curiosity, and I am\u2026 upset. https://t.co/DJ1Fir0fdg"}, {"author_id": 20861858, "id": 1495077048242606085, "text": "RT @tragic_saturn: Rik Mayall in drop dead fred is peak cinema. where is his oscar https://t.co/dySXp3tiO3"}, {"author_id": 20672209, "id": 1495035337571278849, "text": "Drop Dead Fred. #RikMayall \ud83c\udf89 https://t.co/k9HgcdzZ9N"}, {"author_id": 468601480, "id": 1495032788537548805, "text": "Now I'm warming up under a snuggly blanket with Drop Dead Fred"}, {"author_id": 1097756417828814850, "id": 1494995248426233857, "text": "RT @tragic_saturn: Rik Mayall in drop dead fred is peak cinema. where is his oscar https://t.co/dySXp3tiO3"}, {"author_id": 1097756417828814850, "id": 1494995190444089344, "text": "RT @juleslaglamour: Just finished watching Drop Dead Fred for the first time, loved it \ud83e\udd70 Rik Mayall = brilliant. \ud83d\udc4d (Yeah I know he was anyw\u2026"}, {"author_id": 2191511857, "id": 1494986046072889344, "text": "@ThatEricAlper Drop Dead Fred.  It's one of those movies that is so stupid at times that it makes it all hilarious!"}, {"author_id": 3882649469, "id": 1494977478657548289, "text": "@ThatEricAlper \"The Cheap Detective\" starring Peter Falk and a lot of lovely actresses, it's a spoof of Humphrey Bogart films. You need to see \"Casablanca\" and \"The Maltese Falcon\" first.\nAlso \"Drop Dead Fred\" which requires no homework at all."}, {"author_id": 1347512343052382208, "id": 1494974789999636487, "text": "RT @juleslaglamour: Just finished watching Drop Dead Fred for the first time, loved it \ud83e\udd70 Rik Mayall = brilliant. \ud83d\udc4d (Yeah I know he was anyw\u2026"}, {"author_id": 1347512343052382208, "id": 1494974779488677888, "text": "RT @tragic_saturn: Rik Mayall in drop dead fred is peak cinema. where is his oscar https://t.co/dySXp3tiO3"}, {"author_id": 1347512343052382208, "id": 1494972526568656899, "text": "@cowboyacaster this rlly needs updating because i have \u2018out of my head\u2019 on vhs now, and i have drop dead fred/bottom live/guest house paradiso tapes arriving soon (hopefully today)!"}, {"author_id": 27967308, "id": 1494962694251819008, "text": "RT @tragic_saturn: Rik Mayall in drop dead fred is peak cinema. where is his oscar https://t.co/dySXp3tiO3"}, {"author_id": 776791447462875137, "id": 1494961009823567885, "text": "RT @tragic_saturn: Rik Mayall in drop dead fred is peak cinema. where is his oscar https://t.co/dySXp3tiO3"}, {"author_id": 776791447462875137, "id": 1494960993281130498, "text": "RT @juleslaglamour: Just finished watching Drop Dead Fred for the first time, loved it \ud83e\udd70 Rik Mayall = brilliant. \ud83d\udc4d (Yeah I know he was anyw\u2026"}, {"author_id": 828819270784131072, "id": 1494927045876498433, "text": "@OKBJGM The House of the Spirits.  Serial Mom. Drop Dead Fred. _____ Dreamer (woman wins trip to meet favorite writer. Hits head. Thinks she's MC of writer's books. Invades his life. He thinks it's a joke. Her husband is an ass. Justice served.) &amp; Empire of the Sun."}, {"author_id": 19161968, "id": 1494922119628554242, "text": "@HorrorLawyer I\u2019m just glad Drop Dead Fred is finally coming to blu after all these years."}, {"author_id": 454984261, "id": 1494921007370436608, "text": "@Louis1117 I was thinking the same thing last week! It\u2019s a mess. There\u2019s other examples like Drop Dead Fred and I could go on and on \u2026."}, {"author_id": 1436445017451683842, "id": 1494897969010774019, "text": "Customer: what movies would you use to describe your personality? \nMe: you don't want that answer. \nCustomer: come on its the ones you know every word to. \nMe: Snatch , Fullmetal jacket , Dangerous beauty, Drop dead Fred, Hellraiser,  and Nightmare on Elm Street. \nCustomer: https://t.co/q1qOw6QEbl"}, {"author_id": 115438799, "id": 1494883768959655936, "text": "Oh, and Bingo has to escape a roadside hotdog vendor (played by Otho from Beetlejuice) that serves actual dog. Since @SeverinFilms &amp; @VinegarSyndrome are releasing DROP DEAD FRED, they should look at this equally twisted 1991 film that should have scarred me for life as a kid. https://t.co/Ott6TFCrmE"}, {"author_id": 229726608, "id": 1494863645179879424, "text": "@ScottWapnerCNBC Drop Dead Fred tries another idiotic whack attack\u2026 sounds like he took a few too many hits of LSD at Woodstock\u2026 https://t.co/zHqKOqCDQq"}, {"author_id": 40804881, "id": 1494853484813991937, "text": "@ThatEricAlper Drop Dead Fred"}, {"author_id": 1391159500061634563, "id": 1494848018545201153, "text": "Three years running now I think but\u2026\n\nCan we get a Drop Dead Fred remake with #PaulBettany as Fred? Also please don\u2019t put any political or social work crap in it. Just take the original script and use new actors and actresses.  #dropdeadfred https://t.co/51DYtl9vHG"}, {"author_id": 363870019, "id": 1494846779715686404, "text": "#NowPlaying Drop Dead Fred Promo by SID"}, {"author_id": 1038051414575071232, "id": 1494843841672888321, "text": "@ThatEricAlper What About Bob\nDrop Dead Fred"}, {"author_id": 4833257567, "id": 1494837105385775106, "text": "Just finished watching Drop Dead Fred for the first time, loved it \ud83e\udd70 Rik Mayall = brilliant. \ud83d\udc4d (Yeah I know he was anyway, I\u2019m just saying)"}, {"author_id": 1273668899385606144, "id": 1494835913100341259, "text": "@ThatEricAlper 2 old ones. Drop Dead Fred and Let it Ride."}, {"author_id": 89894607, "id": 1494820774187831301, "text": "Rik Mayall in drop dead fred is peak cinema. where is his oscar https://t.co/dySXp3tiO3"}, {"author_id": 1638892470, "id": 1494800119606165506, "text": "@OKBJGM Drop dead fred"}, {"author_id": 19749718, "id": 1494789586630811648, "text": "Loving a lot of the replies...mine has to be Dead Again or Drop Dead Fred https://t.co/0bs2O6wMzU"}, {"author_id": 547661400, "id": 1494789479705550856, "text": "@AdamRutherford Drop Dead Fred\n\nYou're welcome, do it."}, {"author_id": 350076721, "id": 1494779725180334080, "text": "@staceymurf $ShawnaWilliams31 Thank you for this opportunity \u2764  My favorite movie is Drop dead fred lol"}, {"author_id": 4813868595, "id": 1494774812077608960, "text": "@Kelly_82 You can\u2019t even name the film \u201c Drop dead Fred\u201d without breaking community standards \ud83e\udd23"}, {"author_id": 763364721869352960, "id": 1494768373573599234, "text": "@WadeRogers26 @JPLubinski Haha, this definitely ages me, but my daughters loved Drop Dead Fred!"}, {"author_id": 619291209, "id": 1494753405004361734, "text": "What happened here?\n\nMe: trying to talk movies\n\nSome random: wanna fight?\n\nI guess he really hates \u201cDrop Dead Fred\u201d https://t.co/HooMhxBWCP"}, {"author_id": 932957803391545344, "id": 1494753170647666706, "text": "@balmut_ Omg Drop Dead Fred!\nFuckin love that movie \ud83e\udd23\ud83e\udd23 https://t.co/LKvGQlZFHw"}, {"author_id": 619291209, "id": 1494742975594864645, "text": "\u201cDrop Dead Fred\u201d has entered the chat! https://t.co/x8eptuiLsF https://t.co/AH5WktSI4G"}, {"author_id": 279813624, "id": 1494741218462478346, "text": "@JPLubinski Popeyes chicken is the shiznit! Love that movie. \n\nI\u2019ll go. \n\nDrop Dead Fred. https://t.co/AShRYarnC1"}, {"author_id": 1213175506058661888, "id": 1494730858577674240, "text": "@RebeccaReznor The Drop Dead Fred VHS tape \ud83d\ude0d\ud83d\ude0d\ud83d\ude0d"}, {"author_id": 3309440853, "id": 1494725777027481602, "text": "Preorders Live--\nDROP DEAD FRED hits @VinegarSyndrome Blu-ray on March 29 - https://t.co/3RENzk79LM"}, {"author_id": 159015598, "id": 1494725741799305217, "text": "Hell yes. I wrote an article for the booklet for BLOOD ON HER NAME - and that DROP DEAD FRED is calling to me. All of them are, honestly, what a lineup. https://t.co/K5YUZDs3gu"}, {"author_id": 1048061861101547520, "id": 1494724449408622598, "text": "Just ordered @VinegarSyndrome's Drop Dead Fred release. If you know me, you know Rik was one of my biggest heroes. But did you know I have a tattoo of the O from the Drop Dead Fred poster? I got it on my birthday, 2 weeks before he died. https://t.co/EtmpuaH93i"}, {"author_id": 1457417464355057666, "id": 1494722492715335682, "text": "my own personal review for drop dead Fred:\ncritical consensus: filled with annoying characters, bad CGI effects, and it doesn't know what message its trying to convey, who to say it to, and how to say it, and its just plain terrifying! https://t.co/nlfwYoMbqL"}, {"author_id": 1467887569450901506, "id": 1494698514449776640, "text": "I'd keep ripping you to shreds\nBut I'll take a break instead\nAnd just rest my little head\nWhy don't you drop dead, Fred?!"}, {"author_id": 960923791332446208, "id": 1494604445170212870, "text": "@Bophiee Drop Dead Fred"}, {"author_id": 293815782, "id": 1494548642740379649, "text": "@jlalibs I'm so pumped for Drop Dead Fred!"}, {"author_id": 1493566080316551173, "id": 1494548012030431234, "text": "What I wouldn't give to watch Sliver, Bound, and Drop Dead Fred a few times each"}, {"author_id": 1441214742106763264, "id": 1494542211970523136, "text": "Ochocinco and Blake Shelton I had an imaginary friend from the time I was born until about six years old \ud83d\udc49\ud83c\udffe\ud83d\ude02 Drop dead Fred\ud83d\udcad seriously, my mom and the doctors think I\u2019m weird .. come back when I\u2019m grown awwwww heart \u2764\ufe0f shaped bruise awww bite marks on The palms of my hands awww"}, {"author_id": 2882832651, "id": 1494506620868513805, "text": "@UberFacts Drop Dead Fred"}, {"author_id": 102757761, "id": 1494506418485006337, "text": "the tree from drop dead fred goodbye scene https://t.co/Rsu9H0FAQc"}, {"author_id": 1492467900933943297, "id": 1494500939448913923, "text": "has anyone ever seen drop dead fred"}, {"author_id": 806291034346921985, "id": 1494480544020766721, "text": "Don't miss the new Drop Dead Fred at Sunny's Pizzeria and lots of other new offerings at local restaurants. \n https://t.co/Y6ZCjspthx"}, {"author_id": 39408621, "id": 1494472222282588160, "text": "@CarrieL2112 @79Wagonator @ThatEricAlper Still haven\u2019t seen that. She did Gremlins and Drop Dead Fred too, right?"}, {"author_id": 833708569631539200, "id": 1494471623281459200, "text": "I'm probably in the minority, but I am extremely excited for Drop Dead Fred. A movie I never thought I'd buy. \n\nI just wish I could have gotten a few of the @VinegarSyndrome partner label titles to go with my subscriber package this month. Oh well...next month? https://t.co/v2lQf8IqHP"}, {"author_id": 994788203252068352, "id": 1494454244568612867, "text": "You couldn't make Drop Dead Fred today. The cast and production team was a group of people in a place and a time that is now removed from the present by a number of factors. It was a fleeting moment, and we should be grateful that a text remains for us to still access it anyway."}, {"author_id": 1441182847595790343, "id": 1494440434302533632, "text": "Why does Sidney Powell remind me Drop Dead Fred? \ud83e\udd2d https://t.co/4Mw91hiNlG"}, {"author_id": 350466523, "id": 1494426248835178499, "text": "OMG drop dead Fred on Netflix \ud83d\ude2d\ud83d\ude2d\ud83d\ude2d\ud83d\ude2d"}, {"author_id": 1347512343052382208, "id": 1494414761295024136, "text": "he guessed drop dead fred so quickly wtf"}, {"author_id": 958116794857934848, "id": 1494412670451265537, "text": "@girldrawsghosts Fight Club/Drop Dead Fred"}, {"author_id": 1154031198089482241, "id": 1494393046951153668, "text": "RT @MidniteMadwoman: @girldrawsghosts Hocus Pocus/Warlock\nDemon Knight / Wishmaster\nThe Artist / The Lighthouse\nDrop Dead Fred / The Prince\u2026"}, {"author_id": 994788203252068352, "id": 1494392597812588550, "text": "@girldrawsghosts Hocus Pocus/Warlock\nDemon Knight / Wishmaster\nThe Artist / The Lighthouse\nDrop Dead Fred / The Princess Bride\nI Love You To Death / A Fish Called Wanda"}, {"author_id": 1376967778905817104, "id": 1494392043690409984, "text": "@Drop_Dead_Fred True. We read her DNC emails though."}, {"author_id": 2252459060, "id": 1494376607816962051, "text": "My @VinegarSyndrome order has shipped. Soon I will be watching Drop Dead Fred and crying in a whole new way. Physical media forever!"}, {"author_id": 1135959708202864642, "id": 1494366762082705408, "text": "The pic on the left. He looks like when drop dead Fred traps his head in the fridge https://t.co/NirOCUULZQ"}, {"author_id": 382437378, "id": 1494348374505631746, "text": "@emily_doolittle How about Drop Dead Fred?"}, {"author_id": 900763643196919808, "id": 1494340689596981250, "text": "watched drop dead fred as a kid to schizo pipeline"}, {"author_id": 232245674, "id": 1494325635350626307, "text": "@ElisabethRappe That show is interesting at times; it's funny that Pam is such a fleshed out (pun intended) character and Tommy is portrayed about as sanely as Drop Dead Fred."}, {"author_id": 1475371090562138115, "id": 1494298879445118980, "text": "@gumpy77 I feel like crap I\u2019d have a tin off boost or coffe then I\u2019m like drop dead Fred getting sneezed on lol \ud83d\ude02"}, {"author_id": 462498000, "id": 1494295383291400198, "text": "Not me crying at Drop Dead Fred \ud83e\udd72"}, {"author_id": 122708369, "id": 1494270640416825344, "text": "@KaylaChowShow Drop dead fred"}, {"author_id": 18075139, "id": 1494253466566504448, "text": "@ladbible Drop Dead Fred\nSouth Park: Bigger, Longer and Uncut\nStand By Me\nDirty Dancing"}, {"author_id": 382020101, "id": 1494233771452870656, "text": "@absoluteradio @RealDysonator Drop Dead Fred."}, {"author_id": 204101254, "id": 1494160561315143685, "text": "Which letter of lgbtqia is the titular character fred from drop dead fred? Give me a tweet thread on fred and gender."}, {"author_id": 204101254, "id": 1494155098406146049, "text": "Drop dead fred has an 11% on rotten tomatoes!?! really??? 11?????"}, {"author_id": 204101254, "id": 1494154666187317248, "text": "Awe someones streaming drop dead fred on tiktok live. I recognized it IMMEDIATELY of course https://t.co/uviJBIFqQ1"}, {"author_id": 585341968, "id": 1494141928954335232, "text": "drop dead fred !! (0_-) https://t.co/c7xAn86F9E"}, {"author_id": 1339018777288204295, "id": 1494117380129185795, "text": "drop dead fred https://t.co/PqL3KJ3zpu"}, {"author_id": 324768478, "id": 1494107214121865217, "text": "RT @platini954: Drop Dead Fred!"}, {"author_id": 250318992, "id": 1494095999572353026, "text": "Big mail day today with some childhood favs from @vinegarsyndrome and @screamfactoryofficial  the alligator films and Drop Dead Fred are so great https://t.co/iRf3X5M88j"}, {"author_id": 1475371090562138115, "id": 1494092515078807558, "text": "@CantSay02553498 @sugarseantl He\u2019s called drop dead Fred lol"}, {"author_id": 443779341, "id": 1494090708076183554, "text": "Drop Dead Fred a crazy movie but I always watch it \ud83d\ude02\nFred was nuuuuuuuuuuuuuuuuuutzzzz \ud83e\udd23"}]