[{"author_id": 1489470274042941440, "id": 1495292351450951688, "text": "@BoriaMajumdar @ICC Hey dumbo boria were u the one involved in wridhiman Saha tweet saga ... if so drink complan grow ur brain \ud83e\udde0"}, {"author_id": 3477405198, "id": 1495291560027508738, "text": "@MephalU @ayushabhinav11 @Currymatador @HLTVorg @electronicCSGO @b1tcs @natusvincere Ironic how you keep deflecting yet still have the balls to say that I\u2019m repeating. Once a dumbo, always a dumbo \ud83d\ude18"}, {"author_id": 1239535429956694016, "id": 1495290808316088321, "text": "@myboyJORDI Dumbo ear double tial"}, {"author_id": 1302081226044366848, "id": 1495290390454300674, "text": "@RAMDAYALVISHAW1 He is Dumbo."}, {"author_id": 2493002024, "id": 1495288637314981889, "text": "#Repost @flyingelephants_official \n...\nRambo and the Jumbo.\n\nIt was a wonderful moment for us to share our jumbo with @santhoshprathapoffl \n\nDo ping us to order your MIJU.\n\n#dumbo #flyingelephant #toy https://t.co/2hlROG4LnQ"}, {"author_id": 1242850408365608960, "id": 1495288041132290049, "text": "ISTG #Kavin &amp; #MJ are the most well-written characters. They are so quick-witted. No exchange words between them &amp; they know what to do.\n\nBut then we got Thyme Dumbo Paramaanantra \ud83d\udd90\ufe0f\n\nTheir dissapointment-but-not-suprised face was on spot \n\n#F4ThailandEP9 #F4Thailand https://t.co/zFAB3mRkBH"}, {"author_id": 1336572698282008578, "id": 1495287682863226880, "text": "Flop??? How about you do a fact check before acting up dumbo https://t.co/DmL4QcwOyV https://t.co/l4LNK7UqJY"}, {"author_id": 1343646649667756032, "id": 1495287647090139136, "text": "\u2018dumbo\u2019 , the disney animated one , not only that \u2018the magic roundabout movie\u2019 idk why https://t.co/pXvL3T0gFv"}, {"author_id": 1463629337597394951, "id": 1495287639867817986, "text": "@SITE208 you sound hypocrite dumbo"}, {"author_id": 1447877070588157961, "id": 1495287513417670658, "text": "[$24.99]\nFunko POP! Ride  Super Deluxe: Walt Disney World 50th - Dumb\n#funkoPOP\nSource: Target Search\nReason: Shipping availability: IN_STOCK\nPromise Count: 2\n\n01:41:04.9030 AM EST #Ad\n\nhttps://t.co/k4vFubONXl"}, {"author_id": 1037779732182585349, "id": 1495287070381821952, "text": "dumbo \n\nI vote for #Butter for #BestMusicVideo at the 2022 #iHeartAwards @BTS_twt"}, {"author_id": 413739289, "id": 1495286811886645250, "text": "@Wriddhipops The biggest dumbo of Indian cricket Boria Majumdar"}, {"author_id": 764680882967896064, "id": 1495286668378742789, "text": "THAT DUMBO WITH GUAGES"}, {"author_id": 1100356091429380097, "id": 1495286437972905990, "text": "@ferret_da_dumbo @s_tefano But if that was the case should t it be Volo?"}, {"author_id": 1897364064, "id": 1495285687742246914, "text": "RT @DerekRobinson2: @TheStarrrLord Morrison is the most RW we\u2019ve ever had and to make matters worse he\u2019s also a religious pretender. What t\u2026"}, {"author_id": 1230097422170279937, "id": 1495285207053733894, "text": "RT @hottestasian69: Present \ud83c\udf81 Jumbo Dumbo \ud83d\udc18\ud83d\udc18\ud83d\udc18\ud83d\udc18\nI got X'mas present from my friend \ud83d\ude06\ud83d\udc9b\nThank you, @Banana_is_Love_ https://t.co/TKa93jnHO5"}, {"author_id": 1436306090594078721, "id": 1495284850781147137, "text": "@thebriarroseee \"Baby Mine\" from Dumbo\ud83d\udc9b\ud83d\udc9b"}, {"author_id": 474709392, "id": 1495284370457964545, "text": "Just randomly remembered that I auditioned for Dumbo 2 when I was five."}, {"author_id": 1387060718, "id": 1495284190291673089, "text": "@corybantic_lad Nice, a Dumbo remake focusing on the best scene"}, {"author_id": 712355280722509824, "id": 1495283929544339457, "text": "@mind_is_moving @martyrmade Dumbo, Bernie didn't win because a. he wouldn't strongly attack Hillary and Biden b. the Dem establishment stacked it against him"}, {"author_id": 1303448229430738944, "id": 1495282801671028736, "text": "Stop poking ur nose in jks business \nDumbo... https://t.co/y0S2SHCvEh"}, {"author_id": 856152783334068225, "id": 1495281959676702722, "text": "@INCTelangana Nehru is the first Prime Minister of India and not Congress.Smell the coffee Dumbo.He always praises Nehru"}, {"author_id": 92149322, "id": 1495281543413182465, "text": "RT @tubatron: Another animatic clip from HOMIE THE CLOWN.  One of my favorite scenes, referencing another film you may recognize (scripted\u2026"}, {"author_id": 1469240385750781953, "id": 1495280283737726978, "text": "@sandeep_itzme @mainbhiengineer Ya another dumbo of dharavi"}, {"author_id": 1048230797344497664, "id": 1495279466624569344, "text": "@qesmith00 dumbo Leeds plays Man United"}, {"author_id": 1025122839026913286, "id": 1495279308218286083, "text": "RT @TuxBowDie: DAILY BLOCKBENCH MODEL NUMBER 50!!! More fishie creatures! This lil fela is the dumbo octopus! Idk what they do but they sur\u2026"}, {"author_id": 1273264222240223233, "id": 1495279304506318848, "text": "@pissoffurmom 1. that\u2019s literally gorgeous i\u2019m obsessed\n2. oh what dumbo"}, {"author_id": 1384700853500616704, "id": 1495279095609184267, "text": "RT @Focmen2: Strike a Pose \ud83c\udfb5\ud83d\udc99 Jumbo Dumbo \ud83d\udc18\ud83d\udc18\ud83d\udc18\ud83d\udc18 https://t.co/ZbzGVBKATW"}, {"author_id": 1458910916318150660, "id": 1495278607014318080, "text": "@yoIient We\u2019re already friends u dumbo"}, {"author_id": 1427992971228549127, "id": 1495276743241859073, "text": "@halokimeow STOP LYING U WERE DUMBO"}, {"author_id": 1336818593497927682, "id": 1495276086707384321, "text": "@dachshund_heave Dumbo ears so cute"}, {"author_id": 1487458036016844800, "id": 1495276072597741574, "text": "@mirageaura @smitaparikh2 If her neighbour\u2019s dog  die she will blame Bollywood \ud83e\udd23\ud83e\udd23\ud83e\udd23\ud83e\udd23\u2026 She is a total dumbo \ud83e\udd23\ud83e\udd23"}, {"author_id": 101963256, "id": 1495275903336665090, "text": "@sanjayputtur1 We\u2019re not that jobless, dumb guy! Cricbuzz has historic auction trackers and that\u2019s a key study element. Not that I have to explain to you, but the audacity to tag me in multiple tweets accusing of some dumb shit needs to be called out. Dumbo!"}, {"author_id": 1329223620900638721, "id": 1495275459046633472, "text": "omg please shut up you dumbo"}, {"author_id": 795581547512496129, "id": 1495273029110308867, "text": "RT @Matilde99101783: Breakfast  Dumbo ...West Brooklyn Bridge\n\ud83d\udcf7 Joethomas https://t.co/IEAsifmrRR"}, {"author_id": 1314142936104202241, "id": 1495272929516724229, "text": "Am such a dumbo lmao\n\nWORDLE-BTS 220220 6/6\n\n\u2b1b\ufe0f\u2b1b\ufe0f\ud83d\udfea\u2b1b\ufe0f\ud83d\udfe8\n\u2b1b\ufe0f\u2b1b\ufe0f\u2b1b\ufe0f\u2b1b\ufe0f\u2b1b\ufe0f\n\u2b1b\ufe0f\u2b1b\ufe0f\u2b1b\ufe0f\u2b1b\ufe0f\u2b1b\ufe0f\n\u2b1b\ufe0f\u2b1b\ufe0f\u2b1b\ufe0f\u2b1b\ufe0f\u2b1b\ufe0f\n\u2b1b\ufe0f\ud83d\udfe8\u2b1b\ufe0f\ud83d\udfe8\u2b1b\ufe0f\n\ud83d\udfea\ud83d\udfea\ud83d\udfea\ud83d\udfea\ud83d\udfea\n\nhttps://t.co/QbL2tmQHPn"}, {"author_id": 1495263254351908864, "id": 1495272800554262530, "text": "Onward, we all have a number of days, i personally dont fear death as we all do it!\nbut should never be at the handsof apsycho brainwashed retributionary moron!\n#life #prison each dumbo! every time!"}, {"author_id": 19742453, "id": 1495271557828120578, "text": "I stand by this: Jon created the perfect series and if you don\u2019t watch ur a dumbo https://t.co/LNFcQKxHzu"}, {"author_id": 1440315729773883397, "id": 1495271006138630147, "text": "@betataran @godisbeidou @JJcua97 @Antimeaning_ @LiliesForLisa2 @vkfaII Go fvc yourself,, ur too dumbo to post this... https://t.co/s0zZsGShia"}, {"author_id": 1265490502830432256, "id": 1495270625845268484, "text": "@stevethewall @amnesty @BDSmovement Go &amp; first educate your self...\nYou Dumbo"}, {"author_id": 1401773025238786052, "id": 1495270553099329540, "text": "@twistedmetal333 @TopShotRewards @ElDumboTS Dude. He\u2019s just British. And he gets the job done. Everyone knows if someone can do it, it\u2019s Dumbo."}, {"author_id": 245447071, "id": 1495268161482014722, "text": "RT @tubatron: Another animatic clip from HOMIE THE CLOWN.  One of my favorite scenes, referencing another film you may recognize (scripted\u2026"}, {"author_id": 989133486849175552, "id": 1495267906367766530, "text": "@lost_dumbo Ap to super senior ho ab nah\ud83d\ude1d\ud83d\ude02"}, {"author_id": 1482943631199977477, "id": 1495267771097174020, "text": "@artsyjk @amnesiacwy \u201chighlighted prominently amongst her group\u201d it\u2019s cause shes famous dumbo. just dont talk abt her idgaf if u didnt have ill intentions but saying shit like that just paints her in a bad way especially with the way bitches are hunting her rn"}, {"author_id": 12955782, "id": 1495267008295940096, "text": "RT @tubatron: Another animatic clip from HOMIE THE CLOWN.  One of my favorite scenes, referencing another film you may recognize (scripted\u2026"}, {"author_id": 1099733728040009729, "id": 1495266849919062016, "text": "dumbo https://t.co/PGN0wOAq65"}, {"author_id": 1460962865590898689, "id": 1495265443011268610, "text": "@NalkaPandey @chiranjeevGoel @swati_gs So not at school right ?? Then whats your if don't want see him then then don't watch simple , btw hes a jain monk and no jain will go naked to school fo u understand? And burqa is not banned in indian , you dumbo"}, {"author_id": 597590743, "id": 1495264545006256129, "text": "@bkhumberd Masks: dumbo\u2019s feather"}, {"author_id": 862551721666465792, "id": 1495264307373875203, "text": "@UsEdtobeRoB @DaveyJayBlues @Caroline_Connor You need to read the room, Dumbo. Nobody here gives a rat's arse about your American shit. Now tell your story walking."}, {"author_id": 744025019999719424, "id": 1495264278408048640, "text": "RT @ChonkersMcChonk: when the allegation is that people are afraid to speak against you because you collect people's info and use it as bla\u2026"}, {"author_id": 1402489661142884357, "id": 1495263833593565188, "text": "@sitacore Just report that dumbo profile \ud83d\ude44"}, {"author_id": 15740791, "id": 1495263683680821249, "text": "RT @tubatron: Another animatic clip from HOMIE THE CLOWN.  One of my favorite scenes, referencing another film you may recognize (scripted\u2026"}, {"author_id": 2979641254, "id": 1495262983697666050, "text": "\ud83d\udc19 Cute Dumbo Octopus \ud83d\udc19\n\nFloor price : 0.001 #ETH (POLYGON)\nPick yours today!\n\nhttps://t.co/GeGToQl7PT\n@opensea\n\n#NFTs #NFTCommunity #NFTdrop #nftcollector"}, {"author_id": 1037304416297209856, "id": 1495261245091586048, "text": "RT @TuxBowDie: DAILY BLOCKBENCH MODEL NUMBER 50!!! More fishie creatures! This lil fela is the dumbo octopus! Idk what they do but they sur\u2026"}, {"author_id": 1495259977057021957, "id": 1495260922172121088, "text": "Fishing game NFT\ud83d\udc49 @Fishing_Crypto\n\n@ZiyouCui,@Cancel_world,@bloblodad,@Georgvstheworld,@lk_ARray,@dodo_mddx,@Zolthar12,@Erikalejandrar,@cactus_noti,@majidpromix,@dumbo_129,@NancyCarolline_,YES, my Discord ID is: !Aaron#1127 ,Pls don't ask about the @ XD,@81541521Long"}, {"author_id": 1363521546526937097, "id": 1495260291965145088, "text": "@minicnair Ohhh. Ok smart Alec, then answer this - Real life Hindustani heroes of Hindus are - Ashoka, Chandragupt Maurya, Chatrapati Shivaji, Porus, Maharana Pratap\u2026list is endless.\nWho are the real life heroes of Muslims ?\nI will answer you back if can\u2019t answer in 5 minutes dumbo"}, {"author_id": 1478591161979871232, "id": 1495260241088458752, "text": "Dumbo\n\nI vote for #BTSARMY for #BestFanArmy at the #iHeartAwards 2022 @BTS_twt"}, {"author_id": 1252669231377907714, "id": 1495259781669474304, "text": "@zandingo_ @deeznutz1876 @PHLSixersNation yall dumbo he aint got to worry about no game it's a shooting contest he can hit practice threes!!!"}, {"author_id": 1214459315521609728, "id": 1495258771781656576, "text": "DAILY BLOCKBENCH MODEL NUMBER 50!!! More fishie creatures! This lil fela is the dumbo octopus! Idk what they do but they sure are cute! :D\n\n#minecraft #Blockbench https://t.co/3PzUfm7y45"}, {"author_id": 903722175638552576, "id": 1495258716081324034, "text": "@Abraxsys Dumbo?"}]