[{"author_id": 1192598027611103233, "id": 1495286244246446083, "text": "@MarkKirkes @LisaSmith93405 @XanderXjork I am an avowed atheist.\nBooks about only good people\ncan be boring.\nHere are books by other authors that I love.\nTo Kill A Mockingbird \nEast of Eden\nAnything by Dickens\nA prayer for Owen Meany\nCedar House Rules\nLast two by John Irving.\nEast of Eden &amp; many more"}, {"author_id": 2994302077, "id": 1495280962392920064, "text": "@AllisonPons Steinbeck all damn sophomore to senior year.\nEast of Eden was my senior expository paper"}, {"author_id": 738199410333474818, "id": 1495277414708043778, "text": "Exit Through the Gift Shop (2010) meets East of Eden (1955)"}, {"author_id": 781813005247913984, "id": 1495272650129633280, "text": "@funimationUK other fav underrated animes of mine- \nTerror in resonance \nKabaneri of the iron fortress\nClannad\nDororo\nNiragami\nKekkai sensen\nFairy tail (it was my first, so don't blame)\nEden of the east\nAccelerator\nHyouka\nTower of god (bro, just read the manga) \nand more.... i forgor\ud83d\udc80"}, {"author_id": 59649294, "id": 1495262145679822849, "text": "RT @tantan_artwork: East of Eden just got scooped on secondary for 650 tez !!!\n\nSuperrrr cooooll \ud83e\udd2f\ud83e\udd29\nThank you !! https://t.co/KhbTtNE4my"}, {"author_id": 754347088557797376, "id": 1495261687137464321, "text": "RT @DeadPanZoom: Amazing to see @tantan_artwork  East of Eden piece from DPZ DROPZ sell on secondary for 650 tez. \n\nCongrats @strictliabili\u2026"}, {"author_id": 1449041385479450624, "id": 1495261424263864322, "text": "RT @strict_liabilty: Over the moon that I just acquired East of Eden by the insanely talented and amazing @tantan_artwork. As a father of t\u2026"}, {"author_id": 2338991389, "id": 1495261263819116547, "text": "RT @tantan_artwork: East of Eden just got scooped on secondary for 650 tez !!!\n\nSuperrrr cooooll \ud83e\udd2f\ud83e\udd29\nThank you !! https://t.co/KhbTtNE4my"}, {"author_id": 27576099, "id": 1495261171397447683, "text": "RT @tantan_artwork: East of Eden just got scooped on secondary for 650 tez !!!\n\nSuperrrr cooooll \ud83e\udd2f\ud83e\udd29\nThank you !! https://t.co/KhbTtNE4my"}, {"author_id": 1242639009278377984, "id": 1495257886808678400, "text": "RT @strict_liabilty: Over the moon that I just acquired East of Eden by the insanely talented and amazing @tantan_artwork. As a father of t\u2026"}, {"author_id": 3181683816, "id": 1495256980000174081, "text": "Ulysses \nLibrary lion \nAtonement \nRomola \nIreland \nThe road \nUhuru\n\nIreland \nRomola \nKaleidoscope \nEmma \nNice work \n\nNicholas Nickleby \nUlysses \n\nNice work \nEmma\nEast of Eden \n\nNice work \nEmma \nNicholas Nickleby \nAtonement \nKaleidoscope \nLibrary lion \nAtonement \nMiddlemarch"}, {"author_id": 792411474161463300, "id": 1495255673181028353, "text": "The power of the dog \u00e9 basicamente  Brokeback Mountain + East of Eden"}, {"author_id": 97372097, "id": 1495253228610781185, "text": "RT @tantan_artwork: East of Eden just got scooped on secondary for 650 tez !!!\n\nSuperrrr cooooll \ud83e\udd2f\ud83e\udd29\nThank you !! https://t.co/KhbTtNE4my"}, {"author_id": 1483145321635065863, "id": 1495247975936933888, "text": "Over the moon that I just acquired East of Eden by the insanely talented and amazing @tantan_artwork. As a father of two daughters (who actually look like the two girls in this piece) this NFT cast a spell over me. I love it so much. Thank you @tantan_artwork and @objktcom! https://t.co/Apa3ZBAHeE"}, {"author_id": 1198464898797391877, "id": 1495243671574355974, "text": "@samanthademers 5 of them are...\n\n- 7 Habits of Highly Effective People by Stephen Covey\n- The Perennial Philosophy by Aldous Huxley\n- Meditations by Marcus Aurelius\n- A Sunlit Absence by Martin Laird\n- East of Eden by John Steinbeck"}, {"author_id": 1213702976197423105, "id": 1495242239651774465, "text": "He grew up well and became very handsome...\n#nw East of Eden #KimBum #kimbeom #\uae40\ubc94 https://t.co/YXTiWcAON9"}, {"author_id": 1421397625207607302, "id": 1495237479468650498, "text": "RT @tantan_artwork: East of Eden just got scooped on secondary for 650 tez !!!\n\nSuperrrr cooooll \ud83e\udd2f\ud83e\udd29\nThank you !! https://t.co/KhbTtNE4my"}, {"author_id": 2419180748, "id": 1495235666980048906, "text": "RT @tantan_artwork: East of Eden just got scooped on secondary for 650 tez !!!\n\nSuperrrr cooooll \ud83e\udd2f\ud83e\udd29\nThank you !! https://t.co/KhbTtNE4my"}, {"author_id": 1156058172735442944, "id": 1495235087150944260, "text": "RT @tantan_artwork: East of Eden just got scooped on secondary for 650 tez !!!\n\nSuperrrr cooooll \ud83e\udd2f\ud83e\udd29\nThank you !! https://t.co/KhbTtNE4my"}, {"author_id": 1371282159915429889, "id": 1495226300918808583, "text": "RT @tantan_artwork: East of Eden just got scooped on secondary for 650 tez !!!\n\nSuperrrr cooooll \ud83e\udd2f\ud83e\udd29\nThank you !! https://t.co/KhbTtNE4my"}, {"author_id": 746787407853461504, "id": 1495223141102198789, "text": "Big Country - East Of Eden - https://t.co/RTzO5F1MN7"}, {"author_id": 1418584217387212808, "id": 1495222564142170116, "text": "RT @tantan_artwork: East of Eden just got scooped on secondary for 650 tez !!!\n\nSuperrrr cooooll \ud83e\udd2f\ud83e\udd29\nThank you !! https://t.co/KhbTtNE4my"}, {"author_id": 1242639009278377984, "id": 1495219205838618625, "text": "East of Eden just got scooped on secondary for 650 tez !!!\n\nSuperrrr cooooll \ud83e\udd2f\ud83e\udd29\nThank you !! https://t.co/KhbTtNE4my https://t.co/vSOpyCdPIo"}, {"author_id": 1377990384152903680, "id": 1495216227211436036, "text": "RT @DeadPanZoom: Amazing to see @tantan_artwork  East of Eden piece from DPZ DROPZ sell on secondary for 650 tez. \n\nCongrats @strictliabili\u2026"}, {"author_id": 1242639009278377984, "id": 1495215931626508288, "text": "RT @DeadPanZoom: Amazing to see @tantan_artwork  East of Eden piece from DPZ DROPZ sell on secondary for 650 tez. \n\nCongrats @strictliabili\u2026"}, {"author_id": 4271737774, "id": 1495213026030411777, "text": "RT @DeadPanZoom: Amazing to see @tantan_artwork  East of Eden piece from DPZ DROPZ sell on secondary for 650 tez. \n\nCongrats @strictliabili\u2026"}, {"author_id": 1428222986566340613, "id": 1495212106517725184, "text": "Amazing to see @tantan_artwork  East of Eden piece from DPZ DROPZ sell on secondary for 650 tez. \n\nCongrats @strictliabilit1 @SupportJburn and of course top artist on Tezos @tantan_artwork . My fav drop of 2022 so far. #nft\n\nhttps://t.co/v9fbrMAwhQ"}, {"author_id": 1462666981803380737, "id": 1495211714228338688, "text": "And all the Heroes// Have gone east of eden// We all need new frontiers"}, {"author_id": 1344989976107175937, "id": 1495208644207869953, "text": "RT @Oia35494913: .\n   \" All  great  and  precious  things\n                    are  lonely \"\n\n- John Steinbeck\n  \"East of Eden\"\n\n.\nThe Sketc\u2026"}, {"author_id": 1316498064023187457, "id": 1495207643811614724, "text": "@oddeyecircIx exactly! and those lines for me are just fun, are they a little nonsensical (even if east of Eden is lore\u2026)? of course, but it adds to the fun of the song and i appreciate that in a lot \nbecause will we shout that out in a concert? definitely"}, {"author_id": 1473816100890550272, "id": 1495192449794281472, "text": "clearly Seymour was much more suited for role of murdering prostitute with a \"deformed soul\" in East of Eden, than an innocent young woman.\nThe producers said they were looking for someone with a \"fresh look\" for the role of Maggie, not some jealous old trash.\nClass.\nNot trash. https://t.co/3POBu4WoKf"}, {"author_id": 43769566, "id": 1495191677635604489, "text": "@grammabeth3 Your choice..I am here to stay until they play East of Eden and Cinema Paradiso at my funeral."}, {"author_id": 986021448610230272, "id": 1495191411389464576, "text": "@FiMcKz East of Eden.\nJohn Steinbeck.\nCan\u2019t put it down, highly recommend."}, {"author_id": 1712974994, "id": 1495174598102589441, "text": "@okthisisnagy Steinbeck rules hard, east of eden gets my vote"}, {"author_id": 490790309, "id": 1495169065177997320, "text": "[ WKDfm: DJ-DeepThought playing Panpiper - East of Eden \n https://t.co/nyfKmFiSXC \n Live, Legal and Loud - Internet Radio ]"}, {"author_id": 590776015, "id": 1495164088393113602, "text": "\u201cSo he drove out the man; and he placed at the east of the garden of Eden Cherubims, and a flaming sword which turned every way, to keep the way of the tree of life.\u201d\nGenesis 3:24 KJV https://t.co/rbvIbnV7t9"}, {"author_id": 2281985892, "id": 1495154338263707654, "text": "Well, I had a very enjoyable afternoon with my brother watching two James Dean films, Rebel Without a Cause amd East of Eden, at the Bradford Pictureville \ud83d\ude01\ud83d\ude01\ud83d\ude01"}, {"author_id": 803360858, "id": 1495150877409169412, "text": "My villian origin story might be the library not letting me renew East of Eden even though it's 600 pages long."}, {"author_id": 2385625243, "id": 1495145681668952064, "text": "@fynRuthie The Bible clearly states they went East of Eden. and when Cain was cast out from his family he was cast out East.. Remember, at that time the waters were gathered into one place and the land was one.. the Pangean continent. If scholars are correct, this would make sense."}, {"author_id": 703301043963236352, "id": 1495143692851580928, "text": "@FOXLA Just like Cathy Ames in John Steinbeck's novel East of Eden, some people are born to be a \"psychic monster\" with a \"malformed soul\"."}, {"author_id": 233718748, "id": 1495132709957640198, "text": "RT @HirookaRicardo: Julie Harris and James Dean in East of Eden (Elia Kazan, 1955) https://t.co/BeStRrvjBR"}, {"author_id": 1439777723807764481, "id": 1495130629335560192, "text": "Julie Harris and James Dean in East of Eden (Elia Kazan, 1955) https://t.co/BeStRrvjBR"}]