[{"author_id": 2482162981, "id": 1495288348164104194, "text": "RT @snarkypoppy: Emma Williams https://t.co/09B27HFsw9"}, {"author_id": 1487768672890466304, "id": 1495288341268475907, "text": "RT @ismailbukenya1: \u201c Emma for the last time , who cut the waist bead I bought for you \u201d https://t.co/KFgr5rLm4C"}, {"author_id": 4390421355, "id": 1495288284624338944, "text": "RT @DarrinHall15: @EmmaFWW Thanks for sharing this, Emma. I was completely unaware of these pipeline proposals. I know I wouldn't want to h\u2026"}, {"author_id": 956596343178489857, "id": 1495288247970406405, "text": "\ud83c\uddf2\ud83c\uddf9 MALTA \ud83c\uddf2\ud83c\uddf9\n\nOut of Sight /\nEmma Muscat\n\nThe keywords are bland and boring. Why does it get a midtempo beat halfway through? Idk and honestly I can't remember how the melody goes after three listens and I don't plan on giving it more chances. She can sing tho. \n\n6/10"}, {"author_id": 790409875176067072, "id": 1495288244539248641, "text": "Emma Watson explains to us why Dumbledore strongly supports marriage between blood relatives"}, {"author_id": 1367030102228430849, "id": 1495288233525235712, "text": "emma biplorussybopman my beloved \n #bipbopspace"}, {"author_id": 72487179, "id": 1495288170052988929, "text": "@Iarismanis lady, emma"}, {"author_id": 1342374419453263872, "id": 1495288155531931648, "text": "RT @afwa_online: After singing the #Srivalli  english version Dutch beauty emma heesters is backing with #OoAntava\nSong telugu version from\u2026"}, {"author_id": 1484676167546376193, "id": 1495288136980697090, "text": "Midwestemma Twitter Video \u2013 Emma Claire Twitter Video \u2013 Midwestemma Video\u00a0Viral https://t.co/Cu1tNmTx6d"}, {"author_id": 265987858, "id": 1495288121851883522, "text": "RT @WhittallClive: @Hepworthclare @cymrawes @BBC Emily Maitliss and Emma Barnett are demonstrably very good interviewers. Finally Bruce dem\u2026"}, {"author_id": 1065641757654822912, "id": 1495288115413487622, "text": "RT @marsfavequotes: \u201cI cannot make speeches, Emma...If I loved you less, I might be able to talk about it more.\u201d"}, {"author_id": 1093389710, "id": 1495288058807205889, "text": "RT @perlanation: Jean Grey &amp; Emma Frost; fire and ice.\ud83d\udc8b https://t.co/5upP0PT5KP"}, {"author_id": 774852704984117248, "id": 1495288006357389313, "text": "RT @sapphcss: EMMA MACKEY WHAT THE FICK https://t.co/6GHx6XJIrB"}, {"author_id": 1406948164553281539, "id": 1495287934588751875, "text": "RT @ismailbukenya1: \u201c Emma for the last time , who cut the waist bead I bought for you \u201d https://t.co/KFgr5rLm4C"}, {"author_id": 1492321843981828099, "id": 1495287930905976837, "text": "\u201cI cannot make speeches, Emma...If I loved you less, I might be able to talk about it more.\u201d"}, {"author_id": 1009136002563178497, "id": 1495287882428289024, "text": "Mike lives in a mall with Emma and have a pet dolphin that eats spagetti"}, {"author_id": 1338801231792238592, "id": 1495287758407217153, "text": "@BlNGOBUTFAST @Katsofc hey guys emma showed me their toes on a video call once #simp"}, {"author_id": 1428128625660936194, "id": 1495287699732901896, "text": "RT @emmackeygifs: emma mackey for flaunt magazine https://t.co/VduQXP61pL"}, {"author_id": 2150978990, "id": 1495287691100971008, "text": "@ancestry_emma Got to be careful of those scissors"}, {"author_id": 1176449911392493569, "id": 1495287676072824832, "text": "RT @ismailbukenya1: \u201c Emma for the last time , who cut the waist bead I bought for you \u201d https://t.co/KFgr5rLm4C"}, {"author_id": 2298148070, "id": 1495287643822825472, "text": "RT @berlinale: During the Berlinale press conference for her film \"Good Luck to You, Leo Grande\" the actor Emma Thompson burst out a heartf\u2026"}, {"author_id": 1238763787, "id": 1495287615133679616, "text": "RT @choromatsu333: ok we're done emma-chan reunion now plz ;;;;;;;;;;;;;;;; https://t.co/05dI9gupXf"}, {"author_id": 1467044003942125570, "id": 1495287546724683776, "text": "RT @ismailbukenya1: \u201c Emma for the last time , who cut the waist bead I bought for you \u201d https://t.co/KFgr5rLm4C"}, {"author_id": 86120514, "id": 1495287526231199744, "text": "RT @FredBronson: Check out #Malta's entry for #Eurovision  2022, \"Out Of Sight\" by Emma Muscat, on my website: https://t.co/MFCL9heeH2"}, {"author_id": 2982881203, "id": 1495287466810617869, "text": "RT @tshunter007: Emma Rose\nFull Vid: https://t.co/uAFq3ulMo7\n\n@Maddiewasmatty @Ryanwsa1\n@Samuel_Version5 @masinofan1\n@TSPornTrend1 @translo\u2026"}, {"author_id": 88295999, "id": 1495287463471763456, "text": "Check out #Malta's entry for #Eurovision  2022, \"Out Of Sight\" by Emma Muscat, on my website: https://t.co/MFCL9heeH2"}, {"author_id": 1488934456014651392, "id": 1495287462830100486, "text": "Hey, my name is Emma I got fins and I can sing Which animal do you think I am?"}, {"author_id": 1256459710284382216, "id": 1495287396308602885, "text": "@samkiszkasfoot emma i csnt do ths"}, {"author_id": 602501486, "id": 1495287391887798276, "text": "@sibomana_emma @BakerReports @MissRwandaDotRW @JollyMutesi @NimwizaMeghan The coward spokeswoman of #MissRwanda2022 described the @BakerReports  \u2018s space as a waste of time &amp; I replied to her that &amp; see her response\ud83d\ude05, imagine blocking someone who doesn\u2019t even follow you ? https://t.co/Tb8r2rmU56"}, {"author_id": 1361270496508182530, "id": 1495287314255335424, "text": "RT @ismailbukenya1: \u201c Emma for the last time , who cut the waist bead I bought for you \u201d https://t.co/KFgr5rLm4C"}, {"author_id": 1418261701355458562, "id": 1495287296232681474, "text": "RT @kitstairs: i just know cristina and emma would have weekly euphoria watch parties"}, {"author_id": 1492473819499581440, "id": 1495287288707883013, "text": "#NowPlaying\nEmma Deigman - It Was You\n\nwe're on 98.0FM and \nhttps://t.co/v2Fh9xJlS1"}, {"author_id": 281473975, "id": 1495287156075544576, "text": "one guy said it reminds him of his celebrity crush emma stone"}, {"author_id": 1057515282422550529, "id": 1495287149398085637, "text": "Miss chanel need Emma roberts to do something"}, {"author_id": 590392174, "id": 1495287121531314177, "text": "RT @RaducanuNews: Emma will play Daria Saville \ud83c\udde6\ud83c\uddfa in the first round in @WTAGuadalajara \ud83c\uddf2\ud83c\uddfd\ud83c\udf35\n\n#EmmaRaducanu | #Raducanu | #Guadalajara https\u2026"}, {"author_id": 1130496455041531904, "id": 1495287109703319555, "text": "The Emma Chamberlain tweet you were looking for https://t.co/AEtuvQIchD"}, {"author_id": 1167742277508198400, "id": 1495287053096865792, "text": "RT @pustisore: which bonten? \ntokyo revengers girl bonten! au emma focused few tweets fic\ncw // \ud83d\udd1e nsfw , nsfw pic , f/m pair https://t.co/y\u2026"}, {"author_id": 771941761195343872, "id": 1495287045631139841, "text": "RT @DemiDaniiix: Hi guys\u270b\nEmma Muscat will have to win the MESC this Saturday.\nCome on guys! Let's bring it to victory.\n\n#MESC #Malta #Malt\u2026"}, {"author_id": 1428540855229456385, "id": 1495286985120186370, "text": "Eyepatch Emma and Mary trapped in a mirror lmfao"}, {"author_id": 1469837329539940353, "id": 1495286966341885958, "text": "It\u2019s a device for talking, I don\u2019t bloody know. I press the Emma button and she answers usually."}, {"author_id": 1443851499772198913, "id": 1495286949023817728, "text": "emma u wanna see something I found /safe #bipbopspace"}, {"author_id": 1435526261418303489, "id": 1495286944007278593, "text": "@emma_cassel This looks like god showing off..... or maybe the other guy... hmmmm"}]