[{"author_id": 576269640, "id": 1495254182546321410, "text": "@Austenprose I like to make this one a double feature along with The Enchanted April. Love both films so much!"}, {"author_id": 397095580, "id": 1495177585449488388, "text": "I'm #reading The Enchanted April by Elizabeth von Arnim https://t.co/MW4bYbk4GL"}, {"author_id": 54147540, "id": 1494988488655065092, "text": "@FiMcKz @Lias89733971 Enchanted April by Elizabeth von Arnim. She was born in Australia in mid 1800s but went to live in Europe at only 3 yrs, later marrying a German count. She was a prolific writer at the time and sold many books - but she was lost to us for many years. Funny that!"}, {"author_id": 1487346301696024578, "id": 1494963549013446656, "text": "RT @fakenjm: @lTSJAEMAN Lantas juicy luicy\nDi balik layar juicy luicy\nPelukku untuk pelikmu fiersa\nApril fiersa\nEnchanted Taylor Swift\nBack\u2026"}, {"author_id": 755500240946331648, "id": 1494868635219034113, "text": "@lTSJAEMAN Lantas juicy luicy\nDi balik layar juicy luicy\nPelukku untuk pelikmu fiersa\nApril fiersa\nEnchanted Taylor Swift\nBack to December Taylor S\nTakut idgitaf\nRuntuh fiersa\nBertaut nadin\nWherever you are One ok rock\nHeartache one ok rock\nWhen you're gone avril\nWish you Were here avril"}, {"author_id": 79231284, "id": 1494823547210018817, "text": "MainStage Irving-Las Colinas Announces Cast For ENCHANTED APRIL\nhttps://t.co/UJqRW6UaOO"}, {"author_id": 165883570, "id": 1494721381036171269, "text": "Celebrate the birthday of @MollyRingwald who starred on Broadway in Cabaret and Enchanted April! Cheers to this talented actor! #TickTickBoom #Annie #SweetCharity ^Ricky https://t.co/B3i9aElmLG"}, {"author_id": 2377717712, "id": 1494693304847548419, "text": "Celebrate the birthday of @MollyRingwald who starred on Broadway in Cabaret and Enchanted April! Cheers to this talented actor! #TickTickBoom #Annie #SweetCharity @TKTS https://t.co/ii2tIGCbYC"}, {"author_id": 49632041, "id": 1494410530009796612, "text": "Join the Gender and Sexuality Campus in the Enchanted Forest for Pride Prom 2022! Dance the night away and enjoy treats and fun times with friends! Let's party Saturday, April 2nd from 7pm to 10pm in the MSU Union Ballroom! MASKS REQUIRED UNLESS EATING OR DRINKING https://t.co/S0nNx1Z9qD"}, {"author_id": 23965803, "id": 1494376496055701517, "text": "The Enchanted April is charming. #ccdare #ccbookreviews https://t.co/WFagNMKpEw"}, {"author_id": 261885441, "id": 1494114526274465797, "text": "Galapagos Enchanted Isles Photography Adventure April 2023\n\nFull Details \u2022 https://t.co/q5xlFD1gFR\n\nJoin us as we find giant tortoises, three kinds of boobies, marine and land iguanas, Galapagos penguins, flightless cormorants ...\n\n@naturephotographyadventures #Galapagos https://t.co/8RBGZuL8UH"}, {"author_id": 242723928, "id": 1494010083247898626, "text": "RT @KESMayBall: Exciting plans for this year's Enchanted Forest May Ball are underway...tickets for this fantastic evening on Saturday 30th\u2026"}, {"author_id": 748904922251341824, "id": 1493986302571651074, "text": "Order your copy of The Enchanted April by Author Elizabeth Von Arnim to be part of their Classics Book Club @VictoriaMag \n\n#booklover #bookworms #readingrocks #bibliophile #classics #bookclubs #VictoriaMagazine https://t.co/hLIUVkV8jk"}, {"author_id": 2315237910, "id": 1493974888368984070, "text": "RT @KESMayBall: Exciting plans for this year's Enchanted Forest May Ball are underway...tickets for this fantastic evening on Saturday 30th\u2026"}, {"author_id": 1397112155154046976, "id": 1493938811159592967, "text": "RT @KESMayBall: Exciting plans for this year's Enchanted Forest May Ball are underway...tickets for this fantastic evening on Saturday 30th\u2026"}, {"author_id": 960111175018180609, "id": 1493924234929885191, "text": "Exciting plans for this year's Enchanted Forest May Ball are underway...tickets for this fantastic evening on Saturday 30th April - raising funds for @SportKES1, @FoKES and @FauxPasKES - are available now on ParentPay! @KES_Stratford https://t.co/kBHtClnR5J"}, {"author_id": 1198777879, "id": 1493907631592951808, "text": "The Enchanted April was a popular choice for our book club. I'm relieved, after A Place of Greater Safety I needed to give the group something light, sweet and uplifting \ud83d\ude42"}, {"author_id": 709165344837869568, "id": 1493883908055654401, "text": "Look! If it isn't April the sleepy Dwarf, who wields an enchanted great-axe!"}, {"author_id": 1198777879, "id": 1493854394961571842, "text": "So, I read An Enchanted April last night, ready for book club today. I liked it until it became too sugary\nNow I'm back to twisted tales with The House Guest by @mredwards"}, {"author_id": 796591873594953729, "id": 1493849739720278016, "text": "RT @SignumU: Prepare to be dazzled, enchanted, bespelled, and fascinated!\n\nAnnouncing Sunshine Moot, coming to Winter Park, Florida on Apri\u2026"}, {"author_id": 750945724779663360, "id": 1493715333399547907, "text": "RT @VictoriaMag: Join in discussing our newest question for this year's primary selection, The Enchanted April, on the Victoria Classics Bo\u2026"}, {"author_id": 128160283, "id": 1493575004017274881, "text": "RT @SignumU: Prepare to be dazzled, enchanted, bespelled, and fascinated!\n\nAnnouncing Sunshine Moot, coming to Winter Park, Florida on Apri\u2026"}, {"author_id": 914646919, "id": 1493562396127944705, "text": "RT @SignumU: Prepare to be dazzled, enchanted, bespelled, and fascinated!\n\nAnnouncing Sunshine Moot, coming to Winter Park, Florida on Apri\u2026"}, {"author_id": 2488720056, "id": 1493556184657367044, "text": "RT @SignumU: Prepare to be dazzled, enchanted, bespelled, and fascinated!\n\nAnnouncing Sunshine Moot, coming to Winter Park, Florida on Apri\u2026"}, {"author_id": 491870271, "id": 1493556105338884100, "text": "Prepare to be dazzled, enchanted, bespelled, and fascinated!\n\nAnnouncing Sunshine Moot, coming to Winter Park, Florida on April 2, 2022!\n\nRegistration now open. CFP closes March 12.\nhttps://t.co/hwUDt7WopP\n\n#SunshineMoot #fantasy #magic https://t.co/jPCEmoqvM1"}, {"author_id": 40512282, "id": 1493552203579400193, "text": "RT @TruthWeRTheNews: Enchanted LifePath Is Live @TruthWeAreTheNews\nEXPOSED \u2013 Alice Day \u2013 25th April Annual Paedophile Pride Day \u2013 A Paedo C\u2026"}, {"author_id": 1198777879, "id": 1493479801163812864, "text": "I'm taking a break from twisted tales \nToday I'm reading The Enchanted April by Elizabeth von Arnim, which is good because tomorrow is book club and it's my choice this month - The Enchanted April \ud83d\ude09\n(And it's a good story for those of us who feel a strong need to serve others) https://t.co/WdUUF5PAVx"}, {"author_id": 913832946, "id": 1493447448966033412, "text": "RT @VictoriaMag: Join in discussing our newest question for this year's primary selection, The Enchanted April, on the Victoria Classics Bo\u2026"}, {"author_id": 1448836883098783745, "id": 1493440571150671874, "text": "RT @originlbookgirl: 5 movie recs, no rules:\n\nMonsoon Wedding (2001)\nEnchanted April (1991)\nThe Crow (1994)\nSwing Kids (1993)\nAbsolute Begi\u2026"}, {"author_id": 145817132, "id": 1493390893948284936, "text": "RT VictoriaMag: Join in discussing our newest question for this year's primary selection, The Enchanted April, on the Victoria Classics Book Club forum. The forum is now hosted on our new Victoria Classics Book Club Facebook page, at \u2026 https://t.co/thjB3urze4"}, {"author_id": 58803694, "id": 1493383812478341121, "text": "Join in discussing our newest question for this year's primary selection, The Enchanted April, on the Victoria Classics Book Club forum. The forum is now hosted on our new Victoria Classics Book Club Facebook page, at https://t.co/IGHdxhz8mb. https://t.co/Q1bLmxQgr4"}, {"author_id": 2472767192, "id": 1493346386863079428, "text": "@VinegarLotion @letterboxd Enchanted April\nI Know Where I'm Going\nRobin and Marian\nThe Shop Around the Corner"}, {"author_id": 1211539481351737345, "id": 1493343499059712004, "text": "@LorraineRogerso Yes!  It\u2019s brilliant how she did it.  I loved her Enchanted April but this I know I won\u2019t ever forget."}, {"author_id": 2315237910, "id": 1493340071004626944, "text": "RT @KESMayBall: Tickets on sale via ParentPay for our 'Enchanted Forest' inspired May Ball on Saturday 30th April...Eat, drink and dance th\u2026"}, {"author_id": 1493049279929151491, "id": 1493334760499957760, "text": "(^PDF/BOOK)-&gt;DOWNLOAD The Enchanted April (Penguin Classics) https://t.co/PePfTarTdg https://t.co/g59NMUQL4S"}, {"author_id": 402851939, "id": 1493326979541651457, "text": "5 movie recs, no rules:\n\nMonsoon Wedding (2001)\nEnchanted April (1991)\nThe Crow (1994)\nSwing Kids (1993)\nAbsolute Beginners (1986)\n\n5 @ s\n@cornnutsbbq\n@AtheistSpinster \n@BanghartT \n@LuvMultimedia \n@TheSiouxfan https://t.co/2C5y2AcRR8"}, {"author_id": 397095580, "id": 1493301223763714051, "text": "Marked as to-read: The Enchanted April by Elizabeth von Arnim https://t.co/MW4bYbk4GL"}, {"author_id": 818601950, "id": 1493263884731305988, "text": "@ambrrr That is the Enchanted April aesthetic I LONG for"}, {"author_id": 900328567, "id": 1493244920534126597, "text": "@marymayf @SusanEBarsby Have you read Enchanted April ?  That's my favourite."}, {"author_id": 1336335683519008768, "id": 1493239878187995147, "text": "Book orders in at last! Excited for my unit pairing \"The Waste Land\" and \"The Enchanted April.\" As one does. Holding off on Anne of Green Gables, but Wizard of Earthsea is in the mix this time, which I've been wanting to try for ages. Looking forward to this one."}, {"author_id": 763723500, "id": 1493014520184385539, "text": "The sure way to tell the difference between oboe and clarinet:\n\nIf it makes you cry and think of \"Enchanted April,\" oboe.\n\nIf it makes you cry and think of \"Out of Africa,\" clarinet.\n\nYou're welcome. #CGwatchesTU"}, {"author_id": 2853227019, "id": 1492999121740963845, "text": "RT @KESMayBall: Tickets on sale via ParentPay for our 'Enchanted Forest' inspired May Ball on Saturday 30th April...Eat, drink and dance th\u2026"}, {"author_id": 242723928, "id": 1492926298053881860, "text": "RT @KESMayBall: Tickets on sale via ParentPay for our 'Enchanted Forest' inspired May Ball on Saturday 30th April...Eat, drink and dance th\u2026"}, {"author_id": 1005186125345034240, "id": 1492925842695114753, "text": "@NonsenseIsland @hollycappuccino Barcelona, Enchanted April, The Nasty Girl, Bullets Over Broadway, Living In Oblivion, The Hudsucker be Proxy"}, {"author_id": 1397112155154046976, "id": 1492909867107069960, "text": "RT @KESMayBall: Tickets on sale via ParentPay for our 'Enchanted Forest' inspired May Ball on Saturday 30th April...Eat, drink and dance th\u2026"}, {"author_id": 960111175018180609, "id": 1492909706515472388, "text": "Tickets on sale via ParentPay for our 'Enchanted Forest' inspired May Ball on Saturday 30th April...Eat, drink and dance the night away to the incredible KERBB and our fabulous DJ! Funds raised help support all three of the PTAs...@SportKES1 @FoKES @FauxPasKES @KES_Stratford https://t.co/KqNbFiw7Rh"}, {"author_id": 79191707, "id": 1492877511327420419, "text": "@ErinRNapier The Love Letter (absolutely perfect)\nEnchanted April"}, {"author_id": 848679210, "id": 1492768609512349696, "text": "@AnUncivilPhD @zackkruse @andrewbarbel @summerpierre @GinaMurrell1 Cold Comfort Farm\nEnchanted April\nMoneyball\nPersuasion\nWorld War Z\n@BRhonnie @Lenniesaurus @WrigleyGuinness @TimDownie1 @DebsterPA1"}]