[{"author_id": 196340899, "id": 1495293600992665600, "text": "@ElainaCScott This was supposed to be a sequel to Escape From New York originally. I watched it through that filter. Otherwise\u2026"}, {"author_id": 1407114192642052099, "id": 1495282391677554690, "text": "@Meowdab Mixed with a half assed version of escape from New York,this is why us asylum and origins fans are superior"}, {"author_id": 14570542, "id": 1495274218250027009, "text": "@turksespinnekop Studio Canal has a 4K release with special features, though you\u2019d need a region free player to play the features disc\n\nhttps://t.co/YGoPAzXj3D"}, {"author_id": 26914010, "id": 1495271594213744640, "text": "My first ever job in New York was in this building, 142 Greene St. Witnessed the North Tower burn from the fourth story fire escape that Tuesday morning. https://t.co/Alfm4S0HH5"}, {"author_id": 2865645275, "id": 1495251975780376576, "text": "@GumbyFactsDaily The director of Escape from New York?"}, {"author_id": 1122324409, "id": 1495232154577555463, "text": "RT @juanrayala: I heard that the remake of the film \"Escape From New York\" has been shelved. because, thanks to Governor @KathyHochul, the\u2026"}, {"author_id": 2449902444, "id": 1495231647960100868, "text": "i am watching ESCAPE FROM NEW YORK and literally crying at the casual mention that Kurt Russell has \u201cpurple hearts from leningrad and siberia\u201d"}, {"author_id": 3988057703, "id": 1495217018106228740, "text": "Tonight's movie is...Escape From New York #SaturdayThoughts"}, {"author_id": 928906192436498432, "id": 1495216441221595146, "text": "Escape from New York (1981)\n\nDirector: John Carpenter\nCinematographer: Dean Cundey\nEditor: Todd Ramsey\nStars: Kurt Russell, Lee Van Cleef, Ernest Borgnine, Donald Pleasance, Harry Dean Stanton, Adrienne Barbeau https://t.co/GZmmMdXy0k"}, {"author_id": 1087466231416922112, "id": 1495212697046110214, "text": "@magsnichols Escape from New York or least get upstate!! Scared little sheep following \"political science\""}, {"author_id": 4248952035, "id": 1495202033820971015, "text": "#NowPlaying \"Escape from New York (Main Title)\" (John Carpenter cover song):\n#AppleMusic : https://t.co/ZcT6ZQFXyu\n#YouTube : https://t.co/V2fRcv8w33\n#Spotify : https://t.co/V52iTctxUU"}, {"author_id": 3246248581, "id": 1495194335771381761, "text": "Best 1980s Films of Hell\n\n1. Come and See\n2. Miracle Mile\n3. City of the Living Dead\n4. Blue Velvet\n5. Escape from New York\n6. Dead and Buried\n7. Southern Comfort\n8. The Beyond\n9. Demons\n10. Demons 2 https://t.co/VEFCs2FXaO"}, {"author_id": 1461851635857039364, "id": 1495193236595351555, "text": "@CanUSPolitic @AOC I think we should defund the police just like AOC/squad wanted to do. I would love to see all the police, EMTs all pulled out of New York City and make it a reality TV show; kind of like escape from New York. Gentleman\u2019s bet we see 1,000 deaths by week 2. Anybody wanna wager?"}, {"author_id": 82113260, "id": 1495183591386619909, "text": "Got the boys to agree to another \u201880s action movie with dad tonight. I\u2019ve been pushing more Carpenter on them since they enjoyed BIG TROUBLE IN LITTLE CHINA earlier. They\u2019ve agreed to THE THING, but I might call an audible and go with ESCAPE FROM NEW YORK."}, {"author_id": 52936884, "id": 1495183317892751360, "text": "@usasmitty Escape from New York"}, {"author_id": 132478585, "id": 1495172332188483585, "text": "@JetpackBraggin Hol' up, they made a SEQUEL to Escape from New York?!"}, {"author_id": 1406049443963719680, "id": 1495171618649350149, "text": "RT @juanrayala: I heard that the remake of the film \"Escape From New York\" has been shelved. because, thanks to Governor @KathyHochul, the\u2026"}, {"author_id": 1291304903135186944, "id": 1495166631026335748, "text": "RT @juanrayala: I heard that the remake of the film \"Escape From New York\" has been shelved. because, thanks to Governor @KathyHochul, the\u2026"}, {"author_id": 1445105609301532674, "id": 1495165593317789698, "text": "RT @juanrayala: I heard that the remake of the film \"Escape From New York\" has been shelved. because, thanks to Governor @KathyHochul, the\u2026"}, {"author_id": 1314734397212553218, "id": 1495156952187518976, "text": "@magsnichols @rising_serpent Escape from New York!"}, {"author_id": 1049480983, "id": 1495153630000914432, "text": "Director of some of my favorite 80's films Escape from New York, The Thing and They Live who is older then my mother is pumped for Horizon Forbidden West.  That's cool man.  (See those movies inspired games such as Metal Gear Solid, Saints Row 4, Dead Space to name a few) https://t.co/tK6HXtWJQd"}, {"author_id": 305552475, "id": 1495147276771151884, "text": "RT @LASTEXITshirts: I \u2764\ufe0f Escape from New York - As worn by a crew member on John Carpenter\u2019s \u2018The Thing\u2019.  &gt; https://t.co/yyXDukuxCv https:\u2026"}, {"author_id": 1403468512518098957, "id": 1495143028314488840, "text": "RT @hitRECordJoe: Happy 40th to John Carpenter\u2019s ESCAPE FROM NEW YORK \ud83d\uddfd https://t.co/KwsPxsgaVb"}, {"author_id": 1403468512518098957, "id": 1495143014402076679, "text": "RT @BDisgusting: Imagine a world without Halloween. Or The Thing. Or Escape from New York. Or The Fog. Or Christine. Or Big Trouble in Litt\u2026"}, {"author_id": 1403468512518098957, "id": 1495142965991428103, "text": "RT @TheCinegogue: James Cameron working on a matte painting on the set of Escape from New York (1981) dir. John Carpenter https://t.co/jlnv\u2026"}, {"author_id": 1403468512518098957, "id": 1495141248981774337, "text": "RT @ClintForever: Remembering Navy veteran, stage, film &amp; television actor Lee Van Cleef #BOTD in Somerville, New Jersey, USA. Lee appeared\u2026"}, {"author_id": 814453152749678592, "id": 1495138569135996929, "text": "RT @LASTEXITshirts: I \u2764\ufe0f Escape from New York - As worn by a crew member on John Carpenter\u2019s \u2018The Thing\u2019.  &gt; https://t.co/yyXDukuxCv https:\u2026"}, {"author_id": 942586790, "id": 1495138054687838212, "text": "@kennedygandrews When was the last time you visited? \ud83d\ude02 the streets look nothing like that now. Covid had the streets looking like escape from New York thankfully they got their shit together. But I can tell you Lubbock has looked the same for a decade and it\u2019s still a complete $HITHOLE. \ud83d\ude02"}, {"author_id": 23788615, "id": 1495137622775279617, "text": "RT @VintageVideoPod: Our review of John Carpenter\u2019s Escape from New York is available now!\nhttps://t.co/R5eGlX23jl\n\n#escapefromnewyork #198\u2026"}, {"author_id": 209383326, "id": 1495135139340431361, "text": "RT @BoundaryExcept: #NowPlaying \"Escape from New York (Main Title)\" (John Carpenter cover song by Peter Hamer):\n#AppleMusic : https://t.co/\u2026"}, {"author_id": 818484488758030337, "id": 1495135085032521731, "text": "#NowPlaying \"Escape from New York (Main Title)\" (John Carpenter cover song by Peter Hamer):\n#AppleMusic : https://t.co/pP4f0yeI8e\n#YouTube : https://t.co/pbZvZ2pzpg\n#Spotify : https://t.co/ymzkSAOWyr"}, {"author_id": 1435701105506258948, "id": 1495133875063996428, "text": "@RaymieHeart81 @pat_langridge Hmm.. Escape from New York comes to mind!"}, {"author_id": 14066676, "id": 1495131509556228096, "text": "RT @LASTEXITshirts: I \u2764\ufe0f Escape from New York - As worn by a crew member on John Carpenter\u2019s \u2018The Thing\u2019.  &gt; https://t.co/yyXDukuxCv https:\u2026"}, {"author_id": 27720640, "id": 1495131410360938498, "text": "RT @LASTEXITshirts: I \u2764\ufe0f Escape from New York - As worn by a crew member on John Carpenter\u2019s \u2018The Thing\u2019.  &gt; https://t.co/yyXDukuxCv https:\u2026"}, {"author_id": 2990352856, "id": 1495131129556393987, "text": "RT @jmswallow: I've done pretty good with my IP bucket list, but I still have a few I'd love to do:\nBig Ones: Star Wars, Indiana Jones, Mar\u2026"}, {"author_id": 2205012572, "id": 1495129821801820167, "text": "Exploring #BlackHistory in New York\n\nA significant community for free Black property owners in 19th century that served as an escape from Manhattan's racist climate and unhealthy conditions.\n\nLearn more about Seneca Village here - https://t.co/mkhf9SOO7U\n\n #BHM #BlackHistoryMonth https://t.co/Lw4FBv7gUc"}, {"author_id": 286244649, "id": 1495129788037558273, "text": "RT @LASTEXITshirts: I \u2764\ufe0f Escape from New York - As worn by a crew member on John Carpenter\u2019s \u2018The Thing\u2019.  &gt; https://t.co/yyXDukuxCv https:\u2026"}, {"author_id": 916815768267915264, "id": 1495128448418947076, "text": "Scene from \"Escape from New York: 2022\" https://t.co/RFR3IItVRf"}, {"author_id": 2597803055, "id": 1495127664725835777, "text": "RT @LASTEXITshirts: I \u2764\ufe0f Escape from New York - As worn by a crew member on John Carpenter\u2019s \u2018The Thing\u2019.  &gt; https://t.co/yyXDukuxCv https:\u2026"}, {"author_id": 41378267, "id": 1495127391613579267, "text": "RT @LASTEXITshirts: I \u2764\ufe0f Escape from New York - As worn by a crew member on John Carpenter\u2019s \u2018The Thing\u2019.  &gt; https://t.co/yyXDukuxCv https:\u2026"}, {"author_id": 37403964, "id": 1495126042939248646, "text": "I \u2764\ufe0f Escape from New York - As worn by a crew member on John Carpenter\u2019s \u2018The Thing\u2019.  &gt; https://t.co/yyXDukuxCv https://t.co/blSDhXyhGB"}, {"author_id": 1470480769, "id": 1495121022806286348, "text": "\ud83c\udfc6 Congrats to @ocdviewer &amp; 2 other players who found screenshot #149787 \"Escape from New York\" (John Carpenter - 1981) in 12s. https://t.co/VGXyUGdpF7"}, {"author_id": 797081004401917952, "id": 1495119821989625862, "text": "@FindShotFirst Escape from New York"}, {"author_id": 1273438816427225097, "id": 1495118675288158208, "text": "@Madison420Ivy Escape From New York. Its just straight up badass."}, {"author_id": 2229884004, "id": 1495118622410301441, "text": "@FindShotFirst Escape from New York"}, {"author_id": 277064459, "id": 1495118553963446272, "text": "@FindShotFirst Escape from New York"}, {"author_id": 1068067157655748608, "id": 1495114139747954705, "text": "Sci-Fi Classic Review: ESCAPE FROM NEW YORK (1981) https://t.co/q8UX33xE4T via @YouTube One RFT"}, {"author_id": 780596659411574784, "id": 1495111827147030530, "text": "RT @juanrayala: I heard that the remake of the film \"Escape From New York\" has been shelved. because, thanks to Governor @KathyHochul, the\u2026"}, {"author_id": 377589546, "id": 1495108437105070085, "text": "I heard that the remake of the film \"Escape From New York\" has been shelved. because, thanks to Governor @KathyHochul, the movie would played as a real-life documentary instead a fictional sci-fi action movie. Let get together and fight for #ANewNY and support @LarrySharpe https://t.co/NHygTf0DF6"}, {"author_id": 1422652269800169477, "id": 1495104197141962754, "text": "@draw1ngdiamonds exactly and like escape from skull shores was atleast a week bc it was spring break, boo york was a good few days like \ud83d\ude2d idk where in the timeline these new dolls are taking place but it doesn\u2019t make sense to me idk"}, {"author_id": 1125410630, "id": 1495101209824399361, "text": "RT @VintageVideoPod: Our review of John Carpenter\u2019s Escape from New York is available now!\nhttps://t.co/R5eGlX23jl\n\n#escapefromnewyork #198\u2026"}, {"author_id": 1089226040856199173, "id": 1495097542153052161, "text": "RT @VintageVideoPod: Our review of John Carpenter\u2019s Escape from New York is available now!\nhttps://t.co/R5eGlX23jl\n\n#escapefromnewyork #198\u2026"}, {"author_id": 1155604448422457344, "id": 1495096359581409281, "text": "Our review of John Carpenter\u2019s Escape from New York is available now!\nhttps://t.co/R5eGlX23jl\n\n#escapefromnewyork #1980s #johncarpenter #nickcastle #kurtrussell #leevancleef #ernestborgnine #donaldpleasence #isaachayes #seasonhubley #harrydeanstanton #adriennebarbeau #tomatkins https://t.co/ssJh5L6qyf"}, {"author_id": 1430136708314583042, "id": 1495096209782059009, "text": "@RattMettig @SGaykwon Most folk don't want to put work into their films like us. And analyse the whole thing. We're a nightmare for watching media together aren't we? Most folk wanna see some faceless Russian bad guys get shot.\n\nEscape from New York, political commentary. Most people just saw violence"}, {"author_id": 1470677116513566720, "id": 1495088778125484036, "text": "@winterronin1 @AtheistsL Chaz or whatever the fuck that was called. \nBasically escape from new York was 100% true\nEscape from LA even truer"}, {"author_id": 3396047091, "id": 1495086168995680269, "text": "@mikeBithell Oh yea you mentioned you were collecting the Vinyls. What your fave OST he did? \n\nI really love the Fog, Escape from New York, Christine is a really underrated one, but my all time fave is Assault on precinct 13. \n\nSooooo evocative! https://t.co/pyJNmwhFw5"}, {"author_id": 1461851635857039364, "id": 1495085683043569665, "text": "@SenTedCruz Evacuate the cops EMTs Republicans etc. and just wall up New York City like escape from New York I just sit back and watch the entire city implode! The aftermath will destroy the Democrat party forever!"}, {"author_id": 169880662, "id": 1495082087480713217, "text": "5 people found #386412 and @Filmatelist was 1st! It was director \"John Carpenter\" (Escape from New York, 1981). Back in 5 min! https://t.co/Ybk6ptQF2O"}, {"author_id": 1277565320346193920, "id": 1495081705509728258, "text": "&gt;escape from new york dvd\n&gt;says \"digitally remastered\" on it\n&gt;they just turned the contrast and saturation up a bit, rendering most of the movie almost unwatchable"}, {"author_id": 1460478398, "id": 1495081108089753606, "text": "@whattheshot Escape from new york"}, {"author_id": 1310490102225866754, "id": 1495080973737893889, "text": "@CiaranCuffe @IsMiseMarcas Good idea but I fear within the boundaries would be like the movie \u201cescape from New York\u201d with Pearse Being Snake Pissken"}, {"author_id": 137372367, "id": 1495059125734105089, "text": "@kickassvargas Don't forget about Escape From New York. https://t.co/e5NIlSjzyo"}, {"author_id": 1421112286706606080, "id": 1495058573839282178, "text": "@uenvydisprince @kevinbu65998520 @9to5_escape_art @bdunn6 @EnesFreedom @SenateGOP From 2020 to 2021 NYC saw an increase but the entire state of New York had over 300K people leave. The 2nd most behind California. California's decrease was the 1st time ever that more people left than came in. Illinois saw the highest decrease in its history."}, {"author_id": 704364159803265025, "id": 1495051666445402114, "text": "A plain white boy running from this town through the underground tunnels to escape a single city in New York"}, {"author_id": 714727391093002240, "id": 1495043814377275395, "text": "@steusmotus Holy shit, Look like he is now my favorite director. Gotta start watching Escape from New York"}, {"author_id": 1316560789, "id": 1495029997517611008, "text": "@IGN Absolute legend, escape from la and new york, the thing, halloween, they live, are all class"}, {"author_id": 1483469429916659714, "id": 1495012549594521606, "text": "Escape from New York: noted restaurateur ditches home state for Florida | Business Observer | Business Observer https://t.co/g8b76nwt6b"}, {"author_id": 1297840008703991810, "id": 1494996062595133450, "text": "@OttawaPolice Fvck me!\nEscape From New York"}, {"author_id": 773485929969414148, "id": 1494989368754200576, "text": "John Carpenter claims he\u2019s in the dark about \u2018Escape From\nNew York\u2019 remake   https://t.co/eN4OD9Oat4"}, {"author_id": 894242002056892416, "id": 1494979417973608450, "text": "John Carpenter Claims He\u2019s in the Dark About \u2018Escape From New York\u2019\u00a0Remake https://t.co/oIp5FLuZwe"}, {"author_id": 1275203503464558593, "id": 1494960420200796162, "text": "That second guy looks like Kurt Russell from the movie, \"Escape from New York\" https://t.co/JMu17zh7N9"}, {"author_id": 1080146564667068416, "id": 1494959729642119169, "text": "RT @VictimOfIllusio: #NowPlaying Escape from New York (John Carpenter cover song by Peter Hamer):\n#AppleMusic : https://t.co/jKnhfkMvbn\n#Sp\u2026"}, {"author_id": 154895192, "id": 1494954414028857347, "text": "@fanciefiestie Die Hard 3\nDaylight \nGhostbusters 1 and 2\nEscape from New York \nNinja Turtles 1 and 2\nComing to America\nMen in Black 1, 2 and 3\nCan we count Independece Day as well coz most of the beginning was New York"}, {"author_id": 158912862, "id": 1494901437125513219, "text": "Also: Apple AirTag stalking alert / War on potholes / \u200bLI-themed Wordle puzzle launches / 1st Charleston-bound flight takes off from ISP https://t.co/3qTOkSlYrT"}, {"author_id": 1071986199596806145, "id": 1494889974675742720, "text": "@bracer788 @augbumpkin I guess you haven\u2019t heard the bad news about Escape from New York. I almost don\u2019t have the heart to tell you."}, {"author_id": 158571972, "id": 1494884493584392196, "text": "Also: Apple AirTag stalking alert / War on potholes / \u200bLI-themed Wordle puzzle launches / 1st Charleston-bound flight takes off from ISP https://t.co/xeTxrsowgF"}, {"author_id": 163904433, "id": 1494883624642134017, "text": "John Carpenter Addresses the Reboot of Escape From New York and Possible Involvement https://t.co/VepyYR8Kta via @ComicBook"}, {"author_id": 1399753778597818372, "id": 1494882798389248001, "text": "The Duke Arrives / Barricade https://t.co/LDFsU12xpl via @YouTube  Now I\u2019m jamming out to this track from Escape from New York"}, {"author_id": 158912561, "id": 1494882561771941888, "text": "Also: Apple AirTag stalking alert / War on potholes / \u200bLI-themed Wordle puzzle launches / 1st Charleston-bound flight takes off from ISP https://t.co/BjM6WcUK60"}, {"author_id": 750522884, "id": 1494882300491878402, "text": "Also: Apple AirTag stalking alert / War on potholes / \u200bLI-themed Wordle puzzle launches / 1st Charleston-bound flight takes off from ISP https://t.co/uKgBRvfgv9"}, {"author_id": 161717417, "id": 1494882106534682626, "text": "Also: Apple AirTag stalking alert / War on potholes / \u200bLI-themed Wordle puzzle launches / 1st Charleston-bound flight takes off from ISP https://t.co/ZxHgtJJ5en"}, {"author_id": 94023007, "id": 1494881996929130498, "text": "Also: Apple AirTag stalking alert / War on potholes / \u200bLI-themed Wordle puzzle launches / 1st Charleston-bound flight takes off from ISP https://t.co/Rq0CVQQ1JV"}, {"author_id": 751735034, "id": 1494881979820658689, "text": "Also: Apple AirTag stalking alert / War on potholes / \u200bLI-themed Wordle puzzle launches / 1st Charleston-bound flight takes off from ISP https://t.co/bMsA6HDMPu"}, {"author_id": 119980727, "id": 1494881720197386245, "text": "RT @portjeffpatch: Also: Apple AirTag stalking alert / War on potholes / \u200bLI-themed Wordle puzzle launches / 1st Charleston-bound flight ta\u2026"}, {"author_id": 158911901, "id": 1494881592027791363, "text": "Also: Apple AirTag stalking alert / War on potholes / \u200bLI-themed Wordle puzzle launches / 1st Charleston-bound flight takes off from ISP https://t.co/1W3oogze8r"}, {"author_id": 159108168, "id": 1494881592006819842, "text": "Also: Apple AirTag stalking alert / War on potholes / \u200bLI-themed Wordle puzzle launches / 1st Charleston-bound flight takes off from ISP https://t.co/lk11Ahbdfe"}, {"author_id": 92051064, "id": 1494881515938975745, "text": "Also: Apple AirTag stalking alert / War on potholes / \u200bLI-themed Wordle puzzle launches / 1st Charleston-bound flight takes off from ISP https://t.co/yhaTQ16Iwe"}, {"author_id": 94617335, "id": 1494881404462714882, "text": "Also: Apple AirTag stalking alert / War on potholes / \u200bLI-themed Wordle puzzle launches / 1st Charleston-bound flight takes off from ISP https://t.co/37yqQzVu4M"}, {"author_id": 709814650498621440, "id": 1494880387214028802, "text": "Also: Apple AirTag stalking alert / War on potholes / \u200bLI-themed Wordle puzzle launches / 1st Charleston-bound flight takes off from ISP https://t.co/ChMAsfXUAn"}, {"author_id": 158913287, "id": 1494880385519558657, "text": "Also: Apple AirTag stalking alert / War on potholes / \u200bLI-themed Wordle puzzle launches / 1st Charleston-bound flight takes off from ISP https://t.co/sESEKkwt7c"}, {"author_id": 164801257, "id": 1494880385423101954, "text": "Also: Apple AirTag stalking alert / War on potholes / \u200bLI-themed Wordle puzzle launches / 1st Charleston-bound flight takes off from ISP https://t.co/08Vu0uhWtq"}, {"author_id": 227751586, "id": 1494880385372672002, "text": "Also: Apple AirTag stalking alert / War on potholes / \u200bLI-themed Wordle puzzle launches / 1st Charleston-bound flight takes off from ISP https://t.co/IT5NcLBqUe"}, {"author_id": 164745815, "id": 1494880376803704832, "text": "Also: Apple AirTag stalking alert / War on potholes / \u200bLI-themed Wordle puzzle launches / 1st Charleston-bound flight takes off from ISP https://t.co/0i6iyUbCx1"}, {"author_id": 150856382, "id": 1494880352057319427, "text": "Also: Apple AirTag stalking alert / War on potholes / \u200bLI-themed Wordle puzzle launches / 1st Charleston-bound flight takes off from ISP https://t.co/vQAGqSbs8W"}]