[{"author_id": 1016300138959179776, "id": 1495163127318597633, "text": "Movie Idea: It's the same plot as Finding Dory but with all the characters from Simpsons but played only by the actors from Escape to Witch Mountain."}, {"author_id": 19733486, "id": 1495135718380748807, "text": "RT @DavidSimkins12: Lou Costello: \"Escape to what mountain?!\"\nBud Abbott: \"Witch!\""}, {"author_id": 1027597068561313797, "id": 1495121366537756672, "text": "Joey: \u201csoulmates torn apart by circumstances beyond their control doomed to wonder what might have been\u201d\n\nDawson\u2019s Creek S3:E7 \u2018Escape from Witch Mountain\u2019"}, {"author_id": 1263881331898937344, "id": 1495104694565306369, "text": "Lou Costello: \"Escape to what mountain?!\"\nBud Abbott: \"Witch!\""}, {"author_id": 389120719, "id": 1495028712328290304, "text": "@jameswharton Escape to Witch Mountain (the original) - just saying"}, {"author_id": 242177143, "id": 1494922488848928772, "text": "Beneath The Planet Of The Apes (1970)\nEscape To Witch Mountain (1975)\nSomething Wicked This Way Comes (1983)\nNeverending Story (1984) https://t.co/7xMDBVhYgm"}, {"author_id": 1441791809936498689, "id": 1494877175652274178, "text": "He was also excellent in Disney's Escape to witch mountain 1975 and on an episode of Columbo: Any old port in a storm 1973. #FridayNightFlix https://t.co/NX3OGuGXfx https://t.co/kXxq703dYl"}, {"author_id": 1350035875, "id": 1494843469449342976, "text": "@ThatEricAlper Escape to Witch Mountain and then when the (70's) movie came out I was pissed that they had changed everything."}, {"author_id": 44215050, "id": 1494839661344305154, "text": "@sarahkendzior @colocha_rachel Also, Escape to Witch Mountain."}, {"author_id": 110660207, "id": 1494823091850989570, "text": "@nicole_jenkins I saw some Disney movies at the cinema or on VHS, and watched \u2018Wonderful World of Disney\u2019 on TV on weekends that had the shit live action stuff. The Disney of my childhood was stuff like \u2018Escape to Witch Mountain\u2019 and \u2018The Great Mouse Detective\u2019"}, {"author_id": 1027014431429951488, "id": 1494655417284116480, "text": "@thisone0verhere Escape to Witch Mountain and Swiss family Robinson"}, {"author_id": 2168355377, "id": 1494476887648841729, "text": "https://t.co/u0UZww3hYu\nAdd on signing in to State department escape from witch mountain tv network message"}, {"author_id": 717503059677437953, "id": 1494452109265145856, "text": "RT @ChicagoTVGuides: On this day in 1980\nNBC - \"Escape to Witch Mountain\" and \"Towering Inferno\"\nChicago Tribune TV Week.  February 17, 198\u2026"}, {"author_id": 203071667, "id": 1494408812807131140, "text": "On this day in 1980\nNBC - \"Escape to Witch Mountain\" and \"Towering Inferno\"\nChicago Tribune TV Week.  February 17, 1980 https://t.co/dJG7WgrtKV"}, {"author_id": 1326349278063841280, "id": 1494382806511796225, "text": "@DutchessWoodall I honestly don't remember the first, but the earliest book that I can remember falling in love with was Escape to Witch Mountain. I borrowed that one from the school library multiple times in elementary school. \ud83d\ude0a"}, {"author_id": 752559084881211392, "id": 1494355286504898560, "text": "RT @DigitalRossman: Newspaper ad for the broadcast premieres of ESCAPE TO WITCH MOUNTAIN &amp; THE TOWERING INFERNO #OTD February 17, 1980 @70s\u2026"}, {"author_id": 35287636, "id": 1494354663558332420, "text": "RT @DigitalRossman: Newspaper ad for the broadcast premieres of ESCAPE TO WITCH MOUNTAIN &amp; THE TOWERING INFERNO #OTD February 17, 1980 @70s\u2026"}, {"author_id": 3272137880, "id": 1494305609532932101, "text": "RT @DigitalRossman: Newspaper ad for the broadcast premieres of ESCAPE TO WITCH MOUNTAIN &amp; THE TOWERING INFERNO #OTD February 17, 1980 @70s\u2026"}, {"author_id": 3196773848, "id": 1494297373497085952, "text": "RT @DigitalRossman: Newspaper ad for the broadcast premieres of ESCAPE TO WITCH MOUNTAIN &amp; THE TOWERING INFERNO #OTD February 17, 1980 @70s\u2026"}, {"author_id": 1259094112562671616, "id": 1494297125332520960, "text": "RT @DigitalRossman: Newspaper ad for the broadcast premieres of ESCAPE TO WITCH MOUNTAIN &amp; THE TOWERING INFERNO #OTD February 17, 1980 @70s\u2026"}, {"author_id": 1157269946620973057, "id": 1494158144720687106, "text": "@craziemamarose Disney+\n\nHate the company but a lot of childhood movie favorites like original Parent Trap, Escape to Witch Mountain, etc. will likely never be streamed elsewhere."}, {"author_id": 429367062, "id": 1494136108371693574, "text": "Escape to Witch Mountain (1975) https://t.co/YILXhT4l1T"}, {"author_id": 2965224676, "id": 1493952052971642885, "text": "Today we celebrate the birthday of Paul Sorensen, born today in 1926. An American actor. he has appeared in such productions as The Invaders, Land of the Giants, the film Westworld, Escape to Witch Mountain, and Salvage 1, and Star Trek III: The Search for Spock. #PaulSorensen https://t.co/p5GnPoeNad"}, {"author_id": 14219654, "id": 1493775441223557120, "text": "Random: The first 2 movies my parents pirated when I was a child were The Apple Dumpling Gang and Escape to Witch Mountain. My sis and I watched them hundreds of times! And please don\u2019t sue me Disney, I now own them both on DVD!"}, {"author_id": 372110754, "id": 1493727094890631181, "text": "@ThatEricAlper The Harder They Come, Enter the Dragon, Escape to Witch Mountain, Duck Soup, Modern Times."}, {"author_id": 57743701, "id": 1493726713901043715, "text": "@ThatEricAlper Escape to Witch Mountain. One of the 1st movies I saw in a theatre. STAR WARS was also incredible."}, {"author_id": 1379159287419781120, "id": 1493722680914182146, "text": "@ThatEricAlper The Shaggy Dog\nThe Hardy Boys\nEscape to Witch Mountain"}, {"author_id": 935255365167472640, "id": 1493707162903670784, "text": "@ThatEricAlper Escape to Witch Mountain"}, {"author_id": 15964729, "id": 1493701653505077248, "text": "Escape To/Return From Witch Mountain https://t.co/WRjJbCCG6A"}, {"author_id": 3403147396, "id": 1493700991023255557, "text": "@ThatEricAlper Escape to Witch Mountain. I wanted magic powers, too! \ud83d\ude06 https://t.co/nr8vAoo2f8"}, {"author_id": 247732766, "id": 1493683949868142597, "text": "@ThatEricAlper Escape to Witch Mountain"}, {"author_id": 16107303, "id": 1493677778566266885, "text": "@ThatEricAlper Escape to Witch Mountain"}, {"author_id": 31064887, "id": 1493458504903966724, "text": "@Ike_Eisenmann @LorenzoNChris Escape to witch mountain"}, {"author_id": 2475297638, "id": 1493365301127389189, "text": "RT @monsterpartyhq: New @monsterpartyhq Tuesday: Welcome actor, producer, and iconic child star IKE EISENMANN!  (ESCAPE TO WITCH MOUNTAIN,\u2026"}, {"author_id": 399401942, "id": 1493259685876617221, "text": "@CMWooly @ndrewcohen @PinkDivaBssh @JaysRealityBlog @Realitytvguru13 I\u2019m far from a \u201cStan\u201d of Kathy\u2019s. I like her. But then again I\u2019ve been a fan of Kim\u2019s since i was a little girl obsessed with Escape To Witch Mountain."}, {"author_id": 17540890, "id": 1493122880808177667, "text": "RT @monsterpartyhq: New @monsterpartyhq Tuesday: Welcome actor, producer, and iconic child star IKE EISENMANN!  (ESCAPE TO WITCH MOUNTAIN,\u2026"}, {"author_id": 216893991, "id": 1493071522239598595, "text": "RT @monsterpartyhq: New @monsterpartyhq Tuesday: Welcome actor, producer, and iconic child star IKE EISENMANN!  (ESCAPE TO WITCH MOUNTAIN,\u2026"}, {"author_id": 152508346, "id": 1493009127001497601, "text": "RT @monsterpartyhq: New @monsterpartyhq Tuesday: Welcome actor, producer, and iconic child star IKE EISENMANN!  (ESCAPE TO WITCH MOUNTAIN,\u2026"}, {"author_id": 873018468, "id": 1493007959630123010, "text": "New @monsterpartyhq Tuesday: Welcome actor, producer, and iconic child star IKE EISENMANN!  (ESCAPE TO WITCH MOUNTAIN, DEVIL DOG: HOUND OF HELL, THE FANTASTIC JOURNEY, STAR TREK II: THE WRATH OF KHAN)  It\u2019s an out of this world look at Ike\u2019s amazing genre career! @Ike_Eisenmann https://t.co/BPHQlPknFI"}, {"author_id": 941052062716002306, "id": 1492970425567043588, "text": "RT @UncleIdiot: Between 2 #SuperSecretSquirrels my #Huntsman sleeps just fine @ night n masv defucking Nile #SureAsShit is #Catfished w his\u2026"}, {"author_id": 33474852, "id": 1492809849859866625, "text": "@richardthewatts @futurerobby I LOVED Escape to Witch Mountain when I was a kid."}]