[{"author_id": 1489520423356145664, "id": 1495285969716535297, "text": "RT @onlyhappiness27: Day 109 \ud83d\udc96\nHer eyes says a lot, everyone can see a different story in her eyes \u2764\ufe0f, But the only story i can see is of P\u2026"}, {"author_id": 1093409479134109696, "id": 1495283360629157889, "text": "RT @bloomnho: i know everyone probably says this but it genuinely genuinely seemed like oneus was having such a good time on stage like you\u2026"}, {"author_id": 1242638532059021315, "id": 1495282067113918464, "text": "He keeps asking \"Do you love her?\" especially when I think of myself and \"Does your arse hurt?\" because a woman did anal sex from doing identity theft he claims so he keeps saying I do. I'm sad he says everyone has hiv and AIDS. I don't think they really do."}, {"author_id": 1303930415606976512, "id": 1495277019126398978, "text": "RT @bloomnho: i know everyone probably says this but it genuinely genuinely seemed like oneus was having such a good time on stage like you\u2026"}, {"author_id": 850878014871175168, "id": 1495276508444827648, "text": "RT @bloomnho: i know everyone probably says this but it genuinely genuinely seemed like oneus was having such a good time on stage like you\u2026"}, {"author_id": 1383016459480223744, "id": 1495276311862181890, "text": "RT @bloomnho: i know everyone probably says this but it genuinely genuinely seemed like oneus was having such a good time on stage like you\u2026"}, {"author_id": 364793282, "id": 1495274857348890625, "text": "RT @bloomnho: i know everyone probably says this but it genuinely genuinely seemed like oneus was having such a good time on stage like you\u2026"}, {"author_id": 1477358151452315648, "id": 1495266484792168448, "text": "RT @onlyhappiness27: Day 109 \ud83d\udc96\nHer eyes says a lot, everyone can see a different story in her eyes \u2764\ufe0f, But the only story i can see is of P\u2026"}, {"author_id": 1188549559, "id": 1495264111613169665, "text": "RT @ConnerHabib: Walking down the street in Dublin holding my bf\u2019s hand.\nA guy in his 50s on his front steps stops us.\n\u201cHey!\u201d he says \nWe s\u2026"}, {"author_id": 450260813, "id": 1495258016769265664, "text": "RT @bloomnho: i know everyone probably says this but it genuinely genuinely seemed like oneus was having such a good time on stage like you\u2026"}, {"author_id": 1119121179468451840, "id": 1495257723423895553, "text": "RT @bloomnho: i know everyone probably says this but it genuinely genuinely seemed like oneus was having such a good time on stage like you\u2026"}, {"author_id": 1486919499592843265, "id": 1495256396736380929, "text": "RT @onlyhappiness27: Day 109 \ud83d\udc96\nHer eyes says a lot, everyone can see a different story in her eyes \u2764\ufe0f, But the only story i can see is of P\u2026"}, {"author_id": 780451601534296064, "id": 1495254978230992896, "text": "RT @bloomnho: i know everyone probably says this but it genuinely genuinely seemed like oneus was having such a good time on stage like you\u2026"}, {"author_id": 1242329258309169152, "id": 1495254015059369987, "text": "RT @bloomnho: i know everyone probably says this but it genuinely genuinely seemed like oneus was having such a good time on stage like you\u2026"}, {"author_id": 1032930007255924736, "id": 1495251643306328064, "text": "RT @bloomnho: i know everyone probably says this but it genuinely genuinely seemed like oneus was having such a good time on stage like you\u2026"}, {"author_id": 453563495, "id": 1495251469427040261, "text": "RT @bloomnho: i know everyone probably says this but it genuinely genuinely seemed like oneus was having such a good time on stage like you\u2026"}, {"author_id": 1073791843089956864, "id": 1495249026937151493, "text": "i know everyone probably says this but it genuinely genuinely seemed like oneus was having such a good time on stage like you can tell how much they love what they do"}, {"author_id": 1035456089062440966, "id": 1495248963930243075, "text": "i love how he ALWAYS LIKE ALWAYS comes out make sure he says thank you and bye to everyone there and then he leaves. https://t.co/wTAmPmuX6N"}, {"author_id": 1493848391188500484, "id": 1495243916135649281, "text": "RT @onlyhappiness27: Day 109 \ud83d\udc96\nHer eyes says a lot, everyone can see a different story in her eyes \u2764\ufe0f, But the only story i can see is of P\u2026"}, {"author_id": 1298513778254864384, "id": 1495236691652538373, "text": "\"I love you\" and \"don't judge a book by it's cover\"\nare same!!!\n~ everyone says .... nobody does\ud83d\udc7d"}, {"author_id": 1478064895983636480, "id": 1495233380115308546, "text": "RT @onlyhappiness27: Day 109 \ud83d\udc96\nHer eyes says a lot, everyone can see a different story in her eyes \u2764\ufe0f, But the only story i can see is of P\u2026"}, {"author_id": 1022161127961067521, "id": 1495200625474166785, "text": "Hello everyone just wanted to say to anyone who's having a rough go of things lately \nIn any shape or form know that you're loved and cherished by others \nNo matter what anyone else says know that I will always love you no matter what\nI love this community with everything i have"}, {"author_id": 2896075288, "id": 1495188350180937731, "text": "You know how people say you can tell someone\u2019s bias by the way they look? I mean sometimes I think it\u2019s true, but then again everyone says I look like a Jimin bias. Ya know they not really wrong I do love that man lol"}, {"author_id": 1359807894586294275, "id": 1495182097652367365, "text": "@fairyf4gg tbh your \u201c@\u201c says it all \ud83d\ude0a LMAO , but you\u2019re really chill &amp; sweet to me i can\u2019t speak for everyone else \ud83d\ude2d\ud83d\ude2d , but i love you \ud83d\udc95 &amp; stop acting like a ghost &amp; talk to me sometimes weirdo"}, {"author_id": 1420642946861334528, "id": 1495180012747890691, "text": "RT @onlyhappiness27: Day 109 \ud83d\udc96\nHer eyes says a lot, everyone can see a different story in her eyes \u2764\ufe0f, But the only story i can see is of P\u2026"}, {"author_id": 1455361553075671042, "id": 1495169476806991876, "text": "@Bensler_Love Thank you for letting us know. We will see what everyone else says and then, I guess, go back to the drawing board"}, {"author_id": 910755162339385345, "id": 1495164957838696451, "text": "just wanna be Sonic, Shadow &amp; Rouge &amp; say \"F it ! I play by my own rules ! \n\nWHO says we \"HAVE TO\" anything ?! be humans babysitter &amp; protect everyone ? You already got one, take care of urself ! We just love trashin robots &amp; kickin evil's butt !\"\n\nOk Sonic :T - Shadow DONT D:&lt;"}, {"author_id": 15297219, "id": 1495164068449112065, "text": "RT @lacefire7: I absolutely agree with you.\nConversion Therapy is insane torture  and not therapy at all.Everyone needs to live their true\u2026"}, {"author_id": 2206614107, "id": 1495163354935087111, "text": "I absolutely agree with you.\nConversion Therapy is insane torture  and not therapy at all.Everyone needs to live their true lives. And anyone that says God hates LGBTQ\nIs judging and God demands that we love all. https://t.co/cKQGW9Cc0n"}, {"author_id": 1097695580493631488, "id": 1495156780275576834, "text": "RT @ConnerHabib: Walking down the street in Dublin holding my bf\u2019s hand.\nA guy in his 50s on his front steps stops us.\n\u201cHey!\u201d he says \nWe s\u2026"}, {"author_id": 1476299634645643267, "id": 1495132781948678146, "text": "@PaytonMoormeier Payton everyone says that you already have 15.2 m, I haven't seen it yet, but I still love you exactly"}, {"author_id": 1423129488154677251, "id": 1495131722073079809, "text": "\u201dI must have loved you a lot.\u201d \u201cYou did.\u201d My voice catches and I pretend to cough. \u201cAnd did you love me?\u201d he asks. I keep my eyes on the tiled floor. \u201cEveryone says I did. Everyone says that's why Snow had you tortured. To break me.\u201d"}, {"author_id": 92537719, "id": 1495130891684925448, "text": "@whatamlevendoin \u2022 first impression : literally friends with everyone yaaaas\n\u2022 how i read ur @ : i do read it as \"what am L even doing\" lol \n\u2022 how close are we : well \ud83d\udc40 the gc says it all\n\u2022 do i see you frequently on my tl? : always interacting with ppl we love to see it"}, {"author_id": 2762809007, "id": 1495124725634326528, "text": "RT @ConnerHabib: Walking down the street in Dublin holding my bf\u2019s hand.\nA guy in his 50s on his front steps stops us.\n\u201cHey!\u201d he says \nWe s\u2026"}, {"author_id": 3307484017, "id": 1495120035060367363, "text": "RT @YungKundalini: You know what,  I\u2019m just gonna say Azealia Banks  is refreshing. In this boring world of everyone saying that they love\u2026"}, {"author_id": 1456097745341714432, "id": 1495119931830161408, "text": "@TheProdigyRev I love mine. I'm on xbox series s so I needed a cheap capture card that I got off amazon for under 40 bucks. If you are on PS it is plug and play. Very good. Everyone says my audio is good. https://t.co/Zl4DFtZLkS"}, {"author_id": 219377564, "id": 1495118263734390784, "text": "@ChemicalFire Love how everyone in our Corps knows everyone else. I'll let you know Tuesday what he says. That's cool with you?"}, {"author_id": 1485947334571995137, "id": 1495114262494126081, "text": "RT @onlyhappiness27: Day 109 \ud83d\udc96\nHer eyes says a lot, everyone can see a different story in her eyes \u2764\ufe0f, But the only story i can see is of P\u2026"}, {"author_id": 1336245254928945152, "id": 1495109266029506563, "text": "RT @onlyhappiness27: Day 109 \ud83d\udc96\nHer eyes says a lot, everyone can see a different story in her eyes \u2764\ufe0f, But the only story i can see is of P\u2026"}, {"author_id": 1389113285929103364, "id": 1495109069899657216, "text": "RT @onlyhappiness27: Day 109 \ud83d\udc96\nHer eyes says a lot, everyone can see a different story in her eyes \u2764\ufe0f, But the only story i can see is of P\u2026"}, {"author_id": 1367519606982672384, "id": 1495108916363264002, "text": "RT @onlyhappiness27: Day 109 \ud83d\udc96\nHer eyes says a lot, everyone can see a different story in her eyes \u2764\ufe0f, But the only story i can see is of P\u2026"}, {"author_id": 431909283, "id": 1495105830823378946, "text": "RT @ConnerHabib: Walking down the street in Dublin holding my bf\u2019s hand.\nA guy in his 50s on his front steps stops us.\n\u201cHey!\u201d he says \nWe s\u2026"}, {"author_id": 2733929094, "id": 1495104236656410627, "text": "RT @YungKundalini: You know what,  I\u2019m just gonna say Azealia Banks  is refreshing. In this boring world of everyone saying that they love\u2026"}, {"author_id": 1358375567226191875, "id": 1495103814470615041, "text": "RT @onlyhappiness27: Day 109 \ud83d\udc96\nHer eyes says a lot, everyone can see a different story in her eyes \u2764\ufe0f, But the only story i can see is of P\u2026"}, {"author_id": 1348277188416532484, "id": 1495102531805990914, "text": "RT @onlyhappiness27: Day 109 \ud83d\udc96\nHer eyes says a lot, everyone can see a different story in her eyes \u2764\ufe0f, But the only story i can see is of P\u2026"}, {"author_id": 1332702180827045892, "id": 1495102524101373956, "text": "RT @onlyhappiness27: Day 109 \ud83d\udc96\nHer eyes says a lot, everyone can see a different story in her eyes \u2764\ufe0f, But the only story i can see is of P\u2026"}, {"author_id": 1323155998199050242, "id": 1495102151462318082, "text": "RT @onlyhappiness27: Day 109 \ud83d\udc96\nHer eyes says a lot, everyone can see a different story in her eyes \u2764\ufe0f, But the only story i can see is of P\u2026"}, {"author_id": 1414442755653206021, "id": 1495101705674838016, "text": "RT @onlyhappiness27: Day 109 \ud83d\udc96\nHer eyes says a lot, everyone can see a different story in her eyes \u2764\ufe0f, But the only story i can see is of P\u2026"}, {"author_id": 1366656547674157058, "id": 1495101407375998978, "text": "RT @onlyhappiness27: Day 109 \ud83d\udc96\nHer eyes says a lot, everyone can see a different story in her eyes \u2764\ufe0f, But the only story i can see is of P\u2026"}, {"author_id": 1346205848310202369, "id": 1495101318569988107, "text": "RT @onlyhappiness27: Day 109 \ud83d\udc96\nHer eyes says a lot, everyone can see a different story in her eyes \u2764\ufe0f, But the only story i can see is of P\u2026"}, {"author_id": 1341001358493663232, "id": 1495101136306868224, "text": "RT @onlyhappiness27: Day 109 \ud83d\udc96\nHer eyes says a lot, everyone can see a different story in her eyes \u2764\ufe0f, But the only story i can see is of P\u2026"}, {"author_id": 1373712982006509570, "id": 1495100789068480513, "text": "Day 109 \ud83d\udc96\nHer eyes says a lot, everyone can see a different story in her eyes \u2764\ufe0f, But the only story i can see is of PRINCESS JASMIN \ud83e\uddff\u267e\ufe0f\nWho is ruling like a Queen \ud83d\udc51\ud83e\udd0d\nI love you soooooo much @jasminbhasin  \ud83d\ude18\ud83e\uddff\n        \u2727\u2661 HER EYES \ud83e\uddff\u2661\u2727\n#JasminBhasin #Jasminians https://t.co/W3kvrcLw1l"}, {"author_id": 1361764023805440001, "id": 1495099544387784704, "text": "RT @ConnerHabib: Walking down the street in Dublin holding my bf\u2019s hand.\nA guy in his 50s on his front steps stops us.\n\u201cHey!\u201d he says \nWe s\u2026"}, {"author_id": 95053140, "id": 1495089390187597835, "text": "@shoshanazuboff I freaking love you!!!! Your talk with @rustyrockets was SPOT ON \ud83d\udd25&amp; \ud83e\udd2f. Please watch this everyone. Harvard Professor Zuboff is an expert in Surveillance Capitalism. What she says may surprise you\n https://t.co/wTaBu3KTnc"}, {"author_id": 812000821986533376, "id": 1495085020679053314, "text": "RT @Miss_Snuffy: \u201cI\u2019d love to see adverts so that it just becomes normal. Because how are you meant to know that you should talk to your to\u2026"}, {"author_id": 27513314, "id": 1495075134956208130, "text": "Walking down the street in Dublin holding my bf\u2019s hand.\nA guy in his 50s on his front steps stops us.\n\u201cHey!\u201d he says \nWe stop.\n\u201cYou know what?\u201d\n\u201cWhat?\u201d\n\u201cI love to see people happy and expressing themselves. My brother is gay. Yous are happy. Fck everyone else!\u201d\nLove you, Ireland."}, {"author_id": 1338674141797494789, "id": 1495071226695401473, "text": "@__entropy___ @Croesus_BTC I love how everyone says this is impossible,  yet ASICS have already been used to guess address,  \n\nYou a littltery saying something can't be done but yet BTC guess that every 10 min. \n\nIn theory all u need is enough hash power turned against a specific address"}, {"author_id": 23129452, "id": 1495063022410346500, "text": "@liathetrader Is the food as good in Firenze as everyone says?  Have you been to Stresa on Lago Maggiore?  I think you'd love it."}, {"author_id": 22628356, "id": 1495060605220409344, "text": "@Michal_ZBR I don't care what everyone else says, I loved the game then and I love the game now. Thank you, all of you, for this amazing experience."}, {"author_id": 905059809451544576, "id": 1495057160233172992, "text": "\u201cDad\u2014\u201c she pulls him in for a hug. \n\n\u201cYou were carrying the weight of everyone\u2019s world on your shoulders\u2014it\u2019s not your fault you snapped,\u201d she squeezes him. \n\n\u201cWe\u2019re all okay, we all love you. I promise you,\u201d she says reassuring. \n\n\u201cAnd we\u2019re going to get him back,\u201d she nods.- https://t.co/P9IF4N2XlJ"}, {"author_id": 2867631809, "id": 1495055593605849089, "text": "@msloobylou @alisondrury I think it got a bit of a panning at the time but I love Everyone Says I Love You. But then I\u2019ll watch anything with Alan Alda in it."}, {"author_id": 1705650404, "id": 1495018769579753480, "text": "RT @Miss_Snuffy: \u201cI\u2019d love to see adverts so that it just becomes normal. Because how are you meant to know that you should talk to your to\u2026"}, {"author_id": 247812907, "id": 1495016620195864580, "text": "RT @Miss_Snuffy: \u201cI\u2019d love to see adverts so that it just becomes normal. Because how are you meant to know that you should talk to your to\u2026"}, {"author_id": 1227901772066324480, "id": 1495015821965500416, "text": "RT @Miss_Snuffy: \u201cI\u2019d love to see adverts so that it just becomes normal. Because how are you meant to know that you should talk to your to\u2026"}, {"author_id": 1269971324874694656, "id": 1495009574306336769, "text": "RT @Miss_Snuffy: \u201cI\u2019d love to see adverts so that it just becomes normal. Because how are you meant to know that you should talk to your to\u2026"}, {"author_id": 266806337, "id": 1495008741984509952, "text": "RT @Miss_Snuffy: \u201cI\u2019d love to see adverts so that it just becomes normal. Because how are you meant to know that you should talk to your to\u2026"}, {"author_id": 1350415957345361920, "id": 1495004155626369026, "text": "She says \u2018I like Def. more because he sings so calmly his voice calms me down.\u2019 Jaebeom the world is blessed with your voice and your voice makes everyone's day better. Jaebeom\u2019s thank you for singing..thank you for existing..Love you endlessly.\ud83e\udd7a\u2764\ufe0f You\u2019re the best! @jaybnow_hr https://t.co/TDXYxC1IaB"}, {"author_id": 1359195849377521672, "id": 1494994729649328130, "text": "CG: EVERYONE SAYS \u2018I LOVE YOU KARKAT\u2019 WHEN I SAY THE DUMBEST FUCKING SHIT. I HATE IT."}, {"author_id": 1182913852595417088, "id": 1494984968312868865, "text": "RT @oluwaZeezah: GIVING/RECIEVING Gifts is everyone's love language.\nperfume gifts says;\n I love you,\n I love your smell \nWhen I miss you\nI\u2026"}, {"author_id": 1155174783765622792, "id": 1494983671660650497, "text": "RT @oluwaZeezah: GIVING/RECIEVING Gifts is everyone's love language.\nperfume gifts says;\n I love you,\n I love your smell \nWhen I miss you\nI\u2026"}, {"author_id": 710808364310269952, "id": 1494954452549312512, "text": "@_BlueCastle What? I love mint ice-cream. It's nice and doesn't AT ALL taste 'like toothpaste' like everyone says. If it tastes like that to you then your taste buds are broken sorry not sorry"}, {"author_id": 1423129488154677251, "id": 1494942981421363201, "text": "\u201dI must have loved you a lot.\u201d \u201cYou did.\u201d My voice catches and I pretend to cough. \u201cAnd did you love me?\u201d he asks. I keep my eyes on the tiled floor. \u201cEveryone says I did. Everyone says that's why Snow had you tortured. To break me.\u201d"}, {"author_id": 394241843, "id": 1494932591283109890, "text": "@Kersha03201324 I have a Nigerian brother-in-law and I understand everything he says but I only understand one in three words of \u201c English???\u201d these girls speak! Everything and everyone is so beautiful.. I love it but you need subtitles \ud83d\ude18"}, {"author_id": 1432999699900993537, "id": 1494927391176679424, "text": "Everyone always says they have the best dad in the world, but that can't be right...because that man is right here with me. I love you baba\ud83d\udc68\u200d\ud83d\udc67\u2764\ufe0f and a very happy birthday to you \ud83c\udf82\ud83e\udd73"}, {"author_id": 1304778004741013506, "id": 1494926482652557317, "text": "RT @loviewrites: \"Everyone, please turn around.\" Jungk\u00f2ok orders, and they all immediately obeys.\n\n\"They're not looking anymore.\" Jungk\u00f2ok\u2026"}, {"author_id": 3865237334, "id": 1494922622777372672, "text": "everyone's said it but i love that legends arceus just says \"all pokemon can shrink at will but they only do it when you hit them with a ball even if they don't want to be caught\"\n\nyou can just say apricorns are weird. some mysterious power that regular balls replicate later"}, {"author_id": 1449888876173008899, "id": 1494909919513833473, "text": "Everyone says you only fall in love once, but that\u2019s not true because every time I see you, I fall in love all over again.\n\nRuruMadrid X BenchBillBoard\n#HBDDaddyBongMadrid\nRURUNATICS X ATHENIANS"}, {"author_id": 333081360, "id": 1494909839352504320, "text": "RT @_ZheniaF_: I definitely understand what everyone says about the fake love in CT now \ud83e\udd71 people only support you when it\u2019s beneficial."}, {"author_id": 1483715820827996160, "id": 1494853273836134401, "text": "@PhtevenRoth94 I love everyone commented that they didn\u2019t and the tweet says IF you did\ud83e\udd23\ud83e\udd23\ud83e\udd23"}, {"author_id": 1163629512858492928, "id": 1494851600296386560, "text": "@WxLiz i\u2019ve failed precalc and chemistry 3 times, everyone says if you love meteorology you\u2019ll get through the math and science but i just\u2026 don\u2019t get it at all. no matter how much tutoring or studying i do i still fail every exam, can\u2019t keep spending money on school just to fail"}, {"author_id": 1258712905920311299, "id": 1494844219940552706, "text": "Everyone says you only fall in love once, but that\u2019s not true because every time I see you, I fall in love all over again.\n\n#JaiCoverSong"}, {"author_id": 1270920928957005824, "id": 1494843874392559622, "text": "I stopped hanging with a girl a year ago because kept trying to get with everyone else\u2019s in the groups bf\u2019s (and is currently dating her best friends ex) and the first thing her mom says to me is \u201cI love you so much\u201d \ud83d\udc94"}, {"author_id": 39764511, "id": 1494842693532409856, "text": "RT @TheAgencyReview: What a dark #novel about #NewYorkCity says about everyone. We review @peterrosch\u2019s #ButILoveYou: https://t.co/ibmf7Aw7\u2026"}, {"author_id": 581353556, "id": 1494840955127668739, "text": "@LeeandLie Ama i love you never change and keep overkilling everyone that says stupid shit. They might learn a lesson"}, {"author_id": 1485215165167534088, "id": 1494838070432174082, "text": "RT @TreDoubles: Everyone says they want to know how to fight and the first discipline of martial arts they mention is boxing, kickboxing, o\u2026"}, {"author_id": 1140203415236153345, "id": 1494835631582855168, "text": "@12Kelvin1 W. I\u2019d also like to point out even though I love you and everyone of my other pals I do not have any sort of preference towards little boys even though the mainstream opinion says otherwise. Thanks! \ud83d\ude07"}, {"author_id": 194745275, "id": 1494834547141365760, "text": "164) Everyone Says I Love You *VHS https://t.co/PjkciesgTb"}, {"author_id": 1486412622387986440, "id": 1494832842253156353, "text": "@copacabaaana uh i've only watched the class of 92, 500 great goals and kenny from there. i didn't dislike them tho and i don't really love the soccer ball that much so you might enjoy them. the class of the 92 was probably my fav one though, everyone says its a must watch! for football fans"}, {"author_id": 1375794680114278404, "id": 1494832630969225220, "text": "@odetoiles SAYS YOU cewek jakarta (+malang), i wouldn't  be in this position without you by my side, so thank youuuuu for always writing something that warms everyone\u2019s heart and makes everyone believes that if you love the right person, it will full of tenderness, i love you \ud83d\udc97\ud83c\udf37"}, {"author_id": 1466714861925068801, "id": 1494832165984497664, "text": "RT @marlklei: cupid called, he says that you've stolen my heart. at february 14, when's everyone shares love and affection. made their love\u2026"}, {"author_id": 1094698028127051778, "id": 1494829555428646914, "text": "Poor Eric. He says, \"daddy, I love you and everyone loves you.\" He responds by saying, \"hey thanks everyone...I'll see you all next wknd.\" Ouch. Doesn't even acknowledge his idiot son. That is one dysfunctional, creepy, soon-to-be-indicted family. https://t.co/PqzR1dGN53"}, {"author_id": 1463211469302951942, "id": 1494826793337032710, "text": "@kiosku12 @total_legend @Wes_Clutch For sure, but over the course of Raleigh, and the four weeks of pro circuit that still says something. I love them both just saying ola is on paper top 12 of everyone rn\u2026that\u2019s gonna be hard to top. Also sentinels are a phenomenal team so pitching your logic back at you"}, {"author_id": 28470495, "id": 1494816037438738433, "text": "RT @Miss_Snuffy: \u201cI\u2019d love to see adverts so that it just becomes normal. Because how are you meant to know that you should talk to your to\u2026"}, {"author_id": 376948814, "id": 1494812416613490690, "text": "@goldenashx And something else,  I am old. But I am in LOVE with the H&amp;L's love story and I appreciate you letting me comment on your threads. Like everyone says, if this isn't true you girls made up the most beautiful love story in history. THANK YOU."}, {"author_id": 128339221, "id": 1494811292145696770, "text": "RT @Miss_Snuffy: \u201cI\u2019d love to see adverts so that it just becomes normal. Because how are you meant to know that you should talk to your to\u2026"}, {"author_id": 1487221347784835072, "id": 1494800773968019464, "text": "@Schwarzenegger Dear Arn (can I call you Arn? No? Sorry)\n\nDear Mr Schwarzenegger, you are such a fucking godsend. Wish we could clone you and everyone gets one (movie plot right there).\n\nAnyway, I have zero followers and would absolute love you to take my virginity. (My wife says it's ok)"}, {"author_id": 1438545531706527754, "id": 1494794140885917704, "text": "I need an automated message that\u2019s sent out to everyone that texts/calls me when I\u2019m depressed that says smth like \u201cSorry if I\u2019m not replying like I\u2019m just feeling the big sad rn and can\u2019t engage. But love you deeply and will respond sometime between 3 business days to a month xo"}, {"author_id": 818181860, "id": 1494785067129847810, "text": "@kimsopha2 @ctvottawa @AnnieClaireBO \"Love Everyone and Tell the Truth\" Someone comments Protest at Pat's house. He says \"I dare you to come to my house.\" So much irony there. Layers of it."}, {"author_id": 1298348136549822470, "id": 1494780523746672640, "text": "RT @Miss_Snuffy: \u201cI\u2019d love to see adverts so that it just becomes normal. Because how are you meant to know that you should talk to your to\u2026"}]