[{"author_id": 387925963, "id": 1495285014770159619, "text": "@Xavi_Bros ..So Jew, everything that is relative will never be definitive. https://t.co/yaR3h42QQv"}, {"author_id": 1348558873636921349, "id": 1495281060430725120, "text": "RT @tobias_petry: That's an excellent analysis of Percona for AWS RDS! You can take home these learnings:\n\n\ud83d\udc49 For best-of class performance\u2026"}, {"author_id": 362062957, "id": 1495281038750269442, "text": "RT @tobias_petry: That's an excellent analysis of Percona for AWS RDS! You can take home these learnings:\n\n\ud83d\udc49 For best-of class performance\u2026"}, {"author_id": 1421797768981401606, "id": 1495274343680868352, "text": "Nothing in life is absolute. Everything is relative in one way or other and that is the beauty of life. \n@vicblends"}, {"author_id": 4444032075, "id": 1495262970179473411, "text": "@Accounthaver181 @SwampCommunist Everything's relative"}, {"author_id": 166750353, "id": 1495261755647348738, "text": "@DriftVT social media is a silo...there was relief because we were not good, and we needed them to be on a lower rung than us. counting a UVa win as success when everything else was off the table is a relative thing"}, {"author_id": 1199524937440075777, "id": 1495261527917703169, "text": "RT @makasuii: fuck the earth we\u2019re all going to die us as humans don\u2019t matter we are very minuscule on a scale relative to the universe eve\u2026"}, {"author_id": 1324531516010041345, "id": 1495259137655164929, "text": "@Rhinohelix @CubanGuy93 @FamiliarDaemon @Oilfield_Rando all in all - not much compared to one protest that lasted a few hours ( not 3 weeks) where 8 people lost sight in one eye from police actions \n\none protest, one day... that is the US police\n\nso everything is relative"}, {"author_id": 3117530018, "id": 1495257780793778177, "text": "She was orphaned at the age of eight, her relative abandoned her within a few years, and then villagers came forward with her marriage when God arranged everything, so she didn't have to worry. https://t.co/xdZsOVziOX"}, {"author_id": 127015902, "id": 1495250399682572291, "text": "everything is relative when it's all in the family https://t.co/ZZshhyTB49"}, {"author_id": 3356068325, "id": 1495240617567338497, "text": "@charlesekramer2 @Katyper97117749 Everything is relative. Hubby is 3 years younger than I. I do LOVE calling him \"young man\" if he mucks up.\ud83d\ude01"}, {"author_id": 39663383, "id": 1495237894335782913, "text": "@nefertiti_sf Everything is relative cause I\u2019m sure the judges have their favourites too"}, {"author_id": 1323472413682786304, "id": 1495227281463201794, "text": "At the E.R. (not for me, I took a relative) and I was wondering why everything seemed so surreal  and weird. That would be due to the THC tincture I took shortly before leaving home  (not expecting to need to go anywhere) and that I forgot about until just now \ud83e\udd14"}, {"author_id": 1471302721068478467, "id": 1495225833505452036, "text": "RT @StreetArtUtopia: \u201cEverything is Relative\u201d by Pejac in Madrid \ud83c\uddea\ud83c\uddf8 https://t.co/Lt3f9l0Znu"}, {"author_id": 1219960154, "id": 1495217664561758215, "text": "@Cat_superiority Grab a hot pan an a second seems like an hour, grab a hot lover an hour seems like a second. Time like everything else in this world is relative"}, {"author_id": 1171063507321856000, "id": 1495212248003981312, "text": "Nest, Inspiration?\n\nRelative to history and nature everything seems to be working just fine"}, {"author_id": 1458504183737241600, "id": 1495204107103051784, "text": "@whits23 @BTCfuel @TuurDemeester It looks like it is going to outperform the nasdaq. But it is relative, if the nasdaq is dropping and bitcoin is dropping less then it is technically moving up against it even though they are both moving down in usd terms. It could also be going up..like everything..ya never know https://t.co/gNhQNW3HnN"}, {"author_id": 1450070477267931137, "id": 1495202552320831491, "text": "@wonderofscience... time finds place in exact the same moment. So in an instant everything in this vacu\u00fcm universe will take place at the same time. Over and over again.\nOur relative sense of time here is just the equivalent of time/lightspeed itselve, the 4th dimension. (3)"}, {"author_id": 1362103305715900416, "id": 1495201590814248960, "text": "I have a rural Trumpist relative who has been talking of moving more south for retirement. I found him a real estate listing that is everything he wants incl. airstrip, a price he can afford (because rural), but it's in CA. He won't consider it because he couldn't keep his AR-15."}, {"author_id": 1450070477267931137, "id": 1495200927678087168, "text": "@wonderofscience... now on earth? So it's impossible for us to go faster than the speed of light because everything here in this universe, including us travels in that same speed. How nearer you get at the beginnings how faster the relative time (for us) will go. But in fact (2)"}, {"author_id": 1102237736, "id": 1495197675351855107, "text": "RT @Manny_Grossman: It's not the 99% against the 1%.\n\nThe reality is these 1%ers are guarded by very few people relative to our numbers.\u2026"}, {"author_id": 1437393350844313602, "id": 1495193109365329924, "text": "@BaileyGeePoetry Everything is relative. I\u2019m envious of your followers , but out choices dictate our situations too"}, {"author_id": 23041224, "id": 1495184884368699392, "text": "The thing I love the most about this is that even a relative idiot like me can install it &amp; get it to work. Everything was hooked up, running and downloaded my first Amiibo file within 10 minutes"}, {"author_id": 442613498, "id": 1495182544865792004, "text": "@qcapital2020 No it actually tells you that US stocks are ridiculously over valued relative to just about everything else in the whole world"}, {"author_id": 89473505, "id": 1495181601851981830, "text": "@HannahnagroM In zero-gravity everything is relative, I imagine.... https://t.co/c3nfsSWpAA"}, {"author_id": 1225903070749523970, "id": 1495180581436600323, "text": "@pablomelito1 Everything is relative, my friend. For now"}, {"author_id": 45105508, "id": 1495180329396719619, "text": "@preciousways12 Everything is relative! Compared to some of the states the dogs and horses on animal Twitter get into, you\u2019re immaculate \ud83d\ude0d"}, {"author_id": 1337597122162659328, "id": 1495177062738538501, "text": "I add ... Anything other than Islam is so tolerant. Since there is no other outstanding solid source of good and bads, everything could be absolutely relative."}, {"author_id": 1424114512911912960, "id": 1495176739013775364, "text": "The NICU is wild and everything yet nothing I expected. So hard to explain. It\u2019s hard going from fixing babies quickly (relative to issue) VS weeks-months like my current babies."}, {"author_id": 887264594, "id": 1495175577493508101, "text": "@Robadactyl68 @RyanSchmunk2 @ConceptualJames Depends. Everything is relative. https://t.co/JzyMtUXDVR"}, {"author_id": 378206446, "id": 1495169185948876805, "text": "@KatyFBrand You know what we need to accept that everything is relative. Who bases their own stress/anxiety/experience on how someone else may have felt about something that may have been worse. Crazy."}, {"author_id": 1493474984, "id": 1495161355854553088, "text": "@MacroVoices @ErikSTownsend @PatrickCeresna @biancoresearch A couple things to add to your gold talk\n\nThis breakout saw big volume\n\nCoincident with the breakout was an earnings release from Barrick that incl a beat, a div increase and a buyback\n\ngold stocks are wickedly unloved relative to everything else, including gold price! https://t.co/rj54wzL8NA"}, {"author_id": 4161996254, "id": 1495160319508828161, "text": "@SC_Griffith Probability. Hardly the most difficult thing but, relative to other areas, I have very little intuition for it. I have to double check everything often am not confident."}, {"author_id": 139457715, "id": 1495156443842027521, "text": "@MindfulDamage @OhHowByronic Thank you and your friend for helping me to understand how far gone some people truly are.\n\nEverything has been made to be relative, until you both learn an absolute, you have no standing to debate from. \n\nI wish you both well."}, {"author_id": 1648923450, "id": 1495148058606452736, "text": "RT @Manny_Grossman: It's not the 99% against the 1%.\n\nThe reality is these 1%ers are guarded by very few people relative to our numbers.\u2026"}, {"author_id": 992465245879742464, "id": 1495146564721037319, "text": "RT @Manny_Grossman: It's not the 99% against the 1%.\n\nThe reality is these 1%ers are guarded by very few people relative to our numbers.\u2026"}, {"author_id": 149553354, "id": 1495144062781128704, "text": "RT @rising_serpent: Democrats aren't rolling back mandates and lockdowns because they're afraid of the political repercussions.\n\nIt's becau\u2026"}, {"author_id": 1424396509907460105, "id": 1495143888360771592, "text": "It's not the 99% against the 1%.\n\nThe reality is these 1%ers are guarded by very few people relative to our numbers. \n\nWe can win if we realize that it's the security guards and media that are the problem. \n\nThe elite lose everything if those two groups are taken away."}, {"author_id": 55813661, "id": 1495140847402299393, "text": "#TheStrat traders are constantly looking at what \"they\" are doing.\n\nThey are the so called \"smart money\".\n\nWe look at broader averages and sector ETFs.\n\nWe look for relative strength and weakness within those sectors.\n\nWhen everything moves together, it's a \"simultaneous break\""}, {"author_id": 1439308843255730177, "id": 1495140114732883970, "text": "@ratatuatara @coinbureau Very limited at the moment but there's some DeFi in its relative infancy. The look and feel of everything on Algorand though is exceptional. I haven't used a network where the transactions feel so quick and fluid (and I'm a mostly Fantom user) \ud83d\ude0a"}, {"author_id": 1401009248, "id": 1495139098469990400, "text": "RT @rising_serpent: Democrats aren't rolling back mandates and lockdowns because they're afraid of the political repercussions.\n\nIt's becau\u2026"}, {"author_id": 1402313269247873025, "id": 1495134112834854915, "text": "@GoAskAlice92 @FireMagePhoenix @geminiradfem @GCAbleism158 @LexbianRose @HerSocialApp @LesbianOwl33 @ELLEUK @GCinterphobia Everything for you it's relative and to me it doesn't work in the real world. I never speak for anybody but the facts."}, {"author_id": 18418465, "id": 1495132819408007174, "text": "RT @ryan613tucker: @Captaincoby00 First they were nationalists.\nThen they were seditionists.\nThey lost everything.\nBut one thing they never\u2026"}, {"author_id": 30134538, "id": 1495132488276054018, "text": "\u201cWhen there\u2019s no such thing as truth because everything is relative the only thing that matters is power because power defines reality.\u201d \n-@MaajidNawaz"}, {"author_id": 1449013279662256134, "id": 1495128604602032130, "text": "@Empty_America TBH I was in disbelief at their level of disbelief. But I also have a relative that I\u2019m pretty sure is still \u201ctrusting the plan\u201d for when Trump gets back in and fixes everything \ud83e\udd23"}, {"author_id": 1297767918890110976, "id": 1495126707543629829, "text": "@SkreenBuddy @TheMarieOakes A group large enough will always have a little bit of everything. The convoy has an extremely outsized white population relative to the rest of Canada."}, {"author_id": 26829761, "id": 1495124148837928965, "text": "@LizSimmie To me it's all relative to the rest of the market, since you can get some savings jumping from market to market, however that seems to be changing as everything seems to be raising to similar insane levels."}, {"author_id": 1208239210337046528, "id": 1495123751297507334, "text": "Relative fiction does everything hurt less does but ten times better"}, {"author_id": 797309456967172096, "id": 1495121430463365122, "text": "@cardio73 @narendramodi One of my relative he is poor was suffering from some kidney stone but infection was severe and he took just help from his relative as we arranged him a car to drop him upto IGMC shimla and everything else was free..he was very happy,relaxed n kept his self esteem  so didn't take"}, {"author_id": 1150486668421545985, "id": 1495120717133844492, "text": "@HarvestingFrog But the flip is normal. Because everything is relative to the system. A left-side-push it was on system\n\nAnd yes. We call them here \"Staazis\". U dont know where to start on all this mess that happend and happening.\n\nIts a damn mess. And we are hiding from all of this in some way."}, {"author_id": 1285952377066000384, "id": 1495119418581475334, "text": "@VP It will happen again. Oh, it might be Asian Americans.  I think it is very easy, sitting here in 2022 with a world at relative peace, to judge what our grand parents did right or wrong.  At what point did anyone get everything right 100% of the time."}, {"author_id": 1412846004773085185, "id": 1495119041924460545, "text": "said some shit that put into perspective just how relative everything is...\n\nplaying Bartender x TPain, I said \"life was simpler back then\". had to stop for a second remembering '07/'08. that was definitely the year they foreclosed our house. lol *i* was a child but my parents..."}, {"author_id": 189901822, "id": 1495116876866854915, "text": "@KTrzeszczkowski @sethforprivacy No. The max supply of the currency did not go up. And as far as I can tell, the price of everything keeps getting cheaper relative to Bitcoin on YoY basis. Short term, sure price goes up and down but that's not inflation, that's price discovery of an immature market."}, {"author_id": 1312103272455573506, "id": 1495114836522541061, "text": "RT @rising_serpent: Democrats aren't rolling back mandates and lockdowns because they're afraid of the political repercussions.\n\nIt's becau\u2026"}, {"author_id": 14945471, "id": 1495114113739071488, "text": "RT @ArcTypeAngel: \u201cFor the record, it was a fig. But the apple rumor was already in motion and I just figured everything is relative,\u201d said\u2026"}, {"author_id": 1204859397467516928, "id": 1495108310709809159, "text": "@Ducky_Dude69 If everything was created by a big bang and yes everything you say should be true; standards are relative.\n\nBut if everything was traded by a traitor and everything you say would be wrong; standards aren't relative and there is a such thing as objective standards"}, {"author_id": 1204859397467516928, "id": 1495107871993962497, "text": "@Ducky_Dude69 So let me get this straight there's no such thing as \"truth\" there's no such thing as \"good\" or \"bad\" everything is relative?\n\nSo when you say \"life isn't intentional\" aren't u making an objective claim?\n\nThis is contradictory. You're not being consistent"}, {"author_id": 626582699, "id": 1495106847069589510, "text": "RT @rising_serpent: Democrats aren't rolling back mandates and lockdowns because they're afraid of the political repercussions.\n\nIt's becau\u2026"}, {"author_id": 934158127, "id": 1495102693995687939, "text": "@jonathanliew Think his skill is having a great picture, without looking, of where everything is on the pitch relative to himself."}, {"author_id": 221627242, "id": 1495100959848284162, "text": "@PhillipEnglish @susie_carroll @hopeful10_6 @HeidiStevens13 Compared to most of the the West and South side neighborhoods, absolutely that\u2019s a pocket that is lower crime for sure. There is crime in all parts of the city, so everything is relative. I\u2019m in RP, UV is definitely a \u201csafer\u201d neighborhood generally speaking."}, {"author_id": 1348444475744526338, "id": 1495099198710349826, "text": "RT @rising_serpent: Democrats aren't rolling back mandates and lockdowns because they're afraid of the political repercussions.\n\nIt's becau\u2026"}, {"author_id": 868099546609577993, "id": 1495098697021108231, "text": "RT @ryan613tucker: @Captaincoby00 First they were nationalists.\nThen they were seditionists.\nThey lost everything.\nBut one thing they never\u2026"}, {"author_id": 1071903013789417472, "id": 1495098251422355458, "text": "@WatchMyReview @SCold1997 @johnmillsap Not everything has to be a success. Bruins fans are still torching Don for picking three relative busts immediately ahead of Barzal\u2026I don\u2019t. Barzal had injury issues, and that itself was a risky pick by Snow.\n\nNo matter the scouting anything can go wrong. Most won\u2019t make it."}, {"author_id": 1406410425676095490, "id": 1495095247197638663, "text": "So nothing wrong or right. Generally speaking, I think \"balance\", \"boundary/degree\", \"relative/dialectical/reference\", is the foundation and core of everything."}, {"author_id": 2183735976, "id": 1495093770689593345, "text": "@gardengirl778 @tontonlove @jljcolorado I take long covid seriously, my close relative has a severe case. But you're talking as if impacting children and locking everything down like this will work, that's no evidence it will. And look at the suicide and cancer rates from the restrictions, those people mattered too."}, {"author_id": 1488130600712167428, "id": 1495093569333436427, "text": "@Captaincoby00 First they were nationalists.\nThen they were seditionists.\nThey lost everything.\nBut one thing they never lost was their love for each other\nThis June join us an a romantic cross country journey.\n\nWE FUCKED UP HUGE\n\nComing soon to a relative near you."}, {"author_id": 39877097, "id": 1495091038687571979, "text": "RT @rising_serpent: Democrats aren't rolling back mandates and lockdowns because they're afraid of the political repercussions.\n\nIt's becau\u2026"}, {"author_id": 1393950612077912066, "id": 1495090150707183625, "text": "@NbaWoody Everything is relative."}, {"author_id": 265993390, "id": 1495079717841555461, "text": "@BowesChay @InterestedFrom @DarrenBrogan13 It\u2019s all relative - everything is inflated !"}, {"author_id": 126178294, "id": 1495078958592835585, "text": "@StephanieCarvin @nytimes NYT might be ostensibly left-of-center depending on where you put the center, but they\u2019re still Americans. Everything is A. guns and B. relative to  American history, American law, and American culture wars. Independent non-America doesn\u2019t exist."}, {"author_id": 1002210934453145601, "id": 1495076477993472004, "text": "@encaloony critics in a 19th century era insane asylum to drive them mad and discredit them, all the while weaponizing children he 'adopts,' the same children who are inevitably produced by the urban hellscape he's responsible for.\n\nYou see? Everything is relative and it's all opinion."}, {"author_id": 1117307320030126080, "id": 1495075988010672138, "text": "@ayydare And then from your own perspective, if one side is a supreme threat, everything else is considered relative to that. So if you're starting from a side that considers US imperialism as that main threat, then you end up where Rob is, which I personally think is very reasonable"}, {"author_id": 1167210890321641472, "id": 1495074615072374786, "text": "I\u2019ve never ever been one to feel sorry for myself because although everything is relative, I am so so so lucky for the things and the people I have in my like  but fuck me, it hits you hard when people point out my life all of the tough moments you\u2019ve had to live through\ud83d\ude42"}, {"author_id": 945808554480537600, "id": 1495073977299054592, "text": "@alphagal_info @StephanieWilban 'Easy' is relative, for those that haven't went thru it.\n\nAfter chasing ghosts that act like deadly disorder?\nMotivation makes avoiding everything you love to eat easier.\n\nHad cancer, scary three-letter disorder, this ranks well with them for sheer disruption."}, {"author_id": 1495072338135896067, "id": 1495073105378963459, "text": "We have everything we need to be happy, but we aren't happy. Some.  \n\n\u25e5 \u30c4 \u0643\u0624\u062f I\u062e\u064f\u0635\u0645I \u30c4 \u25e4 I\u0646\u0648\u0646I\"\nI\u0633\u064a\u0641\u064aII\u0646\u0645\u0634\u064aIAH30\nSuccess is relative, but \ntimer https://t.co/eC6LEpHzUs"}, {"author_id": 1495068665414303749, "id": 1495069398373130244, "text": "\u261d\ud83c\udffb\ud83e\udd29\ud83d\udc4dKM11\ud83d\udc4dAY30\ud83e\udd29\u261d\ud83c\udffb\n\nhttps://t.co/1dRMhfqzP4\n\nThe truth is that relative income is not directly. This is\nThe truth is that relative in, Like everything which is no https://t.co/s8AwvAtCKo"}, {"author_id": 482430035, "id": 1495068376128909312, "text": "RT @rising_serpent: Democrats aren't rolling back mandates and lockdowns because they're afraid of the political repercussions.\n\nIt's becau\u2026"}, {"author_id": 1256697999620743169, "id": 1495059292264804353, "text": "@TheOnlyTyronly @Franklin_Graham The horror! \ud83d\ude05\u2026Everything is relative isn\u2019t it?  Billy Graham had the respect of and advised all presidents for example. That\u2019s all, not getting too technical here. Nothing like this guy that who loves to insert himself into all things Rightwing. He\u2019s all in with the Trump cult"}, {"author_id": 1403500526843535363, "id": 1495056464666595331, "text": "Death Is The Only Truth\n\nEverything else is just perception and relative.\n\nYour truth. My truth. And the truth we mutually agree. \n\nYour world is just your perception.\n\nDeath is the where buck stops; it is inevitable. What lives must die."}, {"author_id": 15210339, "id": 1495055986180034562, "text": "It's very present on here and it's seeped into everything, but it's also just not a huge thing relative to, like, medical devices or cars or commercial banks."}, {"author_id": 1459594577808080897, "id": 1495054874777690118, "text": "How does the saying go? \u201cEverything happens for a reason, but sometimes the reason is you\u2019re stupid and make bad decisions\u201d \u2026that was my favorite quote to read from a STEP relative Facebook page when I came up from Queens in 2014 \ud83d\ude10 https://t.co/dA2o8Kg1jM"}, {"author_id": 66586352, "id": 1495053019318460419, "text": "RT @Vetteleclerc: Binotto: \"Then of course there is always the question of how it compares to its rivals. In F1 everything is always relati\u2026"}, {"author_id": 373737134, "id": 1495051207295053824, "text": "@KDTrey5 That's relative. Is rare for someone to be born with your hight, and you got that in a environment that allowed you to develop your basketball skills. Everything is a combination of various factors."}, {"author_id": 755614151767158784, "id": 1495050259109711875, "text": "Closed eyes and a well wish to you. Despite our definitions of Good and Bad being different. Despite... fucking... Everything... being just so goddamn relative and nuanced. May you ALL find peace, and thrive. &lt;3"}, {"author_id": 48008938, "id": 1495049366415060994, "text": "@TMoldwin @yudapearl Time does not move in the same direction for everything. \nWe all travel through spacetime at the speed of light.\nIf I move relative to you, my spacetime velocity vector rotates: it gains a component in space dimension and loses some in the time dimension."}, {"author_id": 1495048799403732993, "id": 1495049300082139141, "text": "We have everything we need to be happy, \nhttps://t.co/8BCb3vlfhs\nSuccess is relative, but \n\u00ef\u00bb\u00bf KM11-OMG-AY20\nhttps://t.co/mmOCUmBcr8"}, {"author_id": 1220466129967038464, "id": 1495048133515964419, "text": "@Annalina63 @SheltonWicks @JohnDor57634012 @ObservatoireUS @ScottFoxonair @JustinTrudeau Oh wow, you went to a museum and even saw some real life survivors!? Well hell, that makes everything I say as a close relative of all up 87 family members who perished at the hands of the Nazis, completely invalid! Get a grip lady, Trudeau is a fascist plain and simple."}, {"author_id": 280008780, "id": 1495045211952762887, "text": "everything is so relative"}, {"author_id": 1327988472515325952, "id": 1495044713514246145, "text": "@awealthofcs \u201cRaising prices\u201d is more complex - it\u2019s not in everything for a reason-consumer surplus compression and the clearing price on goods moving up is only possible when the demand curve shifts relative to supply. Input costs are irrelevant."}, {"author_id": 1241797277385216002, "id": 1495044032522854412, "text": "@Sultar44 It's just relative to everything else - bigger projects come first in the day, then blowing out the emails then other straggler projects.  I still get WAY too many emails each day :("}, {"author_id": 802386311411679232, "id": 1495042025724551171, "text": "the first line literally negates everything after\ud83d\udc80 sometimes y'all need to stfu about shit you aint experienced cause you just look like a bitter bitch. \"i can't relate\" then proceeds to make relative judgment hmmmm https://t.co/5Yok3pXAfw"}, {"author_id": 989644516637401088, "id": 1495041791279706115, "text": "@camdenjon @WandaLStroud @whitenancy007 @PDWriter @tonywestonuk CPI is an index, you need more index units for it to increase. Everything else is change of relative prices."}, {"author_id": 1464406794751680519, "id": 1495041506645889029, "text": "RT @rising_serpent: Democrats aren't rolling back mandates and lockdowns because they're afraid of the political repercussions.\n\nIt's becau\u2026"}, {"author_id": 426792805, "id": 1495036538429886464, "text": "RT @rising_serpent: Democrats aren't rolling back mandates and lockdowns because they're afraid of the political repercussions.\n\nIt's becau\u2026"}, {"author_id": 1352054889757732868, "id": 1495035802912530435, "text": "RT @rising_serpent: Democrats aren't rolling back mandates and lockdowns because they're afraid of the political repercussions.\n\nIt's becau\u2026"}, {"author_id": 927153905963745281, "id": 1495034404527169537, "text": "RT @tobias_petry: That's an excellent analysis of Percona for AWS RDS! You can take home these learnings:\n\n\ud83d\udc49 For best-of class performance\u2026"}, {"author_id": 1444989099430096896, "id": 1495032976693993478, "text": "RT @rising_serpent: Democrats aren't rolling back mandates and lockdowns because they're afraid of the political repercussions.\n\nIt's becau\u2026"}]