[{"author_id": 1095143627796303872, "id": 1495245107133509634, "text": "RT @mrbrianfirenzi: Russ Meyer, director of \"Faster, Pussycat! Kill! Kill!\" really said it best when asked about superhero movies https://t\u2026"}, {"author_id": 1432511427768557570, "id": 1495243504901292037, "text": "RT @plasmaboob: Daktari's brilliant homage to Russ Meyer's film, \"Faster, Pussycat! Kill! Kill!\" with Hitomi as Varla. In the realm of bust\u2026"}, {"author_id": 985622166635974657, "id": 1495239888014352386, "text": "RT @mrbrianfirenzi: Russ Meyer, director of \"Faster, Pussycat! Kill! Kill!\" really said it best when asked about superhero movies https://t\u2026"}, {"author_id": 108653255, "id": 1495235331439878147, "text": "RT @plasmaboob: Daktari's brilliant homage to Russ Meyer's film, \"Faster, Pussycat! Kill! Kill!\" with Hitomi as Varla. In the realm of bust\u2026"}, {"author_id": 1469721442195427339, "id": 1495230670314082304, "text": "RT @mrbrianfirenzi: Russ Meyer, director of \"Faster, Pussycat! Kill! Kill!\" really said it best when asked about superhero movies https://t\u2026"}, {"author_id": 1069668082359115776, "id": 1495214814104326154, "text": "RT @mrbrianfirenzi: Russ Meyer, director of \"Faster, Pussycat! Kill! Kill!\" really said it best when asked about superhero movies https://t\u2026"}, {"author_id": 221649195, "id": 1495206052437970947, "text": "RT @mrbrianfirenzi: Russ Meyer, director of \"Faster, Pussycat! Kill! Kill!\" really said it best when asked about superhero movies https://t\u2026"}, {"author_id": 1289985312379359232, "id": 1495203925254975489, "text": "@thewitchycosmos @cultofscrunkly im sorry i simply dont have the time to do that, im watching a movie with my boyfriend right now and really enjoying it so far!! its this old movie from 1965 and the sountrack is very good so far. the movie is called faster, pussycat! kill kill! and i dont have time to vote (1/2)"}, {"author_id": 3171582398, "id": 1495191184943288327, "text": "RT @mrbrianfirenzi: Russ Meyer, director of \"Faster, Pussycat! Kill! Kill!\" really said it best when asked about superhero movies https://t\u2026"}, {"author_id": 73314734, "id": 1495163010805116931, "text": "RT @mrbrianfirenzi: Russ Meyer, director of \"Faster, Pussycat! Kill! Kill!\" really said it best when asked about superhero movies https://t\u2026"}, {"author_id": 1331416576659054593, "id": 1495160955034025993, "text": "RT @mrbrianfirenzi: Russ Meyer, director of \"Faster, Pussycat! Kill! Kill!\" really said it best when asked about superhero movies https://t\u2026"}, {"author_id": 729833571364446209, "id": 1495159808424611842, "text": "RT @mrbrianfirenzi: Russ Meyer, director of \"Faster, Pussycat! Kill! Kill!\" really said it best when asked about superhero movies https://t\u2026"}, {"author_id": 33257701, "id": 1495158049543237634, "text": "RT @mrbrianfirenzi: Russ Meyer, director of \"Faster, Pussycat! Kill! Kill!\" really said it best when asked about superhero movies https://t\u2026"}, {"author_id": 979792496, "id": 1495157712325423114, "text": "RT @mrbrianfirenzi: Russ Meyer, director of \"Faster, Pussycat! Kill! Kill!\" really said it best when asked about superhero movies https://t\u2026"}, {"author_id": 63410034, "id": 1495156260735361025, "text": "RT @mrbrianfirenzi: Russ Meyer, director of \"Faster, Pussycat! Kill! Kill!\" really said it best when asked about superhero movies https://t\u2026"}, {"author_id": 1442477856647356418, "id": 1495108891448852487, "text": "RT @plasmaboob: Daktari's brilliant homage to Russ Meyer's film, \"Faster, Pussycat! Kill! Kill!\" with Hitomi as Varla. In the realm of bust\u2026"}, {"author_id": 1176478305836523521, "id": 1495081316064411649, "text": "RT @plasmaboob: Daktari's brilliant homage to Russ Meyer's film, \"Faster, Pussycat! Kill! Kill!\" with Hitomi as Varla. In the realm of bust\u2026"}, {"author_id": 464217256, "id": 1495053692566974466, "text": "RT @mrbrianfirenzi: Russ Meyer, director of \"Faster, Pussycat! Kill! Kill!\" really said it best when asked about superhero movies https://t\u2026"}, {"author_id": 1576701751, "id": 1495050937509023745, "text": "RT @mrbrianfirenzi: Russ Meyer, director of \"Faster, Pussycat! Kill! Kill!\" really said it best when asked about superhero movies https://t\u2026"}, {"author_id": 1410423069378846721, "id": 1495045641550114825, "text": "@robinstillrocks @SSeeley92 Plus the female 'victim' in Faster Pussycat Kill Kill is his mom Sue Bernard."}, {"author_id": 3949924938, "id": 1495039377956691969, "text": "\u266a The Bostweeds Faster, Pussycat! Kill! Kill! \u266b  #indierock #bakersfield #indiemusic #LPFM"}, {"author_id": 1109971822253129728, "id": 1495004852447027203, "text": "RT @mrbrianfirenzi: Russ Meyer, director of \"Faster, Pussycat! Kill! Kill!\" really said it best when asked about superhero movies https://t\u2026"}, {"author_id": 1118969910644871170, "id": 1494996485360037891, "text": "RT @plasmaboob: Daktari's brilliant homage to Russ Meyer's film, \"Faster, Pussycat! Kill! Kill!\" with Hitomi as Varla. In the realm of bust\u2026"}, {"author_id": 1335706112960720898, "id": 1494986036845461507, "text": "RT @mrbrianfirenzi: Russ Meyer, director of \"Faster, Pussycat! Kill! Kill!\" really said it best when asked about superhero movies https://t\u2026"}, {"author_id": 1183446648107737091, "id": 1494977918489042944, "text": "RT @mrbrianfirenzi: Russ Meyer, director of \"Faster, Pussycat! Kill! Kill!\" really said it best when asked about superhero movies https://t\u2026"}, {"author_id": 835331991893491713, "id": 1494977182094921728, "text": "RT @mrbrianfirenzi: Russ Meyer, director of \"Faster, Pussycat! Kill! Kill!\" really said it best when asked about superhero movies https://t\u2026"}, {"author_id": 1414564518424948740, "id": 1494977027165802500, "text": "RT @mrbrianfirenzi: Russ Meyer, director of \"Faster, Pussycat! Kill! Kill!\" really said it best when asked about superhero movies https://t\u2026"}, {"author_id": 984663649603158016, "id": 1494948462256967680, "text": "Tcm next gen's dinner scene was more like faster pussycat kill kill's dinner scene than a tcm one and that was brave i stan https://t.co/vghgddyz9w"}, {"author_id": 826125881483657220, "id": 1494911987435905024, "text": "RT @mrbrianfirenzi: Russ Meyer, director of \"Faster, Pussycat! Kill! Kill!\" really said it best when asked about superhero movies https://t\u2026"}, {"author_id": 1081103907869376512, "id": 1494907785053622272, "text": "RT @mrbrianfirenzi: Russ Meyer, director of \"Faster, Pussycat! Kill! Kill!\" really said it best when asked about superhero movies https://t\u2026"}, {"author_id": 1082754583078813698, "id": 1494890149339095043, "text": "RT @mrbrianfirenzi: Russ Meyer, director of \"Faster, Pussycat! Kill! Kill!\" really said it best when asked about superhero movies https://t\u2026"}, {"author_id": 894989294376505344, "id": 1494887268766695427, "text": "RT @mrbrianfirenzi: Russ Meyer, director of \"Faster, Pussycat! Kill! Kill!\" really said it best when asked about superhero movies https://t\u2026"}, {"author_id": 1681997414, "id": 1494887089275559939, "text": "RT @mrbrianfirenzi: Russ Meyer, director of \"Faster, Pussycat! Kill! Kill!\" really said it best when asked about superhero movies https://t\u2026"}, {"author_id": 56957048, "id": 1494879528631644161, "text": "RT @mrbrianfirenzi: Russ Meyer, director of \"Faster, Pussycat! Kill! Kill!\" really said it best when asked about superhero movies https://t\u2026"}, {"author_id": 101063307, "id": 1494861866228940801, "text": "Faster, Pussycat! Kill! Kill!"}, {"author_id": 1649896584, "id": 1494860761029660673, "text": "RT @mrbrianfirenzi: Russ Meyer, director of \"Faster, Pussycat! Kill! Kill!\" really said it best when asked about superhero movies https://t\u2026"}, {"author_id": 990309304623419392, "id": 1494851864210427904, "text": "RT @mrbrianfirenzi: Russ Meyer, director of \"Faster, Pussycat! Kill! Kill!\" really said it best when asked about superhero movies https://t\u2026"}, {"author_id": 842215100589174784, "id": 1494851343386877952, "text": "RT @mrbrianfirenzi: Russ Meyer, director of \"Faster, Pussycat! Kill! Kill!\" really said it best when asked about superhero movies https://t\u2026"}, {"author_id": 299897506, "id": 1494848670566600709, "text": "RT @mrbrianfirenzi: Russ Meyer, director of \"Faster, Pussycat! Kill! Kill!\" really said it best when asked about superhero movies https://t\u2026"}, {"author_id": 144951942, "id": 1494848563246940165, "text": "RT @cheryllynneaton: If Megan is going to start acting then I just want to reiterate that someone who is very smart and likes money should\u2026"}, {"author_id": 1439211982196989953, "id": 1494847278854680577, "text": "RT @plasmaboob: Daktari's brilliant homage to Russ Meyer's film, \"Faster, Pussycat! Kill! Kill!\" with Hitomi as Varla. In the realm of bust\u2026"}, {"author_id": 1139664057550721024, "id": 1494835704244940801, "text": "RT @mrbrianfirenzi: Russ Meyer, director of \"Faster, Pussycat! Kill! Kill!\" really said it best when asked about superhero movies https://t\u2026"}, {"author_id": 1339947162348740611, "id": 1494830698309509120, "text": "RT @mrbrianfirenzi: Russ Meyer, director of \"Faster, Pussycat! Kill! Kill!\" really said it best when asked about superhero movies https://t\u2026"}, {"author_id": 1082758281313931264, "id": 1494829268756414467, "text": "RT @mrbrianfirenzi: Russ Meyer, director of \"Faster, Pussycat! Kill! Kill!\" really said it best when asked about superhero movies https://t\u2026"}, {"author_id": 234377712, "id": 1494824095527100426, "text": "RT @mrbrianfirenzi: Russ Meyer, director of \"Faster, Pussycat! Kill! Kill!\" really said it best when asked about superhero movies https://t\u2026"}, {"author_id": 3246654569, "id": 1494818921479823363, "text": "RT @mrbrianfirenzi: Russ Meyer, director of \"Faster, Pussycat! Kill! Kill!\" really said it best when asked about superhero movies https://t\u2026"}, {"author_id": 20866327, "id": 1494818109278011395, "text": "RT @cheryllynneaton: If Megan is going to start acting then I just want to reiterate that someone who is very smart and likes money should\u2026"}, {"author_id": 3271414603, "id": 1494816836378112001, "text": "If Megan is going to start acting then I just want to reiterate that someone who is very smart and likes money should put out a remake of Russ Meyer's Faster, Pussycat! Kill! Kill! starring @theestallion, @iamcardib, and @TEYANATAYLOR. Thank you. https://t.co/hHHhPnHvrg"}, {"author_id": 3315300269, "id": 1494813840969658374, "text": "RT @mrbrianfirenzi: Russ Meyer, director of \"Faster, Pussycat! Kill! Kill!\" really said it best when asked about superhero movies https://t\u2026"}, {"author_id": 1257865314496180225, "id": 1494813456553619457, "text": "RT @mrbrianfirenzi: Russ Meyer, director of \"Faster, Pussycat! Kill! Kill!\" really said it best when asked about superhero movies https://t\u2026"}, {"author_id": 2228130211, "id": 1494811250873622528, "text": "RT @mrbrianfirenzi: Russ Meyer, director of \"Faster, Pussycat! Kill! Kill!\" really said it best when asked about superhero movies https://t\u2026"}, {"author_id": 3444577523, "id": 1494809441681784839, "text": "RT @mrbrianfirenzi: Russ Meyer, director of \"Faster, Pussycat! Kill! Kill!\" really said it best when asked about superhero movies https://t\u2026"}, {"author_id": 519013121, "id": 1494808249681416194, "text": "RT @mrbrianfirenzi: Russ Meyer, director of \"Faster, Pussycat! Kill! Kill!\" really said it best when asked about superhero movies https://t\u2026"}, {"author_id": 184080033, "id": 1494808178881482753, "text": "RT @mrbrianfirenzi: Russ Meyer, director of \"Faster, Pussycat! Kill! Kill!\" really said it best when asked about superhero movies https://t\u2026"}, {"author_id": 2373255594, "id": 1494807512993845249, "text": "RT @mrbrianfirenzi: Russ Meyer, director of \"Faster, Pussycat! Kill! Kill!\" really said it best when asked about superhero movies https://t\u2026"}, {"author_id": 596101953, "id": 1494806420063145988, "text": "RT @mrbrianfirenzi: Russ Meyer, director of \"Faster, Pussycat! Kill! Kill!\" really said it best when asked about superhero movies https://t\u2026"}, {"author_id": 129375589, "id": 1494805859678838786, "text": "RT @mrbrianfirenzi: Russ Meyer, director of \"Faster, Pussycat! Kill! Kill!\" really said it best when asked about superhero movies https://t\u2026"}, {"author_id": 1422458895306534923, "id": 1494804930678427655, "text": "RT @mrbrianfirenzi: Russ Meyer, director of \"Faster, Pussycat! Kill! Kill!\" really said it best when asked about superhero movies https://t\u2026"}, {"author_id": 56006918, "id": 1494804424442761218, "text": "RT @mrbrianfirenzi: Russ Meyer, director of \"Faster, Pussycat! Kill! Kill!\" really said it best when asked about superhero movies https://t\u2026"}, {"author_id": 3038432977, "id": 1494803835839135748, "text": "RT @mrbrianfirenzi: Russ Meyer, director of \"Faster, Pussycat! Kill! Kill!\" really said it best when asked about superhero movies https://t\u2026"}, {"author_id": 2424719774, "id": 1494803735628984328, "text": "RT @mrbrianfirenzi: Russ Meyer, director of \"Faster, Pussycat! Kill! Kill!\" really said it best when asked about superhero movies https://t\u2026"}, {"author_id": 994001403499700224, "id": 1494802305375518720, "text": "RT @mrbrianfirenzi: Russ Meyer, director of \"Faster, Pussycat! Kill! Kill!\" really said it best when asked about superhero movies https://t\u2026"}, {"author_id": 5668862, "id": 1494799750914187265, "text": "RT @mrbrianfirenzi: Russ Meyer, director of \"Faster, Pussycat! Kill! Kill!\" really said it best when asked about superhero movies https://t\u2026"}, {"author_id": 2455454488, "id": 1494799692764528642, "text": "RT @mrbrianfirenzi: Russ Meyer, director of \"Faster, Pussycat! Kill! Kill!\" really said it best when asked about superhero movies https://t\u2026"}, {"author_id": 37602607, "id": 1494798349479907333, "text": "RT @mrbrianfirenzi: Russ Meyer, director of \"Faster, Pussycat! Kill! Kill!\" really said it best when asked about superhero movies https://t\u2026"}, {"author_id": 215544037, "id": 1494794999996821512, "text": "RT @mrbrianfirenzi: Russ Meyer, director of \"Faster, Pussycat! Kill! Kill!\" really said it best when asked about superhero movies https://t\u2026"}, {"author_id": 1166125673057931264, "id": 1494794391688343554, "text": "RT @mrbrianfirenzi: Russ Meyer, director of \"Faster, Pussycat! Kill! Kill!\" really said it best when asked about superhero movies https://t\u2026"}, {"author_id": 206346341, "id": 1494794358482112514, "text": "RT @mrbrianfirenzi: Russ Meyer, director of \"Faster, Pussycat! Kill! Kill!\" really said it best when asked about superhero movies https://t\u2026"}, {"author_id": 826180453774221312, "id": 1494794214466473989, "text": "RT @mrbrianfirenzi: Russ Meyer, director of \"Faster, Pussycat! Kill! Kill!\" really said it best when asked about superhero movies https://t\u2026"}, {"author_id": 15670824, "id": 1494793928201150465, "text": "RT @mrbrianfirenzi: Russ Meyer, director of \"Faster, Pussycat! Kill! Kill!\" really said it best when asked about superhero movies https://t\u2026"}, {"author_id": 16826090, "id": 1494793885435842562, "text": "RT @mrbrianfirenzi: Russ Meyer, director of \"Faster, Pussycat! Kill! Kill!\" really said it best when asked about superhero movies https://t\u2026"}, {"author_id": 18026506, "id": 1494791356006363138, "text": "RT @mrbrianfirenzi: Russ Meyer, director of \"Faster, Pussycat! Kill! Kill!\" really said it best when asked about superhero movies https://t\u2026"}, {"author_id": 286826025, "id": 1494791348892966914, "text": "RT @mrbrianfirenzi: Russ Meyer, director of \"Faster, Pussycat! Kill! Kill!\" really said it best when asked about superhero movies https://t\u2026"}, {"author_id": 78221773, "id": 1494789301183340548, "text": "RT @mrbrianfirenzi: Russ Meyer, director of \"Faster, Pussycat! Kill! Kill!\" really said it best when asked about superhero movies https://t\u2026"}, {"author_id": 606884364, "id": 1494789248662212608, "text": "RT @mrbrianfirenzi: Russ Meyer, director of \"Faster, Pussycat! Kill! Kill!\" really said it best when asked about superhero movies https://t\u2026"}, {"author_id": 16147423, "id": 1494788411965816832, "text": "RT @mrbrianfirenzi: Russ Meyer, director of \"Faster, Pussycat! Kill! Kill!\" really said it best when asked about superhero movies https://t\u2026"}, {"author_id": 1067135445199478784, "id": 1494786558947475462, "text": "RT @mrbrianfirenzi: Russ Meyer, director of \"Faster, Pussycat! Kill! Kill!\" really said it best when asked about superhero movies https://t\u2026"}, {"author_id": 822807319, "id": 1494785781008932867, "text": "RT @mrbrianfirenzi: Russ Meyer, director of \"Faster, Pussycat! Kill! Kill!\" really said it best when asked about superhero movies https://t\u2026"}, {"author_id": 592382661, "id": 1494784888456855552, "text": "faster kill faster still pussycat"}, {"author_id": 35498483, "id": 1494784603697131520, "text": "RT @mrbrianfirenzi: Russ Meyer, director of \"Faster, Pussycat! Kill! Kill!\" really said it best when asked about superhero movies https://t\u2026"}, {"author_id": 292736545, "id": 1494783710029352968, "text": "RT @mrbrianfirenzi: Russ Meyer, director of \"Faster, Pussycat! Kill! Kill!\" really said it best when asked about superhero movies https://t\u2026"}, {"author_id": 105138139, "id": 1494782938126426117, "text": "RT @mrbrianfirenzi: Russ Meyer, director of \"Faster, Pussycat! Kill! Kill!\" really said it best when asked about superhero movies https://t\u2026"}, {"author_id": 23005349, "id": 1494782905578520580, "text": "RT @mrbrianfirenzi: Russ Meyer, director of \"Faster, Pussycat! Kill! Kill!\" really said it best when asked about superhero movies https://t\u2026"}, {"author_id": 3092045975, "id": 1494782748812267521, "text": "RT @mrbrianfirenzi: Russ Meyer, director of \"Faster, Pussycat! Kill! Kill!\" really said it best when asked about superhero movies https://t\u2026"}, {"author_id": 987663426, "id": 1494782674510114817, "text": "RT @mrbrianfirenzi: Russ Meyer, director of \"Faster, Pussycat! Kill! Kill!\" really said it best when asked about superhero movies https://t\u2026"}, {"author_id": 837960372061618176, "id": 1494781852808323076, "text": "RT @mrbrianfirenzi: Russ Meyer, director of \"Faster, Pussycat! Kill! Kill!\" really said it best when asked about superhero movies https://t\u2026"}, {"author_id": 2744829304, "id": 1494781652039577607, "text": "RT @mrbrianfirenzi: Russ Meyer, director of \"Faster, Pussycat! Kill! Kill!\" really said it best when asked about superhero movies https://t\u2026"}, {"author_id": 2413384939, "id": 1494781522473279488, "text": "RT @mrbrianfirenzi: Russ Meyer, director of \"Faster, Pussycat! Kill! Kill!\" really said it best when asked about superhero movies https://t\u2026"}, {"author_id": 62247109, "id": 1494780874411626497, "text": "RT @mrbrianfirenzi: Russ Meyer, director of \"Faster, Pussycat! Kill! Kill!\" really said it best when asked about superhero movies https://t\u2026"}, {"author_id": 47143617, "id": 1494780578025017346, "text": "RT @mrbrianfirenzi: Russ Meyer, director of \"Faster, Pussycat! Kill! Kill!\" really said it best when asked about superhero movies https://t\u2026"}, {"author_id": 2528636040, "id": 1494780562883563520, "text": "RT @mrbrianfirenzi: Russ Meyer, director of \"Faster, Pussycat! Kill! Kill!\" really said it best when asked about superhero movies https://t\u2026"}, {"author_id": 770781303436304384, "id": 1494778839087874051, "text": "RT @mrbrianfirenzi: Russ Meyer, director of \"Faster, Pussycat! Kill! Kill!\" really said it best when asked about superhero movies https://t\u2026"}, {"author_id": 423923919, "id": 1494777966257049600, "text": "RT @mrbrianfirenzi: Russ Meyer, director of \"Faster, Pussycat! Kill! Kill!\" really said it best when asked about superhero movies https://t\u2026"}, {"author_id": 46166979, "id": 1494777815673229312, "text": "RT @mrbrianfirenzi: Russ Meyer, director of \"Faster, Pussycat! Kill! Kill!\" really said it best when asked about superhero movies https://t\u2026"}, {"author_id": 1484762186, "id": 1494777442325733376, "text": "RT @mrbrianfirenzi: Russ Meyer, director of \"Faster, Pussycat! Kill! Kill!\" really said it best when asked about superhero movies https://t\u2026"}, {"author_id": 36910783, "id": 1494777361723805696, "text": "RT @mrbrianfirenzi: Russ Meyer, director of \"Faster, Pussycat! Kill! Kill!\" really said it best when asked about superhero movies https://t\u2026"}, {"author_id": 20109557, "id": 1494777212662386694, "text": "RT @mrbrianfirenzi: Russ Meyer, director of \"Faster, Pussycat! Kill! Kill!\" really said it best when asked about superhero movies https://t\u2026"}, {"author_id": 73205625, "id": 1494777194622730248, "text": "RT @mrbrianfirenzi: Russ Meyer, director of \"Faster, Pussycat! Kill! Kill!\" really said it best when asked about superhero movies https://t\u2026"}, {"author_id": 247126889, "id": 1494777177878843394, "text": "RT @mrbrianfirenzi: Russ Meyer, director of \"Faster, Pussycat! Kill! Kill!\" really said it best when asked about superhero movies https://t\u2026"}, {"author_id": 22415679, "id": 1494777021825785859, "text": "RT @mrbrianfirenzi: Russ Meyer, director of \"Faster, Pussycat! Kill! Kill!\" really said it best when asked about superhero movies https://t\u2026"}]