[{"author_id": 1491158941774094343, "id": 1495229757805498368, "text": "In a 90s thriller mood this weekend. Sleeping With The Enemy,Basic Instinct, The Hand That Rocks The Cradle,Fatal Attraction,Single White Female. What else? \ud83c\udfa5 \ud83c\udf7f"}, {"author_id": 1480889043185459204, "id": 1495041931851698177, "text": "@zarielle I\u2019m not sure how \u201cfemme noir\u201d is defined, but it would be worth it to take a look at Fatal Instinct. (Mashup parody of Fatal Attraction and Basic Instinct.) I suspect it isn\u2019t femme noir, but there\u2019s lots on how femininity and female sexuality get constructed in noir."}, {"author_id": 361666594, "id": 1494841188087566337, "text": "@BeerHugh @nadinevoncohen My wife &amp; I have been discussing whether there could be a connection between over-fishing &amp; attacks. The stats on fatal attacks don\u2019t really support this theory but I find it hard to shake the instinct given what we do know about degrading ocean ecology."}, {"author_id": 1287158187947368449, "id": 1494807686264897544, "text": "@noirgirl2001 @JasonStrummer One of the funniest movies I\u2019ve ever seen\ud83e\udd23 Fatal Instinct"}, {"author_id": 1192433520, "id": 1494522126279356417, "text": "@Kitana_Nina World Heroes... Fatal Fury... Killer Instinct. \ud83d\ude0e\ud83c\udfae"}, {"author_id": 356590968, "id": 1494449833394028556, "text": "King of Fighters '98, Street fighter Alpha, Tekken 5, Soulcalibur III, Dead or Alive 2, Darkstalkers, Rival Schools, Fatal Fury 3, Guilty Gear XX, BlazBlue,, Super Smash Bros Ultimate, Virtua Fighter 4, Bloody Roar 4, Capcom Vs. SNK 2, and Power Instinct Matrimelee. https://t.co/iTbgO7Ba0v"}, {"author_id": 1349880380460040192, "id": 1494448235976564740, "text": "@LDahmre @MsJenSteele She is the character Basic Instinct and Fatal Attraction is based off."}, {"author_id": 1251957518005350400, "id": 1494357097256996865, "text": "@Kitana_Nina Other recommended franchises or trilogies:\n- Fatal Fury\n- World Heroes\n- Art of Fighting\n- Samurai Shodown\n- Power Instinct\n- Darkstalkers\n- Killer Instinct\n- Rival Schools\n- The Last Blade\n- Marvel vs. Capcom\n- Injustice"}, {"author_id": 14813265, "id": 1494135298690797571, "text": "Sometimes I watch terrible movies. Tonight, Fatal Instinct by Carl Reiner.   \u201cIt\u2019s just a short trip\u2026a short trip to hell in a metal tomb!\u201d \ud83d\ude02 https://t.co/UUeydPh5Ei"}, {"author_id": 2875501614, "id": 1493968678882316290, "text": "@edwest Fatal Attraction in the 80s and to a lesser extent Basic Instinct in the 90s created great media debate.  Both mainstream Hollywood movies. Things have become more niche. Vast majority of people unaware of The Power of the Dog for example, &amp; little reason for them to be."}, {"author_id": 796793336, "id": 1493659804384043025, "text": "@mo98241081 @MccartneyLes I was looking for that very clip to share it because she then said they usually go on instinct instead of advice which usually leads to a fatal mistake. A mistake that leads to their demise. Or something like that. It'll happen to Sturgeon soon."}, {"author_id": 135515077, "id": 1493618107017007108, "text": "Lovely piece @FrankBruni. Your apt dismissal of the \"why me?\" instinct reminded me of Christopher Hitchens' great line upon learning he had fatal esophageal cancer:\n\n\"To the dumb question 'Why me?' the cosmos barely bothers to return the reply: Why not?\"\n\nhttps://t.co/pbRA5HdKXT"}, {"author_id": 2651966094, "id": 1493609857538265092, "text": "RT @ItsYourLane: A few movies that might make you glad you\u2019re single on Valentine\u2019s Day:\n\n500 Days Of Summer\nGone Girl\nAmerican Beauty\nEyes\u2026"}, {"author_id": 154776627, "id": 1493488107492106242, "text": "@1baldchick I\u2019m sorry you\u2019re in such a dark place. I get it though. Sometimes I think a fatal diagnosis would more fortunate than to spend days wasting away slowly in emotional &amp; physical agony. But I keep finding something in me that wants to live. Survival instinct deeply rooted I guess."}, {"author_id": 15002103, "id": 1493464914886684673, "text": "Four movie recommendations, no rules:\n\nMaster of Disguise (2002)\nHigh School High (1996)\nFatal Instinct (1993)\nCorky Romano (2001)\n\n@IAMSadeSellers @anuvalia @laurensick @chinwefilms https://t.co/vtqExY3VA3 https://t.co/xULKs6wU9Z"}, {"author_id": 707327579103977472, "id": 1493379112957665285, "text": "@PettyRuxpin83 For romance I usually go with Fatal Attraction or Basic Instinct."}, {"author_id": 1373186540403372036, "id": 1493340809382531074, "text": "@OkekeDalu @utdcrownprince @DennisOlabamiji @altewale It's instinct is to attack to be save from you, unfortunately their bite is more fatal and will lead to death, they can't help it, they are created ,d same way you are created \nA cobra or any venomous snake will attack if threatened, you don't have to abuse me to make your point"}, {"author_id": 23919530, "id": 1493323370133438464, "text": "RT @FilmIntuition: #Podcast: @WatchWithJen - S2: E39 - Michael Douglas with Sean Burns\n\nIn this very funny, adults-only ep, @SeanMBurns joi\u2026"}, {"author_id": 4425545654, "id": 1493319981857185795, "text": "Favorite V-Day film fest lineup:\nPLAY MISTY FOR ME\nFATAL ATTRACTION\nMISERY\nBASIC INSTINCT\n\u2764\ufe0f\u2764\ufe0f\u2764\ufe0f\u2764\ufe0f\u2764\ufe0f\ud83d\udd2a\ud83d\udd2a\ud83d\udd2a\ud83d\udd2a\ud83d\udc07\ud83e\udea6\ud83d\ude01"}, {"author_id": 619501271, "id": 1493294425270886403, "text": "Time to brush up on classics like Basic Instinct, Fatal Attraction, Wild Things, Body Double, and Unfaithful cuz we're getting our 1st real erotic thriller in years https://t.co/cxptsPTSSY"}, {"author_id": 166797609, "id": 1493246129500299269, "text": "@Shushuleri Basic instinct, fatal attraction, eyes wide shut."}, {"author_id": 816363645458186240, "id": 1493027876945367040, "text": "@HitmanHeitzie Maybe I misunderstood, you mean Fatal Attraction launched the erotic thriller, I agree. But Basic Instinct was laughable if not a guilty pleasure for some and I love Michael Douglas. I guess you mean BASIC INSTINCT was the beginning of the end of the erotic thriller, I agree."}, {"author_id": 1043241859647078400, "id": 1493016561577340928, "text": "@nomoretrumpery I\u2019m catching up on movies. Tonight is Fatal Instinct. \ud83d\ude40\ud83d\ude39 https://t.co/PIqkorgHjP"}, {"author_id": 93776255, "id": 1492972682010402818, "text": "@GameMistress Final Fight, USA 94, Street Fighter II Turbo, F-Zero, Super Mario World, TMNT IV Turtles in Time, Super Metroid, Super Mario Kart, Batman Returns, Super Returns of The Jedi, Ken Griffey Jr, Killer Instinct, Donkey Kong Country, Mortal Kombat Ultimate, Sim City, Fatal Fury Special"}]