[{"author_id": 1491139845262958594, "id": 1495288421404659717, "text": "RT @gabbagabsa: i need someone to flirt with me post haste or else i am going to die"}, {"author_id": 852747606199382016, "id": 1495288389708435460, "text": "My bf doin this litter security job at a concert and I\u2019m otp with him. Why this bitch trynna flirt with him or sum? Cause a bitch named Vanessa will get ha head blown clean off."}, {"author_id": 1270727260648214529, "id": 1495288332225556482, "text": "I flirt by liking tweets and making drafts so if you can\u2019t tell that\u2019s really on you \ud83e\udd37\u200d\u2642\ufe0f"}, {"author_id": 1338165054, "id": 1495288292027289604, "text": "RT @spinbackmecca: everybody wanna flirt but nobody wanna fill up this gas tank."}, {"author_id": 1074617230141214720, "id": 1495288224083632128, "text": "RT @MacroSteen: Kass played \"Song of Growth\". He knows how to flirt \u263a\ufe0f https://t.co/7GfuxWtw21"}, {"author_id": 1249321266168778753, "id": 1495288169251885060, "text": "RT @Aiymellow: Pesanan i dkt ds guys : \n- Jgn rt porn penuh tl\n- Don\u2019t follow/ support leak content \n- Dm \u201cSex/Service/Vc\u201d or any kind of s\u2026"}, {"author_id": 1418683857633566725, "id": 1495288127656587272, "text": "RT @annadeathbed: who up and wanna flirt with me"}, {"author_id": 1432703640297512963, "id": 1495288067254411264, "text": "RT @Aiymellow: Pesanan i dkt ds guys : \n- Jgn rt porn penuh tl\n- Don\u2019t follow/ support leak content \n- Dm \u201cSex/Service/Vc\u201d or any kind of s\u2026"}, {"author_id": 380111715, "id": 1495288036698902528, "text": "haaha who wannts 2 Flirt later :O"}, {"author_id": 1405221258741092362, "id": 1495287904733700099, "text": "Someone just made me a favorite on #NiteFlirt. Call me at 1-800-To-Flirt, ext: 12534012 to see why. https://t.co/kCOvKV7Bac"}, {"author_id": 1405221258741092362, "id": 1495287903508910081, "text": "Someone just made me a favorite on #NiteFlirt. Call me at 1-800-To-Flirt, ext: 12534012 to see why."}, {"author_id": 16413845, "id": 1495287852569092096, "text": "I\u2019m tryna flirt"}, {"author_id": 1426669228417974275, "id": 1495287850815815682, "text": "@sadisticmilf @puppymcpupster ive never seen either of you flirt idk which side to be on"}, {"author_id": 1046414936618876928, "id": 1495287679117713408, "text": "God help me im dry texter\ntrying to flirt is like writing my fucking thesis all over again"}, {"author_id": 1453175649074663425, "id": 1495287673522737152, "text": "Who\u2019s scammer son do I have to flirt with?"}, {"author_id": 1160597603022589952, "id": 1495287627649486851, "text": "RT @gabbagabsa: i need someone to flirt with me post haste or else i am going to die"}, {"author_id": 1275084093194227717, "id": 1495287562864312322, "text": "RT @MulopuNana: I cant flirt to save my life"}, {"author_id": 1438197399311224833, "id": 1495287553167089667, "text": "@gnsqing @hutaoscoffin just vote on someone\u2019s crush poll and then go in their cc anonymously and flirt for a while and then reveal yourself and dm like every day until you realize you\u2019re falling for each other :D"}, {"author_id": 887820976351715329, "id": 1495287382517731330, "text": "I met a guy and we vibed and I found out he had a gf and he continued to flirt with me the whole night\ud83d\ude15"}, {"author_id": 836641245833412608, "id": 1495287355573358593, "text": "I AM ASKING FOR OPINIONS. PLZ REPLY UR THOUGHTS.\n\nHow would these characters listed below try to flirt with Mu Qing? (The funnier the better):\n\nLing Wen\nPei Ming\nLang Qianqiu\nThe thunder master\nRain Master\nQuan Yizhen\nShi Qingxuan\nMing Yi\n\nNote: this is for fan fic research"}, {"author_id": 1275965309933977600, "id": 1495287324560834560, "text": "You flirt with her. I'll do more than just harm a hair on your body. I'll drag you through dirt. I'll leave a hole in your life like an absent dad. You'd wish you were dead. You can't father the way I'll make you feel, you can't feel any further I'll make you numb."}, {"author_id": 1460530052039426049, "id": 1495287174274723846, "text": "RT @MwendiaJnr: I can joke and flirt the whole day on Twitter but there\u2019s this girl who always controls me ."}, {"author_id": 1314838099222913024, "id": 1495287103605047296, "text": "Some guy came into work today and decided it would be a good idea to flirt with me and he literally asked me on a date once I finished work. GET ME OUTTA RETAIL"}, {"author_id": 832713948088524802, "id": 1495287068402016261, "text": "RT @spinbackmecca: everybody wanna flirt but nobody wanna fill up this gas tank."}, {"author_id": 1476868720215605265, "id": 1495287032364646406, "text": "@OfGoldenMemory A date...\n\nThat made Baizhu's heart flutter in his chest, qnd he simply gave a small nod in confirmation. Perhaps this was his chance to step out of his comfort zone...\n\nMaybe flirt a bit? Would that be acceptable? He hoped so.\n\n\"So kind, as always. I appreciate it.\" He said -"}, {"author_id": 1212909440359227397, "id": 1495287021450919937, "text": "i go to work everyday just to flirt with my coworkers to make my shift more interesting"}, {"author_id": 2608075196, "id": 1495286944338640899, "text": "@Hayouang ouu what kind of flirt is this"}, {"author_id": 1486774165122293769, "id": 1495286938588356610, "text": "RT @T_Carmen22: Gash even asked Yoli to sit on his back for a massage. If Yoli didn't finally flirt back, y'all would be saying that she's\u2026"}, {"author_id": 2205675031, "id": 1495286868048494593, "text": "Side note: do I give off bisexual/lesbian energy? A lot of women flirt with me but I\u2019m not sexually attracted to them.. titties are cool though! Maybe I\u2019m \u201ctwo-spirit\u201d as the Natives would say\u2026 \ud83e\udd14"}, {"author_id": 2577279806, "id": 1495286860972580871, "text": "RT @gabbagabsa: i need someone to flirt with me post haste or else i am going to die"}, {"author_id": 1430548491953131524, "id": 1495286810368348166, "text": "i don\u2019t understand how SOME guys slid into girls dms, try and flirt knowing damn well they have a PUBLIC ass RELATIONSHIP! so ugly fr"}, {"author_id": 763893513935261696, "id": 1495286782061170688, "text": "why she flirt wit me"}, {"author_id": 1084394801246715904, "id": 1495286746585743362, "text": "RT @MwendiaJnr: I can joke and flirt the whole day on Twitter but there\u2019s this girl who always controls me ."}, {"author_id": 1475462855008784384, "id": 1495286701161213957, "text": "@sadisticmilf @MURDOCKP1LLED Ok well you still don't have a right to an opinion because I've had more relationships (non online) than you and I'd like to see you flirt because I've never not once seen you do it because truthfully I don't believe you can. I'm just a good flirter why can't you accept that"}, {"author_id": 2428838106, "id": 1495286658895421442, "text": "RT @Lattize77: What a smooth way to flirt with your little brother, Dean!\ud83d\udc95\n#WeLoveJ2\n#barniversary https://t.co/hHqEjTcET3"}, {"author_id": 1492582957550342152, "id": 1495286638129389570, "text": "RT @MwendiaJnr: I can joke and flirt the whole day on Twitter but there\u2019s this girl who always controls me ."}, {"author_id": 715473352836534272, "id": 1495286617052958721, "text": "RT @MwendiaJnr: I can joke and flirt the whole day on Twitter but there\u2019s this girl who always controls me ."}, {"author_id": 1457478033347055622, "id": 1495286580432576515, "text": "RT @cumshotblasts: Send some naughty messages to other members who love to flirt on https://t.co/HDzF7nfdZN https://t.co/pbGm3YBVsp"}, {"author_id": 887000047824646144, "id": 1495286519749398528, "text": "trying to flirt w pretty boy and he\u2019s taking forever to reply does he not like me anymore https://t.co/BD14XX8vud"}, {"author_id": 1260555285070057472, "id": 1495286437280813056, "text": "@CallMeTheDeviI @ishehnaaz_gill @Leo82549227 @_jatti_attitude @ShehnaazShineFC Do u have new set of flirt lines becoz they all are there in Google \ud83d\ude2d\ud83d\ude2d\ud83d\ude2d\ud83d\udc49\ud83d\udc48"}, {"author_id": 993803425165991936, "id": 1495286417194614784, "text": "RT @aiurskies_: Repost.\nHyunsuk singing Winner's Don't flirt!!!\ud83e\udd7a He said he'll sing it with Jihoon! I'll be waiting pi. \ud83d\ude2d\ud83d\ude2d\ud83d\ude2d\n\n #\ucd5c\ud604\uc11d #Hoonsuk\u2026"}, {"author_id": 766695115293270016, "id": 1495286373196214273, "text": "@CallMeTheDeviI @ishehnaaz_gill @Leo82549227 @_jatti_attitude @ShehnaazShineFC Cheesy flirt\ud83d\ude0c"}, {"author_id": 1348566598676697095, "id": 1495286365302702082, "text": "Call them baby or sayang in the middle of your conversation might be the best step to start the flirt. https://t.co/YEdUCdlzbp"}, {"author_id": 1396813986813734916, "id": 1495286347849867271, "text": "RT @gangnamsuk: \u201cdon\u2019t flirt, everyday i\u2019m nervous because of you, i pray again today that you won\u2019t be taken away by someone else\u201d hyunsuk\u2026"}, {"author_id": 1085376659107311623, "id": 1495286331366334464, "text": "@Arslanishaq17 @RAIIDENMIKO so if i go flirt w a girl will you call me straight"}, {"author_id": 1308582771741261829, "id": 1495286298814214150, "text": "RT @TBH_in_songs: Just happy kiddos learning Spanish flirt"}, {"author_id": 110129264, "id": 1495286290002104320, "text": "\ud83d\udc4d on @YouTube: Why, how &amp; when to Flirt https://t.co/kj1KdkpGMQ"}, {"author_id": 628833983, "id": 1495286253826166786, "text": "RT @laiken_rose: somebody flirt w me before i\u2019m forced to redownload tinder out of boredom"}, {"author_id": 1358749889480454145, "id": 1495286223740538880, "text": "I'm gathering souls for a small fee on #NiteFlirt 1-800-To-Flirt, ext: 12404842. Give me a call before I become busy!"}, {"author_id": 956497893438914561, "id": 1495286189464580096, "text": "To achieve sanity you must first conquer The Miricle of Sound's Now is not the time to flirt and hope to hammer with Daisy."}, {"author_id": 3253332116, "id": 1495286182191587330, "text": "RT @spinbackmecca: everybody wanna flirt but nobody wanna fill up this gas tank."}, {"author_id": 1462010869580132357, "id": 1495286176961658882, "text": "@luvsdoyoungie flirt \ud83d\ude1c\nYES , I LIKE IT SO MUCH"}, {"author_id": 522020580, "id": 1495286172125315076, "text": "RT @femalejethalal: some people's friendly flirt can literally be a roller coaster of emotions for others"}, {"author_id": 142697523, "id": 1495286162159767552, "text": "RT @MwendiaJnr: I can joke and flirt the whole day on Twitter but there\u2019s this girl who always controls me ."}, {"author_id": 1281811786618953729, "id": 1495286161627312130, "text": "RT @femalejethalal: some people's friendly flirt can literally be a roller coaster of emotions for others"}, {"author_id": 997172562, "id": 1495286118635368450, "text": "Please do not flirt during discuss, i'm not the third wheeler on your google meet dating side"}, {"author_id": 1054218883828043776, "id": 1495286092756443143, "text": "RT @gcldenangels: I'M CRYING LMAOOKDBDMNS SO TODO AND BAKU SWITCHED SEATS????? shouto really said \"you don't get to flirt with him today be\u2026"}, {"author_id": 1476592417948246024, "id": 1495285969041313798, "text": "@Douma_owo @kurakookoo @lequinox9 u flirt like her too~"}, {"author_id": 1431178265813823491, "id": 1495285955913203712, "text": "How ppl look tryna flirt on here https://t.co/x857IclhuA"}, {"author_id": 1233873815702134784, "id": 1495285903350067205, "text": "RT @forest_vvoods: @OddCarlo @hannahyusuck Lol never understood this, how you flirt by making them feel bad?"}, {"author_id": 2599539487, "id": 1495285890247278596, "text": "@smolsassygay Nahhh everyone is flirting with her but she got no time lol\n\nSPOILER\n\nPetra will also flirt with her in the other city I forgot the name... Chain something"}, {"author_id": 1348208189322518528, "id": 1495285785981075458, "text": "RT @MwendiaJnr: I can joke and flirt the whole day on Twitter but there\u2019s this girl who always controls me ."}, {"author_id": 734306468694986752, "id": 1495285784148324353, "text": "\u2694 This has been fun, but I need to get in some dance practice today. Hey, I do more than just flirt!"}, {"author_id": 913078579793084416, "id": 1495285765709832197, "text": "RT @ReagansTweets: old men flirt with young female workers and be like \u201cthey love me around here \ud83e\udd23\u201d\n\nbro her fight or flight senses are in\u2026"}, {"author_id": 1209621145139335170, "id": 1495285730389610496, "text": "RT @BavejaH: @RashmiJamwal8 @HarbirSinghSuri @TheDrunkRider @DeeptiMahajan20 @GayatriRamanat1 An ideal husband doesn't flirt with other wom\u2026"}, {"author_id": 1220001783508094976, "id": 1495285684667572224, "text": "RT @laiken_rose: somebody flirt w me before i\u2019m forced to redownload tinder out of boredom"}, {"author_id": 1346023095153389568, "id": 1495285658591584257, "text": "@rainbootae I watched the video and all I saw he said the man was a great photographer without even making a flirt face he was just complementing him being a good photographer how is this flirting??try harder Ari"}, {"author_id": 1437634296731213825, "id": 1495285608251817988, "text": "they said \"idk how to flirt imma just stare at you until you marry me\" https://t.co/P60BsycA6L"}, {"author_id": 944258384685096962, "id": 1495285561300504578, "text": "I head canon the fact that tsubasa and Chris have no fucking clue how to flirt and just assume vaugely lewd or romantic things are just weird ways to say something simple"}, {"author_id": 738697743489634304, "id": 1495285556493783040, "text": "who up and wanna flirt with me"}, {"author_id": 1336678625253449728, "id": 1495285489988870144, "text": "the fan's trying to flirt with him and he just goes \"\ud83d\ude0c i know\" https://t.co/hDdzFyihof"}, {"author_id": 422369813, "id": 1495285474789040131, "text": "RT @captainuwu: Comment : Don't flirt~\nJungwoo : Gosh, when did I ever flirted~\n\nHe's so cute \u314b\u314b\u314b\u314b\u314b\u314b true true, Jungwoo is just naturally c\u2026"}, {"author_id": 1353643376726470656, "id": 1495285450596044803, "text": "@sojughwn As u shud but dont flirt too much https://t.co/8YEHJYvaov"}, {"author_id": 2560363315, "id": 1495285428366323712, "text": "lets flirt"}, {"author_id": 1474445606164725762, "id": 1495285369772056581, "text": "RT @fearlesslarrie_: \ud83c\udf3b\ud835\udc08 \ud835\udc0b\ud835\udc0e\ud835\udc15\ud835\udc04 \ud835\udc18\ud835\udc0e\ud835\udc14 \ud835\udfd1\ud835\udfce\ud835\udfce\ud835\udfce!\ud83c\udf3b\n\n\"Your eyes\"\n\"Excuse me?\"\n\"You asked what my favourite colour is, so yeah. Your eyes\"\n\nOr\n\nlarry sm\u2026"}, {"author_id": 2726604720, "id": 1495285348691238925, "text": "RT @spinbackmecca: everybody wanna flirt but nobody wanna fill up this gas tank."}, {"author_id": 1216576882461888513, "id": 1495285313559834625, "text": "RT @vluvseer: \ud83d\udce3 | gemini, virgo, sagittarius, pisces (sun, moon, rising)\n\n\u2653\ufe0f\u2600\ufe0f: pisces season\n\n\u2014luck &amp; turning point in your life\n\u2014therapy\u2026"}, {"author_id": 1479592617000194052, "id": 1495285204390486019, "text": "RT @cumshotblasts: Send some naughty messages to other members who love to flirt on https://t.co/HDzF7nfdZN https://t.co/pbGm3YBVsp"}, {"author_id": 1473003408088973314, "id": 1495285203568234496, "text": "@puppymcpupster @MURDOCKP1LLED See the thing is\nA good flirt is actually\nYou know\nSuccessful"}, {"author_id": 1262610807646380033, "id": 1495285071745458178, "text": "no to flirt"}, {"author_id": 958796110113509376, "id": 1495285015114129410, "text": "RT @I_Am_Winter: Some ladies can really flirt with you and let you catch feelings then when you make your first move they make you look dum\u2026"}, {"author_id": 1290648475957329923, "id": 1495285007157547011, "text": "he's never been a nervous, bumbling mess before. \nhe's all confidence, all smirks, all flirt. he's everything sakusa is doing to /him/ and atsumu hates that he has no control in this situation currently."}, {"author_id": 3808784414, "id": 1495285005358141441, "text": "Now playing Flirt by Cameo!"}, {"author_id": 2986516427, "id": 1495284994482356227, "text": "I'm taking calls on #NiteFlirt 1-800-To-Flirt, ext: 11088054. Give me a call before I become busy!"}, {"author_id": 1486245206475350019, "id": 1495284890899726339, "text": "\"Yeaghhh I am a terrible flirt. Sorry not sorry.~ In all seriousness though you are really fun to hug.\"\n\nHis arms are still around the tall man's waist. https://t.co/Je96aK2n9g"}, {"author_id": 1464762792167317512, "id": 1495284885006733316, "text": "@liamvkessler @PAPICHULOXXX_ you guys go flirt somewhere else \ud83d\udc7a"}, {"author_id": 2271761779, "id": 1495284803104563204, "text": "RT @laiken_rose: somebody flirt w me before i\u2019m forced to redownload tinder out of boredom"}, {"author_id": 1475462855008784384, "id": 1495284731709063168, "text": "@sadisticmilf @MURDOCKP1LLED What don't you get? I can flirt way better than anyone here. My life is just a mess and my mess scares men away."}, {"author_id": 1243158590032171008, "id": 1495284717922488321, "text": "RT @cumshotblasts: Send some naughty messages to other members who love to flirt on https://t.co/HDzF7nfdZN https://t.co/qaOp60TwVP"}, {"author_id": 1459535111389593603, "id": 1495284666940669953, "text": "RT @MwendiaJnr: I can joke and flirt the whole day on Twitter but there\u2019s this girl who always controls me ."}, {"author_id": 1281996616099143681, "id": 1495284655297282050, "text": "@HarleySin2 @ManyVids @PeachySkye_xo @Fox02Summer @MtzDupree @delphoxi @taboodreamqueen @DestinationKat @AnnaJonesModel @Sydneyharwin92 @NatashaNixx You wonderful flirt you \ud83d\ude18\ud83d\ude08"}]