[{"author_id": 2962424972, "id": 1495283916311494656, "text": "RT @AllAbtOhmFluke: The announcement that P'Note @Note0075 ask fans to follow the rules that everyone has to consider from now on for order\u2026"}, {"author_id": 1072983091990343680, "id": 1495283836779114496, "text": "RT @AiMasari13: Valentine Fluke \ud83d\ude18\ud83d\udc23\ud83e\udd40\n\n#ManGuxOhmFluke\n#\u0e40\u0e08\u0e49\u0e32\u0e41\u0e01\u0e49\u0e21\u0e01\u0e49\u0e2d\u0e19 #fluke_natouch\n#fluke_fanart #MyBlue #OhmFluke\n#OhmFlukeFanArt https://t\u2026"}, {"author_id": 1395689846207770624, "id": 1495283744755752964, "text": "01/50 \nChandni Chowk to China.. that was also by fluke \u2026 https://t.co/ruRQwR7jqA"}, {"author_id": 1393745569001127936, "id": 1495283705039962114, "text": "Desi crush starting to look like a fluke"}, {"author_id": 3778001180, "id": 1495283690481795074, "text": "RT @yui_peccato: Fluke doesn't need to change anything. Love yourself more because this love is the best. We will love unchanging as well.\ud83d\udc23\u2026"}, {"author_id": 309584639, "id": 1495283573296807936, "text": "RT @flukenaat: got a new friend, glad so much \ud83d\ude0d\ud83e\udd70 looking forward fluke hanging out with his friends \n#\u0e40\u0e08\u0e49\u0e32\u0e41\u0e01\u0e49\u0e21\u0e01\u0e49\u0e2d\u0e19 https://t.co/bPii4hkFs5"}, {"author_id": 1308358704454987777, "id": 1495283551800938498, "text": "poon: (I) want to go to the beach \nfluke: sameeee \ud83d\ude29\n\ntranslation \u00a9 @.omprangsuda \ud83d\udc98\n#\u0e40\u0e08\u0e49\u0e32\u0e41\u0e01\u0e49\u0e21\u0e01\u0e49\u0e2d\u0e19 #fluke_natouch https://t.co/CJellle5E9"}, {"author_id": 1226479670121635840, "id": 1495283549695614979, "text": "RT @FlukeTouch: Fluke's IG Updated\n\nVitamin sea needed \ud83c\udf0a\ud83e\udd0d\n\n\u2728 https://t.co/Qp2lPMnALK\n\n#\u0e40\u0e08\u0e49\u0e32\u0e41\u0e01\u0e49\u0e21\u0e01\u0e49\u0e2d\u0e19\u200b #Fluke_Natouch https://t.co/Tbic8Dl8h6"}, {"author_id": 1072983091990343680, "id": 1495283483354497024, "text": "RT @min_marii: Take your \"vitamin sea\" everyday\ud83e\udd70\ud83d\ude18 For a healthy and happier life\ud83d\ude0c\n\nNice to see you today our dear Fluke\ud83d\ude18\n#\u0e40\u0e08\u0e49\u0e32\u0e41\u0e01\u0e49\u0e21\u0e01\u0e49\u0e2d\u0e19 #flu\u2026"}, {"author_id": 1072983091990343680, "id": 1495283424604868609, "text": "RT @OhmFlukePH_OFC: [Fluke IG post/story \ud83d\udc23 ]\n\nVitamin sea needed \ud83c\udf0a\ud83e\udd0d\n\n\u2728Hope you have a wonderful Sunday! \u2728\n\n\ud83d\udd17https://t.co/dgItRxV0Qj\n\n#\u0e40\u0e08\u0e49\u0e32\u0e41\u2026"}, {"author_id": 1304604971485208577, "id": 1495283407881867265, "text": "RT @mkomi83: Any scenery in the world is not as starry as you are.\ud83d\udc99\ud83d\udc99\n #\u0e42\u0e2d\u0e2b\u0e4c\u0e21\u0e1f\u0e25\u0e38\u0e49\u0e04\u0e1f\u0e35\u0e40\u0e27\u0e2d\u0e23\u0e4c2021\n#\u0e40\u0e08\u0e49\u0e32\u0e41\u0e01\u0e49\u0e21\u0e01\u0e49\u0e2d\u0e19 #\u0e42\u0e2d\u0e2b\u0e4c\u0e21\u0e44\u0e07\n#fluke_natouch #OhmThit\u2026"}, {"author_id": 967612161508835328, "id": 1495283376932016129, "text": "RT @flukenaat: got a new friend, glad so much \ud83d\ude0d\ud83e\udd70 looking forward fluke hanging out with his friends \n#\u0e40\u0e08\u0e49\u0e32\u0e41\u0e01\u0e49\u0e21\u0e01\u0e49\u0e2d\u0e19 https://t.co/bPii4hkFs5"}, {"author_id": 1072983091990343680, "id": 1495283233952759812, "text": "RT @fluketalk: is this recent?! \ud83e\udd7a did he have time to be by himself for a while?! \ud83d\udc98\ud83d\udc98\n#\u0e40\u0e08\u0e49\u0e32\u0e41\u0e01\u0e49\u0e21\u0e01\u0e49\u0e2d\u0e19 #fluke_natouch https://t.co/EqVd0Kmopd"}, {"author_id": 1072983091990343680, "id": 1495283155699638277, "text": "RT @ruth_NeverLetGo: \u201cVitamin sea needed \ud83c\udf0a\ud83e\udd0d\u201d\n\n//Have a relaxing day today, sweetie \ud83d\ude09. \n\nI need Vitamin F \u263a\ufe0f\n\nIG: fluke_natouch\nhttps://t.co\u2026"}, {"author_id": 1150452143935016960, "id": 1495283050435219456, "text": "RT @mkomi83: Any scenery in the world is not as starry as you are.\ud83d\udc99\ud83d\udc99\n #\u0e42\u0e2d\u0e2b\u0e4c\u0e21\u0e1f\u0e25\u0e38\u0e49\u0e04\u0e1f\u0e35\u0e40\u0e27\u0e2d\u0e23\u0e4c2021\n#\u0e40\u0e08\u0e49\u0e32\u0e41\u0e01\u0e49\u0e21\u0e01\u0e49\u0e2d\u0e19 #\u0e42\u0e2d\u0e2b\u0e4c\u0e21\u0e44\u0e07\n#fluke_natouch #OhmThit\u2026"}, {"author_id": 1492555929082114057, "id": 1495283025487306753, "text": "@jordanbpeterson @JustinTrudeau Thank you dr Peterson for being so outspoken about this. Your push back against the radical left has warned of precisely this, and if i hadnt been watching your interviews i think i might still believe that this was a fluke rather than an unexamined design flaw. \u2661"}, {"author_id": 884300450115100672, "id": 1495282902518874112, "text": "RT @love_4_fluke: Today you have rest. Enjoy your restday \ud83d\ude0d\ud83d\ude0d\ud83d\ude0d\ud83d\ude0d\n#\u0e40\u0e08\u0e49\u0e32\u0e41\u0e01\u0e49\u0e21\u0e01\u0e49\u0e2d\u0e19\n#Fluke_Natouch \n#\u0e44\u0e02\u0e21\u0e31\u0e19\u0e02\u0e2d\u0e07\u0e40\u0e08\u0e49\u0e32\u0e41\u0e01\u0e49\u0e21\u0e01\u0e49\u0e2d\u0e19 https://t.co/lLwc3Rnwiz"}, {"author_id": 884300450115100672, "id": 1495282843379208192, "text": "RT @love_4_fluke: Vitamin FLUKE Needed \ud83d\ude0d\ud83d\ude0d\ud83d\ude0d\ud83d\ude0d\n#\u0e40\u0e08\u0e49\u0e32\u0e41\u0e01\u0e49\u0e21\u0e01\u0e49\u0e2d\u0e19\n#Fluke_Natouch \n#\u0e44\u0e02\u0e21\u0e31\u0e19\u0e02\u0e2d\u0e07\u0e40\u0e08\u0e49\u0e32\u0e41\u0e01\u0e49\u0e21\u0e01\u0e49\u0e2d\u0e19  \u2764\ufe0f https://t.co/WEQ2WqZXFY"}, {"author_id": 309584639, "id": 1495282736663126017, "text": "RT @FlukeTouch: Fluke's IG Updated\n\nVitamin sea needed \ud83c\udf0a\ud83e\udd0d\n\n\u2728 https://t.co/Qp2lPMnALK\n\n#\u0e40\u0e08\u0e49\u0e32\u0e41\u0e01\u0e49\u0e21\u0e01\u0e49\u0e2d\u0e19\u200b #Fluke_Natouch https://t.co/Tbic8Dl8h6"}, {"author_id": 1438527367505330177, "id": 1495282689867673601, "text": "RT @AiMasari13: Valentine Fluke \ud83d\ude18\ud83d\udc23\ud83e\udd40\n\n#ManGuxOhmFluke\n#\u0e40\u0e08\u0e49\u0e32\u0e41\u0e01\u0e49\u0e21\u0e01\u0e49\u0e2d\u0e19 #fluke_natouch\n#fluke_fanart #MyBlue #OhmFluke\n#OhmFlukeFanArt https://t\u2026"}, {"author_id": 1064034556414590976, "id": 1495282658771107845, "text": "RT @AllAbtOhmFluke: The announcement that P'Note @Note0075 ask fans to follow the rules that everyone has to consider from now on for order\u2026"}, {"author_id": 1231989640309035010, "id": 1495282641452494851, "text": "RT @AiMasari13: Valentine Fluke \ud83d\ude18\ud83d\udc23\ud83e\udd40\n\n#ManGuxOhmFluke\n#\u0e40\u0e08\u0e49\u0e32\u0e41\u0e01\u0e49\u0e21\u0e01\u0e49\u0e2d\u0e19 #fluke_natouch\n#fluke_fanart #MyBlue #OhmFluke\n#OhmFlukeFanArt https://t\u2026"}]