[{"author_id": 1273476574495469569, "id": 1495288795909922824, "text": "RT @ezralevant: A government journalist at Trudeau\u2019s CBC state broadcaster tried to get this foreign correspondent to delete this tweet."}, {"author_id": 4418116949, "id": 1495288616196591618, "text": "RT @ezralevant: A government journalist at Trudeau\u2019s CBC state broadcaster tried to get this foreign correspondent to delete this tweet."}, {"author_id": 859068941083299840, "id": 1495288487649681412, "text": "RT @ezralevant: A government journalist at Trudeau\u2019s CBC state broadcaster tried to get this foreign correspondent to delete this tweet."}, {"author_id": 1116098552000864261, "id": 1495288419081146368, "text": "RT @ezralevant: A government journalist at Trudeau\u2019s CBC state broadcaster tried to get this foreign correspondent to delete this tweet."}, {"author_id": 1493465392928407554, "id": 1495287856478175233, "text": "RT @Intermarium2day: Minister Ministry of Internal Affairs of Ukraine Monastyrsky, a group of MP and 25 foreign journalists came under mort\u2026"}, {"author_id": 1342980852813234176, "id": 1495287707982958593, "text": "RT @ezralevant: A government journalist at Trudeau\u2019s CBC state broadcaster tried to get this foreign correspondent to delete this tweet."}, {"author_id": 2792234987, "id": 1495287544375918603, "text": "RT @ezralevant: A government journalist at Trudeau\u2019s CBC state broadcaster tried to get this foreign correspondent to delete this tweet."}, {"author_id": 1139270678337769475, "id": 1495287527284088833, "text": "RT @ezralevant: A government journalist at Trudeau\u2019s CBC state broadcaster tried to get this foreign correspondent to delete this tweet."}, {"author_id": 178117843, "id": 1495287292851798016, "text": "RT @ezralevant: A government journalist at Trudeau\u2019s CBC state broadcaster tried to get this foreign correspondent to delete this tweet."}, {"author_id": 747340857766875136, "id": 1495287267019132929, "text": "RT @ezralevant: A government journalist at Trudeau\u2019s CBC state broadcaster tried to get this foreign correspondent to delete this tweet."}, {"author_id": 134506510, "id": 1495287254054494208, "text": "RT @ezralevant: A government journalist at Trudeau\u2019s CBC state broadcaster tried to get this foreign correspondent to delete this tweet."}, {"author_id": 1442638415040679938, "id": 1495286932426801152, "text": "RT @ezralevant: A government journalist at Trudeau\u2019s CBC state broadcaster tried to get this foreign correspondent to delete this tweet."}, {"author_id": 1053668764934377472, "id": 1495286814583709702, "text": "RT @ezralevant: A government journalist at Trudeau\u2019s CBC state broadcaster tried to get this foreign correspondent to delete this tweet."}, {"author_id": 221085481, "id": 1495286791951192069, "text": "RT @ezralevant: A government journalist at Trudeau\u2019s CBC state broadcaster tried to get this foreign correspondent to delete this tweet."}, {"author_id": 37939427, "id": 1495286728998936577, "text": "RT @ezralevant: A government journalist at Trudeau\u2019s CBC state broadcaster tried to get this foreign correspondent to delete this tweet."}, {"author_id": 103118087, "id": 1495286726436270086, "text": "RT @ezralevant: A government journalist at Trudeau\u2019s CBC state broadcaster tried to get this foreign correspondent to delete this tweet."}, {"author_id": 1297393364594233344, "id": 1495286618827239424, "text": "RT @ezralevant: A government journalist at Trudeau\u2019s CBC state broadcaster tried to get this foreign correspondent to delete this tweet."}, {"author_id": 1322599220394684416, "id": 1495286606953172992, "text": "RT @ezralevant: A government journalist at Trudeau\u2019s CBC state broadcaster tried to get this foreign correspondent to delete this tweet."}, {"author_id": 1489193280474693637, "id": 1495286028738908165, "text": "RT @ezralevant: A government journalist at Trudeau\u2019s CBC state broadcaster tried to get this foreign correspondent to delete this tweet."}, {"author_id": 348581585, "id": 1495285954508111873, "text": "RT @ezralevant: A government journalist at Trudeau\u2019s CBC state broadcaster tried to get this foreign correspondent to delete this tweet."}, {"author_id": 25310004, "id": 1495285862950531074, "text": "RT @ezralevant: A government journalist at Trudeau\u2019s CBC state broadcaster tried to get this foreign correspondent to delete this tweet."}, {"author_id": 1032886478009970689, "id": 1495285859024842757, "text": "RT @ezralevant: A government journalist at Trudeau\u2019s CBC state broadcaster tried to get this foreign correspondent to delete this tweet."}, {"author_id": 186240150, "id": 1495285616271151105, "text": "RT @ezralevant: A government journalist at Trudeau\u2019s CBC state broadcaster tried to get this foreign correspondent to delete this tweet."}, {"author_id": 1336925099031597057, "id": 1495285478899482632, "text": "RT @ezralevant: A government journalist at Trudeau\u2019s CBC state broadcaster tried to get this foreign correspondent to delete this tweet."}, {"author_id": 831172800878637056, "id": 1495285347202351112, "text": "RT @ezralevant: A government journalist at Trudeau\u2019s CBC state broadcaster tried to get this foreign correspondent to delete this tweet."}, {"author_id": 769683079, "id": 1495284787245944837, "text": "RT @ezralevant: A government journalist at Trudeau\u2019s CBC state broadcaster tried to get this foreign correspondent to delete this tweet."}, {"author_id": 224329419, "id": 1495284760456871937, "text": "RT @OzKaterji: @EmilyGorcenski @danparkin10x Yes, I know what Zelenskiy said and why he said it, given that I\u2019m a foreign correspondent rep\u2026"}, {"author_id": 1183873214, "id": 1495284685341089794, "text": "RT @ezralevant: A government journalist at Trudeau\u2019s CBC state broadcaster tried to get this foreign correspondent to delete this tweet."}, {"author_id": 829855045944373249, "id": 1495284440695595008, "text": "RT @ezralevant: A government journalist at Trudeau\u2019s CBC state broadcaster tried to get this foreign correspondent to delete this tweet."}, {"author_id": 2975213219, "id": 1495284363885301763, "text": "RT @ezralevant: A government journalist at Trudeau\u2019s CBC state broadcaster tried to get this foreign correspondent to delete this tweet."}, {"author_id": 1261175436106543104, "id": 1495284318071140362, "text": "RT @ezralevant: A government journalist at Trudeau\u2019s CBC state broadcaster tried to get this foreign correspondent to delete this tweet."}, {"author_id": 1442300685186260992, "id": 1495284291579748355, "text": "RT @ezralevant: A government journalist at Trudeau\u2019s CBC state broadcaster tried to get this foreign correspondent to delete this tweet."}, {"author_id": 1255000111, "id": 1495284233501384704, "text": "RT @ezralevant: A government journalist at Trudeau\u2019s CBC state broadcaster tried to get this foreign correspondent to delete this tweet."}, {"author_id": 2320140193, "id": 1495284192594202631, "text": "RT @ezralevant: A government journalist at Trudeau\u2019s CBC state broadcaster tried to get this foreign correspondent to delete this tweet."}, {"author_id": 1439970698697469953, "id": 1495284112260620288, "text": "RT @ezralevant: A government journalist at Trudeau\u2019s CBC state broadcaster tried to get this foreign correspondent to delete this tweet."}, {"author_id": 1199921875029307393, "id": 1495283986771464193, "text": "RT @ezralevant: A government journalist at Trudeau\u2019s CBC state broadcaster tried to get this foreign correspondent to delete this tweet."}, {"author_id": 2997852259, "id": 1495283970929741827, "text": "RT @ezralevant: A government journalist at Trudeau\u2019s CBC state broadcaster tried to get this foreign correspondent to delete this tweet."}, {"author_id": 68137754, "id": 1495283939946156033, "text": "RT @ezralevant: A government journalist at Trudeau\u2019s CBC state broadcaster tried to get this foreign correspondent to delete this tweet."}, {"author_id": 2589338451, "id": 1495283809104936962, "text": "RT @ezralevant: A government journalist at Trudeau\u2019s CBC state broadcaster tried to get this foreign correspondent to delete this tweet."}, {"author_id": 891067071970164736, "id": 1495283575515598849, "text": "RT @ezralevant: A government journalist at Trudeau\u2019s CBC state broadcaster tried to get this foreign correspondent to delete this tweet."}, {"author_id": 1641271261, "id": 1495283311031242755, "text": "RT @ezralevant: A government journalist at Trudeau\u2019s CBC state broadcaster tried to get this foreign correspondent to delete this tweet."}, {"author_id": 466806943, "id": 1495283105250390017, "text": "RT @ezralevant: A government journalist at Trudeau\u2019s CBC state broadcaster tried to get this foreign correspondent to delete this tweet."}, {"author_id": 2806987187, "id": 1495283047511597060, "text": "RT @ezralevant: A government journalist at Trudeau\u2019s CBC state broadcaster tried to get this foreign correspondent to delete this tweet."}, {"author_id": 1440729132682211361, "id": 1495282998798798848, "text": "RT @ezralevant: A government journalist at Trudeau\u2019s CBC state broadcaster tried to get this foreign correspondent to delete this tweet."}, {"author_id": 53265271, "id": 1495282811162578944, "text": "RT @ezralevant: A government journalist at Trudeau\u2019s CBC state broadcaster tried to get this foreign correspondent to delete this tweet."}, {"author_id": 1450461525303459840, "id": 1495282724805828612, "text": "RT @ezralevant: A government journalist at Trudeau\u2019s CBC state broadcaster tried to get this foreign correspondent to delete this tweet."}, {"author_id": 1359015188737921024, "id": 1495282679440232449, "text": "RT @ezralevant: A government journalist at Trudeau\u2019s CBC state broadcaster tried to get this foreign correspondent to delete this tweet."}, {"author_id": 1325129177142423553, "id": 1495282521340198912, "text": "RT @ezralevant: A government journalist at Trudeau\u2019s CBC state broadcaster tried to get this foreign correspondent to delete this tweet."}, {"author_id": 1246507875897208832, "id": 1495282516445462531, "text": "RT @ezralevant: A government journalist at Trudeau\u2019s CBC state broadcaster tried to get this foreign correspondent to delete this tweet."}, {"author_id": 1171847082379923456, "id": 1495282508350382081, "text": "RT @ezralevant: A government journalist at Trudeau\u2019s CBC state broadcaster tried to get this foreign correspondent to delete this tweet."}, {"author_id": 42109478, "id": 1495282437630222338, "text": "RT @ezralevant: A government journalist at Trudeau\u2019s CBC state broadcaster tried to get this foreign correspondent to delete this tweet."}, {"author_id": 1339421113416208385, "id": 1495282429182939138, "text": "RT @ezralevant: A government journalist at Trudeau\u2019s CBC state broadcaster tried to get this foreign correspondent to delete this tweet."}, {"author_id": 1045451289667260416, "id": 1495282393535717378, "text": "RT @ezralevant: A government journalist at Trudeau\u2019s CBC state broadcaster tried to get this foreign correspondent to delete this tweet."}, {"author_id": 2197450469, "id": 1495281948801052674, "text": "RT @ezralevant: A government journalist at Trudeau\u2019s CBC state broadcaster tried to get this foreign correspondent to delete this tweet."}, {"author_id": 1311175001840717825, "id": 1495281876138967040, "text": "RT @ezralevant: A government journalist at Trudeau\u2019s CBC state broadcaster tried to get this foreign correspondent to delete this tweet."}, {"author_id": 998941009965998081, "id": 1495281864764018690, "text": "RT @ezralevant: A government journalist at Trudeau\u2019s CBC state broadcaster tried to get this foreign correspondent to delete this tweet."}, {"author_id": 1052121410917883904, "id": 1495281606575206401, "text": "RT @ezralevant: A government journalist at Trudeau\u2019s CBC state broadcaster tried to get this foreign correspondent to delete this tweet."}, {"author_id": 711355959608614912, "id": 1495281578565455873, "text": "RT @ezralevant: A government journalist at Trudeau\u2019s CBC state broadcaster tried to get this foreign correspondent to delete this tweet."}, {"author_id": 410301754, "id": 1495281493085671426, "text": "RT @ezralevant: A government journalist at Trudeau\u2019s CBC state broadcaster tried to get this foreign correspondent to delete this tweet."}, {"author_id": 1020372904591048704, "id": 1495281471434596353, "text": "RT @ezralevant: A government journalist at Trudeau\u2019s CBC state broadcaster tried to get this foreign correspondent to delete this tweet."}, {"author_id": 1171529506655363072, "id": 1495281420620730369, "text": "RT @ezralevant: A government journalist at Trudeau\u2019s CBC state broadcaster tried to get this foreign correspondent to delete this tweet."}, {"author_id": 1248235285646729217, "id": 1495281414543056896, "text": "RT @ezralevant: A government journalist at Trudeau\u2019s CBC state broadcaster tried to get this foreign correspondent to delete this tweet."}, {"author_id": 1477180231404470274, "id": 1495281399951208453, "text": "RT @ezralevant: A government journalist at Trudeau\u2019s CBC state broadcaster tried to get this foreign correspondent to delete this tweet."}, {"author_id": 1289606435131850753, "id": 1495281189472583681, "text": "RT @ezralevant: A government journalist at Trudeau\u2019s CBC state broadcaster tried to get this foreign correspondent to delete this tweet."}, {"author_id": 3257079919, "id": 1495281161911820290, "text": "RT @ezralevant: A government journalist at Trudeau\u2019s CBC state broadcaster tried to get this foreign correspondent to delete this tweet."}, {"author_id": 1094436481630855168, "id": 1495281024250494976, "text": "RT @ezralevant: A government journalist at Trudeau\u2019s CBC state broadcaster tried to get this foreign correspondent to delete this tweet."}, {"author_id": 1384750851386789888, "id": 1495280884857016325, "text": "RT @ezralevant: A government journalist at Trudeau\u2019s CBC state broadcaster tried to get this foreign correspondent to delete this tweet."}, {"author_id": 3060311501, "id": 1495280830083739649, "text": "RT @ezralevant: A government journalist at Trudeau\u2019s CBC state broadcaster tried to get this foreign correspondent to delete this tweet."}, {"author_id": 3038987193, "id": 1495280808818581506, "text": "RT @ezralevant: A government journalist at Trudeau\u2019s CBC state broadcaster tried to get this foreign correspondent to delete this tweet."}, {"author_id": 1381704864497950722, "id": 1495280705969942529, "text": "RT @ezralevant: A government journalist at Trudeau\u2019s CBC state broadcaster tried to get this foreign correspondent to delete this tweet."}, {"author_id": 38665717, "id": 1495280695949856774, "text": "RT @ezralevant: A government journalist at Trudeau\u2019s CBC state broadcaster tried to get this foreign correspondent to delete this tweet."}, {"author_id": 3306392612, "id": 1495280534976610308, "text": "RT @ezralevant: A government journalist at Trudeau\u2019s CBC state broadcaster tried to get this foreign correspondent to delete this tweet."}, {"author_id": 1120194774, "id": 1495280349080862721, "text": "RT @ezralevant: A government journalist at Trudeau\u2019s CBC state broadcaster tried to get this foreign correspondent to delete this tweet."}, {"author_id": 1211063190743736320, "id": 1495280258421035008, "text": "RT @ezralevant: A government journalist at Trudeau\u2019s CBC state broadcaster tried to get this foreign correspondent to delete this tweet."}, {"author_id": 24782816, "id": 1495280251588415493, "text": "RT @ezralevant: A government journalist at Trudeau\u2019s CBC state broadcaster tried to get this foreign correspondent to delete this tweet."}, {"author_id": 1417152046218743814, "id": 1495280187763793923, "text": "RT @ezralevant: A government journalist at Trudeau\u2019s CBC state broadcaster tried to get this foreign correspondent to delete this tweet."}, {"author_id": 1275949168914096130, "id": 1495280178460647427, "text": "RT @ezralevant: A government journalist at Trudeau\u2019s CBC state broadcaster tried to get this foreign correspondent to delete this tweet."}, {"author_id": 109276631, "id": 1495280170000809986, "text": "RT @ezralevant: A government journalist at Trudeau\u2019s CBC state broadcaster tried to get this foreign correspondent to delete this tweet."}, {"author_id": 3948995117, "id": 1495280039394529288, "text": "RT @ezralevant: A government journalist at Trudeau\u2019s CBC state broadcaster tried to get this foreign correspondent to delete this tweet."}, {"author_id": 1259130000969588737, "id": 1495279993420587008, "text": "RT @ezralevant: A government journalist at Trudeau\u2019s CBC state broadcaster tried to get this foreign correspondent to delete this tweet."}, {"author_id": 2730465966, "id": 1495279987984941059, "text": "RT @ezralevant: A government journalist at Trudeau\u2019s CBC state broadcaster tried to get this foreign correspondent to delete this tweet."}, {"author_id": 1316800999034675203, "id": 1495279932062240770, "text": "RT @ezralevant: A government journalist at Trudeau\u2019s CBC state broadcaster tried to get this foreign correspondent to delete this tweet."}, {"author_id": 2757322786, "id": 1495279880912744450, "text": "RT @ezralevant: A government journalist at Trudeau\u2019s CBC state broadcaster tried to get this foreign correspondent to delete this tweet."}, {"author_id": 1378006190, "id": 1495279852609368065, "text": "RT @ezralevant: A government journalist at Trudeau\u2019s CBC state broadcaster tried to get this foreign correspondent to delete this tweet."}, {"author_id": 941146289059663873, "id": 1495279607121002496, "text": "RT @ezralevant: A government journalist at Trudeau\u2019s CBC state broadcaster tried to get this foreign correspondent to delete this tweet."}, {"author_id": 1202082577416368128, "id": 1495279588867403776, "text": "RT @ezralevant: A government journalist at Trudeau\u2019s CBC state broadcaster tried to get this foreign correspondent to delete this tweet."}, {"author_id": 714647220268744704, "id": 1495279526192029696, "text": "RT @ezralevant: A government journalist at Trudeau\u2019s CBC state broadcaster tried to get this foreign correspondent to delete this tweet."}, {"author_id": 1093215625768509440, "id": 1495279488539795456, "text": "RT @ezralevant: A government journalist at Trudeau\u2019s CBC state broadcaster tried to get this foreign correspondent to delete this tweet."}, {"author_id": 844800384707129344, "id": 1495279487226843136, "text": "RT @ezralevant: A government journalist at Trudeau\u2019s CBC state broadcaster tried to get this foreign correspondent to delete this tweet."}, {"author_id": 1402052663676657665, "id": 1495279435624366081, "text": "RT @ezralevant: A government journalist at Trudeau\u2019s CBC state broadcaster tried to get this foreign correspondent to delete this tweet."}, {"author_id": 1114227819951706112, "id": 1495279304099307526, "text": "RT @ezralevant: A government journalist at Trudeau\u2019s CBC state broadcaster tried to get this foreign correspondent to delete this tweet."}, {"author_id": 232764670, "id": 1495279273560657921, "text": "RT @ezralevant: A government journalist at Trudeau\u2019s CBC state broadcaster tried to get this foreign correspondent to delete this tweet."}, {"author_id": 1480058565435949056, "id": 1495279188206669824, "text": "RT @ezralevant: A government journalist at Trudeau\u2019s CBC state broadcaster tried to get this foreign correspondent to delete this tweet."}, {"author_id": 1165027502424674304, "id": 1495279166979072001, "text": "RT @ezralevant: A government journalist at Trudeau\u2019s CBC state broadcaster tried to get this foreign correspondent to delete this tweet."}, {"author_id": 1435785453278486529, "id": 1495279103792009216, "text": "RT @ezralevant: A government journalist at Trudeau\u2019s CBC state broadcaster tried to get this foreign correspondent to delete this tweet."}, {"author_id": 1301385741642072064, "id": 1495279096380608515, "text": "RT @ezralevant: A government journalist at Trudeau\u2019s CBC state broadcaster tried to get this foreign correspondent to delete this tweet."}, {"author_id": 4287697214, "id": 1495278972933795842, "text": "RT @ezralevant: A government journalist at Trudeau\u2019s CBC state broadcaster tried to get this foreign correspondent to delete this tweet."}, {"author_id": 1460724721226444802, "id": 1495278957578489856, "text": "RT @ezralevant: A government journalist at Trudeau\u2019s CBC state broadcaster tried to get this foreign correspondent to delete this tweet."}, {"author_id": 1049054812304789504, "id": 1495278890536914947, "text": "RT @ezralevant: A government journalist at Trudeau\u2019s CBC state broadcaster tried to get this foreign correspondent to delete this tweet."}, {"author_id": 708571161639038977, "id": 1495278810920636419, "text": "RT @ezralevant: A government journalist at Trudeau\u2019s CBC state broadcaster tried to get this foreign correspondent to delete this tweet."}]