[{"author_id": 1289409619622674434, "id": 1495285216256016385, "text": "Students aren't the only one susceptible to the virus, why are they only one being restricted?\nChina should take actions that uphold the right of foreign student.@DrSJaishankar @MEAIndia @PMOIndia \n#TakeIndianStudentsBackToChina\n#PMSaveIndianStudentsOfChina\n#takeUsBackToChina https://t.co/13VLHFnytU"}, {"author_id": 1410956124019298305, "id": 1495284833454415872, "text": "RT @kamsamanida: i got scammed for 10000$ please help me get through this. I am a poor foreign student in vietnam. a daughter of a single m\u2026"}, {"author_id": 1012105687961399297, "id": 1495284598657679366, "text": "RT @juicyhyungdudes: Foreign exchange student trying to British dick. He's a natural in front of the camera. https://t.co/uRyAYDQRXY"}, {"author_id": 1493895629302423556, "id": 1495284479929184261, "text": "RT @monu9787: \ud83d\udc90 Student's Experience \ud83d\udc90\n\nParents worship day is celebrated all over the country as well as in foreign countries also. It ind\u2026"}, {"author_id": 1151878370197512192, "id": 1495281767237894145, "text": "RT @kamsamanida: i got scammed for 10000$ please help me get through this. I am a poor foreign student in vietnam. a daughter of a single m\u2026"}, {"author_id": 1492370447941664771, "id": 1495281370461253632, "text": "Students aren't the only one susceptible to the virus, why are they only one being restricted?\nChina should take actions that uphold the right of foreign student.\n@BBCWorld @washingtonpost @suhasinih\n#TakeIndianStudentsBackToChina\n#PMSaveIndianStudentsOfChina\n#takeUsBackToChina"}, {"author_id": 1461285226454208520, "id": 1495281324877250566, "text": "RT @BhavanUtreja: \ud83d\udc90 Student's Experience \ud83d\udc90\n\nParents worship day is celebrated all over the country as well as in foreign countries also. It\u2026"}, {"author_id": 1493052975387840512, "id": 1495280464445452288, "text": "RT @BhavanUtreja: \ud83d\udc90 Student's Experience \ud83d\udc90\n\nParents worship day is celebrated all over the country as well as in foreign countries also. It\u2026"}, {"author_id": 2212494902, "id": 1495280221129306112, "text": "RT @BhavanUtreja: \ud83d\udc90 Student's Experience \ud83d\udc90\n\nParents worship day is celebrated all over the country as well as in foreign countries also. It\u2026"}, {"author_id": 1495031215724068866, "id": 1495279227096436738, "text": "RT @BhavanUtreja: \ud83d\udc90 Student's Experience \ud83d\udc90\n\nParents worship day is celebrated all over the country as well as in foreign countries also. It\u2026"}, {"author_id": 1493868708552675330, "id": 1495279120946982913, "text": "RT @BhavanUtreja: \ud83d\udc90 Student's Experience \ud83d\udc90\n\nParents worship day is celebrated all over the country as well as in foreign countries also. It\u2026"}, {"author_id": 1363979442284941315, "id": 1495278447001694209, "text": "RT @hikosaemon: Hope they do this for work visa entrants also: Japan cuts red tape to speed up foreign student entry https://t.co/pwFCsrqnBm"}, {"author_id": 1297323468640399360, "id": 1495278048828362753, "text": "RT @kamsamanida: i got scammed for 10000$ please help me get through this. I am a poor foreign student in vietnam. a daughter of a single m\u2026"}, {"author_id": 1366848624, "id": 1495277910764126208, "text": "RT @kamsamanida: i got scammed for 10000$ please help me get through this. I am a poor foreign student in vietnam. a daughter of a single m\u2026"}, {"author_id": 1196962186725191680, "id": 1495277686284959745, "text": "RT @kamsamanida: i got scammed for 10000$ please help me get through this. I am a poor foreign student in vietnam. a daughter of a single m\u2026"}, {"author_id": 1380948889205841921, "id": 1495276019422351364, "text": "RT @kamsamanida: i got scammed for 10000$ please help me get through this. I am a poor foreign student in vietnam. a daughter of a single m\u2026"}, {"author_id": 884201353, "id": 1495274493862113282, "text": "RT @hikosaemon: Hope they do this for work visa entrants also: Japan cuts red tape to speed up foreign student entry https://t.co/pwFCsrqnBm"}, {"author_id": 1444185383298818049, "id": 1495273173243334656, "text": "RT @xxDanni2427xx: \ud83d\ude1c My video \u201cDanni Jones &amp; the Foreign Exchange Student\u201d will be dropping today on my Onlyfans\ud83d\ude1c Full preview is on Pornhu\u2026"}, {"author_id": 600818058, "id": 1495271041228103684, "text": "RT @hikosaemon: Hope they do this for work visa entrants also: Japan cuts red tape to speed up foreign student entry https://t.co/pwFCsrqnBm"}, {"author_id": 1494183359022792705, "id": 1495270433775443971, "text": "RT @BhavanUtreja: \ud83d\udc90 Student's Experience \ud83d\udc90\n\nParents worship day is celebrated all over the country as well as in foreign countries also. It\u2026"}, {"author_id": 1291727651753713664, "id": 1495269328693858304, "text": "RT @BhavanUtreja: \ud83d\udc90 Student's Experience \ud83d\udc90\n\nParents worship day is celebrated all over the country as well as in foreign countries also. It\u2026"}, {"author_id": 1295772351691231233, "id": 1495269304895356929, "text": "RT @BhavanUtreja: \ud83d\udc90 Student's Experience \ud83d\udc90\n\nParents worship day is celebrated all over the country as well as in foreign countries also. It\u2026"}, {"author_id": 1488521395768381440, "id": 1495268523580399617, "text": "RT @BhavanUtreja: \ud83d\udc90 Student's Experience \ud83d\udc90\n\nParents worship day is celebrated all over the country as well as in foreign countries also. It\u2026"}, {"author_id": 1347196584212144129, "id": 1495267238030753792, "text": "RT @BhavanUtreja: \ud83d\udc90 Student's Experience \ud83d\udc90\n\nParents worship day is celebrated all over the country as well as in foreign countries also. It\u2026"}, {"author_id": 922687207646699520, "id": 1495266515037261827, "text": "RT @BhavanUtreja: \ud83d\udc90 Student's Experience \ud83d\udc90\n\nParents worship day is celebrated all over the country as well as in foreign countries also. It\u2026"}, {"author_id": 824573831230722048, "id": 1495264347513405440, "text": "RT @hikosaemon: Hope they do this for work visa entrants also: Japan cuts red tape to speed up foreign student entry https://t.co/pwFCsrqnBm"}, {"author_id": 36619322, "id": 1495264256681340928, "text": "Hope they do this for work visa entrants also: Japan cuts red tape to speed up foreign student entry https://t.co/pwFCsrqnBm"}, {"author_id": 1228523079120220161, "id": 1495264158022922242, "text": "RT @BhavanUtreja: \ud83d\udc90 Student's Experience \ud83d\udc90\n\nParents worship day is celebrated all over the country as well as in foreign countries also. It\u2026"}, {"author_id": 1493905362986029059, "id": 1495263470077431808, "text": "RT @BhavanUtreja: \ud83d\udc90 Student's Experience \ud83d\udc90\n\nParents worship day is celebrated all over the country as well as in foreign countries also. It\u2026"}, {"author_id": 3019454875, "id": 1495263248345878528, "text": "RT @BhavanUtreja: \ud83d\udc90 Student's Experience \ud83d\udc90\n\nParents worship day is celebrated all over the country as well as in foreign countries also. It\u2026"}, {"author_id": 1491429137025699840, "id": 1495262689194647555, "text": "RT @BhavanUtreja: \ud83d\udc90 Student's Experience \ud83d\udc90\n\nParents worship day is celebrated all over the country as well as in foreign countries also. It\u2026"}, {"author_id": 1440960212513419266, "id": 1495261060424634371, "text": "RT @BhavanUtreja: \ud83d\udc90 Student's Experience \ud83d\udc90\n\nParents worship day is celebrated all over the country as well as in foreign countries also. It\u2026"}, {"author_id": 1916564341, "id": 1495260128664506372, "text": "RT @BhavanUtreja: \ud83d\udc90 Student's Experience \ud83d\udc90\n\nParents worship day is celebrated all over the country as well as in foreign countries also. It\u2026"}, {"author_id": 1081608826887884802, "id": 1495259058106146816, "text": "RT @BhavanUtreja: \ud83d\udc90 Student's Experience \ud83d\udc90\n\nParents worship day is celebrated all over the country as well as in foreign countries also. It\u2026"}, {"author_id": 984142811480997888, "id": 1495258992452698114, "text": "RT @BhavanUtreja: \ud83d\udc90 Student's Experience \ud83d\udc90\n\nParents worship day is celebrated all over the country as well as in foreign countries also. It\u2026"}, {"author_id": 1444694603517644804, "id": 1495258019654868992, "text": "RT @BhavanUtreja: \ud83d\udc90 Student's Experience \ud83d\udc90\n\nParents worship day is celebrated all over the country as well as in foreign countries also. It\u2026"}, {"author_id": 1368561290315141127, "id": 1495256206381707264, "text": "RT @BhavanUtreja: \ud83d\udc90 Student's Experience \ud83d\udc90\n\nParents worship day is celebrated all over the country as well as in foreign countries also. It\u2026"}, {"author_id": 1493891216362319879, "id": 1495256004954443776, "text": "RT @BhavanUtreja: \ud83d\udc90 Student's Experience \ud83d\udc90\n\nParents worship day is celebrated all over the country as well as in foreign countries also. It\u2026"}, {"author_id": 1039080451040837633, "id": 1495255301792333828, "text": "RT @BhavanUtreja: \ud83d\udc90 Student's Experience \ud83d\udc90\n\nParents worship day is celebrated all over the country as well as in foreign countries also. It\u2026"}, {"author_id": 1494527143748849666, "id": 1495254864703594496, "text": "RT @BhavanUtreja: \ud83d\udc90 Student's Experience \ud83d\udc90\n\nParents worship day is celebrated all over the country as well as in foreign countries also. It\u2026"}, {"author_id": 1239546832813985799, "id": 1495254494308974594, "text": "RT @straskbob: @PeterBrake7 @RepHerrell Oh, I like this, like the foreign student exchange but for keeps.  One redneck for every dreamer.\u2026"}, {"author_id": 1491067267056300032, "id": 1495254481965301767, "text": "RT @BhavanUtreja: \ud83d\udc90 Student's Experience \ud83d\udc90\n\nParents worship day is celebrated all over the country as well as in foreign countries also. It\u2026"}, {"author_id": 1404022594454450178, "id": 1495253243378634752, "text": "RT @BhavanUtreja: \ud83d\udc90 Student's Experience \ud83d\udc90\n\nParents worship day is celebrated all over the country as well as in foreign countries also. It\u2026"}, {"author_id": 2277253868, "id": 1495252125021921285, "text": "RT @BhavanUtreja: \ud83d\udc90 Student's Experience \ud83d\udc90\n\nParents worship day is celebrated all over the country as well as in foreign countries also. It\u2026"}, {"author_id": 345480697, "id": 1495252091916337162, "text": "RT @BhavanUtreja: \ud83d\udc90 Student's Experience \ud83d\udc90\n\nParents worship day is celebrated all over the country as well as in foreign countries also. It\u2026"}, {"author_id": 944402587083665408, "id": 1495251932033990661, "text": "RT @BhavanUtreja: \ud83d\udc90 Student's Experience \ud83d\udc90\n\nParents worship day is celebrated all over the country as well as in foreign countries also. It\u2026"}, {"author_id": 1491074662192730112, "id": 1495251796591136771, "text": "RT @BhavanUtreja: \ud83d\udc90 Student's Experience \ud83d\udc90\n\nParents worship day is celebrated all over the country as well as in foreign countries also. It\u2026"}, {"author_id": 1478379160317968393, "id": 1495249991773786114, "text": "RT @BhavanUtreja: \ud83d\udc90 Student's Experience \ud83d\udc90\n\nParents worship day is celebrated all over the country as well as in foreign countries also. It\u2026"}, {"author_id": 1491433001221181445, "id": 1495249949797203968, "text": "RT @BhavanUtreja: \ud83d\udc90 Student's Experience \ud83d\udc90\n\nParents worship day is celebrated all over the country as well as in foreign countries also. It\u2026"}, {"author_id": 1494904647953223683, "id": 1495249561962442756, "text": "RT @BhavanUtreja: \ud83d\udc90 Student's Experience \ud83d\udc90\n\nParents worship day is celebrated all over the country as well as in foreign countries also. It\u2026"}, {"author_id": 1918422224, "id": 1495249464126148610, "text": "RT @BhavanUtreja: \ud83d\udc90 Student's Experience \ud83d\udc90\n\nParents worship day is celebrated all over the country as well as in foreign countries also. It\u2026"}, {"author_id": 1492365610231078916, "id": 1495249449743831040, "text": "RT @BhavanUtreja: \ud83d\udc90 Student's Experience \ud83d\udc90\n\nParents worship day is celebrated all over the country as well as in foreign countries also. It\u2026"}, {"author_id": 1231233649732997121, "id": 1495249165869514753, "text": "RT @BhavanUtreja: \ud83d\udc90 Student's Experience \ud83d\udc90\n\nParents worship day is celebrated all over the country as well as in foreign countries also. It\u2026"}, {"author_id": 1494863070413619200, "id": 1495248936021688321, "text": "RT @BhavanUtreja: \ud83d\udc90 Student's Experience \ud83d\udc90\n\nParents worship day is celebrated all over the country as well as in foreign countries also. It\u2026"}, {"author_id": 1494531735601569795, "id": 1495248170506330112, "text": "RT @BhavanUtreja: \ud83d\udc90 Student's Experience \ud83d\udc90\n\nParents worship day is celebrated all over the country as well as in foreign countries also. It\u2026"}, {"author_id": 1492150116605902848, "id": 1495248015392526341, "text": "RT @BhavanUtreja: \ud83d\udc90 Student's Experience \ud83d\udc90\n\nParents worship day is celebrated all over the country as well as in foreign countries also. It\u2026"}, {"author_id": 1401507249583845377, "id": 1495247787809595392, "text": "RT @BhavanUtreja: \ud83d\udc90 Student's Experience \ud83d\udc90\n\nParents worship day is celebrated all over the country as well as in foreign countries also. It\u2026"}, {"author_id": 1492713922247409665, "id": 1495246812818685955, "text": "RT @BhavanUtreja: \ud83d\udc90 Student's Experience \ud83d\udc90\n\nParents worship day is celebrated all over the country as well as in foreign countries also. It\u2026"}, {"author_id": 1199676006442946560, "id": 1495246796922179584, "text": "RT @reika696: what happens when twin sisters and a foreign exchange student end up on a train together \ud83e\udd14 (1/2)\n\n\"Wanna try my sister?\"\n\n#fu\u2026"}, {"author_id": 1493831442270670850, "id": 1495246470877835267, "text": "RT @BhavanUtreja: \ud83d\udc90 Student's Experience \ud83d\udc90\n\nParents worship day is celebrated all over the country as well as in foreign countries also. It\u2026"}, {"author_id": 1488133703251361794, "id": 1495246287263846400, "text": "RT @BhavanUtreja: \ud83d\udc90 Student's Experience \ud83d\udc90\n\nParents worship day is celebrated all over the country as well as in foreign countries also. It\u2026"}, {"author_id": 1487986873293500416, "id": 1495246109144281090, "text": "RT @BhavanUtreja: \ud83d\udc90 Student's Experience \ud83d\udc90\n\nParents worship day is celebrated all over the country as well as in foreign countries also. It\u2026"}, {"author_id": 924691819451113474, "id": 1495245881460736003, "text": "RT @BhavanUtreja: \ud83d\udc90 Student's Experience \ud83d\udc90\n\nParents worship day is celebrated all over the country as well as in foreign countries also. It\u2026"}, {"author_id": 765790338577469440, "id": 1495244302930579460, "text": "RT @BhavanUtreja: \ud83d\udc90 Student's Experience \ud83d\udc90\n\nParents worship day is celebrated all over the country as well as in foreign countries also. It\u2026"}, {"author_id": 1423608895642161156, "id": 1495242963189833728, "text": "RT @BhavanUtreja: \ud83d\udc90 Student's Experience \ud83d\udc90\n\nParents worship day is celebrated all over the country as well as in foreign countries also. It\u2026"}, {"author_id": 1436269448436977674, "id": 1495242414209921024, "text": "RT @BhavanUtreja: \ud83d\udc90 Student's Experience \ud83d\udc90\n\nParents worship day is celebrated all over the country as well as in foreign countries also. It\u2026"}, {"author_id": 2196629894, "id": 1495241968087093250, "text": "RT @Bunnybangz1: Foreign Exchange student grinds hard - Stacy Bloom https://t.co/UGk0dfSwzf"}, {"author_id": 1064570295225176064, "id": 1495240990453424133, "text": "RT @BhavanUtreja: \ud83d\udc90 Student's Experience \ud83d\udc90\n\nParents worship day is celebrated all over the country as well as in foreign countries also. It\u2026"}, {"author_id": 1493823160545800193, "id": 1495240872979357699, "text": "RT @BhavanUtreja: \ud83d\udc90 Student's Experience \ud83d\udc90\n\nParents worship day is celebrated all over the country as well as in foreign countries also. It\u2026"}, {"author_id": 1494232401295249408, "id": 1495240764489539586, "text": "RT @BhavanUtreja: \ud83d\udc90 Student's Experience \ud83d\udc90\n\nParents worship day is celebrated all over the country as well as in foreign countries also. It\u2026"}, {"author_id": 1464008493933871107, "id": 1495240731329372161, "text": "RT @kamsamanida: i got scammed for 10000$ please help me get through this. I am a poor foreign student in vietnam. a daughter of a single m\u2026"}, {"author_id": 1494868749693829120, "id": 1495240292718370825, "text": "RT @BhavanUtreja: \ud83d\udc90 Student's Experience \ud83d\udc90\n\nParents worship day is celebrated all over the country as well as in foreign countries also. It\u2026"}, {"author_id": 1493871924854030337, "id": 1495240201102245889, "text": "RT @BhavanUtreja: \ud83d\udc90 Student's Experience \ud83d\udc90\n\nParents worship day is celebrated all over the country as well as in foreign countries also. It\u2026"}, {"author_id": 202646692, "id": 1495240102284509189, "text": "RT @IRIMFA_EN: The Iranian foreign minister called for resolving the consular problems of Iranian citizens in #Austria, including the probl\u2026"}, {"author_id": 293393786, "id": 1495239943047692290, "text": "RT @kamsamanida: i got scammed for 10000$ please help me get through this. I am a poor foreign student in vietnam. a daughter of a single m\u2026"}, {"author_id": 1494227931656175617, "id": 1495239791234859008, "text": "RT @BhavanUtreja: \ud83d\udc90 Student's Experience \ud83d\udc90\n\nParents worship day is celebrated all over the country as well as in foreign countries also. It\u2026"}, {"author_id": 1493871610453192704, "id": 1495239744027910145, "text": "RT @BhavanUtreja: \ud83d\udc90 Student's Experience \ud83d\udc90\n\nParents worship day is celebrated all over the country as well as in foreign countries also. It\u2026"}, {"author_id": 772650420347015168, "id": 1495239611722829826, "text": "RT @BhavanUtreja: \ud83d\udc90 Student's Experience \ud83d\udc90\n\nParents worship day is celebrated all over the country as well as in foreign countries also. It\u2026"}, {"author_id": 2259873547, "id": 1495239314082791424, "text": "RT @BhavanUtreja: \ud83d\udc90 Student's Experience \ud83d\udc90\n\nParents worship day is celebrated all over the country as well as in foreign countries also. It\u2026"}, {"author_id": 1493600509273710592, "id": 1495238984376614913, "text": "RT @BhavanUtreja: \ud83d\udc90 Student's Experience \ud83d\udc90\n\nParents worship day is celebrated all over the country as well as in foreign countries also. It\u2026"}, {"author_id": 1494239366390349827, "id": 1495238940378288130, "text": "RT @BhavanUtreja: \ud83d\udc90 Student's Experience \ud83d\udc90\n\nParents worship day is celebrated all over the country as well as in foreign countries also. It\u2026"}, {"author_id": 1492047456623738880, "id": 1495238577331924993, "text": "RT @BhavanUtreja: \ud83d\udc90 Student's Experience \ud83d\udc90\n\nParents worship day is celebrated all over the country as well as in foreign countries also. It\u2026"}, {"author_id": 1493879406791512064, "id": 1495238081133252611, "text": "RT @BhavanUtreja: \ud83d\udc90 Student's Experience \ud83d\udc90\n\nParents worship day is celebrated all over the country as well as in foreign countries also. It\u2026"}, {"author_id": 3151155674, "id": 1495238012468293638, "text": "RT @BhavanUtreja: \ud83d\udc90 Student's Experience \ud83d\udc90\n\nParents worship day is celebrated all over the country as well as in foreign countries also. It\u2026"}, {"author_id": 1492364387541131264, "id": 1495237993480986627, "text": "RT @BhavanUtreja: \ud83d\udc90 Student's Experience \ud83d\udc90\n\nParents worship day is celebrated all over the country as well as in foreign countries also. It\u2026"}, {"author_id": 1494868749693829120, "id": 1495237953303429120, "text": "RT @monu9787: \ud83d\udc90 Student's Experience \ud83d\udc90\n\nParents worship day is celebrated all over the country as well as in foreign countries also. It ind\u2026"}, {"author_id": 1454740609923571724, "id": 1495237934605225985, "text": "RT @BhavanUtreja: \ud83d\udc90 Student's Experience \ud83d\udc90\n\nParents worship day is celebrated all over the country as well as in foreign countries also. It\u2026"}, {"author_id": 1493874852276871168, "id": 1495237869895503875, "text": "RT @BhavanUtreja: \ud83d\udc90 Student's Experience \ud83d\udc90\n\nParents worship day is celebrated all over the country as well as in foreign countries also. It\u2026"}, {"author_id": 2814512137, "id": 1495237868045799427, "text": "RT @BhavanUtreja: \ud83d\udc90 Student's Experience \ud83d\udc90\n\nParents worship day is celebrated all over the country as well as in foreign countries also. It\u2026"}, {"author_id": 1272479318447230977, "id": 1495237863910572034, "text": "Follow others well. But must measure world.\nStudent foreign answer game left theory.\nSpeak civil tax put. Rock yeah little effort data success. However down Mrs event ahead military."}, {"author_id": 728131985554595840, "id": 1495237574314508288, "text": "RT @BhavanUtreja: \ud83d\udc90 Student's Experience \ud83d\udc90\n\nParents worship day is celebrated all over the country as well as in foreign countries also. It\u2026"}, {"author_id": 1494698462469709828, "id": 1495236983261577218, "text": "RT @BhavanUtreja: \ud83d\udc90 Student's Experience \ud83d\udc90\n\nParents worship day is celebrated all over the country as well as in foreign countries also. It\u2026"}, {"author_id": 1493229502214053888, "id": 1495236958540296194, "text": "RT @BhavanUtreja: \ud83d\udc90 Student's Experience \ud83d\udc90\n\nParents worship day is celebrated all over the country as well as in foreign countries also. It\u2026"}, {"author_id": 1708397893, "id": 1495236913892147200, "text": "@AugustinAyala67 @cnorthside85 @vo_ldemort Yeah pons probably did but describing Uros as a \u201cforeign student with little basketball experience but athleticism through the roof\u201d is about the opposite of the description I would give him\ud83d\ude02\ud83d\ude02"}, {"author_id": 753088724058181634, "id": 1495236884628652035, "text": "RT @BhavanUtreja: \ud83d\udc90 Student's Experience \ud83d\udc90\n\nParents worship day is celebrated all over the country as well as in foreign countries also. It\u2026"}, {"author_id": 1445986082005258243, "id": 1495236602917883904, "text": "RT @BhavanUtreja: \ud83d\udc90 Student's Experience \ud83d\udc90\n\nParents worship day is celebrated all over the country as well as in foreign countries also. It\u2026"}, {"author_id": 1493883200334036992, "id": 1495236432532701187, "text": "RT @BhavanUtreja: \ud83d\udc90 Student's Experience \ud83d\udc90\n\nParents worship day is celebrated all over the country as well as in foreign countries also. It\u2026"}, {"author_id": 1360887043958579204, "id": 1495236406834196481, "text": "RT @NikkeiAsia: JAPAN IMMIGRATION | In response to calls for simplification, the Japanese government has decided to consolidate the screeni\u2026"}, {"author_id": 925028558640173056, "id": 1495236274361405441, "text": "@downbadvol @cnorthside85 @vo_ldemort Agreed,he has improved thru the year and still lots of room for improvement. Can I dare say Pons ruined us for thinking a foreign student with little basketball experience but athleticism thru the roof can be a player."}, {"author_id": 1225041289445425152, "id": 1495236114898034690, "text": "RT @BhavanUtreja: \ud83d\udc90 Student's Experience \ud83d\udc90\n\nParents worship day is celebrated all over the country as well as in foreign countries also. It\u2026"}]