[{"author_id": 1338538346235256834, "id": 1495279590289330176, "text": "Fav Madonna Films (So Far): \n1985 - Desperately Seeking Susan \n1987 - Who\u2019s That Girl \n1990 - Dick Tracy \n1991 - Truth or Dare? \n1992 - A League of Their Own \n1995 - Four Rooms \n2000 - The Next Best Thing https://t.co/leHqgiyuGB"}, {"author_id": 3137082763, "id": 1495277455057190912, "text": "@Fairly_Vocal PF for sure I was so po'd when\nit didn't get Oscar\nTry &amp; see \" Four Rooms\" if U can find very black humor\nHilarious if U like that\nGreat cast like PF\n4 directors/1@segment"}, {"author_id": 64369773, "id": 1495271770244399106, "text": "Im a little bit nostalgic right now, so let me share these pictures of my various rooms, I lived in the last four years, before I move again next month. \n\nLoved them all QwQ https://t.co/ZyPnXfXB9O"}, {"author_id": 1457858433458319360, "id": 1495267088331689985, "text": "RT @Dahmee20: Please I need 10 client that I will be cleaning for twice,thrice or even four times in a month , you pay at the end of every\u2026"}, {"author_id": 8462572, "id": 1495266369604296704, "text": "@LissaLaila @Inbarajs living room two, dining room one, home theater one. is already four. there might be multiple activity rooms with 2 each, considering this may be a multi generational home with multiple siblings having their own stay in families. laundry room. driver's waiting room. etc etc."}, {"author_id": 272872410, "id": 1495260862432661509, "text": "RT @Dahmee20: Please I need 10 client that I will be cleaning for twice,thrice or even four times in a month , you pay at the end of every\u2026"}, {"author_id": 120782519, "id": 1495249042430902273, "text": "@DailyMirror Every boiler room was manned by ten firemen and four trimmers. There was a total of 29 boilers on the Titanic. Six boiler rooms, 159 furnaces, 176 men worked ceaselessly shoveling coal into the furnaces."}, {"author_id": 856704920598306816, "id": 1495243018802065409, "text": "Hi how do you do . Welcome to  Four Seasons Hotel. My name is Brian,  What can I make your day wonderful? Hello, I need two bed rooms with bath tabs  . I am happy to help you"}, {"author_id": 37998894, "id": 1495242224598142976, "text": "@CarmintheB Is this a new thing in hotel rooms? we\u2019re going to dc in the summer and one or the hotels was just four bunk beds."}, {"author_id": 3257251, "id": 1495238955096227844, "text": "@LibertyWatch_ @OdysseyFunk I laugh so hard at the hooker in the mattress scene in Four Rooms. Tim Roth\u2019s reaction and simultaneous puke is flawless."}, {"author_id": 408026002, "id": 1495221081526910977, "text": "i spent five hours on four rooms \ud83d\ude05"}, {"author_id": 2149461768, "id": 1495218357410594818, "text": "One unclean room\nTwo unclean rooms\nThree unclean rooms\nFour unclean rooms...\n*calls some fairies to fix that before I get nightmares*"}, {"author_id": 1967884675, "id": 1495217366405640192, "text": "RT @FinancialReview: Four Seasons joins a rush of top-end hotel brands, including the Ritz-Carlton, W, and Shangri-La, into Melbourne, with\u2026"}, {"author_id": 1453678965693075456, "id": 1495214256765210630, "text": "You get tables as a party of  five more easily than a party of four at restaurants.  So there\u2019s that! Everything else is more difficult and expensive. Like hotel rooms for five. Embassy Suites is the way to go.  This is all serious and true advice. Ignore it at your peril. https://t.co/BdkenncE7Q"}, {"author_id": 1397240047842172928, "id": 1495201157387780097, "text": "RT @kkyulmin: [ot7 au]\n\nSeven boys. Four rooms. One college dorm. A series of revenge and unfortunate events.\n\nChaos is inevitable. https:/\u2026"}, {"author_id": 2258573560, "id": 1495200436399321094, "text": "RT @Dahmee20: Please I need 10 client that I will be cleaning for twice,thrice or even four times in a month , you pay at the end of every\u2026"}, {"author_id": 19050000, "id": 1495198210079571972, "text": "Four Seasons joins a rush of top-end hotel brands, including the Ritz-Carlton, W, and Shangri-La, into Melbourne, with the supply of new hotel rooms nationally expected to peak this year. https://t.co/LvxSYvhoDb"}, {"author_id": 1331953602353532928, "id": 1495197844080234496, "text": "@TitsLeRoux quote from this movie if you haven't seen it:\nhttps://t.co/7VBPA2s5HJ"}, {"author_id": 310617588, "id": 1495196847303921666, "text": "They went from no lighting in fitting rooms to four different kinds of lighting. Truly wild https://t.co/BNaRAR8QnI"}, {"author_id": 1376084886, "id": 1495189740630396929, "text": "RT @MiaFins1: Does anyone else have a wife who loves to play that game called \"Yell from four rooms away and get upset when I can't hear he\u2026"}, {"author_id": 1487199035232509952, "id": 1495179694844653568, "text": "@vkc29Palms @DonaldJTrumpJr Four different locker rooms."}, {"author_id": 60288009, "id": 1495177244507004937, "text": "RT @leemottershead: You really would want to make the most of breakfast at the Cheltenham hotels with rooms still available during @Chelten\u2026"}, {"author_id": 738867250619289600, "id": 1495168725661601793, "text": "RT @FrenchPropNews: Elegant four-bedroom home in Vienne with two living rooms, two kitchens, two outbuildings and 2,000m2 grounds! Situated\u2026"}, {"author_id": 543035260, "id": 1495166420073730048, "text": "RT @MiaFins1: Does anyone else have a wife who loves to play that game called \"Yell from four rooms away and get upset when I can't hear he\u2026"}, {"author_id": 210231165, "id": 1495165411754606594, "text": "RT @leemottershead: You really would want to make the most of breakfast at the Cheltenham hotels with rooms still available during @Chelten\u2026"}, {"author_id": 257474669, "id": 1495164638929035270, "text": "RT @leemottershead: You really would want to make the most of breakfast at the Cheltenham hotels with rooms still available during @Chelten\u2026"}, {"author_id": 922415294005633024, "id": 1495164309839749129, "text": "RT @leemottershead: You really would want to make the most of breakfast at the Cheltenham hotels with rooms still available during @Chelten\u2026"}, {"author_id": 2844931229, "id": 1495164182018371586, "text": "RT @leemottershead: You really would want to make the most of breakfast at the Cheltenham hotels with rooms still available during @Chelten\u2026"}, {"author_id": 302585406, "id": 1495160305961291776, "text": "RT @leemottershead: You really would want to make the most of breakfast at the Cheltenham hotels with rooms still available during @Chelten\u2026"}, {"author_id": 396164652, "id": 1495159304852324366, "text": "RT @leemottershead: You really would want to make the most of breakfast at the Cheltenham hotels with rooms still available during @Chelten\u2026"}, {"author_id": 212300378, "id": 1495158358256635905, "text": "RT @leemottershead: You really would want to make the most of breakfast at the Cheltenham hotels with rooms still available during @Chelten\u2026"}, {"author_id": 1281447566, "id": 1495150655740301316, "text": "RT @leemottershead: You really would want to make the most of breakfast at the Cheltenham hotels with rooms still available during @Chelten\u2026"}, {"author_id": 192968732, "id": 1495144615736795136, "text": "RT @gravityx9: * USA Patriotic Home Decor for Home or Office *\n* Patriotic Stars and Stripes Throw Rug by #Gravityx9 at Society6 \n* Availab\u2026"}, {"author_id": 2919905439, "id": 1495143851551608833, "text": "RT @leemottershead: You really would want to make the most of breakfast at the Cheltenham hotels with rooms still available during @Chelten\u2026"}, {"author_id": 420189772, "id": 1495142985096437768, "text": "RT @leemottershead: You really would want to make the most of breakfast at the Cheltenham hotels with rooms still available during @Chelten\u2026"}, {"author_id": 591755201, "id": 1495142443620184075, "text": "RT @leemottershead: You really would want to make the most of breakfast at the Cheltenham hotels with rooms still available during @Chelten\u2026"}, {"author_id": 200276058, "id": 1495142126983782400, "text": "You really would want to make the most of breakfast at the Cheltenham hotels with rooms still available during @CheltenhamRaces festival week.\nCurrently \u00a32,699 for four nights in the Holiday Inn Express and \u00a32,936 at the Doubletree by Hilton. That\u2019s not even in the town. https://t.co/XiYM8VsKPA"}, {"author_id": 1448470850500538370, "id": 1495141743196577805, "text": "@MajestromPC @curtisjandersen @bushcrafter79 How did the truckers take it away? All of the hotels are open. Police even sleeping in $700 a night rooms. Three to four shops chose to close lol. Businesses from Chinatown were donating tons of food and were crowded last weekend. Not sure where you're getting your news from."}, {"author_id": 895421905, "id": 1495135623610568706, "text": "RT @franceprop: Elegant four-bedroom home in Vienne with two living rooms, two kitchens, two outbuildings and 2,000m2 grounds! Situated in\u2026"}, {"author_id": 247547017, "id": 1495125521511837697, "text": "RT @MiaFins1: Does anyone else have a wife who loves to play that game called \"Yell from four rooms away and get upset when I can't hear he\u2026"}, {"author_id": 787453215709081600, "id": 1495125321871466498, "text": "Our hotel got overbooked and they didn't have room for us and all the rooms in the city are full for some reason so they told us to get ready in the staff bathroom \ud83d\ude2d\ud83d\ude2d\ud83d\ude2d four of us shoved into one tiny bathroom washing our hair in the sink"}, {"author_id": 1493130928339697665, "id": 1495125282038198274, "text": "RT @IntuitiveSurg: Four generations of da Vinci surgical systems have been used to complete more than 10,000,000 minimally invasive procedu\u2026"}, {"author_id": 742293726366572544, "id": 1495122253813809153, "text": "RT @kkyulmin: [ot7 au]\n\nSeven boys. Four rooms. One college dorm. A series of revenge and unfortunate events.\n\nChaos is inevitable. https:/\u2026"}, {"author_id": 4191600195, "id": 1495116887000293378, "text": "@willdrafted What is the probability that a randomly selected housing unit has four or more rooms? Interpret this probability."}, {"author_id": 421185656, "id": 1495114012488523782, "text": "I'm in a way better financial position than I was a decade ago and my life is no different. I still use the same three, four rooms in my house. I just don't see the value in tarnishing a reputation for extra millions.\nWell said @McIlroyRory"}, {"author_id": 762793297706450944, "id": 1495113555133218819, "text": "RT @MiaFins1: Does anyone else have a wife who loves to play that game called \"Yell from four rooms away and get upset when I can't hear he\u2026"}, {"author_id": 794326807, "id": 1495112851631087624, "text": "RT @MiaFins1: Does anyone else have a wife who loves to play that game called \"Yell from four rooms away and get upset when I can't hear he\u2026"}, {"author_id": 2911777368, "id": 1495107474575159297, "text": "RT @MiaFins1: Does anyone else have a wife who loves to play that game called \"Yell from four rooms away and get upset when I can't hear he\u2026"}, {"author_id": 377245272, "id": 1495107215153242113, "text": "RT @MiaFins1: Does anyone else have a wife who loves to play that game called \"Yell from four rooms away and get upset when I can't hear he\u2026"}, {"author_id": 3044084388, "id": 1495105109780582415, "text": "RT @VirbelaHQ: Want to help your team get sharper at work? Game experiences can increase executive functions like attention, perception, an\u2026"}, {"author_id": 1415327786806521867, "id": 1495097697346408454, "text": "???? They were sleeping in air conditioned rooms. The game was six days ago. We've played Plymouth, Al Hilal and Palmeiras in the last four weeks. When are we actually gonna play well against someone that isn't Tottenham? https://t.co/zoyhWg3z2Q"}, {"author_id": 54293060, "id": 1495086915795619844, "text": "RT @cambridgepads: Cambridge 4 Beds 2 Baths Harvard Square - $4,000: Gorgeous Four Bedroom In A Great Location!!! Stunning Hardwood Floorin\u2026"}, {"author_id": 48407366, "id": 1495086289237905408, "text": "RT @cambridgepads: Cambridge 4 Beds 2 Baths Harvard Square - $4,000: Gorgeous Four Bedroom In A Great Location!!! Stunning Hardwood Floorin\u2026"}, {"author_id": 54295398, "id": 1495086289091117056, "text": "RT @cambridgepads: Cambridge 4 Beds 2 Baths Harvard Square - $4,000: Gorgeous Four Bedroom In A Great Location!!! Stunning Hardwood Floorin\u2026"}, {"author_id": 54322795, "id": 1495086289065943040, "text": "RT @cambridgepads: Cambridge 4 Beds 2 Baths Harvard Square - $4,000: Gorgeous Four Bedroom In A Great Location!!! Stunning Hardwood Floorin\u2026"}, {"author_id": 15098261, "id": 1495086166592262147, "text": "Cambridge 4 Beds 2 Baths Harvard Square - $4,000: Gorgeous Four Bedroom In A Great Location!!! Stunning Hardwood Flooring Excellent Light Modern Kitchen Bay Windows Spacious Rooms\u2026 https://t.co/wKgzX1pXr3 #cambridgeapartments #cambridgerentals #apartmentsforrentincambridge https://t.co/QI7Y550Wyf"}, {"author_id": 194229865, "id": 1495085107891388419, "text": "@ThatEricAlper Four Rooms"}, {"author_id": 34238411, "id": 1495081256601755657, "text": "Elegant four-bedroom home in Vienne with two living rooms, two kitchens, two outbuildings and 2,000m2 grounds! Situated in a charming village between Ruffec and Civray and bordering a stream; \u20ac266,000 (Tic Immobilier)\nhttps://t.co/v11kLQjSF6 #FrenchProperty https://t.co/Xt34OV82dM"}, {"author_id": 18036992, "id": 1495076578551808004, "text": "@MichaelSerapio @HannahThibedeau @CBCNews @CBC What the hell is wrong with your people in the control room\u2049\ufe0f Can they not keep a map up for more than 10 seconds? With all due respect, The control rooms screen management has been pathetic throughout the last four weeks.#DoBetter https://t.co/OPcvb7Fy3M"}, {"author_id": 1479910631495057412, "id": 1495075238677299202, "text": "RT @MiaFins1: Does anyone else have a wife who loves to play that game called \"Yell from four rooms away and get upset when I can't hear he\u2026"}, {"author_id": 2217994470, "id": 1495073275847876615, "text": "New To The Market\ud83c\udf1f\n\n\ud83c\udfe1 Detached chalet style house\n\ud83c\udf1f Extremely well presented \n\ud83d\udecf Four bedrooms\n\ud83d\udec1 Two luxury shower rooms\n\ud83c\udf74 Utility room\n\ud83d\udecb Three reception rooms + conservatory \n\u2728 Balcony\n\ud83c\udd7f\ufe0f Tandem style garage\n\ud83d\udccd Swaffham \n\ud83d\udcb0 Price: \u00a3475,0000\n\n\ud83d\udc49 https://t.co/3HWzj12s0G https://t.co/cQwtBGKI8X"}, {"author_id": 1347784274901086209, "id": 1495073205497004033, "text": "RT @ZeeJan2613: And the four rooms were initially used by terrorists.\n@OfficialDGISPR\n#PakArmy_Balochistan"}, {"author_id": 3282215848, "id": 1495070628671545349, "text": "RT @SHOWHOlST: this is so funny to me like imagine walking down the hallways at Music Core minding your business and you hear someone growl\u2026"}, {"author_id": 240793805, "id": 1495069903270948866, "text": "Four seasons reserving rooms for ghoe today, ima make sure I get my room"}, {"author_id": 429383343, "id": 1495065220892479494, "text": "Mine likes the \"yell from four rooms away and go silent after I yell back.\" https://t.co/qXThlf1aDq"}, {"author_id": 429383343, "id": 1495065009520586760, "text": "RT @MiaFins1: Does anyone else have a wife who loves to play that game called \"Yell from four rooms away and get upset when I can't hear he\u2026"}, {"author_id": 2458900957, "id": 1495060872871522306, "text": "RT @MiaFins1: Does anyone else have a wife who loves to play that game called \"Yell from four rooms away and get upset when I can't hear he\u2026"}, {"author_id": 39507361, "id": 1495060649218613251, "text": "Day surgery will resume soon and the number of surgical rooms in operation have increased from two to three this week and will increase to four next week. #ckont\nhttps://t.co/IOzYjKz980"}, {"author_id": 3233801141, "id": 1495060202239967237, "text": "RT @TheSlideJob: According to celebrity makeup artist @joeycamasta on the @BarstoolYak, he previously worked for four-time @NASCAR Cup Seri\u2026"}, {"author_id": 1192152994344841222, "id": 1495056940606672900, "text": "According to celebrity makeup artist @joeycamasta on the @BarstoolYak, he previously worked for four-time @NASCAR Cup Series Champion @JeffGordonWeb.\n\nHe also claims Gordon was a \u201cnudist\u201d that \u201cwould always be naked in their hotel rooms.\u201d\n\nSo we\u2019ll just leave it at that. #NASCAR https://t.co/Tn6zR4dRTc"}, {"author_id": 794575999, "id": 1495056266644930562, "text": "RT @MiaFins1: Does anyone else have a wife who loves to play that game called \"Yell from four rooms away and get upset when I can't hear he\u2026"}, {"author_id": 1036782216095969281, "id": 1495052793148841997, "text": "RT @MiaFins1: Does anyone else have a wife who loves to play that game called \"Yell from four rooms away and get upset when I can't hear he\u2026"}, {"author_id": 61661504, "id": 1495047715360808960, "text": "@DisTouristBlog @Tom_Bricker any recommendations on hotels at Disneyland that are economical/good value for a group of four adults because they have rooms that accommodate that size group nicely?"}, {"author_id": 1384532018743160833, "id": 1495045831338123270, "text": "They all slip into their respective dressing rooms for the evening and Kiyoomi stands at the door and counts; five, four, three\u2014and then he hears Atsumu's door unlock beside him, and a gentle rapping at his door. +"}, {"author_id": 1268424373410713601, "id": 1495045259683713024, "text": "RT @kkyulmin: [ot7 au]\n\nSeven boys. Four rooms. One college dorm. A series of revenge and unfortunate events.\n\nChaos is inevitable. https:/\u2026"}, {"author_id": 189916953, "id": 1495044966158159881, "text": "RT @MiaFins1: Does anyone else have a wife who loves to play that game called \"Yell from four rooms away and get upset when I can't hear he\u2026"}, {"author_id": 4580280377, "id": 1495044302262706185, "text": "RT @Dahmee20: Please I need 10 client that I will be cleaning for twice,thrice or even four times in a month , you pay at the end of every\u2026"}, {"author_id": 704170781, "id": 1495041381391220740, "text": "RT @MiaFins1: Does anyone else have a wife who loves to play that game called \"Yell from four rooms away and get upset when I can't hear he\u2026"}, {"author_id": 23998573, "id": 1495039467727458308, "text": "* USA Patriotic Home Decor for Home or Office *\n* Patriotic Stars and Stripes Throw Rug by #Gravityx9 at Society6 \n* Available in up to four size options \n*  Works well in several rooms in your home! \n*\n https://t.co/rDaw6Tv0sX https://t.co/BKRThqrGzC"}, {"author_id": 404511460, "id": 1495039451260768258, "text": "RT @MiaFins1: Does anyone else have a wife who loves to play that game called \"Yell from four rooms away and get upset when I can't hear he\u2026"}, {"author_id": 1316202932317179905, "id": 1495039185773899777, "text": "RT @MiaFins1: Does anyone else have a wife who loves to play that game called \"Yell from four rooms away and get upset when I can't hear he\u2026"}, {"author_id": 261602760, "id": 1495036083201052675, "text": "@freshmaker__ @ZBexx I know the original post asked about ceiling art, but this kind of panorama would be nice as four walls of a room and you're surrounded by that environment. Even better if you had multiple rooms, each with a different environment."}, {"author_id": 108340117, "id": 1495035451220140033, "text": "https://t.co/eqi7kvTbsB\n1020 Park Ave, 19AB is a four-bedroom home featuring panoramic city views, entertaining rooms with rich hardwood floors, and multiple seating areas to host your holiday guests."}]