[{"author_id": 612760470, "id": 1495266130713354248, "text": "foxfire subtweet"}, {"author_id": 1439016999556837376, "id": 1495256413731446784, "text": "RT @nitehawkcinema: Our series THE OUTSKIRTS (presented with @ScreenSlate) continues next Thursday at Nitehawk Prospect Park with FOXFIRE o\u2026"}, {"author_id": 1387354956642983938, "id": 1495255238722215936, "text": "RT @WorIdsHottest: Young Angelina Jolie in Foxfire \ud83d\ude0d https://t.co/fb9mZC0O5X"}, {"author_id": 1217574627196776451, "id": 1495240381751037953, "text": "@Latina_Schatje How about\nA wild dolphin?\nA emerald green solitary bee?\nFoxfire?\nEternal flame?\nA brown recluse\nA rattlesnake?\nA bumble bees house?\nA paw paw?"}, {"author_id": 1290760885498195976, "id": 1495237387995299841, "text": "RT @vladdie777: Remember in 2019 when Rosa Salazar starred in two masterworks of visual storytelling and animation? Is \u201c#FilmTwitter\u201d still\u2026"}, {"author_id": 1202603991844020228, "id": 1495232266594754561, "text": "@vladdie777 @Foxfire_1st I remember that it was so uncanny hearing Alita's voice every time Alma spoke."}, {"author_id": 2805831062, "id": 1495226744114225160, "text": "Remember in 2019 when Rosa Salazar starred in two masterworks of visual storytelling and animation? Is \u201c#FilmTwitter\u201d still sleeping on that and ignoring Rosa? Everyone needs to rewatch #Undone before Season 2 starts soon! \ud83e\udd73\ud83e\udd73\ud83e\udd73 \n\nAwesome work on this GIF btw @Foxfire_1st! \ud83d\udc4f\ud83d\udc4f https://t.co/TIn7XhIJqn"}, {"author_id": 704080088967426049, "id": 1495222439009304582, "text": "RT @antsstyle: Foxfire AhrI, by song jie: https://t.co/CuTYKlqQGL https://t.co/mIZa2BjbE9"}, {"author_id": 1159260728894873602, "id": 1495220033995300871, "text": "[#Random #Fact] - Originally, the Pok\u00e9mon Vulpix was going to be called \u201cFoxFire\u201d."}, {"author_id": 984896046403866625, "id": 1495190001906163717, "text": "Not for nothing, but our Kitsune player just grabbed Kitsune of Golarion and Foxfire Adept off Pathfinder Infinite by the very talented @AlJAug and they're super excited to dig into what they can do with these new options!"}, {"author_id": 2866349728, "id": 1495186567064866820, "text": "Registration for Camp Foxfire Junior Counselors opens this Tuesday, Feb 22. Youth 14-17 can spend their summer active in the outdoors at NWP as they build their natural history knowledge, gain hands-on work experience and earn volunteer hours! More info: https://t.co/82XppHQly7 https://t.co/sW69yFlvoA"}, {"author_id": 1494669977252941826, "id": 1495159601301716992, "text": "Download (PDF) Foxfire 5: Ironmaking, Blacksmithing, Flintlock Rifles, Bear Hunting, and Other Affairs of Plain Living (Foxfire Series) for android\u2714https://t.co/zodZhoDWAn https://t.co/FJl0okettn"}, {"author_id": 967554841437507586, "id": 1495151116442611712, "text": "RT @WorIdsHottest: Young Angelina Jolie in Foxfire \ud83d\ude0d https://t.co/fb9mZC0O5X"}, {"author_id": 1493124556764364800, "id": 1495117207969447944, "text": "[READ] Foxfire 5: Ironmaking, Blacksmithing, Flintlock Rifles, Bear Hunting, and Other Affairs of \nDownload at https://t.co/Fw5cEYmQJu\n#ebook #pdf #mobi #kindle #audiobook https://t.co/lqwAPxmEK2"}, {"author_id": 1384346484510904321, "id": 1495097082658848769, "text": "RT @WorIdsHottest: Young Angelina Jolie in Foxfire \ud83d\ude0d https://t.co/fb9mZC0O5X"}, {"author_id": 1251907491610464263, "id": 1495095842809724929, "text": "Homebrew Havoc is proud to be sponsored be @foxfiredice!\n\nThese are some of the loveliest dice we have seen and we are happy to say that you can use our discount code (homebrew15) to get a set of your own!\n\nGo to https://t.co/17fkrTMqP7 for pics and then click below to order!"}, {"author_id": 1061626386966671360, "id": 1495094734288986112, "text": "Foxfire (1996) https://t.co/Rqm3rCFSku"}, {"author_id": 1436482604480479232, "id": 1495091256237690883, "text": "@foxfire_uwu @PLASTICMISSRAY @LovelyPeach2001 no im fr a minor i js play along w stuff\ud83d\ude2d"}, {"author_id": 2331191399, "id": 1495090189630423042, "text": "How has it been over a week since the #foxfire and the RPS school board still has not had an emergency meeting dedicated to *just* that?"}, {"author_id": 1442865043171786752, "id": 1495085602152267779, "text": "Nicole Kidman in Practical Magic and Angelina Jolie in Foxfire https://t.co/QxJvsuIpbN https://t.co/6HPjkmvyKv"}, {"author_id": 1442233866912104451, "id": 1495072746828668930, "text": "@bIondecity reminds me of angelina jolie in foxfire"}, {"author_id": 1302988357929238529, "id": 1495069599657869313, "text": "Taking a break on Horror's Daughter editing to write my next arctic folk/slasher novella 'Foxfire' and I believe this is the definition of insanity."}, {"author_id": 250086045, "id": 1495039388467687427, "text": "RT @antsstyle: Foxfire AhrI, by song jie: https://t.co/CuTYKlqQGL https://t.co/mIZa2BjbE9"}, {"author_id": 2653730899, "id": 1495006018161496066, "text": "RT @soniaguasch333: foxfire 555 https://t.co/qx3p2bpbgM"}, {"author_id": 825041412177670145, "id": 1495005116616921088, "text": "Photograph of the erotic model Lillias Right (Saatchiart). You can check out more about Senju's recent painting featuring Lillias Right and other enticing pics by clicking this link now &gt;&gt;&gt; https://t.co/NcVW8F9NNC  #senjushunga #kitsune #LilliasRight https://t.co/c6NChdi1qC"}, {"author_id": 1461358167514697741, "id": 1494993812032483328, "text": "30. foxfire, 1996 ~ (rewatched)\ndir. annette haywood-carter https://t.co/EzqZNwHPxj"}, {"author_id": 834739507618578436, "id": 1494989698829365256, "text": "@ZBexx Spirit link (Legends)\nBlaze (Portal)\nDark Ritual (Mercadian Masques)\nBlinding Light (Portal or Invasion)\nCounterspell (Modern Horizons 2, Strixhaven Archives ,COmmander legends, 7th Edition)\nFoxfire (Ice Age)"}, {"author_id": 1488947613399457796, "id": 1494971618795438080, "text": "RT @soniaguasch333: foxfire 555 https://t.co/qx3p2bpbgM"}, {"author_id": 2798862463, "id": 1494943628023664640, "text": "RT @soniaguasch333: foxfire 555 https://t.co/qx3p2bpbgM"}, {"author_id": 1091043547808182275, "id": 1494939390807789568, "text": "RT @soniaguasch333: foxfire 555 https://t.co/qx3p2bpbgM"}, {"author_id": 848080608928555010, "id": 1494929419915300865, "text": "RT @Spideraxe30: Wild Rift Foxfire Ahri Concept Art by Song Jie https://t.co/byEfxmPLvY https://t.co/x7qxoVuNNX"}, {"author_id": 497598783, "id": 1494919744868298756, "text": "RT @TornadoOdd: https://t.co/txS32gCavL\n\nThe Party has made their preparations and prepares to confront the corrupt Peacekeepers and Dr. Co\u2026"}, {"author_id": 1093801142440611840, "id": 1494919036836134914, "text": "https://t.co/txS32gCavL\n\nThe Party has made their preparations and prepares to confront the corrupt Peacekeepers and Dr. Coulomb for control of the Foxfire Network Tower!\n\n#podcast #OddTornadoProductions #D5"}, {"author_id": 1238187535895007232, "id": 1494914436536094720, "text": "RT @soniaguasch333: foxfire 555 https://t.co/qx3p2bpbgM"}, {"author_id": 1439623687435653123, "id": 1494911953260752897, "text": "RT @soniaguasch333: foxfire 555 https://t.co/qx3p2bpbgM"}, {"author_id": 1408636435985432576, "id": 1494907670939144194, "text": "RT @soniaguasch333: foxfire 555 https://t.co/qx3p2bpbgM"}, {"author_id": 234334343, "id": 1494903933617246209, "text": "RT @soniaguasch333: foxfire 555 https://t.co/qx3p2bpbgM"}, {"author_id": 877515711631020037, "id": 1494902997469605888, "text": "RT @lemortegames: Kitsune of Golarion: Foxfire Adepts https://t.co/TqR99TrpJp"}, {"author_id": 1437862504684740619, "id": 1494902969808166913, "text": "foxfire 555 https://t.co/qx3p2bpbgM"}, {"author_id": 16898307, "id": 1494896686707220481, "text": "Foxfire https://t.co/Hmv1no4Ldz https://t.co/LGMtm1ORMs"}, {"author_id": 95955520, "id": 1494879005081837571, "text": "@HanksKendyl @jacopocomin They make 7- and 8-ft tenkara rods. It\u2019s \u2026 different. A lot of people I follow on FB like the dragontail foxfire . But I got a cabelas 4 wt cgr for creeks . It\u2019s the same length but with a reel"}, {"author_id": 344139802, "id": 1494869020125839371, "text": "@StarOfElyon @DavidBirch1982 @2nd_keith @vladdie777 @sinofsanity @skateparken @OptimizticOzzie @Foxfire_1st @budziak_stanley @mrobles1939 Okay, maybe a little \ud83d\udc40 https://t.co/5FQkOuNVWI"}, {"author_id": 2606053386, "id": 1494866255114735617, "text": "@TheLast_300 @StarOfElyon @DavidBirch1982 @2nd_keith @vladdie777 @sinofsanity @skateparken @OptimizticOzzie @Foxfire_1st @budziak_stanley What if there was a 3rd choice?\ud83e\udd37\ud83d\ude01"}, {"author_id": 2875111328, "id": 1494865675759886342, "text": "RT @TheLast_300: @StarOfElyon @DavidBirch1982 @2nd_keith @vladdie777 @sinofsanity @skateparken @OptimizticOzzie @Foxfire_1st @budziak_stanl\u2026"}, {"author_id": 344139802, "id": 1494859190787002373, "text": "@StarOfElyon @DavidBirch1982 @2nd_keith @vladdie777 @sinofsanity @skateparken @OptimizticOzzie @Foxfire_1st @budziak_stanley @mrobles1939 I can't bias the poll \ud83d\udc40 https://t.co/pFNDVJLWcc"}, {"author_id": 221770824, "id": 1494853947248549890, "text": "@SvenTystnad @WriteGrlProbs It was too much tech for me...i went from Foxfire, Joseph Conrad and Louis Lamour  books to Red October and it was tough... \n\nBut i did read it....and Deuteronomy....\n\nGlad i did, just won't do it again lol...."}, {"author_id": 3010842866, "id": 1494852682246504452, "text": "@TheLast_300 @DavidBirch1982 @2nd_keith @vladdie777 @sinofsanity @skateparken @OptimizticOzzie @Foxfire_1st @budziak_stanley @mrobles1939 I've known She-Hulk for longer but Urbosa got it going on and I know that after only seeing her once. Gonna have to push the magical BOTH button."}, {"author_id": 2875111328, "id": 1494849497108824065, "text": "RT @lordidk187: @TheLast_300 @DavidBirch1982 @DMrkunst @MuscogeeCreek @mrobles1939 @Foxfire_1st I haven't played Aloy's games, and I've onl\u2026"}, {"author_id": 831976471690371090, "id": 1494847521948160000, "text": "RT @SaFireSunSet1: Spread that signal little flamees, and get your cute butts around the Foxfire. We are live with a VOG raid"}, {"author_id": 1239683780224434177, "id": 1494844784770490368, "text": "Spread that signal little flamees, and get your cute butts around the Foxfire. We are live with a VOG raid https://t.co/1Zvxn8m3fS"}, {"author_id": 1446308841247940608, "id": 1494827486168772608, "text": "@KitaKori_ Es exhaled, kneeling as her stomach finished off the fox. She watched her belly groan, completely emotionless.\n\n\"Target neutralized.\"\n\nShe watched the foxfire leave her gut, leaning forward to take ahold of it.\n\n\"What is this...?\" https://t.co/S2yoJCzviX"}, {"author_id": 1392549453291311107, "id": 1494826230377590784, "text": "@AthirstAndroid On the bright side for Es, the fox's struggles had died down, after all it's hard to make a fuss without arms or legs.  Around the forty minute mark Kita's torso gave out, and melted into the mushy soup, and right on the hour she completely melted down, a foxfire appearing --"}, {"author_id": 423088590, "id": 1494819441640497156, "text": "@TheLast_300 @DavidBirch1982 @DMrkunst @MuscogeeCreek @mrobles1939 @Foxfire_1st I haven't played Aloy's games, and I've only seen Mai in Fatal Fury (The movies.)\n\nI liked her in the movies, I highly recommend the movies. https://t.co/NStYZZCufA"}, {"author_id": 752361051723665408, "id": 1494815257704992770, "text": "Kitsune of Golarion: Foxfire Adepts https://t.co/TqR99TrpJp"}, {"author_id": 1402064879792492559, "id": 1494813778138910720, "text": "RT @AlHirschfeld: #OTD Guitar players on stage\n1962 A GIFT OF TIME with Henry Fonda &amp; Olivia de Havilland \nhttps://t.co/d3M9OWVszV\n1983 Kei\u2026"}, {"author_id": 1460881464162078720, "id": 1494791011700477953, "text": "RT @WorIdsHottest: Young Angelina Jolie in Foxfire \ud83d\ude0d https://t.co/fb9mZC0O5X"}, {"author_id": 592366922, "id": 1494786394216148995, "text": "VLOG: APARTMENT UPDATES, SOCIAL MEDIA MANAGING, + DATE NIGHT AT FOXFIRE ... https://t.co/geu3HhBmmW @kanionamarie"}, {"author_id": 1415732551419838471, "id": 1494783183715545090, "text": "RT @thecrankysa: @VKCsh Ah yes, my favorite browser, Mozzarella FoxFire https://t.co/GHS21mOIfS"}, {"author_id": 1494750123905191937, "id": 1494774151512535057, "text": "YT- FoxFire-o- Twitch- asherfire07 https://t.co/elNqynA7tL"}, {"author_id": 1392420568834576391, "id": 1494772501351526403, "text": "RT @nanajo_seturi: #illustration \n#originalcharacters \nFoxfire https://t.co/VPkbuRgqIx"}, {"author_id": 1343373687878266880, "id": 1494766002890027010, "text": "@VKCsh Ah yes, my favorite browser, Mozzarella FoxFire https://t.co/GHS21mOIfS"}, {"author_id": 1159260728894873602, "id": 1494755626949521408, "text": "[#Random #Fact] - Originally, the Pok\u00e9mon Vulpix was going to be called \u201cFoxFire\u201d."}, {"author_id": 1251907491610464263, "id": 1494733456353333248, "text": "Homebrew Havoc is proud to be sponsored be @foxfiredice!\n\nThese are some of the loveliest dice we have seen and we are happy to say that you can use our discount code (homebrew15) to get a set of your own!\n\nGo to https://t.co/17fkrTMqP7 for pics and then click below to order!"}, {"author_id": 126396499, "id": 1494719587199377414, "text": "RT @AlHirschfeld: #OTD Guitar players on stage\n1962 A GIFT OF TIME with Henry Fonda &amp; Olivia de Havilland \nhttps://t.co/d3M9OWVszV\n1983 Kei\u2026"}]