[{"author_id": 1548961394, "id": 1495286246452645891, "text": "RT @GrownRoom: @nydems Oh FFS. The Democratic Party told us all we\u2019d have to vote for Mike \u201cMuslim-Surveillance, privatize-the-parks, Sexua\u2026"}, {"author_id": 1354432981021036547, "id": 1495285026371432448, "text": "RT @makeyoursday: [\u0e44\u0e21\u0e48\u0e40\u0e0b\u0e47\u0e19\u0e40\u0e0b\u0e2d\u0e23\u0e4c] \ud83d\ude0d\u0e19\u0e49\u0e2d\u0e07\u0e40\u0e1a\u0e25 @meilekmnpp\n\u0e2d\u0e49\u0e2d\u0e19\u0e44\u0e1b\u0e2d\u0e32\u0e1a\u0e19\u0e49\u0e33\u0e41\u0e15\u0e48\u0e44\u0e21\u0e48\u0e44\u0e14\u0e49\u0e2d\u0e32\u0e1a\u0e19\u0e49\u0e33\u0e2a\u0e31\u0e01\u0e17\u0e35\ud83d\udca6 teaser ep.2 \n\u0e04\u0e25\u0e34\u0e1b\u0e40\u0e15\u0e47\u0e21\u0e43\u0e19 onlyfans,fansly,frisk\u0e43\u0e19\u0e40\u0e21\u0e49\u0e19\u2026"}, {"author_id": 1269516869679095811, "id": 1495284714810269698, "text": "RT @Wolftangart: Frisk FUCKING weighs in! https://t.co/nd6tBLTIEY"}, {"author_id": 1136023317180293120, "id": 1495284076307226625, "text": "RT @KINGkARDASHIA: Fine ass boy \ud83d\udc66 \ud83d\ude4c\ud83d\udc4f https://t.co/EWTiNTvWnp https://t.co/mls1Jmh87g"}, {"author_id": 881400914023763968, "id": 1495283351212773380, "text": "RT @KINGkARDASHIA: I think am suicide for some while now because the type of dick am looking for this day can kill some people \ud83c\udf46\ud83e\udd2dhttps://t.\u2026"}, {"author_id": 1467582201797779457, "id": 1495283237869928448, "text": "RT @bl00m00n8: Many new posts on all my paid platforms *both 0nly fans and frisk*. Lots of lives, videos, and photos. \ud83c\udf39 https://t.co/wmvdMG\u2026"}, {"author_id": 841783156357259264, "id": 1495283052435554306, "text": "RT @ArtsArukana: Drawing #Undertale Characters Until My Endocrinologist Prescribes Me Estrogen\nDay 5: #Frisk \ud83d\udc96\ud83d\udcbe\ud83d\udcab https://t.co/I1R6NYTyNN"}, {"author_id": 1279549271000276997, "id": 1495282745441800196, "text": "POKEMON BATTLE! Frisk and Chara VS compressed Cheren https://t.co/BNrdJsryRF"}, {"author_id": 881400914023763968, "id": 1495282721370820608, "text": "RT @KINGkARDASHIA: Sometimes joking around with your stepbrother when it\u2019s time for bed can get you into serious problem \ud83d\ude13\ud83e\udd75https://t.co/EWT\u2026"}, {"author_id": 165788474, "id": 1495282385885220866, "text": "RT @cyclelicious: California has a youth helmet law and,  guess what? That law is also used primarily as a pretext to stop and frisk the us\u2026"}, {"author_id": 1231266254738071553, "id": 1495282383729352705, "text": "RT @ArtsArukana: Drawing #Undertale Characters Until My Endocrinologist Prescribes Me Estrogen\nDay 5: #Frisk \ud83d\udc96\ud83d\udcbe\ud83d\udcab https://t.co/I1R6NYTyNN"}, {"author_id": 949369957615374336, "id": 1495282377383415811, "text": "RT @cyclelicious: California has a youth helmet law and,  guess what? That law is also used primarily as a pretext to stop and frisk the us\u2026"}, {"author_id": 1407684403078307841, "id": 1495281640196780034, "text": "RT @KINGkARDASHIA: Sometimes joking around with your stepbrother when it\u2019s time for bed can get you into serious problem \ud83d\ude13\ud83e\udd75https://t.co/EWT\u2026"}, {"author_id": 1175963380219338753, "id": 1495281582097190919, "text": "Drawing #Undertale Characters Until My Endocrinologist Prescribes Me Estrogen\nDay 5: #Frisk \ud83d\udc96\ud83d\udcbe\ud83d\udcab https://t.co/I1R6NYTyNN"}, {"author_id": 1454426673672343554, "id": 1495281579983319042, "text": "RT @KINGkARDASHIA: Only at \nhttps://t.co/EWTiNTvWnp\nhttps://t.co/qnz3yC0NR0 https://t.co/y8QEgn2K46"}, {"author_id": 1454426673672343554, "id": 1495281298524545028, "text": "RT @KINGkARDASHIA: A tip how hot the video is \nhttps://t.co/EWTiNTvWnp\nhttps://t.co/qnz3yC0NR0 \n\n@AfricanRough and @JHotblack https://t.co/\u2026"}, {"author_id": 1454426673672343554, "id": 1495281194472194049, "text": "RT @KINGkARDASHIA: Join now https://t.co/EWTiNTvWnp https://t.co/2EXtoTiDBp"}, {"author_id": 1454426673672343554, "id": 1495281063865769986, "text": "RT @KINGkARDASHIA: Join the @KINGkARDASHIA house today \n\ud83c\udf46 @AfricanRough\n\ud83c\udf51@JHotblack \nhttps://t.co/xklbALYCDY\nhttps://t.co/EWTiNTvWnp\nhttps:\u2026"}, {"author_id": 1454426673672343554, "id": 1495280914674429952, "text": "RT @KINGkARDASHIA: When daddy comes back from work he needs his two sexy angels wholes to keep him worm https://t.co/EWTiNTvWnp https://t.c\u2026"}, {"author_id": 1159681724508512261, "id": 1495280865932369924, "text": "RT @Blaqhandsomeguy: That was Hot \ud83d\udd25.. Weekend Sex Video \ud83d\udcf9.. Go Watch Here \ud83d\udc47\ud83c\udffd\ud83d\udc47\ud83c\udffd\ud83d\udc47\ud83c\udffd\n\nhttps://t.co/CUxPvxRLgH\n\nhttps://t.co/Ex6Mv2Wdpq https://\u2026"}, {"author_id": 1265200798025252870, "id": 1495280760835612672, "text": "toriel took me frisk and chara out to eat and they got some pasta and when they didnt like it they just stole all my food and now i am starving"}, {"author_id": 1454426673672343554, "id": 1495280685061488641, "text": "RT @KINGkARDASHIA: What are you still waiting for to go check out this bad ass sex https://t.co/EWTiNTekYP https://t.co/NxL8w2COTE"}, {"author_id": 815499506, "id": 1495280661417971721, "text": "@77WABCradio @RudyGiuliani If you don't support every American's right to protest,then maybe YOU should move to another country. Now we see why your Stop and Frisk policy mainly targeted Black and Brown people."}, {"author_id": 334227842, "id": 1495279935581085702, "text": "RT @jupiterdrips: All the places you can find me:\n\u2728https://t.co/cUlHNPIPKt \n\n\ud83d\udc9chttps://t.co/O5tSn9RrHW\n\n\ud83d\uddddhttps://t.co/j5wUWrAGmx \n\n\ud83d\udca6https://\u2026"}, {"author_id": 1356160903255883778, "id": 1495279859303694343, "text": "RT @jupiterdrips: All the places you can find me:\n\u2728https://t.co/cUlHNPIPKt \n\n\ud83d\udc9chttps://t.co/O5tSn9RrHW\n\n\ud83d\uddddhttps://t.co/j5wUWrAGmx \n\n\ud83d\udca6https://\u2026"}, {"author_id": 1331826310243627011, "id": 1495279797878022146, "text": "RT @flowy_bot: Time to take a rice nap *put's my head in frisk's bowl*"}, {"author_id": 1349510316313468930, "id": 1495279631817056257, "text": "RT @KINGkARDASHIA: Sometimes joking around with your stepbrother when it\u2019s time for bed can get you into serious problem \ud83d\ude13\ud83e\udd75https://t.co/EWT\u2026"}, {"author_id": 1069777512341729280, "id": 1495279276928741378, "text": "RT @GOrtros: Caught 2\n#undertalensfw #frisk #pixelart https://t.co/hChSttshE6"}, {"author_id": 330490860, "id": 1495278213760569345, "text": "RT @cyclelicious: California has a youth helmet law and,  guess what? That law is also used primarily as a pretext to stop and frisk the us\u2026"}, {"author_id": 1276146857903882241, "id": 1495277997129146368, "text": "@poofbirb @AnarchoWabbit Wtf? Mfr lives in NYC and they elected a ex-cop who was pro-stop and frisk so maybe he wasnt so crazy to say that."}, {"author_id": 1436031130918998018, "id": 1495277980234358786, "text": "@mumbaimatterz @mybmcWardGN @DighavkarKiran @TacticalMumbai @MySwachhMumbai Blame game will continue. Best way is to frisk visitors entering the gallery and if found in possession or eating these stuff  must be imprisoned for a day. This will deter idiot's spoiling our city"}, {"author_id": 1494754419107196931, "id": 1495277704303702016, "text": "RT @LectorTastic: CW: Mawshot\nArt by RainyPaws!\nOriginal:\nhttps://t.co/wylnyPPoLq\n\nBat hungy\nFeed apple or yourself\nOr I will defiantly fri\u2026"}, {"author_id": 1377067853069742085, "id": 1495277622703828993, "text": "RT @freshyellu: day 17\n\nfrisk woke up and chose death https://t.co/MmTuiGCKSR"}, {"author_id": 742959653211017216, "id": 1495276924326850560, "text": "@lofebred_ by being frisk, you get a worse run, different dialogue, and cant cast red buster during the flowey fight\nthen hard mode itself consists of all of the undertale hard mode enemy changes, a more difficult flowey fight, and a unique ending"}, {"author_id": 1070937977147269120, "id": 1495276705421967361, "text": "RT @rocketwrlds: watch me til i nut \u2728\ud83d\udcad\n\nhttps://t.co/PnIqLUYYFn https://t.co/PVOonovSXB"}, {"author_id": 1070937977147269120, "id": 1495276653404164100, "text": "RT @rocketwrlds: cum suck me out \ud83d\ude29\n\nhttps://t.co/PnIqLUYYFn https://t.co/XWFGapqEYx"}, {"author_id": 14507143, "id": 1495276568427433987, "text": "@ShawnCMemphis It's tricky. The tweet is click bait. The law needed to go away, but for other reasons as well (bike share).  Housed white people wear helmets in Seattle. Ancedotal, but I have seen the law abused for a stop and frisk."}, {"author_id": 1449448903137447940, "id": 1495276039613919235, "text": "\u2728 Famous Followers\n\n\ud83e\udd47 LunarBlue8\n\ud83e\udd48 DekuShy\n\ud83e\udd49 Uniformado_lte\n\ud83c\udfc5 Frisk_The_Slut\n\ud83c\udfc5 Gachalo43545840\n\ud83c\udfc5 OkamiFeral\n\ud83c\udfc5 DevilFuntime\n\n\u27a1\ufe0f https://t.co/Wis8nV1Wpu https://t.co/kgNGK1xXKg"}, {"author_id": 2298148070, "id": 1495276011830792193, "text": "RT @amnesty: We have long known that stop-and-frisk in New York is a racist policing tactic. We now know that the communities most targeted\u2026"}, {"author_id": 1069777512341729280, "id": 1495275500922552322, "text": "RT @Unfound93185: NSFW,sans x frisk\nWTF i'm doing here,I was only going to draw a height comparison when they were standing\ud83d\ude31 https://t.co/j\u2026"}, {"author_id": 1478057807081402370, "id": 1495275188459433988, "text": "RT @DvonKnightXXX: \u2661\u2728Dahlia Von Knight\u2728\u2661\n\u2605https://t.co/S82ojNJlRG (closed for now)\n\u2605https://t.co/wGsXCnZ1uY\n\u2605https://t.co/abOd7XEjn7 - Foll\u2026"}, {"author_id": 769360326479536128, "id": 1495274170258710528, "text": "@_rynogg so what's hard mode all about anyways? what's gonna change by you being frisk"}, {"author_id": 1063207737520119808, "id": 1495274081989828612, "text": "Time to take a rice nap *put's my head in frisk's bowl*"}, {"author_id": 1454404955666886661, "id": 1495273836539006982, "text": "RT @Shamsi_Fox: #fnafsecuritybreach #fnaf #fivenightsatfreddys #gregoryfnaf #glamrockfreddy #cryingchild #frisk #manga \nI finally finished\u2026"}, {"author_id": 2567302362, "id": 1495273286728572928, "text": "RT @KINGkARDASHIA: Sometimes joking around with your stepbrother when it\u2019s time for bed can get you into serious problem \ud83d\ude13\ud83e\udd75https://t.co/EWT\u2026"}, {"author_id": 1279549271000276997, "id": 1495272668387438592, "text": "BILLIARD BATTLE!  Frisk and Chara VS Bede https://t.co/Vmo8buZEjp"}, {"author_id": 1464313843786874880, "id": 1495272088676061184, "text": "RT @KINGkARDASHIA: How loud can you go at that time ? \ud83e\udd75\ud83d\udca6\ud83c\udf0a\n\nhttps://t.co/EWTiNTvWnp https://t.co/7MDdO8EDcZ"}, {"author_id": 1464313843786874880, "id": 1495272042110898176, "text": "RT @KINGkARDASHIA: Now showing on https://t.co/EWTiNTvWnp https://t.co/xtS5EKhpgS"}, {"author_id": 1464313843786874880, "id": 1495271779136327681, "text": "RT @KINGkARDASHIA: For dose of you who doesn\u2019t have a valentine pattern come and see how my stepbrother fucked me for playing with his thin\u2026"}, {"author_id": 1464313843786874880, "id": 1495271699515949059, "text": "RT @KINGkARDASHIA: Sometimes joking around with your stepbrother when it\u2019s time for bed can get you into serious problem \ud83d\ude13\ud83e\udd75https://t.co/EWT\u2026"}, {"author_id": 1166138386962366466, "id": 1495271659653242882, "text": "RT @midickiya: If Zach Clayton pulled me over, I\u2019d like him frisk me all he wanted https://t.co/HNPfDKPkbV"}, {"author_id": 1464313843786874880, "id": 1495271307595894784, "text": "RT @KINGkARDASHIA: Fine ass boy \ud83d\udc66 \ud83d\ude4c\ud83d\udc4f https://t.co/EWTiNTvWnp https://t.co/mls1Jmh87g"}, {"author_id": 364665307, "id": 1495271194848759808, "text": "frisk\u2019s dialogue about eating snails threw me off. frisk walked so kris could run"}, {"author_id": 522886434, "id": 1495271084635172865, "text": "RT @amnesty: We have long known that stop-and-frisk in New York is a racist policing tactic. We now know that the communities most targeted\u2026"}, {"author_id": 804961973020532736, "id": 1495270966842339328, "text": "RT @Blackedvictor: Chubby......boy\nDeep! Deep!! Deep!!\n.\n. African chubby boy\nNow on https://t.co/ux7EbAAGkO\n\nNow on https://t.co/B7tMXUX3t\u2026"}, {"author_id": 804961973020532736, "id": 1495270166615240713, "text": "RT @Blackedvictor: Bath threesome\nHot shower\n.\n.cold/Hot\nNow on https://t.co/B7tMXUXBj8\n\nNow on https://t.co/ux7EbABeam\nSubscribe now \nFoll\u2026"}, {"author_id": 1418688131277205510, "id": 1495269835303014400, "text": "RT @_TheDeviantOne_: @blkpornmatters @Professor_GAIA @mystiquemoves @blkdickmatterss https://t.co/ErrsNikLjE\nhttps://t.co/sD5PRh1igE\nhttps:\u2026"}, {"author_id": 801847687125540865, "id": 1495269625013194757, "text": "@_rynogg frisk looks 2 inches tall here and I love it"}, {"author_id": 1392301402223878148, "id": 1495269321685168133, "text": "@2Aupdates Hold on:\n1. Black guy\nhttps://t.co/B1VPp4vcFc\n3. Stop and Frisk? \nI just need stop and frisk to complete my Bingo card!"}, {"author_id": 914613381210021889, "id": 1495268547525853184, "text": "RT @ATHENACYKE5: @limbteeth mettaton was like frisk's freddy fazbear"}, {"author_id": 1069738411701882880, "id": 1495268526353174529, "text": "@limbteeth mettaton was like frisk's freddy fazbear"}, {"author_id": 1469540077298761730, "id": 1495268522699677699, "text": "@Alluring_Velvet \ud83d\ude11[Frisk asked the demon girl why she was tring to seduce her]"}, {"author_id": 1449425797907947522, "id": 1495268291278827520, "text": "Pochi, Dipper, Frisk: We'll chase the dawn, waiting for a flight that never comes."}, {"author_id": 1493139650311225347, "id": 1495268207271477249, "text": "RT @yourdadleonx: call me Leon \n\n\u2727 19 years old asain\n\u2727 5'9 / 176 cm.\n\u2727 heterosexual and have a girlfriend \n\u2727 switch (+sub)\n\nhttps://t.co/K\u2026"}, {"author_id": 1380121151075155970, "id": 1495268134403682309, "text": "Stop and frisk making a comeback too (never truly left). They finna start using them gang injunctions more. They have not closed rikers and probably won't but 5 new jails are gonna be built and they definitely plan to fill them. All these mvmts out here have done is Mobilizations"}, {"author_id": 1305372001058664448, "id": 1495267783164272643, "text": "@limbteeth in ten years frisk will have a moment where they connect all the Weird Stories told to them and be like \"wait. all that in a day?"}, {"author_id": 1157792244772024321, "id": 1495267730894856201, "text": "@DonLew87 When I lived in Boston my friend circle was pretty diverse, and one bar we went to always checked our bags and the hoods and pockets on our coats; like practically a stop + frisk. But once I went with only white people and that didn\u2019t happen. We found a new spot!"}, {"author_id": 914613381210021889, "id": 1495267675118919682, "text": "i think its really funny because the only time frisk ever cries during a battle is during the mettaton quiz"}, {"author_id": 914613381210021889, "id": 1495265784888803329, "text": "k i know we dont like to think about this but every second of the underground is frisk experiencing unimaginable trauma over and over again and then sometimes they meet a nice monster"}, {"author_id": 932595511219154945, "id": 1495265662935175176, "text": "RT @Blackedvictor: Black Gay threesome....\u203c\ufe0f\nRansom fucked\ud83d\udca6\n.\n. juicy and creamy \nNow on https://t.co/ux7EbAAGkO\n\nNow on https://t.co/B7tMX\u2026"}, {"author_id": 785638781424513024, "id": 1495265486040231937, "text": "RT @Drawz_Artz: More Chara and Frisk. \nThis Time Chara gets some payback https://t.co/PRQgSsy7XH"}, {"author_id": 1370959393718595588, "id": 1495264983953080321, "text": "RT @Korya_56: Soon \ud83d\udc49\ud83c\udffbhttps://t.co/JN8mJteP0N https://t.co/8GFS0fxA30"}, {"author_id": 3005153225, "id": 1495263500880556035, "text": "RT @RiahJadeXxx: Happy Valentine\u2019s Day Daddy \ud83d\udc8b\n\n25% OFF on OnlyFans and Frisk \u203c\ufe0f\n\nLinks in comments &amp; bio \ud83d\udd25 https://t.co/8guTuGEW6A"}, {"author_id": 728776675811463168, "id": 1495263017583640578, "text": "Haha who's frisk leave a message after the beep [PLAYS ELECTRIC VIOLIN, Leans on their blaster.]\nBEEEP LMAO"}, {"author_id": 4136058567, "id": 1495262561046241283, "text": "* By the way...\n* Frisk.\n* ... take care of Mom and Dad for me, OK?"}, {"author_id": 1367324538887880707, "id": 1495262531253899267, "text": "RT @Alldatassz: Join Her Over On Her Fan Page\ud83d\ude0d\nhttps://t.co/tAhdo4P43W\nhttps://t.co/3tI0gu41Ix\nJoin Me On Everything Click There\ud83e\udd2a\u2935\ufe0f\nhttps:/\u2026"}, {"author_id": 1190500553488355328, "id": 1495262328673112073, "text": "RT @nsfwthemis: sub for more content: https://t.co/P9uBO55Oke\ntip me: https://t.co/4jXaHjwDvr"}]