[{"author_id": 1255153415010705417, "id": 1495267625705869312, "text": "Getting Even With Dad is Macaulay Culkin\u2019s most underrated film. Yep, I said it. https://t.co/SJtqFljIoA"}, {"author_id": 25174022, "id": 1495258640491630594, "text": "Wife had an intervention with me today about my dad jokes getting out of control... The baby ain't even here yet..."}, {"author_id": 2886645637, "id": 1495182112093351946, "text": "RT @willathewisp: I know that an interview isn\u2019t an acceptance. But the journey to get even here! Having to drop out of college because of\u2026"}, {"author_id": 1345090075776921601, "id": 1495167694680866820, "text": "This, but with my dad, but he loves me WAY TOO FUCKING MUCH to even yell at me, and he never says ANYTHING about me not getting ready, he's just late to EVERYTHING. https://t.co/4vxpejGXYN"}, {"author_id": 1447743938442444802, "id": 1495162544809512968, "text": "Hope this doesn\u2019t turn into a *Bronny is only getting drafted because the team wants his dad* convo (im sure it will), kid is a legit prospect even with his dad out of the league"}, {"author_id": 26419537, "id": 1495154953249296397, "text": "I know that an interview isn\u2019t an acceptance. But the journey to get even here! Having to drop out of college because of my illness/taking care of my dad; building a career in the arts with nothing but ideas in my pockets\u2026getting this far is nothing short of a miracle to me."}, {"author_id": 1478432998043402250, "id": 1495090166804922368, "text": "@RobNoelHeinz Too bloody right I\u2019ve looked after my dad for 5 years with dementia he even lives with me and I\u2019ve had a stroke I don\u2019t see myself getting an award for my 24 hour care yet she has 24/7 care team !"}, {"author_id": 257616961, "id": 1495078225793323009, "text": "im glad Kaiden\u2019s dad is coming to Disneyland with us even tho i know he wouldn\u2019t miss it for nothing in the world but ima be at the bar getting drunk while him &amp; his son stand in those long ass lines \ud83e\udd23\ud83e\udd23\ud83d\ude0e\ud83e\udd1d"}, {"author_id": 1386491435294380033, "id": 1495067761340522503, "text": "@RDM_41 If you start with \"Mom, Dad, we're getting even richer and the poor can still stfu us\" you definitive win"}, {"author_id": 1228568017929482240, "id": 1495061989365800961, "text": "RT @Veronica0618: @VAT2020USA @SmnWeekly I was thinking the same thing! Even the woman has some resemblance to the men.\n\nWith one of their\u2026"}, {"author_id": 1670053098, "id": 1495010187945852931, "text": "@protokcgx @AmyMagdaleneta @LateStage_L2 @theabigailbeck tw: my dad used to beat my brother &amp; i with a bamboo stick for getting bad grades. bare a**ed &amp; all. do u think it fixed our grades? no. u know what it did do? taught us to hide our bad grades. we even broke his stick &amp; hid it. he got a new stick but it was better than the old 1"}, {"author_id": 1354830464326930433, "id": 1494992539035725824, "text": "@paybami @nirmalk39359223 @LordGooner I didn\u2019t call ur dad a mf did I? Why r u getting riled up about someone who ur not even related with? Mourinho called him a specialist in failure not me. And u were raised to put someone in place? I think you should think about where ur next meal would come from \ud83d\ude02. \u201cAfrica\u201d"}, {"author_id": 1203710006492835841, "id": 1494954882654158851, "text": "Amount of pressure on the man who was in line for the throne. He wanted them to be happy like they were with his dad. Logan found himself getting more and more stressed out about the pressures to be as good as or maybe even better than him every day.\n\nAnd then there was Fuego.+"}, {"author_id": 1277470729420673024, "id": 1494814886123421696, "text": "...getting a job* *disturbing me* *not even offer mahr/dowry and contact my dad* *demanding my time and dedication* *I compromised with reality survived by Allah's kindness and generosity* *still disturbed*"}, {"author_id": 1479581177916928003, "id": 1494808224104595457, "text": "@Acyn Your dad is a looser.  Ask him to stop with the lies, even his fans are getting sick of it"}, {"author_id": 1452007756223815681, "id": 1494767588173172739, "text": "@JanetJackson hi dear janet jackson im question about joseph did michaels interaction with kids pis# joseph off to me he in away was getting even with his dad for being so strick, Like going to court in p.j"}, {"author_id": 1363199140302364672, "id": 1494757526855983109, "text": "@panda_gongjunim @maquillajemort Getting a date night basically never happened, even when we lived 15 minutes away, because she was busy with the kids still at home, not to mention having to negotiate around my Dad\u2019s job, and *cough* holy days."}, {"author_id": 787391300874231812, "id": 1494740873355083777, "text": "the genuine anger I feel over the fact that I can\u2019t be with my dad in the hospital or even see him without getting tested and wearing a mask just bc people don\u2019t like science or whatever"}, {"author_id": 712932149314322433, "id": 1494713742151815168, "text": "@weltswife It's even more concerning that a good majority of this minority are actual children with unrestricted access to Twitter\n\nAnd now I'm glad dad banned me from getting it and Facebook when I was like 10"}, {"author_id": 1403421448883089416, "id": 1494677059699986437, "text": "RT @__drcs: I resonate with this. My dad made an effort to spend time with me and succeeded many times but getting his \u201cfree time\u201d while he\u2026"}, {"author_id": 274272645, "id": 1494676509558194179, "text": "I resonate with this. My dad made an effort to spend time with me and succeeded many times but getting his \u201cfree time\u201d while he spent everyday with his other kids was definitely hurtful. Felt like even though I sat at the table first, I still had to get leftovers smh https://t.co/yxUSNblpkI"}, {"author_id": 1141671414, "id": 1494532297013485576, "text": "My dad is currently singing his heart out at a bar in South Carolina to some karaoke of Elvis &amp; Johnny Cash and even getting people in the bar to sing &amp; clap with him, and I miss him so much \ud83d\ude2d\ud83d\ude2d he's been too cool for me (and the Midwest) since he retired from the USPS, damn"}, {"author_id": 16519923, "id": 1494524064018305028, "text": "RT @jgriffee: @doctorow When had a grocery store job at 15, I had to pay union dues even though I wasn't working enough hours to actually j\u2026"}, {"author_id": 1471001488113680385, "id": 1494482049075490817, "text": "It\u2019s not time to drop mandates masks we\u2019re getting there but u r more worried about the economy or money made from it than you are with daily deaths still high even though cases per day dropped I agree with fuaci it\u2019s not time to drop all defenses my dad"}, {"author_id": 930931544692350976, "id": 1494476151254921217, "text": "RT @DBs_WRLD: Manga spoilers: \n\nBut yeah I\u2019m getting flamed for this even tho shes quite obviously into men yeah she was kinda pressured in\u2026"}, {"author_id": 1155854041383088128, "id": 1494475990847926276, "text": "Manga spoilers: \n\nBut yeah I\u2019m getting flamed for this even tho shes quite obviously into men yeah she was kinda pressured into having a baby and probably loved Ymir but she still stayed together with the dad of her baby after 3 years \n\nBut yeah aot fandom something else man https://t.co/mErZnzZzcL"}, {"author_id": 1403012920343212035, "id": 1494446183799996419, "text": "i can absolutely handle my dad getting mad and yelling shit even like when he gets rly violent and throws stuff but my mom gets mean and its honestly sm worse bc she literally hurts me sm with her words"}, {"author_id": 15076064, "id": 1494429356613160971, "text": "@LibbyMbc my dad was very active and in the exact right weight range, didn\u2019t smoke, hardly ever drank, mom always made probably 90% of our meals... he died from stage IV prostate cancer even with getting proper screening and healthcare. so... okay."}, {"author_id": 86763509, "id": 1494413754573934600, "text": "RT @jlazebnik: Getting to write even more Smithers content with my dad was so much fun. Go read the interview - we love @AttitudeMag!"}, {"author_id": 206711886, "id": 1494407880644218883, "text": "@lilithmode And as someone with an elderly father myself, im sure even though yours is getting on, they'll be with you for a long time still! (And as long as they can, tbh) enjoy being with them! My dad is 80 and still RAZOR sharp and managing a small concert series!"}, {"author_id": 1082598089368711174, "id": 1494402082882924545, "text": "RT @jgriffee: @doctorow When had a grocery store job at 15, I had to pay union dues even though I wasn't working enough hours to actually j\u2026"}, {"author_id": 109375565, "id": 1494400688239124482, "text": "RT @jgriffee: @doctorow When had a grocery store job at 15, I had to pay union dues even though I wasn't working enough hours to actually j\u2026"}, {"author_id": 2729061, "id": 1494400565446512652, "text": "RT @jgriffee: @doctorow When had a grocery store job at 15, I had to pay union dues even though I wasn't working enough hours to actually j\u2026"}, {"author_id": 23903521, "id": 1494398069294518272, "text": "@doctorow When had a grocery store job at 15, I had to pay union dues even though I wasn't working enough hours to actually join. Years later when my dad was on strike with SPEEA, UFCW hosted a dinner to support the striking workers + their families. I joked I was finally getting my perks."}, {"author_id": 1171953869108105217, "id": 1494389437610008576, "text": "@sheologian @AITA_online I share a BD with my dad. I have always loved celebrating with him! He has always told me I\u2019m his best BD present. Now that he\u2019s getting up in age and dealing with some health problems, I treasure each one even more."}, {"author_id": 177262631, "id": 1494385819842322433, "text": "RT @jlazebnik: Getting to write even more Smithers content with my dad was so much fun. Go read the interview - we love @AttitudeMag!"}, {"author_id": 24887381, "id": 1494371862989590533, "text": "@VAT2020USA @SmnWeekly I was thinking the same thing! Even the woman has some resemblance to the men.\n\nWith one of their dad\u2019s being a judge, nothing will happen to any of them or the rapist kid(s).\n\nI feel so bad for the victim(s). You know there will be more after this. He\u2019s just getting started."}, {"author_id": 1071460401219624960, "id": 1494363293707874319, "text": "RT @jlazebnik: Getting to write even more Smithers content with my dad was so much fun. Go read the interview - we love @AttitudeMag!"}, {"author_id": 356517051, "id": 1494362763774156813, "text": "Getting to write even more Smithers content with my dad was so much fun. Go read the interview - we love @AttitudeMag! https://t.co/yngtNr8PH5"}, {"author_id": 1340520083270066176, "id": 1494245688217153536, "text": "It feels like my dad is just really distant with me and the only time we\u2019ve ever bonded was either video games or drugs and alcohol. Like he\u2019s getting remarried soon so now I\u2019m probably gonna not hear from his as much now unless I go outta my way to text him. Even then I\u2019d just"}, {"author_id": 1379650709021282310, "id": 1494167100625068036, "text": "not even kidding she finds out her crush's dad murdered her brother and then tries to kyll him but ofc she ends up getting klled instead but sike shes so fuelled with revenge that she comes back AND HER BF IS A WALKING CORPSE NOW?! https://t.co/9ntpxrS782"}, {"author_id": 1448852054936596487, "id": 1494159352453812229, "text": "RT @ogdeona: Honestly i kinda regret getting his of because he\u2019s very inconsistent with posting and his dad is the main reason he even have\u2026"}, {"author_id": 4312896493, "id": 1494123131921117186, "text": "RT @PortalLamifex: I also believe that Maya must have seen many things when she was little, even if she doesn't remember everything. Maybe\u2026"}, {"author_id": 21438704, "id": 1494121151446102017, "text": "I finally watched the #RHONJ episode with Gia &amp; Joe getting into it. Look, Gia has every right to love and defend her dad (even though Joe Guidice was a massive dick to Tre). I actually think Gia handled herself better than I have EVER seen any of them respond so y\u2019all buggin \ud83e\udd23"}, {"author_id": 16090228, "id": 1494066146932236290, "text": "@DnvrTim He attacked his Dad and thought he was getting away with it. He\u2019s been avoiding his charges in AZ, even going as far as to say I\u2019m dropping them. \n\nI will fight tooth and nail to make sure he\u2019s held accountable for what he did to me. \n\nHe didn\u2019t deserve to have you as a friend."}, {"author_id": 1475915957935558660, "id": 1494054022650552320, "text": "RT @PortalLamifex: I also believe that Maya must have seen many things when she was little, even if she doesn't remember everything. Maybe\u2026"}, {"author_id": 879928265703608320, "id": 1494038916244119556, "text": "@Pinekaboo Believe me, I know. Even before he passed, it was clear that my dad wasn't going to pull through. I was already getting hit hard with those waves for a couple weeks. They're definitely not done and I'm gonna hit some very low lows in how I feel. But I know I'll be okay with time."}, {"author_id": 256118374, "id": 1494029120161955845, "text": "NAAAAAH MATE THIS IS GETTING MAD \n\nHOW DARE HE WALK IN AFTER WHAT SHE WENT THROUGH AND BE LIKE \u201coh I want kids now\u201d \n\nAND HES THE DAD OF ALL PEOPLE SO SHES LIVING WITH HER OLDEST STEPSON AND EVEN HIS EX WIFE HAS NO IDEA \n\nMAKE A SESON 3 NOW @netflix #SweetMagnolias"}, {"author_id": 1274009734572576770, "id": 1494012223592988672, "text": "I also believe that Maya must have seen many things when she was little, even if she doesn't remember everything. Maybe her dad yelling and fighting with her mom or something.That's why she guards herself so much in screaming, getting upset, there are so many things #skamfrance\ud83e\uddd8\ud83c\udffe\u200d\u2640\ufe0f"}, {"author_id": 1472726979711418369, "id": 1493994558178627584, "text": "Still not getting married since a certain cc married another cc, but will prolly try to take care of orphaned children even tho she never takes care of children before, and not going back to England with her dad bc she likes being here more. They keep in touch, however."}, {"author_id": 989149528698904576, "id": 1493989234763575297, "text": "@thaddeusmoss yo your dad , the Bengals, and the Bengals fan want to see you play and ball out with your LSU teammates, how do you get hurt warming up for a game? It seems you keep getting hurt what\u2019s up with that, not even in game - c\u2019mon man"}, {"author_id": 1166315017114968067, "id": 1493986756903030787, "text": "@highlifegoddess Even My 75 Yr Old Dad Is Getting it And He Is Very Open Minded To The Concepts About Spirituality I Share With Him\u2757 #SlowleyButSurely\n\ud83c\udd93\ud83c\udf0e\ud83d\udcaa\ud83c\udffb\ud83d\udcaa\ud83c\udffc\ud83d\udcaa\ud83c\udffd\ud83d\udcaa\ud83c\udffe\ud83d\udcaa\ud83c\udfff"}, {"author_id": 1252437470404214785, "id": 1493912368803287040, "text": "@Zac_Hollis_ Absolutely disappointed with the whole process for Kodiak. Dad is the No.1 on the list for Lava Blue L&amp;K from Gurudev Motors in Chennai booked 11 Jan and now been given the run around with zero response from dealer. It\u2019s a terrible experience before even getting the car."}, {"author_id": 1346138296636813313, "id": 1493871752891482115, "text": "RT @nuggetsdrooling: I got to play with my two favourite things dad &amp; a ball and I didn\u2019t even pop this one \ud83d\ude31\ud83d\ude31 mom says I\u2019m getting older \ud83d\ude1b\u2026"}, {"author_id": 3316068562, "id": 1493869841492676608, "text": "RT @nuggetsdrooling: I got to play with my two favourite things dad &amp; a ball and I didn\u2019t even pop this one \ud83d\ude31\ud83d\ude31 mom says I\u2019m getting older \ud83d\ude1b\u2026"}, {"author_id": 1208530540934180864, "id": 1493788109653356545, "text": "@Laylahhh_ Yeah def for them, my kid can\u2019t get it tho until he\u2019s old enough for like the 5-11 year old one.. that\u2019ll give it some time. Cuz my lil siblings are 8 &amp; 11 &amp; are fine with it as well my dad whole house got the vaccine I\u2019m just not getting boosted they lucky I even got the 2 tbh"}, {"author_id": 1462191533071945729, "id": 1493763076637745157, "text": "RT @nuggetsdrooling: I got to play with my two favourite things dad &amp; a ball and I didn\u2019t even pop this one \ud83d\ude31\ud83d\ude31 mom says I\u2019m getting older \ud83d\ude1b\u2026"}, {"author_id": 1309003874, "id": 1493733040845164546, "text": "RT @nuggetsdrooling: I got to play with my two favourite things dad &amp; a ball and I didn\u2019t even pop this one \ud83d\ude31\ud83d\ude31 mom says I\u2019m getting older \ud83d\ude1b\u2026"}, {"author_id": 1123086123096363008, "id": 1493730153414889473, "text": "my dad says that he\u2019s willing to help me with getting access to help mentally and even though it might not be a mental hospital i\u2019m still extremely glad that i could have a chance at getting better. i\u2019m not going to recover but i might TRY w/sh &lt;33"}, {"author_id": 284625209, "id": 1493720365452992512, "text": "RT @nuggetsdrooling: I got to play with my two favourite things dad &amp; a ball and I didn\u2019t even pop this one \ud83d\ude31\ud83d\ude31 mom says I\u2019m getting older \ud83d\ude1b\u2026"}, {"author_id": 1487931916665995264, "id": 1493716782808502272, "text": "RT @nuggetsdrooling: I got to play with my two favourite things dad &amp; a ball and I didn\u2019t even pop this one \ud83d\ude31\ud83d\ude31 mom says I\u2019m getting older \ud83d\ude1b\u2026"}, {"author_id": 875435485287591936, "id": 1493684072949952513, "text": "RT @nuggetsdrooling: I got to play with my two favourite things dad &amp; a ball and I didn\u2019t even pop this one \ud83d\ude31\ud83d\ude31 mom says I\u2019m getting older \ud83d\ude1b\u2026"}, {"author_id": 189587078, "id": 1493646009913602048, "text": "RT @nuggetsdrooling: I got to play with my two favourite things dad &amp; a ball and I didn\u2019t even pop this one \ud83d\ude31\ud83d\ude31 mom says I\u2019m getting older \ud83d\ude1b\u2026"}, {"author_id": 1441448434662195200, "id": 1493611347074031623, "text": "RT @nuggetsdrooling: I got to play with my two favourite things dad &amp; a ball and I didn\u2019t even pop this one \ud83d\ude31\ud83d\ude31 mom says I\u2019m getting older \ud83d\ude1b\u2026"}, {"author_id": 1234942358271164417, "id": 1493591183855128577, "text": "For real the k*nye thing reminds me how bad my dad acted when he and my mom were getting a divorce and how everyone even my family, who were aware, stood with him and left us alone\nI hope ppl supporting him are doing so for the lol and not cause they think that's an OK way to act"}, {"author_id": 1169435017, "id": 1493584785830301700, "text": "@JustinTrudeau You have politicized a virus. Using Coercion, fearmongering on the citizens of Canada. You are freezing bank accounts without even getting court order. Dr, scientists are saying time to live with virus, we have the tools. You and your Dad loose control enact war measure act. POS!"}, {"author_id": 809125476, "id": 1493569757123313669, "text": "RT @nuggetsdrooling: I got to play with my two favourite things dad &amp; a ball and I didn\u2019t even pop this one \ud83d\ude31\ud83d\ude31 mom says I\u2019m getting older \ud83d\ude1b\u2026"}, {"author_id": 906583761839464448, "id": 1493568147797934090, "text": "RT @farahrajjj: Ever since I\u2019ve turned 16, my dad has spent every Valentine with me. From getting me flowers, to chocolates and even bringi\u2026"}, {"author_id": 1958553691, "id": 1493564358084993028, "text": "RT @nuggetsdrooling: I got to play with my two favourite things dad &amp; a ball and I didn\u2019t even pop this one \ud83d\ude31\ud83d\ude31 mom says I\u2019m getting older \ud83d\ude1b\u2026"}, {"author_id": 1122591932125859841, "id": 1493561900126244864, "text": "RT @nuggetsdrooling: I got to play with my two favourite things dad &amp; a ball and I didn\u2019t even pop this one \ud83d\ude31\ud83d\ude31 mom says I\u2019m getting older \ud83d\ude1b\u2026"}, {"author_id": 390957441, "id": 1493561101384142853, "text": "RT @nuggetsdrooling: I got to play with my two favourite things dad &amp; a ball and I didn\u2019t even pop this one \ud83d\ude31\ud83d\ude31 mom says I\u2019m getting older \ud83d\ude1b\u2026"}, {"author_id": 756330524390658048, "id": 1493549740314800129, "text": "@Level6Sh1ft Even when I was younger, the vikings were my 2nd favorite team. My dad loved when Brett Favre was there. \n\nI wish I never left on the giants tho, but I didn't really ever plan on getting back into football. It was cause of my homeboy that I played on the middle school team with."}, {"author_id": 1285368495685775360, "id": 1493543254184194049, "text": "trying to settle a debate with my dad. can night owls be just as productive as early birds even though they like to sleep in and be easy going before getting into work?"}, {"author_id": 308212534, "id": 1493534868206149640, "text": "RT @nuggetsdrooling: I got to play with my two favourite things dad &amp; a ball and I didn\u2019t even pop this one \ud83d\ude31\ud83d\ude31 mom says I\u2019m getting older \ud83d\ude1b\u2026"}, {"author_id": 298381999, "id": 1493533135581024257, "text": "I got to play with my two favourite things dad &amp; a ball and I didn\u2019t even pop this one \ud83d\ude31\ud83d\ude31 mom says I\u2019m getting older \ud83d\ude1b\ud83e\udd70\ud83e\udd70 https://t.co/MEciFoyTP4"}, {"author_id": 1398321755933089794, "id": 1493531262694432773, "text": "@0902radio yep &amp; i know relationships are hard but if you really love with person then you wouldn\u2019t mind the effort i like to think. the exact same thing happened with my parents i remember my dad not even getting my mum a  birthday card one year but then he wonders why she divorced him"}, {"author_id": 1630254312, "id": 1493511039207735298, "text": "RT @farahrajjj: Ever since I\u2019ve turned 16, my dad has spent every Valentine with me. From getting me flowers, to chocolates and even bringi\u2026"}, {"author_id": 325191108, "id": 1493476569536503808, "text": "@TulsiGabbard @joerogan @MMAjunkie It does and I agree with her in every way. We all need to take a stand for freedom. Too many are being brainwashed thinking socialism is right. Even my stepdaughter said she is tired of the rich getting richer &amp; the poor getting poorer. What? Her dad would reprogram if he\u2026\u2026."}, {"author_id": 995807692680642560, "id": 1493441853810962433, "text": "RT @farahrajjj: Ever since I\u2019ve turned 16, my dad has spent every Valentine with me. From getting me flowers, to chocolates and even bringi\u2026"}, {"author_id": 1241266998245330944, "id": 1493440064872869891, "text": "RT @farahrajjj: Ever since I\u2019ve turned 16, my dad has spent every Valentine with me. From getting me flowers, to chocolates and even bringi\u2026"}, {"author_id": 382496425, "id": 1493392471254245376, "text": "RT @farahrajjj: Ever since I\u2019ve turned 16, my dad has spent every Valentine with me. From getting me flowers, to chocolates and even bringi\u2026"}, {"author_id": 1135894674206470145, "id": 1493376942363779074, "text": "RT @farahrajjj: Ever since I\u2019ve turned 16, my dad has spent every Valentine with me. From getting me flowers, to chocolates and even bringi\u2026"}, {"author_id": 120118758, "id": 1493335511104118784, "text": "@AyokuE @kiki_Oro I had asked you in my earlier tweet that if BUHARI is a failure tell us your dad's last job and his level of success.\n\nYou that couldn't even pass your leaving cert after 5 sittings and still struggling with getting a college degree calling the two terms President a failure.\ud83e\udd37\u200d\u2642\ufe0f"}, {"author_id": 77645908, "id": 1493237892574896131, "text": "RT @farahrajjj: Ever since I\u2019ve turned 16, my dad has spent every Valentine with me. From getting me flowers, to chocolates and even bringi\u2026"}, {"author_id": 1341272973982887936, "id": 1493231946977378305, "text": "RT @farahrajjj: Ever since I\u2019ve turned 16, my dad has spent every Valentine with me. From getting me flowers, to chocolates and even bringi\u2026"}, {"author_id": 1332252962249342976, "id": 1493231659021266950, "text": "RT @farahrajjj: Ever since I\u2019ve turned 16, my dad has spent every Valentine with me. From getting me flowers, to chocolates and even bringi\u2026"}, {"author_id": 1312001014334062592, "id": 1493220613821186053, "text": "RT @farahrajjj: Ever since I\u2019ve turned 16, my dad has spent every Valentine with me. From getting me flowers, to chocolates and even bringi\u2026"}, {"author_id": 75498846, "id": 1493220395339886593, "text": "RT @farahrajjj: Ever since I\u2019ve turned 16, my dad has spent every Valentine with me. From getting me flowers, to chocolates and even bringi\u2026"}, {"author_id": 783653950037692417, "id": 1493206586029973505, "text": "@shazbot300 @___Colb___ baker\u2019s dad needs to find him a better arm, cause obviously, you see he isn\u2019t getting the job done even with a stacked team. \ud83d\udc80"}, {"author_id": 1118487965099937792, "id": 1493197615617380354, "text": "RT @farahrajjj: Ever since I\u2019ve turned 16, my dad has spent every Valentine with me. From getting me flowers, to chocolates and even bringi\u2026"}, {"author_id": 733292353960697856, "id": 1493197023893688320, "text": "RT @farahrajjj: Ever since I\u2019ve turned 16, my dad has spent every Valentine with me. From getting me flowers, to chocolates and even bringi\u2026"}, {"author_id": 1237674122240389120, "id": 1493194404697612290, "text": "RT @farahrajjj: Ever since I\u2019ve turned 16, my dad has spent every Valentine with me. From getting me flowers, to chocolates and even bringi\u2026"}, {"author_id": 1349396907857047553, "id": 1493166585028444161, "text": "Ever since I\u2019ve turned 16, my dad has spent every Valentine with me. From getting me flowers, to chocolates and even bringing me out on a date. This year was the first that he was outstation but even though he was so far, he still managed to make me feel like the princess I am. https://t.co/1tIuzeykHa"}, {"author_id": 1482849141424332800, "id": 1493111668225843200, "text": "Bitch even dropped his family chilli in public tf. Fucked that go ahead fxk her bestfriend.Annnd she gon\u2019 hold his dad sextape as blackmail go ahead and get that shit back with a crazy that cus that bitch crazy too. Only way he was getting back after she found out tbh"}, {"author_id": 1491866168977674243, "id": 1493065623722680326, "text": "It ended up going well, and Jacob and my Dad got to talk to lots of people, but getting shot with a gun was one of the scariest thing that happened to me, even if it was just a red paint gun."}, {"author_id": 1253387444394823686, "id": 1493062234834182144, "text": "RT @ShanePlatz: Collinsworth and Michaels were really getting on my nerves tonight with that BS narrative like OBJ was the victim. They did\u2026"}, {"author_id": 1187218507, "id": 1493062182006886401, "text": "RT @ShanePlatz: Collinsworth and Michaels were really getting on my nerves tonight with that BS narrative like OBJ was the victim. They did\u2026"}]