[{"author_id": 1489934129021939715, "id": 1495286026360680452, "text": "im very considerate naman pls let me know if you want to extend the dop, just dont ghost me :(("}, {"author_id": 1267873903009058817, "id": 1495286017028460548, "text": "@Lusei_M \ud83e\udd23\ud83e\udd23\ud83e\udd23 I doubt to date there's anyone who can proudly say they've seen a ghost."}, {"author_id": 1402111157100494860, "id": 1495286009008996356, "text": "I can't believe Rook only got an R card for the ghost marriage event..."}, {"author_id": 1256029630340960257, "id": 1495286005133295616, "text": "\ud83c\udf1f\u3000\uff3f\uff3f\uff3f\uff3f\uff3f\uff3f\uff3f\uff3f\uff3f\uff3f\uff3f\uff3f\n\u3000  (Thinking about exercises ghost..\u2764)\n\u3000  ` \uffe3\uffe3\ud83d\udc2c\uffe3O \uffe3.\uffe3\uffe3\uffe3\uffe3\uffe3\uffe3\n\u3000  \ud83d\udc33 \u3002 o  \ud83d\udc1f \uff0a\n\u3000  \u256d\u2501\u2501\u2501\u2501\u2501\u256e\u250f\u256e\u256d\u2513\n\u3000  \u2503\u2570\u256f \u3000 \u2503\u2570\u256e\u256d\u256f\n\u3000  \u2523\u2501\u2501\u256f\u3000 \u2570\u2501\u256f\u2503\n\u3000  \u2570\u2501\u2501\u2501\u2501\u2501\u2501\u2501\u2501\u256f\n\u3000  \ud83c\udf00\ud83c\udf00\ud83c\udf00\ud83c\udf00\ud83c\udf00\ud83d\udc20\ud83c\udf00\ud83c\udf00\n\u3000  \ud83d\udc99\ud83d\udc19\ud83d\udc99\ud83d\udc99\ud83d\udc99\ud83d\udc99\ud83d\udc99\ud83d\udc99"}, {"author_id": 942498653494824961, "id": 1495286001387941888, "text": "@geoffkeighley Pretty good I had issues with performance mode and sometimes the movement feels a little stiff compared to floaty like ghost but I\u2019m having a great time and it looks incredible. The review bombing is annoying"}, {"author_id": 1390664265397411845, "id": 1495285998992994310, "text": "reply for a type and then QRT with your 4 favourite Pokemon of that type\n\ni got ghost ! https://t.co/jpip7Lt719 https://t.co/uB2Bn5Cdyy"}, {"author_id": 1474270261121720322, "id": 1495285986988752898, "text": "@Thatguyiguess20 You went ghost when time to pay me lol"}, {"author_id": 1342723214892544000, "id": 1495285977018941449, "text": "RT @RealKingSimba11: The scariest ghost in the world, The Ghost of Biafra.\n\nIt takes courage to mention Biafra, &amp; takes even more courage t\u2026"}, {"author_id": 1359042200701710336, "id": 1495285960195690496, "text": "RT @SqueakyArt: Phia the Ghost Bunny \ud83d\udc07\ud83c\udf74 https://t.co/asOvJlU5tT"}, {"author_id": 1488989135465586690, "id": 1495285959042252800, "text": "@CupheadanMugman @Kaleb86616614 you think i never seen ghost buster before?"}, {"author_id": 1462706852395900932, "id": 1495285955153907712, "text": "RT @amandaac20: Ghost town. Acrylic painting (2021) https://t.co/clQ1IdwvF1"}, {"author_id": 1448875303082905601, "id": 1495285953052745732, "text": "RT @AntisocialRaji: I don't pick calls with new numbers in the morning, inaeza kuwa ni Gidi na Ghost,patanisho\ud83d\ude02\ud83d\ude02"}, {"author_id": 1488473336006991874, "id": 1495285932286787584, "text": "RT @voxomy: Devil Ghost \ud83d\ude4c Free #NFT giveaway \ud83c\udf89\n\nDrop your $ETH address, Follow &amp; RT \n\n#NFTGiveaways #NFTshill #ethereumNFT #FreeMint #FreeN\u2026"}, {"author_id": 1490060769421049860, "id": 1495285929371746306, "text": "RT @Shirlyestephany: TEAM BIEBER, WE NEED GHOST DIGITAL COPIES NOW, PLEASEE!!!\n\n@justinbieber @scooterbraun @AllisonKaye @thatrygood @defja\u2026"}, {"author_id": 1331469159084019713, "id": 1495285924908916739, "text": "@monicabyrne13 The ghost of heartburn yet to come \ud83d\ude02"}, {"author_id": 1486783857982586895, "id": 1495285913735340032, "text": "@Orwells_Ghost_ If they don't allow you to pose the question because it's 'misinformation' then we probably already know the answer."}, {"author_id": 453842594, "id": 1495285893028003841, "text": "RT @richie_16v____: Themba supported everyone after he had that they song is playing,he rapped BU song like he knows it,He lifted Terry up,\u2026"}, {"author_id": 1355131458101387265, "id": 1495285874308878336, "text": "RT @KURAYAMIKARANFT: \u26e9GHOST PYRO\u26e9\n\n5 Free Mints are up for grabs on this tweet.. \ud83c\udf38\n\nAny interactions will be considered.           \n\nLIKE,\u2026"}, {"author_id": 333084963, "id": 1495285869053423620, "text": "RT @SaharaReporters: Ghost Towns In Imo As Residents Observe Sit-at-home For Nnamdi Kanu\u2019s Trial | Sahara Reporters https://t.co/SoCERuRJbu\u2026"}, {"author_id": 757976461408075776, "id": 1495285861272809474, "text": "@nypost Oh please. I guess the gun is haunted. Time to call the Winchesters to exorcise this dastardly ghost gun. Come on\u2014He pulled the trigger. He killed her. Did he mean to, probably not. But he did kill her."}, {"author_id": 1434008256855388160, "id": 1495285847104442374, "text": "Rick Ross has the most handsome ghost. \ud83d\udd25"}, {"author_id": 395279478, "id": 1495285830100922369, "text": "RT @BooksMbe: Win 30 copies of Ghost Boys!\n\nFor your chance to win a class set of the powerful Ghost Boys for your school, just follow us a\u2026"}, {"author_id": 1178960393290440704, "id": 1495285822404591621, "text": "Ghost https://t.co/H6OnpLLgnU"}, {"author_id": 17165243, "id": 1495285820953145348, "text": "When you see a Children\u2019s Ghost Tour advertised and you\u2019re just about to book it and then realise your child is 24 next month \u2026 \ud83d\ude33"}, {"author_id": 1469998522627854336, "id": 1495285809003458560, "text": "RT @Waza_orz: N:F likes watching horror movies but he's scared of ghost\nF:I think everyone's like that\nN:U watch it J?\nJ:not at all, I'm sc\u2026"}, {"author_id": 3425388853, "id": 1495285797632704513, "text": "RT @gioohdzz: You date me, I ghost everyone else &amp; focus on you. That\u2019s how solid I am."}, {"author_id": 1428040544979062785, "id": 1495285731165622276, "text": "Honedge, the Sword Pok\u00e9mon, is a Steel-Ghost type Pokemon that originated in Generation-VI. Honedge weighs 2.0 kg and is 0.8 m tall. Apparently this Pok\u00e9mon is born when a departed spirit inhabits a sword. It attaches itself to people and drinks their life force. https://t.co/DHMRdMkHmr"}, {"author_id": 996445112615006208, "id": 1495285718482141185, "text": "i ghost wrote this https://t.co/4fioZps73O"}, {"author_id": 1481369282755772422, "id": 1495285718440046594, "text": "RT @easydemons_club: \ud83d\udc79ATTENTION\ud83d\udc79\n\nThe portals are opening! Get in NOW!\nDiscord is now open for 1 hour \ud83d\udc49qv7YZqz\nSee you in the Ghost Town!\u2026"}, {"author_id": 2717028471, "id": 1495285717668446208, "text": "RT @mana_chan__: ghost queen typhlosion \ud83d\udc7b\u2728 https://t.co/FmD6e0L4nv"}, {"author_id": 1429676381051363328, "id": 1495285714652581888, "text": "In 1971, the supernatural comic Tomb of Ghost was published and immediately recalled and pulped due to the extremely poor quality of the art."}, {"author_id": 1230738614620848128, "id": 1495285710898667520, "text": "RT @voxomy: Devil Ghost \ud83d\ude4c Free #NFT giveaway \ud83c\udf89\n\nDrop your $ETH address, Follow &amp; RT \n\n#NFTGiveaways #NFTshill #ethereumNFT #FreeMint #FreeN\u2026"}, {"author_id": 1461842059535474696, "id": 1495285708856209408, "text": "RT @yourbiebernews: Justin performing \"Ghost\" on #JusticeWorldTour in San Diego (February 18).\n\ncr: @jdbwonders https://t.co/ni1nDZkfXl"}, {"author_id": 1397415486539849729, "id": 1495285702623379457, "text": "RT @ItzD: Liliana: \"To Ghost\"\nEverybody:\n\n#PowerForce #PowerBookIV #powerbook4 https://t.co/GCGcktI1Zb"}, {"author_id": 19809034, "id": 1495285695463653376, "text": "RT @latimeralder: Many many really stupid things were done 'In the Name Of The Covid'\n\nBut the way our children were treated was not just s\u2026"}, {"author_id": 1466302787390566409, "id": 1495285678917111810, "text": "GONNA GHOST THEM I CANT FACE THEM RN EVEN THO TEHYRE ORETENDING LIKE THEY SAW NTHN"}, {"author_id": 396273149, "id": 1495285675024859136, "text": "RT @sydurbanek: Proud and relieved and terrified to share something that I've in some ways been working on for a year, about how Tony Benne\u2026"}, {"author_id": 1365697119487631364, "id": 1495285669979373571, "text": "RT @mana_chan__: ghost queen typhlosion \ud83d\udc7b\u2728 https://t.co/FmD6e0L4nv"}, {"author_id": 2429126910, "id": 1495285653973520385, "text": "RT @scottrauhls: ghost is so beautiful everyone needs to experience this song live!!! https://t.co/6Jrwlq2E8w"}, {"author_id": 2596636086, "id": 1495285647703257088, "text": "'Sea water. May be connected to a pkmn'\nAaaand it's ghost..."}, {"author_id": 2353419824, "id": 1495285643865382919, "text": "RT @heluvtat: the urge to just ghost everyone gets stronger everyday"}, {"author_id": 727884697599008768, "id": 1495285642687057923, "text": "4th album \u300eXENO\u300f\u3088\u308a\nGhost In The Mirror (feat. Caleb Shomo from Beartooth) / Audio video\nhttps://t.co/j95Ayk5Qxf"}, {"author_id": 2428333470, "id": 1495285641948672001, "text": "@godfree @vicious696 Ghost had that mask on for legal reasons says the legend"}, {"author_id": 1088119908804841472, "id": 1495285637313966085, "text": "RT @amandaac20: Ghost town. Acrylic painting (2021) https://t.co/clQ1IdwvF1"}, {"author_id": 1384939994532433920, "id": 1495285631643267075, "text": "RT @kyleville: \"A group of Uganda Human Rights Commission (UHRC) staff were left hospitalised after they were attacked by the suspected gho\u2026"}, {"author_id": 239379998, "id": 1495285629583650819, "text": "RT @easydemons_club: \ud83d\udc79ATTENTION\ud83d\udc79\n\nThe portals are opening! Get in NOW!\nDiscord is now open for 1 hour \ud83d\udc49qv7YZqz\nSee you in the Ghost Town!\u2026"}, {"author_id": 1227075823368314880, "id": 1495285628262567944, "text": "RT @nothingonkaaae: \u201cTo ghost\u201d \u2026 #powerforce #powerbook4 #powerbookiv https://t.co/msCTArZWcw"}, {"author_id": 1276891629782282241, "id": 1495285626891128832, "text": "@MokgethwaMacha1 Apparently you will see ghost if you do so\ud83d\ude02 we believed my gran'ma shame\ud83d\ude2d"}, {"author_id": 1311940672761593856, "id": 1495285624630169602, "text": "@Kaleb86616614 @BroHope_Promise *open the trap* hmmmmm (btw here what the ghost trap looks like) https://t.co/xjQDWpidPL"}, {"author_id": 443025274, "id": 1495285614329188354, "text": "Check out my broadcast from my PlayStation 4! #PS4live (Tom Clancy\u2019s Ghost Recon\u00ae Breakpoint)  live at https://t.co/9I27rdozWl"}, {"author_id": 747587083833794561, "id": 1495285599833632771, "text": "@hexedwithluck ghost game has brought me to my limit here and there but i still enjoy it. it\u2019s the kind of thing you can\u2019t really hate no matter how often it leaves you hanging because the main characters are just a couple of lil goofs and it\u2019s fun to see what hijinks they get into"}, {"author_id": 1487840064797392896, "id": 1495285598872997890, "text": "HU TAO: There's an old saying in Liyue: 'a bed that faces the door... shall be haunted by a ghost of horror.'"}, {"author_id": 1483597776911048706, "id": 1495285573719887873, "text": "RT @moyosmiles_: The easier response would have been to label me toxic and then ghost me. We wouldn\u2019t have the relationship we have today i\u2026"}, {"author_id": 940876463468961793, "id": 1495285551481901056, "text": "@majorkulwant During 70s sikhs of Punjab, with great international exposer by then, demanded more federalism for quick development. Govt killed that strong demand by creating a ghost of Khalistan which some fools aligned themselves and the great demand was crushed"}, {"author_id": 3220856773, "id": 1495285551422967809, "text": "@jinoonchi my ghost tweeted too sdfghk"}, {"author_id": 246890853, "id": 1495285548474327044, "text": "RT @justyumdrews: I never tweeted my ghost videos omg https://t.co/DdILHmSiuX"}, {"author_id": 929550563016142848, "id": 1495285548369408000, "text": "@rockrbuzz all the dating apps ghost me"}, {"author_id": 1231275505980235776, "id": 1495285546373033984, "text": "RT @goal: THE GHOST OF TRANSFER WINDOWS PAST \ud83d\udc7b https://t.co/NstXeijQ2f"}, {"author_id": 2751641403, "id": 1495285539573940225, "text": "RT @easydemons_club: \ud83d\udc79ATTENTION\ud83d\udc79\n\nThe portals are opening! Get in NOW!\nDiscord is now open for 1 hour \ud83d\udc49qv7YZqz\nSee you in the Ghost Town!\u2026"}, {"author_id": 1453048969324494848, "id": 1495285524835094530, "text": "Believe it or not, I didn't expect that message. I didn't even say thank you :) Should I say \"thank you for what u did, like pretending and went along. THANK YOU VERY MUCH BCOS I LITERALLY LOVED A GHOST\""}, {"author_id": 1345687313997770752, "id": 1495285519701483521, "text": "RT @BooksMbe: Win 30 copies of Ghost Boys!\n\nFor your chance to win a class set of the powerful Ghost Boys for your school, just follow us a\u2026"}, {"author_id": 1494550673509081089, "id": 1495285517860032513, "text": "LRT- Being a Ghost fictive makes that comment even funnier. Like oops my brain literally decided that I am Copia."}, {"author_id": 1465289575958556677, "id": 1495285500260802561, "text": "RT @TubeTimeUS: the resulting clock pulses. i'm generating the timing from an Arduino, and the loop isn't cycle accurate, so you're also se\u2026"}, {"author_id": 1140742960012828672, "id": 1495285476164575236, "text": "RT @JusticeTourNews: Justice World Tour setlist:\n\nSomebody \nHold On\nDeserve You\nHoly \nWhere Are \u00dc Now\nWhat Do You Mean \nYummy\nChanges\nLove\u2026"}, {"author_id": 3305829169, "id": 1495285473190854658, "text": "I just wanna go ghost &amp; b inlove dassallll not to much to ask is it \ud83d\ude0f"}, {"author_id": 999695748663951360, "id": 1495285465758711809, "text": "@kdrama_menfess Catch the ghost, you drive me crazy"}, {"author_id": 1109956799233429504, "id": 1495285445294534660, "text": "Just when I thought we had something good\u2026.GHOST lol amazing"}, {"author_id": 1215674654729363462, "id": 1495285431264555009, "text": "\u201cEvery love story is a ghost story\u201d"}, {"author_id": 1265187378907369482, "id": 1495285429306036225, "text": "RT @Kimbum_Team: KimBum behind the scenes photos of the Ghost Doctor drama\ud83d\udda4\ud83d\udda4\ud83d\udda4\n\n#KimBum #\uae40\ubc94  #KimBeom\n#GoSeungtak #\uace0\uc2a4\ud2b8\ub2e5\ud130 \n#\uace0\uc2b9\ud0c1 #GhostDoctor1\u2026"}, {"author_id": 1489490061389406211, "id": 1495285414852186115, "text": "@SnowPack18 @VanessaMariga @kinsellawarren Even when Harper eventually dies, some progressive f\u2014 face will claim he\u2019s seen the ghost of Harper. They literally have no credibility. Their movement is literally a circus."}]