[{"author_id": 1168291276371963909, "id": 1495096778588364808, "text": "RT @cultofpan: Glory Daze: Part One. https://t.co/iOxM9FUSW7"}, {"author_id": 15713835, "id": 1494771722104578051, "text": "Glory \ud83c\udf1e Daze #fbf\n.\u2063\n.\u2063\n.\u2063 Ya x Chief Keef \n.\u2063\n.\u2063\n#chiefkeef #chiraq #drillhistory #drill #fredosantana #gbe #gherbo #glogang #gunna #hiphopculture #21savage #drake #hiphopnews #kanyewest #kingvon #lilbaby #lildurk #liluzivert #migos #oblock #playboicarti #polog #roddyricch https://t.co/HgjaJXyb0s"}, {"author_id": 1869402577, "id": 1494688410849746945, "text": "RT @BadWeatherBrew: Packaged a West Coast IPA today.  \n\nGlory Daze is the next in our rotating hoppy tallboys and will be hitting shops nex\u2026"}, {"author_id": 389514608, "id": 1494490276685131799, "text": "Packaged a West Coast IPA today.  \n\nGlory Daze is the next in our rotating hoppy tallboys and will be hitting shops next week. \n\nBefore the haze craze, there was the glory days of the West Coast IPA https://t.co/TXSRumgfx8"}, {"author_id": 608650964, "id": 1494485920191377408, "text": "@AliPlumb Glory Daze"}, {"author_id": 608650964, "id": 1494485859625672704, "text": "@wyshynski Glory Daze"}, {"author_id": 265739465, "id": 1493887926840840192, "text": "@TheCinemaTicket Glory Daze, Hitchhiker's Guide, TMNT90, Moon"}, {"author_id": 1453111734676250624, "id": 1493710831514624002, "text": "@TheCinemaTicket Glory Daze. Good talent in this hidden gem https://t.co/mc4HitN239"}, {"author_id": 1869402577, "id": 1493676745144291330, "text": "RT @BadWeatherBrew: Before the haze craze, there was the glory days of the West Coast IPA. \n\nNext week 4-packs of Glory Daze West Coast IPA\u2026"}, {"author_id": 389514608, "id": 1493663632420392964, "text": "Before the haze craze, there was the glory days of the West Coast IPA. \n\nNext week 4-packs of Glory Daze West Coast IPA will be speeding it's way into your favorite liquor stores. \n\nCitrus, Pine &amp; Resin https://t.co/eaXd9kEcKY"}, {"author_id": 1334157534840516610, "id": 1493650113796849671, "text": "@FrackoffF @LordWordfab @gnolan12 I loved him in Glory Daze. Plays an angsty privileged college arts major perfectly. https://t.co/uGnqlwC3vh"}]