[{"author_id": 952762585736097792, "id": 1495294861150339079, "text": "The rest of the league beware the glory boys are coming for ya!! \ud83d\udc9c https://t.co/6HbewOuJGg"}, {"author_id": 1047504014898860037, "id": 1495294839193227270, "text": "But we speak the wisdom of God in a mystery, even the hidden wisdom, which God ordained before the world unto our glory:\n\nGood morning God loves you."}, {"author_id": 1265934406780243969, "id": 1495294838245249028, "text": "RT @HowardF33AD: @giannajessen Nighty night, @giannajessen...\u2764\ufe0f\u2764\ufe0f\u2764\ufe0f\n\nSleep well...\u2764\ufe0f\ud83d\ude34\n\nALL Glory belongs to The Lord...\u271d\ufe0f\ud83d\ude0c\u2764\ufe0f\n\nI love you so\u2026"}, {"author_id": 1723933063, "id": 1495294822457958405, "text": "RT @jonfoc: Glory be to the father almighty, thanks for the gift of life father \ud83d\ude4c\nAlhamdulillah \ud83d\ude4f"}, {"author_id": 234011505, "id": 1495294813725343746, "text": "RT @Scarface_OAP: Dear @Oma_GuGu . Happy birthday \nMay the almighty perfect all that concerns you and move you from glory to glory.\n\nYou ar\u2026"}, {"author_id": 1155520057243578368, "id": 1495294804162396164, "text": "RT @KingGrant3330: Words cant describe the love I have for VB\ud83d\udc9a All Glory to the One Above\ud83d\ude4f https://t.co/yA5mtb083U"}, {"author_id": 1355188532562845698, "id": 1495294790011080708, "text": "RT @Polytrade_fin: Big Moment of honour and glory for @Polytrade_fin for receiving Best financial institution of the Year award in category\u2026"}, {"author_id": 1255714330781216768, "id": 1495294787393449986, "text": "RT @dvijaiden: Vishwaguru Republic is Rome 2.0 (in its dying last stages, not the glory days of conquest)"}, {"author_id": 1363809598608662528, "id": 1495294776815587331, "text": "RT @DreamMineIO: Fight for gold &amp; glory in the pvp arena!\u2694\ufe0f\n\n#NFTs #NFTGame #cryptocurrecy #Metaverse https://t.co/K43rkr1j4G"}, {"author_id": 1437483452253626369, "id": 1495294772793257988, "text": "Connections of Sebrenco will be hoping today\u2019s Tamworth meeting sets the stage for a big few months. https://t.co/gqWM6L9r7j"}, {"author_id": 2453638096, "id": 1495294770587082762, "text": "RT @jonfoc: Glory be to the father almighty, thanks for the gift of life father \ud83d\ude4c\nAlhamdulillah \ud83d\ude4f"}, {"author_id": 1281707766432890880, "id": 1495294767286013953, "text": "RT @jonfoc: Glory be to the father almighty, thanks for the gift of life father \ud83d\ude4c\nAlhamdulillah \ud83d\ude4f"}, {"author_id": 261291238, "id": 1495294763221889028, "text": "RT @AlastairMorgan: Judging by the large proportion of Tories who, unbelievably, think Johnson is doing a good job, there must still be a r\u2026"}, {"author_id": 374669381, "id": 1495294762445910019, "text": "This deeper life church near my house is playing \u201cglory glory man United\u201d on a Sunday \ud83d\ude2a\ud83e\udd14\ud83e\udd14\ud83e\udd14\ud83e\udd14"}, {"author_id": 3249337471, "id": 1495294740354715654, "text": "RT @Ayadav_007: \"No Guts , No Glory\" https://t.co/xmOYkFpn4B"}, {"author_id": 2319544119, "id": 1495294738827730946, "text": "\u201cI am well aware of the toil and blood and treasure it will cost us to maintain this declaration, and support and defend these states. Yet through all the gloom I see the rays of ravishing light and glory. I can see that t\u2026\u201d https://t.co/LM61BSKhmm #adams https://t.co/Gh5KeTvdnV"}, {"author_id": 1491624412432388100, "id": 1495294738777325568, "text": "RT @twodotd: / nsfw , \u0262\u1d07\u1d0f\u0280\u0262\u1d07 , glory h0le \njust some silly little guy \n(this is heavily inspired by @batwingedbitch's thread au btw)\nrts ar\u2026"}, {"author_id": 1344145391613177858, "id": 1495294733077266434, "text": "RT @MumbaichaDon: \ud83d\udd38Another factor that is working in favour of the BJP is total revamp of the birth place of Sant Ravidas in Varanasi. PM h\u2026"}, {"author_id": 2940363858, "id": 1495294708657975304, "text": "Tricky Ricky's shithouse xG glory https://t.co/gwqPgz0oFA"}, {"author_id": 3299672584, "id": 1495294701385261057, "text": "RT @lonelywife82: Look into my blue eyes as you suck my titties... \ud83e\udd29\ud83d\udc8b see me in all my glory RN on https://t.co/0moUiNripi #fansly #bbw #mi\u2026"}, {"author_id": 24250658, "id": 1495294693197889537, "text": "Blog posts for the ages. Enjoy and revel in the glory.\nhttps://t.co/4bkBcIpjLa\nhttps://t.co/8tVS8eQLOF https://t.co/XkFp8zCWW6"}, {"author_id": 1237247426668326912, "id": 1495294675992780800, "text": "RT @beyaself1: @savebygrace71 @DedyKustedi @MimiLovesJesus5 @MrsLJesusFreak @womanofpraisek @ChildOf03484484 @AAmirKh50764293 @RoseAmeli1 @\u2026"}, {"author_id": 1239787091757690880, "id": 1495294664336830465, "text": "RT @111heavenearth: The spring flower\nBlooms in joy\nFor you make it\nThis soulful jubilant\nSeeing diamond horizon\nNear far\nFor those closest\u2026"}, {"author_id": 1237247426668326912, "id": 1495294663565004805, "text": "RT @savebygrace71: @beyaself1 @DedyKustedi @MimiLovesJesus5 @MrsLJesusFreak @womanofpraisek @ChildOf03484484 @AAmirKh50764293 @RoseAmeli1 @\u2026"}, {"author_id": 716960653500682240, "id": 1495294647681241088, "text": "Glory https://t.co/X6qF3QCTMD"}, {"author_id": 1229662487747842048, "id": 1495294626793623554, "text": "Behold! Witness the emergence of a true legend in Guns of Glory! https://t.co/MznJqayT4Q https://t.co/2CcJPz9bgy"}, {"author_id": 4561954728, "id": 1495294624243806208, "text": "RT @iNishant4: I too request Our Sikh brothers of Punjab to caste their votes by seeing &amp; understand all truth.\nKhalistani &amp; Tukde Tukde Ga\u2026"}, {"author_id": 1147558673293688832, "id": 1495294619634081792, "text": "@glory_manz What in the Kelly Price friend of mine BS is this?!?! SMMFH."}, {"author_id": 1153014204, "id": 1495294616358244352, "text": "RT @AmiDikko_Mrs: What are you thankful for today?\n\nAlhamdulillah for family\u2764\ufe0f\u2764\ufe0f\u2764\ufe0f Ya Allah I can never ever thank you enough for the beaut\u2026"}, {"author_id": 1237247426668326912, "id": 1495294614986625025, "text": "@beyaself1 @DedyKustedi @MimiLovesJesus5 @MrsLJesusFreak @womanofpraisek @ChildOf03484484 @AAmirKh50764293 @RoseAmeli1 @RosePagaduan2 @CabanissJimmy @Thebelieverjc @Ccangelsing @BeachcatTt @johns20014 @GaryPankow @amen_lovely @InMessiahYeshua @DonataLueck @victoriousellie @elliesangelwing Glory to whom all Glory is due \ud83d\udc9c\ud83d\udd4a\ud83d\udd25 https://t.co/CwSiPzuQze"}, {"author_id": 1420616901198180358, "id": 1495294594183229440, "text": "More of Christ within Child of God leads to have increase in the Blessed Life above the Ancestors.Glory to Jesus... https://t.co/S82KXS53rt"}, {"author_id": 3279341335, "id": 1495294587019005954, "text": "Brings back great memories. I'd stop on my way home from work and get a couple of loads in my ass through the Glory Hole. It was the late '70s and bareback wasn't a big risk. https://t.co/BwfD3AAxxK"}, {"author_id": 1481642657088630794, "id": 1495294585500798976, "text": "Glory be to the father almighty, thanks for the gift of life father \ud83d\ude4c\nAlhamdulillah \ud83d\ude4f"}, {"author_id": 3105879302, "id": 1495294565875544064, "text": "RT @GloryHoundsVN: \"Every dog has its day. Let's make this one ours.\"\n\nCOMING SOON - GLORY HOUNDS! https://t.co/DDl367e7LK"}, {"author_id": 1147542238253109249, "id": 1495294557504012288, "text": "RT @julesubee: i also don't wanna leave this out but i sketched out their outfits too (and their size difference) so here they are in their\u2026"}, {"author_id": 1464699885895225358, "id": 1495294551157661704, "text": "RT @cissy_neva: Glory days \ud83d\ude4f"}, {"author_id": 128093039, "id": 1495294538428133376, "text": "@thachsn_1 @glory_manz Oh God this is bad \ud83e\udd23\ud83e\udd23"}, {"author_id": 1449109252040052739, "id": 1495294536125321217, "text": "RT @Anubakshi8: Tommorow we will be completing 6 years  without u Tushar...\n6 years ago i saw u on TV for the 1st and last time..\nYou are H\u2026"}, {"author_id": 1404880742447042563, "id": 1495294491539947524, "text": "Knock back some Old Glory Distilling Co. - #whisky #drinkmorewhisky"}, {"author_id": 128093039, "id": 1495294484837449735, "text": "RT @thachsn_1: @glory_manz Don't let your wife stop you from finding your true love \ud83e\udd23 https://t.co/gMWMxiCqOC"}, {"author_id": 456030476, "id": 1495294480068530177, "text": "..and gave birth to a better me \u00a0\u201cNo unbelief made him waver concerning the promise of God, but he grew strong in his faith as he gave glory to God, fully convinced that God was able to do what he had promised\u201d (Romans 4:20-21)"}, {"author_id": 1119585791146168327, "id": 1495294472812437507, "text": "RT @DemolaRewaju: We are not afraid to show our scars because what we see before us is the glory."}, {"author_id": 1448694397625946115, "id": 1495294456412532736, "text": "Guts and glory, lads!"}, {"author_id": 1057378783, "id": 1495294436384948228, "text": "RT @NakabaaleW: James Montgomery Wrote \"The Lord is My Shepherd,\" which is based on Psalm 23, continuation, He maketh me to lie down in gre\u2026"}, {"author_id": 175316806, "id": 1495294430022098945, "text": "RT @Letter_to_Jack: For a ex-Arsenal fan, who glory-hunted to Barcelona, who has ACTUALLY never seen the team he supports win the UCL in re\u2026"}, {"author_id": 14606540, "id": 1495294373139202048, "text": "RT @councilofgeeks: All of the nonsense I put up with to get to Gallifrey One has officially been worth it. Because I\u2019ve witnessed the glor\u2026"}, {"author_id": 1494312579035979781, "id": 1495294337751650307, "text": "RT @DreamMineIO: Fight for gold &amp; glory in the pvp arena!\u2694\ufe0f\n\n#NFTs #NFTGame #cryptocurrecy #Metaverse https://t.co/K43rkr1j4G"}, {"author_id": 946440014556286976, "id": 1495294321154830339, "text": "RT @TemperateFight: @PiggySolGangDAO Brought back \ud83e\udd69 ing! Time to bring back @AlphaArtMarket back to its former glory. Alphaart brought inno\u2026"}, {"author_id": 930298427144941568, "id": 1495294312946421764, "text": "\u201cSo I gave you a land on which you did not toil and cities you did not build; and you live in them and eat from vineyards and olive groves that you did not plant.\u201d Joshua 24:13  Everything is from God. All glory to Him!"}, {"author_id": 1260829603859324928, "id": 1495294301491720192, "text": "RT @thebharatarmy: \ud83c\uddee\ud83c\uddf3 ROHIT SHARMA'S BHARAT ARMY!We can't wait for the Hitman to lead us to glory in all 3 formats \ud83d\udcaf\n\nBackground images by\u2026"}, {"author_id": 2598346502, "id": 1495294288581771264, "text": "20.02.2022 08:07 : Junior Jack presents Glory ft. Jocelyn Brown - Hold Me Up (Ferreck Dawn Extended RMX) https://t.co/c27FjlD5Ji"}, {"author_id": 106918794, "id": 1495294274107289600, "text": "In all created things thou art there. In every friend we have the sunshine of thy presence is shown forth. In every enemy that seems to cross our path, thou art there within the cloud to challenge us to love. Show to us the glory in the grey."}, {"author_id": 1165031734838276097, "id": 1495294265496604673, "text": "RT @iNishant4: I too request Our Sikh brothers of Punjab to caste their votes by seeing &amp; understand all truth.\nKhalistani &amp; Tukde Tukde Ga\u2026"}, {"author_id": 1494979746786021379, "id": 1495294225356771330, "text": "RT @DreamMineIO: Fight for gold &amp; glory in the pvp arena!\u2694\ufe0f\n\n#NFTs #NFTGame #cryptocurrecy #Metaverse https://t.co/K43rkr1j4G"}, {"author_id": 1187300409305468929, "id": 1495294215840059392, "text": "RT @MESSIAH_777: Isaiah 5:14 \n\n\u201cTherefore hell has enlarged herself,\nand opened her mouth without measure:\nand their glory, and their multi\u2026"}, {"author_id": 1486770423542865925, "id": 1495294187868016641, "text": "RT @lonelywife82: Look into my blue eyes as you suck my titties... \ud83e\udd29\ud83d\udc8b see me in all my glory RN on https://t.co/0moUiNripi #fansly #bbw #mi\u2026"}, {"author_id": 1490951390768041984, "id": 1495294176522805248, "text": "RT @DreamMineIO: Fight for gold &amp; glory in the pvp arena!\u2694\ufe0f\n\n#NFTs #NFTGame #cryptocurrecy #Metaverse https://t.co/K43rkr1j4G"}, {"author_id": 2916504228, "id": 1495294167257600000, "text": "RT @MumbaichaDon: \ud83d\udd38Another factor that is working in favour of the BJP is total revamp of the birth place of Sant Ravidas in Varanasi. PM h\u2026"}, {"author_id": 1483381151163207680, "id": 1495294133090537475, "text": "Thought I'd let one of you guys have the glory this week. https://t.co/VDv3IEeDw8"}, {"author_id": 1429845359262580747, "id": 1495294126392324096, "text": "RT @maya_diko: At the End our Ethiopia is Lighting up\nGlory to Almighty :&amp; many people  who played a role to make this  happen\ud83d\ude4c\ud83c\udffe\u2764\ufe0f\n@AbiyAhm\u2026"}, {"author_id": 612852831, "id": 1495294110403637248, "text": "RT @MaxLucado: Our universe is God's preeminent missionary. \"The Heavens declare the glory of God\" (Ps 19:1).\n\nA house implies a builder. D\u2026"}, {"author_id": 1256888044843495424, "id": 1495294098382942208, "text": "@JyotiKarma7 @khanna248 Har Har Mahadev \ud83d\ude4f\ud83d\udc90\ud83d\ude4f\n\nHeart goes out to see dilapidated condition of such supreme creations..\ud83d\ude11\ud83d\ude13\n@MinOfCultureGoI  @kishanreddybjp : Respected Kishan Reddy Sir, pl look into and help restore glory of Bharatvarsha..\ud83d\ude4fRegards"}, {"author_id": 922506610894876674, "id": 1495294095438319620, "text": "RT @LilPuddingBowls: Morning Glory??????? \u2764\ufe0f\ud83d\ude0d\ud83d\udcaf\n\nVideo Call? DM Me!! https://t.co/oOypC2YpcT"}, {"author_id": 1479875603796946944, "id": 1495294094079569920, "text": "RT @thebharatarmy: \ud83c\uddee\ud83c\uddf3 ROHIT SHARMA'S BHARAT ARMY!We can't wait for the Hitman to lead us to glory in all 3 formats \ud83d\udcaf\n\nBackground images by\u2026"}, {"author_id": 1415161332450545665, "id": 1495294089683615744, "text": "And then at last, the sign that the Son of Man is coming will appear in the heavens, and there will be deep mourning among all the peoples of the earth. And they will see the Son of Man coming on the clouds of heaven with power and great glory.\nMatthew 24:30 NLT"}, {"author_id": 346509098, "id": 1495294038408376320, "text": "RT @Sam6WHU: \u201cYou don\u2019t become a West Ham fan because of the glory, you become a West Ham fan because your born into it &amp; whilst its painfu\u2026"}, {"author_id": 349607625, "id": 1495294034666876929, "text": "RT @OutdoorHookups: I can be a little sloppy with I suck dick at a public glory hole, but I want to make sure the straight guys come back h\u2026"}, {"author_id": 957853222097510400, "id": 1495294022625075205, "text": "RT @Gayskeletonart: Sideways/ Derek James- Interdimensional Glory Hole\nDO NOT REPOST\nDerek gives his fans a chance to fuck him with his pow\u2026"}, {"author_id": 246037343, "id": 1495294008058425347, "text": "@YavoShmurda @glory_manz @__G_O_D_D_E_S_S Then what\u2019s point of cake \ud83c\udf70 lol I have it but I can\u2019t eat it? lol"}, {"author_id": 69542252, "id": 1495294001653874688, "text": "@gagadaily \ud83d\udda4MARRY THE NIGHT\n\ud83e\udd0dBORN THIS WAY\n\ud83d\udda4SCHEIBE\n\ud83e\udd0dHEAVY METAL LOVER\n\ud83d\udda4ELECTRIC CHAPEL\n\ud83e\udd0dTHE QUEEN\n\ud83d\udda4THE EDGE OF GLORY\n\ud83e\udd0dYOU &amp; I"}, {"author_id": 1109983494762049536, "id": 1495293986705137664, "text": "@City_Press Shameless propaganda machine choosing who to target for the enemy. Judgement shall be sooner for those who oppress the Africans and to those Africans who sell their own for glory while they keep the enemy in power.  TF is wrong with ya'll"}, {"author_id": 1339619215372922886, "id": 1495293983303548931, "text": "@glory_manz Go tell ya wife that. Not the media."}, {"author_id": 1192735425808478208, "id": 1495293978954059777, "text": "@tevbogame Glory!"}, {"author_id": 983092278, "id": 1495293974659186691, "text": "@savebygrace71 @DedyKustedi @MimiLovesJesus5 @MrsLJesusFreak @womanofpraisek @ChildOf03484484 @AAmirKh50764293 @RoseAmeli1 @RosePagaduan2 @CabanissJimmy @Thebelieverjc @Ccangelsing @BeachcatTt @johns20014 @GaryPankow @amen_lovely @InMessiahYeshua @DonataLueck @victoriousellie @elliesangelwing HE is our Strength! Glory to our Triune God! https://t.co/SrkCriUoAx"}, {"author_id": 1149196363797692416, "id": 1495293973442691072, "text": "RT @RituRathaur: whatever you say, they r unhinged and have absolute clarity of thoughts\non our side...Neither hindus nor their leaders hav\u2026"}, {"author_id": 1448981937830379532, "id": 1495293951275843584, "text": "RT @MrBIackOG: Glory si hupea God \ud83d\ude4f\ud83c\udffe"}, {"author_id": 1390578061490356230, "id": 1495293946213273601, "text": "@mitskittles I Vote for #SolarPower as the #BestComebackAlbum at the 2022 #iHeartAwards glory and gore goes down"}, {"author_id": 40940498, "id": 1495293940551016451, "text": "RT @councilofgeeks: All of the nonsense I put up with to get to Gallifrey One has officially been worth it. Because I\u2019ve witnessed the glor\u2026"}]