[{"author_id": 1176924829796175874, "id": 1495280320291258369, "text": "This adventure was amazing! 29 Pieces of Treacherous plunder turned in &amp; 25 keys sold. Gone Fishin! \n\nGot to show off my flaming \"V\" in game!\n\n@SHAMALAN96 Thanks for being a part of it!\nAs well as some glint shots!\n@SeaOfThieves #BeMorePirate #sotshot #SeaOfThieves https://t.co/or4cHnPyLZ"}, {"author_id": 1253110160324587520, "id": 1495267172653748230, "text": "RT @bubulaboo: Gone fishin'.  #Caturday https://t.co/og0a7znvaa"}, {"author_id": 1303634227230056448, "id": 1495262234552983552, "text": "RT @curvedaddy1: Gone fishin with this hook \ud83c\udfa3 https://t.co/PCarY6az0A"}, {"author_id": 536630761, "id": 1495247765512675329, "text": "RT @FishingSkills: Gone fishin', be back at dark-thirty!"}, {"author_id": 130937112, "id": 1495232605947502595, "text": "Gone fishin'. https://t.co/TCqgvYwJVT"}, {"author_id": 69565954, "id": 1495222706530226177, "text": "RT @bubulaboo: Gone fishin'.  #Caturday https://t.co/og0a7znvaa"}, {"author_id": 1415068174215643140, "id": 1495193972653707265, "text": "Gone fishin' \ud83c\udfa3 https://t.co/RCxadYdTQk"}, {"author_id": 180811300, "id": 1495188140813864961, "text": "RT @mac_puck: (9 &amp; 10/72) 22/04/1997 &amp; 26/06/1997 https://t.co/cBmigAm5il\nEU: We still need to protect those fish stocks.\nUK: Aww. Cant we\u2026"}, {"author_id": 825374490901229572, "id": 1495147716883714052, "text": "@fordnation GONE FISHIN"}, {"author_id": 274566341, "id": 1495143095700176907, "text": "RT @bubulaboo: Gone fishin'.  #Caturday https://t.co/og0a7znvaa"}, {"author_id": 1326163282940448769, "id": 1495135069987815424, "text": "RT @_ladyatomic: gone fishin\u2019 \ud83c\udfa3\n\n#church30k #callahanfanart #dreamfanart https://t.co/WH0Hn47EWm"}, {"author_id": 1380659370413936641, "id": 1495134832539623427, "text": "RT @_ladyatomic: gone fishin\u2019 \ud83c\udfa3\n\n#church30k #callahanfanart #dreamfanart https://t.co/WH0Hn47EWm"}, {"author_id": 1379478719086141445, "id": 1495133845129207810, "text": "OTTERBOX DEFENDER SERIES SCREENLESS EDITION Case for iPhone 11 Pro - GONE FISHIN (WET WEATHER/MAJOLICA BLUE)\n\n\ud83d\udca5 Now: $ 27.22\n\ud83d\udcc9 Average: $ 59.95\n\n\ud83d\udce6 #AmazonPrime\n\n\ud83d\udc49 \ud83d\udd17https://t.co/1IcmeqxpO1 \ud83d\udc48 #ad https://t.co/8M4Wmn185w"}, {"author_id": 784384760164388864, "id": 1495132667305594883, "text": "RT @bubulaboo: Gone fishin'.  #Caturday https://t.co/og0a7znvaa"}, {"author_id": 42978438, "id": 1495119220379635712, "text": "@UncleChaps @barstoolcarl Need Barstool Gone Fishin back in my life"}, {"author_id": 24244876, "id": 1495105480930304001, "text": "@StevenDelDuca @fordnation Doug won't see your tweet until at least Tuesday... he has gone ice fishin'."}, {"author_id": 303265752, "id": 1495104086345228294, "text": "RT @bubulaboo: Gone fishin'.  #Caturday https://t.co/og0a7znvaa"}, {"author_id": 374699298, "id": 1495103052709253127, "text": "RT @bubulaboo: Gone fishin'.  #Caturday https://t.co/og0a7znvaa"}, {"author_id": 745098025714933760, "id": 1495100877215985664, "text": "Gone fishin'.  #Caturday https://t.co/og0a7znvaa"}, {"author_id": 182835972, "id": 1495098451469688834, "text": "RT @mac_puck: (9 &amp; 10/72) 22/04/1997 &amp; 26/06/1997 https://t.co/cBmigAm5il\nEU: We still need to protect those fish stocks.\nUK: Aww. Cant we\u2026"}, {"author_id": 1381422345013825537, "id": 1495098378887352323, "text": "@1312Gato Gone fishin. It\u2019s happening when I get back today. Hope you\u2019re ready \ud83d\ude0e"}, {"author_id": 1491522891841691648, "id": 1495093897810386946, "text": "@fordnation Seriously? \"Gone Fishin'\"? Is the snowmobile in the shop or something?"}, {"author_id": 2472713250, "id": 1495089963205111811, "text": "Gone fishin', be back at dark-thirty!"}, {"author_id": 1446182589589565440, "id": 1495085806486269954, "text": "Gone Fishin'\nSmall group had fun yesterday fishing for letters and building their own CVC words, followed by a game of go fish! Special thanks to @LycoEducation for letting us borrow supplies. #education https://t.co/szGbVa7Z1v"}, {"author_id": 1424513557962665989, "id": 1495079487360356352, "text": "@martinalvareng1 Gone fishin\u2019?"}, {"author_id": 1247652238694027264, "id": 1495077879935242240, "text": "Gone fishin'."}, {"author_id": 1465769823384789001, "id": 1495056464003702792, "text": "@EmmaWhi70638995 Gone Fishin\u2019 ?"}, {"author_id": 119964139, "id": 1495046151174828032, "text": "@fordnation Gone fishin\u2019 pretty much sums up your approach to governance."}, {"author_id": 856209687892692996, "id": 1495027180291690502, "text": "#NowPlaying Gone Fishin by Gavin Lee Listen online https://t.co/DpsMIpcMjD https://t.co/7foWyKUKbb"}, {"author_id": 1411503198989262852, "id": 1495021596544696322, "text": "Gone fishin\u2019!"}, {"author_id": 792435996524556289, "id": 1495007613624496132, "text": "@ThatEricAlper Gone fishin\u2019 https://t.co/NWg9vfwyls"}, {"author_id": 1232028788411785217, "id": 1494984899429810179, "text": "RT @shelbygraces: gone fishin\u2019 https://t.co/vGVAER3e4r"}, {"author_id": 1476742116, "id": 1494947417036361730, "text": "Gone Fishin' Game with Skylanders Toy Prize!! https://t.co/45IRiju1As\nLIKE \u25aa\ufe0f SHARE \u25aa\ufe0f FOLLOW"}, {"author_id": 1080640415877873664, "id": 1494946387007582211, "text": "@moon5shadow's account is temporarily unavailable because it violates the Twitter Media Policy. Learn more."}, {"author_id": 1407154213281488896, "id": 1494935191013322752, "text": "Gone fishin'........I'm takin'.......The path of least resistance."}, {"author_id": 960289675415089155, "id": 1494924987202826246, "text": "@asparagusunited gone fishin' for kisses"}, {"author_id": 953990451329142784, "id": 1494921241735667714, "text": "RT @curvedaddy1: Gone fishin with this hook \ud83c\udfa3 https://t.co/PCarY6az0A"}, {"author_id": 1193685821158768640, "id": 1494900005517336577, "text": "Check out this product \ud83d\ude0d GONE FISHIN\u2019 BIRDHOUSE \ud83d\ude0d \nby Living Perfectly You starting at $32.95. \nShop now \ud83d\udc49\ud83d\udc49 https://t.co/CfmLytNM2Q https://t.co/YHz89eOSX7"}, {"author_id": 136111720, "id": 1494872017962741763, "text": "@UncleChaps @barstoolcarl Please, please bring back gone fishin"}, {"author_id": 738243056005054464, "id": 1494855547446779914, "text": "gone fishin https://t.co/sfQoYzSCuk"}, {"author_id": 1101570787838971905, "id": 1494839571502309382, "text": "@tobyfleneth Gone fishin\u2019"}, {"author_id": 979415931947495426, "id": 1494834614325501953, "text": "The BEST responses to the latest news continues to be the monologues on the @colbertlateshow. However, with @maddow \"gone fishin' \", no more time off for Colbert. The country's sanity needs their current version of a Political Reality Show. https://t.co/ESHxrZZ93k"}, {"author_id": 1378144500736958466, "id": 1494811129901690882, "text": "RT @curvedaddy1: Gone fishin with this hook \ud83c\udfa3 https://t.co/PCarY6az0A"}, {"author_id": 1102327163892711424, "id": 1494785121873969156, "text": "@BobStPierre @CaptainKFAN @BrettKFAN Gone fishin'!\ud83d\ude02\ud83c\udfa3\ud83c\udfa3\ud83d\ude18"}, {"author_id": 1469439514040889344, "id": 1494773159568023552, "text": "gone fishin\u2019"}, {"author_id": 1126954703890329601, "id": 1494762184764702726, "text": "RT @gooeycandy: gone fishin\u2019 \ud83d\udc1f\ud83c\udfa3\ud83d\udca6\nfeat. new legends dude https://t.co/RBsYQHikha"}, {"author_id": 1070727397052342273, "id": 1494761648610942976, "text": "RT @gooeycandy: gone fishin\u2019 \ud83d\udc1f\ud83c\udfa3\ud83d\udca6\nfeat. new legends dude https://t.co/RBsYQHikha"}, {"author_id": 1219502275229437952, "id": 1494747825883652097, "text": "RT @curvedaddy1: Gone fishin with this hook \ud83c\udfa3 https://t.co/PCarY6az0A"}, {"author_id": 867671976038498306, "id": 1494736516081463301, "text": "RT @curvedaddy1: Gone fishin with this hook \ud83c\udfa3 https://t.co/PCarY6az0A"}, {"author_id": 1276208245456207872, "id": 1494724459311292417, "text": "I just earned the [Gone Fishin'] Achievement! #Warcraft https://t.co/6qWegX5wF5"}, {"author_id": 1443680156208427015, "id": 1494714242376691714, "text": "@SolSlugsNFT Gone Fishin' https://t.co/pzSoeDfusN"}, {"author_id": 1395801883281874944, "id": 1494707405791322113, "text": "Now Playing: Manhattan Transfer - Gone Fishin' on Smooth Grooves Radio | Listen Now -&gt; https://t.co/u2zDDGQgeI"}, {"author_id": 814169796044435456, "id": 1494695946063548416, "text": "@sel6012000 @mpiregraphix @5HVN3 @kronebear @kristen_kenney_ @iDM_FROM_YT @daddykool666 @matuspalma @nhonickman @FerStarkM @jufragacri @PONY04736246 @siempre_jail damn its very cool setup...  Gone Fishin'....\ud83d\udd25\ud83d\udd25\ud83d\udd25\ud83d\udd25\ud83d\udd25\ud83d\udd25\ud83d\udd25"}, {"author_id": 614691811, "id": 1494692580814204929, "text": "Scenic Sims Day 17-Gone fishin'! #Sims4 #TheSims #ScenicSims #SimAcres #Simmer4Life https://t.co/xMEX6sHTOW"}, {"author_id": 1476742116, "id": 1494689541952782336, "text": "These #kids try to catch #FISH on a rotating board in Gone Fishin'\nWatch the video\nhttps://t.co/45IRiju1As\nLIKE \u25aa\ufe0f SHARE \u25aa\ufe0f FOLLOW https://t.co/rMxkTBdaii"}, {"author_id": 812486818088288256, "id": 1494670114024787975, "text": "RT @curvedaddy1: Gone fishin with this hook \ud83c\udfa3 https://t.co/PCarY6az0A"}, {"author_id": 857433969494827008, "id": 1494639490136215574, "text": "RT @crabjuice33: @Toucherandrich Gone Fishin' is where Joe Pesci acts like a guy who got kicked in the head by a horse."}, {"author_id": 582077588, "id": 1494631901906321412, "text": "@Toucherandrich Gone Fishin' is where Joe Pesci acts like a guy who got kicked in the head by a horse."}, {"author_id": 384030408, "id": 1494618633489850372, "text": "Star Wars: The Rise of Skywalker.\nGone Fishin\u2019 (1997).\nThe Manchuria Candidate (2004 remake, actually walked out which felt great to do). https://t.co/YcmgT5nJGg"}, {"author_id": 1466108813568884736, "id": 1494590925632413696, "text": "RT @smallbeancrafts: gone fishin' \ud83d\udc31\ud83d\udc20\n-\n#ArtistOnTwitter #Cats https://t.co/sS4Uav13xV"}, {"author_id": 221607887, "id": 1494590469422010371, "text": "@JennyJohnsonHi5 Gone Fishin'"}, {"author_id": 29772588, "id": 1494566111689396225, "text": "Gone Fishin'  https://t.co/ZVU61VIag5 #nikonusa #nikon #photography #fishing #lake #oregon #dock #walls #clouds #free  #sale #water #decorate #love https://t.co/fifOy6yOy8"}, {"author_id": 1480205758511812610, "id": 1494551667617910787, "text": "I wrote this blog article/narrative in the fall of 2006 -- about two months before my mother died. I blogged this article/narrative on April 15, 2009. It was, at that time, and still is, one of my favorite spiritual writings.\n\nhttps://t.co/OkB9BAvtAn"}, {"author_id": 863908304459751425, "id": 1494547570638483457, "text": "gone fishin' #PokemonLegendsArceus #NintendoSwitch https://t.co/nGEdtm1V0Y"}, {"author_id": 1478898956797046786, "id": 1494544045607059460, "text": "@mike_cartoonist I painted one of his work with Asian outlook..\ud83d\ude00\ud83d\ude00\ud83d\ude00 Gone Fishin' https://t.co/G9lftBlBn1"}, {"author_id": 1291896121476804608, "id": 1494537269557948418, "text": "RT @smallbeancrafts: gone fishin' \ud83d\udc31\ud83d\udc20\n-\n#ArtistOnTwitter #Cats https://t.co/sS4Uav13xV"}, {"author_id": 54653547, "id": 1494524423298158592, "text": "WWWWWWAAAAARRRREEEENNNNN FFFFOOOEEEGEEELLLEEE\n\nRNH WITH THE IRON CHEF MASTERS DISH FROM ONE END OF KENNY LOGGINS TERRITORY TO ANOTHER AND ITS ONE-TIMED INTO THE OPEN CAGE WITH JIBSON GONE FISHIN'\n\n5-2\n\nLFG"}, {"author_id": 29772588, "id": 1494520813952851972, "text": "Gone Fishin'  https://t.co/ZVU61Vqzox #nikonusa #nikon #photography #fishing #lake #oregon #dock #walls #clouds #free  #sale #water #decorate #love https://t.co/m5agpb660X"}, {"author_id": 1242282031624491008, "id": 1494509401767563271, "text": "@awilddoggo_1 Dame donny gone fishin"}, {"author_id": 1264391059133526017, "id": 1494506740338946050, "text": "flashbacks of hobby lobby \u201cgone fishin\u2019 \ud83c\udfa3\u201d mode"}, {"author_id": 1288240498365276160, "id": 1494504763244699648, "text": "RT @LowBudgetGhost: Gone Fishin' https://t.co/YyblfCJ1ui"}, {"author_id": 1470450657173856257, "id": 1494491556920930313, "text": "RT @sdfenton: Gone Fishin'  https://t.co/ZVU61Vqzox #nikonusa #nikon #photography #fishing #lake #oregon #dock #walls #clouds #free  #sale\u2026"}, {"author_id": 29772588, "id": 1494490612816621572, "text": "Gone Fishin'  https://t.co/ZVU61Vqzox #nikonusa #nikon #photography #fishing #lake #oregon #dock #walls #clouds #free  #sale #water #decorate #love https://t.co/7KJ4vpKKv2"}, {"author_id": 11724792, "id": 1494468378198781959, "text": "RT @underscoresplus: THE GONE FISHIN' MINITOUR mad libs have been Completed !\n\n\u00b0 @cmt3n + @heyjaron will b playing la on mar 17!\n\u2022 the chi\u2026"}, {"author_id": 4425218352, "id": 1494465648206008323, "text": "Tomorrow the basketball teams are at The Rock against Silver Lake. Girls at 6 boys to follow. The theme will be gone fishin \ud83c\udfa3 \ud83d\udc1f be loud and see you there!!"}, {"author_id": 1323335110553411585, "id": 1494453801910218763, "text": "RT @The3rdKnight: Gone fishin\u2019 in about 40 or so minutes with some pretty funky lads. \ud83d\ude0f \n\nSuper excited to be a guest on @FunkyKongsJorts s\u2026"}, {"author_id": 14154293, "id": 1494453633827676165, "text": "Gone fishin': quite tasty and filling Tuna Fish Sandwich and salad, enough for t a o nights of dinners. #twEATs #foodporn https://t.co/CqmIe3YA7C"}, {"author_id": 4690817689, "id": 1494451608637386754, "text": "RT @The3rdKnight: Gone fishin\u2019 in about 40 or so minutes with some pretty funky lads. \ud83d\ude0f \n\nSuper excited to be a guest on @FunkyKongsJorts s\u2026"}, {"author_id": 1475547765006610440, "id": 1494451479909916674, "text": "RT @The3rdKnight: Gone fishin\u2019 in about 40 or so minutes with some pretty funky lads. \ud83d\ude0f \n\nSuper excited to be a guest on @FunkyKongsJorts s\u2026"}, {"author_id": 1087151600, "id": 1494451348989001737, "text": "Gone fishin\u2019 in about 40 or so minutes with some pretty funky lads. \ud83d\ude0f \n\nSuper excited to be a guest on @FunkyKongsJorts stream, hanging out, answering some questions, and FISHIN\u2019! Check them out over at https://t.co/CVEYWukzc2 at 7PM EST. \n\nAny tips for bait I should use? \ud83e\udd14\ud83c\udfa3 https://t.co/6CLTlv2CEg https://t.co/20Ui1sa2wc"}, {"author_id": 1293666353031917569, "id": 1494441290154532868, "text": "RT @jaguarjayo: GONE FISHIN \ud83c\udfa3 Super Bowl addition  @SummyrRaine \n\nWatch Superbo hopefuls end their season \ud83d\ude39\ud83d\ude39\ud83d\ude39\ud83d\ude39\ud83d\ude39\ud83d\ude39\n\n#superbowl2022 #nflmemes\u2026"}, {"author_id": 856209687892692996, "id": 1494430755665195008, "text": "#NowPlaying Gone Fishin by Gavin Lee https://t.co/Zi3d1JyntO https://t.co/1BaCSulfQ4"}, {"author_id": 948456902291218439, "id": 1494415492999639060, "text": "RT @jaguarjayo: GONE FISHIN \ud83c\udfa3 Super Bowl addition  @SummyrRaine \n\nWatch Superbo hopefuls end their season \ud83d\ude39\ud83d\ude39\ud83d\ude39\ud83d\ude39\ud83d\ude39\ud83d\ude39\n\n#superbowl2022 #nflmemes\u2026"}, {"author_id": 295953492, "id": 1494409082836557824, "text": "\u201cgone fishin\u2019\u201d sign except it says \u201cgone pissin\u201d"}, {"author_id": 1410506047920422912, "id": 1494406927094190082, "text": "In fact, I think I'm gonna break with tradition \nAnd tell J. Edgar Hoover, baby, I've gone fishin'!"}, {"author_id": 29772588, "id": 1494400019767738368, "text": "Gone Fishin'  https://t.co/ZVU61Vqzox #nikonusa #nikon #photography #fishing #lake #oregon #dock #walls #clouds #free  #sale #water #decorate #love https://t.co/yRzPBZdpwT"}, {"author_id": 48308377, "id": 1494399869192183811, "text": "@KumaYojiro bear gone fishin"}, {"author_id": 2445622645, "id": 1494397828499705866, "text": "RT @underscoresplus: THE GONE FISHIN' MINITOUR mad libs have been Completed !\n\n\u00b0 @cmt3n + @heyjaron will b playing la on mar 17!\n\u2022 the chi\u2026"}, {"author_id": 719216056565395456, "id": 1494397331575353348, "text": "RT @underscoresplus: THE GONE FISHIN' MINITOUR mad libs have been Completed !\n\n\u00b0 @cmt3n + @heyjaron will b playing la on mar 17!\n\u2022 the chi\u2026"}, {"author_id": 797874361269096449, "id": 1494393187372355585, "text": "RT @underscoresplus: THE GONE FISHIN' MINITOUR mad libs have been Completed !\n\n\u00b0 @cmt3n + @heyjaron will b playing la on mar 17!\n\u2022 the chi\u2026"}, {"author_id": 717116759241854976, "id": 1494389596628660228, "text": "RT @underscoresplus: THE GONE FISHIN' MINITOUR mad libs have been Completed !\n\n\u00b0 @cmt3n + @heyjaron will b playing la on mar 17!\n\u2022 the chi\u2026"}, {"author_id": 844654156107386882, "id": 1494386707088777218, "text": "RT @underscoresplus: THE GONE FISHIN' MINITOUR mad libs have been Completed !\n\n\u00b0 @cmt3n + @heyjaron will b playing la on mar 17!\n\u2022 the chi\u2026"}, {"author_id": 1144833811613716480, "id": 1494384626424586242, "text": "RT @underscoresplus: THE GONE FISHIN' MINITOUR mad libs have been Completed !\n\n\u00b0 @cmt3n + @heyjaron will b playing la on mar 17!\n\u2022 the chi\u2026"}, {"author_id": 412676691, "id": 1494383704566910980, "text": "gone fishin\u2019 (1997) deserves more than 4% on rotten tomatoes this is outrageous https://t.co/z7ipnrgxmB"}, {"author_id": 1339704038082789376, "id": 1494382797305237507, "text": "GONE FISHIN \ud83c\udfa3 Super Bowl addition  @SummyrRaine \n\nWatch Superbo hopefuls end their season \ud83d\ude39\ud83d\ude39\ud83d\ude39\ud83d\ude39\ud83d\ude39\ud83d\ude39\n\n#superbowl2022 #nflmemes #gonefishing #justlaugh #nflplayoffs #fishing #football #sabotageprepacademy https://t.co/VKmHcoI1JA"}, {"author_id": 1259205889065656320, "id": 1494382360976105473, "text": "RT @underscoresplus: THE GONE FISHIN' MINITOUR mad libs have been Completed !\n\n\u00b0 @cmt3n + @heyjaron will b playing la on mar 17!\n\u2022 the chi\u2026"}]