[{"author_id": 1434269536627396619, "id": 1495294793848655874, "text": "RT @neilbelieves: Goodfellas (1990) - I love this scene. #FilmTwitter https://t.co/dmxpmGwkFz"}, {"author_id": 281302012, "id": 1495294372635557888, "text": "RT @ATRightMovies: An amazing edit by @farahaniedit, bringing Goodfellas, Scarface and The Sopranos together. https://t.co/ZR3QdWqYnD"}, {"author_id": 21540501, "id": 1495294176899911682, "text": "@OdysseyFunk Here are some of my favorites:\nThe Nun Story\nThe Time Machine\nGodfather I, II\nGoodfellas\nBang the Drum Slowly\nThe Boat\nSoldier of Orange\nKing Rat\nThe April Fools\nSmoke \nThe Usual Suspects\nHotel Rwanda"}, {"author_id": 965445949, "id": 1495293846170841090, "text": "RT @ATRightMovies: An amazing edit by @farahaniedit, bringing Goodfellas, Scarface and The Sopranos together. https://t.co/ZR3QdWqYnD"}, {"author_id": 1068208053923700736, "id": 1495293632777441282, "text": "@buIkorder @Goodfellas_Club @WolvesProxy @Noble_AIO come back\ud83e\uddd0"}, {"author_id": 1348661618738135041, "id": 1495293051753099265, "text": "@WildBillWellman he used Gimme Shelter for crime montages in 3 movies while Layla is used for the one montage in goodfellas. Don\u2019t try to correct me on things you don\u2019t know. https://t.co/Hp7aDtuCF5"}, {"author_id": 71022457, "id": 1495292492886986756, "text": "the casting of Julia Fox in Uncut Gems is our generation\u2019s casting of Joe Pesci in Goodfellas."}, {"author_id": 1353932939113984001, "id": 1495291864513236992, "text": "RT @ATRightMovies: An amazing edit by @farahaniedit, bringing Goodfellas, Scarface and The Sopranos together. https://t.co/ZR3QdWqYnD"}, {"author_id": 1219202451066146816, "id": 1495290886699114501, "text": "@HReview73 Goodfellas"}, {"author_id": 230072957, "id": 1495290815953838084, "text": "The Shawshank Redemption\nThe Godfather I &amp; II\nOnce Upon A Time In America\nGoodfellas \nOne Flew Over the Cuckoo's Nest\nThe Good, The Bad, &amp; The Ugly\nPulp Fiction\nInception\nSaving Private Ryan\nLOTR I, II, III\nFight Club\nThe Departed\nCinema Paradiso https://t.co/g9YRhmTo8X"}, {"author_id": 433493272, "id": 1495290103702425600, "text": "RT @ATRightMovies: An amazing edit by @farahaniedit, bringing Goodfellas, Scarface and The Sopranos together. https://t.co/ZR3QdWqYnD"}, {"author_id": 1382722384315179017, "id": 1495289451043598339, "text": "RT @arghkid: What would Goodfellas, The Sopranos and Scarface look like in one scene? Superb @farahaniedit\n\nhttps://t.co/pvVenDa8Ao"}, {"author_id": 857433969494827008, "id": 1495288768106012675, "text": "RT @sergio_dois: goodfellas quando o joe pesci pergunta HOW AM I FUNNY? https://t.co/cQI0Vlpja0"}, {"author_id": 1459117287185727496, "id": 1495288286553808896, "text": "RT @arghkid: What would Goodfellas, The Sopranos and Scarface look like in one scene? Superb @farahaniedit\n\nhttps://t.co/pvVenDa8Ao"}, {"author_id": 375646596, "id": 1495288164738600964, "text": "Honest to God, it\u2019s a tie between The Exorcist III or Goodfellas and I\u2019d have to break that tie with a coin toss. https://t.co/cTVv6635Z3"}, {"author_id": 715429423, "id": 1495286894879510530, "text": "RT @ATRightMovies: An amazing edit by @farahaniedit, bringing Goodfellas, Scarface and The Sopranos together. https://t.co/ZR3QdWqYnD"}, {"author_id": 78427561, "id": 1495284963180171266, "text": ". . . Secrets and Wives: This true story picks up right where Scorsese movie \u2018GoodFellas\u2019 left off . . .\n\u2022 https://t.co/DavcDUTPdf\n\u2022 . . . Segreti e mogli: questa storia vera riprende proprio da dove il film di Scorsese \"GoodFellas\" si era interrotto. ."}, {"author_id": 729031440323727361, "id": 1495284654668398602, "text": "RT @ATRightMovies: An amazing edit by @farahaniedit, bringing Goodfellas, Scarface and The Sopranos together. https://t.co/ZR3QdWqYnD"}, {"author_id": 902740657344675840, "id": 1495283564488781824, "text": "RT @ATRightMovies: An amazing edit by @farahaniedit, bringing Goodfellas, Scarface and The Sopranos together. https://t.co/ZR3QdWqYnD"}, {"author_id": 2822624989, "id": 1495283143653281796, "text": "RT @arghkid: What would Goodfellas, The Sopranos and Scarface look like in one scene? Superb @farahaniedit\n\nhttps://t.co/pvVenDa8Ao"}, {"author_id": 815369540364304384, "id": 1495282826295627778, "text": "RT @TheHopsbride: @MacFarlaneNews You remember that scene in Goodfellas where all the mafia dudes in prison lived in luxury and the guards\u2026"}, {"author_id": 700514680737927169, "id": 1495282239139201027, "text": "RT @arghkid: What would Goodfellas, The Sopranos and Scarface look like in one scene? Superb @farahaniedit\n\nhttps://t.co/pvVenDa8Ao"}, {"author_id": 1458478513980379139, "id": 1495282143282483205, "text": "@gay_close Agreed. \u201cDriving Miss Daisy\u201d and \u201cCrash\u201d were also awful, and don\u2019t get me started on \u201cGoodfellas\u201d being robbed."}, {"author_id": 2407505378, "id": 1495281696073211905, "text": "RT @arghkid: What would Goodfellas, The Sopranos and Scarface look like in one scene? Superb @farahaniedit\n\nhttps://t.co/pvVenDa8Ao"}, {"author_id": 1207802302788198400, "id": 1495281149295345665, "text": "RT @arghkid: What would Goodfellas, The Sopranos and Scarface look like in one scene? Superb @farahaniedit\n\nhttps://t.co/pvVenDa8Ao"}, {"author_id": 1092099806602895365, "id": 1495281108941901824, "text": "@OOSMesh   Thank\uff01\ud83d\ude4c\ud83d\ude4c\n@Goodfellas_Club  \u2764\ufe0f\n @TalosTool  \u2764\ufe0f https://t.co/cAfhPSxisz"}, {"author_id": 1358823162536951815, "id": 1495280994185846786, "text": "goodfellas quando o joe pesci pergunta HOW AM I FUNNY? https://t.co/cQI0Vlpja0"}, {"author_id": 21777057, "id": 1495279865846800384, "text": "RT @arghkid: What would Goodfellas, The Sopranos and Scarface look like in one scene? Superb @farahaniedit\n\nhttps://t.co/pvVenDa8Ao"}, {"author_id": 803865432289480704, "id": 1495279261921382403, "text": "RT @arghkid: What would Goodfellas, The Sopranos and Scarface look like in one scene? Superb @farahaniedit\n\nhttps://t.co/pvVenDa8Ao"}, {"author_id": 2739395681, "id": 1495278974620114944, "text": "RT @arghkid: What would Goodfellas, The Sopranos and Scarface look like in one scene? Superb @farahaniedit\n\nhttps://t.co/pvVenDa8Ao"}, {"author_id": 956539175616045058, "id": 1495278810413125633, "text": "@ayanda_yandiey_ All Godfathers\nBlood in Blood out\nScarface\nPump fiction\nGoodfellas\nAmerican gangster\nAll Harry Potters\nAll Lord of the rings\n\nVikings\nPeaky Blinders \nSee"}, {"author_id": 15486010, "id": 1495278552803000321, "text": "RT @arghkid: What would Goodfellas, The Sopranos and Scarface look like in one scene? Superb @farahaniedit\n\nhttps://t.co/pvVenDa8Ao"}, {"author_id": 1227431742660841472, "id": 1495278435970785283, "text": "RT @arghkid: What would Goodfellas, The Sopranos and Scarface look like in one scene? Superb @farahaniedit\n\nhttps://t.co/pvVenDa8Ao"}, {"author_id": 1283151624270159873, "id": 1495278216877166594, "text": "RT @arghkid: What would Goodfellas, The Sopranos and Scarface look like in one scene? Superb @farahaniedit\n\nhttps://t.co/pvVenDa8Ao"}, {"author_id": 3239889826, "id": 1495277956423372804, "text": "@HReview73 Goodfellas"}, {"author_id": 1407417562862739457, "id": 1495277543288541185, "text": "RT @arghkid: What would Goodfellas, The Sopranos and Scarface look like in one scene? Superb @farahaniedit\n\nhttps://t.co/pvVenDa8Ao"}, {"author_id": 1095502901471035392, "id": 1495277497818169347, "text": "RT @arghkid: What would Goodfellas, The Sopranos and Scarface look like in one scene? Superb @farahaniedit\n\nhttps://t.co/pvVenDa8Ao"}, {"author_id": 970375491755610113, "id": 1495276963426144256, "text": "RT @ATRightMovies: An amazing edit by @farahaniedit, bringing Goodfellas, Scarface and The Sopranos together. https://t.co/ZR3QdWqYnD"}, {"author_id": 1448411614340919298, "id": 1495276927694917634, "text": "@HReview73 Goodfellas"}, {"author_id": 257294731, "id": 1495276762921635840, "text": "RT @arghkid: What would Goodfellas, The Sopranos and Scarface look like in one scene? Superb @farahaniedit\n\nhttps://t.co/pvVenDa8Ao"}, {"author_id": 433767779, "id": 1495276758710501377, "text": "RT @arghkid: What would Goodfellas, The Sopranos and Scarface look like in one scene? Superb @farahaniedit\n\nhttps://t.co/pvVenDa8Ao"}, {"author_id": 814392428782202880, "id": 1495276606264283137, "text": "RT @arghkid: What would Goodfellas, The Sopranos and Scarface look like in one scene? Superb @farahaniedit\n\nhttps://t.co/pvVenDa8Ao"}, {"author_id": 857433969494827008, "id": 1495273709703155713, "text": "RT @courtgirl26: @HReview73 Misery is one of my faves, but Goodfellas was and still is the perfect gangster movie with a stellar cast.  Kat\u2026"}, {"author_id": 92250259, "id": 1495273620360343552, "text": "RT @ATRightMovies: An amazing edit by @farahaniedit, bringing Goodfellas, Scarface and The Sopranos together. https://t.co/ZR3QdWqYnD"}, {"author_id": 1459896125394198534, "id": 1495273421462282243, "text": "@HReview73 Goodfellas a distant 1rst"}, {"author_id": 314126910, "id": 1495272570945519618, "text": "RT @neilbelieves: Goodfellas (1990) - I love this scene. #FilmTwitter https://t.co/dmxpmGwkFz"}, {"author_id": 880180270376333312, "id": 1495272004466978816, "text": "The movie Goodfellas is my shit"}, {"author_id": 1673876156, "id": 1495270695097536514, "text": "RT @ATRightMovies: An amazing edit by @farahaniedit, bringing Goodfellas, Scarface and The Sopranos together. https://t.co/ZR3QdWqYnD"}, {"author_id": 984951932, "id": 1495270212345769988, "text": "I know I'm the History Guy on your TL but Scorsese made a mess of a movie. \n\nbasically nobody told him No because he made Goodfellas"}, {"author_id": 77782169, "id": 1495269819700023296, "text": "Gotta admit\u2026 no film has had a greater effect on my culinary techniques than \u201cGoodfellas\u201d https://t.co/0gQmOoVV24"}, {"author_id": 822609613, "id": 1495269291507265538, "text": "@HReview73 Goodfellas"}, {"author_id": 462590482, "id": 1495269152159846401, "text": "RT @ATRightMovies: An amazing edit by @farahaniedit, bringing Goodfellas, Scarface and The Sopranos together. https://t.co/ZR3QdWqYnD"}, {"author_id": 1470836727258521604, "id": 1495269107293433862, "text": "Mad they took goodfellas (top 5) off Netflix."}, {"author_id": 2949629667, "id": 1495268372614893570, "text": "RT @arghkid: What would Goodfellas, The Sopranos and Scarface look like in one scene? Superb @farahaniedit\n\nhttps://t.co/pvVenDa8Ao"}, {"author_id": 86741899, "id": 1495268042284093440, "text": "@HReview73 Misery is one of my faves, but Goodfellas was and still is the perfect gangster movie with a stellar cast.  Kathy Bates and Joe Pesci won Oscars, so there's that. https://t.co/KmUsp3EerA"}, {"author_id": 1487396158091988993, "id": 1495267626821373958, "text": "RT @ATRightMovies: An amazing edit by @farahaniedit, bringing Goodfellas, Scarface and The Sopranos together. https://t.co/ZR3QdWqYnD"}, {"author_id": 2763462450, "id": 1495267438627368961, "text": "@CheriJacobus @RickPetree @ChattJazz @B52Malmet @glennkirschner2 @JudyPete This entire outrageous circus conjures up visions of Lorraine Bracco flushing cocaine in \"Goodfellas.\""}, {"author_id": 884445452342636544, "id": 1495266901026615296, "text": "@HReview73 The only of the four I have seen: GOODFELLAS"}, {"author_id": 1579219478, "id": 1495266445919502339, "text": "RT @ATRightMovies: An amazing edit by @farahaniedit, bringing Goodfellas, Scarface and The Sopranos together. https://t.co/ZR3QdWqYnD"}, {"author_id": 1402984095039193100, "id": 1495266357482504193, "text": "RT @arghkid: What would Goodfellas, The Sopranos and Scarface look like in one scene? Superb @farahaniedit\n\nhttps://t.co/pvVenDa8Ao"}, {"author_id": 1099326560, "id": 1495266266008989696, "text": "RT @arghkid: What would Goodfellas, The Sopranos and Scarface look like in one scene? Superb @farahaniedit\n\nhttps://t.co/pvVenDa8Ao"}, {"author_id": 84723162, "id": 1495266038044409856, "text": "RT @arghkid: What would Goodfellas, The Sopranos and Scarface look like in one scene? Superb @farahaniedit\n\nhttps://t.co/pvVenDa8Ao"}, {"author_id": 73267432, "id": 1495265854321307648, "text": "RT @arghkid: What would Goodfellas, The Sopranos and Scarface look like in one scene? Superb @farahaniedit\n\nhttps://t.co/pvVenDa8Ao"}, {"author_id": 846119037675474945, "id": 1495265528457445377, "text": "RT @ATRightMovies: An amazing edit by @farahaniedit, bringing Goodfellas, Scarface and The Sopranos together. https://t.co/ZR3QdWqYnD"}, {"author_id": 267886998, "id": 1495265521868152832, "text": "RT @arghkid: What would Goodfellas, The Sopranos and Scarface look like in one scene? Superb @farahaniedit\n\nhttps://t.co/pvVenDa8Ao"}, {"author_id": 1040142109, "id": 1495264403977089026, "text": "@HReview73 No way I'm not saying Goodfellas."}, {"author_id": 38292354, "id": 1495263935825694722, "text": "RT @neilbelieves: Goodfellas (1990) - I love this scene. #FilmTwitter https://t.co/dmxpmGwkFz"}, {"author_id": 368695968, "id": 1495263487727181829, "text": "Are yall gonna make y\u2019all kids watch classic movies? I.e Paid in full, Goodfellas, Scream, Baby Boy\u2026 cause if they don\u2019t what will they have?"}, {"author_id": 278103912, "id": 1495263221481029636, "text": "RT @arghkid: What would Goodfellas, The Sopranos and Scarface look like in one scene? Superb @farahaniedit\n\nhttps://t.co/pvVenDa8Ao"}, {"author_id": 1241004182284505089, "id": 1495262439897808897, "text": "RT @ATRightMovies: An amazing edit by @farahaniedit, bringing Goodfellas, Scarface and The Sopranos together. https://t.co/ZR3QdWqYnD"}, {"author_id": 57539681, "id": 1495262320171307009, "text": "@neilbelieves @HReview73 I will go there with you on Se7en and Heat. 2 great films. I have to admit that I wasn't a big fan of Casino. The voice-over drove me insane for that. It was too much. Goodfellas was the right amt. Casino way too much. I just wanted it to stop."}, {"author_id": 1158795890, "id": 1495262295571664899, "text": "RT @arghkid: What would Goodfellas, The Sopranos and Scarface look like in one scene? Superb @farahaniedit\n\nhttps://t.co/pvVenDa8Ao"}, {"author_id": 435553638, "id": 1495261918285680640, "text": "RT @ATRightMovies: An amazing edit by @farahaniedit, bringing Goodfellas, Scarface and The Sopranos together. https://t.co/ZR3QdWqYnD"}, {"author_id": 948393312959963136, "id": 1495261839776649218, "text": "RT @ATRightMovies: An amazing edit by @farahaniedit, bringing Goodfellas, Scarface and The Sopranos together. https://t.co/ZR3QdWqYnD"}, {"author_id": 12091682, "id": 1495261413362835457, "text": "RT @ATRightMovies: An amazing edit by @farahaniedit, bringing Goodfellas, Scarface and The Sopranos together. https://t.co/ZR3QdWqYnD"}, {"author_id": 1130716122, "id": 1495261404105826307, "text": "RT @arghkid: What would Goodfellas, The Sopranos and Scarface look like in one scene? Superb @farahaniedit\n\nhttps://t.co/pvVenDa8Ao"}, {"author_id": 405409871, "id": 1495261397399261187, "text": "RT @arghkid: What would Goodfellas, The Sopranos and Scarface look like in one scene? Superb @farahaniedit\n\nhttps://t.co/pvVenDa8Ao"}, {"author_id": 1146234130906136577, "id": 1495261061255241729, "text": "RT @ATRightMovies: An amazing edit by @farahaniedit, bringing Goodfellas, Scarface and The Sopranos together. https://t.co/ZR3QdWqYnD"}, {"author_id": 2250779868, "id": 1495261022462042116, "text": "@OdysseyFunk The Shawshank Redemption\n\nThe Departed\n\nJaws\n\nThe Godfather I &amp; II\n\nJerry Maguire\n\nHoosiers\n\nMonty Python &amp; the Holy Grail\n\nOnce Upon a Time in Hollywood\n\nGoodfellas\n\nBull Durham\n\nThe Silence of the Lambs\n\nSlapshot\n\nCaddyshack\n\nAnchorman\n\nA Star is Born (2018)"}, {"author_id": 1453392012799922185, "id": 1495260494835240960, "text": "RT @ATRightMovies: An amazing edit by @farahaniedit, bringing Goodfellas, Scarface and The Sopranos together. https://t.co/ZR3QdWqYnD"}, {"author_id": 1473065125150138375, "id": 1495260095537717249, "text": "@OdysseyFunk Assault on Wallstreet. Hotel Artemis. Taxi Driver. Casino. Goodfellas. Altered States."}, {"author_id": 237587903, "id": 1495259125143330820, "text": "RT @ATRightMovies: An amazing edit by @farahaniedit, bringing Goodfellas, Scarface and The Sopranos together. https://t.co/ZR3QdWqYnD"}, {"author_id": 857433969494827008, "id": 1495258569926758403, "text": "RT @campisano77: My 4 y.o. boy said to me tonight, \"You're funny, Daddy\". I couldn't resist going into the Joe Pesci \"Funny how?\" Rant from\u2026"}, {"author_id": 2776683300, "id": 1495258070997340161, "text": "@HReview73 Goodfellas\u2026 It was a close call with The Exorcist III. I\u2019m just keepin it a buck!"}, {"author_id": 324629065, "id": 1495258036516044802, "text": "She\u2019s Gotta Have It, Breakfast at Tiffany\u2019s, Goodfellas, Boomerang https://t.co/ygzI1FdbPp"}, {"author_id": 1482989128094556161, "id": 1495256342210269185, "text": "@HReview73 Goodfellas"}, {"author_id": 1720598665, "id": 1495255617048559617, "text": "@HReview73 Goodfellas"}, {"author_id": 832118024081666048, "id": 1495255552586362880, "text": "RT @ATRightMovies: An amazing edit by @farahaniedit, bringing Goodfellas, Scarface and The Sopranos together. https://t.co/ZR3QdWqYnD"}, {"author_id": 282756218, "id": 1495255136511221760, "text": "RT @ATRightMovies: An amazing edit by @farahaniedit, bringing Goodfellas, Scarface and The Sopranos together. https://t.co/ZR3QdWqYnD"}, {"author_id": 411108892, "id": 1495255128516947968, "text": "@ejfudd Looooove Goodfellas. And The Departed."}, {"author_id": 2904210134, "id": 1495254687573962753, "text": "@lgood72 Goodfellas"}, {"author_id": 949708126005100545, "id": 1495254191140397060, "text": "@lmichel59 @ReflexionandoS Mi favorita es Taxi Driver y Casino\n3-Goodfellas\n4- Ragin Bull\n5-king of Comedy\n6-After Hours\n7-Silence\n8-Age of Innocence\n9-Bringin out The dead\n10-Alice don't live here any more\n11-Mean Streets"}, {"author_id": 400532628, "id": 1495253425898115072, "text": "Goodfellas not even a thought https://t.co/s5xPAAQArz"}]