[{"author_id": 2845107367, "id": 1495234890928902147, "text": "@mightytrashheap @CSurvivor9 Yeah it's rare that subsequent movies are as good as #1. However, Grumpier Old Men was at least as good as the first"}, {"author_id": 20603833, "id": 1495199898119069701, "text": "@dparzych We recently all enjoyed Grumpy Old Men and the Grumpier one also.  Must watch the outtakes at the end also"}, {"author_id": 1366095089722916865, "id": 1495027443471728644, "text": "\"Max Goldman: John! John! Are you dead?\nJohn Gustafson: Not yet. But I don't want to die looking at your ugly face. \"\n\nGrumpy Old Men and Grumpier Old Men are such great films."}, {"author_id": 1724085582, "id": 1494878877277204481, "text": "I don't mean to brag or enkindle jealousy in others but I do own the movies Grumpy Old Men and Grumpier Old Men"}, {"author_id": 42016720, "id": 1494840321825550343, "text": "@ThatEricAlper Grumpy and grumpier old men"}, {"author_id": 2241492284, "id": 1494838960576552962, "text": "@ThatEricAlper Grumpier Old Men is definitely on the list \ud83d\ude02"}, {"author_id": 1873635511, "id": 1494537216143548427, "text": "Sleep well kids!!\nRemember GG loves us..\nTonight's movie on Pluto...pretty obvious since I watched \"Grumpy Old Men\"... the sequel..\"Grumpier Old Men\".\n\n#Gutfeld https://t.co/CsQSzXvqpV"}, {"author_id": 2504051, "id": 1494430749948272646, "text": "@JesseThorn But we can all agree that grumpier old men was not the best sequel"}, {"author_id": 465529415, "id": 1494330730536574988, "text": "@RealityMemeMach They need their own show! They could be the updated Grumpier Old Men lol they are ao funny together."}, {"author_id": 28055175, "id": 1494214127740502024, "text": "@acroce66 Definitely a 4-way tie between The Odd Couple 1&amp;2 and Grumpy Old Men&amp; Grumpier Old Men https://t.co/gZ68kcYJUf"}, {"author_id": 296593994, "id": 1494131651340902401, "text": "@WilliamMarquar8 Lemmon is a great straight man.  Matthau is hilarious but honestly Merideth upstages everyone.  The outtakes from Grumpier Old Men has me in tears laughing ever time"}, {"author_id": 296593994, "id": 1494131087689367556, "text": "@acroce66 Grumpy Old Men or Grumpier Old Men.  It\u2019s very close and love both"}, {"author_id": 864558756264239104, "id": 1494128346007052289, "text": "Anyone want a vhs copy of grumpy old men and grumpier old men"}, {"author_id": 865529130, "id": 1494099778874986501, "text": "@acroce66 Grumpy and Grumpier Old Men."}, {"author_id": 2825830329, "id": 1493964483844354056, "text": "everyone who has dutifully watched grumpy old men \nand grumpier old men\ncould confirm\nhttps://t.co/y1ov4EyjIv"}, {"author_id": 252656359, "id": 1493831809594888195, "text": "@ChadLindberg @IAmJohnAles My Grumpy Old Men &amp; Grumpier Old Men on Laserdisc! https://t.co/ijXWGFOdjG"}, {"author_id": 75466778, "id": 1493796477658812418, "text": "@stephensajdak @jbouie Grumpier Old Men just got better"}, {"author_id": 1049572769984331776, "id": 1493784529835728899, "text": "is your chance to turn their frown upside down.\u2028\n\u2022Watch a movie about grouches\u2028-There are plenty to choose from. Check out \u201cGrumpy Old Men\u201d and its sequel \u201cGrumpier Old Men,\u201d \u201cThe Grinch Who Stole Christmas,\u201d or even \u201cA Christmas Carol.\u201d\n#OfficialElectricLight #1EL #EL\u26a1\ufe0f"}, {"author_id": 1122567369438707712, "id": 1493612550390435842, "text": "@afarmerinohio If they ever want to make a 3rd movie (I think they already made \"Grumpier Old Men\") they could just sit through a session or two to find the actors."}, {"author_id": 15957169, "id": 1493562673996382210, "text": "So simply fading, Camille-like, in the twilit gloom, Frodo in the boat style, is not an option for us. We have to be Old Man Logan, Mad Max Fury Road, Grumpier Old Men, etc"}, {"author_id": 1443406534483095557, "id": 1492942887486689293, "text": "@MTweeter556 @manasseh63 Grumpy/Grumpier Old Men is brilliant."}, {"author_id": 200324332, "id": 1492881888888950787, "text": "@TravisSimpkins7 I thought she was a great actress in Grumpier old men!"}]