[{"author_id": 1271666777760632834, "id": 1495280973075779584, "text": "I watch my guardian angel leave the building, I am my only friend. One thing about the good guys that I've noticed; they always beg for mercy in the end."}, {"author_id": 1164493790972915713, "id": 1495280942142865411, "text": "Thank you Lord for my Guardian Angel who never leaves my side \u2764 https://t.co/i3d74dAtqH"}, {"author_id": 1418496979571646466, "id": 1495280806449004544, "text": "RT @doyoungie_k: \"In the future, continue to be my guardian angel...Love! You!\"\n\n#DODAM #BANGYEDAM #YEDAM #KIMDOYOUNG #DOYOUNG @treasuremem\u2026"}, {"author_id": 750430935888244740, "id": 1495279502540242946, "text": "@JackieMButler It's even worse when you don't get to be Guardian Angel"}, {"author_id": 930983865069514752, "id": 1495278808714387457, "text": "RT @DarkForceGirl01: Thank you @netblocks \ud83d\ude4c\ud83c\udffc\ud83d\ude4c\ud83c\udffc\ud83d\ude4c\ud83c\udffc\ud83d\ude4c\ud83c\udffc! \n\nIf Zimbabwe faces any internet issues tomorrow, please let\u2019s tag @netblocks , they ar\u2026"}, {"author_id": 1078311842706063360, "id": 1495278442375520257, "text": "RT @RealSexyCyborg: We're all trying to figure it out also, I've got a guardian angel cadre in some PLA building somewhere who works overti\u2026"}, {"author_id": 1344384910715482112, "id": 1495278323555000320, "text": "RT @Chermosa79: I'm starting to think my guardian angel is a fucking crack head"}, {"author_id": 460345583, "id": 1495277858415349760, "text": "RT @doyoungie_k: \"In the future, continue to be my guardian angel...Love! You!\"\n\n#DODAM #BANGYEDAM #YEDAM #KIMDOYOUNG #DOYOUNG @treasuremem\u2026"}, {"author_id": 1407589516718743553, "id": 1495277327084703746, "text": "RT @doyoungie_k: \"In the future, continue to be my guardian angel...Love! You!\"\n\n#DODAM #BANGYEDAM #YEDAM #KIMDOYOUNG #DOYOUNG @treasuremem\u2026"}, {"author_id": 713749731051237377, "id": 1495277311716954114, "text": "RT @DarkForceGirl01: Thank you @netblocks \ud83d\ude4c\ud83c\udffc\ud83d\ude4c\ud83c\udffc\ud83d\ude4c\ud83c\udffc\ud83d\ude4c\ud83c\udffc! \n\nIf Zimbabwe faces any internet issues tomorrow, please let\u2019s tag @netblocks , they ar\u2026"}, {"author_id": 1197384940351963136, "id": 1495277309359984643, "text": "RT @doyoungie_k: \"In the future, continue to be my guardian angel...Love! You!\"\n\n#DODAM #BANGYEDAM #YEDAM #KIMDOYOUNG #DOYOUNG @treasuremem\u2026"}, {"author_id": 1260476039689580547, "id": 1495277093755957248, "text": "RT @doyoungie_k: \"In the future, continue to be my guardian angel...Love! You!\"\n\n#DODAM #BANGYEDAM #YEDAM #KIMDOYOUNG #DOYOUNG @treasuremem\u2026"}, {"author_id": 1366784599930646531, "id": 1495277011333533696, "text": "Heartburn swooping in to save me from some trash pussy like a guardian angel"}, {"author_id": 1408739326188572672, "id": 1495276979184185345, "text": "RT @DarkForceGirl01: Thank you @netblocks \ud83d\ude4c\ud83c\udffc\ud83d\ude4c\ud83c\udffc\ud83d\ude4c\ud83c\udffc\ud83d\ude4c\ud83c\udffc! \n\nIf Zimbabwe faces any internet issues tomorrow, please let\u2019s tag @netblocks , they ar\u2026"}, {"author_id": 1477116104027738114, "id": 1495276931561885699, "text": "A cherub? Cherub...Oh! I remember Elder Kettle telling Cuphead and I about that before! It's kinda the same! \n\nBut, aww...I thought maybe you were my guardian angel...Elder Kettle told me we all have a guardian angel watching over us. https://t.co/4tx1gwevcP"}, {"author_id": 1150662904363925506, "id": 1495276516485185537, "text": "@keiworshipper @StarPyro2 @yom_ei i am like the opposite of a guardian angel for yomei my sole purpose is to torment him"}, {"author_id": 85290305, "id": 1495276435946233860, "text": "RT @whizbuzz Surreal Absurdity : Jim Lively Charles Pierce has some bizarre situations in Dallas to navigate in Surreal Absurdity. He desperately needs a guardian angel to watch... https://t.co/z8FjlOAXwN https://t.co/HmmMd2cQDS"}, {"author_id": 769844375182413824, "id": 1495275893492629505, "text": "RT @doyoungie_k: \"In the future, continue to be my guardian angel...Love! You!\"\n\n#DODAM #BANGYEDAM #YEDAM #KIMDOYOUNG #DOYOUNG @treasuremem\u2026"}, {"author_id": 1485136297622650882, "id": 1495275573274460161, "text": "@MrUnloved1s Sz 14 if anybody can help I'd highly appreciate it...Not rich but I'll try my best...Need my sneaker guardian angel for this cop \ud83d\ude4f\ud83c\udffe\ud83e\udd1e\ud83c\udffe https://t.co/NFypCqeaQR"}, {"author_id": 569120947, "id": 1495275462498652165, "text": "RT @doyoungie_k: \"In the future, continue to be my guardian angel...Love! You!\"\n\n#DODAM #BANGYEDAM #YEDAM #KIMDOYOUNG #DOYOUNG @treasuremem\u2026"}, {"author_id": 1157446038946373632, "id": 1495275378327252993, "text": "RT @doyoungie_k: \"In the future, continue to be my guardian angel...Love! You!\"\n\n#DODAM #BANGYEDAM #YEDAM #KIMDOYOUNG #DOYOUNG @treasuremem\u2026"}, {"author_id": 1427406763238776836, "id": 1495275271498256386, "text": "i feel my true calling as the guardian angel of gender"}, {"author_id": 4582171092, "id": 1495274625239969798, "text": "RT @doyoungie_k: \"In the future, continue to be my guardian angel...Love! You!\"\n\n#DODAM #BANGYEDAM #YEDAM #KIMDOYOUNG #DOYOUNG @treasuremem\u2026"}, {"author_id": 998629777325084672, "id": 1495274570642776064, "text": "RT @amazingraceart: \ud83d\udc9e\u2764\ufe0fGuardian Angel original art art print \ud83d\udc9e\u2764\ufe0f #ScotlandIsNow #MHHSBD #HandmadeHour #Angels \nhttps://t.co/66PyTJJuQc http\u2026"}, {"author_id": 2313570817, "id": 1495274343802470404, "text": "@Joohmuk \nGod sent you as my guardian angel. Thank you, brother, for your consistent support. https://t.co/dI5EypIRYA"}, {"author_id": 4544704273, "id": 1495274009696825345, "text": "RT @doyoungie_k: \"In the future, continue to be my guardian angel...Love! You!\"\n\n#DODAM #BANGYEDAM #YEDAM #KIMDOYOUNG #DOYOUNG @treasuremem\u2026"}, {"author_id": 1371303644641914882, "id": 1495273676026966019, "text": "RT @doyoungie_k: \"In the future, continue to be my guardian angel...Love! You!\"\n\n#DODAM #BANGYEDAM #YEDAM #KIMDOYOUNG #DOYOUNG @treasuremem\u2026"}, {"author_id": 1425012472524673030, "id": 1495273606267666439, "text": "RT @doyoungie_k: \"In the future, continue to be my guardian angel...Love! You!\"\n\n#DODAM #BANGYEDAM #YEDAM #KIMDOYOUNG #DOYOUNG @treasuremem\u2026"}, {"author_id": 973626203604226048, "id": 1495271901844889603, "text": "RT @tinymachine: Finally got my Everyone Welcome sign by @love4earp moved from it's temporary spot to it's permanent spot on the wall visib\u2026"}, {"author_id": 3135081791, "id": 1495271478811672576, "text": "RT @DarkForceGirl01: Thank you @netblocks \ud83d\ude4c\ud83c\udffc\ud83d\ude4c\ud83c\udffc\ud83d\ude4c\ud83c\udffc\ud83d\ude4c\ud83c\udffc! \n\nIf Zimbabwe faces any internet issues tomorrow, please let\u2019s tag @netblocks , they ar\u2026"}, {"author_id": 746600049841364992, "id": 1495271227706937345, "text": "RT @doyoungie_k: \"In the future, continue to be my guardian angel...Love! You!\"\n\n#DODAM #BANGYEDAM #YEDAM #KIMDOYOUNG #DOYOUNG @treasuremem\u2026"}, {"author_id": 1326439629017378816, "id": 1495270978775306240, "text": "RT @doyoungie_k: \"In the future, continue to be my guardian angel...Love! You!\"\n\n#DODAM #BANGYEDAM #YEDAM #KIMDOYOUNG #DOYOUNG @treasuremem\u2026"}, {"author_id": 845456272786800640, "id": 1495270790287138821, "text": "RT @doyoungie_k: \"In the future, continue to be my guardian angel...Love! You!\"\n\n#DODAM #BANGYEDAM #YEDAM #KIMDOYOUNG #DOYOUNG @treasuremem\u2026"}, {"author_id": 337669127, "id": 1495270580676870145, "text": "RT @Hillary69605: @radiomaisha @antondiema #shangwenandiema nipe guardian angel please"}, {"author_id": 1417852471540469760, "id": 1495270536057815047, "text": "RT @doyoungie_k: \"In the future, continue to be my guardian angel...Love! You!\"\n\n#DODAM #BANGYEDAM #YEDAM #KIMDOYOUNG #DOYOUNG @treasuremem\u2026"}, {"author_id": 360913, "id": 1495270451978846211, "text": "Finally got my Everyone Welcome sign by @love4earp moved from it's temporary spot to it's permanent spot on the wall visible when you come in the door \ud83e\udd70\n\nMoved my Guardian Angel down a bit and I think they match well. \ud83e\udd29\n#WynonnaEarp #BringWynonnaHome https://t.co/5Pk4UPKjFQ"}]