[{"author_id": 1307355301549543435, "id": 1495173870302674947, "text": "RT @AqeelYusef: The best way to ruin your happiness is to compare yourself to others better than you. I believe no matter how good you beco\u2026"}, {"author_id": 1490182538429710337, "id": 1495155558323687424, "text": "RT @AqeelYusef: The best way to ruin your happiness is to compare yourself to others better than you. I believe no matter how good you beco\u2026"}, {"author_id": 1403020350871400451, "id": 1495155352748412929, "text": "RT @AqeelYusef: The best way to ruin your happiness is to compare yourself to others better than you. I believe no matter how good you beco\u2026"}, {"author_id": 1347396338581790723, "id": 1495153224516608004, "text": "RT @AqeelYusef: The best way to ruin your happiness is to compare yourself to others better than you. I believe no matter how good you beco\u2026"}, {"author_id": 1354047563280707586, "id": 1495148082706939904, "text": "RT @AqeelYusef: The best way to ruin your happiness is to compare yourself to others better than you. I believe no matter how good you beco\u2026"}, {"author_id": 1364497572509880322, "id": 1495148077543534594, "text": "RT @AqeelYusef: The best way to ruin your happiness is to compare yourself to others better than you. I believe no matter how good you beco\u2026"}, {"author_id": 1287921782545092610, "id": 1495148060917342217, "text": "RT @AqeelYusef: The best way to ruin your happiness is to compare yourself to others better than you. I believe no matter how good you beco\u2026"}, {"author_id": 1127829883013361665, "id": 1495148055552798720, "text": "RT @AqeelYusef: The best way to ruin your happiness is to compare yourself to others better than you. I believe no matter how good you beco\u2026"}, {"author_id": 1228323468132798465, "id": 1495148015656468483, "text": "RT @AqeelYusef: The best way to ruin your happiness is to compare yourself to others better than you. I believe no matter how good you beco\u2026"}, {"author_id": 1437728609909706753, "id": 1495148003077726210, "text": "RT @AqeelYusef: The best way to ruin your happiness is to compare yourself to others better than you. I believe no matter how good you beco\u2026"}, {"author_id": 1382032616824651777, "id": 1495148001081569280, "text": "RT @AqeelYusef: The best way to ruin your happiness is to compare yourself to others better than you. I believe no matter how good you beco\u2026"}, {"author_id": 722011124871221248, "id": 1495147979098841090, "text": "The best way to ruin your happiness is to compare yourself to others better than you. I believe no matter how good you become at something, there will always be someone better than you in the field. Be humble and stop comparing!\n#100daysofcodechallenge\n#javascript\n#100DaysOfCode"}, {"author_id": 1489949994115219457, "id": 1495068965642645507, "text": "RT @Klrahulsunshine: \u201cNot having the best situation, but seeing the best in your situation is the key to\u00a0happiness.\u201d\nYes it's a matter of t\u2026"}, {"author_id": 1060903577579741185, "id": 1495026139554717697, "text": "RT @Klrahulsunshine: \u201cNot having the best situation, but seeing the best in your situation is the key to\u00a0happiness.\u201d\nYes it's a matter of t\u2026"}, {"author_id": 1489267090171531265, "id": 1495021520174731268, "text": "RT @Klrahulsunshine: \u201cNot having the best situation, but seeing the best in your situation is the key to\u00a0happiness.\u201d\nYes it's a matter of t\u2026"}, {"author_id": 1293139404639236098, "id": 1495010004662816769, "text": "RT @Klrahulsunshine: \u201cNot having the best situation, but seeing the best in your situation is the key to\u00a0happiness.\u201d\nYes it's a matter of t\u2026"}, {"author_id": 1431235864038821893, "id": 1495009660671193089, "text": "\u201cNot having the best situation, but seeing the best in your situation is the key to\u00a0happiness.\u201d\nYes it's a matter of time, we are gonna miss @klrahul11  badly on the field but still  \"waqt hai guzaar jayega\"\nNow we will \ud83d\udc40 him in LSG jersey dircetly. \n#Klrahul #rahulkl #INDvSL"}, {"author_id": 3115064483, "id": 1494762124366671872, "text": "@Daisyhj1 @SaleSharksWomen Your strength is beyond measurable, heart &amp; determination that is unrivalled, a fierce competitor on the field but most importantly you are the most lovely amazing person &amp; one of the best coaches in the world who brings my son &amp; thousands of other children joy &amp; happiness."}, {"author_id": 1361725485089185793, "id": 1494703132420587524, "text": "#taekookau 6\n_cry. crying is good, even in happiness your songs are sweeter in tears your pure and touching eyes are more beautiful when you wipe them in summer, when it has rained, the field is more ruddy, and the sky shines fresher in the beautiful sun its azure washed-"}, {"author_id": 1272413814428856320, "id": 1494654788495192064, "text": "Happiness is lying in a field of wildflowers and watching the clouds. @ Geeta inter collage https://t.co/aZEhgg0fW3"}, {"author_id": 1253762008924729349, "id": 1494480183172247566, "text": "@Bucs_Barrett I liked that one because it was different. Just his journey of getting the hell beat out of him, on and off the field, trying to find happiness, when he\u2019s at his end, He finds his love/joy in the boiler room of a church and dances! Such is life"}, {"author_id": 2855981176, "id": 1494477588785287169, "text": "Seeing my mom cry of happiness for my accomplishments in the field, makes me want to achieve more for her and myself \u2764\ufe0f This next chapter is going to be a great one \ud83d\ude4f\ud83c\udffb"}, {"author_id": 1318242253652054017, "id": 1494378938814115842, "text": "There is an energy field with all the information of the universe inside. You can access that field at will to promote your Health, Happiness. Prosperity and Purpose. EVERYTHING starts in your head and with what you THINK."}, {"author_id": 1238310008716029953, "id": 1494231588162633729, "text": "The rainbow auric field once spoke to me high on an lsd trip, what they call lonely, we call independent in dream. \n\nI will spend the rest of my life trying to live in the light of my Higher Happiness.  That is my absolute purpose. \n\nAll I thought is this is not possible."}, {"author_id": 1275400190242050048, "id": 1494103770929586176, "text": "RT @zyxzjsbbh: Jun bao and xing bao in the same show\ud83e\udd7a?! With Henry too? \nThe is just \"Back to field of happiness \"!"}, {"author_id": 915326702213042176, "id": 1494092378923229184, "text": "Jun bao and xing bao in the same show\ud83e\udd7a?! With Henry too? \nThe is just \"Back to field of happiness \"! https://t.co/CJJKGMkeYb"}, {"author_id": 350040419, "id": 1493969530233794560, "text": "@iamBrandonTV Also on average just having a degree at all doubles your lifetime earnings even if you don't have a job in that field. As long as happiness is tied to earnings in any way a degree is the way to go."}, {"author_id": 55472678, "id": 1493831216390459393, "text": "The happiness I had as a kid when the school field trip was the next day is the happiness I need again in my adult life."}, {"author_id": 1379645930367025152, "id": 1493810512919994372, "text": "Ground, under ground and space realities can be captured by human mind physically to be conquered but in the field of mysticism the divine power is unlimited and can't be measured as there is abundance of everything, everytime for everyone \nBaba Rume \nHealth and Happiness 4 all https://t.co/asqDkSn9hB"}, {"author_id": 1358186827362963456, "id": 1493654826479075328, "text": "@KizmaHusky Sounds like a good start would be for you to find the energy to find a different place to work, maybe in a different field altogether. Your job is clearly sucking the soul out of you, and trying to take your life with it.\n\nYou deserve better, friend. \ud83d\udda4\nYou deserve happiness."}, {"author_id": 26749925, "id": 1493562517104349184, "text": "@ToKTeacher @Sam_kuyp One proto field or new area of economics is called genoeconomics. According to GE the superior production numbers of the West may be because of diversity and the plurality of learning skills? By the way Sam, they claim in Amsterdam to have located the first happiness genes... https://t.co/VjiEP8VXlW"}, {"author_id": 101844599, "id": 1493526600528412676, "text": "RT @pmbryant: Feb. 14, 1950 \u2014 Ida Lupino: \"What we [women] need is a little long-overdue emancipation. Men have been interpreting life, lib\u2026"}, {"author_id": 1287242182269657089, "id": 1493376802256949250, "text": "RT @pmbryant: Feb. 14, 1950 \u2014 Ida Lupino: \"What we [women] need is a little long-overdue emancipation. Men have been interpreting life, lib\u2026"}, {"author_id": 18846526, "id": 1493373253506715652, "text": "Feb. 14, 1950 \u2014 Ida Lupino: \"What we [women] need is a little long-overdue emancipation. Men have been interpreting life, liberty and the pursuit of happiness through films since 1894. There's a definite \u2018double standard\u2019 in the creative field in Hollywood.\u201d https://t.co/MJre0nsftn"}, {"author_id": 1453075499022962689, "id": 1493311591990931461, "text": "in how you react &amp; handle it. Take the high road. For those of you that are job seeking, you may receive a message or reply from an employer that is interested in your talent or creativity. This position or field may be highly competitive although can bring you much happiness if"}, {"author_id": 1038779598341844992, "id": 1493005983009972226, "text": "Today I'm 54, and as I reflect back, some of our conversations have become profound memory points. He is a man that took on significant risks, overcame tremendous adversity, was a leader in his field, and was the 1st to talk to me about the importance of health and happiness."}, {"author_id": 1143929079743184897, "id": 1492756098402553857, "text": "@JioCare @bhavin627 We  didthat. And really very happy with that quick service.\nBut this happiness has turned in to a   dreadful experience so soon, I have never think of that with  The India's Biggest Company. No one bothers to resolve once u sale a product..Ur field cheating is a mess for customer"}]