[{"author_id": 275280422, "id": 1495226323442221058, "text": "RT @Mindy30625784: @AdamKinzinger Did you vote for him?  Cause I sure as hell didn't.  I couldn't sleep the night he won and all of us sane\u2026"}, {"author_id": 2241552913, "id": 1495206313814421506, "text": "@NataliCuteeli How lucky to have one visit \nyour garden!\ud83e\udd29\ud83d\ude0d\nWish we had them here.\nHave seen squirrels, opossums, raccoons and coyotes visit the \nyard.\nHubby saw a skunk one night \non a walk. First thought it was \na cat, until he had a better look when it walked right by him.\n\ud83d\ude33\ud83e\udda8\ud83d\ude05 https://t.co/9U1s16TNPu"}, {"author_id": 4875400504, "id": 1495138012480614406, "text": "@FlyerTerrapin @DaveBolton79 @McCulloughDHS @kilmeade The tear gassing on behalf of President Trump never happened.  There was nobody there when he walked over to the Church in answer to the damage done by BLM during the night. President Trump has a kind, generous heart and wanted to show his respect and solidarity."}, {"author_id": 1442581718800556035, "id": 1495127724440051712, "text": "RT @SueBoggio: @odenhead One night an exterior scene was shot at Gus\u2019s home (my neighbor\u2019s house) Bob had just been let out  of hospital, h\u2026"}, {"author_id": 1110924769833205761, "id": 1495126881175228425, "text": "@SamBowe37723474 @CDCgov It killed my father. He drove to and walked into the ER by himself. He was on a ventilator and Remdesivir within two hours. That night they told us he had kidney failure. He died about 18 hours later. My mother had no idea what was going on."}, {"author_id": 1697015618, "id": 1495125914333724675, "text": "RT @SueBoggio: @odenhead One night an exterior scene was shot at Gus\u2019s home (my neighbor\u2019s house) Bob had just been let out  of hospital, h\u2026"}, {"author_id": 231156770, "id": 1495119156265500672, "text": "@humbledlovesoul They been trying me lately, one nigga last night was too drunk but walked by me flicked me off and called me a bitch and I let him rock but then he came and stood next to me so then I felt threatened and we got into it .. other dude tried to pick up my dudes drink and drink it"}, {"author_id": 612154485, "id": 1495107547623088128, "text": "@odenhead One night an exterior scene was shot at Gus\u2019s home (my neighbor\u2019s house) Bob had just been let out  of hospital, he surprised crew by arriving to thank them for saving him\u2014beautiful! He watched filming continue, walked over to me and said how great he felt to be alive. \ud83d\udc9c"}, {"author_id": 1289781487840178176, "id": 1495073261402664971, "text": "RT @PrimeLACV2: Kyle Kuzma: \u201cLuke Kennard walked into our locker room, he walked by me, walked by Montrezl Harrell, and he tapped Bradley B\u2026"}, {"author_id": 25028833, "id": 1495050175764652042, "text": "@KWnFX @RudyGiuliani @avacro86 So, did anyone get trampled to death when Trump walked over to a church that had been burnt the night before?  Trump said \u201cwe have a great country\u201d when people were scared.  What did Trudeau say when he came out to talk to the people?  What was damaged or burnt by the protestors?"}, {"author_id": 1171933931136016389, "id": 1495021457369350144, "text": "RT @StubobT: My favorite films - 1948 (Updated).\n\n1. Treasure Of The Sierra Madre\n2. Rope\n3. Key Largo\n4. He Walked By Night\n5. The Naked C\u2026"}, {"author_id": 2903206130, "id": 1495019838477066240, "text": "Last night, I was the first one in the gym 75mins early to setup, followed immediately by Lanny Frattare who was doing play by play for @TribLiveHSSN he stopped every player &amp; coach that walked in so he could take some notes. What a pro example. @RochesterAthle1 @RochesterMBB"}, {"author_id": 1180503775842160645, "id": 1495001224634159108, "text": "@TaisonBell The same thing happened to me as an intern. I paged the \u201con call\u201d cardiologist late at night for help. He walked me through the case and told me what to do. At the end he said \u201cOh, by the way, Dr. X is on call.\u201d I\u2019ll never forget\u2014kindness matters."}, {"author_id": 1356346828938162184, "id": 1494977133197893633, "text": "In extreme heat, going from one water hole to the next, they walked purposefully, some barefoot, at night, they slept covered by a blanket of stars. he says. Dear Qismat Ali welcoming the night with a spontaneous fire dance. Across Baluchistan (Pakistan), quite a lot of people https://t.co/d7hSUMt7aY"}, {"author_id": 1372704642321186817, "id": 1494903354677346306, "text": "walked past this guy drinking on a giant boulder by my house and he said \u201chow\u2019s ur night? i\u2019m getting drunk on a rock.\u201d clearly my night is not as good as his"}, {"author_id": 1333530105566605312, "id": 1494871538826457088, "text": "@FazbearDILF Once he walked in he was brought with dinner, Manny could tell today wasn\u2019t good just by a premonition. \n\nHope he enjoys steak dinner night because it\u2019s juicy just for him.\n\n\u201c Awww Hun.. \u201c"}, {"author_id": 1066492941223350273, "id": 1494868441572024321, "text": "Friday night #mood #RichardBasehart in \u2018He Walked by Night\u2019 (1948)\n#FilmNoir #JackWebb https://t.co/2LLVx3Z6iQ"}, {"author_id": 904184655376654336, "id": 1494856788960813065, "text": "They walked alone by the old canal.\nA little confused, I remember well,\nAnd stopped into a strange hotel with a neon burning bright.\nHe felt the heat of the night hit him like a freight train\nMoving with a simple twist of fate."}, {"author_id": 438862536, "id": 1494843734520905731, "text": "@EvilGalProds He walked by us on his way to a play I was seeing that night on a side street in Chelsea. Narrow sidewalk, we got a good look. Nodded to me as he cruised by in a fabulous, long black coat. My girlfriend and I giggled like teens. He literally has a sex force field surrounding him."}, {"author_id": 870182338549882880, "id": 1494784784236642304, "text": "My first-grader, who never pays attention to the news (of course), walked by our tv last night during a clip like this. She stopped what she was doing to look me in the eye and inform me, \u201cMom, don\u2019t believe President Trump. He lies.\u201d \ud83d\ude02\ud83e\udd37\ud83c\udffd\u200d\u2640\ufe0f\ud83e\udd72\n#kids\n\n https://t.co/1rlNtHDq24"}, {"author_id": 974324964995280899, "id": 1494713594298224645, "text": "RT @VehicleTrackerz: The vehicle was boxed in by two cars at an intersection in Cornubia, KZN last night (Saturday). The driver was hijacke\u2026"}, {"author_id": 1171933931136016389, "id": 1494687084187107328, "text": "My favorite films - 1948 (Updated).\n\n1. Treasure Of The Sierra Madre\n2. Rope\n3. Key Largo\n4. He Walked By Night\n5. The Naked City\n6. Cry Of The City"}, {"author_id": 39856802, "id": 1494606520901902346, "text": "@CaraSpillane I walked by about 20 empty taxis last weekend leaving Christ Church Cathedral trying to get back to Ballinteer. I eventually found one with his hazards on. He told me that those taxi drivers were at a night out at some restaurant nearby. I eventually got a bus home."}, {"author_id": 96029902, "id": 1494572153907265536, "text": "Sat in Montreal Subs, watched the world go by a while and was reminded of the one-armed handyman who used to come into my family's deli. One night, he walked in and said, \"I called every hooker in town, and they all said no, so I may as well have a fuckin' sandwich.\""}, {"author_id": 1423554110369017856, "id": 1494456948745510918, "text": "Had a dream my bd stayed the night with me then my nigga woke us up by banging on my front door \ud83d\ude2d I answered the door, we had a convo at the door &amp; he walked off but my bd got out of bed to come see who it was \ud83d\ude33 I woke-up too quick, scared as hell\u2757\ufe0f"}, {"author_id": 68513033, "id": 1494434367950757894, "text": "last night, a comedian asked my bf and I if we like comedy while trying to promote his show as we walked by and I said, v deadpan, \u201cno. we fucking hate it\u201d &amp; he was legit upset\u2014and I just wanna know\u2014was he not the literal perfect audience for that humor?"}, {"author_id": 994147826979532801, "id": 1494432288624586754, "text": "RT @NidaliaY: \ud83c\udf1fthan my love for the moon \ud83c\udf19 and stars \ud83c\udf1f began :we walked every night :and told me beautiful stories :he also loved it ( so i\u2026"}, {"author_id": 1405005814570446848, "id": 1494432092838510606, "text": "RT @Mindy30625784: @AdamKinzinger Did you vote for him?  Cause I sure as hell didn't.  I couldn't sleep the night he won and all of us sane\u2026"}, {"author_id": 1376202646319677446, "id": 1494399288163504137, "text": "@RiseVision I am creating kindness by spreading positivity however I can. Walked home the other night and saw a homeless man going through the dumpster and my heart broke \ud83d\udc94 \n\nGave him the last $12 I had but I know that he needed it more"}, {"author_id": 1336712100522172421, "id": 1494350559247224839, "text": "as he walked away from Jungkook's sight.\n\nHe was a little concernee by his expressions but still felt his cheeks burn in embarassment because what the he was he doing infront of his crush in the middle of the night?\n\nYeah, crush."}, {"author_id": 934418576630575104, "id": 1494343724050046984, "text": "\ud83c\udf1fthan my love for the moon \ud83c\udf19 and stars \ud83c\udf1f began :we walked every night :and told me beautiful stories :he also loved it ( so i am the lucky owner with the same dream as him : thats why i like to be by the sea :then look at stars in the night after the moon \ud83c\udf19"}, {"author_id": 1212802008953937920, "id": 1494328064423071744, "text": "@teravainensimp He has had an incredible season this year. Not a great game last night, but he\u2019s being deployed so heavily. Him and pesce have seemed tired. Also anyone except maybe Slavin woulda gotten walked by Barkov last night, I don\u2019t blame him for that."}, {"author_id": 1445593814601633799, "id": 1494319564338962432, "text": "All night arron janson he banged tgat wood those 2 by 4s in his house all night he walked in the hallways banged on the walls saying im worth it. Alex olsen blasting the music. What are you doing not getting them out of the building."}, {"author_id": 1348027682064359427, "id": 1494315233409646598, "text": "i walked out my hotel for the first time last night and a cop immediately put his lights and sirens on and made a uturn in the street to stop in front of me. \nonly for him to jump out of the car saying he hit the buttons by accident and apologise profusely for scaring me."}, {"author_id": 893539473862135808, "id": 1494297569681448966, "text": "RT @SIFFnews: Today at #NoirCitySeattle: an amnesiac war veteran searches the dark streets in SOMEWHERE IN THE NIGHT (35mm), and a prolific\u2026"}, {"author_id": 705788304982220800, "id": 1494274335690928129, "text": "@GwashburnGlobe The last time they crushed Detroit, the middle was open all night. With No Rob for lobs, the middle was never there. Brown\u2019s take was blocked by 2 guys. He never thought of passing. Tatum played in low gear all night,hardly helping on D or the boards, and walked it up all game."}, {"author_id": 28287421, "id": 1494270701301383171, "text": "This gets more bizarre. Last night, in my dream, I was sitting and having coffee outside by myself. \nWho walked by walking a dog? \nBob Saget. \n\nIs he trying to speak to me from the other side? \nAm I some medium? https://t.co/GO2rM7P4j5"}, {"author_id": 1055913517285498880, "id": 1494242417939156997, "text": "RT @SIFFnews: Today at #NoirCitySeattle: an amnesiac war veteran searches the dark streets in SOMEWHERE IN THE NIGHT (35mm), and a prolific\u2026"}, {"author_id": 200254524, "id": 1494237307729330177, "text": "I was having a pint in the pub last night when I noticed a bloke standing on his own by the pool table.I walked over to him and said, \"You look bored, do you fancy a playing a game?\"\"Yeah, go on then\" he replied.I tapped him on the shoulder and ran off shouting, \"You're it!\""}, {"author_id": 1491524071884042252, "id": 1494165512963645442, "text": "A sigh ran through my heart that night but i was still disgusted of a girl i knew she was like the girl who threw rose petals at Jesus's feet when he walked by carrying the Cross, I'm sorry! I'm fucking sorry girls can't do their jobs."}, {"author_id": 742964098502103040, "id": 1494150009842847745, "text": "RT @SIFFnews: Today at #NoirCitySeattle: an amnesiac war veteran searches the dark streets in SOMEWHERE IN THE NIGHT (35mm), and a prolific\u2026"}, {"author_id": 1074888092715110401, "id": 1494147386523860992, "text": "RT @CuckMeDaddy2: I panicked once my husband walked in on me drunk and getting fucked by his best friend who seduced me in our kitchen. It\u2026"}, {"author_id": 1484705867811332098, "id": 1494146873967333378, "text": "@AngelPupperz \"What?\"\nHis voice came out from the shadowy corner, and the vampire bats figure appeared before he himself walked out into the light. He scoffed and rolled his eyes, slightly annoyed by what she said.\n\"I'm a vampire BAT! Not some \"unholy creature of the night\"... Just worse.\""}, {"author_id": 1000373747793256448, "id": 1494132030963134469, "text": "RT @SIFFnews: Today at #NoirCitySeattle: an amnesiac war veteran searches the dark streets in SOMEWHERE IN THE NIGHT (35mm), and a prolific\u2026"}, {"author_id": 2731703780, "id": 1494113038332534784, "text": "RT @SIFFnews: Today at #NoirCitySeattle: an amnesiac war veteran searches the dark streets in SOMEWHERE IN THE NIGHT (35mm), and a prolific\u2026"}, {"author_id": 1369485015671861252, "id": 1494108873233416195, "text": "@JuliaHoffmanMD Barnabas had risen from his coffin for another night. As usual, he was anxious to see Julia. When he walked through the door that led to the basement he saw her sitting by the fire. She looked beautiful as the glow of the fire twinkled off of her. (1/2)"}, {"author_id": 1466340191564562434, "id": 1494108257924706304, "text": "@IanaroTheCorgi you first got together, and not once had you felt rushed by him. He was perfectly content waiting for you, and you couldn\u2019t convey how much you appreciated that.\nThinking over last night in your mind as you walked home from RAD hand in hand, you decided enough was enough;"}, {"author_id": 318810906, "id": 1494076191996715009, "text": "@noirfoundation @EddieMuller The sewer shots in \"He Walked By Night\" are fantastic."}, {"author_id": 1433878021, "id": 1494076083041357829, "text": "@_tricia_morris I was trying to go to the grocery store one cold rainy night ans put my mask on early as i walked through the parking lot and near the from there was a truck going back ans forth between two spots separated by the road. \nSo i stood there in the rain as he revved back and forth\u2026"}, {"author_id": 15601001, "id": 1494041580222644224, "text": "RT @vpkeenan: Tonight at #NoirCitySeattle I'll be teeing up a pair of gems both screening in 35mm: SOMEWHERE IN THE NIGHT (1946) and HE WAL\u2026"}, {"author_id": 18009083, "id": 1494041210247254016, "text": "RT @vpkeenan: Tonight at #NoirCitySeattle I'll be teeing up a pair of gems both screening in 35mm: SOMEWHERE IN THE NIGHT (1946) and HE WAL\u2026"}, {"author_id": 2858421021, "id": 1494040055320498176, "text": "RT @vpkeenan: Tonight at #NoirCitySeattle I'll be teeing up a pair of gems both screening in 35mm: SOMEWHERE IN THE NIGHT (1946) and HE WAL\u2026"}, {"author_id": 14541461, "id": 1494039260235665409, "text": "Tonight at #NoirCitySeattle I'll be teeing up a pair of gems both screening in 35mm: SOMEWHERE IN THE NIGHT (1946) and HE WALKED BY NIGHT (1948). #NoirCity https://t.co/DDxZzvO8fa"}, {"author_id": 1103901061339787268, "id": 1494021788182802434, "text": "RT @errantfag: 12 years ago, one of the sexiest boys I know walked into the bakery I worked at in high school. I gave him a free cookie and\u2026"}, {"author_id": 14541461, "id": 1494009853961904129, "text": "RT @SIFFnews: Today at #NoirCitySeattle: an amnesiac war veteran searches the dark streets in SOMEWHERE IN THE NIGHT (35mm), and a prolific\u2026"}, {"author_id": 3735716734, "id": 1494001499130761216, "text": "RT @VehicleTrackerz: The vehicle was boxed in by two cars at an intersection in Cornubia, KZN last night (Saturday). The driver was hijacke\u2026"}, {"author_id": 18879144, "id": 1493997502705582102, "text": "RT @SIFFnews: Today at #NoirCitySeattle: an amnesiac war veteran searches the dark streets in SOMEWHERE IN THE NIGHT (35mm), and a prolific\u2026"}, {"author_id": 1397256452297867265, "id": 1493995402688925699, "text": "conclusion, Katsuki watched the boy with narrowed eyes wondering why he looked so familiar. It was one night when Katsuki couldn\u2019t sleep and had walked towards the lake they set camp by, that he remembered why those bright green eyed looked so familiar.\n\nHe was the boy +"}, {"author_id": 15601001, "id": 1493993880332771330, "text": "Today at #NoirCitySeattle: an amnesiac war veteran searches the dark streets in SOMEWHERE IN THE NIGHT (35mm), and a prolific robber's rap sheet expands to murder in landmark noir HE WALKED BY NIGHT (35mm) @noirfoundation \ud83d\udda4 Tix at https://t.co/ZB6fJjBJFW. https://t.co/0VXUXvNJZH"}, {"author_id": 915871377118416896, "id": 1493956976371539977, "text": "The strawhat was walking around the beach to ease his mind as he saw up and smiled at the night sky. His eyes by the side saw a familiar face...\n\n    Zarbon??\n\n    He took a walk over to the docks to see for himself. He walked behind her as he tapped her shoulder lightly https://t.co/1uLLiOAxGk"}, {"author_id": 1207041876559323136, "id": 1493889833567145986, "text": "RT @VehicleTrackerz: The vehicle was boxed in by two cars at an intersection in Cornubia, KZN last night (Saturday). The driver was hijacke\u2026"}, {"author_id": 1258005449275854850, "id": 1493884727551565829, "text": "@Hxrny_Pacifist Walking there was Frisk, lacking much more clothes than her counterpart as it seemed he had just walked out of the bathroom. A bit of a night owl, he was getting himself a snack when she caught him wandering.\n\n\u2800\u2800\u275d... Hoi.~\u275e\n\n\ud83c\udfa8 By dezzz https://t.co/XurzG6VeTi"}, {"author_id": 1006148255271485440, "id": 1493848514983518210, "text": "RT @VehicleTrackerz: The vehicle was boxed in by two cars at an intersection in Cornubia, KZN last night (Saturday). The driver was hijacke\u2026"}, {"author_id": 966456927705219072, "id": 1493809072419733504, "text": "Forgot to tell you all, I've been checking out some of the #NOIRCITY movies for my blog. The SHAKEDOWN post is almost done, but tonight, I'm back at the theater for THE STORY OF MOLLY X. And tomorrow night, I'll be watching HE WALKED BY NIGHT."}, {"author_id": 2306058756, "id": 1493786700903944196, "text": "RT @Mindy30625784: @AdamKinzinger Did you vote for him?  Cause I sure as hell didn't.  I couldn't sleep the night he won and all of us sane\u2026"}, {"author_id": 1489756133665361920, "id": 1493785105088725001, "text": "@KellyHrudey - Hey Kelly, I was in the Fabulous Forum for a @LAKings game the night Your were traded to our Kings, right by Bob Miller and asked Bob what He thought about You coming to LA, Bob said He was excited and was dancing on the stairs as He walked into the press box, True"}, {"author_id": 1616369154, "id": 1493750678786764805, "text": "RT @Mindy30625784: @AdamKinzinger Did you vote for him?  Cause I sure as hell didn't.  I couldn't sleep the night he won and all of us sane\u2026"}, {"author_id": 1183142707734007808, "id": 1493707768204722176, "text": "So my brother stopped by my place last night. When I opened the door, he walked straight past me &amp; said, \u201cWhere are my boys?\u201d \n\nY\u2019all this man literally went to my BTS shelf and said hello to them, asking them what\u2019s good &amp; what\u2019s new. \n\nI have a whole ARMY family, ISTG \ud83d\ude02 https://t.co/flgtSZHMl5"}, {"author_id": 1160629180133810176, "id": 1493644081720745985, "text": "RT @CuckMeDaddy2: I panicked once my husband walked in on me drunk and getting fucked by his best friend who seduced me in our kitchen. It\u2026"}, {"author_id": 1160944727769985026, "id": 1493642688851324936, "text": "@HLDTour I think by saying what he did he was saying, in a jokey manner, to stop throwing things he doesn\u2019t like it. Imagine if you hit him and he walked off and stopped the show either hurt or pissed off. You\u2019ve ruined everyone\u2019s night then. Maybe think before you throw!"}, {"author_id": 4755660200, "id": 1493637114935738374, "text": "last night I was hanging out with this houseless dude while waiting for an appt and this gorgeous girl walked by, he checked her out, and turned and looked me dead in the eye and said \"I love thick chicks\" and all I could think to say was same"}, {"author_id": 1164405572478951424, "id": 1493625417529446401, "text": "I got up from my bed and walked to the window. Mark stared at me from the other side.\nI pushed the window up. \u201cWhat are you\u2014\u201d\nHe jumped inside.\nHe took me by the hand.\nHe led me to the bed.\nI slept that night, Mark curled around my back.\n\neles s\u00e3o lindos mds"}, {"author_id": 239366580, "id": 1493621145681211395, "text": "RT @VehicleTrackerz: The vehicle was boxed in by two cars at an intersection in Cornubia, KZN last night (Saturday). The driver was hijacke\u2026"}, {"author_id": 987340926526816258, "id": 1493609925003681806, "text": "RT @VehicleTrackerz: The vehicle was boxed in by two cars at an intersection in Cornubia, KZN last night (Saturday). The driver was hijacke\u2026"}, {"author_id": 188960935, "id": 1493609782313373704, "text": "last night i walked by luccas room after i put him down to sleep and he was talking to himself and goes \u201ci really like to color\u201d lmfaoo WHO r u telling this to? the ghost in the corner???"}, {"author_id": 40005554, "id": 1493583233472245761, "text": "@0detteroulette @lumpygravy29 @neuroticgremlin I feel ok in some of my neighborhood. I just walked a couple blocks home last night by myself because my SO and I were walking the dog together and my knee started hurting. He would\u2019ve come back with me if I\u2019d wanted, though, and I texted him as I was going. Sometimes I call \u2026"}, {"author_id": 1445243587789299717, "id": 1493562423126671364, "text": "RT @Mindy30625784: @AdamKinzinger Did you vote for him?  Cause I sure as hell didn't.  I couldn't sleep the night he won and all of us sane\u2026"}, {"author_id": 1183388529990221826, "id": 1493555279279050760, "text": "RT @Mindy30625784: @AdamKinzinger Did you vote for him?  Cause I sure as hell didn't.  I couldn't sleep the night he won and all of us sane\u2026"}, {"author_id": 1645751358, "id": 1493548073699758085, "text": "RT @VehicleTrackerz: The vehicle was boxed in by two cars at an intersection in Cornubia, KZN last night (Saturday). The driver was hijacke\u2026"}, {"author_id": 110940952, "id": 1493530220804063232, "text": "RT @VehicleTrackerz: The vehicle was boxed in by two cars at an intersection in Cornubia, KZN last night (Saturday). The driver was hijacke\u2026"}, {"author_id": 2760088588, "id": 1493523849115222020, "text": "RT @VehicleTrackerz: The vehicle was boxed in by two cars at an intersection in Cornubia, KZN last night (Saturday). The driver was hijacke\u2026"}, {"author_id": 1328427603976445953, "id": 1493523670051995648, "text": "RT @VehicleTrackerz: The vehicle was boxed in by two cars at an intersection in Cornubia, KZN last night (Saturday). The driver was hijacke\u2026"}, {"author_id": 2897969805, "id": 1493501015760556032, "text": "RT @VehicleTrackerz: The vehicle was boxed in by two cars at an intersection in Cornubia, KZN last night (Saturday). The driver was hijacke\u2026"}, {"author_id": 121911975, "id": 1493494002523406336, "text": "RT @Mindy30625784: @AdamKinzinger Did you vote for him?  Cause I sure as hell didn't.  I couldn't sleep the night he won and all of us sane\u2026"}, {"author_id": 541635344, "id": 1493479143253725190, "text": "RT @VehicleTrackerz: The vehicle was boxed in by two cars at an intersection in Cornubia, KZN last night (Saturday). The driver was hijacke\u2026"}, {"author_id": 1543051549, "id": 1493475861894422528, "text": "RT @VehicleTrackerz: The vehicle was boxed in by two cars at an intersection in Cornubia, KZN last night (Saturday). The driver was hijacke\u2026"}, {"author_id": 3000629433, "id": 1493468115954544642, "text": "RT @Mindy30625784: @AdamKinzinger Did you vote for him?  Cause I sure as hell didn't.  I couldn't sleep the night he won and all of us sane\u2026"}, {"author_id": 3915424275, "id": 1493464170293088256, "text": "RT @VehicleTrackerz: The vehicle was boxed in by two cars at an intersection in Cornubia, KZN last night (Saturday). The driver was hijacke\u2026"}, {"author_id": 1885430496, "id": 1493458867040108548, "text": "RT @Mindy30625784: @AdamKinzinger Did you vote for him?  Cause I sure as hell didn't.  I couldn't sleep the night he won and all of us sane\u2026"}, {"author_id": 771452765897789441, "id": 1493448065969053697, "text": "18 years ago tonight, I first saw @CMPunk wrestle. \n\nHated him from the minute he walked out pretending to be Christopher Daniels... and he was my favorite wrestler by the end of the night."}, {"author_id": 1358981161305993216, "id": 1493443137641103360, "text": "RT @kykynivae: He said \u201cPack your dinner outfit &amp; night clothes, be ready by 4:30\u201d\ud83e\udd7a This is what I walked in to\u2764\ufe0f https://t.co/UtADlR06eh"}, {"author_id": 1195061287572652035, "id": 1493437552325500929, "text": "RT @VehicleTrackerz: The vehicle was boxed in by two cars at an intersection in Cornubia, KZN last night (Saturday). The driver was hijacke\u2026"}, {"author_id": 843075938095190016, "id": 1493437019162296320, "text": "RT @VehicleTrackerz: The vehicle was boxed in by two cars at an intersection in Cornubia, KZN last night (Saturday). The driver was hijacke\u2026"}, {"author_id": 1313482209383374851, "id": 1493436783866126345, "text": "@KaraAvelli @MatthewAMullins Last night before my bed i was playing 7 day to die. I was just watching this zombie walk by me like i was an wall... I turn while he walked. Then BOOM! HEADSHOT! And then enter 3 undead dogs and a couple zombies. Im glad i had my pipe autorifle."}, {"author_id": 3431338419, "id": 1493433361251110912, "text": "RT @Mindy30625784: @AdamKinzinger Did you vote for him?  Cause I sure as hell didn't.  I couldn't sleep the night he won and all of us sane\u2026"}, {"author_id": 391901808, "id": 1493433001417580546, "text": "RT @VehicleTrackerz: The vehicle was boxed in by two cars at an intersection in Cornubia, KZN last night (Saturday). The driver was hijacke\u2026"}, {"author_id": 1249767768108474374, "id": 1493430010220322816, "text": "RT @Mindy30625784: @AdamKinzinger Did you vote for him?  Cause I sure as hell didn't.  I couldn't sleep the night he won and all of us sane\u2026"}, {"author_id": 1444573529400217605, "id": 1493428938206769153, "text": "@StarcatchersNFT @WeatheReportNFT @Chickenthighhh He nonchalantly said \"hi\" as I walked by during our work event. We politely talked and went on our way. Two weeks later when I was newly single, I happened to see him out. We ended up talking all night and closed the bar to catch the stars \u2728 we got married 9 yrs later too \ud83d\ude0b"}, {"author_id": 1000394549523599365, "id": 1493426416695877634, "text": "RT @VehicleTrackerz: The vehicle was boxed in by two cars at an intersection in Cornubia, KZN last night (Saturday). The driver was hijacke\u2026"}]