[{"author_id": 1166785985285410816, "id": 1495216878205210624, "text": "@awstar11 That headline may actually beat \u201cHeadless Body in Topless Bar.\u201d Wow."}, {"author_id": 1450410938503368710, "id": 1495179633897050113, "text": "@OrwellNGoode This is up there with \"Headless body in Topless bar\" for the Pulitzer prize of subediting."}, {"author_id": 32013608, "id": 1495174206451027970, "text": "@jamesaydelott I like it! But I still say this is the best: https://t.co/fsaAASjA7F"}, {"author_id": 1339650811018801152, "id": 1494882331374411777, "text": "@GrantGarraway Saints be praised, no. The Murdochs own the NY Post, best noted for headlines like, \u201cHeadless Body in Topless Bar.\u201d"}, {"author_id": 1426928802798751745, "id": 1494659814164729856, "text": "@MarshaBlackburn Marsha Blackburn, another ridiculous headline from a Murdock rag which once had a headline Headless Body Found in Topless Bar."}, {"author_id": 953527652, "id": 1494489065059602433, "text": "@Daily_Record That headline will now be framed and hung in newsrooms across the world (next to \u201cHeadless body found in topless bar\u201d, and \u201cMan bites dog\u201d)"}, {"author_id": 1965578353, "id": 1494429569784455179, "text": "RT @emilynussbaum: What\u2019s your favorite headline? (Please exclude Headless Body In Topless Bar.)"}, {"author_id": 18273351, "id": 1494369035517104134, "text": "@CotterReporter Right up there with \"Headless body found in topless bar.\""}, {"author_id": 1441300807589138444, "id": 1493868038399348737, "text": "@TheKennyDevine Headless body in topless bar."}, {"author_id": 1256126290127491072, "id": 1493596949869699089, "text": "HEADLESS BODY FOUND IN TOPLESS BAR"}, {"author_id": 318514326, "id": 1493336117592170496, "text": "I have finally found a legitimate reason to call a chapter 'Headless body in topless bar'."}, {"author_id": 613211364, "id": 1493316985391919108, "text": "@DaleEArnold The story is - click thru rates or paper sales. The Post once had a headline \u201cHeadless Body Found In Topless Bar\u201d. They are above nothing! \ud83e\udd18\ud83c\udffc\u262e\ufe0f\ud83c\uddfa\ud83c\uddf8 https://t.co/zdIbc1PdDa"}, {"author_id": 1256126290127491072, "id": 1493052921923051521, "text": "HEADLESS BODY FOUND IN TOPLESS BAR"}]