[{"author_id": 1294763833769299969, "id": 1495285711771254787, "text": "RT @SukursalRock: Some songs reflect perfectly the strength, passion and talent of Rock, this is one of these. Happy 38th anniversary of th\u2026"}, {"author_id": 32188375, "id": 1495284690630103040, "text": "Marry the night\nBorn this way\nGovernment Hooker\nJudas\nScheiBe \nBloody Mary \nHeavy Metal Lover \nThe Edge of Glory https://t.co/SCR10cOC01"}, {"author_id": 1399931352401723393, "id": 1495284517132775425, "text": "@DAE92__ And Heavy Metal loves you back. \u2620\ufe0f\u2620\ufe0f\u2620\ufe0f"}, {"author_id": 1332972576407056385, "id": 1495284015997218817, "text": "I love Heavy Metal"}, {"author_id": 25108396, "id": 1495283778935164930, "text": "this is not the kind of heavy metal I normally listen to, but you have to give them credit for going all in on Brian Jacques's Redwall series https://t.co/A4kGmigaGa"}, {"author_id": 43605348, "id": 1495283476408332290, "text": "@allen_marple @chickenfootjoe Cool album. I remember most of the heavy metal band guitar players in the Bay Area getting lessons from Joe."}, {"author_id": 754591636743524352, "id": 1495283439334871044, "text": "government hooker\njudas\nsheibe\nbloody mary\nfashion of his love\nheavy metal lover\nelectric chapel\nyou and I https://t.co/GNYjUqadGM"}, {"author_id": 1183254864, "id": 1495281543610355713, "text": "RT @mongabay: In Indonesia\u2019s Obi Islands, researchers say industrial pollution has turned the coastal waters into a \u201cmud puddle\u201d because of\u2026"}, {"author_id": 1488942424055595016, "id": 1495281133277302784, "text": "@gagadaily 1. BORN THIS WAY 2. GOVERNMENT HOOKER 3. JUDAS 4. SCHEI\u1e9eE 5. BLOODY MARY 6. HEAVY METAL LOVER 7. YO\u00dc AND I 8. THE EDGE OF GLORY"}, {"author_id": 710432787124203520, "id": 1495280784340443138, "text": "RT @Love_Metal_Ro: On February 20th 1977, was born Italian drummer Francesco Jovino, member of heavy metal band U.D.O. (2004-2014), of powe\u2026"}, {"author_id": 1435960717811748871, "id": 1495280005404053505, "text": "Marry The Night\nJudas\nHair\nSchei\u00dfe\nBloody mary\nBlack Jesus + amen fashion \nHeavy metal lover\nThe edge of glory https://t.co/oaXITOb26H"}, {"author_id": 1439772457066504193, "id": 1495279095302742017, "text": "RT @fauxbiasforge: Sci-fi, Horror, and Heavy Metal Illustrator Justin Bartlett (@vberkvlt) needs your help battling his Stage 4 Colorectal\u2026"}, {"author_id": 1442158890850783241, "id": 1495279083231588353, "text": "I love nightcore that\u2019s how I learned how to make musiq cos I used to make it in audacity, I really loved making heavy metal into it"}, {"author_id": 1389087789128486914, "id": 1495278777361915904, "text": "@gagadaily 1. Marry The Night \n2. Judas\n3. Hair\n4. Highway Unicorn\n5. Heavy Metal Lover\n6. You and I\n7. Edge of Glory \n8. Born This Way\n(Bonus tracks: Schie\u00dfe, Fashion of His Love, Black Jesus)"}, {"author_id": 1340083111846170624, "id": 1495278775738769410, "text": "For you morons pissed about Dave Grohl doing a full on metal album he\u2019s already done it! This is about as heavy as it gets.  https://t.co/rYFSlRAA6Z"}, {"author_id": 1486660944142897158, "id": 1495278579445547009, "text": "RT @mongabay: In Indonesia\u2019s Obi Islands, researchers say industrial pollution has turned the coastal waters into a \u201cmud puddle\u201d because of\u2026"}, {"author_id": 1212347703121698819, "id": 1495278536264798209, "text": "Female \ud83d\udc69 Holiday Throat Quiet Tea Break \u2615\ud83d\ude03\ud83c\udf74\ud83e\udd5e\ud83c\udf70\ud83c\udf6e\ud83c\udf53\ud83c\udfe0\ufe0f When you're tweeting out-of-place vulgar hip-hop \ud83c\udfa4\ud83c\udfb6 or unfeeling heavy metal rock \ud83c\udfb8\ud83c\udfb6 We don't understand \u2935\ufe0f\ud83e\udd7a"}, {"author_id": 1476470825473744898, "id": 1495278414105911302, "text": "he\u2019s shitting on me cause i don\u2019t listen to heavy metal \ud83d\ude44 https://t.co/XmFvYSaF4X"}, {"author_id": 978913143995985920, "id": 1495278393083977731, "text": "On February 20th 2009, Swedish heavy metal band HammerFall released seventh album, No Sacrifice, No Victory\nhttps://t.co/FatDyGgqsX prin @YouTube"}, {"author_id": 1340083111846170624, "id": 1495278347001159680, "text": "@MetalAndy84 It\u2019s possibly the stupidest thing to be upset about seeing how he\u2019s already done an extremely heavy heavy metal album with his side project Probot. This seems like the next logical direction for a kid that grew up on Maiden and Mercyful Fate."}, {"author_id": 1344572136, "id": 1495278276092309507, "text": "RT @BookSoup: One of our first IN-STORE events in 2 years(!!)\n\n@MelissMeszaros discusses her memoir Heavy Metal Headbang. Don't miss it! Co\u2026"}, {"author_id": 1489984073019842564, "id": 1495278029169475584, "text": "Oh Bird Feed Chef Influencers of Holy Souls of holy lands of All ancestors!! Mongolia you have a really cool heavy-metal band growing up on the screen. Hey do you music!! Good vibe!! The HU!!! Drop more pipes!!! I dropped mine! No glass in the medicine! \u2764\ufe0f https://t.co/t12SnZkHgD"}, {"author_id": 1027484746568347648, "id": 1495277390666342403, "text": "BREAKING NEWS\u26a0\ufe0f METALHEADS TURNED INTO WOKE \ud83d\udca9\ud83d\udd95SNOWFLAKES &amp; CANCEL CULTURE \u26a0\ufe0f PROBOT DAVE GROHL METAL COLAB BRILLIANT #metalfamily #metalhead #Metal #music #davegrohl #heavy #thrash #thrashmetal #probot @foofighters @ThisDayInMETAL #FooFighters https://t.co/YNyA0nsQMu https://t.co/szfB6ZEzGp"}, {"author_id": 1492014349640093698, "id": 1495277017385762817, "text": "@thedubstepdoge2 @FloRollerco I wouldn\u2019t say (Nothing else matters) is the second best , that being said I love the song . Its not a typical heavy metal song , I think it\u2019s good. \ud83e\udd18\ud83e\udd18\ud83e\udd18"}, {"author_id": 529731505, "id": 1495276965502369792, "text": "HIT THE PEDAL HEAVY METAL"}, {"author_id": 978913143995985920, "id": 1495276940223291397, "text": "On Febraury 20th 1996, Brazilian heavy metal band Sepultura released sixth album, Roots, last to feature founding member and vocalist/guitarist Max Cavalera\nhttps://t.co/m8UoYpu6Ex prin @YouTube"}, {"author_id": 2894609140, "id": 1495276824313487364, "text": "RT @CelestialSys_: @spediceybot @Jacksepticeye Heavy metal"}, {"author_id": 1569263136, "id": 1495276401041227776, "text": "The Edge of Glory\nBorn This Way\nHeavy Metal Lover\nJudas\nYou and I\nElectric Chapel\nBloody Mary\nMarry the Night https://t.co/JDuvGvL235"}, {"author_id": 417368707, "id": 1495275763402162181, "text": "Marry the night\nBorn this way\nJudas\nSchei\u00dfe\nBloody Mary\nHeavy Metal Lover\nYo\u00fc and I\nThe edge of glory https://t.co/WrBKBCdm7o"}, {"author_id": 214669968, "id": 1495275268629540865, "text": "RT @Metalmike3: Happy 74th Birthday @tonyiommi \n\nAnthony Frank Iommi (/a\u026a\u02c8o\u028ami/; born 19 February 1948) is a British guitarist. He was the\u2026"}, {"author_id": 978913143995985920, "id": 1495275246060023813, "text": "On February 20th 1977, was born Italian drummer Francesco Jovino, member of heavy metal band U.D.O. (2004-2014), of power metal band Primal Fear (2015-2019) and of hard rock band Voodoo Circle (2015-2019)\nhttps://t.co/dYY0OHrAvB prin @YouTube"}, {"author_id": 2383145095, "id": 1495275221615472643, "text": "RT @metaphotic: #music #newmusic #NewMusicSunday #rock #hardrock #progrock #acousticrock #spacepunk #metal #progmetal #heavymetal #alternat\u2026"}, {"author_id": 1494135907557023745, "id": 1495274886339641345, "text": "Little more about me;\nBeen in the furry fandom since 11 yrs old, Straight fur, \ud83d\udc8d, Dream maker is Made Fur You, \u264f, favorite band is Deftones, I love most genres of music, mainly heavy metal &amp; Jazz, Dream Job; Vet, I have atleast 10 fursonas.\nWant fur friends to talk to \ud83d\ude04"}, {"author_id": 1359302345054584838, "id": 1495274878500442112, "text": "#music #newmusic #NewMusicSunday #rock #hardrock #progrock #acousticrock #spacepunk #metal #progmetal #heavymetal #alternative\n\n\"To Die On Mars\" - a dark old-school heavy metal theme from the Southern Highlands that intensifies with each recapitulation: https://t.co/PNntk1qW1t"}, {"author_id": 768251794254237696, "id": 1495274564175073286, "text": "RT @STaylorOfficial: \u201cThe Hellion\u201d into \u201cElectric Eye\u201d is simply heavy metal perfection. \ud83d\udd25"}, {"author_id": 855841389950652416, "id": 1495274521166761990, "text": "ROCK QUEEN of the Week is Christine Steel from Christian #Metal band Arsenal on New Hard, Heavy &amp; Hair 344 \"Dangerous Curves\" Streaming Free at https://t.co/beUZuQDQFi #80srock #Christianmetal #Classicrock #HardRock https://t.co/M5xq1axACd"}, {"author_id": 2912024931, "id": 1495274501822685184, "text": "and here's The Cast Of Heavy Metal L-Gaim! https://t.co/V6QVym53qP"}, {"author_id": 2900214557, "id": 1495274055880122368, "text": "@Xpndejo Heavy metal \ud83e\udd23"}, {"author_id": 890995592674934784, "id": 1495273616702726146, "text": "RT @rocknrollgarag1: Happy 74 birthday to the creator of Heavy Metal music, the \"Riffmaster\", Black Sabbath guitarist Mr. Tony Iommi! https\u2026"}, {"author_id": 882829256170057728, "id": 1495273134416666625, "text": "@gagadaily Marry The Night\nBorn This Way\nJudas\nHair\nScheibe\nHeavy Metal Lover\nYo\u00fc and I\nThe Edge Of Glory"}, {"author_id": 748253902705831936, "id": 1495272931831599104, "text": "RT @Ivsy01: 20\u2019s: sunglasses, platinum hair. \n\n40\u2019s: eyeglasses, reading about the heavy metal platinum."}, {"author_id": 20175231, "id": 1495272857277980677, "text": "Heavy Metal is a neat as fuck animated movie.  As long as you\u2019re willing to accept an excessive amount of BIG BOOBIE WOMEN NUDITY, you\u2019re in for one hell of a trip that lives up to the name."}, {"author_id": 2740711026, "id": 1495272477597081601, "text": "I\u2019m tired of metal bands saying their new album is heavier, have we not reached peak heavy at this point? Like how much heavier can we possibly go?"}, {"author_id": 390521239, "id": 1495272158083403781, "text": "RT @jshaggy1983: And now, the heavy metal ballad hits. #AttackOnTitan #Toonami https://t.co/5LVN6x4FaC"}, {"author_id": 779897968300130304, "id": 1495271928579375109, "text": "And now, the heavy metal ballad hits. #AttackOnTitan #Toonami https://t.co/5LVN6x4FaC"}, {"author_id": 1238694379285393410, "id": 1495271518581841920, "text": "Mud spillin' while I'm dancin' with the devil\nI'm a villain, but the lord will be my shepherd\nStick talk, left his body like a leopard\nOnce again, can't nobody do it better\nA punk rocker, I be playin' heavy metal"}, {"author_id": 992871671928254464, "id": 1495271394023653377, "text": "@leezee67859584 Right on! \ud83e\udd18\ud83e\udd2c\ud83c\udfa4\ud83c\udfb8\ud83e\udd41\ud83c\udf9b\ufe0fNothing like some great Heavy Metal! Nice 2 know U! \ud83c\uddfa\ud83c\uddf2\ud83d\ude03\ud83c\udfa9 https://t.co/I37n07a3yW"}, {"author_id": 47977931, "id": 1495271032923557889, "text": "JOHN HENNIGAN, TAYA, PENTA, BANDIDO, PSYCHO CLOWN, HEAVY METAL &amp; MORE: 2/19 AAA LUCHA LIBRE REY DE REYES 2022 RESULTS Elite: https://t.co/bRZVULnFVA, Free: https://t.co/Z8cIjvtlQX"}, {"author_id": 72426152, "id": 1495270935024177152, "text": "This is the video that\u2019s connected to the Homeless Refuge Ministry in Nashville that I asked for \ud83d\ude4f or your consideration to help. \n\nThis is Heavy Metal Pastor Bob. Awesome Ministry &amp; people. God Bless &amp; have mercy on the least of our brothers &amp; sisters \u270a\u2764\ufe0f\u270c\ufe0f\n\nLove you all! https://t.co/olAxREbfY7"}, {"author_id": 1428536898922893317, "id": 1495270664391036928, "text": "Luismi heavy metal \ud83e\udd1f\ud83e\udd1f\ud83e\udd1f https://t.co/xFICtVCH5v"}, {"author_id": 1312764322066518022, "id": 1495270639153790978, "text": "@CitehAndy We haven't played \"heavy metal football\" since 2018. Keep up lol."}, {"author_id": 103516223, "id": 1495270404805464064, "text": "RT @alexbryant_: @NeuroYogacara Have you read this article by Jay Miller? I got interested in this question after reading it recently, make\u2026"}, {"author_id": 1431056738254532610, "id": 1495269034505367554, "text": "i really like heavy metal! if i ever get an electric guitar, i would really like to learn some of my favorite metal songs:))!!!"}, {"author_id": 17608018, "id": 1495268779496026114, "text": "RT @oriettamusic: \ud83c\udfb8\ud83c\udfb6 Happy birthday  Anthony \u201cTony\u201d Frank Iommi, 19 February 1948. He was lead guitarist, co-founder &amp; leader of heavy meta\u2026"}, {"author_id": 14117555, "id": 1495268363379089408, "text": "\u201cnever too young to die\u201d 1987. vanity. john stamos. and gene simmons as a heavy metal he-she (whatever the hell that means.) sorry i tines in at the end https://t.co/bbKJBCyLVn"}, {"author_id": 1387220166849613826, "id": 1495267163581468673, "text": "(HEAVY METAL VOICE TO THE TUNE OF I AM THE WALRUS)"}, {"author_id": 1396930447641251840, "id": 1495267159630483456, "text": "RT @SukursalRock: Happy birthday to Tony Iommi!\ud83c\udf82 Mr. Anthony Frank Iommi best known as Tony Iommi, is a British musician, composer and one\u2026"}, {"author_id": 345952121, "id": 1495266791383535627, "text": "RT @ThisDayInMETAL: Happy Birthday Tony Iommi, Ozzy takes a pee, R.I.P. Bon Scott and so much more!!\n\nYOU WANTED THE NEWS.. YOU GOT THE NEW\u2026"}, {"author_id": 1058369385256116231, "id": 1495266774337609731, "text": "AAA \u201cREY DE REYES\u201d RESULTS 2/19/22: TAYA VALKYRIE, JOHN MORRISON, HEAVY METAL RETURN, CARLOS CABRERA &amp; HUGO SAVINOVICH REUNITE\n\n#ReyDeReyes #LuchaLibreAAA \n\nhttps://t.co/0rrkJlJekZ https://t.co/DtUlDFHBbk"}]