[{"author_id": 101541840, "id": 1495282989470818305, "text": "RT @OneKindesign: This breathtaking Rocky Mountain hideaway is an absolute dream house\nhttps://t.co/mRrnrqZB7Q https://t.co/In5A9IbQpr"}, {"author_id": 1274188932343754755, "id": 1495281603786194944, "text": "RT @eieio35: hideaway https://t.co/SzUXGLK0GZ"}, {"author_id": 1413926002355433472, "id": 1495279075321020426, "text": "RT @cathleamae1: Yesterday, love was such an easy game to play / Now I need a place to hideaway / Oh I believe in yesterday\nTEAMJOLLY GOESK\u2026"}, {"author_id": 1488059017666576385, "id": 1495278316483485698, "text": "They're going home, into the Red States - into the homes that had waited decades for them.\n\nWith eager eyes, and more.\nThey're welcome back in the meth trailer parks. \n\nTo Hide. #heidi #hedy #aheady #hedley #hendry #hideaway #beds"}, {"author_id": 49463043, "id": 1495278165291413508, "text": "@valentinifrank @GeneralHospital @KristinaWagnr @teenystweeting Need a better translate app though:  Hidden Meadow is versteckte Wiese not Weise - which can mean way or wise - but not meadow -but then GH does hideaway their wisdom -can\u2019t find it very much"}, {"author_id": 35418430, "id": 1495276986276753408, "text": "Don Vito - Radio Indie... on Aubrey Whitfield - Secret Hideaway feat Georgia Meek (EchoDrop) Future Club Dance - Good song thanks (10/9)"}, {"author_id": 22588272, "id": 1495276718336131073, "text": "RT @deanrmarsh: @Ripperton @TheAshleyBeedle @dubfire First time I'd heard Hideaway played out... They weaved it in and out for about 20-30\u2026"}, {"author_id": 15264665, "id": 1495274274873094146, "text": "Like candy. Fermented fruit drink. - Drinking a Tropical Hideaway by @BottleLogicBrew at @liquidgold_sf  \u2014 https://t.co/prB3smAWuv"}, {"author_id": 1073940281911726080, "id": 1495273562420117508, "text": "RT @OneKindesign: This breathtaking Rocky Mountain hideaway is an absolute dream house https://t.co/mRrnrqZB7Q https://t.co/JM2en4oNU0"}, {"author_id": 1445142175415685127, "id": 1495271625775890437, "text": "Just posted a video @ The Hideaway https://t.co/gH0mz00zXK"}, {"author_id": 1445142175415685127, "id": 1495271182370754564, "text": "Just posted a photo @ The Hideaway https://t.co/46m6L0zMFc"}, {"author_id": 1445142175415685127, "id": 1495270829042638848, "text": "Just posted a photo @ The Hideaway https://t.co/MeF1kmpOS3"}, {"author_id": 4153053135, "id": 1495269563369410563, "text": "Now playing on OSN Radio (@osnradio) Hideaway (Deep Dish Radio Mix) by De'Lacy #OSN #NowPlaying (https://t.co/sqSi21pNZ1)"}, {"author_id": 4566105684, "id": 1495269150608211970, "text": "RT @OneKindesign: This breathtaking Rocky Mountain hideaway is an absolute dream house https://t.co/mRrnrqZB7Q https://t.co/JM2en4oNU0"}, {"author_id": 94004743, "id": 1495265955668131841, "text": "Hollywood Hills hideaway\nReduced to $19.9 Million https://t.co/zTmF1yirao"}, {"author_id": 1445142175415685127, "id": 1495265825250582531, "text": "Just posted a photo @ The Hideaway https://t.co/7Yq2U6wI3H"}, {"author_id": 1470831586023198723, "id": 1495264696173314051, "text": "@wef I have an idea ..go ..get on some meds and apologize. Stand down and hideaway in retirement ..its not really a suggestion . you have no idea of the capability your antagonizing"}, {"author_id": 1432127470237458435, "id": 1495264614199619585, "text": "Yesterday, love was such an easy game to play / Now I need a place to hideaway / Oh I believe in yesterday\nTEAMJOLLY GOESKPOP\n#AOSPusuanNaYan\n@realsofiapablo\n@itsmeallenansay\n@gmanetwork\n@Sparkle_GMA\n@AllOutSundays7"}, {"author_id": 1445142175415685127, "id": 1495263643868401668, "text": "Just posted a photo @ The Hideaway https://t.co/97qyAcWlsc"}, {"author_id": 26350776, "id": 1495262359111282692, "text": "#NowPlaying Peaceful Hideaway playlist on Spotify."}, {"author_id": 855065970351763456, "id": 1495261442542608388, "text": "RT @kjshideaway: Next Thursday here! A show you won't want to miss! \nhttps://t.co/ieRIoMSfzn"}, {"author_id": 1445142175415685127, "id": 1495260675391766529, "text": "LORD JESUS CHRIST CONDOLENCES \ud83d\ude4f\ud83c\udffd @ The Hideaway https://t.co/5j1sM08DCX"}, {"author_id": 1445142175415685127, "id": 1495260381928988674, "text": "Just posted a video @ The Hideaway https://t.co/wUz8u0CDpt"}, {"author_id": 562848986, "id": 1495260065523195912, "text": "Charles to 'give Balmoral to the people of Scotland' when he becomes King\n\nThe Royal Family's beloved Highland hideaway could be gifted to nation by future King Charles when he is crowned\n\n  https://t.co/wElMLimZWe"}, {"author_id": 1445142175415685127, "id": 1495258000709328896, "text": "Just posted a photo @ The Hideaway https://t.co/XDCfo0Srcg"}, {"author_id": 1453806494344941568, "id": 1495256760449474561, "text": "Next Thursday here! A show you won't want to miss! \nhttps://t.co/ieRIoMSfzn"}, {"author_id": 1445142175415685127, "id": 1495256418211016705, "text": "Just posted a photo @ The Hideaway https://t.co/kNAXAndFUi"}, {"author_id": 1130172685, "id": 1495255779200360448, "text": "RT @Rhondizzle_: Hideaway \ud83d\udd25\ud83d\udd25\ud83d\udd25\ud83d\udd25 #FAMEFrequency"}, {"author_id": 1094409824241139712, "id": 1495255671650062338, "text": "Hideaway \ud83d\udd25\ud83d\udd25\ud83d\udd25\ud83d\udd25 #FAMEFrequency"}, {"author_id": 1445142175415685127, "id": 1495255482977693699, "text": "Just posted a video @ The Hideaway https://t.co/lZHuTUTpVU"}, {"author_id": 1421859554128646149, "id": 1495254926426927110, "text": "RT @yochipotchicart: Taguig teumes!! \n\nWe're renting out our vacation home with a built in projector and loud speakers! Perfect for concert\u2026"}, {"author_id": 1445142175415685127, "id": 1495253610715746304, "text": "Just posted a video @ The Hideaway https://t.co/m6zzAx8obM"}, {"author_id": 1445142175415685127, "id": 1495253299322245123, "text": "Lol \ud83d\ude02 @ The Hideaway https://t.co/0dAXhazoT4"}, {"author_id": 861188618269884416, "id": 1495252988339929088, "text": "hideaway in mayfair, all the great and good there, drinking all the way to third base \ud83d\ude29\ud83d\ude29\ud83d\ude29\ud83d\ude29\ud83d\ude29"}, {"author_id": 1445142175415685127, "id": 1495252719350673414, "text": "Just posted a video @ The Hideaway https://t.co/GiTtr5azbX"}, {"author_id": 1445142175415685127, "id": 1495252676157886465, "text": "Just posted a photo @ The Hideaway https://t.co/zi0vbOxvvk"}, {"author_id": 545586205, "id": 1495252385748369410, "text": "Drinking a Hideaway by @powerhousebrew1 at @powerhousebrew1 \u2014 https://t.co/w8OpM6J3i3"}, {"author_id": 3594339796, "id": 1495252206513180680, "text": "@Margiela , pet-free to @GAYLETTER Providence ... 90\u2019s 90s Rx ... D.C. was threatening ... Montell Jordan? No doubt k90 cutting succulents preferred Celerie MUCHO | Inside Designer J-man Galliano\u2019s Treasure-Filled French Hideaway w/ 7 U... https://t.co/LboMUZpZum viagge @YouTube"}, {"author_id": 36237237, "id": 1495250257466249216, "text": "#doa2022 #doorbaes @ Hernandos Hideaway https://t.co/2zZuBnZfkc"}, {"author_id": 127316940, "id": 1495249953463091201, "text": "Appetizer @ Rudy's Hideaway Lobsterhouse, Bar &amp; Catering https://t.co/1jrprfQN7v"}, {"author_id": 738820711, "id": 1495247981892755460, "text": "The Crossroads Of Chaos: Society Is Collapsing (Preppers Hideaway Book 2) by ... https://t.co/VHIGkYVmNI via @amazon #preppers #prepping #fishiing #survival"}, {"author_id": 1240536406566432769, "id": 1495247934119559171, "text": "RT @eunpyon: I now have pokemon arceus, time to enter goblin mode and hideaway"}, {"author_id": 1237958137120010240, "id": 1495247405931024389, "text": "#nr: hideaway https://t.co/L2e7TGgCZW"}, {"author_id": 1401001248, "id": 1495245715840319492, "text": "In Charge https://t.co/hZ0uGErbuo #heels #lace #naked https://t.co/xrtSuDEU0E"}, {"author_id": 127508302, "id": 1495244828770189320, "text": "BOMB. Amazing. - Drinking a Tropical Hideaway by @BottleLogicBrew - https://t.co/es4FpPiQnA"}, {"author_id": 1445142175415685127, "id": 1495244652328456196, "text": "Just posted a video @ The Hideaway https://t.co/HlMW00nilA"}, {"author_id": 1445142175415685127, "id": 1495244459788886017, "text": "Just posted a video @ The Hideaway https://t.co/NYz1TdgW86"}, {"author_id": 583509630, "id": 1495243477445136384, "text": "RT @robothouseOKC: Hideaway Pizza on-hold message wins GOLD! Listen here: https://t.co/s3fLZ3FP7a #AdSpace22 #OKADDYs #OKCADDYs \ud83c\udf55\u260e\ufe0f\ud83e\udd47 https:\u2026"}, {"author_id": 1445142175415685127, "id": 1495242286807982080, "text": "Just posted a photo @ The Hideaway https://t.co/r0EmxuriSZ"}, {"author_id": 957798445967925248, "id": 1495242274078400513, "text": "RT @eunpyon: I now have pokemon arceus, time to enter goblin mode and hideaway"}, {"author_id": 1492637814827229190, "id": 1495241886285668355, "text": "\"Deep in my bones, I can feel you. Take me back to a time only we knew. Hideaway. Say you\u00b4ll never let me go...\""}, {"author_id": 1377278141320859650, "id": 1495241485687558144, "text": "Maybe it's the way you call my name. Maybe it's the serotonin in my brain. Baby, we gon fly away, painting pictures of our perfect hideaway"}, {"author_id": 738820711, "id": 1495241364996599809, "text": "The Crossroads Of Chaos: Society Is Collapsing (Preppers Hideaway Book 2) by ... https://t.co/VHIGkYVmNI via @amazon #prepper #preparedness"}, {"author_id": 757778270834294785, "id": 1495240244681224204, "text": "God bless the hideaway home sweet home to me"}, {"author_id": 1250535535623446529, "id": 1495239466004455431, "text": "We have cocks to satisfy! #dvp #dp and our girl supports our activities!\nEnjoy our activities with her with these stories:\n\nThe Book of Secrets: Adventures at a Lifestyle Hideaway https://t.co/nMqQnOULBM https://t.co/1ur5zjTcme"}, {"author_id": 1445142175415685127, "id": 1495238229381070855, "text": "Just posted a video @ The Hideaway https://t.co/OsiIYfum32"}, {"author_id": 1445142175415685127, "id": 1495238131486019587, "text": "Just posted a video @ The Hideaway https://t.co/Yq8Uqh2JJo"}, {"author_id": 1199023397377888257, "id": 1495237824018272257, "text": "RT @eunpyon: I now have pokemon arceus, time to enter goblin mode and hideaway"}, {"author_id": 777725382724378624, "id": 1495237749623853058, "text": "I now have pokemon arceus, time to enter goblin mode and hideaway"}, {"author_id": 2785360970, "id": 1495236874981765120, "text": "Are you tired of shops appeared in guidebooks? We will guide you to hideaway shops and restaurants that only locals know about."}, {"author_id": 1445142175415685127, "id": 1495233706608545795, "text": "Just posted a photo @ The Hideaway https://t.co/M1oW9wmkuq"}, {"author_id": 1419298362851880965, "id": 1495232469091639300, "text": "RT @iamhaileydavis: The Country Girl In Me https://t.co/AveZ1ibU3l #bra #casual #thong https://t.co/N3lAGnnA3t"}, {"author_id": 2448151531, "id": 1495231928378744837, "text": "RT @CherronRiser: Welcome to #CrimsonMoonHideaway. #bookrelease every month by a variety of #authors. Here the supernaturals go for vacatio\u2026"}, {"author_id": 142699435, "id": 1495231407681007619, "text": "RT @zeistencroix: Adding a new date to our tour in San Francisco! Details below.\n03/23 The Hawthorne Hideaway  | Portland\n03/24 Winters Tav\u2026"}, {"author_id": 22711838, "id": 1495231231063052289, "text": "The Hideaway Tiny House at Rainier BaseCamp offers an open floor plan with two queen size beds in sleeping lofts and one bathroom. https://t.co/mMibFN8aJW #placestostay"}, {"author_id": 1445142175415685127, "id": 1495231201371697153, "text": "Just posted a photo @ The Hideaway https://t.co/fNWEogFZ8D"}, {"author_id": 1476130276430721024, "id": 1495227739208826880, "text": "@ChairAndyBau keeps tweeting from the comforts of his \u201chideaway.\u201d\n\nYou are a fugitive of the law, you dirty rotten scoundrel!\n\nMAN UP! \n\nYou are a disgrace to the @COMELEC and to the whole country."}, {"author_id": 36237237, "id": 1495226984552706048, "text": "#itsthealureforme #fashion #fashionlover #enchanted @ Hernandos Hideaway https://t.co/ci4RrxIpnB"}, {"author_id": 1156143231903469568, "id": 1495226756776685572, "text": "RT @newgayrotismo: Desert Hideaway\n\nPierce Paris @PierceParisXXX\nWilliam Seed @William_SeedXXX\n\nFull Video &amp; Download here: https://t.co/WO\u2026"}, {"author_id": 93957848, "id": 1495226703093944324, "text": "Hideaway Pizza on-hold message wins GOLD! Listen here: https://t.co/s3fLZ3FP7a #AdSpace22 #OKADDYs #OKCADDYs \ud83c\udf55\u260e\ufe0f\ud83e\udd47 https://t.co/NCaJvmxv16"}, {"author_id": 738820711, "id": 1495226322494406656, "text": "The Crossroads Of Chaos: Society Is Collapsing (Preppers Hideaway Book 2) by ... https://t.co/VHIGkYVmNI via @amazon #preppers #prepper #survivalist"}, {"author_id": 1445142175415685127, "id": 1495223441607254018, "text": "Just posted a video @ The Hideaway https://t.co/nkQXsAdDdM"}, {"author_id": 1487995717708914690, "id": 1495223369960206338, "text": "@szajules rlx amor, to lendo torre do alvorecer  ((e hideaway"}, {"author_id": 49445419, "id": 1495222511826608129, "text": "@SheIsOFFiCiAL_ Crawfish Hideaway"}, {"author_id": 1445142175415685127, "id": 1495221938343620611, "text": "Just posted a photo @ The Hideaway https://t.co/K4fLsdDqGT"}, {"author_id": 1399504006624448513, "id": 1495221240319066114, "text": "Noise under your hood?  The team at Salt River Automotive can diagnose the problem and fix it fast.  https://t.co/5czNVQaC4U or call 636-900-7258 Coming up on Westplex 107.1 is Hideaway by Daya  That's Next!"}, {"author_id": 1445142175415685127, "id": 1495221065991208960, "text": "Wow while his grandma was in the home \ud83c\udfe1 Child @ The Hideaway https://t.co/h6PNngy0AU"}, {"author_id": 1173743094, "id": 1495220786159890437, "text": "RT @thewb64: of your gray matter \nspoken like trees \ni will be the bend of your breath \nthe yearn \nchosen like icicles melting for the worl\u2026"}, {"author_id": 1177236794477355008, "id": 1495219202667520001, "text": "Just added Nouveau Nobility by Unified Beerworks to our menu https://t.co/M5CiNmhBfa"}, {"author_id": 1401528585299447812, "id": 1495218599744909317, "text": "RT @PARCELPARTIES: Sunshine\u2705\nGreat music\u2705\nThe best community \u2705\n\nCome join the party at @DCLBabyDolls Tropical Hideaway (-89, -85)!\ud83c\udf34 https:/\u2026"}, {"author_id": 1323925834529304587, "id": 1495215213339344898, "text": "RT @eieio35: hideaway https://t.co/SzUXGLK0GZ"}, {"author_id": 2747331885, "id": 1495214456862826498, "text": "RT @iamhaileydavis: In My Sweats https://t.co/EKUFeD7VL6 #bare #fun #tease https://t.co/Px1o7T6axC"}]