[{"author_id": 1028705280, "id": 1495284760976969728, "text": "RT @City_Press: Zuma man's fake degree | For many years, former spy chief and prisons boss Arthur Fraser has claimed to hold a degree from\u2026"}, {"author_id": 1089237952927019014, "id": 1495284728727064577, "text": "RT @City_Press: Zuma man's fake degree | For many years, former spy chief and prisons boss Arthur Fraser has claimed to hold a degree from\u2026"}, {"author_id": 2714472809, "id": 1495283701155917824, "text": "@SaumyaSaxena_ You need to pick battles wisely. In this obsession over justifying burqa at places of higher learning, you are loosing more allies than gaining supporters. Fashionable to compare Hindutva with handmaid's tale in woke circles, these black burqa are no diff than red robes."}, {"author_id": 491910874, "id": 1495283256501149697, "text": "RT @City_Press: Zuma man's fake degree | For many years, former spy chief and prisons boss Arthur Fraser has claimed to hold a degree from\u2026"}, {"author_id": 1313373405048115200, "id": 1495283201480216576, "text": "RT @City_Press: Zuma man's fake degree | For many years, former spy chief and prisons boss Arthur Fraser has claimed to hold a degree from\u2026"}, {"author_id": 1414580368049639428, "id": 1495282963227058177, "text": "RT @City_Press: Zuma man's fake degree | For many years, former spy chief and prisons boss Arthur Fraser has claimed to hold a degree from\u2026"}, {"author_id": 1225866373852782592, "id": 1495282542244769792, "text": "RT @City_Press: Zuma man's fake degree | For many years, former spy chief and prisons boss Arthur Fraser has claimed to hold a degree from\u2026"}, {"author_id": 74422341, "id": 1495282125091835906, "text": "RT @maggsnaidu: The spy who came in from the stole?\n\n&lt;Zuma man's fake degree\nFor many years, former spy chief and prisons boss Arthur Frase\u2026"}, {"author_id": 185184529, "id": 1495281944862638082, "text": "The spy who came in from the stole?\n\n&lt;Zuma man's fake degree\nFor many years, former spy chief and prisons boss Arthur Fraser has claimed to hold a degree from one of the most prestigious higher learning institutions in the world: the University of London&gt;\n\nhttps://t.co/cuHCbWDITm"}, {"author_id": 1073807822750670848, "id": 1495281944564797440, "text": "RT @City_Press: Zuma man's fake degree | For many years, former spy chief and prisons boss Arthur Fraser has claimed to hold a degree from\u2026"}, {"author_id": 380706185, "id": 1495281522743693314, "text": "RT @GigiSims10: 1/ The Frankfurt School migrated from Germany to New York funded by Columbia U, and the Rockefeller and Ford Foundations wh\u2026"}, {"author_id": 1206497667104178176, "id": 1495280694485917697, "text": "RT @INCManipur: Congress will open more institutes of higher learning and basic sciences. \n\n#CongressLaklagani https://t.co/XrR4cmeHXK"}, {"author_id": 558386331, "id": 1495280284694163456, "text": "RT @City_Press: Zuma man's fake degree | For many years, former spy chief and prisons boss Arthur Fraser has claimed to hold a degree from\u2026"}, {"author_id": 406148051, "id": 1495278429838610435, "text": "RT @City_Press: Zuma man's fake degree | For many years, former spy chief and prisons boss Arthur Fraser has claimed to hold a degree from\u2026"}, {"author_id": 1078311842706063360, "id": 1495278365586120705, "text": "RT @RealSexyCyborg: Still holding at around two dozen COVID cases in Shenzhen. Three new ones so younger kids aren't going back to school,\u2026"}, {"author_id": 1312389674778980352, "id": 1495277705893486593, "text": "RT @City_Press: Zuma man's fake degree | For many years, former spy chief and prisons boss Arthur Fraser has claimed to hold a degree from\u2026"}, {"author_id": 982814344290254848, "id": 1495277705666850817, "text": "RT @lil_writer: @drdevonprice I'm sorry but no, you can be both. IQ doesn't mean you aren't disabled (physically and mentally), and don't s\u2026"}, {"author_id": 1271754618201137153, "id": 1495277651594203136, "text": "RT @controlla_zw: college isn't about learning anymore. its about getting 50% or higher\ud83d\ude02\ud83d\ude02\ud83d\ude02\ud83d\ude02"}, {"author_id": 3504179424, "id": 1495277466226610179, "text": "RT @INCManipur: Congress will open more institutes of higher learning and basic sciences. \n\n#CongressLaklagani https://t.co/XrR4cmeHXK"}, {"author_id": 1471738725356883969, "id": 1495276397199122439, "text": "RT @INCManipur: Congress will open more institutes of higher learning and basic sciences. \n\n#CongressLaklagani https://t.co/XrR4cmeHXK"}, {"author_id": 1036293804800782346, "id": 1495276304710656005, "text": "@LtCdrStacy AI algorithms I got you. I may be slow but I'm not dense \ud83d\ude02\ud83d\ude02 well maybe a lil. I'm not validated with a higher degree of learning \ud83d\ude02. I'm an autodidact and self taught and as a result am lacking social pedigrees. \ud83d\ude02"}, {"author_id": 1359361009404633090, "id": 1495276210850394114, "text": "RT @INCManipur: Congress will open more institutes of higher learning and basic sciences. \n\n#CongressLaklagani https://t.co/XrR4cmeHXK"}, {"author_id": 1074297794951872514, "id": 1495276055162241024, "text": "RT @City_Press: Zuma man's fake degree | For many years, former spy chief and prisons boss Arthur Fraser has claimed to hold a degree from\u2026"}, {"author_id": 1432955699638669320, "id": 1495275935158788099, "text": "RT @INCManipur: Congress will open more institutes of higher learning and basic sciences. \n\n#CongressLaklagani https://t.co/XrR4cmeHXK"}, {"author_id": 877640060874760193, "id": 1495275878359740417, "text": "RT @City_Press: Zuma man's fake degree | For many years, former spy chief and prisons boss Arthur Fraser has claimed to hold a degree from\u2026"}, {"author_id": 716137801360625664, "id": 1495275817802166274, "text": "RT @INCManipur: Congress will open more institutes of higher learning and basic sciences. \n\n#CongressLaklagani https://t.co/XrR4cmeHXK"}, {"author_id": 781530080392556544, "id": 1495275769332854793, "text": "Congress will open more institutes of higher learning and basic sciences. \n\n#CongressLaklagani https://t.co/XrR4cmeHXK"}, {"author_id": 57008913, "id": 1495275334539026432, "text": "RT @City_Press: Zuma man's fake degree | For many years, former spy chief and prisons boss Arthur Fraser has claimed to hold a degree from\u2026"}, {"author_id": 294488035, "id": 1495274244011442181, "text": "RT @City_Press: Zuma man's fake degree | For many years, former spy chief and prisons boss Arthur Fraser has claimed to hold a degree from\u2026"}, {"author_id": 250588527, "id": 1495274010984448005, "text": "RT @thepatyouknow: Ramai yg cakap \u2018giler la\u2019, \u2018tak masok akal la\u2019..do u know, young kids has a higher capability in learning something new\u2026"}, {"author_id": 2731598831, "id": 1495273831031877634, "text": "RT @City_Press: Zuma man's fake degree | For many years, former spy chief and prisons boss Arthur Fraser has claimed to hold a degree from\u2026"}, {"author_id": 272399080, "id": 1495273376541257730, "text": "RT @City_Press: Zuma man's fake degree | For many years, former spy chief and prisons boss Arthur Fraser has claimed to hold a degree from\u2026"}, {"author_id": 1680036392, "id": 1495272676365115393, "text": "RT @City_Press: Zuma man's fake degree | For many years, former spy chief and prisons boss Arthur Fraser has claimed to hold a degree from\u2026"}, {"author_id": 575627327, "id": 1495272286210994181, "text": "RT @City_Press: Zuma man's fake degree | For many years, former spy chief and prisons boss Arthur Fraser has claimed to hold a degree from\u2026"}, {"author_id": 3013963081, "id": 1495271726833307653, "text": "RT @thepatyouknow: Ramai yg cakap \u2018giler la\u2019, \u2018tak masok akal la\u2019..do u know, young kids has a higher capability in learning something new\u2026"}, {"author_id": 848593531820179460, "id": 1495271190499409923, "text": "RT @City_Press: Zuma man's fake degree | For many years, former spy chief and prisons boss Arthur Fraser has claimed to hold a degree from\u2026"}, {"author_id": 1485150111541964805, "id": 1495268904423337989, "text": "RT @City_Press: Zuma man's fake degree | For many years, former spy chief and prisons boss Arthur Fraser has claimed to hold a degree from\u2026"}, {"author_id": 937335792820719616, "id": 1495268612843659269, "text": "RT @City_Press: Zuma man's fake degree | For many years, former spy chief and prisons boss Arthur Fraser has claimed to hold a degree from\u2026"}, {"author_id": 1197614192410480642, "id": 1495268365983784961, "text": "RT @City_Press: Zuma man's fake degree | For many years, former spy chief and prisons boss Arthur Fraser has claimed to hold a degree from\u2026"}, {"author_id": 44310665, "id": 1495268180960464896, "text": "Zuma man's fake degree | For many years, former spy chief and prisons boss Arthur Fraser has claimed to hold a degree from one of the most prestigious higher learning institutions in the world: the University of London https://t.co/n49DENWVxu. https://t.co/YyaSSQ7VDu"}, {"author_id": 1345931376281882624, "id": 1495267819730071552, "text": "Don't Be a Menace, Juice, Poetic Justice, Higher Learning, Jason's Lyric, Nutty Professor, Player's Club, Boyz N Da Hood &amp; Menace 2 Society. https://t.co/gEPKoK5UGG"}, {"author_id": 1373700231229968385, "id": 1495263657931927552, "text": "@LegionofA @megan_knipe @nathaliejacoby1 \"Children who have been in the U.S. foster care system are at a significantly higher risk of mental and physical health problems \u2013 ranging from learning disabilities, developmental delays and depression to behavioral issues, asthma and obesity\"\nhttps://t.co/lR9Jes81vR"}, {"author_id": 2860542634, "id": 1495263145656565761, "text": "RT @blueray5656: We are actually in the UnderWorld which is why this feels like an ant farm. We will be evolving &amp; elevating to higher real\u2026"}, {"author_id": 1303802033829445641, "id": 1495262750494318595, "text": "RT @RealSexyCyborg: Still holding at around two dozen COVID cases in Shenzhen. Three new ones so younger kids aren't going back to school,\u2026"}, {"author_id": 268369704, "id": 1495262488627081219, "text": "RT @GigiSims10: 1/ The Frankfurt School migrated from Germany to New York funded by Columbia U, and the Rockefeller and Ford Foundations wh\u2026"}, {"author_id": 158280616, "id": 1495260908582584321, "text": "@isaac_adeniran @SaharaReporters You get yours and let's see. We'll I do not blame you. Maybe you never seen the four walls of a higher learning talk less of having a profession.  You suck!!! Tufiakwa !"}, {"author_id": 1348009262140674050, "id": 1495259423102541824, "text": "@skdh Based on the commentary in this thread, I would run away from higher learning as fast as I could. That\u2019s my suggestion.  Gain the world and lose your soul kind of a thing going on here."}, {"author_id": 37325529, "id": 1495259290000506881, "text": "RT @GigiSims10: 1/ The Frankfurt School migrated from Germany to New York funded by Columbia U, and the Rockefeller and Ford Foundations wh\u2026"}, {"author_id": 4666937719, "id": 1495258856938774532, "text": "RT @RealSexyCyborg: Still holding at around two dozen COVID cases in Shenzhen. Three new ones so younger kids aren't going back to school,\u2026"}, {"author_id": 49131156, "id": 1495258728735526913, "text": "RT @Robityson1: I've been renting about the media lately, I see them as THE main cause of all of our issues but there is a runner up I don'\u2026"}, {"author_id": 22261699, "id": 1495255252664307713, "text": "RT @GigiSims10: 1/ The Frankfurt School migrated from Germany to New York funded by Columbia U, and the Rockefeller and Ford Foundations wh\u2026"}, {"author_id": 863405084, "id": 1495255155473850370, "text": "How to switch from industrial era higher education based on : seat-time, grades A-F and credit hours to digital era higher education system based on learning outcomes and competency/problem-based learning (New educational accounting) and making education 24/7 rather fixing time?"}, {"author_id": 26744205, "id": 1495255135555043328, "text": "RT @EdTech_HigherEd: According to @educause the #DigitalTransformation journey involves three stages: learning, planning and doing. See how\u2026"}, {"author_id": 1450026372496125957, "id": 1495254295033233411, "text": "RT @Eduweave_: We need more people like @Austen to revolutionise traditional higher learning institutions that have no incentive to change\u2026"}, {"author_id": 1464130701217968129, "id": 1495253809601597444, "text": "We need more people like @Austen to revolutionise traditional higher learning institutions that have no incentive to change and are plagued by structural inefficiencies. @Austen, this is an open invitation from us to build Eduweave with us! https://t.co/Np1Jyp0QWz"}, {"author_id": 1030108090954391554, "id": 1495252849999155200, "text": "RT @MichaelRapaport: God Bless this guy.\nJohn Singleton Damn.\nSuch a nice guy.Talented guy.Generous\nGave so many people there Big Breaks.\nW\u2026"}, {"author_id": 1030108090954391554, "id": 1495252557815504896, "text": "RT @MichaelRapaport: Cube,John Singleton, 2Pac &amp; Me.\n\nPoetic Justice Wrap party which I had a barely noticeable part in that JOHN told me I\u2026"}, {"author_id": 19800936, "id": 1495251982529056773, "text": "RT @GigiSims10: 1/ The Frankfurt School migrated from Germany to New York funded by Columbia U, and the Rockefeller and Ford Foundations wh\u2026"}, {"author_id": 81323233, "id": 1495251974786322440, "text": "Having third party protection &amp; developing an app that can build trust to trade &amp; buy services is an opp to tacked crime in some countries healthcare may be a higher priority &amp; in others job creation. I\u2019m learning that tackling crime in SA takes us to the belly of the beast"}, {"author_id": 852162711316312064, "id": 1495250501918760963, "text": "@iambeanfeed @OriginalToastie @cluzniak I was coming here to say this.  If we pose the right questions and they are at a higher level, then using the notes and students\u2019 understanding To synthesize the information tells us a lot more about what the Student has learned or is learning."}, {"author_id": 22311924, "id": 1495249777398792194, "text": "RT @GigiSims10: 1/ The Frankfurt School migrated from Germany to New York funded by Columbia U, and the Rockefeller and Ford Foundations wh\u2026"}, {"author_id": 1398900834776272897, "id": 1495248032354418691, "text": "1/ The Frankfurt School migrated from Germany to New York funded by Columbia U, and the Rockefeller and Ford Foundations where Marxist critical theory was taught &amp; later infiltrated other institutions of higher learning and filtered down US EDU. https://t.co/zV5ta1PTmt https://t.co/FfnYXIb2uE"}, {"author_id": 901882673894875137, "id": 1495247919561068544, "text": "The Higher Learning in America: A Memorandum on the Conduct of Universities by Business Men (1918) \u2014 Thorstein Veblen https://t.co/2UCizppe2j https://t.co/xQw9Zs2Kzd"}, {"author_id": 634730172, "id": 1495247552194613249, "text": "RT @thepatyouknow: Ramai yg cakap \u2018giler la\u2019, \u2018tak masok akal la\u2019..do u know, young kids has a higher capability in learning something new\u2026"}, {"author_id": 154945354, "id": 1495247346954907651, "text": "Exchange student https://t.co/1wjsbfWIgN Tristan's turn/ directly into swallow every Tristan back Higher learning https://t.co/sqrep9GTsX"}, {"author_id": 107253043, "id": 1495247070218764291, "text": "RT @thepatyouknow: Ramai yg cakap \u2018giler la\u2019, \u2018tak masok akal la\u2019..do u know, young kids has a higher capability in learning something new\u2026"}, {"author_id": 1063144175779012608, "id": 1495245645828878338, "text": "RT @RealSexyCyborg: Still holding at around two dozen COVID cases in Shenzhen. Three new ones so younger kids aren't going back to school,\u2026"}, {"author_id": 922214573389766656, "id": 1495245075923619841, "text": "RT @RealSexyCyborg: Still holding at around two dozen COVID cases in Shenzhen. Three new ones so younger kids aren't going back to school,\u2026"}, {"author_id": 430415256, "id": 1495245050778894342, "text": "RT @RealSexyCyborg: Still holding at around two dozen COVID cases in Shenzhen. Three new ones so younger kids aren't going back to school,\u2026"}, {"author_id": 35717286, "id": 1495244966842433536, "text": "RT @thepatyouknow: Ramai yg cakap \u2018giler la\u2019, \u2018tak masok akal la\u2019..do u know, young kids has a higher capability in learning something new\u2026"}, {"author_id": 1590444522, "id": 1495244686818439168, "text": "RT @RealSexyCyborg: Still holding at around two dozen COVID cases in Shenzhen. Three new ones so younger kids aren't going back to school,\u2026"}, {"author_id": 1477336043246567424, "id": 1495244613568843780, "text": "@DonaldJTrumpJr Someone should sue her institutions of higher learning for fraud. There is no way she earned a degree unless she had a scholarship from her professors"}, {"author_id": 787035424711593984, "id": 1495244456311857154, "text": "RT @GolfSoBad: @QuancyClayborne I don't think tighter censorship is in order; I believe broader education is. \n\nThe conservatives seem to w\u2026"}, {"author_id": 2381494610, "id": 1495243807272669190, "text": "RT @RealSexyCyborg: Still holding at around two dozen COVID cases in Shenzhen. Three new ones so younger kids aren't going back to school,\u2026"}, {"author_id": 4314121035, "id": 1495243715144667137, "text": "RT @thepatyouknow: Ramai yg cakap \u2018giler la\u2019, \u2018tak masok akal la\u2019..do u know, young kids has a higher capability in learning something new\u2026"}, {"author_id": 2228985146, "id": 1495243176285589514, "text": "RT @RealSexyCyborg: Still holding at around two dozen COVID cases in Shenzhen. Three new ones so younger kids aren't going back to school,\u2026"}, {"author_id": 300192455, "id": 1495243165044928514, "text": "RT @RealSexyCyborg: Still holding at around two dozen COVID cases in Shenzhen. Three new ones so younger kids aren't going back to school,\u2026"}, {"author_id": 3562121415, "id": 1495242120759709696, "text": "Still holding at around two dozen COVID cases in Shenzhen. Three new ones so younger kids aren't going back to school, will do remote learning until it's a bit lower. It's stable, but a lot higher than it's been for the past two years. We're still all testing pretty regularly. https://t.co/WBPIcUKbpV"}, {"author_id": 1207311396599263232, "id": 1495241929675927556, "text": "Ramai yg cakap \u2018giler la\u2019, \u2018tak masok akal la\u2019..do u know, young kids has a higher capability in learning something new compared to older people like us. Push them to learn instead of pushing them to get perfect A score. https://t.co/iUuWQ6qEoO"}, {"author_id": 727099189, "id": 1495240805073801229, "text": "@nbsurprise @Alex4Rep @prageru 3rd question you had:\nNever said it was \"lazy to pursue the high level career\".\n\nPeople in America are too lazy and don't want to do hard manual labor. Hence learning trade is a joke to them. Just the same as you making the judgment that college careers are \"higher\"."}, {"author_id": 57409624, "id": 1495238644650721281, "text": "RT @PBLWorks: Why do many teachers resist using Project Based Learning despite the evidence that shows that PBL, when done well, can improv\u2026"}, {"author_id": 714429800400756736, "id": 1495235332199301123, "text": "@WIONews @palkisu Coz we are producing judges from a method of rote learning, if quick n smart decision makers are appointed it will speed up the process of disposal. Similarly the higher judiciary does not fare better than lower judiciary."}, {"author_id": 2740663435, "id": 1495233898241949697, "text": "@red90rover @DwayneGomboc @EvanLSolomon @jkenney Providing evidence for one\u2019s statements is a foundational feature of adult exchanges, often learned at academic institutions. No student of higher learning ever told a prof or thesis committee, \u201cGo find your own evidence.\u201d\n\nHow do you get through life pontificating?"}, {"author_id": 1181049682690297857, "id": 1495233690103947264, "text": "@Gritty20202 High-speed rail, free higher learning, healthcare... but let's overfund the military and the police, let multil-billion dollar corporations and their shareholders go un-taxed. Fuckin' America!"}, {"author_id": 797595483111755776, "id": 1495233211697283074, "text": "RT @GolfSoBad: @QuancyClayborne I don't think tighter censorship is in order; I believe broader education is. \n\nThe conservatives seem to w\u2026"}, {"author_id": 1241542340835229696, "id": 1495231690741981185, "text": "@asatarbair The direction the United States education system is heading in makes me believe that McDonald's Hamburger University will someday be its' most prestigous institute of higher learning. https://t.co/Dczaeb6OOa"}, {"author_id": 1656248262, "id": 1495229428665888772, "text": "RT @baseballifer11: Some life lessons are taught within heated moments / heated exchanges. Coaches lead in competitive environments/moments\u2026"}, {"author_id": 711358748, "id": 1495226269331599363, "text": "RT @usnews: Many educators are reassessing how virtual learning can further enhance the student experience by offering greater flexibility\u2026"}, {"author_id": 1329807907, "id": 1495225577049051141, "text": "RT @GolfSoBad: @QuancyClayborne I don't think tighter censorship is in order; I believe broader education is. \n\nThe conservatives seem to w\u2026"}, {"author_id": 538960354, "id": 1495225350137294849, "text": "@Birdsonbranch1 @kprather88 And the risk tolerance of the most worried should always prevail? There are those that don't even want in-person learning until there is zero community transmission. Should that be the rule? If not, are you imposing your higher level of risk on them?"}, {"author_id": 1268053216152846336, "id": 1495224569791086592, "text": "I've been renting about the media lately, I see them as THE main cause of all of our issues but there is a runner up I don't mention often...higher learning institutions. These places radicalized many out there causing these issues in the media and put many in positions of power."}, {"author_id": 750722686859354112, "id": 1495224250671718404, "text": "Important Key Facts of Higher Education System in India for UGC NET - https://t.co/nGPcuEKCqo\n Key Notes of Higher Education System for Paper 1, Oriental, Conventional and Non-conventional learning programmes in India, Important..."}, {"author_id": 179906733, "id": 1495224242941886464, "text": "@baohouse Domain Specific Languages (DSL) are actually a programming language concept and my analogy was to prefer learning a new domain in English over any other language.\n\nBut learning how to program should be a higher priority than a 2nd spoken language for many people!"}, {"author_id": 1029866460909379585, "id": 1495222890794565639, "text": "RT @GolfSoBad: @QuancyClayborne I don't think tighter censorship is in order; I believe broader education is. \n\nThe conservatives seem to w\u2026"}, {"author_id": 1466374006651727873, "id": 1495222806862254086, "text": "RT @MikeSievert: Whether we\u2019re increasing access with remote learning infrastructure or enhancing campuses with IoT, I\u2019m beyond proud that\u2026"}, {"author_id": 1357385956127563781, "id": 1495221652560437250, "text": "RT @michaelharriot: AND it is interesting to note how these movies, even Boyz in da Hood, manage to depict a kaleidoscope of Black characte\u2026"}, {"author_id": 796913407383523328, "id": 1495221275236749322, "text": "RT @GolfSoBad: @QuancyClayborne I don't think tighter censorship is in order; I believe broader education is. \n\nThe conservatives seem to w\u2026"}, {"author_id": 396257933, "id": 1495221233692323842, "text": "Recruiters and hiring managers across Fortune 500 companies now say job-hopping is a good thing. \n\nJob hoppers are perceived to be higher performers, have strong learning agility, and bring diverse perspectives. \n\nCompany loyalty over three years is looked at as complacency."}, {"author_id": 4872258291, "id": 1495220274777755649, "text": "RT @GolfSoBad: @QuancyClayborne I don't think tighter censorship is in order; I believe broader education is. \n\nThe conservatives seem to w\u2026"}, {"author_id": 73537202, "id": 1495220043272974336, "text": "RT @GolfSoBad: @QuancyClayborne I don't think tighter censorship is in order; I believe broader education is. \n\nThe conservatives seem to w\u2026"}]