[{"author_id": 1321584747454230528, "id": 1495281752562012167, "text": "RT @MarlonEttinger: Jean-Luc Brunel, the modeling agent who was accused of procuring girl for Jeffrey Epstein, and the close friend of conv\u2026"}, {"author_id": 14359866, "id": 1495278982799163393, "text": "RT @MarlonEttinger: Jean-Luc Brunel, the modeling agent who was accused of procuring girl for Jeffrey Epstein, and the close friend of conv\u2026"}, {"author_id": 1110329082535952390, "id": 1495276326680465410, "text": "RT @MarlonEttinger: Jean-Luc Brunel, the modeling agent who was accused of procuring girl for Jeffrey Epstein, and the close friend of conv\u2026"}, {"author_id": 800001703261204480, "id": 1495273719043874817, "text": "RT @MarlonEttinger: Jean-Luc Brunel, the modeling agent who was accused of procuring girl for Jeffrey Epstein, and the close friend of conv\u2026"}, {"author_id": 28721981, "id": 1495272741297135619, "text": "RT @MarlonEttinger: Jean-Luc Brunel, the modeling agent who was accused of procuring girl for Jeffrey Epstein, and the close friend of conv\u2026"}, {"author_id": 57244998, "id": 1495271740490100737, "text": "RT @MarlonEttinger: Jean-Luc Brunel, the modeling agent who was accused of procuring girl for Jeffrey Epstein, and the close friend of conv\u2026"}, {"author_id": 4562191821, "id": 1495271367654010880, "text": "RT @MarlonEttinger: Jean-Luc Brunel, the modeling agent who was accused of procuring girl for Jeffrey Epstein, and the close friend of conv\u2026"}, {"author_id": 1150580063458353159, "id": 1495268668397465602, "text": "RT @MarlonEttinger: Jean-Luc Brunel, the modeling agent who was accused of procuring girl for Jeffrey Epstein, and the close friend of conv\u2026"}, {"author_id": 1625311794, "id": 1495266642921725952, "text": "RT @MarlonEttinger: Jean-Luc Brunel, the modeling agent who was accused of procuring girl for Jeffrey Epstein, and the close friend of conv\u2026"}, {"author_id": 1052656872761843718, "id": 1495265954896523265, "text": "RT @MarlonEttinger: Jean-Luc Brunel, the modeling agent who was accused of procuring girl for Jeffrey Epstein, and the close friend of conv\u2026"}, {"author_id": 1493072579405430792, "id": 1495264660089708547, "text": "RT @MarlonEttinger: Jean-Luc Brunel, the modeling agent who was accused of procuring girl for Jeffrey Epstein, and the close friend of conv\u2026"}, {"author_id": 3710843177, "id": 1495264431231537155, "text": "RT @MarlonEttinger: Jean-Luc Brunel, the modeling agent who was accused of procuring girl for Jeffrey Epstein, and the close friend of conv\u2026"}, {"author_id": 1376455626134581248, "id": 1495261796357353472, "text": "RT @MarlonEttinger: Jean-Luc Brunel, the modeling agent who was accused of procuring girl for Jeffrey Epstein, and the close friend of conv\u2026"}, {"author_id": 3290719042, "id": 1495260694538772486, "text": "RT @MarlonEttinger: Jean-Luc Brunel, the modeling agent who was accused of procuring girl for Jeffrey Epstein, and the close friend of conv\u2026"}, {"author_id": 383607324, "id": 1495258955660115969, "text": "RT @MarlonEttinger: Jean-Luc Brunel, the modeling agent who was accused of procuring girl for Jeffrey Epstein, and the close friend of conv\u2026"}, {"author_id": 1024380177936273408, "id": 1495256518853332994, "text": "RT @MarlonEttinger: Jean-Luc Brunel, the modeling agent who was accused of procuring girl for Jeffrey Epstein, and the close friend of conv\u2026"}, {"author_id": 1237575254148440066, "id": 1495254615092305922, "text": "RT @MarlonEttinger: Jean-Luc Brunel, the modeling agent who was accused of procuring girl for Jeffrey Epstein, and the close friend of conv\u2026"}, {"author_id": 46277806, "id": 1495253521284825088, "text": "RT @MarlonEttinger: Jean-Luc Brunel, the modeling agent who was accused of procuring girl for Jeffrey Epstein, and the close friend of conv\u2026"}, {"author_id": 3070692157, "id": 1495252973848571905, "text": "RT @MarlonEttinger: Jean-Luc Brunel, the modeling agent who was accused of procuring girl for Jeffrey Epstein, and the close friend of conv\u2026"}, {"author_id": 778705812172574720, "id": 1495252282493083656, "text": "RT @MarlonEttinger: Jean-Luc Brunel, the modeling agent who was accused of procuring girl for Jeffrey Epstein, and the close friend of conv\u2026"}, {"author_id": 950330776972939265, "id": 1495251790731878402, "text": "RT @MarlonEttinger: Jean-Luc Brunel, the modeling agent who was accused of procuring girl for Jeffrey Epstein, and the close friend of conv\u2026"}, {"author_id": 1020972844333715456, "id": 1495251229785882624, "text": "RT @MarlonEttinger: Jean-Luc Brunel, the modeling agent who was accused of procuring girl for Jeffrey Epstein, and the close friend of conv\u2026"}, {"author_id": 1348444321025024002, "id": 1495250172296769537, "text": "RT @MarlonEttinger: Jean-Luc Brunel, the modeling agent who was accused of procuring girl for Jeffrey Epstein, and the close friend of conv\u2026"}, {"author_id": 35093662, "id": 1495248477948833793, "text": "RT @MarlonEttinger: Jean-Luc Brunel, the modeling agent who was accused of procuring girl for Jeffrey Epstein, and the close friend of conv\u2026"}, {"author_id": 105394274, "id": 1495247551750033408, "text": "RT @MarlonEttinger: Jean-Luc Brunel, the modeling agent who was accused of procuring girl for Jeffrey Epstein, and the close friend of conv\u2026"}, {"author_id": 4398011421, "id": 1495246496249356288, "text": "RT @MarlonEttinger: Jean-Luc Brunel, the modeling agent who was accused of procuring girl for Jeffrey Epstein, and the close friend of conv\u2026"}, {"author_id": 824112083897761792, "id": 1495246088353107968, "text": "RT @MarlonEttinger: Jean-Luc Brunel, the modeling agent who was accused of procuring girl for Jeffrey Epstein, and the close friend of conv\u2026"}, {"author_id": 1008174579867455488, "id": 1495246067167682562, "text": "RT @MarlonEttinger: Jean-Luc Brunel, the modeling agent who was accused of procuring girl for Jeffrey Epstein, and the close friend of conv\u2026"}, {"author_id": 1278676782497947650, "id": 1495245753152794626, "text": "RT @MarlonEttinger: Jean-Luc Brunel, the modeling agent who was accused of procuring girl for Jeffrey Epstein, and the close friend of conv\u2026"}, {"author_id": 1494069841824788483, "id": 1495245638916882436, "text": "RT @MarlonEttinger: Jean-Luc Brunel, the modeling agent who was accused of procuring girl for Jeffrey Epstein, and the close friend of conv\u2026"}, {"author_id": 81322255, "id": 1495245531546853378, "text": "RT @MarlonEttinger: Jean-Luc Brunel, the modeling agent who was accused of procuring girl for Jeffrey Epstein, and the close friend of conv\u2026"}, {"author_id": 15187122, "id": 1495245460616978435, "text": "RT @MarlonEttinger: Jean-Luc Brunel, the modeling agent who was accused of procuring girl for Jeffrey Epstein, and the close friend of conv\u2026"}, {"author_id": 1239667645345148931, "id": 1495243444201078784, "text": "RT @MarlonEttinger: Jean-Luc Brunel, the modeling agent who was accused of procuring girl for Jeffrey Epstein, and the close friend of conv\u2026"}, {"author_id": 94517683, "id": 1495242741063815174, "text": "RT @MarlonEttinger: Jean-Luc Brunel, the modeling agent who was accused of procuring girl for Jeffrey Epstein, and the close friend of conv\u2026"}, {"author_id": 614808544, "id": 1495242396937895937, "text": "RT @MarlonEttinger: Jean-Luc Brunel, the modeling agent who was accused of procuring girl for Jeffrey Epstein, and the close friend of conv\u2026"}, {"author_id": 367479370, "id": 1495240929967493120, "text": "RT @MarlonEttinger: Jean-Luc Brunel, the modeling agent who was accused of procuring girl for Jeffrey Epstein, and the close friend of conv\u2026"}, {"author_id": 959980126078455808, "id": 1495239780640169987, "text": "zoe and rpatz just do his girl friday https://t.co/c175ZlR6BE"}, {"author_id": 1138499195961298944, "id": 1495234418067206144, "text": "RT @MarlonEttinger: Jean-Luc Brunel, the modeling agent who was accused of procuring girl for Jeffrey Epstein, and the close friend of conv\u2026"}, {"author_id": 19509858, "id": 1495233763042902017, "text": "RT @MarlonEttinger: Jean-Luc Brunel, the modeling agent who was accused of procuring girl for Jeffrey Epstein, and the close friend of conv\u2026"}, {"author_id": 2866375051, "id": 1495232162605400067, "text": "RT @MarlonEttinger: Jean-Luc Brunel, the modeling agent who was accused of procuring girl for Jeffrey Epstein, and the close friend of conv\u2026"}, {"author_id": 1394013818410344448, "id": 1495231212578918404, "text": "RT @MarlonEttinger: Jean-Luc Brunel, the modeling agent who was accused of procuring girl for Jeffrey Epstein, and the close friend of conv\u2026"}, {"author_id": 380685630, "id": 1495230330936041480, "text": "RT @MarlonEttinger: Jean-Luc Brunel, the modeling agent who was accused of procuring girl for Jeffrey Epstein, and the close friend of conv\u2026"}, {"author_id": 1304491746982850561, "id": 1495230282865299464, "text": "RT @MarlonEttinger: Jean-Luc Brunel, the modeling agent who was accused of procuring girl for Jeffrey Epstein, and the close friend of conv\u2026"}, {"author_id": 1101753152, "id": 1495229695754915849, "text": "RT @MarlonEttinger: Jean-Luc Brunel, the modeling agent who was accused of procuring girl for Jeffrey Epstein, and the close friend of conv\u2026"}, {"author_id": 889795646, "id": 1495229333614600195, "text": "RT @MarlonEttinger: Jean-Luc Brunel, the modeling agent who was accused of procuring girl for Jeffrey Epstein, and the close friend of conv\u2026"}, {"author_id": 1422337917565997059, "id": 1495228641852248071, "text": "RT @MarlonEttinger: Jean-Luc Brunel, the modeling agent who was accused of procuring girl for Jeffrey Epstein, and the close friend of conv\u2026"}, {"author_id": 794518760212271104, "id": 1495228154058846208, "text": "RT @MarlonEttinger: Jean-Luc Brunel, the modeling agent who was accused of procuring girl for Jeffrey Epstein, and the close friend of conv\u2026"}, {"author_id": 24427741, "id": 1495226445739790342, "text": "RT @MarlonEttinger: Jean-Luc Brunel, the modeling agent who was accused of procuring girl for Jeffrey Epstein, and the close friend of conv\u2026"}, {"author_id": 429537371, "id": 1495226119297155074, "text": "RT @MarlonEttinger: Jean-Luc Brunel, the modeling agent who was accused of procuring girl for Jeffrey Epstein, and the close friend of conv\u2026"}, {"author_id": 713559728505425921, "id": 1495226025529151491, "text": "RT @MarlonEttinger: Jean-Luc Brunel, the modeling agent who was accused of procuring girl for Jeffrey Epstein, and the close friend of conv\u2026"}, {"author_id": 1049395975981215747, "id": 1495225223875944451, "text": "RT @MarlonEttinger: Jean-Luc Brunel, the modeling agent who was accused of procuring girl for Jeffrey Epstein, and the close friend of conv\u2026"}, {"author_id": 469880891, "id": 1495224155242962946, "text": "RT @MarlonEttinger: Jean-Luc Brunel, the modeling agent who was accused of procuring girl for Jeffrey Epstein, and the close friend of conv\u2026"}, {"author_id": 918219953001525248, "id": 1495224070526443522, "text": "RT @MarlonEttinger: Jean-Luc Brunel, the modeling agent who was accused of procuring girl for Jeffrey Epstein, and the close friend of conv\u2026"}, {"author_id": 1493253011438768128, "id": 1495223820302618625, "text": "RT @MarlonEttinger: Jean-Luc Brunel, the modeling agent who was accused of procuring girl for Jeffrey Epstein, and the close friend of conv\u2026"}, {"author_id": 1664177084, "id": 1495223063599738883, "text": "RT @MarlonEttinger: Jean-Luc Brunel, the modeling agent who was accused of procuring girl for Jeffrey Epstein, and the close friend of conv\u2026"}, {"author_id": 1190047376, "id": 1495220674302033925, "text": "101. His Friday Girl (Howard Hawks, 1940). https://t.co/c49SYIbMT6"}, {"author_id": 165285656, "id": 1495219643975229443, "text": "RT @MarlonEttinger: Jean-Luc Brunel, the modeling agent who was accused of procuring girl for Jeffrey Epstein, and the close friend of conv\u2026"}, {"author_id": 929485038248448001, "id": 1495218791596191746, "text": "RT @MarlonEttinger: Jean-Luc Brunel, the modeling agent who was accused of procuring girl for Jeffrey Epstein, and the close friend of conv\u2026"}, {"author_id": 563981555, "id": 1495217402006622215, "text": "RT @MarlonEttinger: Jean-Luc Brunel, the modeling agent who was accused of procuring girl for Jeffrey Epstein, and the close friend of conv\u2026"}, {"author_id": 1106417777340907521, "id": 1495216917287628800, "text": "RT @MarlonEttinger: Jean-Luc Brunel, the modeling agent who was accused of procuring girl for Jeffrey Epstein, and the close friend of conv\u2026"}, {"author_id": 1432961252096032773, "id": 1495216101403234308, "text": "RT @MarlonEttinger: Jean-Luc Brunel, the modeling agent who was accused of procuring girl for Jeffrey Epstein, and the close friend of conv\u2026"}, {"author_id": 316497463, "id": 1495211482912632832, "text": "RT @MarlonEttinger: Jean-Luc Brunel, the modeling agent who was accused of procuring girl for Jeffrey Epstein, and the close friend of conv\u2026"}, {"author_id": 229491643, "id": 1495211027658682372, "text": "RT @MarlonEttinger: Jean-Luc Brunel, the modeling agent who was accused of procuring girl for Jeffrey Epstein, and the close friend of conv\u2026"}, {"author_id": 1380438646692704256, "id": 1495210560505405440, "text": "RT @macktology101: You waiting for him to text you back but he at Target rn with his new girl on a Friday night\u2026please just give up"}, {"author_id": 724219435, "id": 1495209107975979016, "text": "RT @MarlonEttinger: Jean-Luc Brunel, the modeling agent who was accused of procuring girl for Jeffrey Epstein, and the close friend of conv\u2026"}, {"author_id": 966481028826173440, "id": 1495207268459159555, "text": "RT @MarlonEttinger: Jean-Luc Brunel, the modeling agent who was accused of procuring girl for Jeffrey Epstein, and the close friend of conv\u2026"}, {"author_id": 218691132, "id": 1495207066138460161, "text": "RT @MarlonEttinger: Jean-Luc Brunel, the modeling agent who was accused of procuring girl for Jeffrey Epstein, and the close friend of conv\u2026"}, {"author_id": 460069109, "id": 1495206867429208070, "text": "RT @MarlonEttinger: Jean-Luc Brunel, the modeling agent who was accused of procuring girl for Jeffrey Epstein, and the close friend of conv\u2026"}, {"author_id": 1685640846, "id": 1495206805189894144, "text": "RT @MarlonEttinger: Jean-Luc Brunel, the modeling agent who was accused of procuring girl for Jeffrey Epstein, and the close friend of conv\u2026"}, {"author_id": 41539897, "id": 1495206451941449738, "text": "RT @MarlonEttinger: Jean-Luc Brunel, the modeling agent who was accused of procuring girl for Jeffrey Epstein, and the close friend of conv\u2026"}, {"author_id": 1263401245, "id": 1495205628343730180, "text": "RT @MarlonEttinger: Jean-Luc Brunel, the modeling agent who was accused of procuring girl for Jeffrey Epstein, and the close friend of conv\u2026"}, {"author_id": 1285766852, "id": 1495204192855732224, "text": "RT @MarlonEttinger: Jean-Luc Brunel, the modeling agent who was accused of procuring girl for Jeffrey Epstein, and the close friend of conv\u2026"}, {"author_id": 17069254, "id": 1495203029510807552, "text": "RT @MarlonEttinger: Jean-Luc Brunel, the modeling agent who was accused of procuring girl for Jeffrey Epstein, and the close friend of conv\u2026"}, {"author_id": 250804618, "id": 1495202067220029441, "text": "RT @MarlonEttinger: Jean-Luc Brunel, the modeling agent who was accused of procuring girl for Jeffrey Epstein, and the close friend of conv\u2026"}, {"author_id": 276273482, "id": 1495202021057523714, "text": "RT @MarlonEttinger: Jean-Luc Brunel, the modeling agent who was accused of procuring girl for Jeffrey Epstein, and the close friend of conv\u2026"}, {"author_id": 283630025, "id": 1495201895199043584, "text": "RT @MarlonEttinger: Jean-Luc Brunel, the modeling agent who was accused of procuring girl for Jeffrey Epstein, and the close friend of conv\u2026"}, {"author_id": 18078721, "id": 1495201821547106305, "text": "RT @MarlonEttinger: Jean-Luc Brunel, the modeling agent who was accused of procuring girl for Jeffrey Epstein, and the close friend of conv\u2026"}, {"author_id": 1120001712025219074, "id": 1495201770078932995, "text": "RT @MarlonEttinger: Jean-Luc Brunel, the modeling agent who was accused of procuring girl for Jeffrey Epstein, and the close friend of conv\u2026"}, {"author_id": 399717630, "id": 1495201686306050050, "text": "RT @MarlonEttinger: Jean-Luc Brunel, the modeling agent who was accused of procuring girl for Jeffrey Epstein, and the close friend of conv\u2026"}, {"author_id": 959931421, "id": 1495201354129633284, "text": "RT @MarlonEttinger: Jean-Luc Brunel, the modeling agent who was accused of procuring girl for Jeffrey Epstein, and the close friend of conv\u2026"}, {"author_id": 32985388, "id": 1495200373597954048, "text": "RT @MarlonEttinger: Jean-Luc Brunel, the modeling agent who was accused of procuring girl for Jeffrey Epstein, and the close friend of conv\u2026"}, {"author_id": 749092380280705024, "id": 1495198797185654787, "text": "RT @MarlonEttinger: Jean-Luc Brunel, the modeling agent who was accused of procuring girl for Jeffrey Epstein, and the close friend of conv\u2026"}, {"author_id": 1058468105268199424, "id": 1495198767309627392, "text": "RT @MarlonEttinger: Jean-Luc Brunel, the modeling agent who was accused of procuring girl for Jeffrey Epstein, and the close friend of conv\u2026"}, {"author_id": 268639069, "id": 1495198669301170179, "text": "@ClassicMP @DrPopCultureBG Let me guess. His Girl Friday?"}, {"author_id": 18040291, "id": 1495197898367447042, "text": "RT @MarlonEttinger: Jean-Luc Brunel, the modeling agent who was accused of procuring girl for Jeffrey Epstein, and the close friend of conv\u2026"}, {"author_id": 831271719369338881, "id": 1495197360200331273, "text": "RT @MarlonEttinger: Jean-Luc Brunel, the modeling agent who was accused of procuring girl for Jeffrey Epstein, and the close friend of conv\u2026"}, {"author_id": 1224892012630925314, "id": 1495197078510714881, "text": "RT @MarlonEttinger: Jean-Luc Brunel, the modeling agent who was accused of procuring girl for Jeffrey Epstein, and the close friend of conv\u2026"}, {"author_id": 151126803, "id": 1495194474464616448, "text": "RT @MarlonEttinger: Jean-Luc Brunel, the modeling agent who was accused of procuring girl for Jeffrey Epstein, and the close friend of conv\u2026"}, {"author_id": 1391849256701464576, "id": 1495194286949748736, "text": "RT @MarlonEttinger: Jean-Luc Brunel, the modeling agent who was accused of procuring girl for Jeffrey Epstein, and the close friend of conv\u2026"}, {"author_id": 58631539, "id": 1495194099887968259, "text": "RT @MarlonEttinger: Jean-Luc Brunel, the modeling agent who was accused of procuring girl for Jeffrey Epstein, and the close friend of conv\u2026"}, {"author_id": 25377589, "id": 1495193920627621888, "text": "RT @MarlonEttinger: Jean-Luc Brunel, the modeling agent who was accused of procuring girl for Jeffrey Epstein, and the close friend of conv\u2026"}, {"author_id": 1440729494591971331, "id": 1495193896577605632, "text": "RT @MarlonEttinger: Jean-Luc Brunel, the modeling agent who was accused of procuring girl for Jeffrey Epstein, and the close friend of conv\u2026"}, {"author_id": 793486455528099840, "id": 1495193711864602627, "text": "RT @MarlonEttinger: Jean-Luc Brunel, the modeling agent who was accused of procuring girl for Jeffrey Epstein, and the close friend of conv\u2026"}, {"author_id": 1019768944888967168, "id": 1495192992939851777, "text": "RT @MarlonEttinger: Jean-Luc Brunel, the modeling agent who was accused of procuring girl for Jeffrey Epstein, and the close friend of conv\u2026"}, {"author_id": 1022700949658316801, "id": 1495192857958887426, "text": "RT @MarlonEttinger: Jean-Luc Brunel, the modeling agent who was accused of procuring girl for Jeffrey Epstein, and the close friend of conv\u2026"}, {"author_id": 1259969384665296896, "id": 1495192447181279236, "text": "RT @MarlonEttinger: Jean-Luc Brunel, the modeling agent who was accused of procuring girl for Jeffrey Epstein, and the close friend of conv\u2026"}, {"author_id": 3224578790, "id": 1495191838784950272, "text": "RT @MarlonEttinger: Jean-Luc Brunel, the modeling agent who was accused of procuring girl for Jeffrey Epstein, and the close friend of conv\u2026"}, {"author_id": 1404483590927290370, "id": 1495191817326764035, "text": "his girl friday, his girl friday, his girl friday"}, {"author_id": 216123608, "id": 1495191246402465792, "text": "RT @MarlonEttinger: Jean-Luc Brunel, the modeling agent who was accused of procuring girl for Jeffrey Epstein, and the close friend of conv\u2026"}, {"author_id": 1454479473399717894, "id": 1495191065883815939, "text": "RT @MarlonEttinger: Jean-Luc Brunel, the modeling agent who was accused of procuring girl for Jeffrey Epstein, and the close friend of conv\u2026"}]