[{"author_id": 1365471867721584643, "id": 1495286021872922627, "text": "RT @rava: Men over a certain age love to stay home alone drinking whiskey and watching youtube"}, {"author_id": 1275072939780485131, "id": 1495285997437067264, "text": "last year i celebrated my bday alone because u were not there for me, then this year u r mad because i want ro celebrate my bday alone even if u r at home?"}, {"author_id": 1433560725562159110, "id": 1495285995339755521, "text": "RT @JenniferSey: I spent Friday night w a childhood friend who is hard of hearing. She communicates by reading lips. The past 2 yrs have be\u2026"}, {"author_id": 804398549538586624, "id": 1495285971339952134, "text": "Home is when I'm alone with you"}, {"author_id": 1469721606901538818, "id": 1495285933008171018, "text": "RT @Baitsfile: when you're home alone\u270a\ud83d\udca6\ud83d\ude33 https://t.co/Hjoe79549W"}, {"author_id": 1310356723803197440, "id": 1495285722000990209, "text": "I really love this vibe. Home alone. Lights off. Music and foods."}, {"author_id": 36303430, "id": 1495285717802622977, "text": "I'm home cuz y'all left me in the streets cold and alone \ud83d\ude44 https://t.co/SzetpOBl8q"}, {"author_id": 900793201363230720, "id": 1495285687867691014, "text": "RT @JenniferSey: I spent Friday night w a childhood friend who is hard of hearing. She communicates by reading lips. The past 2 yrs have be\u2026"}, {"author_id": 1294423985422204928, "id": 1495285667810709506, "text": "okay for real, how do people deal with being home alone or living alone? like what do people do? what is normal to feel? i do it for one night and immediately loose my shit \ud83d\ude33"}, {"author_id": 1489217120248414213, "id": 1495285466014310401, "text": "@zachthesoundlad If home alone 2 is so good, howcome there's no home alone 2 2? Checkmate"}, {"author_id": 774499477335965696, "id": 1495285424079601664, "text": "RT @claboaventuraa: Today I\u2019m alone in home, and touching myself! \ud83e\udd24\ud83d\udd25\ud83d\udca6\n\nMy page is 70% OFF, check now!\n\nLink in Bio and in the comments! htt\u2026"}, {"author_id": 261427655, "id": 1495285305448017920, "text": "RT @sweetesttkj: I tend to let ppl think I\u2019m cold &amp; wait till I\u2019m alone at home to let out my emotions about it; good or bad \ud83d\ude29"}, {"author_id": 1375909905962516486, "id": 1495285294538629120, "text": "RT @JenniferSey: I spent Friday night w a childhood friend who is hard of hearing. She communicates by reading lips. The past 2 yrs have be\u2026"}, {"author_id": 396547358, "id": 1495285216331632647, "text": "RT @Depheruk: George is 93, when I arrived he was absolutely freezing cold. \nHis wife is in a care home, he is alone, vulnerable.\nUnfortuna\u2026"}, {"author_id": 1452077110260953089, "id": 1495285177093804032, "text": "RT @poojatripathii: Alone at home"}, {"author_id": 1420904703504707586, "id": 1495285155568578560, "text": "@ElonMuskNewsOrg Conversing with a very smart attractive woman at a party is like test driving a Tesla model S plaid And realizing you\u2019re still going home alone in your 1973 Pinto. \ud83e\udd74\ud83e\udd23"}, {"author_id": 1481190963682893824, "id": 1495285114540118020, "text": "RT @Tizzy_629: I\u2019m home alone right now, you coming over? \ud83d\ude08\ud83e\udd0d https://t.co/G5OquhNdPj"}, {"author_id": 1263668466109857799, "id": 1495285053013868548, "text": "RT @claboaventuraa: Today I\u2019m alone in home, and touching myself! \ud83e\udd24\ud83d\udd25\ud83d\udca6\n\nMy page is 70% OFF, check now!\n\nLink in Bio and in the comments! htt\u2026"}, {"author_id": 536068379, "id": 1495285020814102529, "text": "RT @JenniferSey: I spent Friday night w a childhood friend who is hard of hearing. She communicates by reading lips. The past 2 yrs have be\u2026"}, {"author_id": 1273874097244639232, "id": 1495285001889488896, "text": "RT @sircantus: Tubbo is a companion android placed for Tommy, who's always home alone and unhappy with being stuck in the house with a robo\u2026"}, {"author_id": 558933372, "id": 1495284997271474180, "text": "RT @claboaventuraa: Today I\u2019m alone in home, and touching myself! \ud83e\udd24\ud83d\udd25\ud83d\udca6\n\nMy page is 70% OFF, check now!\n\nLink in Bio and in the comments! htt\u2026"}, {"author_id": 2646499802, "id": 1495284968339169284, "text": "When you drunk asf going home alone"}, {"author_id": 920204185307512832, "id": 1495284963566145536, "text": "@RebeccaJEmm Many people have been failed by this govt.\n\nIt has been too easy for society to ignore or be ignorant of the grievances.\n\nNZers have come together &amp; shared stories that can be viewed by us at home as well. We realise we are not alone and have found hope. https://t.co/kIJqrRjOSe"}, {"author_id": 112780053, "id": 1495284820691333123, "text": "RT @neuroticgremlin: Last night, I stopped a girl walking home alone in the rain at 1 am to ask if she was okay. She immediately started cr\u2026"}, {"author_id": 1247019464, "id": 1495284804153229312, "text": "RT @SEAROSE19606266: @politvidchannel If he was the boys caregiver then did he leave them home alone? \n\nThey should hold them all accountab\u2026"}, {"author_id": 2999703314, "id": 1495284762608422912, "text": "RT @Sabrinapalma_: I get so excited to be home alone ahhhh finally peace \ud83d\ude0c"}, {"author_id": 1471169223103848451, "id": 1495284726436929537, "text": "RT @fnaflyric: It's been years\nSince I've seen a face around here\nI was broken and alone\nIn that hell I called my home"}, {"author_id": 1402243254716825601, "id": 1495284687492632578, "text": "though we wander home, we both feel alone\nlike escapees with nowhere to go"}, {"author_id": 1436224233571561472, "id": 1495284656022994945, "text": "Home Alone by John Hughes - frames 31273 to 31276 of 148019.\n\nKevin, I'm going to feed you\nto my tarantula. #homealone #homealoneframes https://t.co/ECe7a7eK07"}, {"author_id": 475411921, "id": 1495284602159583236, "text": "RT @JenniferSey: I spent Friday night w a childhood friend who is hard of hearing. She communicates by reading lips. The past 2 yrs have be\u2026"}, {"author_id": 986931588557692928, "id": 1495284566302601219, "text": "RT @cogerconbisex: Delicia de macho bisexual. Cada ves que est\u00e1 solo en casa se da una escapada para darme una buena follada.\nFlexible man\u2026"}, {"author_id": 3308306365, "id": 1495284560787030024, "text": "@saramakaila i fully hate this for you, but also living alone/with roommates is such a dream compared to living at home"}, {"author_id": 1027021908787773440, "id": 1495284546958503936, "text": "RT @blacktaboolove1: I love being daddy\u2019s little secret\u2026whenever we home alone he shows me how much he\u2019s missed me https://t.co/6JTeRnMLT3"}, {"author_id": 1380274222610665476, "id": 1495284521951977473, "text": "RT @claboaventuraa: Today I\u2019m alone in home, and touching myself! \ud83e\udd24\ud83d\udd25\ud83d\udca6\n\nMy page is 70% OFF, check now!\n\nLink in Bio and in the comments! htt\u2026"}, {"author_id": 1466382504, "id": 1495284471704305669, "text": "RT @claboaventuraa: Today I\u2019m alone in home, and touching myself! \ud83e\udd24\ud83d\udd25\ud83d\udca6\n\nMy page is 70% OFF, check now!\n\nLink in Bio and in the comments! htt\u2026"}, {"author_id": 6870322, "id": 1495284402452004871, "text": "RT @cornopolous2: One of the post college kids must be home alone and relaxing next door. He had a jam band vibe going for a bit which was\u2026"}, {"author_id": 1473901372412207118, "id": 1495284291084988421, "text": "RT @Victoriamatoss2: Home alone \ud83d\ude48\ud83d\udc30 https://t.co/UH0Z4vtUFJ"}, {"author_id": 1355124327948017667, "id": 1495284276426063879, "text": "what our dad doing while we not home~ their need time alone~\n#glamrockfreddy #fnafsecuritybreach #montgomerygator https://t.co/LH8BlcEdfg"}, {"author_id": 95358424, "id": 1495284250404278274, "text": "@TheSun She: I'm home alone. \nHe:"}, {"author_id": 1139780442272468994, "id": 1495284229244321792, "text": "RT @claboaventuraa: Today I\u2019m alone in home, and touching myself! \ud83e\udd24\ud83d\udd25\ud83d\udca6\n\nMy page is 70% OFF, check now!\n\nLink in Bio and in the comments! htt\u2026"}, {"author_id": 772555566249971712, "id": 1495284174240026625, "text": "RT @SEAROSE19606266: @politvidchannel If he was the boys caregiver then did he leave them home alone? \n\nThey should hold them all accountab\u2026"}, {"author_id": 1249597156303884288, "id": 1495284119198367744, "text": "southeast asians a different breed like i my granduncle lives in the middle of nowhere in malaysia and one night he was alone at home and literally told a gula-gula (supernatural being wrapped in white cloth and hops around) not to bother him coz he was tired"}, {"author_id": 1222030560177975296, "id": 1495284090550972423, "text": "Gipasud ko ninyog law school, ayaw nnyo i question if I want to be alone when I study at home thank u"}, {"author_id": 3751973549, "id": 1495284051720257539, "text": "@miles_commodore Home alone"}, {"author_id": 1333629516749578242, "id": 1495284012805357575, "text": "RT @Gully_boy85: Home alone vadina with maridi \ud83d\udd25\ud83d\udd25 https://t.co/0sP2U5O9Y5"}, {"author_id": 1270230312220385280, "id": 1495283998695866374, "text": "RT @Bina_333: @CryptidPiers Other doodles!\nNotes:\n- Theo cannot deceive anyone for the life of him, his face gives him away and lying makes\u2026"}, {"author_id": 267424015, "id": 1495283990139445248, "text": "Me: wants to spend a relaxing night alone at home \nAlso me: messaging everyone on multiple platforms"}, {"author_id": 2613060810, "id": 1495283961899139072, "text": "@agraybee As part of the 20%, yeah. I reliably buy a handle of rum/vodka every 2/3 days\n\nBars are misleading because the real boozers can\u2019t afford to regularly go to bars, we instead drink alone at home where nobody can see"}, {"author_id": 3108697470, "id": 1495283933512093702, "text": "i\u2019m tired of being in home alone"}, {"author_id": 43221472, "id": 1495283883587227651, "text": "RT @JenniferSey: I spent Friday night w a childhood friend who is hard of hearing. She communicates by reading lips. The past 2 yrs have be\u2026"}, {"author_id": 1118812778171596801, "id": 1495283840167915525, "text": "Waking up and realising that you\u2019re home alone&gt;&gt;&gt;"}, {"author_id": 462596786, "id": 1495283818898599940, "text": "RT @CeeceeSHANISE: Being home high \ud83d\udca8 and drunk alone \ud83e\udd74 I hate it \ud83d\ude44"}, {"author_id": 1484640293269872641, "id": 1495283758949306369, "text": "Being home alone so you can watch the weird anime on the tv&gt;&gt;&gt;&gt;"}, {"author_id": 701079749364305920, "id": 1495283592859160577, "text": "Said I wouldn\u2019t spiral but here I am all alone at the bar no ride home just vibes"}, {"author_id": 190723218, "id": 1495283440765313024, "text": "RT @WatchPorn4Eva: Horny mom watches BDSM porn while shes home alone \ud83d\ude08 #watchingporn #milf #bdsm #edging #handinpanties #horny #hornyaf #fe\u2026"}, {"author_id": 1153314919732764673, "id": 1495283341557661698, "text": "long way home - 5SOS\n\"so were taking the long way home, 'cause i don't wanna  be wasting my time alone, i wanna get lost and drive forever with you talking about nothing, yeah whatever, baby, so we're taking the long way home\"\n\nis a must sih lol, terus kek gemes aja HAHAHA https://t.co/wS0TpjS5wF"}, {"author_id": 73061399, "id": 1495283329096196097, "text": "And I can\u2019t wait till I get home to pass the time in my room alone."}, {"author_id": 1021564754182254593, "id": 1495283256035627008, "text": "RT @Aishahnsfw001: Home alone means I can be loud \ud83d\ude08 https://t.co/I1k1AWMOrU"}, {"author_id": 1465531438690832384, "id": 1495283243650019328, "text": "@jeonfolks IM JUST SITTING ON MY BED + HOME ALONE WBUU"}, {"author_id": 1449793284742725636, "id": 1495283169209237505, "text": "RT @daliule2: Black mom and son alone at home, filming themselves doing it in the kitchen \u2665\ufe0f\ud83c\udf46\n4/4\n\n#realincest #incestisbest #momson #taboo\u2026"}, {"author_id": 1490900563994812416, "id": 1495283137122869251, "text": "RT @YsmaraMartinezz: My neighbor found me alone at home \ud83d\ude0b and he just fucked me \ud83d\udca6 Well Rich Do RT \ud83d\udd03 and \u2764\ufe0f https://t.co/b5jEjPsDG3"}, {"author_id": 1347429078106689537, "id": 1495283021398044675, "text": "@3wombats What\u2019s the name of the jigsaw? \u201cScotty, home alone again?\u201d"}, {"author_id": 166754090, "id": 1495283005165871107, "text": "this is definitely something @WHOISCONWAY could say on the end of a 12-bar-scheme after rhyming phrases like \u201ctrack alone\u201d \u201cback at home\u201d \u201cspinal bone\u201d + some other (way more) clever sht \ud83d\ude02\ud83d\udd25 https://t.co/osOX7jrX6G"}, {"author_id": 1429268390246555656, "id": 1495282881404436483, "text": "It's been years\nSince I've seen a face around here\nI was broken and alone\nIn that hell I called my home"}, {"author_id": 3127556759, "id": 1495282856414822401, "text": "RT @redlyricsbot: after plaid shirt days and nights when you made me your own, now you mail back my things and i walk home alone"}, {"author_id": 1487582932797562880, "id": 1495282837297139714, "text": "I\u2019m home alone at night"}, {"author_id": 3023332846, "id": 1495282827226537985, "text": "Boy, do I love fried chicken. Sometimes, when I\u2019m home alone, I\u2019ll take some fried chicken fresh out of the oven and"}, {"author_id": 1464067960469966848, "id": 1495282821035876352, "text": "RT @black_dick_9ja: Home alone Bursting a Nut \ud83d\udca6 \ud83d\ude0b \ud83c\udf46\ud83e\udd75\ud83d\udca6 https://t.co/uovCMP4jeQ"}, {"author_id": 821090229746597889, "id": 1495282762923790336, "text": "RT @lewdality_: What happens when the Squid-Sisters are home alone? \ud83e\udd14\n\nFull version is on Patreon! (\u2022\u203e \u2323 \u203e\u2022)\u0648 \u0311\u0311\u2661\nhttps://t.co/OX9EHoMG4B\u2026"}, {"author_id": 4031467094, "id": 1495282709995798533, "text": "\"If you see me crying, don't feel bad\nI'm not sad, I just need some time alone\" :(((\n\nhttps://t.co/E7zHxU19dd"}, {"author_id": 1484748624110436355, "id": 1495282709316653061, "text": "RT @RashidaTlaib: Leave the Salem family alone. Apartheid govt of Israel expelling them from their home is a war crime under intl law. It's\u2026"}, {"author_id": 3098105777, "id": 1495282698901938178, "text": "RT @JenniferSey: I spent Friday night w a childhood friend who is hard of hearing. She communicates by reading lips. The past 2 yrs have be\u2026"}, {"author_id": 1315711526, "id": 1495282651858538501, "text": "I luv being home alone until it\u2019s night time then I be hella scared lmaooo"}, {"author_id": 3086116832, "id": 1495282625216643073, "text": "RT @ravinder_kangra: staying alone and away from home in a pandemic situation is a financial and mental curse upon us. working 2500KM away\u2026"}, {"author_id": 1236168053978812419, "id": 1495282620099399680, "text": "RT @Nico_Star_2021: \"Horny nirdy girl reading at home alone\" Cumming this week...  To find all my content please follow the link in my bio.\u2026"}, {"author_id": 1412316749085696003, "id": 1495282480882016262, "text": "Had to come home cause ava can\u2019t sleep Alone"}, {"author_id": 2256384036, "id": 1495282465241501700, "text": "RT @JenniferSey: I spent Friday night w a childhood friend who is hard of hearing. She communicates by reading lips. The past 2 yrs have be\u2026"}, {"author_id": 1491685564491644931, "id": 1495282449978654722, "text": "RT @SwapnilSP79: HOME ALONE \ud83c\udfe1 https://t.co/tMzwYztxTJ"}, {"author_id": 801783822161317888, "id": 1495282447298469889, "text": "Streaming At Home Alone Final in a bit~\nhttps://t.co/X4BSNr4TMO https://t.co/GbkWvpGII6"}, {"author_id": 1298026176405889024, "id": 1495282402721030145, "text": "RT @JenniferSey: I spent Friday night w a childhood friend who is hard of hearing. She communicates by reading lips. The past 2 yrs have be\u2026"}, {"author_id": 745406851571802112, "id": 1495282379648561152, "text": "RT @hongziyan_zy: Alone at home. https://t.co/fnDIQy5dgD"}, {"author_id": 1034644103567486976, "id": 1495282336639987713, "text": "RT @blacktaboolove1: I love being daddy\u2019s little secret\u2026whenever we home alone he shows me how much he\u2019s missed me https://t.co/6JTeRnMLT3"}, {"author_id": 211916572, "id": 1495282283389009926, "text": "thank god for people who keep you company over the phone on the nights you\u2019re home alone so you don\u2019t drown in your thoughts hay my heart"}, {"author_id": 170629979, "id": 1495282196965330952, "text": "I pray that if a stalker from the street  ever follows me home, they see me through my kitchen window maskless and they say \u201coh shit nvm, it\u2019s just a basic bitch\u201d cause fr leave me alone.. I\u2019m just a poor soul trying to gather crumbs to survive \ud83d\ude2d"}, {"author_id": 1180362748691132417, "id": 1495282088735612931, "text": "RT @rava: Men over a certain age love to stay home alone drinking whiskey and watching youtube"}, {"author_id": 1443248913989832704, "id": 1495281972960133122, "text": "RT @daliule2: Black mom and son alone at home, filming themselves doing it in the kitchen \u2665\ufe0f\ud83c\udf46\n4/4\n\n#realincest #incestisbest #momson #taboo\u2026"}, {"author_id": 883356590, "id": 1495281925958815744, "text": "RT @debutlyricbot: so I drive home alone, as I turn out the light, I'll put his picture down and maybe get some sleep tonight"}, {"author_id": 2319331160, "id": 1495281897315917827, "text": "RT @Depheruk: George is 93, when I arrived he was absolutely freezing cold. \nHis wife is in a care home, he is alone, vulnerable.\nUnfortuna\u2026"}, {"author_id": 2904558699, "id": 1495281854253080577, "text": "im home alone and I have not entered my room for more than 2mins\ud83d\ude2d im petrified"}, {"author_id": 1495257195801366534, "id": 1495281759801556993, "text": "RT @TooMuchPoisonX: \"You work so hard that you finally can move into your own home alone.\"\n\n\"You go to celebrate and you meet Ivy. She lets\u2026"}, {"author_id": 1398187732698947586, "id": 1495281743309557765, "text": "RT @CabrioTommy: Por fin, SOLO EN CASA! Suscr\u00edbete a mi Onlyfans antes del d\u00eda 1 de noviembre, y te regalo este video\nFinally, ALONE AT HOM\u2026"}, {"author_id": 1067473074168115200, "id": 1495281698392608768, "text": "RT @pregman2: pregnant girl alone at home and going into labor https://t.co/XbZJnoANnP https://t.co/WVkpKVK0QZ"}, {"author_id": 2306116346, "id": 1495281639794294792, "text": "RT @JenniferSey: I spent Friday night w a childhood friend who is hard of hearing. She communicates by reading lips. The past 2 yrs have be\u2026"}, {"author_id": 1392725838718816256, "id": 1495281549842944002, "text": "@1989sBadlands Home alone \ud83d\ude04"}, {"author_id": 66879834, "id": 1495281512572342273, "text": "Evil Dead had me literally scared to drive home after, couldn\u2019t even sleep alone that night. https://t.co/ggBQNFuZG7"}, {"author_id": 1492373090390532096, "id": 1495281471912771587, "text": "staying alone and away from home in a pandemic situation is a financial and mental curse upon us. working 2500KM away from home and then a lifetime Ban on transfers.\n#Restore_old_ict_incometax"}, {"author_id": 80161588, "id": 1495281400089563136, "text": "RT @neuroticgremlin: Last night, I stopped a girl walking home alone in the rain at 1 am to ask if she was okay. She immediately started cr\u2026"}, {"author_id": 1470057700503351301, "id": 1495281316270841856, "text": "RT @debutlyricbot: so I drive home alone, as I turn out the light, I'll put his picture down and maybe get some sleep tonight"}, {"author_id": 1417399205228806145, "id": 1495281281340698626, "text": "RT @debutlyricbot: so I drive home alone, as I turn out the light, I'll put his picture down and maybe get some sleep tonight"}]