[{"author_id": 309652662, "id": 1495277296638324736, "text": "RT @justinbieber: Watch me perform at The 23rd Annual A Home for the Holidays at @thegrovela this Sunday at 9:30PM ET/9:00PM PT on @CBS  #H\u2026"}, {"author_id": 1614180006, "id": 1495275003524395008, "text": "@taylorsschumann I was home for the holidays and my parents had rented a movie and wanted me to stay in to watch it with them. I made sure to ask what they planned on a watching. \n\n\u201cOh this new comedy about a 40 year old virgin.\u201d\n\nI noped right out there super quick."}, {"author_id": 132613168, "id": 1495272043893436418, "text": "@AC_NoChill I\u2019ve worked so many holidays I got out of the habit of getting together for things like NYE. Accidentally dodging bullets over here. I was chilling at home."}, {"author_id": 1178906305903366144, "id": 1495269474282668035, "text": "RT @leedsladxxx: Home for the holidays \ud83c\udf85\ud83c\udffc https://t.co/DOtOXXxRoc"}, {"author_id": 1158216122514251776, "id": 1495267188684566535, "text": "RT @minnybunnie: \u2661 \u2727*\u3002would you bring me home for the holidays? no one would know what is under my skirt \u0295\uffeb\u1d25\uffe9\u0294 \u2661\u00b0\u25cc\u030a https://t.co/uzaTLu03yy"}, {"author_id": 1251715273767428096, "id": 1495257984934596609, "text": "RT @kinkygayincest: I love cumming home for the holidays\u2026I always get used by all the men in my family. This year they surprised me &amp; used\u2026"}, {"author_id": 4282369753, "id": 1495255394104614914, "text": "RT @mathmania64: \ud83d\udfe5  Veterans of Foreign War VFW Home for the Holidays recipe Volume 5 booklet foods bon Appetit Christmas recipes basic &amp; e\u2026"}, {"author_id": 362242576, "id": 1495255151023738882, "text": "@RobbieMeh Spider-Man Home Alone\nSpider-Man Home For The Holidays\nSpider-Man Star Trek IV The Voyage Home\nSpider-Man Sweet Home Alabama\nSpider-Man Home On The Range"}, {"author_id": 707262032547078148, "id": 1495235646780329987, "text": "RT @alluredbytori: Since I been back home for the holidays \ud83c\udf84I can tell my step brother missed me .   \nHappy holidays from this  hohoho http\u2026"}, {"author_id": 1411760974512656385, "id": 1495215597935804418, "text": "RT @maxlong777: Remembering this hot scene with @Lila_lovelyxxx . Remember to follow her and her pages. https://t.co/coN9GDN2uv https://t.c\u2026"}, {"author_id": 928825572116926465, "id": 1495202805207879684, "text": "RT @tylerblack32: @davoli_pietro @nytimes We typically see that, at least for kids, when school is less (holidays, weekends) there is less\u2026"}, {"author_id": 2836445621, "id": 1495199010629500942, "text": "RT @___MVH___: They came home from Miami already once lmao. Its always home for them. My co-worker used to be in bowling leagues with brons\u2026"}, {"author_id": 164718384, "id": 1495193261094236164, "text": "@davoli_pietro @nytimes We typically see that, at least for kids, when school is less (holidays, weekends) there is less ER presentations. Also, the pandemic increased time home with parents which is probably overall  agood thing?\n\nJust spitballing."}, {"author_id": 912172674, "id": 1495191264735772675, "text": "RT @coll44_22: @KarenRo08012406 @lynn_taylor503 @ourcountrysgone @Dalethfc They go back to the country that they\u2019re supposed to be running\u2026"}, {"author_id": 2861064855, "id": 1495189921014943756, "text": "@cpeck3 Not going to hold my breath. It's one of those topics I'll have to make interesting for my kids at home. I can't remember a single thing in the history class I went to during summer school and now #onpoli wants more summer programs when most teachers are off on holidays."}, {"author_id": 1269581503970697221, "id": 1495186703426162688, "text": "So I went to Iraq for holidays...\nAnd I found out that my girlfriend cheated on me back home...  Knowing that I can't trust anyone I wanted to kill myself.  So I called the suicide hotline...  They got excited and asked me if I can drive a plane.\n#DadJoke\n#Joke"}, {"author_id": 80209307, "id": 1495186062997659654, "text": "@bizerbizerrides @Chill004Jeanne @mmpadellan When I first moved to the DC are after college, every time I came to my parents' house for family holidays, I'd buy a gallon of milk to bring back home with me. A completely different product than at the Giants &amp; Safeways here."}, {"author_id": 2328165874, "id": 1495179890311766021, "text": "RT @minnybunnie: \u2661 \u2727*\u3002would you bring me home for the holidays? no one would know what is under my skirt \u0295\uffeb\u1d25\uffe9\u0294 \u2661\u00b0\u25cc\u030a https://t.co/uzaTLu03yy"}, {"author_id": 1267548332001542145, "id": 1495177968712359939, "text": "@myrischmelz That's too long for me. I prefer to spread out my holidays so I don't have to wait so long. My brother is also enjoying the home office this week. Finally he can go for a walk every evening."}, {"author_id": 1028185332502683648, "id": 1495175602336321542, "text": "RT @alluredbytori: Since I been back home for the holidays \ud83c\udf84I can tell my step brother missed me .   \nHappy holidays from this  hohoho http\u2026"}, {"author_id": 921815066839797760, "id": 1495175539178496009, "text": "Books From The Bag, Part 2: The Appeal, An Amish Family, Home for the Holidays\u00a0#BookReviews https://t.co/AZVSDDx7hF"}, {"author_id": 373636950, "id": 1495172437247504392, "text": "RT @minnybunnie: \u2661 \u2727*\u3002would you bring me home for the holidays? no one would know what is under my skirt \u0295\uffeb\u1d25\uffe9\u0294 \u2661\u00b0\u25cc\u030a https://t.co/uzaTLu03yy"}, {"author_id": 49395291, "id": 1495171724001755136, "text": "Home For the Holidays\u00a0Special https://t.co/KGImJImT1O"}, {"author_id": 1733858688, "id": 1495170517069754368, "text": "RT @___MVH___: They came home from Miami already once lmao. Its always home for them. My co-worker used to be in bowling leagues with brons\u2026"}, {"author_id": 298389981, "id": 1495169568519725057, "text": "RT @___MVH___: They came home from Miami already once lmao. Its always home for them. My co-worker used to be in bowling leagues with brons\u2026"}, {"author_id": 1043560241001058304, "id": 1495169334913683459, "text": "They came home from Miami already once lmao. Its always home for them. My co-worker used to be in bowling leagues with brons grandparents. They\u2019d always come home around the holidays even when they lived in Miami lmao https://t.co/VMgtcze8nD"}, {"author_id": 24585756, "id": 1495163312895582212, "text": "Many of my clients are booking holidays. Most are a little nervous to travel know.\n\nOften, the possibility of testing positive for CoVid at destination causes hesitation, and the worry about being quarantined before they can return home.\n\nOne of the thing\u2026https://t.co/OO8tapD3Lh"}, {"author_id": 883916921170800640, "id": 1495160524488781827, "text": "RT @minnybunnie: \u2661 \u2727*\u3002would you bring me home for the holidays? no one would know what is under my skirt \u0295\uffeb\u1d25\uffe9\u0294 \u2661\u00b0\u25cc\u030a https://t.co/uzaTLu03yy"}, {"author_id": 3220801485, "id": 1495159819292061706, "text": "RT @modestychild: Cyndi Lauper &amp; Adam Lambert - Mad World - Home for the Holidays Charity ... https://t.co/yejrieGMT1 via @YouTube"}, {"author_id": 1031173556, "id": 1495159141299625996, "text": "RT @modestychild: Cyndi Lauper &amp; Adam Lambert - Mad World - Home for the Holidays Charity ... https://t.co/yejrieGMT1 via @YouTube"}, {"author_id": 2413089888, "id": 1495155123995262976, "text": "RT @coll44_22: @KarenRo08012406 @lynn_taylor503 @ourcountrysgone @Dalethfc They go back to the country that they\u2019re supposed to be running\u2026"}, {"author_id": 730667528, "id": 1495154441233833987, "text": "RT @coll44_22: @KarenRo08012406 @lynn_taylor503 @ourcountrysgone @Dalethfc They go back to the country that they\u2019re supposed to be running\u2026"}, {"author_id": 1477091646613430277, "id": 1495152157485637634, "text": "RT @leedsladxxx: Home for the holidays \ud83c\udf85\ud83c\udffc https://t.co/DOtOXXxRoc"}, {"author_id": 1488738296507379716, "id": 1495150731871109120, "text": "RT @JuliannaEmma17: My son is coming home from the army today for the holidays. I am one of the blessed ones. It\u2019s been a year. God bless o\u2026"}, {"author_id": 1281322634513457152, "id": 1495150144970534917, "text": "RT @minnybunnie: \u2661 \u2727*\u3002would you bring me home for the holidays? no one would know what is under my skirt \u0295\uffeb\u1d25\uffe9\u0294 \u2661\u00b0\u25cc\u030a https://t.co/uzaTLu03yy"}, {"author_id": 902164368128954369, "id": 1495149206524338177, "text": "@KarenRo08012406 @lynn_taylor503 @ourcountrysgone @Dalethfc They go back to the country that they\u2019re supposed to be running from. go back for holidays months at a time paid by benefits if they marry they don\u2019t choose from plenty here they go home so that\u2019s another one coming over. why are they not made to work? Like we are it\u2019s not fair"}, {"author_id": 904144647106199552, "id": 1495147720616644620, "text": "RT @minnybunnie: \u2661 \u2727*\u3002would you bring me home for the holidays? no one would know what is under my skirt \u0295\uffeb\u1d25\uffe9\u0294 \u2661\u00b0\u25cc\u030a https://t.co/uzaTLu03yy"}, {"author_id": 1201374529198731264, "id": 1495142741080219657, "text": "RT @WolfpackbrosHot: Don\u2019t you just love being home for the holidays? https://t.co/JCjoFiIPjj"}, {"author_id": 1485633252144689156, "id": 1495140822936965136, "text": "@__Verlaine__ Please get your facts straight and stop peddling FAKE News. South Africa is infested with over FIFTEEN million, illegal parasites. That includes Asians. ALL of them have fake refugee status. Why fake? They go home for the holidays. We have an economic parasites problem."}, {"author_id": 555977311, "id": 1495138810371399687, "text": "RT @minnybunnie: \u2661 \u2727*\u3002would you bring me home for the holidays? no one would know what is under my skirt \u0295\uffeb\u1d25\uffe9\u0294 \u2661\u00b0\u25cc\u030a https://t.co/uzaTLu03yy"}, {"author_id": 1093680830575267841, "id": 1495137014278144001, "text": "RT @minnybunnie: \u2661 \u2727*\u3002would you bring me home for the holidays? no one would know what is under my skirt \u0295\uffeb\u1d25\uffe9\u0294 \u2661\u00b0\u25cc\u030a https://t.co/uzaTLu03yy"}, {"author_id": 1312420362496339968, "id": 1495136235471388677, "text": "RT @minnybunnie: \u2661 \u2727*\u3002would you bring me home for the holidays? no one would know what is under my skirt \u0295\uffeb\u1d25\uffe9\u0294 \u2661\u00b0\u25cc\u030a https://t.co/uzaTLu03yy"}, {"author_id": 1272736165679058944, "id": 1495135693240160258, "text": "RT @minnybunnie: \u2661 \u2727*\u3002would you bring me home for the holidays? no one would know what is under my skirt \u0295\uffeb\u1d25\uffe9\u0294 \u2661\u00b0\u25cc\u030a https://t.co/uzaTLu03yy"}, {"author_id": 46761557, "id": 1495130419540410368, "text": "#RudyGiuliani: It coincides, interestingly, with the Passover. Solemn religious holidays about the angel of death passing over you. People are sitting at home praying for that. #COVID-19Coronavirus  https://t.co/sIiPx64ilY"}, {"author_id": 1465018920834846721, "id": 1495130219946065927, "text": "RT @minnybunnie: \u2661 \u2727*\u3002would you bring me home for the holidays? no one would know what is under my skirt \u0295\uffeb\u1d25\uffe9\u0294 \u2661\u00b0\u25cc\u030a https://t.co/uzaTLu03yy"}, {"author_id": 1211753853185449984, "id": 1495127157689012228, "text": "RT @aschaoRblx: Not that i'm a builder by any means; but I wanted to vibe out and create a little house for a brave knight to come home to\u2026"}, {"author_id": 1487547594528145411, "id": 1495124936112943104, "text": "@Kezicon :&gt; when I\u2019m back home for the holidays my mom tells me \u2018you don\u2019t need to eat every meal\u2019"}, {"author_id": 1423769560306520066, "id": 1495124299371270144, "text": "When Draco returned home for the winter holidays, he told his parents all about his new Muggle-born friend Hermione, and told them how brilliant she was. Lucius maintained an air of disapproval, but Draco cornered his mother for assistance with turning the tide."}, {"author_id": 1464960565734952967, "id": 1495123852275466249, "text": "RT @kinkygayincest: I love cumming home for the holidays\u2026I always get used by all the men in my family. This year they surprised me &amp; used\u2026"}, {"author_id": 1493399526283296768, "id": 1495121412280840192, "text": "RT @blvzewrld: stepsis home for the holidays https://t.co/vQ5xQ3Jxf0"}, {"author_id": 855884474982125568, "id": 1495115945303748608, "text": "\u201cHome for the Holidays\u201d by Jackie Jorgenson performed by Jackie Jorgenson\n- The character here both feels like she's saying she wishes she was with you and 'I know what to expect this year too, but I won't prevent you from doing that again' attitude. The snowman butt job. I think"}, {"author_id": 1483597264857800705, "id": 1495114591751258119, "text": "RT @alluredbytori: Since I been back home for the holidays \ud83c\udf84I can tell my step brother missed me .   \nHappy holidays from this  hohoho http\u2026"}, {"author_id": 1487752208263389186, "id": 1495113054270504961, "text": "RT @alluredbytori: Since I been back home for the holidays \ud83c\udf84I can tell my step brother missed me .   \nHappy holidays from this  hohoho http\u2026"}, {"author_id": 953062005807591424, "id": 1495112427423285259, "text": "RT @alluredbytori: Since I been back home for the holidays \ud83c\udf84I can tell my step brother missed me .   \nHappy holidays from this  hohoho http\u2026"}, {"author_id": 1303976684572618752, "id": 1495112164176244738, "text": "RT @alluredbytori: Since I been back home for the holidays \ud83c\udf84I can tell my step brother missed me .   \nHappy holidays from this  hohoho http\u2026"}, {"author_id": 1295677682886348800, "id": 1495111304910020608, "text": "RT @alluredbytori: Since I been back home for the holidays \ud83c\udf84I can tell my step brother missed me .   \nHappy holidays from this  hohoho http\u2026"}, {"author_id": 1203955956410773511, "id": 1495110755783299073, "text": "RT @alluredbytori: Since I been back home for the holidays \ud83c\udf84I can tell my step brother missed me .   \nHappy holidays from this  hohoho http\u2026"}, {"author_id": 1315118098563969024, "id": 1495110496185430024, "text": "RT @alluredbytori: Since I been back home for the holidays \ud83c\udf84I can tell my step brother missed me .   \nHappy holidays from this  hohoho http\u2026"}, {"author_id": 1067573146067353600, "id": 1495110334809579528, "text": "RT @alluredbytori: Since I been back home for the holidays \ud83c\udf84I can tell my step brother missed me .   \nHappy holidays from this  hohoho http\u2026"}, {"author_id": 964277448505479168, "id": 1495109756012441600, "text": "RT @Tetragr72834810: @AfricanArchives These were extraordinarily macabre events. It was not unusual for attendees to take home body parts o\u2026"}, {"author_id": 774695208588017669, "id": 1495107961219387403, "text": "RT @Jakeywakey0: Wanna see me worship a cute uni student home for the holidays? His cock was so big https://t.co/SAJYQBKZsK https://t.co/ZC\u2026"}, {"author_id": 2774896428, "id": 1495107337660600325, "text": "Now playing: Catherine MacLellan, Calling You Home (for the Holidays)"}, {"author_id": 42387495, "id": 1495107240549924867, "text": "@ElliotElinor @The_GrammarGeek I used to love buying Ashling copybooks on our holidays home. They always seemed a better quality than ours. Mind you we didn\u2019t have to buy ours for school but my cousins &amp; friends in Ireland had to."}, {"author_id": 58516714, "id": 1495105331009101830, "text": "@KingBSon @loved_sunshine @iamkshaw12 @the_shugavery If he has joint custody, he already sees him half the year, so why would he need to get closer? Seems he would already be close right?\ud83e\udd23 Begs to question how he has joint custody, but for the holidays in 2020 &amp; 2021 the child was at home in Seattle for Thanksgiving &amp; Christmas. https://t.co/zh55WSCiJa"}, {"author_id": 1263875187973541888, "id": 1495104572913766406, "text": "RT @justinbieber: Watch me perform at The 23rd Annual A Home for the Holidays at @thegrovela this Sunday at 9:30PM ET/9:00PM PT on @CBS  #H\u2026"}, {"author_id": 1194681439184396288, "id": 1495104463081820162, "text": "I went back home around my mom and my dad for the holidays and did 2 weeks straight. Honestly i don\u2019t think she gets on my nerves, it be the dynamic of how different the house is with only my younger siblings there now that annoys me if that makes sense lol https://t.co/zKb1tZ4l6I"}, {"author_id": 317907435, "id": 1495103927494356992, "text": "RT @Tetragr72834810: @AfricanArchives These were extraordinarily macabre events. It was not unusual for attendees to take home body parts o\u2026"}, {"author_id": 1364271667061526530, "id": 1495099608577372160, "text": "RT @justinbieber: Watch me perform at The 23rd Annual A Home for the Holidays at @thegrovela this Sunday at 9:30PM ET/9:00PM PT on @CBS  #H\u2026"}, {"author_id": 2181271213, "id": 1495095744256262144, "text": "Tom Reese Helps a Mature Couple Find and Purchase Their First Home... Just in Time for the Holidays! https://t.co/75V3gserUD"}, {"author_id": 1259302083452268544, "id": 1495092953781800961, "text": "@lou321_lou @Daz44160601 Yep no holidays allowed for politicians because firebugs might be out at play hon the home front \ud83d\ude44"}, {"author_id": 912781875890081792, "id": 1495092774428975105, "text": "@AfricanArchives These were extraordinarily macabre events. It was not unusual for attendees to take home body parts of the victims. Or to arrange the body of the victim in bizarre poses for postcards and pictures that were handed out during holidays."}, {"author_id": 1364262808171384832, "id": 1495089048368689157, "text": "Traveling for the holidays doesn\u2019t mean you have to press pause on closing your home loan. Our digital tools allow you to close from anywhere, so you can spend more time with your family. DM for more info. \n\n(903) 482-1123 \n3223 S. Loop 289, Ste 150, Lubbock, TX 79423\nNMLS#217672 https://t.co/8TMlCiHpWl"}, {"author_id": 2484693110, "id": 1495087070297133061, "text": "RT @EricaCooper: @fv4881 @Needle_of_Arya My honorary nephew went off to college, and when came home for the holidays... his parents pulled\u2026"}, {"author_id": 1587318553, "id": 1495085714236706817, "text": "@SamsungSupport @BestBuy @BestBuySupport @SamsungUS @Samsung  So sad to discover UR55 Series 28\" IPS 4K UHD Monitor I purchased for my son over the holidays has a glaring 400 pixel vertical band of brighter contrast that runs down the screen. He came home and we just found out."}, {"author_id": 1301972714098503683, "id": 1495083053416423430, "text": "@ArmyDog501 That's \ud83d\udc4d on top of that another Holiday the ruined.Its funny the ones complaining about all the Holidays are the ones sitting home getting paid for the day off  \ud83d\ude06\ud83e\udd23.There just sooo smart \ud83d\ude06"}, {"author_id": 1300321078737358849, "id": 1495082437717774339, "text": "RT @skelebomb: Almost forgot about this one. A little something involving She Hulk done for subscribers some time ago. Last bit of business\u2026"}, {"author_id": 1429239727060828171, "id": 1495078960702664707, "text": "@KingBSon @iamkshaw12 @the_shugavery THE LAST TIME THE DEADBEAT SAW THE WILSONS SON? Again and @Essence @TMZ can back me up bc they posted the lies on the Wilsons son - WITH JOINT CUSTODY u alternate major holidays - for the past Thanksgiving &amp; Christmas THE WILSONS HAD ALL THEIR KIDS HOME - https://t.co/ZvgRvKFDNn"}, {"author_id": 2241554034, "id": 1495074552329687053, "text": "RT @CoachHusbands: \"I know some students don't always look forward to going home, especially for the holidays. That's why I always invite e\u2026"}, {"author_id": 1330088747107577862, "id": 1495066865659531272, "text": "RT @Sheri_Hill: @RepKarenBass Kim Potter was sentenced to 16 months in prison -- not 2 years.  She gets time served, good behavior. Home fo\u2026"}, {"author_id": 1476441101586542599, "id": 1495063310735413248, "text": "RT @blvzewrld: stepsis home for the holidays https://t.co/vQ5xQ3Jxf0"}, {"author_id": 43524347, "id": 1495062026908962817, "text": "@RepKarenBass Kim Potter was sentenced to 16 months in prison -- not 2 years.  She gets time served, good behavior. Home for the holidays!\n\n&lt;extreme snark&gt;"}, {"author_id": 43524347, "id": 1495061285456596992, "text": "@MSNBC She will be home for the holidays with her terribly distraught family by Thanksgiving -- THIS YEAR -- and the weeping judge knows it."}, {"author_id": 3022481572, "id": 1495054457624797189, "text": "Another of my Favorites Sold on IWC! Home for the Holidays SPH https://t.co/cWN7l6Dk2b https://t.co/EyEAKFKcs8"}, {"author_id": 1171044742228037633, "id": 1495053591849148421, "text": "RT @Tiffany_Fash: New Arrivals from Marc Cain Sports! Relaxed styles in olive, off-white &amp; black, perfect for holidays or lounging at home.\u2026"}, {"author_id": 600962748, "id": 1495053452837326852, "text": "New Arrivals from Marc Cain Sports! Relaxed styles in olive, off-white &amp; black, perfect for holidays or lounging at home. We LOVE the leopard print bomber \ud83d\udc9b To shop: https://t.co/OE7tRU9XO7 &amp; use: GIVEME10 to get 10% OFF! #weekendvibes #newfashion #spring #fashion #doncaster https://t.co/9v70SPYEru"}, {"author_id": 234903659, "id": 1495051687266066448, "text": "RT @TheRealMsBanks: @KwabenaSharif Right \ud83d\udd95\ud83c\udffeThey put some heat on her ass after she basically laughed at the cop and her counsel for request\u2026"}, {"author_id": 162559123, "id": 1495048021364588545, "text": "@KwabenaSharif Right \ud83d\udd95\ud83c\udffeThey put some heat on her ass after she basically laughed at the cop and her counsel for requesting that she go home for the holidays."}, {"author_id": 1353748236033515522, "id": 1495045387186577413, "text": "RT @isblacked2: This is why she doesn't come home for the holidays \n\n#BBCeleb #Snowbunny #BNWO #QOS #jailbateteen #pussyfreewhiteboi #SayNo\u2026"}, {"author_id": 1230584200820121602, "id": 1495043422251626500, "text": "@SpenderWilfrid @AdamLangton1 Fun RATS the lot of them! UDA and UVF leaders lived luxurious lived cars big home's holidays never worked or wanted for anything. Good men jailed while others sailed through the troubles without loosing a tooth for Ulster. It's a start Spence is 100% stood down!"}, {"author_id": 3308657780, "id": 1495042615041228808, "text": "RT @4thBrigade25ID: When you invite your battles home for the holidays... https://t.co/TNX97652FM"}, {"author_id": 70757749, "id": 1495029774703542275, "text": "14 and autistic and he was in tears.... Cannot contact school for replacement (as closed for holidays) \n\nRaging isn't the word and embarrassing.... He comes home after and smashes his xbox one in temper. @Tesco\n\nNow zero food voucher &amp; zero kids xbox one.\n\nLivid \ud83d\ude21\ud83d\ude21\ud83d\ude21\ud83d\ude21"}, {"author_id": 1494658618607685635, "id": 1495029381420437507, "text": "RT @falldownforlou: larry smau: i'll be home for christmas\n\nlouis is a stressed out business man who hates the holidays. harry is the cute\u2026"}, {"author_id": 913347758244933632, "id": 1495021699053539328, "text": "When last home for the holidays, I discovered in my parents' attic a complete set of 68 till 89 \"Cosmos\" magazine issues. \"Cosmos\", much like the Soviet \"Universe\" ,focused on the relationship between science and society, but also included sci-fi stories, cross-word puzzles."}, {"author_id": 1310429353914830850, "id": 1495020279776559109, "text": "RT @FeralMiqo_ffxiv: Come to my home for the holidays? \u2665 https://t.co/Sjzu0X1zLs"}, {"author_id": 2758790349, "id": 1495007713583063040, "text": "My wish/preorder list for new books is currently around the \u00a3500 mark.\n\nHolidays from home it is again then. I\u2019ve gone off food anyway and have plenty of blankets so who needs heat \ud83e\udd14\ud83d\ude2c\ud83d\udcda\ud83d\ude02\ud83e\udd23"}, {"author_id": 981782842475794433, "id": 1495004072813936640, "text": "@Asad_Umar \nAPPEAL FROM ABROAD\nDear Asad sb.\nRequest you to please waive off PCR test for the people specially working in Oman, UAE , Qatar atleast for those who have taken 3 doses of vaccines as huge issue in taking leaves and coming to home on Ramadan and EID Holidays. please."}, {"author_id": 42387495, "id": 1495003086905126916, "text": "I\u2019ve taken all but one day of Nancy\u2019s half term off, mostly to use up holidays having started part way through the financial year. So obviously it\u2019s awful weather &amp; she\u2019s climbing the walls. I\u2019ve also found a home for her cot finally but can\u2019t find the feckin screws. Shoot me now"}, {"author_id": 1637718308, "id": 1494999111447293958, "text": "@Favor625 @Facts_For_SA @NkeleMolapo @AbelTau1 All SA citizens working overseas do the same, they come home on holidays to see their families but they are permanent residents in the foreign countries"}, {"author_id": 48320685, "id": 1494989123475496963, "text": "Cyndi Lauper &amp; Adam Lambert - Mad World - Home for the Holidays Charity ... https://t.co/yejrieGMT1 via @YouTube"}, {"author_id": 1121755901499781120, "id": 1494987094883803139, "text": "@ArchiesServants When my mum came to \ud83c\uddec\ud83c\udde7 from the Caribbean she sent all her children home for holidays to experience her home and get to know her family irl other than letters and phone calls so I understand why he doesn\u2019t want to lose that connection"}]