[{"author_id": 1285878077315325954, "id": 1495240876850925569, "text": "@sqyup64 @elvenanya @Pers0nal_j3sus @kommunistn @iamthecosmos420 @drilliebobby No. I'm asking why is she allowed to call him the fslur but he i.e. wouldn't be allowed? The context in the picture was kinda hostile so she didn't say the word with good intentions."}, {"author_id": 703014525126053888, "id": 1495199047409352705, "text": "RT @SenTedCruz: .@RealDailyWire: Cruz Rips Biden: Our Enemies Know Biden \u2018Is Too Weak To Do A Damn Thing About Their Hostile Intentions\u2019\u2026"}, {"author_id": 797185010554044416, "id": 1495189704978931718, "text": "@JackBur88834194 @JoshMandelOhio A well-regulated militia when there was a ongoing threat of a foreign power walking on American soil with hostile intentions. We\u2019ve got a real army for that now."}, {"author_id": 289933489, "id": 1495186140680179714, "text": "RT @SenTedCruz: .@RealDailyWire: Cruz Rips Biden: Our Enemies Know Biden \u2018Is Too Weak To Do A Damn Thing About Their Hostile Intentions\u2019\u2026"}, {"author_id": 1462396206282272774, "id": 1495176543802314755, "text": "\u2800\n\n          \u201c Are you still so transfixed on starting conflict \u2014\u2014 ?  Why muck a gorgeous Saturday with blood I say .\n\nBesides you heard my words .\n\nIf my intentions were hostile . . . Well then we wouldn\u2019t be speaking . \u201c\u2800\n\n\u2800 https://t.co/g5fmQZMOg6 https://t.co/lY78kyfTST"}, {"author_id": 156549358, "id": 1495122553769234433, "text": "RT @SenTedCruz: .@RealDailyWire: Cruz Rips Biden: Our Enemies Know Biden \u2018Is Too Weak To Do A Damn Thing About Their Hostile Intentions\u2019\u2026"}, {"author_id": 2234544722, "id": 1495119625218048001, "text": "@DefTechPat @DefenseOne @Maxar Wingtip to wingtip would imply little fear of action by Ukraine against them. Of course, we all know that Ukraine has no hostile intentions or capabilities - but the images are not consistent with the Soviet story."}, {"author_id": 2605729908, "id": 1495118476746309633, "text": "@Rhys_Keller I decided next year. Bought this property in 2018 to set up an office and creative arts studio. When renovations are complete will launch CHILL Hub, cowork hostile intentions lifestyle learning hub for entrepreneurs and youth aging from foster care and juvenile justice /1"}, {"author_id": 247928881, "id": 1495114206240067584, "text": "RT @SenTedCruz: .@RealDailyWire: Cruz Rips Biden: Our Enemies Know Biden \u2018Is Too Weak To Do A Damn Thing About Their Hostile Intentions\u2019\u2026"}, {"author_id": 943386367588892672, "id": 1495113588683329541, "text": "RT @SenTedCruz: .@RealDailyWire: Cruz Rips Biden: Our Enemies Know Biden \u2018Is Too Weak To Do A Damn Thing About Their Hostile Intentions\u2019\u2026"}, {"author_id": 1395384074420822023, "id": 1495095689935835137, "text": "RT @SenTedCruz: .@RealDailyWire: Cruz Rips Biden: Our Enemies Know Biden \u2018Is Too Weak To Do A Damn Thing About Their Hostile Intentions\u2019\u2026"}, {"author_id": 1490024971141267457, "id": 1495094087199961090, "text": "RT @SenTedCruz: .@RealDailyWire: Cruz Rips Biden: Our Enemies Know Biden \u2018Is Too Weak To Do A Damn Thing About Their Hostile Intentions\u2019\u2026"}, {"author_id": 2314105303, "id": 1495088673003556869, "text": "RT @SenTedCruz: .@RealDailyWire: Cruz Rips Biden: Our Enemies Know Biden \u2018Is Too Weak To Do A Damn Thing About Their Hostile Intentions\u2019\u2026"}, {"author_id": 967936255202922496, "id": 1495085548180058116, "text": "RT @SenTedCruz: .@RealDailyWire: Cruz Rips Biden: Our Enemies Know Biden \u2018Is Too Weak To Do A Damn Thing About Their Hostile Intentions\u2019\u2026"}, {"author_id": 229703710, "id": 1495082510044250112, "text": "RT @SenTedCruz: .@RealDailyWire: Cruz Rips Biden: Our Enemies Know Biden \u2018Is Too Weak To Do A Damn Thing About Their Hostile Intentions\u2019\u2026"}, {"author_id": 874743020, "id": 1495082075489284101, "text": "RT @SenTedCruz: .@RealDailyWire: Cruz Rips Biden: Our Enemies Know Biden \u2018Is Too Weak To Do A Damn Thing About Their Hostile Intentions\u2019\u2026"}, {"author_id": 2811530159, "id": 1495071112870334465, "text": "@ChattJazz @Lee_in_Iowa @glennkirschner2 @CheriJacobus @B52Malmet @JudyPete It is not inconceivable that he sold/traded classified information to an outside party with intentions hostile to the United States."}, {"author_id": 348637093, "id": 1495071102904659969, "text": "@alison_canar @Reeder113 @maewtt @SpencerJCox I don't think threatening is the right word.\n\"having a hostile or deliberately frightening quality or manner.\"\nSpencer Cox isn't hostile or frightening. He is calmly stating his intentions about the situation now. His future intentions will be based on future circumstances."}, {"author_id": 1355297268639936522, "id": 1495069906324398089, "text": "@bdquinn Some don't grasp that it's not *what* Russia is doing at its borders, or the idea of it annexing consenting regions of Ukraine that is the problem. It's his use of force, and hostile acts towards the entirety of Ukraine, and refusal to make clear his intentions."}, {"author_id": 962773533695754240, "id": 1495066414532546566, "text": "RT @SenTedCruz: .@RealDailyWire: Cruz Rips Biden: Our Enemies Know Biden \u2018Is Too Weak To Do A Damn Thing About Their Hostile Intentions\u2019\u2026"}, {"author_id": 837831824470593536, "id": 1495060222020362242, "text": "RT @SenTedCruz: .@RealDailyWire: Cruz Rips Biden: Our Enemies Know Biden \u2018Is Too Weak To Do A Damn Thing About Their Hostile Intentions\u2019\u2026"}, {"author_id": 1159503484217151491, "id": 1495052650005598212, "text": "RT @SenTedCruz: .@RealDailyWire: Cruz Rips Biden: Our Enemies Know Biden \u2018Is Too Weak To Do A Damn Thing About Their Hostile Intentions\u2019\u2026"}, {"author_id": 4861405587, "id": 1495050409374846983, "text": "RT @SenTedCruz: .@RealDailyWire: Cruz Rips Biden: Our Enemies Know Biden \u2018Is Too Weak To Do A Damn Thing About Their Hostile Intentions\u2019\u2026"}, {"author_id": 271801732, "id": 1495045023653511168, "text": "RT @SenTedCruz: .@RealDailyWire: Cruz Rips Biden: Our Enemies Know Biden \u2018Is Too Weak To Do A Damn Thing About Their Hostile Intentions\u2019\u2026"}, {"author_id": 1203830401820692481, "id": 1495044564553539588, "text": "RT @SenTedCruz: .@RealDailyWire: Cruz Rips Biden: Our Enemies Know Biden \u2018Is Too Weak To Do A Damn Thing About Their Hostile Intentions\u2019\u2026"}, {"author_id": 1368229934049632261, "id": 1495039612548382723, "text": "Of course. Avillon has no hostile intentions toward you."}, {"author_id": 1247723609600094209, "id": 1495037149208465415, "text": "RT @SenTedCruz: .@RealDailyWire: Cruz Rips Biden: Our Enemies Know Biden \u2018Is Too Weak To Do A Damn Thing About Their Hostile Intentions\u2019\u2026"}, {"author_id": 880081076630286338, "id": 1495017482414964744, "text": "@SarahVaci It's changed in my lifetime. It now indicates to me an untrustworthy person with potentially hostile and angry intentions towards women, and #LGB folks. Someone possibly delusional and under a cultish spell of being in some way special."}, {"author_id": 1418303324579942411, "id": 1495012060903657475, "text": "RT @SenTedCruz: .@RealDailyWire: Cruz Rips Biden: Our Enemies Know Biden \u2018Is Too Weak To Do A Damn Thing About Their Hostile Intentions\u2019\u2026"}, {"author_id": 885331575797301248, "id": 1495008399456489472, "text": "RT @SenTedCruz: .@RealDailyWire: Cruz Rips Biden: Our Enemies Know Biden \u2018Is Too Weak To Do A Damn Thing About Their Hostile Intentions\u2019\u2026"}, {"author_id": 18992938, "id": 1495001970360340482, "text": "RT @TheeKHiveQueenB: @ij_onuigbo @WaterflowerM The divide exists. I\u2019m just discussing it. \n\nThey join groups that declare intentions of for\u2026"}, {"author_id": 23931724, "id": 1494997562981498880, "text": "RT @TheeKHiveQueenB: @ij_onuigbo @WaterflowerM The divide exists. I\u2019m just discussing it. \n\nThey join groups that declare intentions of for\u2026"}, {"author_id": 16095099, "id": 1494990929756831746, "text": "RT @SenTedCruz: .@RealDailyWire: Cruz Rips Biden: Our Enemies Know Biden \u2018Is Too Weak To Do A Damn Thing About Their Hostile Intentions\u2019\u2026"}, {"author_id": 72896464, "id": 1494973943492526082, "text": "RT @SenTedCruz: .@RealDailyWire: Cruz Rips Biden: Our Enemies Know Biden \u2018Is Too Weak To Do A Damn Thing About Their Hostile Intentions\u2019\u2026"}, {"author_id": 52370403, "id": 1494953457643520000, "text": "California expanded the scope to include \"any\" person finding it hostile or unsafe. Had good intentions, but can be weaponized by SJWs with a fringe agenda and cause acceptable behavior to be restricted by the most hysterical people."}, {"author_id": 1494527840686989313, "id": 1494949983446917120, "text": "RT @SenTedCruz: .@RealDailyWire: Cruz Rips Biden: Our Enemies Know Biden \u2018Is Too Weak To Do A Damn Thing About Their Hostile Intentions\u2019\u2026"}, {"author_id": 2341761322, "id": 1494936559711367168, "text": "RT @SenTedCruz: .@RealDailyWire: Cruz Rips Biden: Our Enemies Know Biden \u2018Is Too Weak To Do A Damn Thing About Their Hostile Intentions\u2019\u2026"}, {"author_id": 1442009338671890434, "id": 1494919551238262786, "text": "RT @SenTedCruz: .@RealDailyWire: Cruz Rips Biden: Our Enemies Know Biden \u2018Is Too Weak To Do A Damn Thing About Their Hostile Intentions\u2019\u2026"}, {"author_id": 822860870984273921, "id": 1494913401046327297, "text": "@tannergooding to be frank I would mind it a lot less if they hadn't already been filling the OS with adware and telemetry that I can't turn off. as it stands I'm just convinced they have user-hostile intentions."}, {"author_id": 1463557076228190220, "id": 1494910221344509956, "text": "RT @SenTedCruz: .@RealDailyWire: Cruz Rips Biden: Our Enemies Know Biden \u2018Is Too Weak To Do A Damn Thing About Their Hostile Intentions\u2019\u2026"}, {"author_id": 1329183787490578433, "id": 1494900664446578691, "text": "RT @SenTedCruz: .@RealDailyWire: Cruz Rips Biden: Our Enemies Know Biden \u2018Is Too Weak To Do A Damn Thing About Their Hostile Intentions\u2019\u2026"}, {"author_id": 2256296649, "id": 1494895625036513286, "text": "\u300bpresence, yet artificial in origin.\n\nIt only viewed the other. Actually, it was blind as it had no eyes. The cloth only covering the hollow eyes to prevent damage. Yet it could still 'see' her.\n\nSo far had no hostile intentions."}, {"author_id": 1462838988469944330, "id": 1494883328989835264, "text": "RT @SenTedCruz: .@RealDailyWire: Cruz Rips Biden: Our Enemies Know Biden \u2018Is Too Weak To Do A Damn Thing About Their Hostile Intentions\u2019\u2026"}, {"author_id": 525237685, "id": 1494878848345079809, "text": "RT @ShortSkwiz: No matter what your intentions were, you have a hand in creating an environment that will be even more hostile and Sinophob\u2026"}, {"author_id": 1217114572961861632, "id": 1494876859909222400, "text": "@RHFontaine This is why a security order based on a balance of capabilities, not on flowery words about not having hostile intentions, is critical to avoiding situations like this."}, {"author_id": 331489414, "id": 1494876772487233541, "text": "No matter what your intentions were, you have a hand in creating an environment that will be even more hostile and Sinophobic than before and promptly taken advantaged of by the likes of Drew Pavlou. And you're a law student. \ud83e\udd26\u200d\u2642\ufe0fCongrats. https://t.co/RUSphlT4Sa"}, {"author_id": 1320442967820242944, "id": 1494873721043050496, "text": "RT @SenTedCruz: .@RealDailyWire: Cruz Rips Biden: Our Enemies Know Biden \u2018Is Too Weak To Do A Damn Thing About Their Hostile Intentions\u2019\u2026"}, {"author_id": 1463547718404489218, "id": 1494871385788796928, "text": "RT @SenTedCruz: .@RealDailyWire: Cruz Rips Biden: Our Enemies Know Biden \u2018Is Too Weak To Do A Damn Thing About Their Hostile Intentions\u2019\u2026"}, {"author_id": 8389782, "id": 1494865190478696449, "text": "RT @SenTedCruz: .@RealDailyWire: Cruz Rips Biden: Our Enemies Know Biden \u2018Is Too Weak To Do A Damn Thing About Their Hostile Intentions\u2019\u2026"}, {"author_id": 1480970966666723328, "id": 1494864150014668807, "text": "RT @SenTedCruz: .@RealDailyWire: Cruz Rips Biden: Our Enemies Know Biden \u2018Is Too Weak To Do A Damn Thing About Their Hostile Intentions\u2019\u2026"}, {"author_id": 1452756792799158274, "id": 1494845218536890370, "text": "RT @SenTedCruz: .@RealDailyWire: Cruz Rips Biden: Our Enemies Know Biden \u2018Is Too Weak To Do A Damn Thing About Their Hostile Intentions\u2019\u2026"}, {"author_id": 1344755405331828736, "id": 1494843438600097798, "text": "@SophusTruth rejection is a scary thing, what if that person has hostile intentions and tries to humiliate/take advantage of you because they know you have a crush on them?"}, {"author_id": 824640607704535040, "id": 1494841282153357315, "text": "RT @SenTedCruz: .@RealDailyWire: Cruz Rips Biden: Our Enemies Know Biden \u2018Is Too Weak To Do A Damn Thing About Their Hostile Intentions\u2019\u2026"}, {"author_id": 1088165123641036800, "id": 1494840310324768772, "text": "RT @SenTedCruz: .@RealDailyWire: Cruz Rips Biden: Our Enemies Know Biden \u2018Is Too Weak To Do A Damn Thing About Their Hostile Intentions\u2019\u2026"}, {"author_id": 831872040613322752, "id": 1494838729650937859, "text": "RT @SenTedCruz: .@RealDailyWire: Cruz Rips Biden: Our Enemies Know Biden \u2018Is Too Weak To Do A Damn Thing About Their Hostile Intentions\u2019\u2026"}, {"author_id": 1310982818206547968, "id": 1494831521085239298, "text": "RT @SenTedCruz: .@RealDailyWire: Cruz Rips Biden: Our Enemies Know Biden \u2018Is Too Weak To Do A Damn Thing About Their Hostile Intentions\u2019\u2026"}, {"author_id": 1584367615, "id": 1494831113247895553, "text": "RT @TheeKHiveQueenB: @ij_onuigbo @WaterflowerM The divide exists. I\u2019m just discussing it. \n\nThey join groups that declare intentions of for\u2026"}, {"author_id": 1393810205935382528, "id": 1494830372584108034, "text": "@Tom_Fowdy Not even with WW2 was anything SACRAMENTED.  Where there are alliances, organizations that call themselves NATO, nothing works at a time when a POWERFUL country mobilizes with openly hostile intentions."}, {"author_id": 1076296412726480896, "id": 1494829324687523841, "text": "RT @SenTedCruz: .@RealDailyWire: Cruz Rips Biden: Our Enemies Know Biden \u2018Is Too Weak To Do A Damn Thing About Their Hostile Intentions\u2019\u2026"}, {"author_id": 1488607824816996353, "id": 1494827741673181186, "text": "My mountain is extremely hostile to people that have bad intentions\u2026\nThe stories are amazing and very creative to say the least\u2026\nPower radiating from every tree.\nI tried some copper compression socks and gloves one day,,\nGot a foot wet &amp; Peaed on a rock!\nAND SAW GOD!\nHoly F"}, {"author_id": 973290439062278150, "id": 1494827573381152775, "text": "RT @SenTedCruz: .@RealDailyWire: Cruz Rips Biden: Our Enemies Know Biden \u2018Is Too Weak To Do A Damn Thing About Their Hostile Intentions\u2019\u2026"}, {"author_id": 16912919, "id": 1494819383910092802, "text": "RT @SenTedCruz: .@RealDailyWire: Cruz Rips Biden: Our Enemies Know Biden \u2018Is Too Weak To Do A Damn Thing About Their Hostile Intentions\u2019\u2026"}, {"author_id": 61473354, "id": 1494817467662848000, "text": "RT @SenTedCruz: .@RealDailyWire: Cruz Rips Biden: Our Enemies Know Biden \u2018Is Too Weak To Do A Damn Thing About Their Hostile Intentions\u2019\u2026"}, {"author_id": 127023136, "id": 1494812823959969795, "text": "RT @SenTedCruz: .@RealDailyWire: Cruz Rips Biden: Our Enemies Know Biden \u2018Is Too Weak To Do A Damn Thing About Their Hostile Intentions\u2019\u2026"}, {"author_id": 754286796201086976, "id": 1494811020015149059, "text": "RT @SenTedCruz: .@RealDailyWire: Cruz Rips Biden: Our Enemies Know Biden \u2018Is Too Weak To Do A Damn Thing About Their Hostile Intentions\u2019\u2026"}, {"author_id": 529816461, "id": 1494809826613997573, "text": "RT @SenTedCruz: .@RealDailyWire: Cruz Rips Biden: Our Enemies Know Biden \u2018Is Too Weak To Do A Damn Thing About Their Hostile Intentions\u2019\u2026"}, {"author_id": 1209181404, "id": 1494809698188496898, "text": "RT @SenTedCruz: .@RealDailyWire: Cruz Rips Biden: Our Enemies Know Biden \u2018Is Too Weak To Do A Damn Thing About Their Hostile Intentions\u2019\u2026"}, {"author_id": 435105105, "id": 1494808093191987200, "text": "RT @SenTedCruz: .@RealDailyWire: Cruz Rips Biden: Our Enemies Know Biden \u2018Is Too Weak To Do A Damn Thing About Their Hostile Intentions\u2019\u2026"}, {"author_id": 1433963266175164416, "id": 1494807913495289858, "text": "RT @SenTedCruz: .@RealDailyWire: Cruz Rips Biden: Our Enemies Know Biden \u2018Is Too Weak To Do A Damn Thing About Their Hostile Intentions\u2019\u2026"}, {"author_id": 274702185, "id": 1494807665876295681, "text": "RT @SenTedCruz: .@RealDailyWire: Cruz Rips Biden: Our Enemies Know Biden \u2018Is Too Weak To Do A Damn Thing About Their Hostile Intentions\u2019\u2026"}, {"author_id": 1428161100961439746, "id": 1494806713660284932, "text": "RT @SenTedCruz: .@RealDailyWire: Cruz Rips Biden: Our Enemies Know Biden \u2018Is Too Weak To Do A Damn Thing About Their Hostile Intentions\u2019\u2026"}, {"author_id": 279340238, "id": 1494806547788148744, "text": "RT @SenTedCruz: .@RealDailyWire: Cruz Rips Biden: Our Enemies Know Biden \u2018Is Too Weak To Do A Damn Thing About Their Hostile Intentions\u2019\u2026"}, {"author_id": 2870062495, "id": 1494804027263307777, "text": "RT @SenTedCruz: .@RealDailyWire: Cruz Rips Biden: Our Enemies Know Biden \u2018Is Too Weak To Do A Damn Thing About Their Hostile Intentions\u2019\u2026"}, {"author_id": 2403738209, "id": 1494803688874938369, "text": "RT @SenTedCruz: .@RealDailyWire: Cruz Rips Biden: Our Enemies Know Biden \u2018Is Too Weak To Do A Damn Thing About Their Hostile Intentions\u2019\u2026"}, {"author_id": 2463073418, "id": 1494802922990972936, "text": "RT @SenTedCruz: .@RealDailyWire: Cruz Rips Biden: Our Enemies Know Biden \u2018Is Too Weak To Do A Damn Thing About Their Hostile Intentions\u2019\u2026"}, {"author_id": 812344585, "id": 1494802716438122500, "text": "RT @TheeKHiveQueenB: @ij_onuigbo @WaterflowerM The divide exists. I\u2019m just discussing it. \n\nThey join groups that declare intentions of for\u2026"}, {"author_id": 716435263573073920, "id": 1494795293216231427, "text": "RT @SenTedCruz: .@RealDailyWire: Cruz Rips Biden: Our Enemies Know Biden \u2018Is Too Weak To Do A Damn Thing About Their Hostile Intentions\u2019\u2026"}, {"author_id": 1404533875779461121, "id": 1494794723030142979, "text": "RT @SenTedCruz: .@RealDailyWire: Cruz Rips Biden: Our Enemies Know Biden \u2018Is Too Weak To Do A Damn Thing About Their Hostile Intentions\u2019\u2026"}, {"author_id": 23091821, "id": 1494791631337259008, "text": "RT @SenTedCruz: .@RealDailyWire: Cruz Rips Biden: Our Enemies Know Biden \u2018Is Too Weak To Do A Damn Thing About Their Hostile Intentions\u2019\u2026"}, {"author_id": 579586396, "id": 1494791625750376449, "text": "RT @SenTedCruz: .@RealDailyWire: Cruz Rips Biden: Our Enemies Know Biden \u2018Is Too Weak To Do A Damn Thing About Their Hostile Intentions\u2019\u2026"}, {"author_id": 1211899922930229249, "id": 1494791618142285825, "text": "RT @SenTedCruz: .@RealDailyWire: Cruz Rips Biden: Our Enemies Know Biden \u2018Is Too Weak To Do A Damn Thing About Their Hostile Intentions\u2019\u2026"}, {"author_id": 1387956786, "id": 1494788620536156162, "text": "RT @SenTedCruz: .@RealDailyWire: Cruz Rips Biden: Our Enemies Know Biden \u2018Is Too Weak To Do A Damn Thing About Their Hostile Intentions\u2019\u2026"}, {"author_id": 1491886722120044561, "id": 1494787082174164992, "text": "RT @SenTedCruz: .@RealDailyWire: Cruz Rips Biden: Our Enemies Know Biden \u2018Is Too Weak To Do A Damn Thing About Their Hostile Intentions\u2019\u2026"}, {"author_id": 532601202, "id": 1494786856193601540, "text": "RT @SenTedCruz: .@RealDailyWire: Cruz Rips Biden: Our Enemies Know Biden \u2018Is Too Weak To Do A Damn Thing About Their Hostile Intentions\u2019\u2026"}, {"author_id": 1061746992538370051, "id": 1494784254588465156, "text": "RT @SenTedCruz: .@RealDailyWire: Cruz Rips Biden: Our Enemies Know Biden \u2018Is Too Weak To Do A Damn Thing About Their Hostile Intentions\u2019\u2026"}, {"author_id": 2606204227, "id": 1494783449462358018, "text": "RT @SenTedCruz: .@RealDailyWire: Cruz Rips Biden: Our Enemies Know Biden \u2018Is Too Weak To Do A Damn Thing About Their Hostile Intentions\u2019\u2026"}, {"author_id": 1236296214083244033, "id": 1494783053062975501, "text": "RT @SenTedCruz: .@RealDailyWire: Cruz Rips Biden: Our Enemies Know Biden \u2018Is Too Weak To Do A Damn Thing About Their Hostile Intentions\u2019\u2026"}, {"author_id": 362551049, "id": 1494780215695867904, "text": "RT @SenTedCruz: .@RealDailyWire: Cruz Rips Biden: Our Enemies Know Biden \u2018Is Too Weak To Do A Damn Thing About Their Hostile Intentions\u2019\u2026"}, {"author_id": 443348831, "id": 1494777622005534721, "text": "RT @SenTedCruz: .@RealDailyWire: Cruz Rips Biden: Our Enemies Know Biden \u2018Is Too Weak To Do A Damn Thing About Their Hostile Intentions\u2019\u2026"}, {"author_id": 318990588, "id": 1494775946443956234, "text": "RT @SenTedCruz: .@RealDailyWire: Cruz Rips Biden: Our Enemies Know Biden \u2018Is Too Weak To Do A Damn Thing About Their Hostile Intentions\u2019\u2026"}, {"author_id": 822506208791642112, "id": 1494775290043633664, "text": "RT @SenTedCruz: .@RealDailyWire: Cruz Rips Biden: Our Enemies Know Biden \u2018Is Too Weak To Do A Damn Thing About Their Hostile Intentions\u2019\u2026"}, {"author_id": 1424402871047622656, "id": 1494773559129821187, "text": "RT @SenTedCruz: .@RealDailyWire: Cruz Rips Biden: Our Enemies Know Biden \u2018Is Too Weak To Do A Damn Thing About Their Hostile Intentions\u2019\u2026"}, {"author_id": 144033709, "id": 1494772903920996353, "text": "RT @SenTedCruz: .@RealDailyWire: Cruz Rips Biden: Our Enemies Know Biden \u2018Is Too Weak To Do A Damn Thing About Their Hostile Intentions\u2019\u2026"}, {"author_id": 177316469, "id": 1494772639197401088, "text": "RT @SenTedCruz: .@RealDailyWire: Cruz Rips Biden: Our Enemies Know Biden \u2018Is Too Weak To Do A Damn Thing About Their Hostile Intentions\u2019\u2026"}, {"author_id": 4855687055, "id": 1494772292412399621, "text": "RT @SenTedCruz: .@RealDailyWire: Cruz Rips Biden: Our Enemies Know Biden \u2018Is Too Weak To Do A Damn Thing About Their Hostile Intentions\u2019\u2026"}]