[{"author_id": 2277262537, "id": 1495284994696433664, "text": "RT @confusedvichar: Just in : A Twitter blue tick friend became extremely sad and drank 3 large pegs of Royal Stag when not a single person\u2026"}, {"author_id": 1182985131088175104, "id": 1495284593666101248, "text": "RT @confusedvichar: Just in : A Twitter blue tick friend became extremely sad and drank 3 large pegs of Royal Stag when not a single person\u2026"}, {"author_id": 1158548202158612480, "id": 1495284301948063748, "text": "RT @confusedvichar: Just in : A Twitter blue tick friend became extremely sad and drank 3 large pegs of Royal Stag when not a single person\u2026"}, {"author_id": 1483956727494033408, "id": 1495282733429321729, "text": "RT @psykergame: \ud83d\udcad Psyker X Waifu House Giveaway\ud83c\udf89\n\n9,999 IRL Party To Earn Waifus!\ud83c\udf38\n\n\ud83c\udf81Prize: 5 Whitelist Spots!\n\nTo Enter: \ud83d\udc47\n\u26e9\ufe0f Follow @Waif\u2026"}, {"author_id": 956875794307002368, "id": 1495280394874335233, "text": "@wifeofthesixth For house party the Goal was 10M we barely got 2.6 for 1st 24h since some views were deleted cuz of not streaming properly then we got the views back again and had 10M within 3 days.. So for this time realistically speaking I think we will get 1.5-2M max within 1st 24h"}, {"author_id": 866027372541169664, "id": 1495279538246680578, "text": "RT @confusedvichar: Just in : A Twitter blue tick friend became extremely sad and drank 3 large pegs of Royal Stag when not a single person\u2026"}, {"author_id": 1392409405602283520, "id": 1495275543587172355, "text": "19 niggas downtown, 5 groups bar hopping, 3 shordies at the tely, a big house party in pk. What is going on"}, {"author_id": 1178400217676148736, "id": 1495274201002885120, "text": "RT @confusedvichar: Just in : A Twitter blue tick friend became extremely sad and drank 3 large pegs of Royal Stag when not a single person\u2026"}, {"author_id": 1124274521421205509, "id": 1495272971539456005, "text": "RT @confusedvichar: Just in : A Twitter blue tick friend became extremely sad and drank 3 large pegs of Royal Stag when not a single person\u2026"}, {"author_id": 1395991493601415169, "id": 1495271168315559936, "text": "RT @confusedvichar: Just in : A Twitter blue tick friend became extremely sad and drank 3 large pegs of Royal Stag when not a single person\u2026"}, {"author_id": 886036155220807680, "id": 1495270530722807809, "text": "I\u2019ll set the scene \n\nThe house lights are out. The living room is illuminated by 3 fake candles and it\u2019s a full lit dance party\u2026\n\nRomantic right?"}, {"author_id": 1486015223836200965, "id": 1495270257715335168, "text": "@Deniseneil3 @ComaDict @DavidRosener @DrPaulGosar So what you are saying is ComaDict is welcome to come and park his RV on your street, in front of your house, with all his buddies and have a loud obnoxious party 27/7 for 3 weeks? That is mighty hospitable of you. Can I come? I will bring my favourite mix tape."}, {"author_id": 1459413535037919232, "id": 1495269295802126343, "text": "RT @psykergame: \ud83d\udcad Psyker X Waifu House Giveaway\ud83c\udf89\n\n9,999 IRL Party To Earn Waifus!\ud83c\udf38\n\n\ud83c\udf81Prize: 5 Whitelist Spots!\n\nTo Enter: \ud83d\udc47\n\u26e9\ufe0f Follow @Waif\u2026"}, {"author_id": 4927949116, "id": 1495265971614978048, "text": "RT @confusedvichar: Just in : A Twitter blue tick friend became extremely sad and drank 3 large pegs of Royal Stag when not a single person\u2026"}, {"author_id": 159793449, "id": 1495264059448786944, "text": "RT @confusedvichar: Just in : A Twitter blue tick friend became extremely sad and drank 3 large pegs of Royal Stag when not a single person\u2026"}, {"author_id": 1173847397883006976, "id": 1495263611081486341, "text": "RT @psykergame: \ud83d\udcad Psyker X Waifu House Giveaway\ud83c\udf89\n\n9,999 IRL Party To Earn Waifus!\ud83c\udf38\n\n\ud83c\udf81Prize: 5 Whitelist Spots!\n\nTo Enter: \ud83d\udc47\n\u26e9\ufe0f Follow @Waif\u2026"}, {"author_id": 238448916, "id": 1495263210290626563, "text": "RT @confusedvichar: Just in : A Twitter blue tick friend became extremely sad and drank 3 large pegs of Royal Stag when not a single person\u2026"}, {"author_id": 1401537713946324997, "id": 1495263027792592896, "text": "RT @confusedvichar: Just in : A Twitter blue tick friend became extremely sad and drank 3 large pegs of Royal Stag when not a single person\u2026"}, {"author_id": 126897931, "id": 1495261657676668931, "text": "RT @confusedvichar: Just in : A Twitter blue tick friend became extremely sad and drank 3 large pegs of Royal Stag when not a single person\u2026"}, {"author_id": 56771628, "id": 1495260382402736128, "text": "RT @confusedvichar: Just in : A Twitter blue tick friend became extremely sad and drank 3 large pegs of Royal Stag when not a single person\u2026"}, {"author_id": 1215100154140774400, "id": 1495259761331240966, "text": "RT @confusedvichar: Just in : A Twitter blue tick friend became extremely sad and drank 3 large pegs of Royal Stag when not a single person\u2026"}, {"author_id": 1252854227547729921, "id": 1495259601205280771, "text": "RT @confusedvichar: Just in : A Twitter blue tick friend became extremely sad and drank 3 large pegs of Royal Stag when not a single person\u2026"}, {"author_id": 1482182194957545474, "id": 1495257260414541832, "text": "RT @HY_collection: \ud83d\udcad HY Collection X Waifu House Giveaway\ud83c\udf89\n\n9,999 IRL Party To Earn Waifus!\ud83c\udf38\n\n\ud83c\udf81Prize: 3 Whitelist Spots!\n\nTo Enter: \ud83d\udc47\n\u26e9\ufe0f Fo\u2026"}, {"author_id": 1476358109178515457, "id": 1495255231847825408, "text": "RT @HY_collection: \ud83d\udcad HY Collection X Waifu House Giveaway\ud83c\udf89\n\n9,999 IRL Party To Earn Waifus!\ud83c\udf38\n\n\ud83c\udf81Prize: 3 Whitelist Spots!\n\nTo Enter: \ud83d\udc47\n\u26e9\ufe0f Fo\u2026"}, {"author_id": 2943776790, "id": 1495254959238967298, "text": "RT @confusedvichar: Just in : A Twitter blue tick friend became extremely sad and drank 3 large pegs of Royal Stag when not a single person\u2026"}, {"author_id": 1493992042216583169, "id": 1495254135301566464, "text": "RT @confusedvichar: Just in : A Twitter blue tick friend became extremely sad and drank 3 large pegs of Royal Stag when not a single person\u2026"}, {"author_id": 311283246, "id": 1495254033170268160, "text": "RT @confusedvichar: Just in : A Twitter blue tick friend became extremely sad and drank 3 large pegs of Royal Stag when not a single person\u2026"}, {"author_id": 1114001146115264512, "id": 1495253970121478146, "text": "@platinumsounds I remember watching Dominique beat Kenny Smith in the Dunk contest on the same night  Tyson got beat by Buster at a party you threw at your mom\u2019s old house.  I had like 3 beers for the 1st time &amp; was spinning! Lol, good times!"}, {"author_id": 1389913670843387905, "id": 1495253691074428929, "text": "RT @confusedvichar: Just in : A Twitter blue tick friend became extremely sad and drank 3 large pegs of Royal Stag when not a single person\u2026"}, {"author_id": 837019470799384577, "id": 1495252335097876483, "text": "RT @confusedvichar: Just in : A Twitter blue tick friend became extremely sad and drank 3 large pegs of Royal Stag when not a single person\u2026"}, {"author_id": 1307620847633330177, "id": 1495251109870399489, "text": "RT @psykergame: \ud83d\udcad Psyker X Waifu House Giveaway\ud83c\udf89\n\n9,999 IRL Party To Earn Waifus!\ud83c\udf38\n\n\ud83c\udf81Prize: 5 Whitelist Spots!\n\nTo Enter: \ud83d\udc47\n\u26e9\ufe0f Follow @Waif\u2026"}, {"author_id": 65552075, "id": 1495251020582371328, "text": "RT @confusedvichar: Just in : A Twitter blue tick friend became extremely sad and drank 3 large pegs of Royal Stag when not a single person\u2026"}, {"author_id": 1393566305500860418, "id": 1495248595372503051, "text": "RT @confusedvichar: Just in : A Twitter blue tick friend became extremely sad and drank 3 large pegs of Royal Stag when not a single person\u2026"}, {"author_id": 931560267468738567, "id": 1495248385389084681, "text": "RT @GriserieF: House Party Protocol 3.0! \n\n#BrieLarson /#CaptainMarvel and #ElizabethOlsen /#ScarletWitch test the New #Avengers HQ synthez\u2026"}, {"author_id": 734798252931944449, "id": 1495247783892500480, "text": "RT @confusedvichar: Just in : A Twitter blue tick friend became extremely sad and drank 3 large pegs of Royal Stag when not a single person\u2026"}, {"author_id": 481299209, "id": 1495245097633415169, "text": "RT @psykergame: \ud83d\udcad Psyker X Waifu House Giveaway\ud83c\udf89\n\n9,999 IRL Party To Earn Waifus!\ud83c\udf38\n\n\ud83c\udf81Prize: 5 Whitelist Spots!\n\nTo Enter: \ud83d\udc47\n\u26e9\ufe0f Follow @Waif\u2026"}, {"author_id": 104606602, "id": 1495243693900681216, "text": "RT @Atypical504: Carnival is back babyyyy! \ud83d\udc9a\ud83d\udc9b\ud83d\udc9c Atypical House: a 3-night parade party in the thick of the Uptown route! #DrinkPlayParade\u2026"}, {"author_id": 776799142983020546, "id": 1495242063264116741, "text": "RT @confusedvichar: Just in : A Twitter blue tick friend became extremely sad and drank 3 large pegs of Royal Stag when not a single person\u2026"}, {"author_id": 3066874231, "id": 1495240644822183936, "text": "RT @confusedvichar: Just in : A Twitter blue tick friend became extremely sad and drank 3 large pegs of Royal Stag when not a single person\u2026"}, {"author_id": 1332577537403150337, "id": 1495239487802134530, "text": "RT @psykergame: \ud83d\udcad Psyker X Waifu House Giveaway\ud83c\udf89\n\n9,999 IRL Party To Earn Waifus!\ud83c\udf38\n\n\ud83c\udf81Prize: 5 Whitelist Spots!\n\nTo Enter: \ud83d\udc47\n\u26e9\ufe0f Follow @Waif\u2026"}, {"author_id": 1346110736867733505, "id": 1495238310058471433, "text": "RT @psykergame: \ud83d\udcad Psyker X Waifu House Giveaway\ud83c\udf89\n\n9,999 IRL Party To Earn Waifus!\ud83c\udf38\n\n\ud83c\udf81Prize: 5 Whitelist Spots!\n\nTo Enter: \ud83d\udc47\n\u26e9\ufe0f Follow @Waif\u2026"}, {"author_id": 1129962058898759680, "id": 1495236893700952065, "text": "RT @confusedvichar: Just in : A Twitter blue tick friend became extremely sad and drank 3 large pegs of Royal Stag when not a single person\u2026"}, {"author_id": 1342344712921858048, "id": 1495233954257190913, "text": "RT @WeLoveDara: [daraxxi IG Stories]\n\n\"Follow Me Review On~!!!\nThis month at our house~^_^\nI love you~!!!\ud83d\ude06\"\n\n\"Dara's online housewarming pa\u2026"}, {"author_id": 1443907475762135040, "id": 1495230765176848384, "text": "RT @HY_collection: \ud83d\udcad HY Collection X Waifu House Giveaway\ud83c\udf89\n\n9,999 IRL Party To Earn Waifus!\ud83c\udf38\n\n\ud83c\udf81Prize: 3 Whitelist Spots!\n\nTo Enter: \ud83d\udc47\n\u26e9\ufe0f Fo\u2026"}, {"author_id": 2179214204, "id": 1495229748460457984, "text": "RT @HY_collection: \ud83d\udcad HY Collection X Waifu House Giveaway\ud83c\udf89\n\n9,999 IRL Party To Earn Waifus!\ud83c\udf38\n\n\ud83c\udf81Prize: 3 Whitelist Spots!\n\nTo Enter: \ud83d\udc47\n\u26e9\ufe0f Fo\u2026"}, {"author_id": 2585129226, "id": 1495229628301987844, "text": "RT @confusedvichar: Just in : A Twitter blue tick friend became extremely sad and drank 3 large pegs of Royal Stag when not a single person\u2026"}, {"author_id": 877182480167690240, "id": 1495229250378649601, "text": "Carnival is back babyyyy! \ud83d\udc9a\ud83d\udc9b\ud83d\udc9c Atypical House: a 3-night parade party in the thick of the Uptown route! #DrinkPlayParade \n\nFollowing the City\u2019s COVID guidelines and limiting capacity, so get your tix now! https://t.co/AHq6HDNPkj https://t.co/Z4Nqh5Lcoj"}, {"author_id": 1494100899790299141, "id": 1495227798977486850, "text": "@WBrettWilson @liberal_party @NDP I can tell this. They are here in port Dover and simcoe townsof Norfolk\n\nThe ACCOUNTIBLITY and RESPONSIBLE Actions. If the son  homes. Arlene Dickinson.  Has been pursuing me at 141 address. Right of my driveway and house. Now is I\nBuilding 3 feet bugged up against all bylaws"}, {"author_id": 172796406, "id": 1495226604271853576, "text": "RT @confusedvichar: Just in : A Twitter blue tick friend became extremely sad and drank 3 large pegs of Royal Stag when not a single person\u2026"}, {"author_id": 3203883100, "id": 1495225922756222983, "text": "RT @psykergame: \ud83d\udcad Psyker X Waifu House Giveaway\ud83c\udf89\n\n9,999 IRL Party To Earn Waifus!\ud83c\udf38\n\n\ud83c\udf81Prize: 5 Whitelist Spots!\n\nTo Enter: \ud83d\udc47\n\u26e9\ufe0f Follow @Waif\u2026"}, {"author_id": 1373088459951271937, "id": 1495225155412701187, "text": "RT @HY_collection: \ud83d\udcad HY Collection X Waifu House Giveaway\ud83c\udf89\n\n9,999 IRL Party To Earn Waifus!\ud83c\udf38\n\n\ud83c\udf81Prize: 3 Whitelist Spots!\n\nTo Enter: \ud83d\udc47\n\u26e9\ufe0f Fo\u2026"}, {"author_id": 3652834533, "id": 1495224233294770204, "text": "RT @casspernyovest: #TBT to my house party 3 days ago. Gole Monate Kudu Kuduuuuuu!!!! New Music on the way!!!  #NyovestiveSeason https://t.\u2026"}, {"author_id": 292859046, "id": 1495223302884790273, "text": "RT @psykergame: \ud83d\udcad Psyker X Waifu House Giveaway\ud83c\udf89\n\n9,999 IRL Party To Earn Waifus!\ud83c\udf38\n\n\ud83c\udf81Prize: 5 Whitelist Spots!\n\nTo Enter: \ud83d\udc47\n\u26e9\ufe0f Follow @Waif\u2026"}, {"author_id": 1436410024801280008, "id": 1495222881952935938, "text": "RT @HY_collection: \ud83d\udcad HY Collection X Waifu House Giveaway\ud83c\udf89\n\n9,999 IRL Party To Earn Waifus!\ud83c\udf38\n\n\ud83c\udf81Prize: 3 Whitelist Spots!\n\nTo Enter: \ud83d\udc47\n\u26e9\ufe0f Fo\u2026"}, {"author_id": 4914554621, "id": 1495222398710435842, "text": "RT @confusedvichar: Just in : A Twitter blue tick friend became extremely sad and drank 3 large pegs of Royal Stag when not a single person\u2026"}, {"author_id": 1494606884028170240, "id": 1495219242710761472, "text": "RT @HY_collection: \ud83d\udcad HY Collection X Waifu House Giveaway\ud83c\udf89\n\n9,999 IRL Party To Earn Waifus!\ud83c\udf38\n\n\ud83c\udf81Prize: 3 Whitelist Spots!\n\nTo Enter: \ud83d\udc47\n\u26e9\ufe0f Fo\u2026"}, {"author_id": 2970235124, "id": 1495218745920339972, "text": "RT @confusedvichar: Just in : A Twitter blue tick friend became extremely sad and drank 3 large pegs of Royal Stag when not a single person\u2026"}, {"author_id": 1187517849096675328, "id": 1495217844623138817, "text": "RT @psykergame: \ud83d\udcad Psyker X Waifu House Giveaway\ud83c\udf89\n\n9,999 IRL Party To Earn Waifus!\ud83c\udf38\n\n\ud83c\udf81Prize: 5 Whitelist Spots!\n\nTo Enter: \ud83d\udc47\n\u26e9\ufe0f Follow @Waif\u2026"}, {"author_id": 1483242941380698116, "id": 1495217160003923974, "text": "RT @HY_collection: \ud83d\udcad HY Collection X Waifu House Giveaway\ud83c\udf89\n\n9,999 IRL Party To Earn Waifus!\ud83c\udf38\n\n\ud83c\udf81Prize: 3 Whitelist Spots!\n\nTo Enter: \ud83d\udc47\n\u26e9\ufe0f Fo\u2026"}, {"author_id": 707268936551653376, "id": 1495215172994179074, "text": "@ my house party drunk with an essay due in 3 hrs"}, {"author_id": 2197983482, "id": 1495210945290797057, "text": "RT @psykergame: \ud83d\udcad Psyker X Waifu House Giveaway\ud83c\udf89\n\n9,999 IRL Party To Earn Waifus!\ud83c\udf38\n\n\ud83c\udf81Prize: 5 Whitelist Spots!\n\nTo Enter: \ud83d\udc47\n\u26e9\ufe0f Follow @Waif\u2026"}, {"author_id": 730907126663655424, "id": 1495210843558010882, "text": "Leading role: Mr. 3000\nSupporting: House Party 3 https://t.co/sE498XbM22"}, {"author_id": 1434796535523332099, "id": 1495210632257237002, "text": "RT @psykergame: \ud83d\udcad Psyker X Waifu House Giveaway\ud83c\udf89\n\n9,999 IRL Party To Earn Waifus!\ud83c\udf38\n\n\ud83c\udf81Prize: 5 Whitelist Spots!\n\nTo Enter: \ud83d\udc47\n\u26e9\ufe0f Follow @Waif\u2026"}, {"author_id": 2274593941, "id": 1495209167488897024, "text": "RT @psykergame: \ud83d\udcad Psyker X Waifu House Giveaway\ud83c\udf89\n\n9,999 IRL Party To Earn Waifus!\ud83c\udf38\n\n\ud83c\udf81Prize: 5 Whitelist Spots!\n\nTo Enter: \ud83d\udc47\n\u26e9\ufe0f Follow @Waif\u2026"}, {"author_id": 1489398321311797248, "id": 1495208560384376832, "text": "RT @psykergame: \ud83d\udcad Psyker X Waifu House Giveaway\ud83c\udf89\n\n9,999 IRL Party To Earn Waifus!\ud83c\udf38\n\n\ud83c\udf81Prize: 5 Whitelist Spots!\n\nTo Enter: \ud83d\udc47\n\u26e9\ufe0f Follow @Waif\u2026"}, {"author_id": 1489398321311797248, "id": 1495208508744093698, "text": "RT @HY_collection: \ud83d\udcad HY Collection X Waifu House Giveaway\ud83c\udf89\n\n9,999 IRL Party To Earn Waifus!\ud83c\udf38\n\n\ud83c\udf81Prize: 3 Whitelist Spots!\n\nTo Enter: \ud83d\udc47\n\u26e9\ufe0f Fo\u2026"}, {"author_id": 1481129390331527173, "id": 1495208277172719616, "text": "RT @HY_collection: \ud83d\udcad HY Collection X Waifu House Giveaway\ud83c\udf89\n\n9,999 IRL Party To Earn Waifus!\ud83c\udf38\n\n\ud83c\udf81Prize: 3 Whitelist Spots!\n\nTo Enter: \ud83d\udc47\n\u26e9\ufe0f Fo\u2026"}, {"author_id": 1010478369534644224, "id": 1495208259526877185, "text": "RT @psykergame: \ud83d\udcad Psyker X Waifu House Giveaway\ud83c\udf89\n\n9,999 IRL Party To Earn Waifus!\ud83c\udf38\n\n\ud83c\udf81Prize: 5 Whitelist Spots!\n\nTo Enter: \ud83d\udc47\n\u26e9\ufe0f Follow @Waif\u2026"}, {"author_id": 1489397623538982912, "id": 1495207881641107457, "text": "RT @HY_collection: \ud83d\udcad HY Collection X Waifu House Giveaway\ud83c\udf89\n\n9,999 IRL Party To Earn Waifus!\ud83c\udf38\n\n\ud83c\udf81Prize: 3 Whitelist Spots!\n\nTo Enter: \ud83d\udc47\n\u26e9\ufe0f Fo\u2026"}, {"author_id": 1489397623538982912, "id": 1495207805090889730, "text": "RT @psykergame: \ud83d\udcad Psyker X Waifu House Giveaway\ud83c\udf89\n\n9,999 IRL Party To Earn Waifus!\ud83c\udf38\n\n\ud83c\udf81Prize: 5 Whitelist Spots!\n\nTo Enter: \ud83d\udc47\n\u26e9\ufe0f Follow @Waif\u2026"}, {"author_id": 1445255921530142722, "id": 1495207665844498432, "text": "RT @HY_collection: \ud83d\udcad HY Collection X Waifu House Giveaway\ud83c\udf89\n\n9,999 IRL Party To Earn Waifus!\ud83c\udf38\n\n\ud83c\udf81Prize: 3 Whitelist Spots!\n\nTo Enter: \ud83d\udc47\n\u26e9\ufe0f Fo\u2026"}, {"author_id": 1361902672404619265, "id": 1495206987100921859, "text": "RT @psykergame: \ud83d\udcad Psyker X Waifu House Giveaway\ud83c\udf89\n\n9,999 IRL Party To Earn Waifus!\ud83c\udf38\n\n\ud83c\udf81Prize: 5 Whitelist Spots!\n\nTo Enter: \ud83d\udc47\n\u26e9\ufe0f Follow @Waif\u2026"}, {"author_id": 1494859176337887232, "id": 1495206759450832898, "text": "RT @psykergame: \ud83d\udcad Psyker X Waifu House Giveaway\ud83c\udf89\n\n9,999 IRL Party To Earn Waifus!\ud83c\udf38\n\n\ud83c\udf81Prize: 5 Whitelist Spots!\n\nTo Enter: \ud83d\udc47\n\u26e9\ufe0f Follow @Waif\u2026"}, {"author_id": 1489396801702875136, "id": 1495206617490817026, "text": "RT @psykergame: \ud83d\udcad Psyker X Waifu House Giveaway\ud83c\udf89\n\n9,999 IRL Party To Earn Waifus!\ud83c\udf38\n\n\ud83c\udf81Prize: 5 Whitelist Spots!\n\nTo Enter: \ud83d\udc47\n\u26e9\ufe0f Follow @Waif\u2026"}, {"author_id": 1489396801702875136, "id": 1495206556086173696, "text": "RT @HY_collection: \ud83d\udcad HY Collection X Waifu House Giveaway\ud83c\udf89\n\n9,999 IRL Party To Earn Waifus!\ud83c\udf38\n\n\ud83c\udf81Prize: 3 Whitelist Spots!\n\nTo Enter: \ud83d\udc47\n\u26e9\ufe0f Fo\u2026"}, {"author_id": 1489243160790593537, "id": 1495205994364018693, "text": "RT @HY_collection: \ud83d\udcad HY Collection X Waifu House Giveaway\ud83c\udf89\n\n9,999 IRL Party To Earn Waifus!\ud83c\udf38\n\n\ud83c\udf81Prize: 3 Whitelist Spots!\n\nTo Enter: \ud83d\udc47\n\u26e9\ufe0f Fo\u2026"}, {"author_id": 1489243160790593537, "id": 1495205919940313088, "text": "RT @psykergame: \ud83d\udcad Psyker X Waifu House Giveaway\ud83c\udf89\n\n9,999 IRL Party To Earn Waifus!\ud83c\udf38\n\n\ud83c\udf81Prize: 5 Whitelist Spots!\n\nTo Enter: \ud83d\udc47\n\u26e9\ufe0f Follow @Waif\u2026"}, {"author_id": 1423152541605318659, "id": 1495203542264532993, "text": "RT @confusedvichar: Just in : A Twitter blue tick friend became extremely sad and drank 3 large pegs of Royal Stag when not a single person\u2026"}, {"author_id": 1471115089189416963, "id": 1495203177519407108, "text": "RT @HY_collection: \ud83d\udcad HY Collection X Waifu House Giveaway\ud83c\udf89\n\n9,999 IRL Party To Earn Waifus!\ud83c\udf38\n\n\ud83c\udf81Prize: 3 Whitelist Spots!\n\nTo Enter: \ud83d\udc47\n\u26e9\ufe0f Fo\u2026"}, {"author_id": 1487795648896196608, "id": 1495202596218601476, "text": "RT @psykergame: \ud83d\udcad Psyker X Waifu House Giveaway\ud83c\udf89\n\n9,999 IRL Party To Earn Waifus!\ud83c\udf38\n\n\ud83c\udf81Prize: 5 Whitelist Spots!\n\nTo Enter: \ud83d\udc47\n\u26e9\ufe0f Follow @Waif\u2026"}, {"author_id": 1487795648896196608, "id": 1495202424080199684, "text": "RT @HY_collection: \ud83d\udcad HY Collection X Waifu House Giveaway\ud83c\udf89\n\n9,999 IRL Party To Earn Waifus!\ud83c\udf38\n\n\ud83c\udf81Prize: 3 Whitelist Spots!\n\nTo Enter: \ud83d\udc47\n\u26e9\ufe0f Fo\u2026"}, {"author_id": 1361902672404619265, "id": 1495201431049027586, "text": "RT @HY_collection: \ud83d\udcad HY Collection X Waifu House Giveaway\ud83c\udf89\n\n9,999 IRL Party To Earn Waifus!\ud83c\udf38\n\n\ud83c\udf81Prize: 3 Whitelist Spots!\n\nTo Enter: \ud83d\udc47\n\u26e9\ufe0f Fo\u2026"}, {"author_id": 1459660341143433219, "id": 1495201201260216325, "text": "RT @HY_collection: \ud83d\udcad HY Collection X Waifu House Giveaway\ud83c\udf89\n\n9,999 IRL Party To Earn Waifus!\ud83c\udf38\n\n\ud83c\udf81Prize: 3 Whitelist Spots!\n\nTo Enter: \ud83d\udc47\n\u26e9\ufe0f Fo\u2026"}, {"author_id": 1284036928929583104, "id": 1495200060874756103, "text": "RT @confusedvichar: Just in : A Twitter blue tick friend became extremely sad and drank 3 large pegs of Royal Stag when not a single person\u2026"}, {"author_id": 1047033942874972160, "id": 1495198629916729345, "text": "RT @psykergame: \ud83d\udcad Psyker X Waifu House Giveaway\ud83c\udf89\n\n9,999 IRL Party To Earn Waifus!\ud83c\udf38\n\n\ud83c\udf81Prize: 5 Whitelist Spots!\n\nTo Enter: \ud83d\udc47\n\u26e9\ufe0f Follow @Waif\u2026"}, {"author_id": 966142922, "id": 1495197948179021825, "text": "RT @psykergame: \ud83d\udcad Psyker X Waifu House Giveaway\ud83c\udf89\n\n9,999 IRL Party To Earn Waifus!\ud83c\udf38\n\n\ud83c\udf81Prize: 5 Whitelist Spots!\n\nTo Enter: \ud83d\udc47\n\u26e9\ufe0f Follow @Waif\u2026"}, {"author_id": 213598165, "id": 1495197778901073920, "text": "RT @psykergame: \ud83d\udcad Psyker X Waifu House Giveaway\ud83c\udf89\n\n9,999 IRL Party To Earn Waifus!\ud83c\udf38\n\n\ud83c\udf81Prize: 5 Whitelist Spots!\n\nTo Enter: \ud83d\udc47\n\u26e9\ufe0f Follow @Waif\u2026"}, {"author_id": 1450288390683783175, "id": 1495197602450575363, "text": "RT @psykergame: \ud83d\udcad Psyker X Waifu House Giveaway\ud83c\udf89\n\n9,999 IRL Party To Earn Waifus!\ud83c\udf38\n\n\ud83c\udf81Prize: 5 Whitelist Spots!\n\nTo Enter: \ud83d\udc47\n\u26e9\ufe0f Follow @Waif\u2026"}, {"author_id": 922924213991825408, "id": 1495194795605700610, "text": "RT @psykergame: \ud83d\udcad Psyker X Waifu House Giveaway\ud83c\udf89\n\n9,999 IRL Party To Earn Waifus!\ud83c\udf38\n\n\ud83c\udf81Prize: 5 Whitelist Spots!\n\nTo Enter: \ud83d\udc47\n\u26e9\ufe0f Follow @Waif\u2026"}, {"author_id": 1364294180948873216, "id": 1495194561144143879, "text": "@JaymeBeanAuthor I hear you! House a mess, husband working an 18 hour shift, leaving me alone with 3 kids and a fractured foot. Solution: strawberry moon sour beer out of a left over party cup. https://t.co/6I4PdbqV9c"}, {"author_id": 981895438818131968, "id": 1495194390272221184, "text": "RT @HY_collection: \ud83d\udcad HY Collection X Waifu House Giveaway\ud83c\udf89\n\n9,999 IRL Party To Earn Waifus!\ud83c\udf38\n\n\ud83c\udf81Prize: 3 Whitelist Spots!\n\nTo Enter: \ud83d\udc47\n\u26e9\ufe0f Fo\u2026"}, {"author_id": 4450388848, "id": 1495193539768111109, "text": "RT @HY_collection: \ud83d\udcad HY Collection X Waifu House Giveaway\ud83c\udf89\n\n9,999 IRL Party To Earn Waifus!\ud83c\udf38\n\n\ud83c\udf81Prize: 3 Whitelist Spots!\n\nTo Enter: \ud83d\udc47\n\u26e9\ufe0f Fo\u2026"}, {"author_id": 1183758715578732546, "id": 1495192856675373059, "text": "RT @nekomeiko_: family just texted us asking to have the family party at my house tonight instead of theirs\u2026 bruh i got 3 hours to clean my\u2026"}]