[{"author_id": 1384597926, "id": 1495288367365308418, "text": "RT @JapanPathak: August 2008: After Abu Bashar's arrest in Ahmedabad serial blast case by Gujarat Police, then UP Congress leader Ram Nares\u2026"}, {"author_id": 1494593150106673273, "id": 1495288302651465733, "text": "RT @love_khanii: #\u0635\u062d\u0627\u0641\u062a_\u06a9\u0631\u0648\u062f\u06c1\u0634\u062a\u06af\u0631\u062f\u06cc_\u0646\u06c1\u06cc\u06ba\n\nPolice and FIA teams searched his house in an attempt to arrest Hamza, Mr Baig\u2019s son. @EmergingTe\u2026"}, {"author_id": 1412660707024384002, "id": 1495287854766997505, "text": "RT @anjum_pti: #\u0635\u062d\u0627\u0641\u062a_\u06a9\u0631\u0648\u062f\u06c1\u0634\u062a\u06af\u0631\u062f\u06cc_\u0646\u06c1\u06cc\u06ba\n\nWe also asked them to show arrest warrants but they didn\u2019t have. Meanwhile, a police party also cam\u2026"}, {"author_id": 1356888997335818240, "id": 1495287832537182211, "text": "RT @love_khanii: #\u0635\u062d\u0627\u0641\u062a_\u06a9\u0631\u0648\u062f\u06c1\u0634\u062a\u06af\u0631\u062f\u06cc_\u0646\u06c1\u06cc\u06ba\n\nPolice and FIA teams searched his house in an attempt to arrest Hamza, Mr Baig\u2019s son. @EmergingTe\u2026"}, {"author_id": 1457563854980911104, "id": 1495287700433379332, "text": "CIVILIANS &amp; POLICE &amp; MILITARY ILLEGALLY DETAINED UN STAFF UNDER HOUSE ARREST\n\n&amp; FUCKED OFF COMMITTING GENOCIDE &amp; WARFARE\n\nWOULDN'T LET MY GRANDPARENTS LIVE IN PEACE\n\nTORTURED\nMY DAD TO DEATH\n\nREFUSE TO PAY MY COMPENSATION\nFAILED TO KILL ME\n\nYOU WILL BE\nKILLED FOR CREATING WAR'S https://t.co/NNIuglPEuO"}, {"author_id": 937648260, "id": 1495287657928151040, "text": "@bambam1729 Must have felt like house arrest"}, {"author_id": 1440732444097859584, "id": 1495287626861101059, "text": "RT @love_khanii: #\u0635\u062d\u0627\u0641\u062a_\u06a9\u0631\u0648\u062f\u06c1\u0634\u062a\u06af\u0631\u062f\u06cc_\u0646\u06c1\u06cc\u06ba\nAn FIA team raided the house of the news agency owner at Islamabad\u2019s F-8 sector to arrest him, but\u2026"}, {"author_id": 75812891, "id": 1495287484263329794, "text": "RT @JapanPathak: August 2008: After Abu Bashar's arrest in Ahmedabad serial blast case by Gujarat Police, then UP Congress leader Ram Nares\u2026"}, {"author_id": 3251870419, "id": 1495287425316261889, "text": "RT @JapanPathak: August 2008: After Abu Bashar's arrest in Ahmedabad serial blast case by Gujarat Police, then UP Congress leader Ram Nares\u2026"}, {"author_id": 379879748, "id": 1495287098600951808, "text": "RT @JapanPathak: August 2008: After Abu Bashar's arrest in Ahmedabad serial blast case by Gujarat Police, then UP Congress leader Ram Nares\u2026"}, {"author_id": 37855833, "id": 1495286837182705667, "text": "RT @DavidKrayden: Ran into my old friend Dave Menzies of @RebelNewsOnline when I stopped at an Ottawa Asian restaurant for warmth and nouri\u2026"}, {"author_id": 3036493871, "id": 1495286589865476099, "text": "RT @DavidKrayden: Ran into my old friend Dave Menzies of @RebelNewsOnline when I stopped at an Ottawa Asian restaurant for warmth and nouri\u2026"}, {"author_id": 1352798631636594689, "id": 1495286443547119621, "text": "RT @DavidAltonHL: ERITREA: PATRIARCH ANTONIOS LAID TO REST AFTER DEATH WHILE UNDER HOUSE ARREST https://t.co/KnoQ70oOdd https://t.co/5Vi2oE\u2026"}, {"author_id": 409622156, "id": 1495286312475127809, "text": "RT @RobSchneider: Hard to believe the White House hasn\u2019t denounced the arrest of non-violent protesters in Caracas Venezuela today!\nWait\u2026 t\u2026"}, {"author_id": 1352798631636594689, "id": 1495286312282198017, "text": "RT @SeifGebre: The Patriarch of Eritrean Orthodox Tewahedo Church His Holiness Abune Antonios passed away after being under house arrest fo\u2026"}, {"author_id": 1408875426, "id": 1495285729940971521, "text": "Y\u2019all risking it all for All Star Weekend, this bitch got this fat ass house arrest bracelet on in the club \ud83e\udd26\ud83c\udffe\u200d\u2642\ufe0f\ud83e\udd23Who tf you think taking you home wit them bitch \ud83e\udd23\ud83d\udcafGO HOME"}, {"author_id": 564045148, "id": 1495285676564103168, "text": "RT @RobSchneider: Hard to believe the White House hasn\u2019t denounced the arrest of non-violent protesters in Caracas Venezuela today!\nWait\u2026 t\u2026"}, {"author_id": 1253007392486367232, "id": 1495285650408427522, "text": "RT @JapanPathak: August 2008: After Abu Bashar's arrest in Ahmedabad serial blast case by Gujarat Police, then UP Congress leader Ram Nares\u2026"}, {"author_id": 1472992098169331714, "id": 1495285575146000386, "text": "@SvenjaSchulze68 @GermanSRAP @GermanyDiplo\n@EU_Commission @Europarl_EN\n@AnnaLuehrmann\n@ABaerbock\n@ABaerbockArchiv\n@BMZ_Bund\n@ABaerbock @spdde @GrueneBundestag.\nTo the Supereme Court of \ud83c\udde9\ud83c\uddea! Please release us facilitators from house arrest.\nBest Regards:\nGIZ_PCP_Facilitators. \ud83c\udde6\ud83c\uddeb https://t.co/m2ItAuE5tS"}, {"author_id": 140538505, "id": 1495285563930206212, "text": "RT @MarkoSilberhand: @AP .\nDo you remember ?\n\n#RealityWinner was in jail... and years later is still under house arrest because of ONE docu\u2026"}, {"author_id": 1472993597121249283, "id": 1495285322787270658, "text": "RT @MUSKAJAN8: @RightsGerman To the supereme court of \ud83c\udde9\ud83c\uddea please release  the GIZ PCP facilatators from house arrest. \nBest regards MUSKA JA\u2026"}, {"author_id": 1220763762325520385, "id": 1495285186803601410, "text": "RT @OliveGreens09: OMG \ud83d\ude31 \n\nAfter surrendering \u201cALL FORTS UNCONDITIONALLY\u201d &amp; with Damocles Sword hanging over his head, Shivaji was begged t\u2026"}, {"author_id": 1493473448131239938, "id": 1495285177001689088, "text": "RT @DavidKrayden: Ran into my old friend Dave Menzies of @RebelNewsOnline when I stopped at an Ottawa Asian restaurant for warmth and nouri\u2026"}, {"author_id": 1472993597121249283, "id": 1495284969693921281, "text": "RT @MUSKAJAN8: To the supereme court of \ud83c\udde9\ud83c\uddea please release  the GIZ PCP facilatators from house arrest. \nBest regards MUSKA JAN . https://t.\u2026"}, {"author_id": 133573801, "id": 1495284745827065866, "text": "RT @OliveGreens09: OMG \ud83d\ude31 \n\nAfter surrendering \u201cALL FORTS UNCONDITIONALLY\u201d &amp; with Damocles Sword hanging over his head, Shivaji was begged t\u2026"}, {"author_id": 905478698869985280, "id": 1495284488749793280, "text": "RT @JapanPathak: August 2008: After Abu Bashar's arrest in Ahmedabad serial blast case by Gujarat Police, then UP Congress leader Ram Nares\u2026"}, {"author_id": 3838496359, "id": 1495284448455057410, "text": "RT @RobSchneider: Hard to believe the White House hasn\u2019t denounced the arrest of non-violent protesters in Caracas Venezuela today!\nWait\u2026 t\u2026"}, {"author_id": 1421450775365144576, "id": 1495283805615235074, "text": "RT @anjum_pti: #\u0635\u062d\u0627\u0641\u062a_\u06a9\u0631\u0648\u062f\u06c1\u0634\u062a\u06af\u0631\u062f\u06cc_\u0646\u06c1\u06cc\u06ba\n\nWe also asked them to show arrest warrants but they didn\u2019t have. Meanwhile, a police party also cam\u2026"}, {"author_id": 1472992098169331714, "id": 1495283779845373955, "text": "@RightsGerman @GermanSRAP @GermanyDiplo\n@EU_Commission @Europarl_EN\n@AnnaLuehrmann\n@ABaerbock\n@ABaerbockArchiv\n@BMZ_Bund\n@ABaerbock @spdde @GrueneBundestag.\nTo the Supereme Court of \ud83c\udde9\ud83c\uddea! Please release us facilitators from house arrest.\nBest Regards:\nGIZ_PCP_Facilitators. \ud83c\udde6\ud83c\uddeb https://t.co/bVI2utmcqs"}, {"author_id": 1472992098169331714, "id": 1495283658676129794, "text": "RT @MUSKAJAN8: @RightsGerman To the supereme court of \ud83c\udde9\ud83c\uddea please release  the GIZ PCP facilatators from house arrest. \nBest regards MUSKA JA\u2026"}, {"author_id": 1472992098169331714, "id": 1495283651034193922, "text": "RT @q_hasib: @RightsGerman @GermanSRAP @GermanyDiplo\n@EU_Commission @Europarl_EN\n@AnnaLuehrmann\n@ABaerbock\n@ABaerbockArchiv\n@BMZ_Bund\n@ABae\u2026"}, {"author_id": 1324347523348242433, "id": 1495283583233187840, "text": "RT @love_khanii: #\u0635\u062d\u0627\u0641\u062a_\u06a9\u0631\u0648\u062f\u06c1\u0634\u062a\u06af\u0631\u062f\u06cc_\u0646\u06c1\u06cc\u06ba\nAn FIA team raided the house of the news agency owner at Islamabad\u2019s F-8 sector to arrest him, but\u2026"}, {"author_id": 2421795751, "id": 1495283560491716608, "text": "RT @love_khanii: #\u0635\u062d\u0627\u0641\u062a_\u06a9\u0631\u0648\u062f\u06c1\u0634\u062a\u06af\u0631\u062f\u06cc_\u0646\u06c1\u06cc\u06ba\nAn FIA team raided the house of the news agency owner at Islamabad\u2019s F-8 sector to arrest him, but\u2026"}, {"author_id": 1356888997335818240, "id": 1495283549188018177, "text": "RT @love_khanii: #\u0635\u062d\u0627\u0641\u062a_\u06a9\u0631\u0648\u062f\u06c1\u0634\u062a\u06af\u0631\u062f\u06cc_\u0646\u06c1\u06cc\u06ba\nAn FIA team raided the house of the news agency owner at Islamabad\u2019s F-8 sector to arrest him, but\u2026"}, {"author_id": 2421795751, "id": 1495283482012135428, "text": "RT @love_khanii: #\u0635\u062d\u0627\u0641\u062a_\u06a9\u0631\u0648\u062f\u06c1\u0634\u062a\u06af\u0631\u062f\u06cc_\u0646\u06c1\u06cc\u06ba\n\nPolice and FIA teams searched his house in an attempt to arrest Hamza, Mr Baig\u2019s son. @EmergingTe\u2026"}, {"author_id": 826594346233430016, "id": 1495283446087921669, "text": "RT @DavidKrayden: Ran into my old friend Dave Menzies of @RebelNewsOnline when I stopped at an Ottawa Asian restaurant for warmth and nouri\u2026"}, {"author_id": 1472992098169331714, "id": 1495283345542033409, "text": "RT @q_hasib: @RightsGerman @GermanSRAP @GermanyDiplo\n@EU_Commission @Europarl_EN\n@AnnaLuehrmann\n@ABaerbock\n@ABaerbockArchiv\n@BMZ_Bund\n@ABae\u2026"}, {"author_id": 1472992098169331714, "id": 1495283325409366021, "text": "RT @MUSKAJAN8: @RightsGerman To the supereme court of \ud83c\udde9\ud83c\uddea please release  the GIZ PCP facilatators from house arrest. \nBest regards MUSKA JA\u2026"}, {"author_id": 1472992098169331714, "id": 1495283283625750530, "text": "RT @NisarAh05750841: @RightsGerman @GermanSRAP @GermanyDiplo\n@EU_Commission @Europarl_EN\n@AnnaLuehrmann\n@ABaerbock\n@ABaerbockArchiv\n@BMZ_Bu\u2026"}, {"author_id": 1441230832442638341, "id": 1495283273249210370, "text": "RT @JapanPathak: August 2008: After Abu Bashar's arrest in Ahmedabad serial blast case by Gujarat Police, then UP Congress leader Ram Nares\u2026"}, {"author_id": 1472992098169331714, "id": 1495283267678973955, "text": "RT @sultani0093: @RightsGerman @GermanSRAP @GermanyDiplo\n@EU_Commission @Europarl_EN\n@AnnaLuehrmann\n@ABaerbock\n@ABaerbockArchiv\n@BMZ_Bund\n@\u2026"}, {"author_id": 1472992098169331714, "id": 1495283263300063233, "text": "@RightsGerman @GermanSRAP @GermanyDiplo\n@EU_Commission @Europarl_EN\n@AnnaLuehrmann\n@ABaerbock\n@ABaerbockArchiv\n@BMZ_Bund\n@ABaerbock @spdde @GrueneBundestag.\nTo the Supereme Court of \ud83c\udde9\ud83c\uddea! Please release us facilitators from house arrest.\nBest Regards:\nGIZ_PCP_Facilitators. \ud83c\udde6\ud83c\uddeb https://t.co/n6CeZVaLYB"}, {"author_id": 1441756435918901252, "id": 1495283236670427143, "text": "RT @love_khanii: #\u0635\u062d\u0627\u0641\u062a_\u06a9\u0631\u0648\u062f\u06c1\u0634\u062a\u06af\u0631\u062f\u06cc_\u0646\u06c1\u06cc\u06ba\nAn FIA team raided the house of the news agency owner at Islamabad\u2019s F-8 sector to arrest him, but\u2026"}, {"author_id": 1387202243909332995, "id": 1495283228021862405, "text": "RT @love_khanii: #\u0635\u062d\u0627\u0641\u062a_\u06a9\u0631\u0648\u062f\u06c1\u0634\u062a\u06af\u0631\u062f\u06cc_\u0646\u06c1\u06cc\u06ba\nAn FIA team raided the house of the news agency owner at Islamabad\u2019s F-8 sector to arrest him, but\u2026"}, {"author_id": 1384815905033568257, "id": 1495283208728059905, "text": "RT @love_khanii: #\u0635\u062d\u0627\u0641\u062a_\u06a9\u0631\u0648\u062f\u06c1\u0634\u062a\u06af\u0631\u062f\u06cc_\u0646\u06c1\u06cc\u06ba\nAn FIA team raided the house of the news agency owner at Islamabad\u2019s F-8 sector to arrest him, but\u2026"}, {"author_id": 1441756435918901252, "id": 1495283123076141056, "text": "RT @love_khanii: #\u0635\u062d\u0627\u0641\u062a_\u06a9\u0631\u0648\u062f\u06c1\u0634\u062a\u06af\u0631\u062f\u06cc_\u0646\u06c1\u06cc\u06ba\n\nPolice and FIA teams searched his house in an attempt to arrest Hamza, Mr Baig\u2019s son. @EmergingTe\u2026"}, {"author_id": 1387202243909332995, "id": 1495283122639941637, "text": "RT @love_khanii: #\u0635\u062d\u0627\u0641\u062a_\u06a9\u0631\u0648\u062f\u06c1\u0634\u062a\u06af\u0631\u062f\u06cc_\u0646\u06c1\u06cc\u06ba\n\nPolice and FIA teams searched his house in an attempt to arrest Hamza, Mr Baig\u2019s son. @EmergingTe\u2026"}, {"author_id": 1384815905033568257, "id": 1495283086447333377, "text": "RT @love_khanii: #\u0635\u062d\u0627\u0641\u062a_\u06a9\u0631\u0648\u062f\u06c1\u0634\u062a\u06af\u0631\u062f\u06cc_\u0646\u06c1\u06cc\u06ba\n\nPolice and FIA teams searched his house in an attempt to arrest Hamza, Mr Baig\u2019s son. @EmergingTe\u2026"}, {"author_id": 1198398985901412352, "id": 1495283073818464258, "text": "RT @JapanPathak: August 2008: After Abu Bashar's arrest in Ahmedabad serial blast case by Gujarat Police, then UP Congress leader Ram Nares\u2026"}, {"author_id": 899282550090342402, "id": 1495283051001270272, "text": "RT @love_khanii: #\u0635\u062d\u0627\u0641\u062a_\u06a9\u0631\u0648\u062f\u06c1\u0634\u062a\u06af\u0631\u062f\u06cc_\u0646\u06c1\u06cc\u06ba\nAn FIA team raided the house of the news agency owner at Islamabad\u2019s F-8 sector to arrest him, but\u2026"}, {"author_id": 1387202243909332995, "id": 1495282875318550532, "text": "#\u0635\u062d\u0627\u0641\u062a_\u06a9\u0631\u0648\u062f\u06c1\u0634\u062a\u06af\u0631\u062f\u06cc_\u0646\u06c1\u06cc\u06ba\n\nPolice and FIA teams searched his house in an attempt to arrest Hamza, Mr Baig\u2019s son. @EmergingTeam"}, {"author_id": 905125585424457728, "id": 1495282869689856003, "text": "RT @DavidKrayden: Ran into my old friend Dave Menzies of @RebelNewsOnline when I stopped at an Ottawa Asian restaurant for warmth and nouri\u2026"}, {"author_id": 1288520545827397632, "id": 1495282805651087361, "text": "RT @hoaxxcorp: remember when Taylor Swift escaped house arrest on a surfboard?? https://t.co/M5R6YA0Kz2"}, {"author_id": 1387202243909332995, "id": 1495282694393143303, "text": "#\u0635\u062d\u0627\u0641\u062a_\u06a9\u0631\u0648\u062f\u06c1\u0634\u062a\u06af\u0631\u062f\u06cc_\u0646\u06c1\u06cc\u06ba\nAn FIA team raided the house of the news agency owner at Islamabad\u2019s F-8 sector to arrest him, but did not produce a warrant of arrest.\n@EmergingTeam @Lv_tni"}, {"author_id": 1489297434631188485, "id": 1495282244713390081, "text": "RT @Bakhtya40009571: @ABaerbock @VP @GermanSRAP @GermanyDiplo\n@EU_Commission @Europarl_EN\n@AnnaLuehrmann\n@ABaerbock\n@ABaerbockArchiv\n@BMZ_B\u2026"}, {"author_id": 529332061, "id": 1495282228661784580, "text": "@ArtValley818_ We have mountains of that shit in Venezuela. Today they hug you and tomorrow they will look for you at your house to arrest you."}, {"author_id": 1489297434631188485, "id": 1495282181140328449, "text": "RT @Bakhtya40009571: @SvenjaSchulze68 @GermanSRAP @GermanyDiplo\n@EU_Commission @Europarl_EN\n@AnnaLuehrmann\n@ABaerbock\n@ABaerbockArchiv\n@BMZ\u2026"}, {"author_id": 1441756435918901252, "id": 1495282162018488320, "text": "RT @anjum_pti: #\u0635\u062d\u0627\u0641\u062a_\u06a9\u0631\u0648\u062f\u06c1\u0634\u062a\u06af\u0631\u062f\u06cc_\u0646\u06c1\u06cc\u06ba\n\nWe also asked them to show arrest warrants but they didn\u2019t have. Meanwhile, a police party also cam\u2026"}, {"author_id": 1424472195024056324, "id": 1495281881658667010, "text": "RT @DavidKrayden: Ran into my old friend Dave Menzies of @RebelNewsOnline when I stopped at an Ottawa Asian restaurant for warmth and nouri\u2026"}, {"author_id": 825528660199366660, "id": 1495281694911483904, "text": "RT @shannonrwatts: A South Carolina 6-year-old brought a loaded gun from his grandfather\u2019s house to school to \u201cshoot zombies.\u201d #scpol  http\u2026"}, {"author_id": 856315837623541760, "id": 1495281560274178050, "text": "RT @OliveGreens09: OMG \ud83d\ude31 \n\nAfter surrendering \u201cALL FORTS UNCONDITIONALLY\u201d &amp; with Damocles Sword hanging over his head, Shivaji was begged t\u2026"}, {"author_id": 387914107, "id": 1495281558525476868, "text": "RT @JapanPathak: August 2008: After Abu Bashar's arrest in Ahmedabad serial blast case by Gujarat Police, then UP Congress leader Ram Nares\u2026"}, {"author_id": 1464168323319488514, "id": 1495281555677270018, "text": "RT @anjum_pti: #\u0635\u062d\u0627\u0641\u062a_\u06a9\u0631\u0648\u062f\u06c1\u0634\u062a\u06af\u0631\u062f\u06cc_\u0646\u06c1\u06cc\u06ba\n\nWe also asked them to show arrest warrants but they didn\u2019t have. Meanwhile, a police party also cam\u2026"}, {"author_id": 903093796086222848, "id": 1495281511989649414, "text": "RT @OliveGreens09: OMG \ud83d\ude31 \n\nAfter surrendering \u201cALL FORTS UNCONDITIONALLY\u201d &amp; with Damocles Sword hanging over his head, Shivaji was begged t\u2026"}, {"author_id": 416812122, "id": 1495281407769337863, "text": "RT @DavidKrayden: Ran into my old friend Dave Menzies of @RebelNewsOnline when I stopped at an Ottawa Asian restaurant for warmth and nouri\u2026"}, {"author_id": 1489297434631188485, "id": 1495281351334969345, "text": "@RightsGerman To the supereme court of \ud83c\udde9\ud83c\uddea please release  the GIZ PCP facilatators from house arrest. \nBest regards MUSKA JAN https\u06d4"}, {"author_id": 15647482, "id": 1495281334889201664, "text": "Nicaragua moves 3 opponents from jail to house arrest https://t.co/I77oR4jxmb"}, {"author_id": 1371024626113986561, "id": 1495281332192260100, "text": "RT @anjum_pti: #\u0635\u062d\u0627\u0641\u062a_\u06a9\u0631\u0648\u062f\u06c1\u0634\u062a\u06af\u0631\u062f\u06cc_\u0646\u06c1\u06cc\u06ba\n\nWe also asked them to show arrest warrants but they didn\u2019t have. Meanwhile, a police party also cam\u2026"}, {"author_id": 1120602016970104837, "id": 1495281228236439553, "text": "@osorojnr_ The owner of the house(lady) was once put under house arrest by robbers for 1wk. She later abandoned the house."}, {"author_id": 95709558, "id": 1495281048976039936, "text": "RT @DavidKrayden: Ran into my old friend Dave Menzies of @RebelNewsOnline when I stopped at an Ottawa Asian restaurant for warmth and nouri\u2026"}, {"author_id": 1461179348908662794, "id": 1495281010786947074, "text": "RT @anjum_pti: #\u0635\u062d\u0627\u0641\u062a_\u06a9\u0631\u0648\u062f\u06c1\u0634\u062a\u06af\u0631\u062f\u06cc_\u0646\u06c1\u06cc\u06ba\n\nWe also asked them to show arrest warrants but they didn\u2019t have. Meanwhile, a police party also cam\u2026"}, {"author_id": 1489297434631188485, "id": 1495280916524146689, "text": "@RightsGerman To the supereme court of \ud83c\udde9\ud83c\uddea please release  the GIZ PCP facilatators from house arrest. \nBest regards MUSKA JAN https://t.co/iJKdvJ1U2z"}, {"author_id": 735507131445612548, "id": 1495280819786506242, "text": "RT @JapanPathak: August 2008: After Abu Bashar's arrest in Ahmedabad serial blast case by Gujarat Police, then UP Congress leader Ram Nares\u2026"}, {"author_id": 1313293865584136192, "id": 1495280649581826051, "text": "RT @anjum_pti: #\u0635\u062d\u0627\u0641\u062a_\u06a9\u0631\u0648\u062f\u06c1\u0634\u062a\u06af\u0631\u062f\u06cc_\u0646\u06c1\u06cc\u06ba\n\nWe also asked them to show arrest warrants but they didn\u2019t have. Meanwhile, a police party also cam\u2026"}, {"author_id": 1433829750254956550, "id": 1495280547119181828, "text": "RT @JapanPathak: August 2008: After Abu Bashar's arrest in Ahmedabad serial blast case by Gujarat Police, then UP Congress leader Ram Nares\u2026"}, {"author_id": 537715728, "id": 1495280422342770689, "text": "RT @DavidKrayden: Ran into my old friend Dave Menzies of @RebelNewsOnline when I stopped at an Ottawa Asian restaurant for warmth and nouri\u2026"}, {"author_id": 2532032132, "id": 1495280343254929410, "text": "RT @JapanPathak: August 2008: After Abu Bashar's arrest in Ahmedabad serial blast case by Gujarat Police, then UP Congress leader Ram Nares\u2026"}, {"author_id": 1461074282264543235, "id": 1495280233582403584, "text": "RT @DFrancisco7: He put us under house arrest, weaponized state police against citizens + the private sector, bankrupted 1/3rd of NJ small\u2026"}, {"author_id": 878527071248625665, "id": 1495280004078268419, "text": "RT @anjum_pti: #\u0635\u062d\u0627\u0641\u062a_\u06a9\u0631\u0648\u062f\u06c1\u0634\u062a\u06af\u0631\u062f\u06cc_\u0646\u06c1\u06cc\u06ba\n\nWe also asked them to show arrest warrants but they didn\u2019t have. Meanwhile, a police party also cam\u2026"}, {"author_id": 947630539665588225, "id": 1495279872435908613, "text": "@JanJekielek @Cernovich Canada is an awful place to live. I spent the last 2 years off &amp;on in lockdowns &amp;house arrest while her conformist citizens harassed me &amp;her MSM called those like me lepers &amp;Nazis for not taking the jab. Your Crime Minister is a reflection. See it &amp;weep if you have a soul left!"}, {"author_id": 2780053435, "id": 1495279699538317316, "text": "RT @DavidKrayden: Ran into my old friend Dave Menzies of @RebelNewsOnline when I stopped at an Ottawa Asian restaurant for warmth and nouri\u2026"}, {"author_id": 1485248279982096389, "id": 1495279393270341635, "text": "RT @anjum_pti: #\u0635\u062d\u0627\u0641\u062a_\u06a9\u0631\u0648\u062f\u06c1\u0634\u062a\u06af\u0631\u062f\u06cc_\u0646\u06c1\u06cc\u06ba\n\nWe also asked them to show arrest warrants but they didn\u2019t have. Meanwhile, a police party also cam\u2026"}, {"author_id": 1242544780913135622, "id": 1495279311842340867, "text": "RT @JapanPathak: August 2008: After Abu Bashar's arrest in Ahmedabad serial blast case by Gujarat Police, then UP Congress leader Ram Nares\u2026"}, {"author_id": 1032686127281401856, "id": 1495279292166512643, "text": "RT @DavidKrayden: Ran into my old friend Dave Menzies of @RebelNewsOnline when I stopped at an Ottawa Asian restaurant for warmth and nouri\u2026"}, {"author_id": 1402810131398672387, "id": 1495279287997505539, "text": "RT @DavidKrayden: Ran into my old friend Dave Menzies of @RebelNewsOnline when I stopped at an Ottawa Asian restaurant for warmth and nouri\u2026"}, {"author_id": 785488386513575936, "id": 1495279004873637893, "text": "RT @DavidKrayden: Ran into my old friend Dave Menzies of @RebelNewsOnline when I stopped at an Ottawa Asian restaurant for warmth and nouri\u2026"}, {"author_id": 4365162552, "id": 1495278862342983681, "text": "RT @JapanPathak: August 2008: After Abu Bashar's arrest in Ahmedabad serial blast case by Gujarat Police, then UP Congress leader Ram Nares\u2026"}, {"author_id": 1030093227590737921, "id": 1495278804494733321, "text": "OMG \ud83d\ude31 \n\nAfter surrendering \u201cALL FORTS UNCONDITIONALLY\u201d &amp; with Damocles Sword hanging over his head, Shivaji was begged to attend Agra &amp; then made to stand in 3rd row &amp; then put under house arrest only to be rescued by Ram Singh\u2026 what kind of PERSUASIVE BEGGING was it ? https://t.co/wX84AEd10M"}, {"author_id": 1042456279631851520, "id": 1495278799889395713, "text": "RT @JapanPathak: August 2008: After Abu Bashar's arrest in Ahmedabad serial blast case by Gujarat Police, then UP Congress leader Ram Nares\u2026"}, {"author_id": 1384815905033568257, "id": 1495278764636442624, "text": "RT @anjum_pti: #\u0635\u062d\u0627\u0641\u062a_\u06a9\u0631\u0648\u062f\u06c1\u0634\u062a\u06af\u0631\u062f\u06cc_\u0646\u06c1\u06cc\u06ba\n\nWe also asked them to show arrest warrants but they didn\u2019t have. Meanwhile, a police party also cam\u2026"}, {"author_id": 1116254714444812288, "id": 1495278733187592193, "text": "RT @DavidKrayden: Ran into my old friend Dave Menzies of @RebelNewsOnline when I stopped at an Ottawa Asian restaurant for warmth and nouri\u2026"}, {"author_id": 295391057, "id": 1495278658508189700, "text": "@CivilLibertyNZ Stopping NZers coming back to their country for 2 years is not reasonable.\nPutting the population under house arrest is also not reasonable. Nor is setting up internal borders.\nThese are things that totalitarian states do: more akin to Eastern Europe under the worst of communism."}, {"author_id": 4687159700, "id": 1495278609702875136, "text": "RT @shannonrwatts: A South Carolina 6-year-old brought a loaded gun from his grandfather\u2019s house to school to \u201cshoot zombies.\u201d #scpol  http\u2026"}, {"author_id": 1472542674611806210, "id": 1495278560466063363, "text": "@RightsGerman @GermanSRAP @GermanyDiplo\n@EU_Commission @Europarl_EN\n@AnnaLuehrmann\n@ABaerbock\n@ABaerbockArchiv\n@BMZ_Bund\n@ABaerbock @spdde @GrueneBundestag.\nTo the Supereme Court of \ud83c\udde9\ud83c\uddea! Please release us facilitators from house arrest.\nBest Regards:\nGIZ_PCP_Facilitators. \ud83c\udde6\ud83c\uddeb https://t.co/GgImzzUGLR"}, {"author_id": 1495186557992591368, "id": 1495278527683440641, "text": "RT @DavidKrayden: Ran into my old friend Dave Menzies of @RebelNewsOnline when I stopped at an Ottawa Asian restaurant for warmth and nouri\u2026"}, {"author_id": 1472542674611806210, "id": 1495278449061158916, "text": "@RightsGerman @GermanSRAP @GermanyDiplo\n@EU_Commission @Europarl_EN\n@AnnaLuehrmann\n@ABaerbock\n@ABaerbockArchiv\n@BMZ_Bund\n@ABaerbock @spdde @GrueneBundestag.\nTo the Supereme Court of \ud83c\udde9\ud83c\uddea! Please release us facilitators from house arrest.\nBest Regards:\nGIZ_PCP_Facilitators. \ud83c\udde6\ud83c\uddeb https://t.co/igTvNeJW9l"}, {"author_id": 1434806563299004416, "id": 1495278402554761216, "text": "RT @anjum_pti: #\u0635\u062d\u0627\u0641\u062a_\u06a9\u0631\u0648\u062f\u06c1\u0634\u062a\u06af\u0631\u062f\u06cc_\u0646\u06c1\u06cc\u06ba\n\nWe also asked them to show arrest warrants but they didn\u2019t have. Meanwhile, a police party also cam\u2026"}, {"author_id": 18038703, "id": 1495278330483904512, "text": "RT @DavidKrayden: Ran into my old friend Dave Menzies of @RebelNewsOnline when I stopped at an Ottawa Asian restaurant for warmth and nouri\u2026"}]