[{"author_id": 1440133277067710466, "id": 1495271148543688711, "text": "@RGIII C\u2019mon now! Flores had a 24-25 record. No white coach has been hired with such a record, plus a bad attitude. This was an affirmative action hire by a black head coach.  At least he\u2019s not like CK who is a pure race hustler now!"}, {"author_id": 32835504, "id": 1495239724453093383, "text": "RT @FrigginAjia: #LoveIsBlindS2 #LoveIsBlind \n\nI didn\u2019t appreciate Mallory calling Jarrett a \u201chustler\u201d after he told her his business ventu\u2026"}, {"author_id": 1152361061653368832, "id": 1495233006482694144, "text": "#InventingAnna took such a weird turn for a Shonda Rimes production. Are we really supposed to see Anna as a girlboss hustler in an elitist male-dominated world when she only got to \"fake it\" in the first place because of her privilege as a white european woman?"}, {"author_id": 1356361660089294848, "id": 1495219724245876739, "text": "#LoveIsBlindS2 #LoveIsBlind \n\nI didn\u2019t appreciate Mallory calling Jarrett a \u201chustler\u201d after he told her his business ventures. \n\nIf he was white she would have just called him an entrepreneur or a businessman and I\u2019m willing to bet money on that"}, {"author_id": 1538783557, "id": 1495216740212609024, "text": "RT @RapperViper: NEW \"THE HIRAM CLARKE HUSTLER\" CASSETTE (WHITE) \nBY WHITE LINING RECORDS\nAVAILABLE NOW ONLY 200 COPIES CONTAINS VIPER SIGN\u2026"}, {"author_id": 1538783557, "id": 1495216691852177411, "text": "RT @RapperViper: ALL-NEW \"THE HIRAM CLARKE HUSTLER\" CASSETTE (BLACK) \nBY WHITE LINING RECORDS\nAVAILABLE ONLY 200 COPIES CONTAINS VIPER SIGN\u2026"}, {"author_id": 1278752587718758402, "id": 1495216668091592708, "text": "Paris White Does Interviews with Adult DVD Talk and Hustler https://t.co/5v5dSHqRE6"}, {"author_id": 1478878320771145735, "id": 1495184512996814850, "text": "@Anthony11503784 @DrAndrewJackson @AZGOP So another race hustler running as a republican? First Vernon Jones is as an anti-white racist and now this black man is playing the victim? That is definitely a RINO tactic. But ppl will take up for him because they don't want to look racist so they simp for the black man."}, {"author_id": 1344810569812111360, "id": 1495154281590177795, "text": "\"Phillip steals the movie. Played by late gay actor Paul Winfield, best known for his Oscar-nominated role as the sharecropper father in Sounder, he displays a subtle passion. This career risk and personal revelation by Winfield and Bridges was historic.\" https://t.co/rRPrkzvLek"}, {"author_id": 1494012862007758850, "id": 1495110572551155723, "text": "your favorite hustler whore want to get even why she sad she got rejected and Heartbroken like she the first girl that got her heartbroken Right she hustle Twerk was Educated at a all Black College and she White that game Foduh Hoe she playing Mile long and a Vow For LUv the uhh https://t.co/9jR0sZpUoC"}, {"author_id": 1492975342776197122, "id": 1495106115633360896, "text": "@ParkNet504 The Apartment (1960), The Hustler (1961), and Lilies of the Field (1963)\n\n(Apparently, I have a thing for the early \u201860s. \u263a\ufe0f)\n\n\u2728One important factor to the magic of these particular films is simply that they ARE black &amp; white. The lighting and cinematography are incredible! \ud83d\udc96\u2728 https://t.co/YE0sVrSSth"}, {"author_id": 1329078369070137354, "id": 1495084104060047360, "text": "@JaRaNo1128 Race hustler? White people literally created race in the US. When white people accuse Black people of \u201cplaying the race card\u201d my response is we\u2019re just playing the hand we were dealt."}, {"author_id": 1469775498901393419, "id": 1495078514588061700, "text": "Honey Blossom - White Mommas # 8 - Hustler - https://t.co/ZN07eQ2wQP https://t.co/JnHliiNCtF"}, {"author_id": 1489888870804205571, "id": 1495033523266326531, "text": "RT @FuqScene: Hustler White (1996)\ud83c\udfac\ud83d\udd25 https://t.co/bNJm4w1tR8"}, {"author_id": 768898620523413504, "id": 1495012876733620232, "text": "@101_hustler @PhotoColman @jrfking @IFC_org @BBCWorld @WHO @EU_Commission @eu_eeas @ausgov @NewZealandGov @EnglandGov @MoodysInvSvc @stat_world @questCNN @MinPres @NEDemocracy @en_germany @UKParliament @DailyMailUK @SwedenUN @swiss_un @FBI @FitchRatings @UN What did you prove. You are stuck between black and white!"}, {"author_id": 1155501242572926978, "id": 1494921133178511363, "text": "happily stoned... watchin Hustler White on the couch\n.\nLife is good \u263a\ufe0f"}, {"author_id": 1183527764072247296, "id": 1494873866052714501, "text": "1\ufe0f\u20e33\ufe0f\u20e31\ufe0f\u20e3 - 2/18 - Fabulous Friday\nHUSTLER WHITE (1996, Bruce LaBruce &amp; Rick Castro)\n\nhttps://t.co/bCyqZl9yJP https://t.co/9x5x256k8G"}, {"author_id": 816851825739595777, "id": 1494801261656481793, "text": "Red, white and booty!\ud83c\uddfa\ud83c\uddf8 Kick off your President\u2019s Day Weekend with our beautiful Hustler Honeys.\ud83c\udf7e Visit the link in bio for VIP party packages.\u2b06\ufe0f\n.\n.\n.\n#hustlernyc #friday #fridaymood #presidentsday #bootyworkout #dancer #stripclublife #comment #doubletap #travel #hustler #sexy https://t.co/C7Md3aPRyu"}, {"author_id": 1381382699915481088, "id": 1494786660956983300, "text": "Thank You Dylan Sulc Johnson.  Your quite the Hustler.  I wear this often. It\u2019s my little protest \ud83e\udea7 T \ud83d\udc55 shirt for our family.  And all the boys and girls like you https://t.co/U1TJSE1RRi"}, {"author_id": 1269099001774632961, "id": 1494783273691594756, "text": "@federermusicman @andreagail_k @CharlieWBrennan @LarryAJRobinson White water. Gennifer Flowers. That other little mousy one who got a nose and boob job and posed nude for playboy or hustler. \nHell, at one point the mans unhealthy eating habits and lifestyle became a scandal."}, {"author_id": 1071396742623571968, "id": 1494782229050011653, "text": "RT @GCNmag: The creator of queer shock classics Skin Flick, Hustler White and LA Zombie, LaBruce has been combining the political with the\u2026"}, {"author_id": 16129292, "id": 1494778803901583374, "text": "The creator of queer shock classics Skin Flick, Hustler White and LA Zombie, LaBruce has been combining the political with the pornographic for decades.\nhttps://t.co/TBXO8skWiv"}, {"author_id": 1487530800346247172, "id": 1494742606437306368, "text": "Watch out! Watch out! Watch out! \ud83d\udd25\ud83d\udd25\ud83d\udd25\ud83d\udd25It only gets better from here. Many more surprises are coming, this is just a taste Of White Lavender Jones \ud83d\ude09\ud83d\ude09\ud83d\udd74\ud83e\ude84\ud83d\udcb8\ud83d\udcb0 #magicalman #WLJ #magician #rapper #hiphop #hustle #hustler #gimmemymoney #prowrestler #wrestler  \ud83c\udfa5: @antradbtx https://t.co/JUA0IaNRzn"}, {"author_id": 1476977387254521867, "id": 1494656360402898947, "text": "@DrIbram @DrIbram is a race hustler who is doing more harm to \u201chis people\u201d than any white person could ever possibly do.  He\u2019s creating a self fulfilling prophecy of victimhood.  Ibram X. Kendi is a racist and he carries water for the guilty white elite."}, {"author_id": 1483946380502601728, "id": 1494648641977393157, "text": "ok @Morning_Joe your dead to me now.  I don't want to wake up to race hustler @TheRevAl and black vs white grievance every morning of my life.  I don't want to hear about race hustlers like Sharpton milking the latest story versus whites every morning.  I won't be back."}, {"author_id": 1434469943228174341, "id": 1494618006563037205, "text": "you got white people doubtin' your blackness on the internet because apparently nobody makes associations or detects patterns on the internet? i've got eurotrash and sweet texas boys who will sit at my table and get pissed at me for not being a pimp-hustler, for being a developer"}, {"author_id": 1390315483384090625, "id": 1494478587327483904, "text": "RT @Babar_NFTs: New one at home \n\nWelcome FREAKY BOY\n\nRANK 260\n\n3 rare traits under 1%\n\nHUSTLER EYES \nSUSPENDERS + BOW TIE\nWHITE HAIRE + AI\u2026"}, {"author_id": 2357528384, "id": 1494478493387792386, "text": "RT @Babar_NFTs: New one at home \n\nWelcome FREAKY BOY\n\nRANK 260\n\n3 rare traits under 1%\n\nHUSTLER EYES \nSUSPENDERS + BOW TIE\nWHITE HAIRE + AI\u2026"}, {"author_id": 1415033412877004807, "id": 1494472262199779331, "text": "Supporting the sex trade is the actual white feminism. Oh you want to be legitimized as a hustler so you can make $$$??? \n\nBlack and brown women are being stolen from their homes as children and are being rented to be raped, on and off camera.\n\nWork a better industry."}, {"author_id": 1494360827129958409, "id": 1494463156852346887, "text": "@ABC And the cat... She forgot about their cat. And from \"10% for the big guy\" joe biden. And from \"500k each\" hunter biden, and from omar \"the incest hustler\"... And at last but not least \"the butcher of benghazi\", \"the server smasher\", \"the hacker of the white house\" hilary clinton."}, {"author_id": 3073263786, "id": 1494418618506899463, "text": "@PutinsLoveBaby @NatetheLawyer @YouTube Exactly. Add to that comparing two different orgs. If he could find a situation where the USA banned a black athlete and let a white on slide for the same offense, then he'd have a point. As it stands, he comes off as a race hustler."}, {"author_id": 1377069965220532230, "id": 1494409717812129797, "text": "@daveweigel Ahhh yes, these buffoons were recalled because of the white supremacist vote.  Everyone knows that that San Francisco is a huge stronghold for the far right. \n\nIf you push this narrative you're either insane or an evil grifting race hustler.  I can never tell which."}, {"author_id": 820765870687395840, "id": 1494394702564671493, "text": "Some White Guy Made Me Feel Small Bout My Car But I Know He Dont Understand The Background Of A BLACK HUSTLER, The Feeling Heavy For Me But We Move .\n#black"}, {"author_id": 975126890, "id": 1494379130699358210, "text": "@CounterRacism_ i offended some white ppl by liking and retweeting. so now i\u2019m a racist race hustler. gotta love them white tears"}, {"author_id": 778237199808548866, "id": 1494355216921239561, "text": "@DrewHLive If a white man would of shot at a black candidate, the screams from CNN and Msnbc for hate crimes would be deafening. Wonder if Goobie Smoochie Don Lemon will cover the story. Where is race hustler Joy Ried?"}, {"author_id": 1400560497536032770, "id": 1494338399532032004, "text": "@albert1776 She's another white grievance hustler and there is no shortage of people buying the BS."}, {"author_id": 989736019, "id": 1494334642345820176, "text": "@MrsNae804 That\u2019s true.\nwith that being said I have to ask he is establishing legacy for black men &amp; women? Or a legacy that white women profit off of at the hands of a black man. Julia fox said after the break up that she\u2019s a hustler and came up off his name\ud83e\udd37\ud83c\udffe\u200d\u2640\ufe0fthat speaks volumes to me."}, {"author_id": 180885524, "id": 1494307091779133440, "text": "@jameszimmermann Ur guilty of being a clueless lib who aimed to be a white savior thru ur advocacy for Titus and by showing how \u201cdown\u201d u were with black culture.  U got caught up in your own ill-conceived activism and were devastated cuz the race hustler didn\u2019t recognize your \u201cobvious\u201d virtue."}, {"author_id": 1464178523527168016, "id": 1494207630050529284, "text": "Julia Fox issa hustler but we cannot let a white woman win against the black man!!! https://t.co/Ey1qvYJypp"}, {"author_id": 1370500254383095814, "id": 1494144133396586496, "text": "@NYCMayor @MTorresSpringer Wonder if good old Eric will give back all that white money he received to run his last campaign? I knew this guy was a wolf in sheep\u2018s clothing. When is the race hustler always a race hustler?"}, {"author_id": 1212136747867365376, "id": 1494132849351532549, "text": "@mimiz_tweeta @guatamala04 @UncleJune3 @mrfba7k @nedstarkq @Ms_Sammuel_T @tariqnasheed Race hustler a term white Americans say to discredit black Americans of slave decent whites called Malcolm X MLK that term why use it since you don't no the meaning"}, {"author_id": 1299418474767437826, "id": 1494075132779896837, "text": "@mashoto_ @Ori_RSA Stop being bitter, listen to the honorable man ,wake up from the pipe dreams that you\u2019re being sold by the white supremacy and start drinking the coffee that we\u2019re all drinking  \u201c hustler \u201c"}, {"author_id": 1387863508176445443, "id": 1494062204789792768, "text": "@mimiz_tweeta @tariqnasheed @guatamala04 @mrfba7k @nedstarkq @Ms_Sammuel_T \u201cRace hustler\u201d spoken like a white supremacist \n\nI like how you deflected from his question, tangible for who?"}, {"author_id": 1351011756668317696, "id": 1494040918227357697, "text": "RT @1GoddessRori: I\u2019m a hustler baby, now give it to me. You look so small down on your knees. \n\nEbony booty bigbooty bootyworship dominatr\u2026"}, {"author_id": 72839251, "id": 1494024211928690696, "text": "A white woman writing that she\u2019s the ultimate \u201chustler\u201d and she \u201ccame up\u201d off a black man, even if that man is Kanye, is fucking sickening and I hope y\u2019all open y\u2019all eyes to how they really see you. A prop, an accessory, something to use and discard\u2026."}, {"author_id": 1424658571661398018, "id": 1494011032762818562, "text": "RT @1GoddessRori: I\u2019m a hustler baby, now give it to me. You look so small down on your knees. \n\nEbony booty bigbooty bootyworship dominatr\u2026"}, {"author_id": 4698836192, "id": 1493998764557754368, "text": "@aylakianaa @leilaninaomiii a white woman who is going around proclaiming that she\u2019s some type of \u201chustler\u201d bc she sucked kanye\u2019s dick for a month and got birkins out of him is somehow above Kim lmfaooo if you ask me,  seems like kim &amp; julia are pretty on par with each other"}, {"author_id": 3254988656, "id": 1493989039766007811, "text": "@sairasameerarao Another leftist / globalist race hustler creating more division by claiming white supremacy is the reason her ideas are rejected by a plurality of America."}, {"author_id": 1354054549473005570, "id": 1493973946802262018, "text": "@Finguy5 Ohh i just assumed you were a dude. But you're worse. A KAREN eaten up with white guilt. Kick rocks honey. No one is listening to your asinine left wing ideology. Still salty Hillary got creamed by a real estate hustler/reality tv star with ZERO political experience. Block me \ud83e\udd21"}, {"author_id": 1469762231466344452, "id": 1493964719681679362, "text": "@AlbertI88902628 And people say racism is a small issue \nHow many black conductors are out there but I don't see any of them trending but simply because he's white he's the upcoming hustler in zambia \ud83e\udd71\ud83d\ude44"}, {"author_id": 987818122731180032, "id": 1493917092977922048, "text": "@TheRickyDavila @NFL Just remember @NFL didn\u2019t ban Colin for anything.\n\n1. Never protested until after he was benched for poor play\n2. Kaep voided his own 9ers contract\n3. Kaep refused offers to be a backup\n4. Kaep is as much white as he is black\n\nStop being a race hustler"}, {"author_id": 4528007008, "id": 1493808941805051911, "text": "Imagine knocking an hustler/scammer just to work for a white man company that scams you for labor, federal &amp; state taxes &amp; ya check don\u2019t be over $600 a week. Don\u2019t knock anyones hustle if you working for the white man &amp; not making over 6 figures less when 3 months or less. https://t.co/ipXnMJoQ7k"}, {"author_id": 396734935, "id": 1493782431563849740, "text": "RT @HypeHustlersNFT: The success of every collection is based on those first true supporters...\u2728\u2764\ufe0f \n\nWe are giving away our FIRST 10 spots\u2026"}, {"author_id": 1356493605767102465, "id": 1493781815571615751, "text": "RT @HypeHustlersNFT: The success of every collection is based on those first true supporters...\u2728\u2764\ufe0f \n\nWe are giving away our FIRST 10 spots\u2026"}, {"author_id": 30349061, "id": 1493742886927675393, "text": "Them white women doing a number on Kanye \ud83d\ude02\ud83d\ude2d\n\nJulia Fox said she the #1 hustler and came up off him \ud83e\udd26\ud83c\udffe\u200d\u2642\ufe0f\ud83e\udd26\ud83c\udffe\u200d\u2642\ufe0f"}, {"author_id": 89694487, "id": 1493697182460907520, "text": "@Polipear @RepKeithAmmon Why would you call me a race hustler, when there is so much white privilege still left in our country?"}, {"author_id": 1400052581083357185, "id": 1493661869722198017, "text": "RT @Hustler: YUMMY... \ud83d\udc45\ud83d\udca6\n\n\ud83d\udea8NEW Release \ud83d\udea8\n\ud83c\udfacBlack Beauties, White Studs\n\n\u2b50\ufe0f#AmariAnne, #NicoleKitt, @iwanthazelgrace &amp; @OliviaJayyXXX \n\ud83c\udf46 @Sam\u2026"}, {"author_id": 129650635, "id": 1493655711997435916, "text": "RT @HypeHustlersNFT: The success of every collection is based on those first true supporters...\u2728\u2764\ufe0f \n\nWe are giving away our FIRST 10 spots\u2026"}, {"author_id": 1410664604435288064, "id": 1493650603125673984, "text": "@QuinnJKChase @tweegirl @cafreeland Yup BLM leaders just Race hustler who burn cities &amp; scammed the donations to buy nice Mansions in White Neighborhoods..."}, {"author_id": 1031330918361907201, "id": 1493643876032204800, "text": "Kanye got a white woman calling herself a #1 hustler \u2026.."}, {"author_id": 1461494960876883976, "id": 1493632087735296002, "text": "@RepMaxineWaters Who cares what this anti- white hustler thinks?"}, {"author_id": 241640955, "id": 1493593880041771011, "text": "Just another two-bit hustler and pirate... \n\n... come to think of it, not unlike @AmericaInvests. \n\nWhat is it about White Men, who make money through theft... for centuries we give such men a pass and look the other way at their mounting atrocities. https://t.co/XVh4j40YkJ https://t.co/LRTZCLaZdF"}, {"author_id": 241640955, "id": 1493593736093134851, "text": "Just another two-bit hustler and pirate... \n\n... come to think of it, not unlike @AmericaInvests. \n\nWhat is it about White Men, who make money through theft... for centuries we give such men a pass and look the other way at their mounting atrocities. https://t.co/ZgNUrDQgv6 https://t.co/LRTZCKTnP5"}, {"author_id": 1380112502961364999, "id": 1493566863808380931, "text": "RT @Babar_NFTs: New one at home \n\nWelcome FREAKY BOY\n\nRANK 260\n\n3 rare traits under 1%\n\nHUSTLER EYES \nSUSPENDERS + BOW TIE\nWHITE HAIRE + AI\u2026"}, {"author_id": 2494094921, "id": 1493546612811051009, "text": "when I tweeted that \u201c#1 hustler is something hip white people say\u201d \n\nthis is what I meant. they are so hip, so right now. \ud83d\udc80\ud83d\udc80\ud83d\udc80 https://t.co/EMLSFnhMlL"}, {"author_id": 1481831545795231744, "id": 1493500528059461633, "text": "@LitUpDreams He's a marxist race hustler dude..\n\nleftists think they're slick using \"racism\" as an excuse to blame whites for everything so they can scam money\n\nKaepernick Marxists hate straight black men just as much as white conservative men.\n\nBlack ppl don't fkk with Kaepernick like that"}, {"author_id": 1350288544527486978, "id": 1493492890139512834, "text": "RT @Babar_NFTs: New one at home \n\nWelcome FREAKY BOY\n\nRANK 260\n\n3 rare traits under 1%\n\nHUSTLER EYES \nSUSPENDERS + BOW TIE\nWHITE HAIRE + AI\u2026"}, {"author_id": 2494094921, "id": 1493489227455246338, "text": "\u201c#1 hustler\u201d is such a hip white people thing to say \ud83d\udc80 https://t.co/RmlGOI9TyX"}, {"author_id": 1449415695456866305, "id": 1493473285413097476, "text": "RT @Babar_NFTs: New one at home \n\nWelcome FREAKY BOY\n\nRANK 260\n\n3 rare traits under 1%\n\nHUSTLER EYES \nSUSPENDERS + BOW TIE\nWHITE HAIRE + AI\u2026"}, {"author_id": 2440480045, "id": 1493458275689504770, "text": "That white lady proudly used Kanye talmbout some \"she done came up, she's the number 1 hustler\" during Black History month. #crazy"}, {"author_id": 1054158055259234304, "id": 1493395094497644549, "text": "RT @wewelemonde: @ihythreat I dont fuck with this white woman saying the word hustler at all"}, {"author_id": 1240832970253950976, "id": 1493388964266659843, "text": "RT @Babar_NFTs: New one at home \n\nWelcome FREAKY BOY\n\nRANK 260\n\n3 rare traits under 1%\n\nHUSTLER EYES \nSUSPENDERS + BOW TIE\nWHITE HAIRE + AI\u2026"}, {"author_id": 32603025, "id": 1493385176054996995, "text": "RT @HypeHustlersNFT: The success of every collection is based on those first true supporters...\u2728\u2764\ufe0f \n\nWe are giving away our FIRST 10 spots\u2026"}, {"author_id": 996194751299899393, "id": 1493379287554080770, "text": "RT @HypeHustlersNFT: The success of every collection is based on those first true supporters...\u2728\u2764\ufe0f \n\nWe are giving away our FIRST 10 spots\u2026"}, {"author_id": 1353730428524351489, "id": 1493379093093564416, "text": "RT @HypeHustlersNFT: The success of every collection is based on those first true supporters...\u2728\u2764\ufe0f \n\nWe are giving away our FIRST 10 spots\u2026"}, {"author_id": 1490829311670161409, "id": 1493378647201390594, "text": "The success of every collection is based on those first true supporters...\u2728\u2764\ufe0f \n\nWe are giving away our FIRST 10 spots for our Gold List (White Lists just seemed too boring for a Hustler)\ud83c\udfc6We'll reveal the art this week!\n\nComment+Like for a chance to win!! #WhitelistGiveaway"}, {"author_id": 228410860, "id": 1493365067705995264, "text": "This dude got a white woman callin herself the number 1 hustler"}, {"author_id": 1144318659386576896, "id": 1493363607731593216, "text": "I don't like white ppl using the word \"hustler\". It feels racist. https://t.co/LRsWuRaqMX"}, {"author_id": 555649129, "id": 1493357330968289285, "text": "This why you don\u2019t date white bitches she calling herself a \u201chustler\u201d after coming up off a black man name \ud83e\udd23\ud83e\udd23\ud83e\udd23\ud83e\udd23 https://t.co/V69a9kwOgQ"}, {"author_id": 28304750, "id": 1493354870954684418, "text": "RT @Babar_NFTs: New one at home \n\nWelcome FREAKY BOY\n\nRANK 260\n\n3 rare traits under 1%\n\nHUSTLER EYES \nSUSPENDERS + BOW TIE\nWHITE HAIRE + AI\u2026"}, {"author_id": 1471331784000360448, "id": 1493348936462966785, "text": "@JasonOverstreet But wasn't it for TuPac?if not, nothing like a white man kneeling for the great oppression like how black NFL players are  so wronged in this country!Meritocracy where they dominate &amp; get rich based on skills is so racist!PS--Kap sucked when he pivoted to lucrative race hustler"}, {"author_id": 1193637114853941249, "id": 1493343309724626946, "text": "girl you\u2019re 31 years old white woman not a hustler https://t.co/DX7bEcjAuH"}, {"author_id": 890035614149558272, "id": 1493338382457466882, "text": "White girl calling herself #1 hustler lmfao her hotness has left the building https://t.co/oOmiuOh5JC"}, {"author_id": 322151968, "id": 1493332900057690115, "text": "In GREAT shape and ima hustler \ud83d\udcb0own car , apartment ( no roommate) with the white folks, Indians &amp; asians your man don\u2019t even compare I do this shit on my own \u203c\ufe0f\ud83c\udfaf https://t.co/sl2j1JmP1v"}, {"author_id": 1353932757999742976, "id": 1493325175999369224, "text": "@MidgetSpinner69 @ClarkMannen @clownfragment @bailey__yy @roramdin Lets play a game. Do a twitter search for race baiter, race hustler and race merchant. Any time you see a tweet labeling people of color those things without racist white people being labeled those things. Take a shot. :D"}, {"author_id": 796921945015001089, "id": 1493303642727849989, "text": "@RepJayapal Notice how Colon's NFL racist slavery analogy failed to include that white people are subjected to the SAME programs and inspections as black people, that NONE are actually slaves, and that ALL are PAID MILLIONS?\n\nColon Crapernick is a race hustler, and so are you."}, {"author_id": 2447571769, "id": 1493302642558353409, "text": "RT @Babar_NFTs: New one at home \n\nWelcome FREAKY BOY\n\nRANK 260\n\n3 rare traits under 1%\n\nHUSTLER EYES \nSUSPENDERS + BOW TIE\nWHITE HAIRE + AI\u2026"}, {"author_id": 1207100799660113920, "id": 1493302062787940356, "text": "RT @Babar_NFTs: New one at home \n\nWelcome FREAKY BOY\n\nRANK 260\n\n3 rare traits under 1%\n\nHUSTLER EYES \nSUSPENDERS + BOW TIE\nWHITE HAIRE + AI\u2026"}, {"author_id": 60643107, "id": 1493302032459091973, "text": "@313Eternal @RealCandaceO She does, but she just thinks he\u2019s going to benefit from his light skinned privilege like she hopes to benefit from her white husbands. She\u2019s a delusional grifter and an internet hustler."}, {"author_id": 959395733198835712, "id": 1493300201565663246, "text": "RT @Babar_NFTs: New one at home \n\nWelcome FREAKY BOY\n\nRANK 260\n\n3 rare traits under 1%\n\nHUSTLER EYES \nSUSPENDERS + BOW TIE\nWHITE HAIRE + AI\u2026"}, {"author_id": 295296834, "id": 1493299979192053765, "text": "RT @Babar_NFTs: New one at home \n\nWelcome FREAKY BOY\n\nRANK 260\n\n3 rare traits under 1%\n\nHUSTLER EYES \nSUSPENDERS + BOW TIE\nWHITE HAIRE + AI\u2026"}, {"author_id": 1302505443596607488, "id": 1493298751385083906, "text": "I dont fuck with this white woman saying the word hustler at all https://t.co/7RCqNu6XgL"}, {"author_id": 1302505443596607488, "id": 1493298715750191108, "text": "@ihythreat I dont fuck with this white woman saying the word hustler at all"}, {"author_id": 1006009537831133184, "id": 1493289467582431236, "text": "RT @donwagn85914710: @TrueNorthCentre Jagmeet Singh calling \ud83c\udde8\ud83c\udde6 people racist hateful white supremacist violent transphobic homophobic was a\u2026"}, {"author_id": 1335114619132596224, "id": 1493289419591225344, "text": "RT @donwagn85914710: @TrueNorthCentre Jagmeet Singh calling \ud83c\udde8\ud83c\udde6 people racist hateful white supremacist violent transphobic homophobic was a\u2026"}, {"author_id": 1440425223073918984, "id": 1493287559023190022, "text": "RT @Babar_NFTs: New one at home \n\nWelcome FREAKY BOY\n\nRANK 260\n\n3 rare traits under 1%\n\nHUSTLER EYES \nSUSPENDERS + BOW TIE\nWHITE HAIRE + AI\u2026"}, {"author_id": 38450036, "id": 1493268603071655938, "text": "RT @donwagn85914710: @TrueNorthCentre Jagmeet Singh calling \ud83c\udde8\ud83c\udde6 people racist hateful white supremacist violent transphobic homophobic was a\u2026"}, {"author_id": 1186122023619026944, "id": 1493264372164038659, "text": "@TrueNorthCentre Jagmeet Singh calling \ud83c\udde8\ud83c\udde6 people racist hateful white supremacist violent transphobic homophobic was an act of cowardice Jagmeet Singh is a race hustler"}, {"author_id": 1357653872483909637, "id": 1493263532632285188, "text": "RT @Babar_NFTs: New one at home \n\nWelcome FREAKY BOY\n\nRANK 260\n\n3 rare traits under 1%\n\nHUSTLER EYES \nSUSPENDERS + BOW TIE\nWHITE HAIRE + AI\u2026"}]