[{"author_id": 1233231134063874049, "id": 1495287664391688192, "text": "RT @AnthonyIrwinLA: The Russ trade really took the Lakers from title contention to outright implosion. I've already considered it the worst\u2026"}, {"author_id": 1426180078296305667, "id": 1495287625946742788, "text": "RT @AnthonyIrwinLA: The Russ trade really took the Lakers from title contention to outright implosion. I've already considered it the worst\u2026"}, {"author_id": 2917150417, "id": 1495287459675979780, "text": "RT @AnthonyIrwinLA: The Russ trade really took the Lakers from title contention to outright implosion. I've already considered it the worst\u2026"}, {"author_id": 26952238, "id": 1495286879465398275, "text": "I can\u2019t wait to see which of my friends kids bday up next. Uncle D wit the worst gifts ever for y\u2019all sanity. https://t.co/f3KibmAzXy"}, {"author_id": 1182282623927734281, "id": 1495286608371019779, "text": "@viviraviens not sure i'll be able to get through it all \ud83d\ude2d\ud83d\ude2d\ud83d\ude2d\ud83d\ude2d\ud83d\ude2d if that happened, it would be the worst day of my life but still she can't be that heartless right????? https://t.co/btRxndYbji"}, {"author_id": 553342098, "id": 1495286330678386691, "text": "RT @AnthonyIrwinLA: The Russ trade really took the Lakers from title contention to outright implosion. I've already considered it the worst\u2026"}, {"author_id": 194432200, "id": 1495285952922718209, "text": "@RichLux713 I\u2019m right there with you! The \u201cnot knowing\u201d is the worst part! I understand because that\u2019s his private life, but I watch all his videos everyday and he feels like someone part of my family! https://t.co/X8PPtVJ3zh"}, {"author_id": 1349512832962977793, "id": 1495285891870433280, "text": "RT @AnthonyIrwinLA: The Russ trade really took the Lakers from title contention to outright implosion. I've already considered it the worst\u2026"}, {"author_id": 1162866109357481984, "id": 1495285891383934979, "text": "@LeelaMoonshine2 @velvesque Hmm, while all of that is true, i feel it\u2019s still very valid to hold these things against her. She affected an entire nation for the worst in a way that we\u2019ve never seen, and may never see again in Genshin. Of course she meant well, but from a normal citizen standpoint, ehh"}, {"author_id": 2945050784, "id": 1495285872723300356, "text": "I hate having to quit jobs I\u2019m a ppl pleaser/hate upsetting ppl so the confrontation of quitting is my worst nightmare. I\u2019m doing what\u2019s best for my future. Me trying to convince myself it\u2019s all okay bc it\u2019s for the best which is true. My anxiety is through the roof pls send help"}, {"author_id": 194432200, "id": 1495285716372312068, "text": "@RichLux713 @petermonn I\u2019m right there with you! The \u201cnot knowing\u201d is the worst part! I understand because that\u2019s his private life, but I watch all his videos everyday and he feels like someone part of my family!"}, {"author_id": 1071089984466124800, "id": 1495285533685084160, "text": "RT @AnthonyIrwinLA: The Russ trade really took the Lakers from title contention to outright implosion. I've already considered it the worst\u2026"}, {"author_id": 96688612, "id": 1495285427539890178, "text": "@RosieBarton @HeatherBurles CBC has done a fantastic job. The coverage has been brave &amp; fair. I wish we could see the footage not aired. We should know what you have faced - especially the worst of it. A special perhaps? You all deserve better. Canadians thank you."}, {"author_id": 3430269497, "id": 1495285254441078786, "text": "@LilLadyRed The worst version of \"I'll keep you up all night~\""}, {"author_id": 1175193567863685120, "id": 1495284879843602435, "text": "@ESmith_50 If the Jags were the worst team in the league last year, how did they stop the top O line and the worlds best running back? Lawrence had his best game of his life against our beast of a defense. Ah fuck it let\u2019s blame Wentz for it all! I feel better about our team now\ud83e\udd2a"}, {"author_id": 252755362, "id": 1495284517334138881, "text": "RT @AnthonyIrwinLA: The Russ trade really took the Lakers from title contention to outright implosion. I've already considered it the worst\u2026"}, {"author_id": 2537010454, "id": 1495284225653755904, "text": "RT @AnthonyIrwinLA: The Russ trade really took the Lakers from title contention to outright implosion. I've already considered it the worst\u2026"}, {"author_id": 1407630415637192704, "id": 1495284203067518981, "text": "@TheStarsan @NotMikeHarlow I don't think they painted anyone. They just took ladies with Nilotic ethnicity (e.g South Sudan) and used them as a representation for all black women, while using the worst lighting, contrast and saturation possible. In summary, this is a big under representation of black women"}, {"author_id": 1087908448262451201, "id": 1495283986930671616, "text": "Coming to terms with the fact that life is scripted as I watch the worst video of all time https://t.co/85iNooyj4L"}, {"author_id": 1428166759480188930, "id": 1495283813341138944, "text": "Boba Fett being\u2026 weird, and worst of all, the sad attempt at a replacement for Darth Maul, Dooku, who was much cooler in TCW (yes, I will be mentioning TCW many times). However (again\u2026), the action in the some of the best in SW. \n\n(My feelings for this are all over the place)"}, {"author_id": 1090054361714053120, "id": 1495283290273718273, "text": "@Feelings1997 Like I\u2019m all for a fun slasher film, like it doesn\u2019t have to be great\u2026 but this movie is literally one of the worst slashers I\u2019ve ever seen. Like actual trash"}, {"author_id": 735199223398944768, "id": 1495282446065188867, "text": "RT @AnthonyIrwinLA: The Russ trade really took the Lakers from title contention to outright implosion. I've already considered it the worst\u2026"}, {"author_id": 23232650, "id": 1495281985081602048, "text": "@RiggityRagz @KathyStickel One of the worst things about my long commute is seeing all the roadkill I actually cry sometimes especially when they\u2019re very young like little deer or raccoons \ud83e\udd7a\ud83e\udd7a\ud83e\udd7a"}, {"author_id": 733583888, "id": 1495281811647307778, "text": "2020 and last year were the worst of my life fr I was starving myself and wasn\u2019t getting out of bed. Just smoking weed all day tho. I fight every day not to go back to that girl fr reasons why I never went back to EC"}, {"author_id": 918454078849540096, "id": 1495281612812079104, "text": "@LateNightHalo 343 just have not been able to nail the social aspect of halo and i hate to see that. Halo infinite is the worst halo when it comes to the social aspect of these games there's literally nothing in that game that connects us all. No lobbies was a huge miss. Its a tragedy\ud83d\ude14"}, {"author_id": 1377831166217121800, "id": 1495281565286354945, "text": "@ThevoiceAlexa @JustinTrudeau All I can think of when I see this clip is how much I hate that smug look on his face.  He\u2019s the worst"}, {"author_id": 1156347712918478848, "id": 1495281516833914883, "text": "RT @AnthonyIrwinLA: The Russ trade really took the Lakers from title contention to outright implosion. I've already considered it the worst\u2026"}, {"author_id": 122584245, "id": 1495281298646405125, "text": "RT @AnthonyIrwinLA: The Russ trade really took the Lakers from title contention to outright implosion. I've already considered it the worst\u2026"}, {"author_id": 707372780463853569, "id": 1495281078139068417, "text": "@brecert tbh while it has interesting values, I think the proposed ideas lean too heavily towards minimalism as a primary goal even if it hurts usability. I think it has too high an opinion of NLP as a productivity tool, and worst of all feels like an apple reskin of google services"}, {"author_id": 940891443643801602, "id": 1495281022224646144, "text": "The worst thing is that the senior man said this type of words, we all know that every cricketer in our country is like no.1, the spot in not owned by anyone, no hate to anyone, I love watching my team wins and all the players I love to watch, so this is unnecessary.#rohirat"}, {"author_id": 1704744193, "id": 1495280506182774784, "text": "RT @ZODIAC_MF: MOVIE TRAILERS ARE THE WORST ARTFORM. THIS JERKOFF JURASSIC PARK SEQUEL PREVIEW PRESENTED WITH ALL THE SOLEMNITY OF FUCKING\u2026"}, {"author_id": 1363984786524696576, "id": 1495280355544285186, "text": "RT @evamoosart: I really hate the idea this tweet perpetuates because it reduces all of us to \"users,\" and misinformed people (ADHDers or n\u2026"}, {"author_id": 764171264, "id": 1495280297293795329, "text": "If y\u2019all aren\u2019t ready to talk about the tyranny of FDR (and Woodrow Wilson, our worst presidents), I can\u2019t help you https://t.co/kk4EzHbCoX"}, {"author_id": 21834899, "id": 1495279726146965504, "text": "@ThCrawfordUT92 @js_edit Oh my gawwwwwwwwd. What a cinematic comedic treat of 80's cornball. I almost had to stop due to its having one of the worst soundtracks of all time. Just turned the volume low and put the subtitles on. They were usually yelling anyway.  \ud83d\ude1c https://t.co/J7DVirU8Pv"}, {"author_id": 1483061021795586048, "id": 1495279523411415040, "text": "RT @princessaltheaa: this sem is worst, like I've been down for these days because of my acads coz all the lessons neither one of there dis\u2026"}, {"author_id": 1028492185828651009, "id": 1495279216098635777, "text": "RT @AnthonyIrwinLA: The Russ trade really took the Lakers from title contention to outright implosion. I've already considered it the worst\u2026"}, {"author_id": 422126845, "id": 1495279186860204034, "text": "RT @uncooljerk: i think molly mae has a lot to answer for (works for one of the least sustainable uk retailers,  classist, wants me to buy\u2026"}, {"author_id": 1587117234, "id": 1495278852838502408, "text": "RT @AnthonyIrwinLA: The Russ trade really took the Lakers from title contention to outright implosion. I've already considered it the worst\u2026"}, {"author_id": 855388207, "id": 1495278823004327937, "text": "The one time I didn\u2019t watch the dunk contest it ended up being the worst one. I\u2019m not mad but I kind of want to see how horrific it truly was based off all these tweets lmfao"}, {"author_id": 1469041949113925632, "id": 1495278751038337024, "text": "@iampisco_rocky @mchardex @MessiIizer No one had a good game at PSG. Wijnaldum and Kehrer were easily the worst players. Messi lost the ball less today, creating good amount of chances. Had the highest rating among the Psg players as well. But I wonder why all the PSG players left their shooting boots at home."}, {"author_id": 3237336953, "id": 1495278704087470080, "text": "RT @AnthonyIrwinLA: The Russ trade really took the Lakers from title contention to outright implosion. I've already considered it the worst\u2026"}, {"author_id": 1356139108549193730, "id": 1495278495165001730, "text": "so basicly practically all of this drugs help with the tdah,so basically i search what can hel tdah and aparently im good with that,so i dont have nothign to improve to well,improve ma concentration,isnt bad,but for studys is THE WORST https://t.co/TABEjWEgbK"}, {"author_id": 371003353, "id": 1495278300788367361, "text": "@CBuchsen @NightSkyPrince_ naaaaaaah I've played multitudes of online games and XIV has cost the least of all of them, F2P are often some of the most expensive games, Genshin is one of the worst unless you're willing to miss out and wait for things for extended periods of time"}, {"author_id": 1178967284297154563, "id": 1495278232521871362, "text": "RT @AnthonyIrwinLA: The Russ trade really took the Lakers from title contention to outright implosion. I've already considered it the worst\u2026"}, {"author_id": 558230231, "id": 1495277281245233154, "text": "RT @AnthonyIrwinLA: The Russ trade really took the Lakers from title contention to outright implosion. I've already considered it the worst\u2026"}, {"author_id": 2839126913, "id": 1495277160390483968, "text": "RT @AnthonyIrwinLA: The Russ trade really took the Lakers from title contention to outright implosion. I've already considered it the worst\u2026"}, {"author_id": 262899634, "id": 1495276940311343105, "text": "RT @AnthonyIrwinLA: The Russ trade really took the Lakers from title contention to outright implosion. I've already considered it the worst\u2026"}, {"author_id": 887823891350953985, "id": 1495276705061093377, "text": "Jesus is in hell with me and is trying to save people. The difference is I actually experience hell while he doesn\u2019t, like at all. Jesus Christ died on the cross and experienced the worst of the worst of physical pain, while I the psychological, and Jehovah our creator, time."}, {"author_id": 505454899, "id": 1495276552875122688, "text": "RT @AnthonyIrwinLA: The Russ trade really took the Lakers from title contention to outright implosion. I've already considered it the worst\u2026"}, {"author_id": 1345839605845671936, "id": 1495276253544284161, "text": "@KZLasVegas Of all the Gaza I\u2019ve had, shingles was the worst."}, {"author_id": 1282070470897152006, "id": 1495276173856808962, "text": "worst part abt not living in south florida anymore is that i want mango so bad all the time and if i want any i have to buy small unripe ones from publix instead of just. walking around my neighborhood LOL"}, {"author_id": 329029393, "id": 1495276170874699780, "text": "RT @AnthonyIrwinLA: The Russ trade really took the Lakers from title contention to outright implosion. I've already considered it the worst\u2026"}, {"author_id": 1043593706287386624, "id": 1495276124963803136, "text": "RT @FireHeartEmoji: I wholeheartedly believe that Big Sean is the worst rapper of all time"}, {"author_id": 1644108008, "id": 1495276114104635397, "text": "RT @AnthonyIrwinLA: The Russ trade really took the Lakers from title contention to outright implosion. I've already considered it the worst\u2026"}, {"author_id": 1234008108382294017, "id": 1495275781500465154, "text": "RT @AnthonyIrwinLA: The Russ trade really took the Lakers from title contention to outright implosion. I've already considered it the worst\u2026"}, {"author_id": 301491481, "id": 1495275762261192704, "text": "@RockssMySockss @PilotsOfBallet Worst outfit choice ever. I don\u2019t care if \u201cpants keep falling down\u201d or \u201ckeeps pulling pants up\u201d turns out to be a huge part of the lore I just was not into that look at all. Especially during Car Radio."}, {"author_id": 1412878420103544836, "id": 1495275173439840256, "text": "I wholeheartedly believe that Big Sean is the worst rapper of all time"}, {"author_id": 302916237, "id": 1495275080602976259, "text": "RT @AnthonyIrwinLA: The Russ trade really took the Lakers from title contention to outright implosion. I've already considered it the worst\u2026"}, {"author_id": 1897689576, "id": 1495274792081055748, "text": "the worst part of it all is all I want to hear is your voice"}, {"author_id": 1072670293603377152, "id": 1495274521233805312, "text": "@Saintsfan5348 @jason_kint You eloquently describe what I have simply been calling the worst mental health catastrophe in our history, comparable to the brainwashing of Nazi Germany. \n\nTrumpism/MAGA is an all consuming mental illness. I have no answers as to what can be done about it."}, {"author_id": 463414595, "id": 1495274500807659520, "text": "Ohh I see so my tweets of pure disdain of aqua need to be filtered through the music conglomerate @UMG. Aqua is the worst thing to ever happen to EDM please eliminate all existence of the sounds they have made or will make. Thanks."}, {"author_id": 709501743168495616, "id": 1495274410164383744, "text": "RT @AnthonyIrwinLA: The Russ trade really took the Lakers from title contention to outright implosion. I've already considered it the worst\u2026"}, {"author_id": 1599532633, "id": 1495273796349177858, "text": "RT @AnthonyIrwinLA: The Russ trade really took the Lakers from title contention to outright implosion. I've already considered it the worst\u2026"}, {"author_id": 1331409533932101632, "id": 1495273767085359108, "text": "All right, maybe killing Finnick would be a little premature. He\u2019s been helpful so far. He does have Haymitch\u2019s stamp of approval. And who knows what the night will hold? If worse comes to worst, I can always kill him in his sleep."}, {"author_id": 1404778904938766339, "id": 1495273718657994755, "text": "@flylikearaven18 @TheTropan @mrpyo1 I ADMITTED on my page that uncharted 3 and God of war 3 was one of the best games of all time. Everything after those two games is some type of 15 hour cut scene bugged trash movie game. I honestly do believe this is one of the worst games ever while you are actually a shill"}, {"author_id": 41478571, "id": 1495273659304497155, "text": "RT @NotKelseySmith: I get the worst creative block this time of year and it drives me crazy. During the warmer months I\u2019ll be out taking ph\u2026"}, {"author_id": 1254646211568599040, "id": 1495273163764256768, "text": "@_JasonLT So i think its a bit of a hyperbole to call loosing 2 rotation players the worst trade of all time \ud83e\udd37\ud83c\udffb\u200d\u2642\ufe0f"}, {"author_id": 1407039997023162369, "id": 1495272950638985216, "text": "In the meantime, I could upload some mini comics that I make in traditional and upload them with the camera of my cell phone and the worst of all is that: the Clownpiece comic and \"WSY\" and all projects, will be postponed"}, {"author_id": 451318874, "id": 1495272923149467649, "text": "RT @AnthonyIrwinLA: The Russ trade really took the Lakers from title contention to outright implosion. I've already considered it the worst\u2026"}, {"author_id": 1105841903042473984, "id": 1495272778546790401, "text": "RT @AnthonyIrwinLA: The Russ trade really took the Lakers from title contention to outright implosion. I've already considered it the worst\u2026"}, {"author_id": 3958728019, "id": 1495272687588892678, "text": "@BallThatWay I turned it off. No doubt the worst one of all time"}, {"author_id": 3131593439, "id": 1495272685374427138, "text": "@NoodleRyuu I am so jealous of the stuff they get for sakura season. It is all my aesthetic 1000%.\nWe just get like. Pink cup in the worst shade of pink."}, {"author_id": 31440050, "id": 1495272634090725380, "text": "RT @nb_rich: @NBA This is the worst all star day in NBA history by far. Im not even at the arena but feel so bad for anyone that bought a t\u2026"}, {"author_id": 1395159025902395395, "id": 1495272583872512000, "text": "it\u2019s 1:40 am and i\u2019m feeling other kind of hate. i hope we all die in the worst and most painful way possible simultaneously \u2764\ufe0f https://t.co/MbnJPQIwQh"}, {"author_id": 3228994392, "id": 1495272564658212867, "text": "I got all 4 of my wisdom teeth pulled yesterday &amp; was in PAINNN so I took my ibuprofen &amp; the narco they gave me and OMG it was the worst thing I have ever done. I literally threw up like 25 times. So today I took nothing and just been dealing with the pain. \ud83e\udd72"}, {"author_id": 96172063, "id": 1495272560912736256, "text": "@SheetsGiggles @DarthAmin The worst part of the show. It\u2019s all BS but I can just fast forward. Ricky seems like a good guy but he is just talking nonsense."}, {"author_id": 280354946, "id": 1495272026155614209, "text": "RT @AnthonyIrwinLA: The Russ trade really took the Lakers from title contention to outright implosion. I've already considered it the worst\u2026"}, {"author_id": 743575140, "id": 1495272025123962881, "text": "RT @AnthonyIrwinLA: The Russ trade really took the Lakers from title contention to outright implosion. I've already considered it the worst\u2026"}, {"author_id": 811682960743264256, "id": 1495271753794437120, "text": "That was possibly the worst Dunk contest I\u2019ve ever seen. For a finalist to miss all 3 of his last dunks, appalling. So many new things can be implemented especially with the Skills challenge. All of it, every part of it should include Women. Watch viewership increase drastically."}, {"author_id": 792960264, "id": 1495271751907147781, "text": "the wait time between each transfer is the worst part about having an oc alt obsession and wanting all of them on the same world but i have more than 8 [screaming]"}, {"author_id": 1424352720, "id": 1495271737734451201, "text": "i hate spiders but i love the HP movies, and i just tuned into chamber of secrets on THE WORST POSSIBLE SCENE WITH ALL THOSE MF SPIDERS https://t.co/dJWUnFJIRP"}, {"author_id": 1495268869669535744, "id": 1495271637024862212, "text": "Summer is the worst time of all to be al\nhttps://t.co/EbA06iLDlk\nTo look after my body, to\n\u00ef\u00bb\u00bf KM11-OMG-AY20 https://t.co/rkAp1Xc7MR"}, {"author_id": 1050208493079318533, "id": 1495271309110038528, "text": "@moon_girlz This is one of the worst sentences I've read all year"}, {"author_id": 977770222479396864, "id": 1495271139588849669, "text": "Think i found out what my walking pain is and i almost fully blame the stupid amount of weeks I've been in the delivery section at work good grief\n\nMy arms are just pulled muscles galore tho it really hurts to move at all, i just got the worst of both worlds"}, {"author_id": 462368243, "id": 1495271100250423296, "text": "RT @AnthonyIrwinLA: The Russ trade really took the Lakers from title contention to outright implosion. I've already considered it the worst\u2026"}, {"author_id": 797363029662924800, "id": 1495270837833895948, "text": "Thank you all for the replies! And all of my new friends. I'm glad that my twisted sense of humor made you smile \ud83d\ude03 As for promoting, please give all you can to @BetoORourke &amp; help us beat the worst gov in our history! &amp; Send energy to my little monkey who has a heart murmur now https://t.co/IiTYjVVZsu"}, {"author_id": 72599403, "id": 1495270700239974403, "text": "@DKingBH @bcurlock One thing we don't talk about much is that Benson is one of the worst forwards in the team wrt xgf%, better than just Shore. Even in the Woodcroft era. I get that he is young and should get better. However, for all the love he gets from us, he hasn't done much to vindicate that"}, {"author_id": 3360942598, "id": 1495270565460029445, "text": "RT @AnthonyIrwinLA: The Russ trade really took the Lakers from title contention to outright implosion. I've already considered it the worst\u2026"}, {"author_id": 1147797791286026241, "id": 1495270492655452160, "text": "Even louder disgruntled gurgling because my allergies have been off the shits all day. They're at their worst rn... I think cuz of the aircon"}, {"author_id": 1176017766496837634, "id": 1495270371586682884, "text": "RT @AnthonyIrwinLA: The Russ trade really took the Lakers from title contention to outright implosion. I've already considered it the worst\u2026"}, {"author_id": 1224882291425644545, "id": 1495270370047410177, "text": "RT @AnthonyIrwinLA: The Russ trade really took the Lakers from title contention to outright implosion. I've already considered it the worst\u2026"}, {"author_id": 2406304220, "id": 1495269930119274496, "text": "RT @AnthonyIrwinLA: The Russ trade really took the Lakers from title contention to outright implosion. I've already considered it the worst\u2026"}, {"author_id": 1267226089, "id": 1495269795201449987, "text": "7. \"I need to know all the news views.. follow 100s of handles &amp; join 10 WA groups\" - worst mistake.. lot of noise &amp; herd mentality occurs.. the more you listen to more people the more confusion / greed &amp; fear / FOMO occurs.. https://t.co/5liS9fcUdt"}, {"author_id": 444831840, "id": 1495269635536535555, "text": "RT @AnthonyIrwinLA: The Russ trade really took the Lakers from title contention to outright implosion. I've already considered it the worst\u2026"}, {"author_id": 1322550607622873088, "id": 1495269220661215233, "text": "RT @AnthonyIrwinLA: The Russ trade really took the Lakers from title contention to outright implosion. I've already considered it the worst\u2026"}, {"author_id": 721162309, "id": 1495268898614222850, "text": "RT @AnthonyIrwinLA: The Russ trade really took the Lakers from title contention to outright implosion. I've already considered it the worst\u2026"}, {"author_id": 2194957448, "id": 1495267936415608836, "text": "one of the worst/best parts of growing up has been realizing i've never been loved unconditionally and how thats effected all my relationships"}, {"author_id": 1010050461624356864, "id": 1495267917872644100, "text": "i keep seeing really cheap genuine racist shit at thrift stores in the south and kinda getting tempted to purchase all of the worst i see and either destroy it or donate it to an african-american history museum. which option is better? /gen \nor is it only a good idea in theory?"}, {"author_id": 1420854152213803017, "id": 1495267780140187651, "text": "RT @AnthonyIrwinLA: The Russ trade really took the Lakers from title contention to outright implosion. I've already considered it the worst\u2026"}, {"author_id": 732535841692622848, "id": 1495267643246317569, "text": "RT @AnthonyIrwinLA: The Russ trade really took the Lakers from title contention to outright implosion. I've already considered it the worst\u2026"}]