[{"author_id": 1479237696187174916, "id": 1495213443154128899, "text": "@JonBatiste @carnegiehall Contrats! Will you cover more Chick Corea &amp; Monk on the Cobert show? BTW, when you cover Beatles tunes, work in some of the great Lennon tunes like \"Norwegian Wood\", \"Julia\", \"Girl\", \"Hard Days Night\", \"If I Fell\", \"Day Tripper\", \"Lucy in the Sky..\", \"Because\", \"No Reply\" etc."}, {"author_id": 231003347, "id": 1493070645957177347, "text": "@ahtlolevad Okay, that scratches one of my theories then.\n\nI got nervous seeing Lucy on a boat, knowing she's scared of water. So what if she fell in and stayed under too long? Having to have water pumped out of her would put her in the hospital and have Kate worried to the max. And me dead."}]