[{"author_id": 1003817855748632576, "id": 1495285557160775680, "text": "RT @btsinthemoment: \ud83d\udc64 what could our tannies be doing ? \nwhat should i do keke \ni should clean while watching bon voyage 4 for the first ti\u2026"}, {"author_id": 837173140946026497, "id": 1495285510901669890, "text": "RT @SethAbramson: Not long now.\n\nUKRAINIAN INTERIOR MINISTER: \u201cWe have information about the advance of the Russian army along our territor\u2026"}, {"author_id": 2244373286, "id": 1495285504702570496, "text": "@POTUS  The biggest mistake Joe Biden is making is not to bring sanctions in now. Sanctions could be lifted when Putin takes his army back to barracks. Waiting to see bloodshed before acting is simply wrong"}, {"author_id": 1030786315661529093, "id": 1495285483101954048, "text": "RT @btsinthemoment: \ud83d\udc64 what could our tannies be doing ? \nwhat should i do keke \ni should clean while watching bon voyage 4 for the first ti\u2026"}, {"author_id": 1288128998023680001, "id": 1495285458330284033, "text": "RT @btsinthemoment: \ud83d\udc64 what could our tannies be doing ? \nwhat should i do keke \ni should clean while watching bon voyage 4 for the first ti\u2026"}, {"author_id": 1267325816473391104, "id": 1495285342722838533, "text": "RT @btsinthemoment: \ud83d\udc64 what could our tannies be doing ? \nwhat should i do keke \ni should clean while watching bon voyage 4 for the first ti\u2026"}, {"author_id": 1346796342799081472, "id": 1495285313224450048, "text": "RT @btsinthemoment: \ud83d\udc64 what could our tannies be doing ? \nwhat should i do keke \ni should clean while watching bon voyage 4 for the first ti\u2026"}, {"author_id": 1090943344019148800, "id": 1495285248996818944, "text": "RT @btsinthemoment: \ud83d\udc64 what could our tannies be doing ? \nwhat should i do keke \ni should clean while watching bon voyage 4 for the first ti\u2026"}, {"author_id": 1480623037204635649, "id": 1495284971535167489, "text": "They have seizures and brain damage but the MoD insists their illnesses are psychological. Now scans could help thousands of soldiers who have been misdiagnosed\n\nThe Taliban forces around Ouellette, a British patrol base in a\u2026 https://t.co/b1lc5lP1P6 #Mentalhealth #Britisharmy https://t.co/uqjypP6Sds"}, {"author_id": 1400636694412496898, "id": 1495284897308557314, "text": "RT @btsinthemoment: \ud83d\udc64 what could our tannies be doing ? \nwhat should i do keke \ni should clean while watching bon voyage 4 for the first ti\u2026"}, {"author_id": 1213429490551885824, "id": 1495284857345355777, "text": "RT @btsinthemoment: \ud83d\udc64 what could our tannies be doing ? \nwhat should i do keke \ni should clean while watching bon voyage 4 for the first ti\u2026"}, {"author_id": 942727625524396033, "id": 1495284831474749443, "text": "RT @btsinthemoment: \ud83d\udc64 what could our tannies be doing ? \nwhat should i do keke \ni should clean while watching bon voyage 4 for the first ti\u2026"}, {"author_id": 939142531, "id": 1495284820439621633, "text": "@mac_ack @woke8yearold Rus army is doing everything that an invading army does in the last minute including everything, examining obvious false flag stuff in Russian section, war painting tanks, dispersing AA units\nGonna look weak if Putin just pack up and back up now"}, {"author_id": 1314498387979329536, "id": 1495284729255370753, "text": "RT @modooborahae: OP: what are our tannies doing? What should I do kekeke Going to watch BV4 while cleaning, I recommended it to another AR\u2026"}, {"author_id": 1216351179497594880, "id": 1495284701166473216, "text": "RT @btsinthemoment: \ud83d\udc64 what could our tannies be doing ? \nwhat should i do keke \ni should clean while watching bon voyage 4 for the first ti\u2026"}, {"author_id": 1469315444334993418, "id": 1495284700809625600, "text": "RT @SortedEagle: The Army has made a startling revelation that Pakistan-based terrorists are now using modern high-tech weapons that were l\u2026"}, {"author_id": 928215640640335872, "id": 1495284672841928714, "text": "RT @btsinthemoment: \ud83d\udc64 what could our tannies be doing ? \nwhat should i do keke \ni should clean while watching bon voyage 4 for the first ti\u2026"}, {"author_id": 278612586, "id": 1495284631221923842, "text": "RT @theseoulstory: A.C.E Kim Byeongkwan to serve in the army under KATUSA and will officially enlist on April 11\n\nSource: https://t.co/niJ4\u2026"}, {"author_id": 1429414338788347905, "id": 1495284603933786114, "text": "RT @btsinthemoment: \ud83d\udc64 what could our tannies be doing ? \nwhat should i do keke \ni should clean while watching bon voyage 4 for the first ti\u2026"}, {"author_id": 1269584252347146241, "id": 1495284576880500736, "text": "RT @btsinthemoment: \ud83d\udc64 what could our tannies be doing ? \nwhat should i do keke \ni should clean while watching bon voyage 4 for the first ti\u2026"}, {"author_id": 1494335586177482761, "id": 1495284549449777155, "text": "RT @btsinthemoment: \ud83d\udc64 what could our tannies be doing ? \nwhat should i do keke \ni should clean while watching bon voyage 4 for the first ti\u2026"}, {"author_id": 1380683172615086080, "id": 1495284498568986628, "text": "@PeeOne22 @LesStonehouse How about a rerun of Moses, Mt Sinai, and the Ten Commandments? Maybe slightly less dramatic to be the more convincing. Exiting the surf, maybe\n... \"God commanded me to declare war on China!\"\n    \"The Army is now in charge\"\n    \"Elections will resume after the war\"\n\nDon't laugh"}, {"author_id": 1303034095434252288, "id": 1495284471490580483, "text": "RT @btsinthemoment: \ud83d\udc64 what could our tannies be doing ? \nwhat should i do keke \ni should clean while watching bon voyage 4 for the first ti\u2026"}, {"author_id": 1278504704922619905, "id": 1495284453052071937, "text": "RT @btsinthemoment: \ud83d\udc64 what could our tannies be doing ? \nwhat should i do keke \ni should clean while watching bon voyage 4 for the first ti\u2026"}, {"author_id": 116508581, "id": 1495284414665928711, "text": "RT @SortedEagle: The Army has made a startling revelation that Pakistan-based terrorists are now using modern high-tech weapons that were l\u2026"}, {"author_id": 1196671114291712003, "id": 1495284363696562179, "text": "RT @modooborahae: OP: what are our tannies doing? What should I do kekeke Going to watch BV4 while cleaning, I recommended it to another AR\u2026"}, {"author_id": 1259586981073317888, "id": 1495284332935913475, "text": "RT @btsinthemoment: \ud83d\udc64 what could our tannies be doing ? \nwhat should i do keke \ni should clean while watching bon voyage 4 for the first ti\u2026"}, {"author_id": 1342690893137027072, "id": 1495284279818870792, "text": "RT @btsinthemoment: \ud83d\udc64 what could our tannies be doing ? \nwhat should i do keke \ni should clean while watching bon voyage 4 for the first ti\u2026"}, {"author_id": 1427548654617964556, "id": 1495284236118495238, "text": "RT @btsinthemoment: \ud83d\udc64 what could our tannies be doing ? \nwhat should i do keke \ni should clean while watching bon voyage 4 for the first ti\u2026"}, {"author_id": 1294260230885261313, "id": 1495284219706474497, "text": "RT @btsinthemoment: \ud83d\udc64 what could our tannies be doing ? \nwhat should i do keke \ni should clean while watching bon voyage 4 for the first ti\u2026"}, {"author_id": 385134968, "id": 1495284073245335554, "text": "RT @btsinthemoment: \ud83d\udc64 what could our tannies be doing ? \nwhat should i do keke \ni should clean while watching bon voyage 4 for the first ti\u2026"}, {"author_id": 1451149125941030912, "id": 1495283823340228608, "text": "RT @btsinthemoment: \ud83d\udc64 what could our tannies be doing ? \nwhat should i do keke \ni should clean while watching bon voyage 4 for the first ti\u2026"}, {"author_id": 1344428272575197188, "id": 1495283795125104646, "text": "RT @btsinthemoment: \ud83d\udc64 what could our tannies be doing ? \nwhat should i do keke \ni should clean while watching bon voyage 4 for the first ti\u2026"}, {"author_id": 1371717692445450240, "id": 1495283780197629953, "text": "RT @btsinthemoment: \ud83d\udc64 what could our tannies be doing ? \nwhat should i do keke \ni should clean while watching bon voyage 4 for the first ti\u2026"}, {"author_id": 964900802157363200, "id": 1495283776003272704, "text": "RT @btsinthemoment: \ud83d\udc64 what could our tannies be doing ? \nwhat should i do keke \ni should clean while watching bon voyage 4 for the first ti\u2026"}, {"author_id": 174987132, "id": 1495283663415635970, "text": "RT @SethAbramson: Not long now.\n\nUKRAINIAN INTERIOR MINISTER: \u201cWe have information about the advance of the Russian army along our territor\u2026"}, {"author_id": 1107227342257033216, "id": 1495283575151017989, "text": "RT @modooborahae: OP: what are our tannies doing? What should I do kekeke Going to watch BV4 while cleaning, I recommended it to another AR\u2026"}, {"author_id": 1085993525064298496, "id": 1495283570532704257, "text": "RT @btsinthemoment: \ud83d\udc64 what could our tannies be doing ? \nwhat should i do keke \ni should clean while watching bon voyage 4 for the first ti\u2026"}, {"author_id": 919115317401370624, "id": 1495283566183272448, "text": "RT @btsinthemoment: \ud83d\udc64 what could our tannies be doing ? \nwhat should i do keke \ni should clean while watching bon voyage 4 for the first ti\u2026"}, {"author_id": 1069516601165262849, "id": 1495283562093944832, "text": "RT @modooborahae: OP: what are our tannies doing? What should I do kekeke Going to watch BV4 while cleaning, I recommended it to another AR\u2026"}, {"author_id": 1275196999839539200, "id": 1495283395160539139, "text": "RT @btsinthemoment: \ud83d\udc64 what could our tannies be doing ? \nwhat should i do keke \ni should clean while watching bon voyage 4 for the first ti\u2026"}, {"author_id": 1289951887756845059, "id": 1495283337082060805, "text": "RT @btsinthemoment: \ud83d\udc64 what could our tannies be doing ? \nwhat should i do keke \ni should clean while watching bon voyage 4 for the first ti\u2026"}, {"author_id": 1431545050325037056, "id": 1495283315489738754, "text": "RT @btsinthemoment: \ud83d\udc64 what could our tannies be doing ? \nwhat should i do keke \ni should clean while watching bon voyage 4 for the first ti\u2026"}, {"author_id": 1162365353822810112, "id": 1495283258342674435, "text": "RT @btsinthemoment: \ud83d\udc64 what could our tannies be doing ? \nwhat should i do keke \ni should clean while watching bon voyage 4 for the first ti\u2026"}, {"author_id": 86362946, "id": 1495283079170215938, "text": "@daltman_IR It seems likely to me that the Russian calculation here is the cost of war now is far less (to them) than the cost of war in 5-10 yrs when (for example) there is significant US structural defense or Army Long Range Precision Fires established in Ukraine?"}, {"author_id": 1294508090679730176, "id": 1495283033192407045, "text": "RT @btsinthemoment: \ud83d\udc64 what could our tannies be doing ? \nwhat should i do keke \ni should clean while watching bon voyage 4 for the first ti\u2026"}, {"author_id": 1418385529641398274, "id": 1495283018067755010, "text": "RT @modooborahae: OP: what are our tannies doing? What should I do kekeke Going to watch BV4 while cleaning, I recommended it to another AR\u2026"}, {"author_id": 124139615, "id": 1495282942637084673, "text": "RT @TellDM: In Pakistan, its dictatorial Army setup runs everything. You name a sector &amp; they\u2019ve got their hands in the pie.\n\nBUT, they\u2019re\u2026"}, {"author_id": 1459829334844186626, "id": 1495282808226398209, "text": "RT @ram56369670: Butter tag \n\n40 retweets \n10 replys \n\nwe have to protect butter in the top spot. drop your tag now army. \n\nStream the Reco\u2026"}, {"author_id": 1310892584567361536, "id": 1495282698784370695, "text": "RT @btsinthemoment: \ud83d\udc64 what could our tannies be doing ? \nwhat should i do keke \ni should clean while watching bon voyage 4 for the first ti\u2026"}, {"author_id": 161125979, "id": 1495282693629743104, "text": "RT @modooborahae: OP: what are our tannies doing? What should I do kekeke Going to watch BV4 while cleaning, I recommended it to another AR\u2026"}, {"author_id": 1277657985209294854, "id": 1495282658959581184, "text": "RT @btsinthemoment: \ud83d\udc64 what could our tannies be doing ? \nwhat should i do keke \ni should clean while watching bon voyage 4 for the first ti\u2026"}, {"author_id": 161125979, "id": 1495282621559025666, "text": "RT @btsinthemoment: \ud83d\udc64 what could our tannies be doing ? \nwhat should i do keke \ni should clean while watching bon voyage 4 for the first ti\u2026"}, {"author_id": 1376518520641445888, "id": 1495282557516062720, "text": "RT @btsinthemoment: \ud83d\udc64 what could our tannies be doing ? \nwhat should i do keke \ni should clean while watching bon voyage 4 for the first ti\u2026"}, {"author_id": 1269909730958295041, "id": 1495282533835358208, "text": "RT @btsinthemoment: \ud83d\udc64 what could our tannies be doing ? \nwhat should i do keke \ni should clean while watching bon voyage 4 for the first ti\u2026"}, {"author_id": 1117338666802786307, "id": 1495282475219943427, "text": "RT @btsinthemoment: \ud83d\udc64 what could our tannies be doing ? \nwhat should i do keke \ni should clean while watching bon voyage 4 for the first ti\u2026"}, {"author_id": 1216596869008117760, "id": 1495282445662392325, "text": "RT @Kim_ByTaehyung_: 220220 \ud0dc\ud615 \uc704\ubc84\uc2a4 \ub313\uae00\n\nArmy. What could our tannies be doing ? \nWhat should i do\u314b\u314b\nI should clean while watching Bon Voyage\u2026"}, {"author_id": 1421689112088641542, "id": 1495282191705972740, "text": "RT @modooborahae: OP: what are our tannies doing? What should I do kekeke Going to watch BV4 while cleaning, I recommended it to another AR\u2026"}, {"author_id": 1262394411725529089, "id": 1495282158226665482, "text": "RT @btsinthemoment: \ud83d\udc64 what could our tannies be doing ? \nwhat should i do keke \ni should clean while watching bon voyage 4 for the first ti\u2026"}, {"author_id": 1426161852678082566, "id": 1495282058159030274, "text": "RT @btsinthemoment: \ud83d\udc64 what could our tannies be doing ? \nwhat should i do keke \ni should clean while watching bon voyage 4 for the first ti\u2026"}, {"author_id": 1358530296833060864, "id": 1495282055827107840, "text": "RT @btsinthemoment: \ud83d\udc64 what could our tannies be doing ? \nwhat should i do keke \ni should clean while watching bon voyage 4 for the first ti\u2026"}, {"author_id": 1365301450272833544, "id": 1495281891494166528, "text": "RT @btsinthemoment: \ud83d\udc64 what could our tannies be doing ? \nwhat should i do keke \ni should clean while watching bon voyage 4 for the first ti\u2026"}, {"author_id": 1401016427272835074, "id": 1495281830932926464, "text": "RT @btsinthemoment: \ud83d\udc64 what could our tannies be doing ? \nwhat should i do keke \ni should clean while watching bon voyage 4 for the first ti\u2026"}, {"author_id": 906091621, "id": 1495281797030158345, "text": "RT @ram56369670: Butter tag \n\n40 retweets \n10 replys \n\nwe have to protect butter in the top spot. drop your tag now army. \n\nStream the Reco\u2026"}, {"author_id": 1176459391249375233, "id": 1495281775526187009, "text": "RT @btsinthemoment: \ud83d\udc64 what could our tannies be doing ? \nwhat should i do keke \ni should clean while watching bon voyage 4 for the first ti\u2026"}, {"author_id": 603726020, "id": 1495281772720009217, "text": "RT @btsinthemoment: \ud83d\udc64 what could our tannies be doing ? \nwhat should i do keke \ni should clean while watching bon voyage 4 for the first ti\u2026"}, {"author_id": 1235411971048079360, "id": 1495281671767220227, "text": "RT @btsinthemoment: \ud83d\udc64 what could our tannies be doing ? \nwhat should i do keke \ni should clean while watching bon voyage 4 for the first ti\u2026"}, {"author_id": 1285885434833190913, "id": 1495281668521099264, "text": "RT @btsinthemoment: \ud83d\udc64 what could our tannies be doing ? \nwhat should i do keke \ni should clean while watching bon voyage 4 for the first ti\u2026"}, {"author_id": 1388708959788290050, "id": 1495281594281918465, "text": "RT @modooborahae: OP: what are our tannies doing? What should I do kekeke Going to watch BV4 while cleaning, I recommended it to another AR\u2026"}, {"author_id": 122959195, "id": 1495281587000254465, "text": "RT @TellDM: In Pakistan, its dictatorial Army setup runs everything. You name a sector &amp; they\u2019ve got their hands in the pie.\n\nBUT, they\u2019re\u2026"}, {"author_id": 1289775723482214400, "id": 1495281513868398595, "text": "RT @btsinthemoment: \ud83d\udc64 what could our tannies be doing ? \nwhat should i do keke \ni should clean while watching bon voyage 4 for the first ti\u2026"}, {"author_id": 977574675558600704, "id": 1495281510072655873, "text": "RT @natiqmalikzada: #Indian Army says that the modern weapons and advanced night vision devices left over by #Americans in #Afghanistan aft\u2026"}, {"author_id": 1177583220491091968, "id": 1495281502719864832, "text": "RT @btsinthemoment: \ud83d\udc64 what could our tannies be doing ? \nwhat should i do keke \ni should clean while watching bon voyage 4 for the first ti\u2026"}, {"author_id": 1228275192029253632, "id": 1495281497611603968, "text": "RT @btsinthemoment: \ud83d\udc64 what could our tannies be doing ? \nwhat should i do keke \ni should clean while watching bon voyage 4 for the first ti\u2026"}, {"author_id": 908191374725361664, "id": 1495281491223347202, "text": "RT @btsinthemoment: \ud83d\udc64 what could our tannies be doing ? \nwhat should i do keke \ni should clean while watching bon voyage 4 for the first ti\u2026"}, {"author_id": 1365699161585119232, "id": 1495281480662093831, "text": "RT @ram56369670: Butter tag \n\n40 retweets \n10 replys \n\nwe have to protect butter in the top spot. drop your tag now army. \n\nStream the Reco\u2026"}, {"author_id": 276696162, "id": 1495281323560349696, "text": "RT @SethAbramson: Not long now.\n\nUKRAINIAN INTERIOR MINISTER: \u201cWe have information about the advance of the Russian army along our territor\u2026"}, {"author_id": 1898825917, "id": 1495281322507452418, "text": "RT @modooborahae: OP: what are our tannies doing? What should I do kekeke Going to watch BV4 while cleaning, I recommended it to another AR\u2026"}, {"author_id": 82639357, "id": 1495281192706273281, "text": "RT @ram56369670: Butter tag \n\n40 retweets \n10 replys \n\nwe have to protect butter in the top spot. drop your tag now army. \n\nStream the Reco\u2026"}, {"author_id": 1389923663667875845, "id": 1495280976796487682, "text": "RT @btsinthemoment: \ud83d\udc64 what could our tannies be doing ? \nwhat should i do keke \ni should clean while watching bon voyage 4 for the first ti\u2026"}, {"author_id": 1306983459517202432, "id": 1495280923436531714, "text": "RT @btsinthemoment: \ud83d\udc64 what could our tannies be doing ? \nwhat should i do keke \ni should clean while watching bon voyage 4 for the first ti\u2026"}, {"author_id": 1453302714243366917, "id": 1495280919329980416, "text": "RT @btsinthemoment: \ud83d\udc64 what could our tannies be doing ? \nwhat should i do keke \ni should clean while watching bon voyage 4 for the first ti\u2026"}, {"author_id": 1406861530352652288, "id": 1495280902615621632, "text": "RT @btsinthemoment: \ud83d\udc64 what could our tannies be doing ? \nwhat should i do keke \ni should clean while watching bon voyage 4 for the first ti\u2026"}, {"author_id": 1250261879303237635, "id": 1495280900514455552, "text": "RT @ram56369670: Butter tag \n\n40 retweets \n10 replys \n\nwe have to protect butter in the top spot. drop your tag now army. \n\nStream the Reco\u2026"}, {"author_id": 1392672465260711938, "id": 1495280892461281283, "text": "RT @btsinthemoment: \ud83d\udc64 what could our tannies be doing ? \nwhat should i do keke \ni should clean while watching bon voyage 4 for the first ti\u2026"}, {"author_id": 1088289188, "id": 1495280851206422529, "text": "RT @btsinthemoment: \ud83d\udc64 what could our tannies be doing ? \nwhat should i do keke \ni should clean while watching bon voyage 4 for the first ti\u2026"}, {"author_id": 1396826628727083009, "id": 1495280801759465472, "text": "RT @btsinthemoment: \ud83d\udc64 what could our tannies be doing ? \nwhat should i do keke \ni should clean while watching bon voyage 4 for the first ti\u2026"}, {"author_id": 1449688635448520707, "id": 1495280696054915075, "text": "RT @btsinthemoment: \ud83d\udc64 what could our tannies be doing ? \nwhat should i do keke \ni should clean while watching bon voyage 4 for the first ti\u2026"}, {"author_id": 1259551412368797697, "id": 1495280661451526147, "text": "RT @SortedEagle: The Army has made a startling revelation that Pakistan-based terrorists are now using modern high-tech weapons that were l\u2026"}, {"author_id": 1300341485913604099, "id": 1495280643181203459, "text": "RT @btsinthemoment: \ud83d\udc64 what could our tannies be doing ? \nwhat should i do keke \ni should clean while watching bon voyage 4 for the first ti\u2026"}, {"author_id": 1404778996739362820, "id": 1495280632116617217, "text": "RT @ram56369670: Butter tag \n\n40 retweets \n10 replys \n\nwe have to protect butter in the top spot. drop your tag now army. \n\nStream the Reco\u2026"}, {"author_id": 981878202741080064, "id": 1495280615897194498, "text": "RT @btsinthemoment: \ud83d\udc64 what could our tannies be doing ? \nwhat should i do keke \ni should clean while watching bon voyage 4 for the first ti\u2026"}, {"author_id": 1153904527730499585, "id": 1495280605013151744, "text": "RT @btsinthemoment: \ud83d\udc64 what could our tannies be doing ? \nwhat should i do keke \ni should clean while watching bon voyage 4 for the first ti\u2026"}, {"author_id": 1353575086821789698, "id": 1495280530379710464, "text": "RT @StalinTeklu: #Ethiopian gov't affiliated MP says #WBO #OLA, an Army fighting for the rights of the Oromo people, now fully controls ove\u2026"}, {"author_id": 1330708539665305602, "id": 1495280528685101059, "text": "RT @btsinthemoment: \ud83d\udc64 what could our tannies be doing ? \nwhat should i do keke \ni should clean while watching bon voyage 4 for the first ti\u2026"}, {"author_id": 1295042561103425536, "id": 1495280369528348673, "text": "RT @btsinthemoment: \ud83d\udc64 what could our tannies be doing ? \nwhat should i do keke \ni should clean while watching bon voyage 4 for the first ti\u2026"}, {"author_id": 1421689112088641542, "id": 1495280353111842818, "text": "RT @btsinthemoment: \ud83d\udc64 what could our tannies be doing ? \nwhat should i do keke \ni should clean while watching bon voyage 4 for the first ti\u2026"}, {"author_id": 1453644108820475909, "id": 1495280349160476672, "text": "RT @btsinthemoment: \ud83d\udc64 what could our tannies be doing ? \nwhat should i do keke \ni should clean while watching bon voyage 4 for the first ti\u2026"}, {"author_id": 1375362860331671553, "id": 1495280345344020481, "text": "RT @btsinthemoment: \ud83d\udc64 what could our tannies be doing ? \nwhat should i do keke \ni should clean while watching bon voyage 4 for the first ti\u2026"}, {"author_id": 1210975105188159488, "id": 1495280291514298368, "text": "RT @btsinthemoment: \ud83d\udc64 what could our tannies be doing ? \nwhat should i do keke \ni should clean while watching bon voyage 4 for the first ti\u2026"}]