[{"author_id": 67940616, "id": 1495240918789722114, "text": "Death Cab For Cutie  \"What Sarah Said\" directed by Jack Phomphithak https://t.co/cu5msF8uPj"}, {"author_id": 38645535, "id": 1495230900749148160, "text": "RT @concrete_cowboi: @dandyosully @Dura_Ace @livo_sarah They've got some good personnel: Sumeyya, Paul Sakkal, Nick McKenzie, Josh Gordon,\u2026"}, {"author_id": 1571617716, "id": 1495230820667244549, "text": "@sundance_now How can anyone possibly pick only one? Sarah and Fernando's discussion on grief. Diana claiming Jack as her son and protecting him. The birth of the twins. This absolutely perfect ending to the series. This show is a masterpiece! #ADOWFinale"}, {"author_id": 1267003535259922433, "id": 1495230253224316931, "text": "@dandyosully @Dura_Ace @livo_sarah They've got some good personnel: Sumeyya, Paul Sakkal, Nick McKenzie, Josh Gordon, Jack Latimore. The problem is the senior journos, editors and the ones who write the opinions (Chip, Massola, Bevan, Koziol, the restaurateur,etc)"}, {"author_id": 1485068351596552196, "id": 1495181818882101253, "text": "RT @DrGemmaGraham: Some of the teams beloved in this section. Meet Linda, Dawn, Jayden, Tarryn, Valerie, Katie, Sarah, Heather and Jack #no\u2026"}, {"author_id": 26053287, "id": 1495179998067576835, "text": "RT @DrGemmaGraham: Some of the teams beloved in this section. Meet Linda, Dawn, Jayden, Tarryn, Valerie, Katie, Sarah, Heather and Jack #no\u2026"}, {"author_id": 905875405487431684, "id": 1495178390248251399, "text": "RT @DrGemmaGraham: Some of the teams beloved in this section. Meet Linda, Dawn, Jayden, Tarryn, Valerie, Katie, Sarah, Heather and Jack #no\u2026"}, {"author_id": 887231040246358018, "id": 1495175440084127746, "text": "RT @MotCityComicCon: It's a #SUPERMAN LEGACY REUNION at Motor City Comic Con 2022!\n\nMeet MARC MCCLURE, SARAH DOUGLAS, JACK O\u2019HALLORAN, AARO\u2026"}, {"author_id": 3389465979, "id": 1495166557449818112, "text": "@AGramuglia @nimble_snail @PutridStardust @marysuewriter Like, I want to be very clear. The Trigger for this was my criticism of Sophie, who's been an apologist for tankies, has posted tankie takes, and threw herself all in on accusing Xanderhal of running a sex cult. Jack Saint, then Sarah's people joined in to defend her."}, {"author_id": 4258398925, "id": 1495153536795127813, "text": "RT @MotCityComicCon: It's a #SUPERMAN LEGACY REUNION at Motor City Comic Con 2022!\n\nMeet MARC MCCLURE, SARAH DOUGLAS, JACK O\u2019HALLORAN, AARO\u2026"}, {"author_id": 382570472, "id": 1495142540911251465, "text": "RT @DrGemmaGraham: Some of the teams beloved in this section. Meet Linda, Dawn, Jayden, Tarryn, Valerie, Katie, Sarah, Heather and Jack #no\u2026"}, {"author_id": 1148641910367707139, "id": 1495130605897629697, "text": "@sarah_hrnch I just want to meet Jack aitken, that would be too nice"}, {"author_id": 454390896, "id": 1495113496471683077, "text": "@doaas Sarah Burton played at the Cameron a lot during those years. I played with Jack Marks, Kayla Howran, my own band, and often sat in with the many other bands that played their regularly. So much talent in that room on any given night."}, {"author_id": 1420720737921519616, "id": 1495111289261150212, "text": "@Sarah_Stierch Where\u2019s Jack\u2019s ??"}, {"author_id": 477168101, "id": 1495106475370373124, "text": "RT @DrGemmaGraham: Some of the teams beloved in this section. Meet Linda, Dawn, Jayden, Tarryn, Valerie, Katie, Sarah, Heather and Jack #no\u2026"}, {"author_id": 3236351617, "id": 1495103120254320646, "text": "RT @DrGemmaGraham: Some of the teams beloved in this section. Meet Linda, Dawn, Jayden, Tarryn, Valerie, Katie, Sarah, Heather and Jack #no\u2026"}, {"author_id": 1227882768, "id": 1495090890573971456, "text": "@Sarah_Stierch My nephew, Jack Sporer!! Yummy!"}, {"author_id": 1185674609020014592, "id": 1495077705670447113, "text": "RT @DrGemmaGraham: Some of the teams beloved in this section. Meet Linda, Dawn, Jayden, Tarryn, Valerie, Katie, Sarah, Heather and Jack #no\u2026"}, {"author_id": 989186325109792775, "id": 1495076922883248128, "text": "RT @Leahmo34: #daysminispoilers week of February 28th #dool Spoilers Fri Mar 4th \nJack tells Xander that the real Sarah is home."}, {"author_id": 1374289180705107968, "id": 1495073313730830336, "text": "RT @HoustonChron: Railroad Commission candidate Sarah Stogner says she has no regrets about posting a five-second clip of herself semi-nude\u2026"}, {"author_id": 948014816123289600, "id": 1495072830672687104, "text": "@PopcornSimu +100 Jack\n+90 Salma\n+80 Will\n+70 Jennifer\n+60 Helena\n+50 Zendaya\n+40 Sarah P\n+30 Viola\n+20 Dwayne\n+10 Lindsay"}, {"author_id": 1374016065211092995, "id": 1495069382611025925, "text": "RT @DrGemmaGraham: Some of the teams beloved in this section. Meet Linda, Dawn, Jayden, Tarryn, Valerie, Katie, Sarah, Heather and Jack #no\u2026"}, {"author_id": 1014329316803600385, "id": 1495062057703870466, "text": "RT @MotCityComicCon: It's a #SUPERMAN LEGACY REUNION at Motor City Comic Con 2022!\n\nMeet MARC MCCLURE, SARAH DOUGLAS, JACK O\u2019HALLORAN, AARO\u2026"}, {"author_id": 228659606, "id": 1495053546202480651, "text": "RT @showcaseireland: Industry View: Sarah Murphy, JACK MURPHY CLOTHING - Jack Murphy Clothing began life in the 1940s as a niche corseterie\u2026"}, {"author_id": 893413355364519936, "id": 1495051426552295424, "text": "RT @joiedevivre9: I ordered Jack Gilbert's COLLECTED POEMS today after listening to @holdengraber's conversation w/ @sarahmbroom. They disc\u2026"}, {"author_id": 3122464086, "id": 1495051381014732802, "text": "RT @HoustonChron: Railroad Commission candidate Sarah Stogner says she has no regrets about posting a five-second clip of herself semi-nude\u2026"}, {"author_id": 37821578, "id": 1495050807653273602, "text": "RT @HoustonChron: Railroad Commission candidate Sarah Stogner says she has no regrets about posting a five-second clip of herself semi-nude\u2026"}, {"author_id": 8940342, "id": 1495050614673481734, "text": "Railroad Commission candidate Sarah Stogner says she has no regrets about posting a five-second clip of herself semi-nude atop a pump jack, insisting that while the video was a joke, her candidacy for Railroad Commission is not. https://t.co/iMCmACxO3L"}, {"author_id": 202249986, "id": 1495044752315715590, "text": "Industry View: Sarah Murphy, JACK MURPHY CLOTHING - Jack Murphy Clothing began life in the 1940s as a niche corseterie business based in Skerries, North County Dublin. \n\nArtictle: https://t.co/ggZsluuOf5 \n\n#Showcase2022 #ShowcaseIreland #ShowcaseConnect\n\n@DCCIreland @Entirl https://t.co/4RrZGF71X5"}, {"author_id": 19019839, "id": 1495030906444292110, "text": "RT @MotCityComicCon: It's a #SUPERMAN LEGACY REUNION at Motor City Comic Con 2022!\n\nMeet MARC MCCLURE, SARAH DOUGLAS, JACK O\u2019HALLORAN, AARO\u2026"}, {"author_id": 504844080, "id": 1495030823967506434, "text": "@Sarah_Katilyn That\u2019s why I don\u2019t watch the news either the only jack asses I need to listen to are these two. https://t.co/BYXcTaV7sk"}, {"author_id": 930343885343207425, "id": 1495029247735382016, "text": "RT @DrGemmaGraham: Some of the teams beloved in this section. Meet Linda, Dawn, Jayden, Tarryn, Valerie, Katie, Sarah, Heather and Jack #no\u2026"}, {"author_id": 2621717951, "id": 1495025602096771072, "text": "RT @DrJessTaylor: @Schweta__91 Thinkers/authors who influenced me most are: Lucy Johnstone, Richard Bentall, Thomas Szasz, Jacqui Dillon, J\u2026"}, {"author_id": 1348084457224478721, "id": 1495022077098741760, "text": "RT @DrGemmaGraham: Some of the teams beloved in this section. Meet Linda, Dawn, Jayden, Tarryn, Valerie, Katie, Sarah, Heather and Jack #no\u2026"}, {"author_id": 355434149, "id": 1495021517511565320, "text": "Some of the teams beloved in this section. Meet Linda, Dawn, Jayden, Tarryn, Valerie, Katie, Sarah, Heather and Jack #notjustanother https://t.co/qoXX6K59B2"}, {"author_id": 207630647, "id": 1495020093977284608, "text": "RT @MotCityComicCon: It's a #SUPERMAN LEGACY REUNION at Motor City Comic Con 2022!\n\nMeet MARC MCCLURE, SARAH DOUGLAS, JACK O\u2019HALLORAN, AARO\u2026"}, {"author_id": 708052774785835008, "id": 1495015007645536264, "text": "RT @DrJessTaylor: @Schweta__91 Thinkers/authors who influenced me most are: Lucy Johnstone, Richard Bentall, Thomas Szasz, Jacqui Dillon, J\u2026"}, {"author_id": 69948232, "id": 1495014989853335556, "text": "RT @dayzedconfuzed: #DAYS Spoilers Week of February 28th\nThu, Mar 3, 2022\nAbigail and Chad share a heartfelt reunion.\nTony is stunned when\u2026"}, {"author_id": 69948232, "id": 1495014910002184209, "text": "RT @dayzedconfuzed: #DAYS Spoilers Week of February 28th\nFri, Mar 4, 2022\nAbigail is reunited with Jack and Jennifer.\nChad demands Ava give\u2026"}, {"author_id": 413173801, "id": 1495005278646984710, "text": "RT @DrJessTaylor: @Schweta__91 Thinkers/authors who influenced me most are: Lucy Johnstone, Richard Bentall, Thomas Szasz, Jacqui Dillon, J\u2026"}, {"author_id": 1443790563355021313, "id": 1495003844618735617, "text": "@elrick1 says a man who worked for her dad.......i always thought her dad was a descent man...as for sarah smith,she had the power of tv and choose to use it to spread bile and hate....so you are talking utter pish....keep shagging your union jack....\ud83c\udff4\udb40\udc67\udb40\udc62\udb40\udc73\udb40\udc63\udb40\udc74\udb40\udc7f\ud83c\udff4\udb40\udc67\udb40\udc62\udb40\udc73\udb40\udc63\udb40\udc74\udb40\udc7f\ud83c\udff4\udb40\udc67\udb40\udc62\udb40\udc73\udb40\udc63\udb40\udc74\udb40\udc7f\ud83c\udff4\udb40\udc67\udb40\udc62\udb40\udc73\udb40\udc63\udb40\udc74\udb40\udc7f\ud83c\udff4\udb40\udc67\udb40\udc62\udb40\udc73\udb40\udc63\udb40\udc74\udb40\udc7f\ud83c\udff4\udb40\udc67\udb40\udc62\udb40\udc73\udb40\udc63\udb40\udc74\udb40\udc7f"}, {"author_id": 130283867, "id": 1495000761482293248, "text": "RT @DrJessTaylor: @Schweta__91 Thinkers/authors who influenced me most are: Lucy Johnstone, Richard Bentall, Thomas Szasz, Jacqui Dillon, J\u2026"}, {"author_id": 1402518672195923968, "id": 1494999318251593728, "text": "RT @DrJessTaylor: @Schweta__91 Thinkers/authors who influenced me most are: Lucy Johnstone, Richard Bentall, Thomas Szasz, Jacqui Dillon, J\u2026"}, {"author_id": 1487776358826934272, "id": 1494997848798076930, "text": "@yoursrubyjane No she's so funny\ud83e\udd72 she named our other bunny jack,Jill and Sarah(Duterte) \ud83e\udd72 she's so Maka DDS and BBM\ud83e\udd72"}, {"author_id": 314700035, "id": 1494995831669374978, "text": "RT @DrJessTaylor: @Schweta__91 Thinkers/authors who influenced me most are: Lucy Johnstone, Richard Bentall, Thomas Szasz, Jacqui Dillon, J\u2026"}, {"author_id": 314700035, "id": 1494995071560818692, "text": "@Schweta__91 Thinkers/authors who influenced me most are: Lucy Johnstone, Richard Bentall, Thomas Szasz, Jacqui Dillon, Jane Ussher, John Read, James Davies, Jo Watson, Jack Holland, Sarah Ullman, Rebecca Campbell, Gail Dines, Julia Long, Dale Spender, Maya Angelou, Sami Timimi, Pragna Patel"}, {"author_id": 1295911188, "id": 1494986281755025409, "text": "RT @MotCityComicCon: It's a #SUPERMAN LEGACY REUNION at Motor City Comic Con 2022!\n\nMeet MARC MCCLURE, SARAH DOUGLAS, JACK O\u2019HALLORAN, AARO\u2026"}, {"author_id": 180650949, "id": 1494974849088958469, "text": "I am LOVING how Y&amp;R and DAYS are paying homages to two of its deceased actresses, Elizabeth Sung (1954-2018) and Philece Sampler (1953-2021) by revisiting Jack and Liam's son Keemo on Y&amp;R and Sarah's brainwashed identity as Renee Dumonde DiMera @YandR_CBS @nbcdays #YR #DAYS"}, {"author_id": 1149057186829688832, "id": 1494970999716024322, "text": "THE OFFICE RECAST: Snoop Dogg as Michael, Jack Black as Jim, Mark Hammil as Dwight and Sarah Silverman as Pam"}, {"author_id": 1109799336, "id": 1494934452618866692, "text": "RT @dayzedconfuzed: #DAYS Spoilers Week of February 28th\nThu, Mar 3, 2022\nAbigail and Chad share a heartfelt reunion.\nTony is stunned when\u2026"}, {"author_id": 1116091541121060864, "id": 1494899338241265667, "text": "The movie Wreck-It Ralph went on sale today for $7.99 on Microsoft\n\nStarring: Phil Johnston, John C. Reilly, K. Temple, Sarah Silverman, Jack McBrayer, Jane Lynch, Magnus Roosmann\n\nhttps://t.co/kvAYbMqX2c\n\n."}, {"author_id": 278030569, "id": 1494894109542293504, "text": "@KateBonaire @matociquala Chicken. Fez. Rambo. Furby. Queeny. Sweet Pawtato. Auntie Em. Rabbit. Orange. Stealth. Crinkle. Rutabaga. Stalker. Liberaci. Derp. Pling-plang. Rover. Lou. Edna. Sarah. 4-Paw. Ginger. Tiger. Half-Wit. Chairman Meow. Flipper. Jack. Boodle. Orangutan. Elvis. Fanny Mae. Beluga. Chim"}, {"author_id": 1257051046817431557, "id": 1494879701260771328, "text": "Only in Texas politics will you find a candidate in her panties, pasties and hat riding a ram jack. Don\u2019t vote for the incumbent in this one folks. Shady. https://t.co/VOKk7gHb2t"}, {"author_id": 1040182134277894144, "id": 1494877481815445508, "text": "@Thebodyoftexas @barbiscar211 @Sarah__096 @Travel4TG @tgirl69love @XXXPipPromos @SriLankanTrans @pic_poster @NAUGHTIESTGUYY @Samuel_Version5 @masinofan1 @trans_heart @0Tgirls @Ryanwsa1 @TSPornTrend1 @tsshelena23 @transloverxx2 @TransWorldXXX @SexyTgirls69 @Admiradorshema2 I wish you could fuck me like that while you jack off my cock until I cum all over me ;)"}, {"author_id": 636678881, "id": 1494875722665672704, "text": "@dayzedconfuzed Tony Is stunned When He learns of Sarah's condition, Interesting I wonder What's wrong with Her, Jennifer &amp; Jack await News on Abigail, Ok doesn't sound good &amp; Xander get's An earful from Anna about Gwen??? Oh, He better listen to Her!!! #TeamAbigail #JNJ #Xarah #Tanna #DAYS"}, {"author_id": 219145824, "id": 1494875656798314498, "text": "RT @MotCityComicCon: It's a #SUPERMAN LEGACY REUNION at Motor City Comic Con 2022!\n\nMeet MARC MCCLURE, SARAH DOUGLAS, JACK O\u2019HALLORAN, AARO\u2026"}, {"author_id": 2350924561, "id": 1494866206905438208, "text": "RT @Leahmo34: #daysminispoilers week of February 28th #dool Spoilers Fri Mar 4th \nJack tells Xander that the real Sarah is home."}, {"author_id": 3028690349, "id": 1494864247771344896, "text": "@Sarah_Beth_Hill nope I'm overthrowing Twitter. No more Jack Castro! FREEDOM!"}, {"author_id": 1490084695790559237, "id": 1494841008294608901, "text": "\u201cBlack women are twice as likely to be infertile? Why\u201c with Sasha Rosa, @innerbeautytv, Crown Royyal, NATA JACK, @kalimalovely, @drjulio__, @honey_shakur, Dr. Sarah Andrews. Feb 21, 2022 at 6:00 PM on @clubhouse! https://t.co/thQA8RfQiF"}, {"author_id": 342347908, "id": 1494837232418660352, "text": "#daysminispoilers week of February 28th #dool Spoilers Fri Mar 4th \nJack tells Xander that the real Sarah is home."}, {"author_id": 1062521606, "id": 1494835652998930437, "text": "RT @WezSaunders: Fresh House Friday.\n\n220 Kid X Jem Cooke \u2018Another Life\u2019 (D4 D4NCE), Drega featuring Maline Aura \u2018Vela\u2019 (Sondela Recordings\u2026"}, {"author_id": 16377959, "id": 1494804683143139330, "text": "RT @MotCityComicCon: It's a #SUPERMAN LEGACY REUNION at Motor City Comic Con 2022!\n\nMeet MARC MCCLURE, SARAH DOUGLAS, JACK O\u2019HALLORAN, AARO\u2026"}, {"author_id": 1393375158602240002, "id": 1494775143805169667, "text": "@Beckstas @zaharoorin they\u2019re brothers! Tanner &amp; Lo have 2 girls &amp; derik &amp; Sarah have Jack! lol took me too long to figure this out \ud83d\ude05"}, {"author_id": 1529442223, "id": 1494762961440808960, "text": "RT @TexasMonthly: \u201cI\u2019ve been trying. For years. And guess what finally worked? Five seconds of me scantily clad on top of a pump jack.\u201d\n\nIn\u2026"}, {"author_id": 16365305, "id": 1494762653205553155, "text": "\u201cI\u2019ve been trying. For years. And guess what finally worked? Five seconds of me scantily clad on top of a pump jack.\u201d\n\nIn which @russellgold gives you several reasons to follow the Republican primary for a seat on the Texas Railroad Commission.\nhttps://t.co/lxNS219KYc"}, {"author_id": 1277309242903613440, "id": 1494762433491218435, "text": "RT @MotCityComicCon: It's a #SUPERMAN LEGACY REUNION at Motor City Comic Con 2022!\n\nMeet MARC MCCLURE, SARAH DOUGLAS, JACK O\u2019HALLORAN, AARO\u2026"}, {"author_id": 1448581460760334336, "id": 1494761736175505408, "text": "RT @dayzedconfuzed: #DAYS Spoilers Week of February 28th\nThu, Mar 3, 2022\nAbigail and Chad share a heartfelt reunion.\nTony is stunned when\u2026"}, {"author_id": 1448581460760334336, "id": 1494761690851909634, "text": "RT @dayzedconfuzed: #DAYS Spoilers Week of February 28th\nFri, Mar 4, 2022\nAbigail is reunited with Jack and Jennifer.\nChad demands Ava give\u2026"}, {"author_id": 1309271240562151425, "id": 1494755803873615879, "text": "The Texas Railroad Commissioner candidate turned heads earlier this week with the release of her latest campaign video\u2014a short TikTok in which the oil and gas lawyer is seen sitting semi-nude riding the revolutions of a pump jack.\nhttps://t.co/trlfo6AZpC"}, {"author_id": 1953500120, "id": 1494734930185793536, "text": "RT @MotCityComicCon: It's a #SUPERMAN LEGACY REUNION at Motor City Comic Con 2022!\n\nMeet MARC MCCLURE, SARAH DOUGLAS, JACK O\u2019HALLORAN, AARO\u2026"}, {"author_id": 136114766, "id": 1494728145861230595, "text": "RT @JoannaCattanach: \u201cThis election is literally one that will have life-and-death consequences.\u201d So far \u27a1\ufe0f The incumbent took a questionab\u2026"}, {"author_id": 1193337091851243521, "id": 1494723022598594560, "text": "RT @JoannaCattanach: \u201cThis election is literally one that will have life-and-death consequences.\u201d So far \u27a1\ufe0f The incumbent took a questionab\u2026"}, {"author_id": 1403635262, "id": 1494720055673774080, "text": "RT @MotCityComicCon: It's a #SUPERMAN LEGACY REUNION at Motor City Comic Con 2022!\n\nMeet MARC MCCLURE, SARAH DOUGLAS, JACK O\u2019HALLORAN, AARO\u2026"}, {"author_id": 831693852146806784, "id": 1494717209075200003, "text": "RT @JoannaCattanach: \u201cThis election is literally one that will have life-and-death consequences.\u201d So far \u27a1\ufe0f The incumbent took a questionab\u2026"}, {"author_id": 25398204, "id": 1494715897835102215, "text": "RT @HoustonChron: Railroad Commission candidate Sarah Stogner says she has no regrets about posting a five-second clip of herself semi-nude\u2026"}, {"author_id": 8940342, "id": 1494714599618199552, "text": "Railroad Commission candidate Sarah Stogner says she has no regrets about posting a five-second clip of herself semi-nude atop a pump jack, insisting that while the video was a joke, her candidacy for Railroad Commission is not. https://t.co/UwtReFJ7O9"}, {"author_id": 28131891, "id": 1494712991891083264, "text": "RT @joiedevivre9: I ordered Jack Gilbert's COLLECTED POEMS today after listening to @holdengraber's conversation w/ @sarahmbroom. They disc\u2026"}, {"author_id": 976663422803693570, "id": 1494710827248726022, "text": "RT @MotCityComicCon: It's a #SUPERMAN LEGACY REUNION at Motor City Comic Con 2022!\n\nMeet MARC MCCLURE, SARAH DOUGLAS, JACK O\u2019HALLORAN, AARO\u2026"}, {"author_id": 1264236569273212932, "id": 1494706180886863872, "text": "@Sarah_Katilyn I'm pretty sure 'Jack Reacher' is a documentary. New season of 'Mrs. Maisel' also, as of today."}, {"author_id": 18173107, "id": 1494697659126460418, "text": "\u201cThis election is literally one that will have life-and-death consequences.\u201d So far \u27a1\ufe0f The incumbent took a questionable $100k contribution, one candidate died, one straddled a pump jack semi nude, two more are pro-oil conservative and one is a Democrat. https://t.co/KrdwVSiwrn"}, {"author_id": 1450255554417471489, "id": 1494696795913523203, "text": "RT @MotCityComicCon: It's a #SUPERMAN LEGACY REUNION at Motor City Comic Con 2022!\n\nMeet MARC MCCLURE, SARAH DOUGLAS, JACK O\u2019HALLORAN, AARO\u2026"}, {"author_id": 73003960, "id": 1494695104745021448, "text": "RT @HoustonChron: Railroad Commission candidate Sarah Stogner says she has no regrets about posting a five-second clip of herself semi-nude\u2026"}, {"author_id": 568376512, "id": 1494688719869202435, "text": "RT @HoustonChron: Railroad Commission candidate Sarah Stogner says she has no regrets about posting a five-second clip of herself semi-nude\u2026"}, {"author_id": 2283822574, "id": 1494687069192474632, "text": "RT @HoustonChron: Railroad Commission candidate Sarah Stogner says she has no regrets about posting a five-second clip of herself semi-nude\u2026"}, {"author_id": 277320115, "id": 1494685725190770691, "text": "RT @MotCityComicCon: It's a #SUPERMAN LEGACY REUNION at Motor City Comic Con 2022!\n\nMeet MARC MCCLURE, SARAH DOUGLAS, JACK O\u2019HALLORAN, AARO\u2026"}, {"author_id": 160263214, "id": 1494676267525980165, "text": "RT @MotCityComicCon: It's a #SUPERMAN LEGACY REUNION at Motor City Comic Con 2022!\n\nMeet MARC MCCLURE, SARAH DOUGLAS, JACK O\u2019HALLORAN, AARO\u2026"}, {"author_id": 266017395, "id": 1494668865346969607, "text": "It's a #SUPERMAN LEGACY REUNION at Motor City Comic Con 2022!\n\nMeet MARC MCCLURE, SARAH DOUGLAS, JACK O\u2019HALLORAN, AARON SMOLINKSI, MARK PILLOW, MARIEL HEMINGWAY, Robert Venditti and Wilfredo Torres will all be at #MC3 2022!\n\nTickets are on sale now at https://t.co/HvNyCdAoMl https://t.co/fs1I8l9ad2"}, {"author_id": 1486089631775047680, "id": 1494666973803958277, "text": "RT @pcvlscn: sarah moots can one of you find sarah\u2019s impression of neve campbell from jack &amp; jill pleek"}, {"author_id": 1475070157408120852, "id": 1494658139148410880, "text": "@cptnfcrtune / damn that sounds good. And yes Jack would treat Sarah all night long."}, {"author_id": 3068686848, "id": 1494657907635494913, "text": "#DAYS Spoilers Week of February 28th\nFri, Mar 4, 2022\nAbigail is reunited with Jack and Jennifer.\nChad demands Ava give up the name of her accomplice.\nTony and Anna disagree on how to handle their unexpected problem.\nJack tells Xander that the real Sarah is home."}]