[{"author_id": 1197608012845846533, "id": 1495283388961497091, "text": "@ThatOneRWBYfan Ayo @OfficialRWBY @RoosterTeeth \n\nJade this is an amazing jacket"}, {"author_id": 1015397805886541824, "id": 1495283297974247425, "text": "Forgot to give a shoutout to Mr. Fong from Po Kong Buddhist Supplies (\u5bf6\u5149\u4f5b\u5177) on Keefer Street who helped me pick out this lucky jade amulet for a family member!\ud83d\ude4f\n\n#ChinatownYVR\n#LunarNewYear #YearOfTheTiger https://t.co/aGVE4wTdUw https://t.co/Af5tCFZxGG"}]