[{"author_id": 56810439, "id": 1494830490464964609, "text": "@Omi2you @ladbible Jean de Florette first pls, masterpieces"}, {"author_id": 1165588457990828032, "id": 1494636897213296640, "text": "@fliceverett Jean de Florette/Manon des Sources\nThe Exorcist\nCinema Paradiso\nA Matter of Life and Death\nKind Hearts and Coronets."}, {"author_id": 1464187474922684419, "id": 1494632680150994956, "text": "@PreachyPreach From Verdi to Stella Artois by way of Claude Berri's Jean de Florette."}, {"author_id": 2310210548, "id": 1494419282125598720, "text": "@ladbible Absolutely essential; Jean de Florette, followed by Manon."}, {"author_id": 738199410333474818, "id": 1494311064472805378, "text": "The November Man (2014) meets Jean de Florette (1986)"}, {"author_id": 1386560678, "id": 1494168027843031040, "text": "@cobie Jean de Florette and Manon des Sources.\nAlso Cinema Paradiso.\nAll brilliant. You need to be OK with subtitles unless you are fluent in French and Italian."}, {"author_id": 398306848, "id": 1493933522834362368, "text": "@Wulf_Helm how could anyone resist that invitation impossible to pick one so Third Man, Good the Bad and the Ugly, Jean de Florette"}, {"author_id": 221868109, "id": 1493727484826857473, "text": "No. 22. Jean de Florette (1986). IMDB rating 8. Starring G\u00e9rard Depardieu, Yves Montand &amp; Daniel Auteuil. Two local farmers plot to trick a newcomer (Depardieu) out of his newly inherited property by denying &amp; preventing him from obtaining water to grow his flowers. Fantastique! https://t.co/feNEAWYRWN"}, {"author_id": 14860626, "id": 1493261254596513795, "text": "@longpauses What's on the program? My first thoughts are SPIRIT OF THE BEEHIVE, JEAN DE FLORETTE, THE GLEANERS &amp; I, MUNYURANGABO."}, {"author_id": 14339412, "id": 1493191919412854786, "text": "@TheCinesthetic I would go with the ending to incredible \u201cJean de Florette\u201d. It stands as a stark reminder that often your own neighbors in your own town are selfish and heartless and cruel and compassionless and proud of it. Resonates clear through today. https://t.co/Nivq8qzyx4"}, {"author_id": 18363543, "id": 1492975525295542277, "text": "@PolkaDotRob Careful now, Jean de Florette."}, {"author_id": 267872975, "id": 1492952844974100481, "text": "@LemSip27 maybe sudden realisation of value of property ..  ironic really..think Mauriac, Noeud de Viperes, think Pagnol .. Jean de Florette and so many more.. country French astute, heartbreaking for old farming families when thr kids left for city. villages emptied."}, {"author_id": 2301922045, "id": 1492907680343728136, "text": "@JoffeBooks Jean de Florette - it broke my heart!"}, {"author_id": 1271000238724128773, "id": 1492853731297267723, "text": "@TheCinemaTicket Jean de Florette, Manon des sources, Life is beautiful, Nikita, M, Ran to name but a few\u2026"}, {"author_id": 752559084881211392, "id": 1492827625043251203, "text": "RT @LansdellMum: @TheCinemaTicket Jean de Florette\nManon de Source\n\u00c0 Bout de Souffle\nDownfall\nLet The Right One In\nDas Boot\nKwaidan.  I cou\u2026"}]