[{"author_id": 582124608, "id": 1495248781067051011, "text": "RT @HedyKalikoff: @JohnathanPerk Also, Jefferson brought Sally Hemings to Paris where, in the 1780s, she was legally free. She didn't want\u2026"}, {"author_id": 4299330797, "id": 1495239837603008514, "text": "@Winter8905 @RobbiHolla @freekev22 @JohnathanPerk Fine, judge it by the morals of the day. The abuse began in Paris, where slavery was illegal, as it was in most developed nations. \n\nBetter yet, judge it by Jefferson's own words to Congress on the slave trade. 2/"}, {"author_id": 106014536, "id": 1495208747987349515, "text": "@JohnathanPerk staying in Paris because they were not enslaved in France/the country didn\u2019t recognize slavery laws. They could have &amp; considered petitioning the government to stay in France; both spoke French at that point &amp; they were paid wages by Jefferson.\n\nSource: Annette Gordon-Reed"}, {"author_id": 106014536, "id": 1495208160587571201, "text": "@JohnathanPerk Sally in her place. This horrified Abigail Adams who met them in London &amp; outfitted both girls before sending them on to Paris. Sally\u2019s brother was working as a chef &amp; Jefferson was having him trained in France &amp; she convinced him to let her stay. She &amp; her brother considered"}, {"author_id": 758461860379230209, "id": 1495202028846567424, "text": "@andrewcockerpoo @JohnathanPerk From what I have read, she knew she was free while in Paris, and had declared her intention of remaining there when Jefferson want back to the States.  He told her he would free her if she came back, and she fell for it.  He of course reneged.  Faithless bastard."}, {"author_id": 506033683, "id": 1495201607532924935, "text": "There's no record whatsoever of Sally Hemings having a child at 16 in 1789, when she came back from Paris. There is no DNA link between Jefferson and Thomas Woodson, who claimed to be that child."}, {"author_id": 609032396, "id": 1495190372519235586, "text": "@JohnathanPerk The Jefferson Estate says I\u2019m right: \u201cWhile in France, Hemings was also legally free. In Paris, Hemings was reunited with her older brother James whom Jefferson brought with him 2 years earlier. They lived at Jefferson's residence the H\u00f4tel de Langeac.\u201dhttps://t.co/QiZVDlQjbi."}, {"author_id": 1255362827516284930, "id": 1495189826362298373, "text": "@FlamelilyJoy She wasn\u2019t 14. She was 16. And in France she wasn\u2019t a slave. If people want to demonize Jefferson why do they always insist on exaggerating the age difference and ignoring the legal reality they lived under in Paris"}, {"author_id": 176233823, "id": 1495189186567094272, "text": "I forgot she was only 14.  I know movies regularly cast adults to play teenagers, but maybe Jefferson In Paris did us all a disservice by casting someone nearly a decade older.  (Among other more complex thoughts) https://t.co/BpS6CWjKqD"}, {"author_id": 609032396, "id": 1495185475258224644, "text": "@HomageStyle @Nlcbio1 @JohnathanPerk \u201cWhile in France, Hemings was also legally free. In Paris, Hemings was reunited with her older brother James, whom Jefferson had brought with him two years earlier to study French cooking. They lived at Jefferson's residence, the H\u00f4tel de Langeac.\u201d https://t.co/QiZVDlQjbi"}, {"author_id": 609032396, "id": 1495184585839284230, "text": "@yvonnemmoss @JohnathanPerk \u201cWhile in France, Hemings was also legally free. In Paris, Hemings was reunited with her older brother James, whom Jefferson had brought with him two years earlier to study French cooking. They lived at Jefferson's residence, the H\u00f4tel de Langeac.\u201d https://t.co/QiZVDlQjbi."}, {"author_id": 609032396, "id": 1495156381485256704, "text": "@JohnathanPerk @HomageStyle @Nlcbio1 Third source: 3) \u201cJefferson\u2019s Home in Paris.\u201d Jefferson in Paris \u2013 1784-1789: Ambassador before the Revolution. N.p., n.d. Web. 13 Sept. 2010. \u00a0https://t.co/flOOf4aojD\u200cparisinjeffersonseyes/\u200cparisintjseyespg2.html."}, {"author_id": 828018676548792320, "id": 1495145173604524033, "text": "If that was 100% true, why would he have taken her to Paris with him , while he was Ambassador! You do know that Sally was the Half Sister of Jefferson\u2019s late wife and looked and acted very similarly ! He also provided for their children in his will !! Get details before condemn. https://t.co/uMP3rcpemz"}, {"author_id": 1293583721480822785, "id": 1495115982787985421, "text": "@JohnathanPerk @ScottAdamsSays Little of that is true. At age 14 she was free and living in Paris with the Jefferson family. At age 16 Hemings voluntarily returned to the US to be with Thomas Jefferson at Monticello where the age of consent was 12.\n\nhttps://t.co/FZcGCRFvja"}, {"author_id": 1087950846, "id": 1495115469946335233, "text": "Jefferson used engraved coordinate paper he purchased in Paris to draw many of his plans for Monticello."}, {"author_id": 32635511, "id": 1495111213126197250, "text": "@funchefchick @andrewcockerpoo @doggrage_chris @KelleneJT @JohnathanPerk Unfortunately I did waste my time reading it. My favorite line is  \u201cJefferson decided to keep Sally in Paris mainly due to the relationship she had with Polly.\u201d"}, {"author_id": 1146825967, "id": 1495109981598748673, "text": "@andrewcockerpoo @AlisaSATX @doggrage_chris @KelleneJT @JohnathanPerk That article is not a scholarly work about Hemmings, Jefferson, slavery, genealogy.. . .it is literally a brief snapshot of \u201cfamous Americans who were ever in Paris\u201d, from 2011.\n\nThat is hardly a definitive research document.  \n\nhttps://t.co/q1cOSMOOxF"}, {"author_id": 4871988658, "id": 1495108536380305408, "text": "@JohnathanPerk Also, Jefferson brought Sally Hemings to Paris where, in the 1780s, she was legally free. She didn't want to return to the US. but she was forced to go back. She was 16 at the time. See \"The Hemingses of Monticello,\" Annette Gordon-Reed.@agordonreed. Also, https://t.co/TGFwQj5ic6"}, {"author_id": 609032396, "id": 1495099601128411136, "text": "@ShadyShein202 @JohnathanPerk She spoke, read, and wrote French and her brother was there in France with her. She was a French maid and he was a French chef. Jefferson even paid them wages in France. You might find this interesting: https://t.co/074RYReRCH"}, {"author_id": 16135933, "id": 1495096519166472197, "text": "@andrewcockerpoo @Max43295064 @JohnathanPerk I\u2019m an Eppes descendant. Polly and Lucy lived with the Eppes when Jefferson first went to Paris. Lucy died and Jefferson sent for Polly. She didn\u2019t want to leave because she\u2019d fallen in love with her first cousin. They married when she and Jefferson returned from France."}, {"author_id": 319931473, "id": 1495084521888251907, "text": "@JohnathanPerk @ScottAdamsSays Sally\u2019s children were freed by Jefferson\u2019s will, some accounts say it was her negotiating in Paris that secured the promise"}, {"author_id": 45760147, "id": 1495080244776091648, "text": "@ingloriousgigi It's called shifting the goalposts.\n\nThey went from \"that's a lie\" to \"it was a Jefferson relative\" to \"okay he did it but it was a forbidden love.\"\n\nMovies like Jefferson in Paris definitely helped perpetuate that last narrative."}, {"author_id": 1474423550182367244, "id": 1495077796296671236, "text": "Amy needs a Ladies night in Paris and they hit The Jefferson and we hit Vikings Ship."}, {"author_id": 1474423550182367244, "id": 1495068624125677575, "text": "Amy needs some Girls nights out in Paris.  Hens meet with her at Jefferson men and I Vikings Ship.  We own 10151 ask our Lawyer crimes were committed against us."}, {"author_id": 1027533634725531649, "id": 1495007533651562497, "text": "@_ashawndabney Hell yes. Everyone should know that Jefferson was a pedophile child rapist. He was 44 and she was 14 in Paris. Sick F\u00a5\u20ackin Bastard."}, {"author_id": 1225644610845728768, "id": 1494883980637708291, "text": "@JohnathanPerk Jefferson in Paris...ugh."}, {"author_id": 946595410793164805, "id": 1494782768341000196, "text": "RT @ISASaxonists: Americans. Jefferson was impressed by Banneker\u2019s work &amp; even sent a copy of his almanac to the Royal Academy of Sciences\u2026"}, {"author_id": 148751465, "id": 1494636051436085248, "text": "Thomas Jefferson : CLIMATE AND AMERICAN CHARACTER \n\nLetter To Chastellux Paris , Sep. 2 , 1785 \n\n\u201cIn the South they are\u2026 zealous for their own liberties, but trampling on those of others.\u201d \n.\nIt was obvious to TJ: a republican form of government was going to turn to OLIGARCHY https://t.co/wXEE7m0X3r"}, {"author_id": 45760147, "id": 1494132932696367105, "text": "@anastasjoy @PriscillaBowman What made it funny is my classmates basically gathered by my locker because they wanted to know all the details about Hemings. At that time I didn't know she was only 14 years old, and subsequent films like Jefferson in Paris depicted her as a young woman. Even with my parents"}, {"author_id": 851939171010846720, "id": 1493636932856958986, "text": "Jefferson was hanging out with these guys smoking weed in the back alleys of Paris."}, {"author_id": 851939171010846720, "id": 1493214146489470976, "text": "Jefferson was hanging out with these guys smoking weed in the back alleys of Paris."}, {"author_id": 1164661395591294976, "id": 1492959398418911234, "text": "when it was still the nation's capital\n.\nIn 1765, Hemings was born as a mixed-race slave owned by Thomas Jefferson\n.\nHemings, who was originally a valet for the Jefferson family, trained in culinary arts in Paris, France where he also excelled in mastering the French language\n."}, {"author_id": 1267426438023692289, "id": 1492888598777053192, "text": "Thomas Jefferson's coming home, lord he's been away off in Paris for so long"}, {"author_id": 1421885203316871168, "id": 1492834965784084483, "text": "Isnt it kinda dumb that The Continental Army was disbanded after the Treaty of Paris in 1783?\nWashington should have stayed out of politics all together and, instead, kept leading, developing, growing the army and a navy too.  Jefferson would have been a neat first potus"}]