[{"author_id": 67462463, "id": 1495283516422057984, "text": "RT @disclosetv: JUST IN - Jean-Luc Brunel, the former model scout who's been accused of trafficking underage girls to Jeffrey #Epstein, \"fo\u2026"}, {"author_id": 2640729706, "id": 1495283480019841027, "text": "RT @ImSpeaking13: One of Jeffrey Epstein\u2019s associates, Jean-Luc Brunel, who gathered children for Jeffrey to molest, has also been found de\u2026"}, {"author_id": 382497127, "id": 1495283467663208449, "text": "RT @BNONews: BREAKING: French modeling agent Jean-Luc Brunel, who worked with Jeffrey Epstein, found dead in his cell in apparent suicide"}, {"author_id": 4631441897, "id": 1495283433039437824, "text": "RT @JackPosobiec: Jeffrey Epstein's top European lieutenant was just found hung in his jail cell in Paris"}, {"author_id": 306836984, "id": 1495283424113922052, "text": "RT @BreitbartLondon: Jean-Luc Brunel, the French modeling agent accused of procuring over 1,000 women and girls for Jeffrey Epstein, was di\u2026"}, {"author_id": 501400370, "id": 1495283400793493505, "text": "RT @ABC30: Prosecutors say Jean-Luc Brunel, a modeling agent who was close to disgraced financier Jeffrey Epstein, was found dead in his Fr\u2026"}, {"author_id": 958671884413034501, "id": 1495283399195787267, "text": "RT @nazirafzal: Jean-Luc Brunel has \u201ccommitted suicide\u201d \n\nHe was accused of procuring young girls for Jeffrey Epstein to abuse\n\nFriend of G\u2026"}, {"author_id": 1108495540495372288, "id": 1495283322972344320, "text": "RT @Likeshesays: Jeffrey Epstein's pimp, Jean-Luc Brunel 'hangs himself alone in Paris jail' with no CCTV(these cameras are never working\ud83d\ude0f)\u2026"}, {"author_id": 1084500511, "id": 1495283317939347457, "text": "RT @tariqnasheed: #Damn \n\nJeffrey Epstein associate Jean-Luc Brunel found dead in cell https://t.co/gJHG1AoMnu"}, {"author_id": 1213646996940017666, "id": 1495283308959309825, "text": "RT @newsmax: The family of convicted sex trafficker Ghislaine Maxwell is afraid for her safety in prison after another associate of the lat\u2026"}, {"author_id": 32469012, "id": 1495283296976060416, "text": "RT @Independent: BREAKING: Jeffrey Epstein associate Jean Luc-Brunel found dead in cell https://t.co/QJeYHoPjoo"}, {"author_id": 3063905759, "id": 1495283262134042625, "text": "RT @GreatRegretCA: @LokieDokie70 @OttawaPolice Jeffrey Prather illuminated at the time of the US election, if America went kinetic in a civ\u2026"}, {"author_id": 1432919429831020552, "id": 1495283222824906752, "text": "RT @PaulCogan: Jeffrey Epstein introduced me to Trump at 14, Ghislaine Maxwell accuser says\nhttps://t.co/ASpqcJUc5q"}, {"author_id": 741747198107357184, "id": 1495283200712581122, "text": "RT @nytimes: Jean-Luc Brunel, a former French modeling agent who had been charged with the rape of minors and was suspected of scouting you\u2026"}, {"author_id": 2988949910, "id": 1495283197994745860, "text": "RT @reallygraceful: Nothing to see here. Just a coincidence. \n\nJeffrey Epstein associate Jean Luc Brunel found dead in cell:\n\nhttps://t.co/\u2026"}, {"author_id": 1438617039934038016, "id": 1495283187462946823, "text": "Don't nobody give a fuck about this Jeffrey epstein nigga"}, {"author_id": 139130531, "id": 1495283112946946053, "text": "French modeling agent Jean-Luc Brunel found dead in prison cell\nhttps://t.co/oVCaQQlqbZ"}, {"author_id": 159297427, "id": 1495283098157830149, "text": "RT @TheRickyDavila: Serial pedophile child sex trafficker Jeffrey Epstein\u2019s friend and associate French modeling agent Jean-Luc Brunel has\u2026"}, {"author_id": 193207588, "id": 1495283090498932736, "text": "Jeffrey Epstein associate, Jean-Luc Brunel, found dead in French prison\u00a0cell https://t.co/hph49zRIX6"}, {"author_id": 820491115, "id": 1495283080411725825, "text": "RT @JackPosobiec: Jeffrey Epstein's top European lieutenant was just found hung in his jail cell in Paris"}, {"author_id": 703303827047329792, "id": 1495283063462535172, "text": "RT @BBCWorld: Jeffrey Epstein associate and French modelling agent Jean-Luc Brunel found dead in jail https://t.co/qooArHn0T6"}, {"author_id": 1036276542, "id": 1495283063122628609, "text": "RT @jkbjournalist: BREAKING: Jean-Luc Brunel, a modeling agent accused of conspiring with Jeffrey Epstein to traffic minors, found dead in\u2026"}, {"author_id": 174987132, "id": 1495283056784990210, "text": "RT @jkbjournalist: ICYMI: Jean-Luc Brunel, agent who allegedly procured girls for Jeffrey Epstein, found hanging in Paris jail cell. Who wa\u2026"}, {"author_id": 2245993339, "id": 1495283053379215364, "text": "Sounds like Clinton Inc or maybe the Queen sent 007...\nhttps://t.co/5DObj4d1O8"}, {"author_id": 307903559, "id": 1495283035646066693, "text": "RT @JennaEllisEsq: Jeffrey Epstein Associate Dies Of Apparent Suicide In Prison\nhttps://t.co/IItXVsohCN"}, {"author_id": 403647413, "id": 1495283027970252801, "text": "RT @TheInsiderPaper: BREAKING \ud83d\udea8 Video cameras in cell where Jeffrey Epstein's friend Jean-Luc Brunel was found 'hanging' reportedly not run\u2026"}, {"author_id": 1269770909109420032, "id": 1495282981560274945, "text": "RT @disclosetv: JUST IN - Jean-Luc Brunel, the former model scout who's been accused of trafficking underage girls to Jeffrey #Epstein, \"fo\u2026"}, {"author_id": 49255664, "id": 1495282941957746690, "text": "RT @TheInsiderPaper: BREAKING \ud83d\udea8 Video cameras in cell where Jeffrey Epstein's friend Jean-Luc Brunel was found 'hanging' reportedly not run\u2026"}, {"author_id": 1475093473, "id": 1495282936706392064, "text": "RT @DJTTracker: BREAKING: Jeffrey Epstein\u2019s close associate and French modeling agent, Jean-Luc Brunel, found dead in prison today in an ap\u2026"}, {"author_id": 259825843, "id": 1495282897372299265, "text": "Jeffrey Epstein associate Jean Luc Brunel found dead in cell \n\nClinton body bag delivered"}, {"author_id": 32352155, "id": 1495282888220282880, "text": "RT @ChrisPalombi: So those who donated to the Trucker Convoy are being doxed, bank accounts frozen, even harassed by some in the media, but\u2026"}, {"author_id": 1491021178651045888, "id": 1495282849561264129, "text": "RT @TheInsiderPaper: BREAKING \ud83d\udea8 Video cameras in cell where Jeffrey Epstein's friend Jean-Luc Brunel was found 'hanging' reportedly not run\u2026"}, {"author_id": 772770607217991680, "id": 1495282848785477639, "text": "RT @JennaEllisEsq: Jeffrey Epstein Associate Dies Of Apparent Suicide In Prison\nhttps://t.co/IItXVsohCN"}, {"author_id": 1414673734816907266, "id": 1495282824206815233, "text": "@20pcLP Boy Jeffrey with them DICKS!"}, {"author_id": 1132351812881788929, "id": 1495282812085227520, "text": "RT @TheUSASingers: Here\u2019s greasy ol\u2019 skunkface traitor Cancun Cruz causally making cringe jokes about a former First Lady &amp; Secretary of St\u2026"}, {"author_id": 489564703, "id": 1495282795161309185, "text": "RT @TheInsiderPaper: BREAKING \ud83d\udea8 Video cameras in cell where Jeffrey Epstein's friend Jean-Luc Brunel was found 'hanging' reportedly not run\u2026"}, {"author_id": 320034240, "id": 1495282771379564544, "text": "@jeffarhodes That\u2019s fucked, Jeffrey."}, {"author_id": 3177468758, "id": 1495282731269476352, "text": "RT @tariqnasheed: #Damn \n\nJeffrey Epstein associate Jean-Luc Brunel found dead in cell https://t.co/gJHG1AoMnu"}, {"author_id": 463263884, "id": 1495282714672521216, "text": "Mainstream media \u2026 Distracting the world with the \u201cUkranian threat\u201d \ud83d\ude44 \n\nMeanwhile Jeffrey Epsteins friends are found hanging in jail cells &amp; @JustinTrudeau is waging war on his own people. Interesting \ud83e\udd28"}, {"author_id": 1430302812, "id": 1495282696439746570, "text": "RT @WIONews: A former close associate of #JeffreyEpstein has been found dead in his Paris prison cell. Jean-Luc Brunel, in his mid-70s, was\u2026"}, {"author_id": 173509017, "id": 1495282664307593216, "text": "RT @Independent: BREAKING: Jeffrey Epstein associate Jean Luc-Brunel found dead in cell https://t.co/QJeYHoPjoo"}, {"author_id": 1473278650963353607, "id": 1495282651112034307, "text": "RT @TheInsiderPaper: BREAKING \ud83d\udea8 Video cameras in cell where Jeffrey Epstein's friend Jean-Luc Brunel was found 'hanging' reportedly not run\u2026"}, {"author_id": 1269770909109420032, "id": 1495282643629481984, "text": "RT @JackPosobiec: Jeffrey Epstein's top European lieutenant was just found hung in his jail cell in Paris"}, {"author_id": 30670965, "id": 1495282605490642945, "text": "RT @MailOnline: Jeffrey Epstein's friend Jean-Luc Brunel found dead in prison 'suicide' https://t.co/PrtM0ClSAT https://t.co/D5Z4Uc8T3E"}, {"author_id": 41714171, "id": 1495282532132265990, "text": "@nypost And no one killed Jeffrey Epstein\u2026 or the French guy \u2026 or in the future Ghiselle Maxwell or me"}, {"author_id": 1324036147794817026, "id": 1495282513966768130, "text": "RT @disclosetv: JUST IN - Jean-Luc Brunel, the former model scout who's been accused of trafficking underage girls to Jeffrey #Epstein, \"fo\u2026"}, {"author_id": 811273258997645312, "id": 1495282487907475460, "text": "RT @TheUSASingers: Here\u2019s greasy ol\u2019 skunkface traitor Cancun Cruz causally making cringe jokes about a former First Lady &amp; Secretary of St\u2026"}, {"author_id": 1067819947781431299, "id": 1495282459969208323, "text": "RT @BBCWorld: Jeffrey Epstein associate and French modelling agent Jean-Luc Brunel found dead in jail https://t.co/qooArHn0T6"}, {"author_id": 77922891, "id": 1495282446144733186, "text": "RT @scobie: Virginia Giuffre on the suicide of model agency boss Jean-Luc Brunel, who was being held on suspicion of supplying underage gir\u2026"}, {"author_id": 1483091021374316550, "id": 1495282410723946497, "text": "Jeffrey Toobin, Jeffrey Toobin zoom, Jeffrey Toobin Leaked Video, Jeffrey Toobin video, Jeffrey Toobin zoom video clip, Jeffrey Toobin zoom video link, Jeffrey Toobin full zoom video leaked\nhttps://t.co/WllJInLmFZ https://t.co/F4FJDPHFJ3"}, {"author_id": 4847027440, "id": 1495282394596847616, "text": "RT @TheInsiderPaper: BREAKING \ud83d\udea8 Video cameras in cell where Jeffrey Epstein's friend Jean-Luc Brunel was found 'hanging' reportedly not run\u2026"}, {"author_id": 77922891, "id": 1495282392537329665, "text": "RT @jkbjournalist: Jean-Luc Brunel, held on suspicion of supplying girls to Epstein, found hanged | Jeffrey Epstein | The Guardian https://\u2026"}, {"author_id": 1493409644382863360, "id": 1495282385444691970, "text": "RT @TheUSASingers: Here\u2019s greasy ol\u2019 skunkface traitor Cancun Cruz causally making cringe jokes about a former First Lady &amp; Secretary of St\u2026"}, {"author_id": 259534390, "id": 1495282329866043393, "text": "RT @TheUSASingers: Here\u2019s greasy ol\u2019 skunkface traitor Cancun Cruz causally making cringe jokes about a former First Lady &amp; Secretary of St\u2026"}, {"author_id": 1342401672, "id": 1495282316943544322, "text": "RT @TheUSASingers: Here\u2019s greasy ol\u2019 skunkface traitor Cancun Cruz causally making cringe jokes about a former First Lady &amp; Secretary of St\u2026"}, {"author_id": 1483091021374316550, "id": 1495282300430467072, "text": "Jeffrey Toobin, Jeffrey Toobin zoom, Jeffrey Toobin Leaked Video, Jeffrey Toobin video, Jeffrey Toobin zoom video clip, Jeffrey Toobin zoom video link, Jeffrey Toobin full zoom video leaked here \ud83d\udd25\ud83d\udd87\ufe0f\nhttps://t.co/HLhilCTBWD"}, {"author_id": 1031585441315803137, "id": 1495282286861901829, "text": "Ghislaine Maxwell's brother said her family is afraid for her safety after a Jeffrey Epstein associate was found dead in jail https://t.co/swfZ9VdIom"}, {"author_id": 113718554, "id": 1495282274564288518, "text": "A modeling agent who was close to disgraced U.S. financier Jeffrey Epstein was found dead Saturday in his French jail cell. \n\nhttps://t.co/OYa962Wwpt"}, {"author_id": 1319252055819718656, "id": 1495282272769130496, "text": "RT @Independent: BREAKING: Jeffrey Epstein associate Jean Luc-Brunel found dead in cell https://t.co/QJeYHoPjoo"}, {"author_id": 1397193451624615939, "id": 1495282240439431169, "text": "RT @tariqnasheed: #Damn \n\nJeffrey Epstein associate Jean-Luc Brunel found dead in cell https://t.co/gJHG1AoMnu"}, {"author_id": 81148474, "id": 1495282221531414528, "text": "RT @ChrisPalombi: So those who donated to the Trucker Convoy are being doxed, bank accounts frozen, even harassed by some in the media, but\u2026"}, {"author_id": 802401802901540864, "id": 1495282205161046018, "text": "RT @TheInsiderPaper: BREAKING \ud83d\udea8 Video cameras in cell where Jeffrey Epstein's friend Jean-Luc Brunel was found 'hanging' reportedly not run\u2026"}, {"author_id": 77922891, "id": 1495282202715688967, "text": "RT @BBCWorld: Jeffrey Epstein associate and French modelling agent Jean-Luc Brunel found dead in jail https://t.co/qooArHn0T6"}, {"author_id": 841099341049786368, "id": 1495282198118866945, "text": "RT @UncvrngTheTruth: Why was Rupert Murdoch listen in Jeffrey Epstein's black book?"}, {"author_id": 1070228247072387072, "id": 1495282194209775616, "text": "@Macheda_Jeffrey \ud83d\ude02\ud83d\ude02 sorry I was sleep texting"}, {"author_id": 1332987679122702336, "id": 1495282176870338560, "text": "RT @Cricketracker: Australi is playing with same XI and Kamil Mishara, Janith Liyanage and Praveen Jayawickrama replace Danushka Gunathilak\u2026"}, {"author_id": 243982229, "id": 1495282176853749760, "text": "RT @TrueAnonPod: Jean-Luc Brunel, notorious rapist and modeling agent who was in Epstein\u2019s inner circle, found hanging dead in his cell in\u2026"}, {"author_id": 837945140966719488, "id": 1495282098856472581, "text": "RT @profsked: Jeffrey Epstein\u2019s associate Jean-Luc Brunel has been found hanged in his cell in Paris. He was being held for raping and traf\u2026"}, {"author_id": 2528899234, "id": 1495282088383324160, "text": "RT @SaycheeseDGTL: Jeffrey Epstein\u2019s close friend Jean Luc-Brunel was found dead in cell last night. He was accused of soliciting underage\u2026"}, {"author_id": 339913534, "id": 1495282059752976385, "text": "RT @JackPosobiec: Jeffrey Epstein's top European lieutenant was just found hung in his jail cell in Paris"}, {"author_id": 717544867652460544, "id": 1495281957709627392, "text": "RT @ZevShalev: WATCH LIVE: \"Secret Life of Jeffrey Epstein\" The $16M settlement deal between Prince Andrew and his accuser Virginia Guiffre\u2026"}, {"author_id": 1409528086564065296, "id": 1495281949383999489, "text": "Jeffrey Toobin, Jeffrey Toobin zoom, Jeffrey Toobin Leaked Video, Jeffrey Toobin video, Jeffrey Toobin zoom video clip, Jeffrey Toobin zoom video link, Jeffrey Toobin full zoom video leaked\nhttps://t.co/1CmRm2rgKj https://t.co/RmrZYeu4zb"}, {"author_id": 1374979036137447428, "id": 1495281891288940551, "text": "RT @JackPosobiec: Jeffrey Epstein's top European lieutenant was just found hung in his jail cell in Paris"}, {"author_id": 1424165535541911553, "id": 1495281860317827072, "text": "RT @_TechJess: Oh look a Jeffrey Epstein associate found dead in his jail cell \ud83e\udd14"}, {"author_id": 1455222723714686976, "id": 1495281853632331777, "text": "RT @TheInsiderPaper: BREAKING \ud83d\udea8 Video cameras in cell where Jeffrey Epstein's friend Jean-Luc Brunel was found 'hanging' reportedly not run\u2026"}, {"author_id": 832616065259614209, "id": 1495281844107030532, "text": "Here\u2019s greasy ol\u2019 skunkface traitor Cancun Cruz causally making cringe jokes about a former First Lady &amp; Secretary of State having something to do with Jeffrey Epstein\u2019s teen wrangler Jean Luc-Brunel getting epsteined in his jail cell.\n\nYou\u2019re a real class act Teddy Boy. https://t.co/xfm3egBvdb"}, {"author_id": 112652653, "id": 1495281841091354627, "text": "RT @Independent: BREAKING: Jeffrey Epstein associate Jean Luc-Brunel found dead in cell https://t.co/QJeYHoPjoo"}, {"author_id": 1321584747454230528, "id": 1495281752562012167, "text": "RT @MarlonEttinger: Jean-Luc Brunel, the modeling agent who was accused of procuring girl for Jeffrey Epstein, and the close friend of conv\u2026"}, {"author_id": 1077444631, "id": 1495281737039065091, "text": "RT @Orwells_Ghost_: Jean-Luc Brunel Who Allegedly Procured More Than 1000 Women &amp; Girls For Jeffrey Epstein...\n\nDies In Prison From 'Suicid\u2026"}, {"author_id": 1271086077391110148, "id": 1495281724221231106, "text": "RT @OccupyDemocrats: BREAKING NEWS: A modeling agent who procured \u201cthousands\u201d of underaged girls for Jeffrey Epstein, and possibly Trump, i\u2026"}, {"author_id": 906848672620711936, "id": 1495281644726587401, "text": "Jeffrey Toobin zoom video clip \u2013 Jeffrey Toobin zoom video\u00a0call https://t.co/tn7jdfKN99"}, {"author_id": 1414673734816907266, "id": 1495281585377185794, "text": "Man and the whole cast can act like a mf. The new Jeffrey &gt;&gt;&gt;&gt;&gt;&gt;&gt;&gt; https://t.co/kXERAw0xg2"}]