[{"author_id": 1089710815597547520, "id": 1495238506049851405, "text": "#SNL Scandal: #Horatio #Sanz \u2018Grooming\u2019 #Accuser #Speaks Out, #Demands #Jimmy #Fallon #Reveal What He #mJmNews https://t.co/OSXzDB3Mfr #celebrity #entertainment #favoritestars #grooming #hollywood #knew #mjmnews #mjmnewstoday #scandal"}, {"author_id": 1487784855148666883, "id": 1495233349236965384, "text": "@TomfromFL @UberFacts @Tfed_10 @jimmykimmel Jimmy didn't visit there himself, but he sent Guillermo to have a sign put up that looks like the Hollywood sign.\n\nhttps://t.co/IL6BKlnAP4"}, {"author_id": 310427784, "id": 1495226770030800899, "text": "Jimmy Dore used to be a lib in the 'Hollywood liberal' sense of the word. Now he's...whatever this is. Just an unserious person. https://t.co/IGPYX4EnKo"}, {"author_id": 572424149, "id": 1495216043031425026, "text": "@irihapeta @dritchie @faiako @AsherGoldman @paulbrislen @parsley72 If it's Hollywood I'll end up a white guy. Or Jimmy O. Yang including accent."}, {"author_id": 336258355, "id": 1495188618327044102, "text": "Jimmy Fallon next to be involved in some weird paedo sex cult - odds on with the bookies - save this tweet - his eyes move far too shifty for him not to be prince of the Hollywood paedos"}, {"author_id": 1166547879017607168, "id": 1495101261015748610, "text": "RT @IAmJamesHong: Daniel Dae Kim is very unselfish and thoughtful, a true friend. Hope his effort in getting me a star on the Hollywood Wal\u2026"}, {"author_id": 16082694, "id": 1495075782263193619, "text": "RT @peanut_brigade: The Reaganite fiction writers have disparaged Jimmy for decades to make RR look good. \nJimmy who graduated from Annapol\u2026"}, {"author_id": 4385653835, "id": 1495071210065039361, "text": "The Reaganite fiction writers have disparaged Jimmy for decades to make RR look good. \nJimmy who graduated from Annapolis was a Naval officer &amp; an engineer. RR who served in Hollywood was an actor. \n#CampDavidAccords vs #IranContraScandal \nGuess who was weak,ineffective &amp; stupid. https://t.co/sdznsCgb3x"}, {"author_id": 1073032470344404992, "id": 1495045418673188870, "text": "Just realized the suit Andrew wore before TASM at ComicCon when he was first cast was the same on he wore for the unemployed joke on Jimmy Kimmel where was on Hollywood Boulevard taking pictures as Spidey for money after he lost the role \ud83e\udd72 https://t.co/w4S4tR7gk0"}, {"author_id": 565789565, "id": 1495011892175114244, "text": "RT @JimmyKimmelLive: Can Jimmy sniff out who\u2019s high on Hollywood Blvd? @ItsJulieBowen @TheCousinSal https://t.co/kw9hcFLkvj"}, {"author_id": 1300925785612713992, "id": 1494893384024080389, "text": "RT @pattinsonphotos: February 16: Robert Pattinson arriving at Jimmy Kimmel Live! in Hollywood. \n\n\ud83d\udd17 https://t.co/KzIlYrOWFn https://t.co/UO\u2026"}, {"author_id": 1077372733086814209, "id": 1494868330796122116, "text": "@TDogsLife Jimmy Hollywood \ud83d\udc08\u200d\u2b1b\ud83d\udc3e https://t.co/GOhUy9BiXw"}, {"author_id": 1194844786756378624, "id": 1494866679880302592, "text": "Random Fact: The \u201cTrans-Atlantic\u201d accent popularized by actors like Jimmy Stewart and Kathrine Hepburn was a Hollywood invention. They didn\u2019t actually talk like that back then. It was an acting technique meant to blend the looseness of American speech and the poise of the British https://t.co/ffw77QQdcv"}, {"author_id": 158083716, "id": 1494838922718765058, "text": "The Rise and Journey of Jimmy Fallon: Comedian and Late-Night Talk Show Host - Hollywood Insider https://t.co/27xIwTM8jS"}, {"author_id": 2816185536, "id": 1494812271494709248, "text": "@jimmypardo @AndyRichter Careful, Jimmy...Andy's from Hollywood. He may end up trying to pay you with exposure one day."}, {"author_id": 1454877054, "id": 1494732465839222785, "text": "RT @pattinsonphotos: New photos of Robert Pattinson arriving at Jimmy Kimmel Live! in Hollywood. \n\n\ud83d\udd17 https://t.co/gtdl1vbGVP https://t.co/N\u2026"}, {"author_id": 1282735463242117120, "id": 1494732162897264646, "text": "Alexandra Daddario Arriving at Jimmy Kimmel Live! in Hollywood https://t.co/cpOQv5qmvP Alexandra Daddario new pics"}, {"author_id": 1700237562, "id": 1494732095994097666, "text": "RT @pattinsonphotos: New photos of Robert Pattinson arriving at Jimmy Kimmel Live! in Hollywood. \n\n\ud83d\udd17 https://t.co/gtdl1vbGVP https://t.co/N\u2026"}, {"author_id": 168164777, "id": 1494716793134452742, "text": "RT @edward29910100: @TurboKitty @jimmy_ohara @Tankingpriest @DaveOchman @RafaelDeMelchor @JuliaForLove @NibblerRat @The_Pale_H0rse @simonaf\u2026"}, {"author_id": 2984723549, "id": 1494712399810772999, "text": "@Mike71988386 a lot of that is his situation around him. efficiency is a lot of time scheme (see jimmy g). greg roman sucked, hollywood brown sucked. but he still had productive offenses and led elite run games."}, {"author_id": 1327251370790047744, "id": 1494707062986653697, "text": "@TurboKitty @jimmy_ohara @Tankingpriest @DaveOchman @RafaelDeMelchor @JuliaForLove @NibblerRat @The_Pale_H0rse @simonaford @laithar @AnnieB61 @AUOBNOW @TarikCyrilAmar @ClaireKeogh10 @nervousnazbol65 @bbraham @PrinceofAyr @CinnCocoaCurl Hollywood promotes violent murderous fascism in many of its movies. But American fascists are so stupid they think Hollywood is left wing."}, {"author_id": 1139872717858119681, "id": 1494699256334139396, "text": "Kimmel: Only Fox News viewers with \u2019soft, oatmeal-like brains\u2019 would believe \u2018made-up Hillary Clinton spying case\u2019 via @americanwire_ - https://t.co/NrBwi0yvF2 &gt;JIMMY - I ONCE WAS A 'FAN' - But when you changed (became another disciple of Satan)( all of hollywood is) You Have"}, {"author_id": 1474399155174924292, "id": 1494675884636258305, "text": "RT @mkolken: Jimmy Kimmel says what all of Hollywood thinks. Why any conservative still supports that industry is beyond me. \n\nStop watchin\u2026"}, {"author_id": 1902325945, "id": 1494674113801199624, "text": "RT @mkolken: Jimmy Kimmel says what all of Hollywood thinks. Why any conservative still supports that industry is beyond me. \n\nStop watchin\u2026"}, {"author_id": 1331692101004709888, "id": 1494665275463147534, "text": "RT @DavidAcquaviva: \u2066@jimmykimmel\u2069 \u2066@JimmyKimmelLive\u2069 \u2066@FallonTonight\u2069 \u2066@jimmyfallon\u2069 \u2066\u2066@StephenAtHome\u2069 \nFELLON\nKIMMEL\nCOBERT\nHAVE NEVER BE\u2026"}, {"author_id": 533526709, "id": 1494662161968283649, "text": "\u2066@jimmykimmel\u2069 \u2066@JimmyKimmelLive\u2069 \u2066@FallonTonight\u2069 \u2066@jimmyfallon\u2069 \u2066\u2066@StephenAtHome\u2069 \nFELLON\nKIMMEL\nCOBERT\nHAVE NEVER BEEN FUNNY\njust ignorant stupid liberals who love the senile in the White House  https://t.co/0k1RHCTg29"}, {"author_id": 1327542682856599552, "id": 1494653261885972485, "text": "@SebGorka Kimmel is an idiot. The best part , he knows it - guilty as charged Mr Jimmy blackface Kimmel. Typical Hollywood arse trying to desperately repair his image. I bet there are closet Hollywood \u201cceleb\u201d Trump supporters but they are terrified to admit it. Shitbags."}, {"author_id": 1435201972953485312, "id": 1494645301264617472, "text": "Have you heard \u20182 - 18 - 22 - JIMMY'S Replay\u2019 by Jimmy Hollywood on #SoundCloud? #np https://t.co/FhRL2zcP1r"}, {"author_id": 836550963125182464, "id": 1494643047874891786, "text": "Ben Affleck has a huge painting of him and Jennifer Lopez naked above his bed and Jimmy Kimmel doesn\u2019t have any soap in his bathrooms\u2026 \n\nhttps://t.co/eL5z84UKmA"}, {"author_id": 1506005306, "id": 1494641308790624260, "text": "I thought Jimmy Kimmel was a late night entertainment and variety show host.. Seems he's become the left's designated \"Trump attacker\". every night it's get Trump..and little else..  not at all like Johnny Carson or Letterman.. Hollywood is more desperate nowadays"}, {"author_id": 191915936, "id": 1494626661278625794, "text": "RT @pattinsonphotos: February 16: Robert Pattinson arriving at Jimmy Kimmel Live! in Hollywood. \n\n\ud83d\udd17 https://t.co/KzIlYrOWFn https://t.co/UO\u2026"}, {"author_id": 1022143381, "id": 1494625676992909318, "text": "@DailyCaller Jimmy\u2019s viewership is non-existent\u2026he\u2019s got to try to make a  little splash with his Hollywood buds!"}, {"author_id": 1022143381, "id": 1494624567679143936, "text": "@SebGorka That\u2019s Jimmy\u2026He can\u2019t help himself and he just has to say what he\u2019s told by Hollywood to say! Amazing how he and his best friend Howard Stern have seen the light now to save their own ass\u2026hilarious!"}, {"author_id": 1489075774728585218, "id": 1494598426549489666, "text": "RT @pattinsonphotos: New photos of Robert Pattinson arriving at Jimmy Kimmel Live! in Hollywood. \n\n\ud83d\udd17 https://t.co/gtdl1vbGVP https://t.co/N\u2026"}, {"author_id": 1489075774728585218, "id": 1494594616062054401, "text": "RT @pattinsonphotos: Robert Pattinson arriving at Jimmy Kimmel Live! in Hollywood \ud83d\udcf9\nhttps://t.co/9lNbp79Rti"}, {"author_id": 1311165610483617792, "id": 1494567367380062210, "text": "For you, this is what's going on jimmy lee, the jersey outlaw at hollywood monthly. So do what do you want? You want people to buy the magazine. Do you want people to go to your youtube channel? What do we want the people to do to support jimmy?"}, {"author_id": 1107497784377114626, "id": 1494560829869486082, "text": "@CindyKendrick11 Jimmy is not just a dumb Ass he\u2019s also the Hollywood Elite pedophiles Star who Learned everything from Howard Stern the Slave Owner!"}, {"author_id": 1268749167427543040, "id": 1494553201386967040, "text": "@godwinsharialaw Tons of the old Hollywood stars were Rs, actually. Maybe even a 50/50 partisan split. Already mentioned Sinatra, but so were Jimmy Stewart, Gary Cooper, Cary Grant, and Walt Disney"}, {"author_id": 347494330, "id": 1494536382320107542, "text": "RT @pattinsonphotos: February 16: Robert Pattinson arriving at Jimmy Kimmel Live! in Hollywood. \n\n\ud83d\udd17 https://t.co/KzIlYrOWFn https://t.co/UO\u2026"}, {"author_id": 435877644, "id": 1494534953152962588, "text": "RT @mkolken: Jimmy Kimmel says what all of Hollywood thinks. Why any conservative still supports that industry is beyond me. \n\nStop watchin\u2026"}, {"author_id": 1320924613048561665, "id": 1494524558497382400, "text": "Chris Cuomo Assaulted Woman In Office \u2013 Former Coworker https://t.co/f4Gdx6h2r2 via @YouTube\n\nNot on the \u00a9orporation Noise Network \ud83d\udcfa only on the Jimmy Dore show from Hollywood \ud83c\udfad\u26e9"}, {"author_id": 558770697, "id": 1494520373240422402, "text": "RT @pattinsonphotos: We just added +100 new HQ photos of Robert Pattinson arriving at Jimmy Kimmel Live! in Hollywood yesterday. \n\n\ud83d\udd17 https:\u2026"}, {"author_id": 1291235254381039616, "id": 1494514585990270976, "text": "RT @pattinsonphotos: February 16: Robert Pattinson leaving Jimmy Kimmel Live! in Hollywood. \n\n\ud83d\udd17 https://t.co/FaXced9EQp https://t.co/trVZnm\u2026"}, {"author_id": 551249720, "id": 1494513671980077056, "text": "RT @pattinsonphotos: February 16: Robert Pattinson leaving Jimmy Kimmel Live! in Hollywood. \n\n\ud83d\udd17 https://t.co/FaXced9EQp https://t.co/trVZnm\u2026"}, {"author_id": 3304888949, "id": 1494513583362826240, "text": "RT @pattinsonphotos: February 16: Robert Pattinson arriving at Jimmy Kimmel Live! in Hollywood. \n\n\ud83d\udd17 https://t.co/KzIlYrOWFn https://t.co/UO\u2026"}, {"author_id": 1433126811530108935, "id": 1494508508850659329, "text": "@MikeSington Jimmy Kimmel is probably a pedophile like every other Hollywood liberal!"}, {"author_id": 277317266, "id": 1494500200240627715, "text": "RT @pattinsonphotos: February 16: Robert Pattinson leaving Jimmy Kimmel Live! in Hollywood. \n\n\ud83d\udd17 https://t.co/FaXced9EQp https://t.co/trVZnm\u2026"}, {"author_id": 942053479, "id": 1494500125833576451, "text": "RT @pattinsonphotos: February 16: Robert Pattinson leaving Jimmy Kimmel Live! in Hollywood. \n\n\ud83d\udd17 https://t.co/FaXced9EQp https://t.co/trVZnm\u2026"}, {"author_id": 1316082659332947969, "id": 1494493623014109186, "text": "RT @pattinsonphotos: February 16: Robert Pattinson leaving Jimmy Kimmel Live! in Hollywood. \n\n\ud83d\udd17 https://t.co/FaXced9EQp https://t.co/trVZnm\u2026"}, {"author_id": 1035240187, "id": 1494493223489880064, "text": "RT @pattinsonphotos: February 16: Robert Pattinson leaving Jimmy Kimmel Live! in Hollywood. \n\n\ud83d\udd17 https://t.co/FaXced9EQp https://t.co/trVZnm\u2026"}, {"author_id": 53329437, "id": 1494488482177163266, "text": "@revisburner @Cernovich @jimmyfallon No way that the edgy Jimmy Kimmel who did The Man Show with @adamcarolla &amp; those years on Kevin &amp; Bean flip flopped and became the social justice champion he has morphed into. Whether it be a honey pot or just the desire for to succeed in Hollywood I don't believe a thing he says"}, {"author_id": 119950542, "id": 1494485182274883585, "text": "Disgusting Hollywood people RT @Cernovich: Woman accusing Horatio Sanz of sex abuse claims Jimmy Fallon may have known about their relationship  https://t.co/lw4A3Op5Ee"}, {"author_id": 1218458025456885760, "id": 1494477346874834944, "text": "THESE FAMOUS COUPLES PROVE THAT TRUE LOVE LASTS \u2013 EVEN IN HOLLYWOOD - Telehealth Dave https://t.co/KC6KP0TxMm"}, {"author_id": 225897801, "id": 1494470835708571653, "text": "RT @pattinsonphotos: February 16: Robert Pattinson leaving Jimmy Kimmel Live! in Hollywood. \n\n\ud83d\udd17 https://t.co/FaXced9EQp https://t.co/trVZnm\u2026"}, {"author_id": 183853323, "id": 1494467580144218115, "text": "RT @pattinsonphotos: Robert Pattinson arriving at Jimmy Kimmel Live! in Hollywood \ud83d\udcf9\nhttps://t.co/9lNbp79Rti"}, {"author_id": 3014094500, "id": 1494464855423610884, "text": "RT @pattinsonphotos: February 16: Robert Pattinson arriving at Jimmy Kimmel Live! in Hollywood. \n\n\ud83d\udd17 https://t.co/KzIlYrOWFn https://t.co/UO\u2026"}, {"author_id": 3014094500, "id": 1494464744287137800, "text": "RT @pattinsonphotos: New photos of Robert Pattinson arriving at Jimmy Kimmel Live! in Hollywood. \n\n\ud83d\udd17 https://t.co/gtdl1vbGVP https://t.co/N\u2026"}, {"author_id": 1223415691434516483, "id": 1494463401606668295, "text": "RT @mkolken: Jimmy Kimmel says what all of Hollywood thinks. Why any conservative still supports that industry is beyond me. \n\nStop watchin\u2026"}, {"author_id": 3014094500, "id": 1494460519490547736, "text": "RT @pattinsonphotos: We just added +100 new HQ photos of Robert Pattinson arriving at Jimmy Kimmel Live! in Hollywood yesterday. \n\n\ud83d\udd17 https:\u2026"}, {"author_id": 3014094500, "id": 1494459729455640597, "text": "RT @pattinsonphotos: February 16: Robert Pattinson leaving Jimmy Kimmel Live! in Hollywood. \n\n\ud83d\udd17 https://t.co/FaXced9EQp https://t.co/trVZnm\u2026"}, {"author_id": 1401987389590052870, "id": 1494457927125684229, "text": "RT @pattinsonphotos: Robert Pattinson arriving at Jimmy Kimmel Live! in Hollywood \ud83d\udcf9\nhttps://t.co/9lNbp79Rti"}, {"author_id": 1401987389590052870, "id": 1494457727338360837, "text": "RT @pattinsonphotos: New photos of Robert Pattinson arriving at Jimmy Kimmel Live! in Hollywood. \n\n\ud83d\udd17 https://t.co/gtdl1vbGVP https://t.co/N\u2026"}, {"author_id": 1401987389590052870, "id": 1494456459773583362, "text": "RT @pattinsonphotos: February 16: Robert Pattinson arriving at Jimmy Kimmel Live! in Hollywood. \n\n\ud83d\udd17 https://t.co/KzIlYrOWFn https://t.co/UO\u2026"}, {"author_id": 1952408989, "id": 1494455276568784899, "text": "@historybythpint Where did you used to go? I remember Hollywood Beach being nice, South of the bandshell, until I returned for a visit and saw the Jimmy Buffett abomination"}, {"author_id": 1074815145510137857, "id": 1494450749245382656, "text": "RT @pattinsonphotos: February 16: Robert Pattinson leaving Jimmy Kimmel Live! in Hollywood. \n\n\ud83d\udd17 https://t.co/FaXced9EQp https://t.co/trVZnm\u2026"}, {"author_id": 1250325027234299904, "id": 1494448689686855690, "text": "RT @pattinsonphotos: February 16: Robert Pattinson leaving Jimmy Kimmel Live! in Hollywood. \n\n\ud83d\udd17 https://t.co/FaXced9EQp https://t.co/trVZnm\u2026"}, {"author_id": 1289336813690269696, "id": 1494448623119220740, "text": "FUCK JIMMY KIMMEL, HIM AND THE REST OF HOLLYWOOD PEDIPHILES. https://t.co/CeetpJyPMU"}, {"author_id": 1412551413289426945, "id": 1494446368315826177, "text": "@jimmykimmel . You\u2019re trash ! \u200b'Soft, Oatmeal-Like Brains': Jimmy Kimmel Goes on Vile, Hate-Filled Rant Against Conservatives\n\nKimmel is another Hollywood conservative-hating elitist.\n\nFULL STORY \u2192 https://t.co/YQEkFKKUhE"}, {"author_id": 1300931431460466688, "id": 1494446055236198405, "text": "@J_a_l_i_USA @Luv4RWB @jimmykimmel @JimmyKimmelLive There was a time I enjoyed Jimmy but now he is just another useless Hollywood mouth piece that can\u2019t tell the truth POS"}, {"author_id": 1067047383693963265, "id": 1494442388223410178, "text": "RT @RoosterCogs: @Jeremybarnabois @ShillMe @Jorge_Reserva @nosophisticated @sweetsinner3 @LLBeer_1 @TheShillGod @Ayeseltpw @smeddysays @Cry\u2026"}, {"author_id": 1479114881949339666, "id": 1494441284806889478, "text": "RT @mkolken: Jimmy Kimmel says what all of Hollywood thinks. Why any conservative still supports that industry is beyond me. \n\nStop watchin\u2026"}, {"author_id": 239390172, "id": 1494440823345324034, "text": "RT @JohnDeMucci: All you SWP family check out one of our own Jimmy \u201c Hollywood\u201d Grugan @jgrugs @FiveStarHiring @FinneganNYB Great Job!"}, {"author_id": 1494390127325450240, "id": 1494437311102140420, "text": "E! Hollywood story of Jimmy MacElroy's fall from grace . . . https://t.co/Xcza1dNIwE"}, {"author_id": 1181175313046204416, "id": 1494423331264933889, "text": "RT @pattinsonphotos: February 16: Robert Pattinson leaving Jimmy Kimmel Live! in Hollywood. \n\n\ud83d\udd17 https://t.co/FaXced9EQp https://t.co/trVZnm\u2026"}, {"author_id": 1003841553247457280, "id": 1494423124955197460, "text": "RT @pattinsonphotos: February 16: Robert Pattinson leaving Jimmy Kimmel Live! in Hollywood. \n\n\ud83d\udd17 https://t.co/FaXced9EQp https://t.co/trVZnm\u2026"}, {"author_id": 1003841553247457280, "id": 1494421583292604416, "text": "RT @pattinsonphotos: We just added +100 new HQ photos of Robert Pattinson arriving at Jimmy Kimmel Live! in Hollywood yesterday. \n\n\ud83d\udd17 https:\u2026"}, {"author_id": 1563774571, "id": 1494421251208753153, "text": "RT @JohnDeMucci: All you SWP family check out one of our own Jimmy \u201c Hollywood\u201d Grugan @jgrugs @FiveStarHiring @FinneganNYB Great Job!"}, {"author_id": 327100115, "id": 1494415638319800329, "text": "RT @JohnDeMucci: All you SWP family check out one of our own Jimmy \u201c Hollywood\u201d Grugan @jgrugs @FiveStarHiring @FinneganNYB Great Job!"}, {"author_id": 1332120418199728128, "id": 1494415540835676163, "text": "RT @pattinsonphotos: February 16: Robert Pattinson leaving Jimmy Kimmel Live! in Hollywood. \n\n\ud83d\udd17 https://t.co/FaXced9EQp https://t.co/trVZnm\u2026"}, {"author_id": 1009567613641424898, "id": 1494413256928157697, "text": "RT @pattinsonphotos: Robert Pattinson arriving at Jimmy Kimmel Live! in Hollywood \ud83d\udcf9\nhttps://t.co/9lNbp79Rti"}, {"author_id": 1148220069857701888, "id": 1494412962089644033, "text": "RT @pattinsonphotos: February 16: Robert Pattinson leaving Jimmy Kimmel Live! in Hollywood. \n\n\ud83d\udd17 https://t.co/FaXced9EQp https://t.co/trVZnm\u2026"}, {"author_id": 1215105987616501762, "id": 1494411998318120961, "text": "RT @pattinsonphotos: February 16: Robert Pattinson leaving Jimmy Kimmel Live! in Hollywood. \n\n\ud83d\udd17 https://t.co/FaXced9EQp https://t.co/trVZnm\u2026"}, {"author_id": 263278072, "id": 1494411432250822657, "text": "RT @pattinsonphotos: We just added +100 new HQ photos of Robert Pattinson arriving at Jimmy Kimmel Live! in Hollywood yesterday. \n\n\ud83d\udd17 https:\u2026"}, {"author_id": 263278072, "id": 1494409258934358017, "text": "RT @pattinsonphotos: New photos of Robert Pattinson arriving at Jimmy Kimmel Live! in Hollywood. \n\n\ud83d\udd17 https://t.co/gtdl1vbGVP https://t.co/N\u2026"}, {"author_id": 270475024, "id": 1494407744815837188, "text": "@DanielFooksArt Jimmy Stewart has the best rant ever in that movie against the oligarchy. You would never see it in today's cinema because the oligarchy owns Hollywood and they have churned out propaganda for the war machine for decades."}, {"author_id": 104261319, "id": 1494405550297264136, "text": "RT @RoosterCogs: @Jeremybarnabois @ShillMe @Jorge_Reserva @nosophisticated @sweetsinner3 @LLBeer_1 @TheShillGod @Ayeseltpw @smeddysays @Cry\u2026"}, {"author_id": 1272038190463873024, "id": 1494404035557789708, "text": "RT @RoosterCogs: @Jeremybarnabois @ShillMe @Jorge_Reserva @nosophisticated @sweetsinner3 @LLBeer_1 @TheShillGod @Ayeseltpw @smeddysays @Cry\u2026"}, {"author_id": 1265467070193397760, "id": 1494402820665233418, "text": "RT @RoosterCogs: @Jeremybarnabois @ShillMe @Jorge_Reserva @nosophisticated @sweetsinner3 @LLBeer_1 @TheShillGod @Ayeseltpw @smeddysays @Cry\u2026"}, {"author_id": 1112683869013073920, "id": 1494400644798550020, "text": "RT @pattinsonphotos: February 16: Robert Pattinson leaving Jimmy Kimmel Live! in Hollywood. \n\n\ud83d\udd17 https://t.co/FaXced9EQp https://t.co/trVZnm\u2026"}, {"author_id": 1381778429540990983, "id": 1494399211319840769, "text": "@Jeremybarnabois @ShillMe @Jorge_Reserva @nosophisticated @sweetsinner3 @LLBeer_1 @TheShillGod @Ayeseltpw @smeddysays @CryptoGnomie @RsrFren @RsrErnie @lyfREimagynd @Jimmy_Wojeca @JhonnyClothing @Flamingo_Mafia @HodlThatCornSir @GoatRsr @Gordi_RSR @RSRLadyMama @Crypt0_Rick J advocates for four things:\n\n1. Remind people daily about the undervalued-value of $RSR\n2. Providing epic tattooing to customers\n3. Eating stalks of celery to increase semen volume\n4. Providing a place for all to anal bleach without judgement\n\nHe ain\u2019t no Hollywood\u2026a simple man"}, {"author_id": 1855365936, "id": 1494397165006958592, "text": "RT @pattinsonphotos: February 16: Robert Pattinson arriving at Jimmy Kimmel Live! in Hollywood. \n\n\ud83d\udd17 https://t.co/KzIlYrOWFn https://t.co/UO\u2026"}, {"author_id": 1855365936, "id": 1494396771023343626, "text": "RT @pattinsonphotos: February 16: Robert Pattinson leaving Jimmy Kimmel Live! in Hollywood. \n\n\ud83d\udd17 https://t.co/FaXced9EQp https://t.co/trVZnm\u2026"}, {"author_id": 328792601, "id": 1494393590218473478, "text": "RT @mkolken: Jimmy Kimmel says what all of Hollywood thinks. Why any conservative still supports that industry is beyond me. \n\nStop watchin\u2026"}, {"author_id": 1294137849781125120, "id": 1494391863763214343, "text": "RT @JohnDeMucci: All you SWP family check out one of our own Jimmy \u201c Hollywood\u201d Grugan @jgrugs @FiveStarHiring @FinneganNYB Great Job!"}, {"author_id": 32347157, "id": 1494391746259607552, "text": "RT @pattinsonphotos: February 16: Robert Pattinson leaving Jimmy Kimmel Live! in Hollywood. \n\n\ud83d\udd17 https://t.co/FaXced9EQp https://t.co/trVZnm\u2026"}, {"author_id": 45518310, "id": 1494387679605280769, "text": "RT @pattinsonphotos: February 16: Robert Pattinson leaving Jimmy Kimmel Live! in Hollywood. \n\n\ud83d\udd17 https://t.co/FaXced9EQp https://t.co/trVZnm\u2026"}, {"author_id": 45518310, "id": 1494386745181360128, "text": "RT @pattinsonphotos: We just added +100 new HQ photos of Robert Pattinson arriving at Jimmy Kimmel Live! in Hollywood yesterday. \n\n\ud83d\udd17 https:\u2026"}, {"author_id": 38404837, "id": 1494385390387699715, "text": "RT @pattinsonphotos: We just added +100 new HQ photos of Robert Pattinson arriving at Jimmy Kimmel Live! in Hollywood yesterday. \n\n\ud83d\udd17 https:\u2026"}, {"author_id": 932282326523854850, "id": 1494383140315418634, "text": "RT @pattinsonphotos: February 16: Robert Pattinson leaving Jimmy Kimmel Live! in Hollywood. \n\n\ud83d\udd17 https://t.co/FaXced9EQp https://t.co/trVZnm\u2026"}]