[{"author_id": 198367787, "id": 1495261725666557958, "text": "@Theresaroets911 Friday, Joes Apartment, Money Talks, Bad Boys 1,2or3."}, {"author_id": 1478395170, "id": 1495215519376588803, "text": "need my future apartment to be next to a trader joes\n\ndo they have those in sf"}, {"author_id": 1435792586699018244, "id": 1495197411538780162, "text": "@BoneTheStoner_ @StonerApeClub @BrandonnSAC @AlexxSAC So this is joes apartment? Joe has some awesome artwork \ud83d\udd25"}, {"author_id": 1479104427382378506, "id": 1495099243295612931, "text": "@jimiuorio Jim - I lived in NYC in the 70s. Apartment buildings in the S Bronx were all burned for the insurance $$ since rent controls bankrupted landlords (not corp landlords, regular every day Joes). And it will happen again if this is implemented. The Fed screwed the middle/poor. https://t.co/2DVGij9rZ3"}, {"author_id": 2341239373, "id": 1494221619601969155, "text": "walking around my apartment at 2am saying \"hey peter\" in joes voice"}, {"author_id": 403389372, "id": 1492847198777790465, "text": "@BipolarMe81 Too much food for thought on Twitter, brings out the roaches when the sun goes down. https://t.co/lhACfiaHGm"}]