[{"author_id": 75130005, "id": 1495293409380249607, "text": "@on_drive23 Johns are Mufa are not journalists. They just copy and paste content. Journalism requires education and a degree."}, {"author_id": 1159344918919168001, "id": 1495292797926383619, "text": "RT @on_drive23: Vikrant Gupta, Boria Majumdar, his piddis (Johns, Mufa), KSR, Sushant Mehta, Sameep Rajguru and the entire anti-Virat Crici\u2026"}, {"author_id": 1159344918919168001, "id": 1495292682163605504, "text": "RT @SanjanaVK_18: Johns and Mufa aren't tweeting about Saha journalist controversy\nThat proves it's boria. https://t.co/bUvNO7dKYr"}, {"author_id": 1321649155924656129, "id": 1495292342856654857, "text": "@sakshamgarg100 @JhawarGourav7 Rohit will open with Rutu and Ishan at no. 3 . I thinks its confirm as Johns and Mufa and many have tweeted this."}, {"author_id": 772456764201508865, "id": 1495292174195376130, "text": "The woman in the window across the street from the girl in the papa johns parking lot"}, {"author_id": 4251223907, "id": 1495291940903997440, "text": "Links for online worship: Sunday 20 February 2022 - https://t.co/xnJ3kxZYOH"}, {"author_id": 1032343359812063232, "id": 1495291747135475714, "text": "there is a reason why johns is one of the best accpunt and person here. https://t.co/VPFbS5xNUr"}, {"author_id": 1196160860399579136, "id": 1495291682593685507, "text": "RT @sunnydrip: not to brag but i\u2019m hot as shit i\u2019m getting a masters of science in biotechnology from johns hopkins i give so much of mysel\u2026"}, {"author_id": 972731976993079296, "id": 1495290885810053123, "text": "@hystericgIam Decrim is fine as long as she doesn\u2019t also decrim johns"}, {"author_id": 34934509, "id": 1495290883914145797, "text": "JAX issues Rip Currents Statement valid at Feb 20, 3:00 AM EST for Coastal Duval, Coastal Flagler, Coastal Nassau, Coastal St. Johns [FL] till Feb 21, 4:00 PM EST https://t.co/oCfvjUqwbk https://t.co/X1ITzG1vyT"}, {"author_id": 1127769360225927168, "id": 1495290883725357058, "text": "JAX issues Rip Currents Statement valid at Feb 20, 3:00 AM EST for Coastal Duval, Coastal Flagler, Coastal Nassau, Coastal St. Johns [FL] till Feb 21, 4:00 PM EST https://t.co/muHZSYWUgR https://t.co/JBWttGUWqu"}, {"author_id": 1140424780493008896, "id": 1495290883465379841, "text": "JAX issues Rip Currents Statement valid at Feb 20, 3:00 AM EST for Coastal Duval, Coastal Flagler, Coastal Nassau, Coastal St. Johns [FL] till Feb 21, 4:00 PM EST https://t.co/K4PjdogCZq https://t.co/fL7E9OzWYr"}, {"author_id": 21786398, "id": 1495290883280818180, "text": "JAX issues Rip Currents Statement valid at Feb 20, 3:00 AM EST for Coastal Duval, Coastal Flagler, Coastal Nassau, Coastal St. Johns [FL] till Feb 21, 4:00 PM EST https://t.co/ECun9MtXId https://t.co/gA45SJ6BrG"}, {"author_id": 1159344918919168001, "id": 1495290835147292681, "text": "RT @okayokaylife19: @Viratkafan23 @mufaddal_vohra I feel johns and mufa works under boria."}, {"author_id": 59888069, "id": 1495290825223200769, "text": "@APazyryk @FlyrUsr 100k is an approximation the Johns Hopkins figure. Induction &gt; deduction. Data &gt; platitudes https://t.co/2vHAg9jihI"}, {"author_id": 1159344918919168001, "id": 1495290798816264192, "text": "RT @Viratkafan23: @mufaddal_vohra Why aren't mufa and Johns tweeting about Saha journalist controversy\nThat proves it's boria\nBecause johns\u2026"}, {"author_id": 1469788370570145794, "id": 1495290575754764295, "text": "@2DayFM Erin molan now on the air waves ? Christ, I can\u2019t tune into the station anymore. I\u2019ve only just been told I\u2019ll be able to watch Chanel 9 again. Thank god for Andrew Johns telling it how it is. Anyway. All the best @2DayFM"}, {"author_id": 275834625, "id": 1495290532045930498, "text": "@RepHerrell That's not a heavy handed crackdown, this is:\nhttps://t.co/TQwcwM0DAW"}, {"author_id": 1350627331237298176, "id": 1495290475296616450, "text": "In the car by :Roy Fox Lichtenstein\n American\u00a0pop artist. \nDuring the 1960s, along with\u00a0Andy Warhol,\u00a0Jasper Johns, and\u00a0James Rosenquist\u00a0among others, he became a leading figure in the new art movement. His work defined the premise of pop art through\u00a0parody Inspired by the\u00a0comic https://t.co/g7vw8pacrZ"}, {"author_id": 780064203662950405, "id": 1495290169729163270, "text": "@Avis_Channel_2 Johns"}, {"author_id": 563221999, "id": 1495289845605879809, "text": "@Yeshua17Faith @PilotSteveR @MurphyYuiko @Krispi_Largo @thatwitchyjess7 @AdorablePodcast @BlakDragonClaw @DaRiddler79 @_cynde__ @Badams820 @Opsimath57 @Joy48204639 @Donschmidt15 @medwoman1 @another_poster @SapienWoman @redcoast @_Dream_Out_Loud @ziggywilde @TXWomenRESIST @stevieanntas @RAGINxCAJUN @rjocore989 @flightmedicems @stopthepewpew @ahrehead @peterlett @JaePea02 @HeavenlyPossum @Viktor_Renquist @photoartist9 @TheLivingKira @atriana @MansplainingAb1 @BrentIsABastard @corviticus @JGainsbourgh @ImStillWhiteWTF @PLPercussionist @43Cyoa @rsrap4 @Outafter_dark @annaeck73 @iwanttotalk_now @Magda999992 @e2hd7a @kwsmith1701 @bitterclingerpa @RockAppleWood @mariettad9 Some johns are so dimwitted they think a skateboard is deadlier than a gun. \n\nIt is not. \n\nIt just isn\u2019t. \n\nBeing pregnant is TWO HUNDRED MORE TIMES MORE DEADLY than a skateboard. \n\nBye john."}, {"author_id": 365080115, "id": 1495289774566903809, "text": "Deep Dish, not that Papa johns or Cardboard Caesars \ud83d\ude45\ud83c\udffe\u200d\u2642\ufe0f https://t.co/Z4gGwpcXj4"}, {"author_id": 1450489705951215620, "id": 1495289735748919296, "text": "RT @arpan1945: @Adityakrsaha @mainbhiengineer As you do under every tweet of mufa , johns etc etc ..."}, {"author_id": 1495277200836374528, "id": 1495289490822340608, "text": "Read Free EPUB Batman: Earth One Vol. 2 by Geoff Johns https://t.co/a4jb9Kkajw"}, {"author_id": 1471952144504926212, "id": 1495289431850373123, "text": "RT @DaveBahl: JANA JOHNS!"}, {"author_id": 1410622518918975497, "id": 1495289175440244736, "text": "RT @arpan1945: @Adityakrsaha @mainbhiengineer As you do under every tweet of mufa , johns etc etc ..."}, {"author_id": 2688621451, "id": 1495288771528462337, "text": "D4 144: 1st Place - Cam Jordan of Arizona Lutheran\n2nd Place - Shawn Hudman of Morenci\n3rd Place - Payton Reidhead of Mogollon\n4th Place - Andrew Gonzales of Globe\n5th Place - Wesley Scarbrough of St Johns\n6th Place - Hunter Hancock of Yuma Catholic https://t.co/WYm5fHgTRJ https://t.co/n8rxYufPrE"}, {"author_id": 3750374533, "id": 1495288684865744897, "text": "@CricCrazyJohns @AlphaVir288 King johns\u270d\ufe0f"}, {"author_id": 1315543716615004165, "id": 1495288581752975361, "text": "@CricCrazyJohns @Kohli_One8 @Wriddhipops Innocent johns\ud83d\ude02"}, {"author_id": 347635820, "id": 1495288508159770625, "text": "RT @SethOliveras: Jana Johns is lowkey one of the best defensive players in the nation. #Sooners"}, {"author_id": 750167830251929600, "id": 1495288450014412805, "text": "RT @istormbreaker__: Johns ko hunter universe ka member banao guys"}, {"author_id": 1416096951829889024, "id": 1495288272406589448, "text": "RT @TheWand68425335: Kohli fans and their extended cabal like Johns etc. are absolutely toxic. Doing their best to derail this reset which\u2026"}, {"author_id": 1170189408202448896, "id": 1495288264856506370, "text": "RT @istormbreaker__: Johns ko hunter universe ka member banao guys"}, {"author_id": 1436690096451768323, "id": 1495287964787613696, "text": "@CricCrazyJohns @kurkureter Johns bro i can bet you will see new sanju samson in this series!!"}, {"author_id": 1330074950636625925, "id": 1495287870323445763, "text": "Hell annoyed that, that Johns Incredible pizza got me dying, my stomach finna bust open, this gotta be what giving birth feels like"}, {"author_id": 841655838779551746, "id": 1495287831266086912, "text": "@Goatcheeku_18 @SanjanaVK_18 Send me screenshot of Johns old tweets"}, {"author_id": 171292263, "id": 1495287771711168516, "text": "RT @SemiProShow: @jjhorgan https://t.co/tFR3ABRheb\n\nRespectfully, explain this @jjhorgan tell me, specifically, how following the science w\u2026"}, {"author_id": 1492692275637407745, "id": 1495287640714842115, "text": "*July 20 2020 - Fatal shooting in Walgreens parking lot Johns Island, SC\n\n*Sept 25 2021 - Shooting at Walgreens Broomfield CO\n\n*Aug 25 2021 - Security shoots and kills man Houston TX\n\n*Apr 11 2021 - Security shoots shoplifter in Louisville KY\n\n@GodsLoveFamous"}, {"author_id": 1297775480939020289, "id": 1495287515648978945, "text": "RT @SaiKingkohli: Johns after tweeting this: https://t.co/w9u8fnOaoU"}, {"author_id": 1331324300100591623, "id": 1495287489476628485, "text": "It is not my fault that after my mother&amp;I were abducted in 2019, I was\ud83d\udde3\ufe0fto discuss danger on my social sites as well as a certain type of\ud83d\udc6e\ud83c\udffd\u200d\u2640\ufe0f post.\n\nYeah, it's the Dodo.\n\nOh, you had a Dolo? Lil jump in\ud83d\ude99trick. Do you\ud83d\udc40 me having Johns through the night?\n\nEver saw my world protect? https://t.co/PtJugbhwa7"}, {"author_id": 944362364681330689, "id": 1495287416537554950, "text": "RT @NRLFantasyPro: @thenrlroast Wishart, Geyer x 2, Woolford, Fearnley, Garlick joining the existing 2nd Generrs like the Johns Boys, Sirro\u2026"}, {"author_id": 2688621451, "id": 1495287293606653953, "text": "D4 150: 1st Place - Cael Porter of Mogollon 2nd Place - Mason Palmer of Pima 3rd Place - JT Richardson of St Johns 4th Place - Cole Gutierrez of Arizona Lutheran 5th Place - Tony Walters of Mayer 6th Place - Isaiah Puckett of Mica Mountain https://t.co/6gmPQuNRfN https://t.co/NbTDek0mbc"}, {"author_id": 440695722, "id": 1495287043668205568, "text": "RT @ThatEricAlper: Elton John's Isolated Vocals For \"Tiny Dancer\"\nhttps://t.co/zFniAp2vPn"}, {"author_id": 1861873771, "id": 1495287038656249860, "text": "RT @sunnydrip: not to brag but i\u2019m hot as shit i\u2019m getting a masters of science in biotechnology from johns hopkins i give so much of mysel\u2026"}, {"author_id": 1159826568304197633, "id": 1495286808749371395, "text": "@CricCrazyJohns Johns supporting his fellow lankans"}, {"author_id": 1389493075370602499, "id": 1495286619342995459, "text": "@CricCrazyJohns Johns since kohli is shooting ads,(as he updated us on his twtr), will he not play today?"}, {"author_id": 1445189677586190336, "id": 1495286595213266945, "text": "@karphin @Conservativeind @JustinTrudeau Yes we know EXACTLY what would have happened! Nothing that didn\u2019t already happen! Johns Hopkins study showed lockdowns possibly saved 0.02% of lives while they crushed MILLIONS worldwide!! They are saying now masks don\u2019t work! We knew that beforehand but I digress! #idiot"}, {"author_id": 3989860692, "id": 1495286351516041218, "text": "RT @istormbreaker__: Johns ko hunter universe ka member banao guys"}, {"author_id": 1400753299, "id": 1495286212080328706, "text": "@RehtaeHRenee Yikes! I used to live in Wisconsin and New England. I know what that\u2019s like! Time for long johns!"}, {"author_id": 416008479, "id": 1495286100834856960, "text": "FACTS I may live in johns creek (NORTH OF ATL) but if I get caught by 12 they takin me on a 40 minute ride to Rice Street https://t.co/tYcDA91dwV"}, {"author_id": 244648120, "id": 1495286090709749761, "text": "@AndrewM31897618 @HViger @TheMarieOakes A quick google search would tell you that the study isn\u2019t even a study, it\u2019s not peer-reviewed, and Johns Hopkins denounced it. Y\u2019all rlly picking and choosing what \u201cfacts\u201d u believe. It\u2019s embarrassing. https://t.co/rjYh0HBS19"}, {"author_id": 3318354695, "id": 1495285861826633729, "text": "RT @ThatEricAlper: Elton John's Isolated Vocals For \"Tiny Dancer\"\nhttps://t.co/zFniAp2vPn"}, {"author_id": 887969741762998272, "id": 1495285829832347648, "text": "@CricCrazyJohns Kiran kumar Gandhi. Kindly quote the names properly johns."}, {"author_id": 21228537, "id": 1495285146697748480, "text": "Men's Hoops Clinches Centennial Tournament Berth, Suffers Setback at No. 12 Johns Hopkins https://t.co/8agH7BI8wc"}, {"author_id": 1475895032737533952, "id": 1495285043077386242, "text": "My Twitter friends just hate me\ud83d\ude2d\ud83d\udc94 they are calling me Tharkhi, Mallu Johns and Simp\ud83d\ude2d\ud83d\udc94.\nI am done \ud83d\ude14"}, {"author_id": 1307878136118300672, "id": 1495284759207231493, "text": "RT @sunnydrip: not to brag but i\u2019m hot as shit i\u2019m getting a masters of science in biotechnology from johns hopkins i give so much of mysel\u2026"}, {"author_id": 1477527862672506881, "id": 1495284725409267713, "text": "@dmtvape It\u2019s definitely @cheeserburger , johns his alt"}, {"author_id": 132385644, "id": 1495284595230588936, "text": "I mean she did sign onto a project where Geoff Johns was still a part of the creative process. So I dont think that should be a problem. \nI HATE Gunn's humor particularly his shit dick jokes but other than that he's an okay director https://t.co/9RlgES0FxH"}, {"author_id": 923798001662943233, "id": 1495284527228342274, "text": "@Adityakrsaha @mainbhiengineer As you do under every tweet of mufa , johns etc etc ..."}, {"author_id": 479266542, "id": 1495284416922492934, "text": "@MckCarlo Move him to St Johns college asap https://t.co/mxcMpwkNXQ"}, {"author_id": 633109541, "id": 1495284355752775680, "text": "@elenimariel I lived in Miami after I left st johns in 4th grade and it was sooo great, I was sad when we moved back \ud83d\ude2d"}, {"author_id": 1348533128869019650, "id": 1495284033093189632, "text": "Mufa and johns tweets be like\ud83e\udd23 https://t.co/X2rjT63FvN"}, {"author_id": 1271594308446060544, "id": 1495283972514979842, "text": "not to brag but i\u2019m hot as shit i\u2019m getting a masters of science in biotechnology from johns hopkins i give so much of myself to the people i love i always give great advice i\u2019m funny and relatable as hell and i really do deserve someone who treats me as special as i am"}, {"author_id": 165674491, "id": 1495283793715945472, "text": "@SportsCenter @MadelynBurke What\u2019s the dunk contest? I spent my Saturday evening watching a tight flick and eating thin crust papa johns pizza."}, {"author_id": 1337533564187918337, "id": 1495283676258738184, "text": "I wish Taco Johns had Taco Bell hours\n\nCould go for it again rn"}, {"author_id": 90585234, "id": 1495283630763036672, "text": "I just paid $30 to get a delivery papa johns pizza.."}, {"author_id": 1426042650042552320, "id": 1495283498713759748, "text": "@CoffsRaider @AGB88888 @CUhlmann Except what you suggest isn't evidences based and we know now caused more harm than good. https://t.co/zyCrodawza"}, {"author_id": 1370441463192985600, "id": 1495283158958284802, "text": "@HopkinsKids has johns hopkins acknowledged long covid yet? wanna alert the public?"}, {"author_id": 1372770586611445762, "id": 1495283129296297988, "text": "@PRE3SURE so thats what happens when ian give ur mom good dick in 2 weeks, she buys u papa johns"}, {"author_id": 1314755556633120768, "id": 1495282899519782912, "text": "@wocceisha papa johns pizza is fire lmao"}, {"author_id": 1295534763554603009, "id": 1495282453401018370, "text": "@wocceisha Idk what Typa papa johns pizza you be eatin over there but here it\u2019s good asf"}, {"author_id": 1379463408068665356, "id": 1495282351701561347, "text": "RT @S_S_crickfam: Johns deleted this tweet, what else can be expected from boria ka chela. https://t.co/W75oMl0fvV"}, {"author_id": 2338149192, "id": 1495282315538305025, "text": "Johns &gt;&gt;&gt;&gt; https://t.co/JzapewIsFM"}, {"author_id": 1298866855809921026, "id": 1495282307946582016, "text": "@Puneite_ All mufa, johns tweet https://t.co/QLGC2mJZkP"}, {"author_id": 356691919, "id": 1495282166560866309, "text": "@snapthennap @lithohedron @Garossino Hey that was johns last article. https://t.co/CGfuciXzQd"}, {"author_id": 1195585798336204801, "id": 1495281996662116352, "text": "RT @ThatEricAlper: Elton John's Isolated Vocals For \"Tiny Dancer\"\nhttps://t.co/zFniAp2vPn"}, {"author_id": 301313625, "id": 1495281865439154179, "text": "RT @SanjanaVK_18: Johns and Mufa aren't tweeting about Saha journalist controversy\nThat proves it's boria. https://t.co/bUvNO7dKYr"}, {"author_id": 3219271465, "id": 1495281813950185472, "text": "RT @AmSoDone: Ffs Johns"}, {"author_id": 2688621451, "id": 1495281716075773952, "text": "D4 165: 1st Place - Malaki Porter of Mogollon 2nd Place - James Thomas of St Johns 3rd Place - Trenton Blomquist of Yuma Catholic 4th Place - Hunter Richardson of Page 5th Place - Tyler Paquette of Benson\n6th Place - Jaxon John of Pima https://t.co/NizSlGLA0p https://t.co/G1O5yKCmbj"}, {"author_id": 29492363, "id": 1495281544268632065, "text": "This is crazy. There\u2019s a Dominos walking distance from me. \n\nAcross the street is a Little Caesars and then across from both of them is a Papa Johns (former Pizza Hut).\n\nTHEN down the street (mile maybe) - a Round table and then across the street a mountain Mikes. Zero indies https://t.co/uIymbT9nhJ"}, {"author_id": 1011752374560546819, "id": 1495281471388585984, "text": "@KarlzbadTavern @Zigmanfreud You haven\u2019t read anything about the complete ineffectiveness of masks, have you? Start with Johns Hopkins and take it from there. You followed the instructions because you were told to, and thought you were doing the right thing. They lied to you. At least stop propagating it."}, {"author_id": 1160967592284024833, "id": 1495281458621353986, "text": "Kohli fans and their extended cabal like Johns etc. are absolutely toxic. Doing their best to derail this reset which happened after their Gods failed to win anything in 6 years except Paytm Cups. Thankfully no one takes them seriously off twitter."}, {"author_id": 1486200751693058049, "id": 1495281321668530177, "text": "@tim_johns_ @abc7newsbayarea why are they wearing masks outdoor?"}]