[{"author_id": 1446713874, "id": 1495245384603484161, "text": "@ANTHONYBLOGAN Kalifornia is bad, but not that bad."}, {"author_id": 14750831, "id": 1495245016633016320, "text": "@amandalaurenm SoCal. Perhaps Carlsbad. Yeah, I know, it\u2019s Kalifornia. There\u2019s a reason all the lib doors came here then felt they needed to govern the natives. But it\u2019s what you\u2019re lookin for."}, {"author_id": 1713050438, "id": 1495239140224475136, "text": "@Dennis_Porter_ Anything the state of Kalifornia does is suspect! #bitcoin #becareful"}, {"author_id": 37226405, "id": 1495239090563911680, "text": "@NikkiFried Are you really that dim? Kalifornia's fuel prices are nearly double the prices in Florida. \n\nWhat Sleepy Joe &amp; the Dumbocrats are calling 'economic growth' in in fact rampant inflation."}, {"author_id": 1433958040919678977, "id": 1495236501784780801, "text": "@responsiblerob You have not seen Kalifornia?"}, {"author_id": 2367864360, "id": 1495233347056029707, "text": "RT @demondickjay: Just made another sale! Harmoni Kalifornia comes for me again https://t.co/BowfjF7dXJ #MVSales #MVBoys https://t.co/pzXoL\u2026"}, {"author_id": 1383169699, "id": 1495232408249065479, "text": "RT @demondickjay: Just made another sale! Harmoni Kalifornia comes for me again https://t.co/BowfjF7dXJ #MVSales #MVBoys https://t.co/pzXoL\u2026"}, {"author_id": 211599724, "id": 1495231583896457218, "text": "\ud83d\udcf7 MindFree on the Green Jell\u00f6 livestream tonight! 8pm. (at Sacred Farts Hollywood,kalifornia) https://t.co/29zJa0M2Ja https://t.co/IWGYBEkQAf"}, {"author_id": 1413609028505292808, "id": 1495211139600457734, "text": "@Hoyt1961 @BradySutton2 @DMRegister \ud83d\ude02 Boomer. I\u2019ve given you 3 separate data sources that show a higher per capita Covid case rates in Kalifornia over Florida. Your question is moot."}, {"author_id": 2668406760, "id": 1495207811281612801, "text": "@marymjupiter @onetimeisnow Because we are Kommunist Kalifornia under the dictatorship of Gavin Nusolini"}, {"author_id": 1413609028505292808, "id": 1495192662319710209, "text": "@BradySutton2 @Hoyt1961 @DMRegister Weird, this data shows Kalifornia with twice the number of cases over 7 days than Florida and Kalifornia does not have twice the population of Florida. Which means per capita the 7 day average for cases in the PDRK it\u2019s higher than Florida. https://t.co/UmweGNVLRZ"}, {"author_id": 451182363, "id": 1495191951074807809, "text": "@responsiblerob There\u2019s got to be a way to fit Kalifornia into this somewhere"}, {"author_id": 1413609028505292808, "id": 1495187333284601859, "text": "@BradySutton2 @Hoyt1961 @DMRegister Hahahaha! Your entire Kalifornia narrative v. Florida destroyed. \ud83d\ude02"}, {"author_id": 1413609028505292808, "id": 1495182746662096904, "text": "@Hoyt1961 @BradySutton2 @DMRegister Weird, this one shows more per capita cases in Kalifornia than Florida too. Hmmm\u2026, weird, considering the mask mania in the PDRK. \ud83d\ude02 https://t.co/2LK3PvaULD"}, {"author_id": 1512076248, "id": 1495182590352891906, "text": "@OGBIGHUTCH @Kokaneofficial @Therealcold187U I was 10 years old at the time when Above The Law dropped Uncle Sam's Curse.  Kalifornia was my shit back in the day and remember watching the music video on B.E.T. Rap City"}, {"author_id": 1413609028505292808, "id": 1495181134224838661, "text": "@Hoyt1961 @BradySutton2 @DMRegister I guess you ignore data that doesn\u2019t comport with your cult like worldview. According to the New York Times data Kalifornia has higher per capita case rates.\n\ud83d\ude06"}, {"author_id": 1413609028505292808, "id": 1495180619596414984, "text": "@Hoyt1961 @BradySutton2 @DMRegister Weird that your \u201cdata\u201d is contradicted by other data collections that show Kalifornia with a higher per capita case rate. https://t.co/9babJkJ5kC"}, {"author_id": 41371352, "id": 1495167291830403073, "text": "Lotta people leaving Kalifornia. I'm gonna stay https://t.co/HbeL1Vloa4"}, {"author_id": 813875469225492480, "id": 1495123594350845957, "text": "@GiannoCaldwell Kalifornia commies"}, {"author_id": 160626005, "id": 1495117847735025665, "text": "I'm going back to Kalifornia"}, {"author_id": 835853036576772096, "id": 1495111870033891331, "text": "@ABC Love our Governor DeSantis - so does everyone from New York And Kalifornia -why else would they come to a free open state? Don\u2019t New York our Florida! Vote better for Republican Values not the Dumbo-crap way and destroy Florida like you destroyed your States!!!"}, {"author_id": 700695208510386176, "id": 1495104707173437440, "text": "@seanhannity Kalifornia run by communists"}, {"author_id": 332374464, "id": 1495098825203015681, "text": "@Los22G @mac_kalifornia @MoeMoton @SnBTonight @corryjoel @Sportsnaut The Raiders won't find a replacement for Carr that will compare to his on and off field leadership."}, {"author_id": 234645100, "id": 1495098353272582145, "text": "@mac_kalifornia @MoeMoton @SnBTonight @corryjoel @Sportsnaut And how quickly would the fan base turn on the replacement, if results were not favorable?  It\u2019s like if Carr leaves, the Raiders will immediately be super bowl contenders.  Not how it works, unless you get a Brady type scenario."}, {"author_id": 1078474962409844736, "id": 1495091086691389445, "text": "@Veteran1Unknown In Florida we never saw five gallon gas, but it would not surprise me if it was in kalifornia."}, {"author_id": 1034360204752695297, "id": 1495088046806638592, "text": "don\u2019t want that kalifornia love"}, {"author_id": 3069981398, "id": 1495076707107098627, "text": "@Round_vii @mac_kalifornia @dfairless73 @MoeMoton U tards don't even have a replacement or plan. Your plan is \"anything that's not carr\""}, {"author_id": 2329712654, "id": 1495074650270752771, "text": "@AriFleischer @irishteo How about all schools? Especially here in Kalifornia?"}, {"author_id": 1401709997407412226, "id": 1495073349973676036, "text": "@mac_kalifornia @dfairless73 @MoeMoton They\u2019re so against any other QB that isn\u2019t Carr\u2026it\u2019s so weird"}, {"author_id": 1468987725843820544, "id": 1495069887815122951, "text": "RT @demondickjay: Just made another sale! Harmoni Kalifornia comes for me again https://t.co/BowfjF7dXJ #MVSales #MVBoys https://t.co/pzXoL\u2026"}, {"author_id": 1493260459021066242, "id": 1495042424447672328, "text": "RT @demondickjay: Just made another sale! Harmoni Kalifornia comes for me again https://t.co/BowfjF7dXJ #MVSales #MVBoys https://t.co/pzXoL\u2026"}, {"author_id": 1413609028505292808, "id": 1495041462010003456, "text": "@Hoyt1961 @BradySutton2 @DMRegister Uh oh\u2026 Kalifornia has the most cases now. \ud83d\ude02 https://t.co/JY6roEc4w9"}, {"author_id": 1413609028505292808, "id": 1495040871783444480, "text": "@Hoyt1961 @BradySutton2 @DMRegister Kalifornia as of 15 hours ago has more cases than Florida. Please explain. https://t.co/kVu1LEciA7"}, {"author_id": 1413609028505292808, "id": 1495040623975485449, "text": "@BradySutton2 @Hoyt1961 @DMRegister As of 15 hours ago it says. Mask maniacal Kalifornia has more cases than Florida. Please explain. https://t.co/2RJpiSO9rq"}, {"author_id": 1432103606442934277, "id": 1495040137822154754, "text": "@baselnizam \ud83d\ude02\ud83d\ude02\ud83d\ude02\ud83e\udd23Kamala is at like 38% in the People\u2019s Republic of Kalifornia ."}, {"author_id": 1257776456383545345, "id": 1495034014738137093, "text": "Just made another sale! Harmoni Kalifornia comes for me again https://t.co/BowfjF7dXJ #MVSales #MVBoys https://t.co/pzXoLbErI6"}, {"author_id": 998677900319698944, "id": 1495032337804972033, "text": "@SKalifornia Have a great day Kalifornia!\nI\u2019m pretty sure my da learned when I was in my early teens not to try telling me laundry was my job \ud83d\ude04"}]