[{"author_id": 4032319753, "id": 1495245191321894915, "text": "RT @hiddlouistan: robert pattinson with zoe kravitz and timoth\u00e9e chalamet with zendaya killing them all and we say thank you entertainment\u2026"}, {"author_id": 869239160, "id": 1495231057637093382, "text": "periodic reminder to myself that I am not physically and psychologically addicted to subtitles. \n\nnw: Killing Zoe (1993) dir. Roger Avary https://t.co/QM5HTFZN0M"}, {"author_id": 1495058169923526658, "id": 1495060815958978570, "text": "#LETSDANCE2022 Good luck to Leeds Irish dance for later and shoutout for Zoe for managing to reblock two separate dances at such late notice, you\u2019re all fabulous !! \u2618\ufe0f\ud83c\uddee\ud83c\uddea (ps you two are killing it with your presenting)"}, {"author_id": 66645928, "id": 1495031456334331904, "text": "@ZoeCatfu Zoe, your numbers have been amazing recently and since your return you've been killing it.... if its gonna mess with your mentals of course don't....but if not i don't see why you shouldn't bless us with you face!"}, {"author_id": 718863801588682752, "id": 1494912721241792516, "text": "@VolatilityWiz Killing Zoe, directed by Roger Avary:)"}, {"author_id": 365032930, "id": 1494717201609334789, "text": "RT @cr0ssETH: @zoe_legott just checked out your art! keep killing it :)"}, {"author_id": 3139622904, "id": 1494716262047440903, "text": "@zoe_legott just checked out your art! keep killing it :)"}, {"author_id": 1211755486032228352, "id": 1494610220315594755, "text": "@CCRadovic2012 @AXELKAISER \n\n\ud83c\udfa5 FILM FLI[X] FRIDAY \ud83c\udfa5\n\nKilling Zoe https://t.co/FBTphdaucG\n\nGarbage: #1 Crush (Nellee Hooper Remix) https://t.co/Czn6oUXDG6 https://t.co/C3EODgac3U"}, {"author_id": 1237721585978572800, "id": 1494454380367593473, "text": "RT @GAltringham: @Gibboanxious Killing Zoe https://t.co/oMdGiwikab"}, {"author_id": 802782861984026626, "id": 1494438597923016704, "text": "RT @hiddlouistan: robert pattinson with zoe kravitz and timoth\u00e9e chalamet with zendaya killing them all and we say thank you entertainment\u2026"}, {"author_id": 1488870871611715585, "id": 1494411491222732804, "text": "zoe you need to stop having theories it is actually killing me https://t.co/DwTYRcDYKJ"}, {"author_id": 1237721585978572800, "id": 1494300886276976653, "text": "@Gibboanxious Killing Zoe https://t.co/oMdGiwikab"}, {"author_id": 981219145873313792, "id": 1494288741711716354, "text": "@Gibboanxious 3 Days in the Valley\nKilling Zoe"}, {"author_id": 1742080242, "id": 1494266771649581057, "text": "@zoe_hannaa1 *wakes up slowly and rubs head, texts back* my head is killing me. Hope the kids are all behaving for you x"}, {"author_id": 748582551095283712, "id": 1494185506250235904, "text": "RT @hiddlouistan: robert pattinson with zoe kravitz and timoth\u00e9e chalamet with zendaya killing them all and we say thank you entertainment\u2026"}, {"author_id": 889352278515359744, "id": 1494180806750728192, "text": "RT @hiddlouistan: robert pattinson with zoe kravitz and timoth\u00e9e chalamet with zendaya killing them all and we say thank you entertainment\u2026"}, {"author_id": 758456678211850240, "id": 1494180003130400768, "text": "RT @hiddlouistan: robert pattinson with zoe kravitz and timoth\u00e9e chalamet with zendaya killing them all and we say thank you entertainment\u2026"}, {"author_id": 62930244, "id": 1494177872419901441, "text": "@OwlVsCrow @MilesKlee I say this as an Eric Stoltz fan since KILLING ZOE (1994): He sleeps through every movie."}, {"author_id": 850735418010218496, "id": 1494155487927013378, "text": "RT @hiddlouistan: robert pattinson with zoe kravitz and timoth\u00e9e chalamet with zendaya killing them all and we say thank you entertainment\u2026"}, {"author_id": 1448521432221241347, "id": 1494140985139470336, "text": "@BeeBabs Zoe killing it. That movie Kimi is dope."}, {"author_id": 1120083458091560960, "id": 1494106568215908353, "text": "RT @hiddlouistan: robert pattinson with zoe kravitz and timoth\u00e9e chalamet with zendaya killing them all and we say thank you entertainment\u2026"}, {"author_id": 2755006287, "id": 1494106542949416960, "text": "RT @hiddlouistan: robert pattinson with zoe kravitz and timoth\u00e9e chalamet with zendaya killing them all and we say thank you entertainment\u2026"}, {"author_id": 1307460598301683713, "id": 1494104781308235784, "text": "RT @hiddlouistan: robert pattinson with zoe kravitz and timoth\u00e9e chalamet with zendaya killing them all and we say thank you entertainment\u2026"}, {"author_id": 854766895542804480, "id": 1494104612877606912, "text": "RT @hiddlouistan: robert pattinson with zoe kravitz and timoth\u00e9e chalamet with zendaya killing them all and we say thank you entertainment\u2026"}, {"author_id": 4185371415, "id": 1494091720723685379, "text": "@TerryMooreArt Zoe in the woods with the scarf/mask of Erika Slaughter. Smiling. Holding a bloody machete.\n\u201cSomething WAS killing the children\u201d"}, {"author_id": 772233477571870722, "id": 1494083126376738820, "text": "RT @hiddlouistan: robert pattinson with zoe kravitz and timoth\u00e9e chalamet with zendaya killing them all and we say thank you entertainment\u2026"}, {"author_id": 806351624314716160, "id": 1494083112686469122, "text": "RT @hiddlouistan: robert pattinson with zoe kravitz and timoth\u00e9e chalamet with zendaya killing them all and we say thank you entertainment\u2026"}, {"author_id": 1377379760729391106, "id": 1494083104163700740, "text": "RT @hiddlouistan: robert pattinson with zoe kravitz and timoth\u00e9e chalamet with zendaya killing them all and we say thank you entertainment\u2026"}, {"author_id": 1272723625976770560, "id": 1494083051671937024, "text": "RT @hiddlouistan: robert pattinson with zoe kravitz and timoth\u00e9e chalamet with zendaya killing them all and we say thank you entertainment\u2026"}, {"author_id": 775539698177609728, "id": 1494082330058706949, "text": "RT @hiddlouistan: robert pattinson with zoe kravitz and timoth\u00e9e chalamet with zendaya killing them all and we say thank you entertainment\u2026"}, {"author_id": 850084956395188224, "id": 1494081078071595010, "text": "robert pattinson with zoe kravitz and timoth\u00e9e chalamet with zendaya killing them all and we say thank you entertainment weekly, thanks for the service. https://t.co/yCtYYyZzhP"}, {"author_id": 1476564771075940360, "id": 1494020202232782848, "text": "@zoe_squonk @cheeserburger That's still killing yourself, it's just extra steps."}, {"author_id": 1474547629057097731, "id": 1493993861743616007, "text": "@rjsdndgod @LSXYZ9 After first ignite tick, Zoe took Vex down to 262 hp. If Lee had used second Q and AA'd instantly he would've dealt 270 dmg killing Vex and having more than enough time to flash out."}, {"author_id": 3317371181, "id": 1493913885321175041, "text": "@Zoemkoena \ud83e\udd23\ud83e\udd23\ud83e\udd23 Zoe, youve been killing me this whole week oe"}, {"author_id": 1235452037715972096, "id": 1493744081679302657, "text": "@Zoe_SZi The comments are killing me \ud83d\ude02\ud83d\ude02\ud83d\ude02\ud83d\ude02\ud83d\ude02"}, {"author_id": 14871428, "id": 1493445322558877697, "text": "Killing Zoe is one of the best movies of all time"}, {"author_id": 976372366388465664, "id": 1493281663979245569, "text": "Back running @ZombiesRunGame after a too-long Covid hiatus. \ud83d\udc4d\ud83d\ude42\ud83c\udfc3\ud83c\udffc\u200d\u2640\ufe0f Seems very on brand for Zoe Crick to suggest that little Aaron's likely zombified parents asked her to play Rage Against The Machine (Wake Up/Killing In The Name Of) for him... #Season2 #QuestionTime"}, {"author_id": 949308226885087232, "id": 1493266216147988491, "text": "@Janet_Zoe Definitely going to check it out, the Celebs have been killing the tequila game. Michael Jordan\u2019s tequila is really good too"}, {"author_id": 26899223, "id": 1493057668042346497, "text": "Macron is a WEF acolyte &amp; an investment banker...\n\nDemocracy &amp; rights are an Inconvenience. Shattering shins is especially odious. The movie Killing Zoe was a very dark movie with subtexts of France being as Fascist as it gets. Brings home the point. https://t.co/uFNvQlI57L"}, {"author_id": 895970362264961026, "id": 1493014487531606016, "text": "@chelsiewrath dead man's shoes\nshallow grave\nsunshine (1999)\ncrash (1996)\nhard candy\nIt's Such A Beautiful Day\nDemonlover (2002)\nBefore Night Falls\nWitches of Eastwick\nlove and a .45\nkilling zoe\ndoom generation\ncrumb\nRush (1991)\ntopless women talk about their lives\nonce were warriors"}, {"author_id": 755251047614992384, "id": 1492972505698652161, "text": "\ud83d\ude2d\ud83d\ude2d\ud83d\ude2dZoe be killing me \ud83d\ude02 https://t.co/wOIk9LcSxt"}, {"author_id": 384470866, "id": 1492951536191918081, "text": "@George60184235 @KarlousM Zoe pound is not a gang or about killing people, it\u2019s about protecting of Haitian people. And Zoe pound has nothing to do with random bums assaulting him and his crew"}, {"author_id": 28197823, "id": 1492920343777800194, "text": "@TheNewWorldPod @VHUS_Podcast @schlockandawe1 @JacobDavison_ @GTGMcast It\u2019s been 20 years since I saw Killing Zoe. It needs a Blu-ray."}, {"author_id": 1190014611413590017, "id": 1492911334572183552, "text": "5 movie recs, 5 @'s, no rules...\n\nTRUST (1990)\nBARTON FINK (1991)\nEL MARIACHI (1992)\nFEARLESS (1993)\nKILLING ZOE (1994)\n\n@VHUS_Podcast @schlockandawe1 @forcefivepod @JacobDavison_ @GTGMcast https://t.co/mNzrHZowlF"}, {"author_id": 961201794905931776, "id": 1492788402277826562, "text": "@AbosiPhils @Chines_zoe @OnyedikaAnambra Omo just listen to yourself \ud83e\udd26\ud83c\udffd\u200d\u2642\ufe0f \u201cif not them then were are they\u201d. How is there location a determinant in this killing?"}, {"author_id": 1492772623721594882, "id": 1492780554173169671, "text": "https://t.co/Yjuq2OLyCa\nWe  Are  Shown  Jason. Then  We  Are  Shown  A Girl  Who Is Wearing  A Nun\u2019s Clothes  After  Killing Her. Jason Then  Goes  To  School  With  His Sister  Zoe Because  Their  Vacation Is Over. https://t.co/FNvRAUUuPn"}]