[{"author_id": 483713295, "id": 1495287615356121089, "text": "The kingpin of Luyha community. \n#DidmusBarasa https://t.co/L4v8ca8dT4"}, {"author_id": 1210094114634715136, "id": 1495287565628362752, "text": "RT @NdirituNaf: Daktari is happy for the mobilization that has been done by @DidmusWaBarasa. He is a true kingpin kwa ground\n#DidmusBarasa\u2026"}, {"author_id": 1322599971691012098, "id": 1495287538445008901, "text": "RT @shankar_news18: ED Case Details :\n\nDelhi's Rouse Avenue #court remands Mohd #Enamul Haque to seven days #ED custody. \n\nAccused Mohd Ena\u2026"}, {"author_id": 1221745033335975936, "id": 1495287420446810113, "text": "RT @EmbaKid: Show me a leader who can gang up a whole crew like @DidmusWaBarasa. Huyu ni kingpin. #DidmusBarasa for principal of Kenya Kwan\u2026"}, {"author_id": 1221745033335975936, "id": 1495287354419990532, "text": "RT @gatuhangugi: The whole of western region approves #DidmusBarasa as their Kingpin and should be the principal of Kenya Kwanza Alliance"}, {"author_id": 95131884, "id": 1495287319737225218, "text": "@brentacPrime That Season 3 Fight, the Scream, Daredevil yelling at Kingpin was what I was waiting for from \"Daredevil\" since Season One.  Kinda bummed me out because at that time, I thought that was it for this cast, thank you Kevin Feige."}, {"author_id": 1483196754858287106, "id": 1495287310287622145, "text": "RT @NdirituNaf: Daktari is happy for the mobilization that has been done by @DidmusWaBarasa. He is a true kingpin kwa ground\n#DidmusBarasa\u2026"}, {"author_id": 1237411897865121792, "id": 1495287215399841797, "text": "@EmbaKid @DidmusWaBarasa #DidmusBarasa kingpin"}, {"author_id": 1237411897865121792, "id": 1495287170336239618, "text": "RT @EmbaKid: Show me a leader who can gang up a whole crew like @DidmusWaBarasa. Huyu ni kingpin. #DidmusBarasa for principal of Kenya Kwan\u2026"}, {"author_id": 763209294, "id": 1495287145208164353, "text": "RT @geetv79: When his city Delhi was burning with orchestrated riots,  AAP kingpin was silent, having \"very positive meetings\" with the per\u2026"}, {"author_id": 1483196754858287106, "id": 1495287065646358528, "text": "@_limo39 @ku_kingpin @DidmusWaBarasa Kingpin #DidmusBarasa"}, {"author_id": 1237411897865121792, "id": 1495287065008910338, "text": "RT @gatuhangugi: The whole of western region approves #DidmusBarasa as their Kingpin and should be the principal of Kenya Kwanza Alliance"}, {"author_id": 1237411897865121792, "id": 1495286999330312195, "text": "The whole of western region approves #DidmusBarasa as their Kingpin and should be the principal of Kenya Kwanza Alliance"}, {"author_id": 1478963092331524096, "id": 1495286907118309377, "text": "RT @TheSinVerse: \ud83d\udea8 It's ALMOST Business License sale time! \ud83d\udea8\n\nThe sale date announcement is IMMINENT, so get your $SIN ready and plan your\u2026"}, {"author_id": 1489856983314444289, "id": 1495286816861310980, "text": "RT @EmbaKid: @DidmusWaBarasa is a movement. He is the kingpin in the western region and everyone knows that. \n#DidmusBarasa https://t.co/6h\u2026"}, {"author_id": 1383102526678044676, "id": 1495286793704456193, "text": "Show me a leader who can gang up a whole crew like @DidmusWaBarasa. Huyu ni kingpin. #DidmusBarasa for principal of Kenya Kwanza Alliance. https://t.co/mQxpdMKKZu"}, {"author_id": 702433901394993152, "id": 1495286658614370304, "text": "RT @ItsNyambane: Moses Kuria to Ruto and Oscar sudi- Respect President Uhuru Kenyatta. He is the Kingpin of Mt.Kenya."}, {"author_id": 1237411897865121792, "id": 1495286519464181762, "text": "RT @EmbaKid: @DidmusWaBarasa is a movement. He is the kingpin in the western region and everyone knows that. \n#DidmusBarasa https://t.co/6h\u2026"}, {"author_id": 795936694914654208, "id": 1495286480276701185, "text": "@ku_kingpin @itssirMutua_254 @DidmusWaBarasa Will he change this\ud83d\udc47 situation \ud83d\ude2d? https://t.co/5u5CqMXVeE"}, {"author_id": 1480867406826258435, "id": 1495286298936213506, "text": "RT @AwazThevoice: ED arrests alleged cattle smuggling kingpin\n#EnamulHaque #Smuggling #ED #DelhiCourt #Awazthevoice @dir_ed @BSF_India \nRea\u2026"}, {"author_id": 1383102526678044676, "id": 1495286232720580610, "text": "@DidmusWaBarasa is a movement. He is the kingpin in the western region and everyone knows that. \n#DidmusBarasa https://t.co/6h2Pcr6nDp"}, {"author_id": 494805143, "id": 1495286224201859076, "text": "Grand Theft Auto: Vice City \u2013 The Definitive Edition\nKingpin (PLATINUM)\n#PlayStationTrophy #PS5Share, #GrandTheftAutoViceCity\u2013TheDefinitiveEdition https://t.co/WStkBSfmJF"}, {"author_id": 1465193175329427458, "id": 1495285810010144771, "text": "@Kenyans I am my own kingpin., am not voting someone coz some individual somewhere says so.. I can think for myself"}, {"author_id": 1489856983314444289, "id": 1495285796424720386, "text": "RT @The_Arsenalite: #DidmusBarasa kingpin for Kenya Kwanza Alliance that one. https://t.co/f4Ey2qCQT9"}, {"author_id": 1483196754858287106, "id": 1495285675943469056, "text": "@The_Arsenalite Kingpin #DidmusBarasa"}, {"author_id": 1392723080636772354, "id": 1495285673590415365, "text": "@Kenyans Soo let me get this straight, Moses kuria allitwa mshenzi na president, DP then took him consoled him and became his buddy and calmed the pressure that was brewing in the mountain after uhuru's washenzi remarks, Moses kuria is now acting like he was a kingpin before \ud83e\udd14 bangi ama"}, {"author_id": 2528800858, "id": 1495285620159176705, "text": "RT @gatuhangugi: Kingpin and principal for Kenya Kwanza Alliance\n#DidmusBarasa https://t.co/hl90S2m4vn"}, {"author_id": 1210094114634715136, "id": 1495285525485391876, "text": "#DidmusBarasa kingpin for Kenya Kwanza Alliance that one. https://t.co/f4Ey2qCQT9"}, {"author_id": 1221745033335975936, "id": 1495285421328191494, "text": "@HosKorir @ku_kingpin @DidmusWaBarasa #DidmasBarasa unit western."}, {"author_id": 1471832681642037251, "id": 1495285230638231560, "text": "RT @AwazThevoice: ED arrests alleged cattle smuggling kingpin\n#EnamulHaque #Smuggling #ED #DelhiCourt #Awazthevoice @dir_ed @BSF_India \nRea\u2026"}, {"author_id": 1489856983314444289, "id": 1495285104603803651, "text": "RT @EmbaKid: @Chalkman_ke @DidmusWaBarasa \ud83c\udf1f\u2611\ufe0f\u2705 #DidmusBarasa\n#DidmusBarasa \n#DidmusBarasa \n#DidmusBarasa \n#DidmusBarasa \n#DidmusBarasa\nKing\u2026"}, {"author_id": 1237411897865121792, "id": 1495284937842466818, "text": "@Chalkman_ke @DidmusWaBarasa kingpin tosha #DidmusBarasa"}, {"author_id": 483713295, "id": 1495284901305856005, "text": "RT @EmbaKid: @aintlaughing2 \ud83c\udf1f\u2611\ufe0f\u2705 #DidmusBarasa\n#DidmusBarasa \n#DidmusBarasa \n#DidmusBarasa \n#DidmusBarasa \n#DidmusBarasa\nKingpin"}, {"author_id": 1455566070400552961, "id": 1495284844091297796, "text": "RT @kamu_finest: Our great leader he has done much than expected \ud83d\udd25\ud83d\udd25 he deserves to be a principal in kenya kwanza alliance #DidmusBarasa\nKi\u2026"}, {"author_id": 799420046485450753, "id": 1495284666982666241, "text": "RT @TrueColoursOnly: 9/25\n@JiahKhanJustice'mother Smt. Rabia Khan Ji waiting for fair, complete, impartial, &amp; speedy justice from 9 years,\u2026"}, {"author_id": 1383102526678044676, "id": 1495284662717009923, "text": "@The_Arsenalite @Chalkman_ke \ud83c\udf1f\u2611\ufe0f\u2705 #DidmusBarasa\n#DidmusBarasa \n#DidmusBarasa \n#DidmusBarasa \n#DidmusBarasa \n#DidmusBarasa\nKingpin"}, {"author_id": 1383102526678044676, "id": 1495284604814647301, "text": "@Chalkman_ke @DidmusWaBarasa \ud83c\udf1f\u2611\ufe0f\u2705 #DidmusBarasa\n#DidmusBarasa \n#DidmusBarasa \n#DidmusBarasa \n#DidmusBarasa \n#DidmusBarasa\nKingpin"}, {"author_id": 1383102526678044676, "id": 1495284561256792067, "text": "@aintlaughing2 \ud83c\udf1f\u2611\ufe0f\u2705 #DidmusBarasa\n#DidmusBarasa \n#DidmusBarasa \n#DidmusBarasa \n#DidmusBarasa \n#DidmusBarasa\nKingpin"}, {"author_id": 1383102526678044676, "id": 1495284515710849024, "text": "@Chalkman_ke @DidmusWaBarasa \ud83c\udf1f\u2611\ufe0f\u2705 #DidmusBarasa\n#DidmusBarasa \n#DidmusBarasa \n#DidmusBarasa \n#DidmusBarasa \n#DidmusBarasa\nKingpin"}, {"author_id": 1237411897865121792, "id": 1495284477064536065, "text": "@HosKorir @DidmusWaBarasa kingpin #DidmusBarasa"}, {"author_id": 3991630995, "id": 1495284340519055364, "text": "RT @InTheLabBrand: Bron is the equivalent of kingpin. I\u2019ve never seen anyone with this much pull. And to b honest \u2026 it\u2019s great as a black m\u2026"}, {"author_id": 938070191115616256, "id": 1495284333992890368, "text": "RT @TrueColoursOnly: 9/25\n@JiahKhanJustice'mother Smt. Rabia Khan Ji waiting for fair, complete, impartial, &amp; speedy justice from 9 years,\u2026"}, {"author_id": 1450731749605093377, "id": 1495284313373483008, "text": "@HosKorir @DidmusWaBarasa Kingpin \ud83d\udd25\ud83d\udd25 #Didmusbarasa"}, {"author_id": 483713295, "id": 1495284136319279105, "text": "RT @aintlaughing2: The mulembe nation Kingpin \n#DidmusBarasa https://t.co/8MyucrLXjm"}, {"author_id": 1262168245789880321, "id": 1495284104543277056, "text": "@KingPin_O1 @Slave2Jeshua It's all about the commandments of God/Christ:\n\nMatthew 16:24\n\u201cThen said Jesus unto his disciples, 'If any man will come after me, let him deny himself, and take up his cross, and follow me.\u201d"}, {"author_id": 483713295, "id": 1495284078945320964, "text": "RT @gatuhangugi: #DidmusBarasa is a true western region kingpin and should be the principal of Kenya Kwanza Alliance"}, {"author_id": 483713295, "id": 1495284056229097473, "text": "RT @NdirituNaf: Mama mboga and boda guys all behind @DidmusWaBarasa, he is a kingpin #DidmusBarasa https://t.co/y9azSajfcG"}, {"author_id": 723235195415973891, "id": 1495284017775603713, "text": "@jonwatson221B My son is gonna be a legit hustler making money legally I\u2019m raising a future kingpin"}, {"author_id": 936615101536366593, "id": 1495284004978933766, "text": "RT @HosKorir: Didmus Barasa should be the Principal in Kenya Kwanza Alliance. He's the kingpin in the western politics.\ud83d\udc51\n#DidmusBarasa http\u2026"}, {"author_id": 1237411897865121792, "id": 1495283939308617736, "text": "@The_Arsenalite kingpin #DidmusBarasa"}, {"author_id": 1483196754858287106, "id": 1495283819406106624, "text": "RT @kamu_finest: When you walk in western region you will just here @DidmusWaBarasa being praised he is a kingpin #DidmusBarasa  deserve to\u2026"}, {"author_id": 1423283520307302407, "id": 1495283779774160896, "text": "RT @TrueColoursOnly: 9/25\n@JiahKhanJustice'mother Smt. Rabia Khan Ji waiting for fair, complete, impartial, &amp; speedy justice from 9 years,\u2026"}, {"author_id": 1277094849779396608, "id": 1495283650371280897, "text": "RT @TrueColoursOnly: 9/25\n@JiahKhanJustice'mother Smt. Rabia Khan Ji waiting for fair, complete, impartial, &amp; speedy justice from 9 years,\u2026"}, {"author_id": 1484416249052667904, "id": 1495283615801872384, "text": "RT @AwazThevoice: ED arrests alleged cattle smuggling kingpin\n#EnamulHaque #Smuggling #ED #DelhiCourt #Awazthevoice @dir_ed @BSF_India \nRea\u2026"}, {"author_id": 483713295, "id": 1495283569966649346, "text": "RT @gatuhangugi: @aintlaughing2 kingpin #DidmusBarasa"}, {"author_id": 1483196754858287106, "id": 1495283520410996740, "text": "RT @HosKorir: Didmus Barasa should be the Principal in Kenya Kwanza Alliance. He's the kingpin in the western politics.\ud83d\udc51\n#DidmusBarasa http\u2026"}, {"author_id": 933014503750537216, "id": 1495283468108025856, "text": "RT @ku_kingpin: @DidmusWaBarasa is the Mulembe Nation Kingpin he deserves to be the principle of Kenya Kwanza Alliannce to bring Mulembe nd\u2026"}, {"author_id": 1483196754858287106, "id": 1495283460742782979, "text": "RT @kamu_finest: Our great leader he has done much than expected \ud83d\udd25\ud83d\udd25 he deserves to be a principal in kenya kwanza alliance #DidmusBarasa\nKi\u2026"}, {"author_id": 1483196754858287106, "id": 1495283442812129282, "text": "@HosKorir @DidmusWaBarasa Kingpin #DidmusBarasa"}, {"author_id": 1383102526678044676, "id": 1495283338948583427, "text": "@Cyn_cheptoo @DidmusWaBarasa \ud83c\udf1f\u2611\ufe0f\u2705 #DidmusBarasa\n#DidmusBarasa \n#DidmusBarasa \n#DidmusBarasa \n#DidmusBarasa \n#DidmusBarasa\nKingpin"}, {"author_id": 1210094114634715136, "id": 1495283335551148037, "text": "RT @EmbaKid: @Chalkman_ke @DidmusWaBarasa \ud83c\udf1f\u2611\ufe0f\u2705 #DidmusBarasa\n#DidmusBarasa \n#DidmusBarasa \n#DidmusBarasa \n#DidmusBarasa \n#DidmusBarasa\nKing\u2026"}, {"author_id": 1310082503261126656, "id": 1495283326176792577, "text": "RT @TrueColoursOnly: 9/25\n@JiahKhanJustice'mother Smt. Rabia Khan Ji waiting for fair, complete, impartial, &amp; speedy justice from 9 years,\u2026"}, {"author_id": 1300570380407418880, "id": 1495283206303617027, "text": "RT @TrueColoursOnly: 9/25\n@JiahKhanJustice'mother Smt. Rabia Khan Ji waiting for fair, complete, impartial, &amp; speedy justice from 9 years,\u2026"}, {"author_id": 1237411897865121792, "id": 1495283143192072192, "text": "@aintlaughing2 kingpin #DidmusBarasa"}, {"author_id": 1383102526678044676, "id": 1495283110224838658, "text": "RT @EmbaKid: @Chalkman_ke @DidmusWaBarasa \ud83c\udf1f\u2611\ufe0f\u2705 #DidmusBarasa\n#DidmusBarasa \n#DidmusBarasa \n#DidmusBarasa \n#DidmusBarasa \n#DidmusBarasa\nKing\u2026"}, {"author_id": 1450731749605093377, "id": 1495283034148548614, "text": "@Chalkman_ke @DidmusWaBarasa #DidmisBarasa the kingpin of politics"}, {"author_id": 1383102526678044676, "id": 1495283029786431489, "text": "@Chalkman_ke @DidmusWaBarasa \ud83c\udf1f\u2611\ufe0f\u2705 #DidmusBarasa\n#DidmusBarasa \n#DidmusBarasa \n#DidmusBarasa \n#DidmusBarasa \n#DidmusBarasa\nKingpin"}, {"author_id": 1483196754858287106, "id": 1495283011205668865, "text": "RT @kamu_finest: @DidmusWaBarasa is a great leader \ud83d\udd25\nA real kingpin of politics he deserves to be a principal in kenya kwanza alliance\n#Did\u2026"}, {"author_id": 1483196754858287106, "id": 1495282951235555330, "text": "RT @ku_kingpin: @DidmusWaBarasa is the Mulembe Nation Kingpin he deserves to be the principle of Kenya Kwanza Alliannce to bring Mulembe nd\u2026"}, {"author_id": 1237411897865121792, "id": 1495282841231495171, "text": "@Chalkman_ke @DidmusWaBarasa kingpin that one #DidmusBarasa"}, {"author_id": 1483196754858287106, "id": 1495282759924916227, "text": "@ku_kingpin @DidmusWaBarasa Goat #DidmusBarasa"}, {"author_id": 598573081, "id": 1495282634636804100, "text": "RT @ItsNyambane: Moses Kuria to Ruto and Oscar sudi- Respect President Uhuru Kenyatta. He is the Kingpin of Mt.Kenya."}, {"author_id": 1432653990156595200, "id": 1495282611542900738, "text": "RT @TrueColoursOnly: 9/25\n@JiahKhanJustice'mother Smt. Rabia Khan Ji waiting for fair, complete, impartial, &amp; speedy justice from 9 years,\u2026"}, {"author_id": 1237411897865121792, "id": 1495282533050765315, "text": "RT @gatuhangugi: @DidmusWaBarasa is a kingpin of western region and should be the Kenya Kwanza Alliance principal #DidmusBarasa"}, {"author_id": 1280911632567164928, "id": 1495282466164072450, "text": "RT @TrueColoursOnly: 9/25\n@JiahKhanJustice'mother Smt. Rabia Khan Ji waiting for fair, complete, impartial, &amp; speedy justice from 9 years,\u2026"}, {"author_id": 1237411897865121792, "id": 1495282448204283904, "text": "@DidmusWaBarasa is a kingpin of western region and should be the Kenya Kwanza Alliance principal #DidmusBarasa"}, {"author_id": 1189984970732949504, "id": 1495282440964816896, "text": "RT @ku_kingpin: @DidmusWaBarasa is the Mulembe Nation Kingpin he deserves to be the principle of Kenya Kwanza Alliannce to bring Mulembe nd\u2026"}, {"author_id": 1353721668036780033, "id": 1495282424439197704, "text": "@thebigkach0ski @MCU_Source Let them both have the respect they already have don't let them ruin this like they did with Kingpin in Hawkeye"}, {"author_id": 1450731749605093377, "id": 1495282409314603010, "text": "@ku_kingpin @DidmusWaBarasa G that one #DidmusBarasa"}, {"author_id": 1019348385457983489, "id": 1495282364141883394, "text": "RT @narendra52: Enforcement Directorate  arrested  Cattle smuggling kingpin Enamul Haque in connection with a Prevention of Money Launderin\u2026"}, {"author_id": 1418109993178451972, "id": 1495282344252493824, "text": "RT @TrueColoursOnly: 9/25\n@JiahKhanJustice'mother Smt. Rabia Khan Ji waiting for fair, complete, impartial, &amp; speedy justice from 9 years,\u2026"}, {"author_id": 1363949472506519556, "id": 1495282034520240129, "text": "RT @TrueColoursOnly: 9/25\n@JiahKhanJustice'mother Smt. Rabia Khan Ji waiting for fair, complete, impartial, &amp; speedy justice from 9 years,\u2026"}]