[{"author_id": 1043509248997646338, "id": 1495197581726650379, "text": "RT @THEPAINTEDLADYY: SATURDAY NIGHT is more than ALRIGHT! The music mastery of Swiss the DJ stage side and\u2026 drum roll please\ud83e\udd41\ud83e\udd41\ud83e\udd41\u2026the SPECTAC\u2026"}, {"author_id": 2682911660, "id": 1495098533296357385, "text": "RT @THEPAINTEDLADYY: SATURDAY NIGHT is more than ALRIGHT! The music mastery of Swiss the DJ stage side and\u2026 drum roll please\ud83e\udd41\ud83e\udd41\ud83e\udd41\u2026the SPECTAC\u2026"}, {"author_id": 407363777, "id": 1495098466107858948, "text": "SATURDAY NIGHT is more than ALRIGHT! The music mastery of Swiss the DJ stage side and\u2026 drum roll please\ud83e\udd41\ud83e\udd41\ud83e\udd41\u2026the SPECTACULAR @starlottesatine Bartop for her DEBUT burlesque performance tonight at The Lady. WE ARE SO EXCITED \ud83d\ude4c\ud83d\ude4cJOIN US! https://t.co/6grpfGdXyI"}, {"author_id": 1218130105291157504, "id": 1494679625057898501, "text": "RT @traceycollinsss: *Two weeks today! \nDAAARLINGS OF CAMBRIDGE!\n\nCalling all dream makers, heart breakers &amp; bingo lovers!\n\nIm delighted to\u2026"}, {"author_id": 560486763, "id": 1494665384292671491, "text": "*Two weeks today! \nDAAARLINGS OF CAMBRIDGE!\n\nCalling all dream makers, heart breakers &amp; bingo lovers!\n\nIm delighted to be returning to @_TownAndGown in  #Cambridge on Friday March 4th with Bingo at Tiffany's with Audrey Heartburn! \n\nGo for gold, darlings! \nhttps://t.co/UwyAffGvbq https://t.co/JKvtxspFmR"}, {"author_id": 1218130105291157504, "id": 1493246762424979457, "text": "RT @traceycollinsss: DAAARLINGS OF CAMBRIDGE!\n\nCalling all dream makers, heart breakers and bingo lovers!\n\nDelighted to be returning to the\u2026"}, {"author_id": 560486763, "id": 1493227409512046592, "text": "DAAARLINGS OF CAMBRIDGE!\n\nCalling all dream makers, heart breakers and bingo lovers!\n\nDelighted to be returning to the glamorous @_TownAndGown on FRIDAY 4th MARCH with Bingo at Tiffany's with Audrey Heartburn! \n\nGO FOR GOLD, DARLINGS!\n\nTICKETS\nhttps://t.co/F9bds5fAd3\n\n#cambridge https://t.co/b6COgRnsI9"}, {"author_id": 889690576437649408, "id": 1493173179899990019, "text": "141 - [rewatch] lady of burlesque (1943) dir. william a. wellman https://t.co/uX9GMV3xyH"}, {"author_id": 1213572605887729664, "id": 1493002917250486272, "text": "@jaceyfilms ball of fire &amp; lady of burlesque are good stanwyck romcoms !"}, {"author_id": 1003386009902632966, "id": 1492968351685087238, "text": "RT @AliciaFurness: Do you want more of @isantalfo\u2019s Unquiet Dark art in your life? WELL THEN READER I HAVE A GIFT FOR YOU. \n\nInspired by my\u2026"}, {"author_id": 723912698900008960, "id": 1492864037545250816, "text": "RT @AliciaFurness: Do you want more of @isantalfo\u2019s Unquiet Dark art in your life? WELL THEN READER I HAVE A GIFT FOR YOU. \n\nInspired by my\u2026"}, {"author_id": 295455342, "id": 1492856007227289601, "text": "RT @AliciaFurness: Do you want more of @isantalfo\u2019s Unquiet Dark art in your life? WELL THEN READER I HAVE A GIFT FOR YOU. \n\nInspired by my\u2026"}, {"author_id": 1096737976044933120, "id": 1492855179812786178, "text": "RT @AliciaFurness: Do you want more of @isantalfo\u2019s Unquiet Dark art in your life? WELL THEN READER I HAVE A GIFT FOR YOU. \n\nInspired by my\u2026"}, {"author_id": 64477735, "id": 1492853755338964997, "text": "Do you want more of @isantalfo\u2019s Unquiet Dark art in your life? WELL THEN READER I HAVE A GIFT FOR YOU. \n\nInspired by my burlesque club mystery, meet this creepy sexy lady. You know you want her weird eye boa. https://t.co/lq74ks7Juh"}, {"author_id": 874899561956986880, "id": 1492849307564879877, "text": "@nateyweb PERSONALY, i would add Can't Hold Us Down, because i love how energetic she is when perfoming it, but it's to risky for family show, maybe?\nAlso, IT SHOULD'VE BEEN LADY MARMALADE &amp; EXPRESS leg or i unstan, because most of people in my country remembering X for making Burlesque."}]