[{"author_id": 894935761656532992, "id": 1495279356368736258, "text": "@TrueTelugu1 @Its_CineHub I have watched all kind of movies... Watching all languages movies from 1991..MB will come last not prabhas.. MB is same in all movies...in Telugu all are action hero's... For me very good actor in telugu industry is Nani.."}, {"author_id": 1490719458158997504, "id": 1495278120655417344, "text": "@BhavanK1985 @Its_CineHub Then dont talk about telugu, you have not watched any telugu to comment about their acting. Prabhas will be last in the list in acting in top heros. He is just action hero."}, {"author_id": 2564294616, "id": 1495272522824122368, "text": "Watched Last Action Hero"}, {"author_id": 1103852834607443969, "id": 1495272391542734848, "text": "@ReviewsPossum Last Action Hero remake... no no no...."}, {"author_id": 1495257701546438657, "id": 1495258844108259331, "text": "I see now how things even u\nhttps://t.co/aj2wimRmVb\nAnything can be good. Even Last Action Hero could\u2019ve\nhttps://t.co/JaJqERoGR2\nhttps://t.co/18LgUFvkIy https://t.co/rwoNrYS4sM"}, {"author_id": 1132333847100702721, "id": 1495211824437997568, "text": "Sega Saturday\u2026.Last Action Hero (1994)\u2026.Sega Game Gear\u2026@SEGA..#ilovethe90s\u2026#SegaSaturday..#lastactionhero..#segagamegear..#columbiapictures..#segaforever\u2026.. https://t.co/k1ZgLwJXRU"}, {"author_id": 21071689, "id": 1495200086283800577, "text": "Ya know that Nikki Minaj lyric: You're like slicker than the guy with the thing on his eye? I have basically no idea what that means, but for 12 years now, I have quietly hoped she was referencing that villain from The Last Action Hero. The one with the thing on his eye. https://t.co/r3SaVu280N"}, {"author_id": 700066220, "id": 1495198812507279361, "text": "The last action hero https://t.co/GQ3pWEjsX5"}, {"author_id": 1458867217756561411, "id": 1495183171100545024, "text": "RT @gohollywoodorg: Why The Last Action Hero Production Was Such A Nightmare #filmmaking https://t.co/9VZuBVf1ov"}, {"author_id": 720664561, "id": 1495181912020856837, "text": "Why The Last Action Hero Production Was Such A Nightmare #filmmaking https://t.co/9VZuBVf1ov"}, {"author_id": 1413574066204725250, "id": 1495161349994958848, "text": "@MJSmith891 Shane Black looks exactly like what you would expect the guy who wrote Last Action Hero to look like."}, {"author_id": 1495159697074458625, "id": 1495160186461646848, "text": "I was standing right behind\nhttps://t.co/PlZ2F6enXo\nAnything can be good. Even Last Action Hero could\u2019ve\nhttps://t.co/cLZYb796OD https://t.co/L4ymB3VEiY"}, {"author_id": 2271201902, "id": 1495153272805543937, "text": "A reverse Last Action Hero movie where Tobey Maguire (as himself) meets a child from his Spider-Man universe who actually thinks he is Spider-Man"}, {"author_id": 261385529, "id": 1495147855811649544, "text": "If you pretend that Marky Mark Wahlberg \u201clast-action-hero\u2019s\u201d his way into the movie Uncharted by accident and wanders around the whole time\u2026there could be some untapped entertainment value within said movie. https://t.co/vzJduMCRtY"}, {"author_id": 1495125532794626059, "id": 1495126170781769730, "text": "Happy is he who still loves\nhttps://t.co/9rhEVUrqfh\nAnything can be good. Even Last Action Hero could\u2019ve\nhttps://t.co/qM7AhiZKIW\nhttps://t.co/5yP3EHsLaS https://t.co/1DAVwuEdO0"}, {"author_id": 1354061688685932544, "id": 1495122385246298120, "text": "Last Action Hero https://t.co/fOs5ovhmMR"}, {"author_id": 2800324585, "id": 1495117302005592065, "text": "RT @AurengzebKhan: NO HE-MAN\nSUPER-MAN\nONLY\nMEGASTAR\nHIS MAJESTY EMPEROR SALMAN\nKHAN\nHE IS DADDY OF RAMBO\nUNCLE OF TERMINATOR\nGRAND FATHER\u2026"}, {"author_id": 3242163626, "id": 1495117040394199041, "text": "RT @AurengzebKhan: NO HE-MAN\nSUPER-MAN\nONLY\nMEGASTAR\nHIS MAJESTY EMPEROR SALMAN\nKHAN\nHE IS DADDY OF RAMBO\nUNCLE OF TERMINATOR\nGRAND FATHER\u2026"}, {"author_id": 1060952196584562689, "id": 1495115451357093901, "text": "Uh-Ooh! Yeaah!! THE LAST ACTION HERO: DANNY MADIGAN MOVIE LINES \ud83c\udfac  \ud83c\udfa5 \ud83c\udf9e \ud83d\udcfa https://t.co/SCFxy4cAa7"}, {"author_id": 281990245, "id": 1495114897457352707, "text": "RT @P0LISHPHEN0M: @TheCarlGerber List of movies I have come back around on\u2026 The Last Action Hero, Black Xmas and Rob Zombie\u2019s Halloween II.\u2026"}, {"author_id": 1273375910608220160, "id": 1495114878176092163, "text": "RT @AurengzebKhan: NO HE-MAN\nSUPER-MAN\nONLY\nMEGASTAR\nHIS MAJESTY EMPEROR SALMAN\nKHAN\nHE IS DADDY OF RAMBO\nUNCLE OF TERMINATOR\nGRAND FATHER\u2026"}, {"author_id": 26567479, "id": 1495113924542439436, "text": "@TheCarlGerber List of movies I have come back around on\u2026 The Last Action Hero, Black Xmas and Rob Zombie\u2019s Halloween II. I just adore rediscovering movies."}, {"author_id": 3291882304, "id": 1495113393593896965, "text": "RT @AurengzebKhan: NO HE-MAN\nSUPER-MAN\nONLY\nMEGASTAR\nHIS MAJESTY EMPEROR SALMAN\nKHAN\nHE IS DADDY OF RAMBO\nUNCLE OF TERMINATOR\nGRAND FATHER\u2026"}, {"author_id": 996087130081382400, "id": 1495113361322881032, "text": "RT @AurengzebKhan: NO HE-MAN\nSUPER-MAN\nONLY\nMEGASTAR\nHIS MAJESTY EMPEROR SALMAN\nKHAN\nHE IS DADDY OF RAMBO\nUNCLE OF TERMINATOR\nGRAND FATHER\u2026"}, {"author_id": 2310259067, "id": 1495112687361019904, "text": "NO HE-MAN\nSUPER-MAN\nONLY\nMEGASTAR\nHIS MAJESTY EMPEROR SALMAN\nKHAN\nHE IS DADDY OF RAMBO\nUNCLE OF TERMINATOR\nGRAND FATHER OF\nBRUCE LEE AND ROCKY\nHE IS LAST ACTION HERO\nHE IS TRULY A\nBRAND AMBASSADOR OF ACTION\nENTERTAINMENT &amp; COMEDY\n\n#WeLoveYouSalmanKhanForever https://t.co/UxKjqJuOk2"}, {"author_id": 587049694, "id": 1495112643400458241, "text": "Finished Peacemaker last night and it wasn't a show I expected to like a lot, but it ended up as easily my favorite super hero show. Well rounded from action to emotions, from comedy to character growth. I'd say it was better then any show Marvel put out in the last year 9/10"}, {"author_id": 1465803655932747778, "id": 1495105186641195009, "text": "@GustavKovacs @rastarocket16 Last Action Hero"}, {"author_id": 2713531, "id": 1495095481101434891, "text": "@ReturnofR Last action hero https://t.co/DT5KcfV1VS #acdc #biggun"}, {"author_id": 727181307877404672, "id": 1495094365110378502, "text": "Fast and Furious X:\n\nDom and the gang, while outrunning Charlize Theron, accidentally deploys a secret weapon that Kurt Russel told them never to use. \n\nAn interdimensional portal sends them into the real world, where a la \"The Last Action Hero\" they are confronted with mortality"}, {"author_id": 1495093493034889222, "id": 1495094118233563141, "text": "Can you imagine a world wit\nhttps://t.co/ETgP5agUkV\nAnything can be good. Even Last Action Hero could\u2019ve\nhttps://t.co/xQ3uS7oLPZ\nhttps://t.co/6zGd1xhzhy https://t.co/fwhG5PJfOO"}, {"author_id": 1363434089877893121, "id": 1495091571330457600, "text": "@Calistya_Cat Action movie... Hero gain training from enemies to kill his father who is great shooter. Angelina train her. In last she killed herself to protect hero"}, {"author_id": 930143491, "id": 1495086826356453381, "text": "Last Action Hero is a good movie"}, {"author_id": 752679901119934465, "id": 1495071272480518151, "text": "RT @KaranKrishna: Just watched the new my hero academia movie , and it was EPIC , especially the last 30 minutes was JUST LEGENDARY , the a\u2026"}, {"author_id": 1407563812769828864, "id": 1495066782884896776, "text": "I didn't get Laurie, Sarah, Ricky, John, Dani or anyone else's opinion if a movie like \"Last Action Hero\" is horror worthy or not. Well, what do you guys think? Yes or no?"}, {"author_id": 1495063306885042177, "id": 1495063872017166339, "text": "Labor, under their current \nhttps://t.co/ixFCijYJcA\nAnything can be good. Even Last Action Hero could\u2019ve\nhttps://t.co/hPHJfmlaM4\nhttps://t.co/RroAEHm2An https://t.co/y0mnrq5euf"}, {"author_id": 415065617, "id": 1495061150618185735, "text": "@dereknazzal @Super70sSports Fav song from last action hero soundtrack"}, {"author_id": 1067275932719857664, "id": 1495058631905132545, "text": "RT @CjSaftic: No UFC show this week so consider checking out Mixed Martial Madness Episode 3! Harold Howard, Canada's Last Action Hero....\u2026"}, {"author_id": 1331658042333605888, "id": 1495042818884128776, "text": "@garbageking15 The Arnold Schwarzenegger movie last action hero has a scene where the villain says this to his former boss who he turns on. Which is only to say, I've noticed this mistake since I was a kid because of that movie and it's amazing how often people do it"}, {"author_id": 1375213022, "id": 1495037977776566274, "text": "@Joanne1_5 @traceitback @JustinTrudeau @cafreeland @theJagmeetSingh Very emotional..I said to everyone .. this won\u2019t happen here, I said they\u2019d refuse, I was very wrong and I guess we all know where we stand in the future, and if you agree with the action, you\u2019re lost and deluded if you think you\u2019re any safer than they, they were hero\u2019s last year"}, {"author_id": 1495033837088559104, "id": 1495034391004811266, "text": "My beauty ethos? Well, I'd \nhttps://t.co/WoCzhPNAiU\nAnything can be good. Even Last Action Hero could\u2019ve\nhttps://t.co/RWYmlg7qOg\nhttps://t.co/Akj1xlRmqO"}, {"author_id": 165525930, "id": 1495030293761122304, "text": "@ReturnofR Last Action Hero comes to mind first."}, {"author_id": 574011328, "id": 1495000333134843904, "text": "@ReturnofR Last Action Hero\nDumb and Dumber \nWayne's World 1 and 2\nWater for Elephants"}, {"author_id": 539903686, "id": 1494984660115505162, "text": "RT @NotSoFinalProd: Next month! It's Action Hero March! \n\nArnie? (Conan, Predator, Terminator 2, Last Action Hero)\n\nOr Sly? (Rocky, Rambo,\u2026"}, {"author_id": 746697213384884224, "id": 1494970447691083778, "text": "The Hollywood films having lots of fucking and kissing have reduced, esp. the last few years. Even in the recent past, the action-fantasy/super hero films had have fucks, for eg., Watchmen (6 Mar 2009, USA). Whereas, cis-pan-trans narrative have increased over the last few years."}, {"author_id": 236617076, "id": 1494924438843785219, "text": "Last Action Hero rules. Please @ me."}, {"author_id": 380986646, "id": 1494922706885742594, "text": "Watching Last Action Hero and I literally forgot how dreadful the character of Danny Madigan was. \ud83e\udd26\ud83c\udffc\u200d\u2642\ufe0f"}, {"author_id": 1494918514527940609, "id": 1494919674504617991, "text": "Happiness must happen, and \nhttps://t.co/5gdm4BTmxe\nAnything can be good. Even Last Action Hero could\u2019ve\nhttps://t.co/y0Hfz8qX7P https://t.co/Uumk263oKL"}, {"author_id": 799472281, "id": 1494915404552192001, "text": "Can we get another Last Action Hero where Danny grows up to be a director making a Jack Slater reboot and uses the magic ticket for inspiration? https://t.co/QuD0Dwm2EH"}, {"author_id": 1301777738383065088, "id": 1494914763121328128, "text": "Just watched the new my hero academia movie , and it was EPIC , especially the last 30 minutes was JUST LEGENDARY , the action is as good as the second movie #MyHeroAcademia #myheroacademiaworldheroesmission #Anitwt https://t.co/FbISB1XD5e"}, {"author_id": 1476567679867756558, "id": 1494907915534311425, "text": "@sammy_de_first @TundeTASH Vanguard\nPirates of the Caribbeans: Stagnettis\nThe Hitman's Wife Bodyguard \nInsidious:The Last Key\nAvengement\nBlack Widow \nAction Jackson\nAla Vaikunthapurramuloo\n2 Guns\nBaaghi\nBig Hero 6\nCall on Heroes\nCountdown \nTruth or Dare\nFantasy Island\nFast &amp; Furious 9\nEnter the Fat Dragon"}, {"author_id": 174158123, "id": 1494907295469383680, "text": "@ReturnofR Last Action Hero"}, {"author_id": 3331860604, "id": 1494895921544400898, "text": "@AliPlumb Last Action Hero."}, {"author_id": 105902857, "id": 1494893562848325632, "text": "Watching Last Action Hero with the kids and the Hamlet scene kicks so much ass\n\nhttps://t.co/hTIbzq80Q6"}, {"author_id": 96684446, "id": 1494892751988699136, "text": "@ReturnofR Last Action Hero.  The movie was horrible but great soundtrack"}, {"author_id": 3381701849, "id": 1494876583752089604, "text": "Looks like the winner for Tonight's Movie Night is \ud83e\udd41\ud83e\udd41\ud83e\udd41\ud83e\udd41\nThe Running Man with 33.3%\nand we have a 3 way tie for second place\nTotal Recall 22.2%\nLast Action Hero 22.2%\nUnderdog Movie  22.2%\nI will be on in 30 minutes from now, worst case an hour \ud83c\udf89\ud83c\udf89\ud83c\udf89 https://t.co/nO0ZBhS4my"}, {"author_id": 1494862639893458945, "id": 1494862771242287104, "text": "Better be happy than wise.\nhttps://t.co/A2wB9DvZdv\nAnything can be good. Even Last Action Hero could\u2019ve\nhttps://t.co/LVvt0S9kq7 https://t.co/rRzDRlvj9w"}, {"author_id": 1349061103997784064, "id": 1494859115906039810, "text": "RT @giromonsale: @ComradeVero She is more intimidating to them than the Ottawa Police during the last two weeks. Documenting evidences for\u2026"}, {"author_id": 15127010, "id": 1494852657953099776, "text": "@bagofmoons @AmmoniteInk Okay but what about if they have a very basic last name? Then they sound like the hero of an action movie or kids tv series!\n\nTungsten Smith.\n\nSpatula Williams.\n\nTarantula Jones. (Tara for short)"}, {"author_id": 1112858774992171010, "id": 1494850755836010502, "text": "@ComradeVero She is more intimidating to them than the Ottawa Police during the last two weeks. Documenting evidences for the class action law suit. She is a Hero."}, {"author_id": 14332085, "id": 1494843114913030144, "text": "Why The Last Action Hero Production Was Such A Nightmare https://t.co/p4367KIPzB https://t.co/tJscmqYE3D"}, {"author_id": 439563913, "id": 1494837204761333767, "text": "@WhomtheBell6 @Fact After T2, he basically received $15m  for Last Action Hero, True Lies &amp; Junior, then upped his rate to $20 m for his two '96 releases, Eraser &amp; Jingle All the Way, before hitting $25m for his role as Mr Freeze in Batman &amp; Robin. This trend continued until he became governor"}, {"author_id": 221692920, "id": 1494830149979844613, "text": "@Schwarzenegger Last Action Hero was made 20 years too early."}, {"author_id": 119082752, "id": 1494828571856093184, "text": "I hated Last Action Hero when it originally came out but I absolutely \ud83d\udc95love\ud83d\udc95 it now. \nWell ahead of it's time. \nEasily one of Schwarzenegger's funniest roles. \nAnd! \n\n\ud83c\udfb6CHARLES DANCE!\ud83c\udfb6 https://t.co/05x6Bdqdpc"}, {"author_id": 2848439209, "id": 1494827747520270338, "text": "Why The Last Action Hero Production Was Such A\u00a0Nightmare https://t.co/7aSagfrnL1"}, {"author_id": 1466202260577337345, "id": 1494827728096354305, "text": "@ReturnofR Last Action Hero"}, {"author_id": 1224101953677869056, "id": 1494825334767718402, "text": "Screenland Armour\n\n408 Armour Road, North Kansas City, MO 64116\n\n4 pinball machines, including:\nHook (Data East)\nLast Action Hero (Data East)\nThe Adventures of Rocky and Bullwinkle and Friends (Data East)\n\nhttps://t.co/PD1gHqRy0h"}, {"author_id": 971058885472804864, "id": 1494822943163043845, "text": "Why The Last Action Hero Production Was Such A\u00a0Nightmare https://t.co/HMPvcfF7LV"}, {"author_id": 925777196, "id": 1494819680325881863, "text": "@JoeOrlak @NBCNews An honor to hear the \"Candy Bomber\" as he spoke w/our students last yr.His story is told each yr in US II.A man of humanity who brought kindness to the children of Berlin during the Soviet Blockade-forget diplomats who bs-he was a hero of action.Thanks @PVtravelBug \n@BeschlossDC"}, {"author_id": 1083064352331182086, "id": 1494819358220169216, "text": "@ReturnofR \"Universal Soldier\" or \"Last Action Hero\"!\nI'm done!"}, {"author_id": 18372616, "id": 1494814542672523267, "text": "Why The Last Action Hero Production Was Such A Nightmare https://t.co/CTEg30JJGH #Movies https://t.co/4aQZqMS4qN"}, {"author_id": 439563913, "id": 1494811908070903810, "text": "@Underc0verChris 31, but who's counting \ud83e\udd23\ud83d\udc4d\ud83c\udffb\n\nCouldn't agree more regarding this compared to some of the disposable trash released today\n\nI watched Last Action Hero last night, and it's truely better now than when first released, clearly being far ahead of it's time back in 1993 \ud83d\udc4d\ud83c\udffb\ud83c\udfa5\ud83c\udfac"}, {"author_id": 311746040, "id": 1494809615845974017, "text": "RT @NotSoFinalProd: Next month! It's Action Hero March! \n\nArnie? (Conan, Predator, Terminator 2, Last Action Hero)\n\nOr Sly? (Rocky, Rambo,\u2026"}, {"author_id": 380986646, "id": 1494806741703405570, "text": "Last Action Hero. https://t.co/g4Kfp4htkU"}, {"author_id": 218640256, "id": 1494801074590404608, "text": "@ReturnofR The Soundtrack for \"Last Action Hero\" is pretty kick ass."}, {"author_id": 628074050, "id": 1494800570011774976, "text": "RT @brisbaneroar: Henry Hore was the hero last time we faced Perth and he's been on fire since then \ud83d\udd25\n\nCan he grab another goal against the\u2026"}, {"author_id": 1475070053921873921, "id": 1494798448956096513, "text": "@ReturnofR Last Action Hero"}, {"author_id": 293035905, "id": 1494796695892336641, "text": "Hey @SonyPictures -- LAST ACTION HERO remake starring @TheRock and @MckennaGraceful.  \n\nI'll take my money like this, please and thank you... https://t.co/Fk5sGxkW7o"}, {"author_id": 1494791371718369283, "id": 1494792537294487556, "text": "To be happy means to be fre\nhttps://t.co/3S8oRrt5lT\nAnything can be good. Even Last Action Hero could\u2019ve\nhttps://t.co/MMO175izsc https://t.co/S08oF36YeL"}, {"author_id": 1297525972581978117, "id": 1494788337458159624, "text": "RT @NotSoFinalProd: Next month! It's Action Hero March! \n\nArnie? (Conan, Predator, Terminator 2, Last Action Hero)\n\nOr Sly? (Rocky, Rambo,\u2026"}, {"author_id": 1493523146586136579, "id": 1494767652400779269, "text": "Watched My Hero Academia World Heroes Mission last night. It was okay, it's for sure the weakest out of the 3 MHA films. The plot was kinda just there but the action scenes were phenomenal and I loved the interactions between Deku and Rody. I give the movie a score of 7/10."}, {"author_id": 1488983200202428429, "id": 1494767129941446663, "text": "@torc Yeah... These are my biggest criticisms of the Amazon project thus far. Elrond would have made the perfect protagonist for a story based around the last century of the Second Age. But I guess they decided to opt for the  female action hero thing instead."}]