[{"author_id": 1107216524043902976, "id": 1495288616532459524, "text": "RT @ficsenha_: ~ paraluman ~\n\n#ENHYPEN x oc au where in...\n\n7 boys who played the new transferee...what if one of them fall?\n\n: \"last man s\u2026"}, {"author_id": 579909405, "id": 1495287532505939968, "text": "@XJRT1964 Are you last man standing? \ud83d\ude02"}, {"author_id": 1345385338383048706, "id": 1495287010847821827, "text": "RT @Pluggemmy: It's save to say im the last man standing..."}, {"author_id": 1479402485932601348, "id": 1495286762314289154, "text": "@deleBadboy_ Last man standing \ud83e\udd71"}, {"author_id": 1407760770553815050, "id": 1495286732660658178, "text": "RT @Stickman_STMAN: \ud83d\ude80 GAME TRAILER - STICKMAN'S BATTLEGROUND \ud83d\ude80\n\n\ud83e\uddbe #STMAN is a multi-device survival crypto game which creates a fictional u\u2026"}, {"author_id": 1427465747891064840, "id": 1495286404829818882, "text": "RT @shobilicious: Truly Deserving! Grand Winner Of The Last Man Standing 2018 Bikini King Allen Molina! \ud83d\udcaa\ud83d\udc51\ud83d\udc4d\n\n#congrats #lastmanstanding2018\u2026"}, {"author_id": 839569466388320256, "id": 1495286130006241283, "text": "RT @maziuzoma1: We have been killed too many times ,but my fellow biafrans don't give up ,freedom at last to the last man standing, God ble\u2026"}, {"author_id": 1371377098963705858, "id": 1495285670167855109, "text": "RT @SchissTime: The Last Man Standing Comeback soon \ud83d\ude0d\ud83d\ude0d\ud83d\ude0d\n\n\ud83d\udc99\ud83d\udc99\ud83d\udc99\ud83d\udd90\nI can\u2019t wait to listen to #Callin by #SUPERJUNIOR\u00a0\u00a0  @SJofficial #SuperJunior\u2026"}, {"author_id": 950083347086303233, "id": 1495284195219943429, "text": "RT @toykomission: last man standing"}, {"author_id": 1402226335536271363, "id": 1495283223789768705, "text": "We have been killed too many times ,but my fellow biafrans don't give up ,freedom at last to the last man standing, God bless @MaziNnamdiKanu and #FreeNnamdiKanu"}, {"author_id": 3656484681, "id": 1495282745240539142, "text": "RT @KakamPinksRom: The Last Man Standing Is A Woman - and that is Vice President Leni Robredo. She has taken up the torch to keep the dying\u2026"}, {"author_id": 1434622089470820352, "id": 1495280253396209669, "text": "RT @WhyTrendingNg: Last man standing! It's been a though months. https://t.co/QPHw5r08K3"}, {"author_id": 2274906939, "id": 1495279715036577792, "text": "SUPER JUNIOR, THE LAST MAN STANDING!!"}, {"author_id": 1200425914938642432, "id": 1495278970648027136, "text": "RT @foreman_mwitu: Last man standing,  my foot\ud83e\udd26\u200d\u2642\ufe0f...First man sleeping \ud83e\udd73\ud83d\ude02\ud83d\ude02"}, {"author_id": 1397324972335374336, "id": 1495276223563403264, "text": "The real LAST MAN STANDING \ud83c\uddf5\ud83c\udded\ud83c\uddf5\ud83c\udded\ud83c\uddf5\ud83c\udded\n\n#BBMSARA2022 \n#BBMIsMyPresident2022 \n#parasabagonglipunan\n\ud83d\udc9a\ud83d\udc9a\ud83d\udc9a\u2764\ufe0f\u2764\ufe0f\u2764\ufe0f\n\u270c\ufe0f\u270c\ufe0f\u270c\ufe0f\ud83d\udc4a\ud83d\udc4a\ud83d\udc4a https://t.co/M7pmt3uxH1"}, {"author_id": 1343157417333444613, "id": 1495274905092378624, "text": "RT @galeroent: one \u261d\ufe0f Last man \ud83d\udc68 standing \nis there any Online \ud83d\ude0d\ud83d\udcaa\ud83d\ude4f\ud83d\udc4a\ud83e\udd70\ud83d\udc51 https://t.co/fQ4O75HWOx"}, {"author_id": 1374720963225391107, "id": 1495274472391151616, "text": "RT @Stickman_STMAN: \ud83d\ude80 GAME TRAILER - STICKMAN'S BATTLEGROUND \ud83d\ude80\n\n\ud83e\uddbe #STMAN is a multi-device survival crypto game which creates a fictional u\u2026"}, {"author_id": 2418121784, "id": 1495274436995346435, "text": "@FungalCactus ok actually i had heard of ascension but the name didn't stick. this i also dont think quite counts because it's not a last man standing. otherwise pretty much any deckbuilder would fall into this. so i guess my criteria is card based, 3+ players, last man standing win condition"}, {"author_id": 713445789, "id": 1495274123626528774, "text": "RT @galeroent: one \u261d\ufe0f Last man \ud83d\udc68 standing \nis there any Online \ud83d\ude0d\ud83d\udcaa\ud83d\ude4f\ud83d\udc4a\ud83e\udd70\ud83d\udc51 https://t.co/fQ4O75HWOx"}, {"author_id": 1349742573967929346, "id": 1495274018630676482, "text": "@STPIDCK @m1mosa_prophet @unluckomaluko10 @basithweeb https://t.co/mYrsGmzYBq\n\nThis is him playing Skye, when he plays Jett he goes B and is tha Last Man standing after the team dies at A"}, {"author_id": 822112725480378369, "id": 1495273366718234624, "text": "@ReyGDC_ Fun fact I was watching Mr Anderson vs Bully Ray in a last man standing match for the tna World championship and thought to myself \"wow this can't get any worse\" then I found out my dog died"}, {"author_id": 796881737976578049, "id": 1495273034634170373, "text": "My air travel today has been unusually smooth. It\u2019s like karmic repayment for standing at a roulette table last night where a man shit his pants in my presence."}, {"author_id": 1024445854537736192, "id": 1495269855896997893, "text": "RT @Tkthereal1: Last man standing"}, {"author_id": 1369871565030973440, "id": 1495269622831992832, "text": "RT @cloudno44: Last Man Standing - new NFT for sale  https://t.co/16N7KzED44 \n\n#WazirXNFT #NFTCommunity #NFTCreator #NFTCollector https://t\u2026"}, {"author_id": 1180092197581930496, "id": 1495268680946438145, "text": "@AnumaVidisha What a pity !! An ex service officer doesn\u2019t know who is better for the country . Even a JCO knows it ! Modi government has transformed the defence forces and touched the last man standing !!"}, {"author_id": 1464185154214187012, "id": 1495268622385643520, "text": "RT @ficsenha_: ~ paraluman ~\n\n#ENHYPEN x oc au where in...\n\n7 boys who played the new transferee...what if one of them fall?\n\n: \"last man s\u2026"}, {"author_id": 145775238, "id": 1495268254994120706, "text": "RT @Winzol: Texas Lt. Gov. Dan Patrick vowed Friday to never let the state turn Democratic, calling the state the \"last man standing\" elect\u2026"}, {"author_id": 4693578204, "id": 1495265591086616576, "text": "RT @Kevin_Jacobsen: Ran a Survivor simulation of this year's Oscar nominees (on https://t.co/zz9NRQQapD) and this result... Kodi being the\u2026"}, {"author_id": 827436288420769792, "id": 1495265324467462152, "text": "RT @Erl_Carxeeym: Last man standing"}, {"author_id": 50937377, "id": 1495264785549647878, "text": "@nba Please replace Slam Dunk Contest with Last Man Standing"}, {"author_id": 196996976, "id": 1495263513153056768, "text": "Out with the old, come with the new ! Last Man Standing is HAL Automatons latest 'post pandemic' release. Instrumental mixing elements of upbeat energetic dance &amp; rock.                   \nhttps://t.co/wwx4cdIeak https://t.co/zonglr804u"}, {"author_id": 1408304537132208130, "id": 1495262768223686664, "text": "RT @foreman_mwitu: Last man standing,  my foot\ud83e\udd26\u200d\u2642\ufe0f...First man sleeping \ud83e\udd73\ud83d\ude02\ud83d\ude02"}, {"author_id": 420875454, "id": 1495262338794074112, "text": "Out with the old, come with the new ! Last Man Standing is HAL Automatons latest 'post pandemic' release. Instrumental mixing elements of upbeat energetic dance &amp; rock.                                                  \nhttps://t.co/GBEtmW9Onr"}, {"author_id": 751054068974575616, "id": 1495262221739302918, "text": "RT @RenovaAlejandro: All it would take for the cookies to start crumbling is for pissed-off citizens to march on the cop shops with gats an\u2026"}, {"author_id": 1215497983, "id": 1495261243485343750, "text": "\"Yes, you are MY SUPERMAN and I'm YOUR SUPERFANs .. Since you are THE LAST MAN STANDING then I will be THE LAST FANs STANDING\" #ELFQuotes"}, {"author_id": 357870187, "id": 1495260872054386695, "text": "RT @SchissTime: The Last Man Standing Comeback soon \ud83d\ude0d\ud83d\ude0d\ud83d\ude0d\n\n\ud83d\udc99\ud83d\udc99\ud83d\udc99\ud83d\udd90\nI can\u2019t wait to listen to #Callin by #SUPERJUNIOR\u00a0\u00a0  @SJofficial #SuperJunior\u2026"}, {"author_id": 948260803110608896, "id": 1495260303604465666, "text": "All it would take for the cookies to start crumbling is for pissed-off citizens to march on the cop shops with gats and tell the bodgers to get gone. Once that happens, watch the entire rigged edice crumble into the streets as The Last Man Standing scene plays out. Hint. https://t.co/LToYUGhHw8"}, {"author_id": 1104334435665760256, "id": 1495260168061431809, "text": "Last man standing\ud83d\udc80\ud83d\udc80"}, {"author_id": 1441214437180915725, "id": 1495258098562318336, "text": "~ paraluman ~\n\n#ENHYPEN x oc au where in...\n\n7 boys who played the new transferee...what if one of them fall?\n\n: \"last man standing, wins.\" https://t.co/RG4Piyzq5Q"}, {"author_id": 1319480822798352386, "id": 1495257423019487233, "text": "I\u2019m just now watching that last man standing documentary.... like how did I miss this.?!"}, {"author_id": 1495129580029591559, "id": 1495256971037102087, "text": "I will never forget Tim, the 22 year\nold man who simped over\nSenku, Sakuna, and Dazai while we\ndiscussed anime when standing on\nan hour and a half line in Disney\nworld, which was the first and last\ntime I saw him"}, {"author_id": 1484132164413308936, "id": 1495256915626147844, "text": "RT @Stickman_STMAN: \ud83d\ude80 GAME TRAILER - STICKMAN'S BATTLEGROUND \ud83d\ude80\n\n\ud83e\uddbe #STMAN is a multi-device survival crypto game which creates a fictional u\u2026"}, {"author_id": 1472405963177349123, "id": 1495255643821084672, "text": "RT @Stickman_STMAN: \ud83d\ude80 GAME TRAILER - STICKMAN'S BATTLEGROUND \ud83d\ude80\n\n\ud83e\uddbe #STMAN is a multi-device survival crypto game which creates a fictional u\u2026"}, {"author_id": 1586720347, "id": 1495255339926974465, "text": "SUPER JUNIOR are my SUPERMAN and I\u2019m your\nSUPERFANS. Since you are THE LAST MAN\nSTANDING then I will be THE LAST FANS\nSTANDING"}, {"author_id": 1333837481054179332, "id": 1495254788904304645, "text": "RT @alsotimi: last man standing \ud83e\uddcd\ud83c\udffe\u200d\u2642\ufe0f\ne sure me die"}, {"author_id": 1400691680999657475, "id": 1495254467771441154, "text": "the last man standing in our sinister charade\nbeneath the crumbling arches of our counterfeit arcade\nhe nobly knelt before us, he sang our savior's chorus\nwe left him spinning bloody plates upon his broken blade, but\nthat's just the weight of the world"}, {"author_id": 1272576624601501696, "id": 1495254465733173248, "text": "RT @alsotimi: last man standing \ud83e\uddcd\ud83c\udffe\u200d\u2642\ufe0f\ne sure me die"}, {"author_id": 1138054730679234560, "id": 1495254267514470400, "text": "RT @Adisonaka: Last man standing \ud83d\ude02"}, {"author_id": 596299139, "id": 1495254258861572096, "text": "SUPER JUNIOR THE LAST MAN STANDING"}, {"author_id": 4257667395, "id": 1495252602367447047, "text": "RT @Salty_NZ: @JamesHalcrow If not then you show the man who's boss by standing right there and holding eye contact with security while you\u2026"}, {"author_id": 57758833, "id": 1495252215824621571, "text": "hear me out @NBA \u2026 let the all stars play 1 on 1 first basket wins style tournament. 2 losses and youre eliminated. keep going until there\u2019s a last man standing. last game to 5\n\n#NBAAllStar #NBA75"}, {"author_id": 114982033, "id": 1495251238958813186, "text": "@JamesHalcrow If not then you show the man who's boss by standing right there and holding eye contact with security while you eat every last one, dispose of bones in the handy bin provided, wipe your mouth on your sleeve, put your empty container on the X-ray belt, and walk on through."}, {"author_id": 24404102, "id": 1495250260779749378, "text": "Ran a Survivor simulation of this year's Oscar nominees (on https://t.co/zz9NRQQapD) and this result... Kodi being the last man standing at final seven and making it to the end and winning anyway, it just makes sense. https://t.co/mNix5zBDW7"}, {"author_id": 1362835985155899400, "id": 1495249143383609347, "text": "RT @EdenHallSeries: Seth McGinnis is the last single man standing and it's a lonely place to be. He decides he can't let Brogan's Pub be th\u2026"}, {"author_id": 835532431830593536, "id": 1495248750956138499, "text": "@politvidchannel I hope it comes down to the last man standing."}, {"author_id": 2916014183, "id": 1495247119267082243, "text": "Scout camping in February. I\u2019m the last man standing\u2026 https://t.co/44OAPnlu62"}, {"author_id": 1195805329726038018, "id": 1495245972393320449, "text": "RT @Stickman_STMAN: \ud83d\ude80 GAME TRAILER - STICKMAN'S BATTLEGROUND \ud83d\ude80\n\n\ud83e\uddbe #STMAN is a multi-device survival crypto game which creates a fictional u\u2026"}, {"author_id": 157430844, "id": 1495245285861253124, "text": "@NBAonTNT Dunk Contest sucks nowadays. They should play PIG with only one attempt. Last man standing wins."}, {"author_id": 1340233820684087296, "id": 1495244201474379777, "text": "Last man standing"}, {"author_id": 790512930538348544, "id": 1495243047021563913, "text": "RT @bbrightsenyo: Last man standing.\ud83e\uddcd\u200d\u2642\ufe0f \ud83d\udc40"}, {"author_id": 731357122902953984, "id": 1495241022175330306, "text": "RT @LucilleYao7: Im signing on...\nHappy and beautiful Sunday Good morning Friends Kakampink.\nThe last man standing is still a woman\nAnd thi\u2026"}, {"author_id": 31327090, "id": 1495240889014312964, "text": "Out with the old, come with the new ! Last Man Standing is HAL Automatons latest 'post pandemic' release. Instrumental mixing elements of upbeat energetic dance &amp; rock.              \nhttps://t.co/iYaeIwUBAz https://t.co/IL08m2vM5s"}, {"author_id": 1489187497540079616, "id": 1495239058309615618, "text": "@y2icon Last man standing https://t.co/k0REUAmlMP"}, {"author_id": 2729521216, "id": 1495238950331506699, "text": "RT @Winzol: Texas Lt. Gov. Dan Patrick vowed Friday to never let the state turn Democratic, calling the state the \"last man standing\" elect\u2026"}, {"author_id": 824471597670993920, "id": 1495238578057609217, "text": "RT @Winzol: Texas Lt. Gov. Dan Patrick vowed Friday to never let the state turn Democratic, calling the state the \"last man standing\" elect\u2026"}, {"author_id": 252808990, "id": 1495235337035161600, "text": "RT @LucilleYao7: Im signing on...\nHappy and beautiful Sunday Good morning Friends Kakampink.\nThe last man standing is still a woman\nAnd thi\u2026"}, {"author_id": 168584284, "id": 1495234768446754818, "text": "@MehekF @ravishndtv is probably the last man standing."}, {"author_id": 444214318, "id": 1495233824552329217, "text": "RT @LivingDeadTeds: \ud83d\udea8FIRST HOLDERS TOURNAMENT EVER!\ud83d\udea8\nWe will be hosting the first ever last man standing tournament for our holders!\n\ud83d\udca5the p\u2026"}, {"author_id": 92218788, "id": 1495231862834446336, "text": "RT @Norway4Trump: Break a leg, Tim! \ud83d\udc4d\n\nTim Allen is THE funniest guy in America! \nLast Man Standing: Show Me Otherwise! \ud83e\udd23"}, {"author_id": 1492309743985049600, "id": 1495231201627422720, "text": "RT @LucilleYao7: Im signing on...\nHappy and beautiful Sunday Good morning Friends Kakampink.\nThe last man standing is still a woman\nAnd thi\u2026"}, {"author_id": 1218720435744972800, "id": 1495231042483015680, "text": "@Philosophierol4 Last man standing  bruh\ud83d\ude02"}, {"author_id": 1218720435744972800, "id": 1495230936178475009, "text": "RT @Philosophierol4: Last man standing \ud83e\udd17\u270d\ud83d\ude05\ud83d\ude05"}, {"author_id": 260445031, "id": 1495229764080181250, "text": "@KrisAquinoWORLD Yes the last man standing is a girl\ud83d\ude06\ud83d\ude06"}, {"author_id": 1103366005, "id": 1495229669414776835, "text": "@nunu_moloto This is how I'm gonna Sleep,and since I'm Standing, That makes me Last man Standing...\ud83d\ude0f https://t.co/tDlk0hvnB5"}, {"author_id": 92218788, "id": 1495229051405213696, "text": "Break a leg, Tim! \ud83d\udc4d\n\nTim Allen is THE funniest guy in America! \nLast Man Standing: Show Me Otherwise! \ud83e\udd23 https://t.co/ucxpm2YZAx"}, {"author_id": 1027381644653670400, "id": 1495228718721216512, "text": "RT @TimAlle97055825: 14. Favorite TV show right now?\n\nMe...Last Man Standing"}, {"author_id": 1362540447894278150, "id": 1495227444655181827, "text": "RT @Baby1Spurs: He must be the last man on Earth standing ! Hahaha \ud83e\udd2a https://t.co/EuRkSrcCnd"}, {"author_id": 1452718653011644434, "id": 1495224071478554626, "text": "full body cum tubes the last man standing lexi porn tube - https://t.co/Ge9VezxP9F https://t.co/NMLsUJ7nnc"}, {"author_id": 1209795765549305856, "id": 1495222605779017742, "text": "@BrookIynmbe last man standing. \ud83e\udda6"}, {"author_id": 1357512581234233344, "id": 1495222546475765760, "text": "RT @wholesomename: What: \n\nHuge vulnerability been exploited and jpegs are getting stolen left and right. \ud83d\udc6e\ud83d\ude93\ud83d\udea8\n\nWhy: \n\nNo one knows - prime\u2026"}, {"author_id": 2369305003, "id": 1495222479400292352, "text": "RT @TimAlle97055825: 14. Favorite TV show right now?\n\nMe...Last Man Standing"}, {"author_id": 1301521497723490306, "id": 1495221746194071555, "text": "RT @Winzol: Texas Lt. Gov. Dan Patrick vowed Friday to never let the state turn Democratic, calling the state the \"last man standing\" elect\u2026"}, {"author_id": 1459897460571000836, "id": 1495221629420507143, "text": "Last man standing \ud83c\udf7b\ud83e\udd42"}, {"author_id": 737611002, "id": 1495221621711417347, "text": "@TimAlle97055825 I really like Last Man Standing too."}, {"author_id": 1835794712, "id": 1495221373035491328, "text": "[BOT] Super Junior The Last Man Standing"}, {"author_id": 1068940082722140160, "id": 1495220855558656000, "text": "RT @SchissTime: The Last Man Standing Comeback soon \ud83d\ude0d\ud83d\ude0d\ud83d\ude0d\n\n\ud83d\udc99\ud83d\udc99\ud83d\udc99\ud83d\udd90\nI can\u2019t wait to listen to #Callin by #SUPERJUNIOR\u00a0\u00a0  @SJofficial #SuperJunior\u2026"}, {"author_id": 1492358792587190276, "id": 1495220246105542656, "text": "@timothy_hix @eazye41854 @Dee80840357 @BackupHangman Your so negative \ud83d\ude02 hes a heel in a last man standing and he sold really well he looked good has a lot of potential just needs a new gimmick and away from corbyn. And wwe like him"}, {"author_id": 1492605242478940162, "id": 1495220161405673476, "text": "I bet he's been shitting himself when he saw the carnage of Brock in the chamber plus Austin Theory he knew that he's the last man standing going against Lesnar and he tried to escape but there's no way out he's finished"}, {"author_id": 954930310365548545, "id": 1495219903976120322, "text": "14. Favorite TV show right now?\n\nMe...Last Man Standing"}, {"author_id": 995178651191824385, "id": 1495219557581168643, "text": "The last man standing of the SBC https://t.co/RR9SInc2ng"}, {"author_id": 1198291756225384449, "id": 1495219431022239745, "text": "RT @Winzol: Texas Lt. Gov. Dan Patrick vowed Friday to never let the state turn Democratic, calling the state the \"last man standing\" elect\u2026"}, {"author_id": 1439191095615934473, "id": 1495218938761916416, "text": "RT @Pluggemmy: It's save to say im the last man standing..."}, {"author_id": 1417795043046436866, "id": 1495218872726790144, "text": "RT @Pluggemmy: It's save to say im the last man standing..."}, {"author_id": 1417795043046436866, "id": 1495218823770918912, "text": "It's save to say im the last man standing..."}, {"author_id": 1148625471669755906, "id": 1495217483590086660, "text": "No cap in my rap\u2026 I was the last man standing tonight #AnotherDub https://t.co/rvPGawirw9"}, {"author_id": 1079711484232515586, "id": 1495216691420274696, "text": "Last man standing got 2 guns left ffs"}]