[{"author_id": 1404132990867808257, "id": 1495283961060524032, "text": "RT @Priyal_krusher: For me, #PyaarEkTarfaa was not just the biggest song but also a big surprise. Bringing 3 of my most favorite legends to\u2026"}, {"author_id": 1491847008411262976, "id": 1495274016172437508, "text": "RT @Priyal_krusher: For me, #PyaarEkTarfaa was not just the biggest song but also a big surprise. Bringing 3 of my most favorite legends to\u2026"}, {"author_id": 47858972, "id": 1495273723347275778, "text": "This Yellowstone series really have me thinking I can pull off being a cowboy\n\nOn some Legends of The Fall type shit. \n\nI could pull off the look\u2026."}, {"author_id": 1179621692982923264, "id": 1495261350972444672, "text": "RT @Nairobi3601: @TundeTASH 7/10s ON STORY LINE &amp; CINEMATOGRAPHY\nShutter Island\nThere Will Be Blood\nPulp Fiction\nInglourious Basterds\nFind\u2026"}, {"author_id": 330410341, "id": 1495254964876292098, "text": "@JacobABlackwell You\u2019ve never seen Legends of the Fall??? https://t.co/8ePcr2ooOG"}, {"author_id": 10207502, "id": 1495249248086110210, "text": "@OdysseyFunk Netflix series Narcos, Narcos Mexico and El Chapo, Legends of the Fall, Kelly's heroes, Twins, Lord of War, Predator, True Lies, Serpico, Lawless, Battle of Athens TN 1949,"}, {"author_id": 402135221, "id": 1495245507672920068, "text": "RT @ErikStorey: @MauriceRuffin That's how Harrison's Legends of the Fall reads to me."}, {"author_id": 788154243157004289, "id": 1495241411654041601, "text": "@SvenTystnad Well. Julia Ormond in Legends of the Fall?"}, {"author_id": 1404116937781563392, "id": 1495230558787584000, "text": "@emma__jenner1 Legends of the fall"}, {"author_id": 41798562, "id": 1495218702786375681, "text": "@TheS_NFT looking for new owner,\nCheck out Legends of the Fall by Senja- Selling Historical Art  at https://t.co/RVRK4YF8Xd NFT! https://t.co/d7C8K6GBKf via @cryptocom"}, {"author_id": 41798562, "id": 1495217318049488896, "text": "Check out Legends of the Fall by Senja- Selling Historical Art  at https://t.co/RVRK4YF8Xd NFT! https://t.co/d7C8K6GBKf via @cryptocom"}, {"author_id": 41798562, "id": 1495216510419505153, "text": "MINT only 1, some of the proceed goes to charity\n#NFTSociety #NFTs #NFTartists  #nftcollectors\n#NFTartwork #NFTCommunity #NFTProject\nCheck out Legends of the Fall by Senja- Selling Historical Art  at https://t.co/RVRK4YF8Xd NFT! https://t.co/nJS3QBYO36 via @cryptocom"}, {"author_id": 966398972, "id": 1495208523541753866, "text": "@MauriceRuffin That's how Harrison's Legends of the Fall reads to me."}, {"author_id": 6169652, "id": 1495207162838228993, "text": "@indefinitealias @responsiblerob I just saw legends of the fall last year, I thought it was kind of banal"}, {"author_id": 1031694062259236864, "id": 1495200334389649408, "text": "@responsiblerob Legends of the Fall\nInglorious Basterds\nFigut Club\nAssassination of Jesse James\n\nReally tho its True Romance or bust."}, {"author_id": 769567745931345920, "id": 1495198386206691331, "text": "RT @shesaidsports8: I\u2019m a sucker for \u201cLegends of the fall\u201d hands down my favorite #bradpitt movie https://t.co/BcZqAFeCeD"}, {"author_id": 1464301118889107457, "id": 1495197451573252097, "text": "@responsiblerob No love for Legends of the Fall or A River Runs Through It on the thread is crazy / testament to strength of the filmography"}, {"author_id": 1438245522133983232, "id": 1495193133180764163, "text": "RT @shesaidsports8: I\u2019m a sucker for \u201cLegends of the fall\u201d hands down my favorite #bradpitt movie https://t.co/BcZqAFeCeD"}, {"author_id": 1069352708400922624, "id": 1495188324050513931, "text": "RT @1cho1ri: Theme:Irelia from League of legends struggling with her tight spandex clothes.\nNowadays I'm kinda addicted to the expression r\u2026"}, {"author_id": 2165721133, "id": 1495183852494594050, "text": "RT @1cho1ri: Theme:Irelia from League of legends struggling with her tight spandex clothes.\nNowadays I'm kinda addicted to the expression r\u2026"}, {"author_id": 1468459848132366343, "id": 1495168861057863680, "text": "Legends of the Fall (1994)\n despite its flaws , secretary stays in your head and makes you question your own firmly held positions .\n Rating: \u2b50\u2b50\u2b50\u2b50\u2b50"}, {"author_id": 1112371791773732878, "id": 1495167086699720707, "text": "@preljubazna Legends of the Fall"}, {"author_id": 1167772490275393537, "id": 1495159550512664576, "text": "@TundeTASH 7/10s ON STORY LINE &amp; CINEMATOGRAPHY\nShutter Island\nThere Will Be Blood\nPulp Fiction\nInglourious Basterds\nFind Carter\nApocalypse Now\nReservoir Dogs\nBlade Runner\nSaving Private Ryan\n1917\nOblivion\nEdge of Tomorrow\nHannibal\nGet Carter\nInception\nLegends Of The Fall\nMoonlight\nArrival"}, {"author_id": 703318593488842752, "id": 1495118101549096971, "text": "@AdamCrigler Legends of the Fall (of western civilization)"}, {"author_id": 817388865023524864, "id": 1495116759992516612, "text": "@Iadyromanoff legends of the fall"}, {"author_id": 1422750523283890180, "id": 1495088222526922757, "text": "Legends of the Fall is such a good movie\ud83d\ude2d\ud83d\ude2d\ud83d\ude2d if you haven\u2019t watched it, it\u2019s a must!"}, {"author_id": 124282963, "id": 1495087246046732289, "text": "Legends of The Fall Brad Pitt is the most beautiful man ever. https://t.co/9EaXCE2Eta"}, {"author_id": 206167805, "id": 1495083335655247889, "text": "@TundeTASH Legends of the fall"}, {"author_id": 3471874875, "id": 1495079739857457155, "text": "@SunderlandAFC Shambolic on the pitch, a complete disgrace off it. I\u2019m done. Donald &amp; Methven need to get out of our club. Make some meaningful investment in the playing squad. Stop driving club legends out of the club. Never thought I\u2019d fall out of love with the club but I have"}, {"author_id": 602425373, "id": 1495078211629326341, "text": "I\u2019m a sucker for \u201cLegends of the fall\u201d hands down my favorite #bradpitt movie https://t.co/BcZqAFeCeD"}, {"author_id": 431166833, "id": 1495077119176572928, "text": "Brad Pitt with long hair.\ud83d\ude0d #nw Legends of the Fall."}, {"author_id": 1150105413959872513, "id": 1495063862265409536, "text": "@ILoveCoreyHaimw I love you too Tristan \ud83d\ude18 \ud83d\udc93 And the good movie \ud83c\udfac \ud83c\udf9e Legends of the fall \u2763\u2763\u2763\u2763"}, {"author_id": 9917162, "id": 1495061483067215878, "text": "@alice_wynn Legends of the Fall is on STARZZZ"}, {"author_id": 2815699020, "id": 1495057489112539140, "text": "Legends of the fall da 3eyaaat till forever \ud83d\udc94"}, {"author_id": 2886461590, "id": 1495045339656581122, "text": "Check out this listing I just added to my #Poshmark closet: Legends of the fall Tristar VHS video tape. https://t.co/8gTxI90SCi #shopmycloset @poshmarkapp"}, {"author_id": 1375551018721812486, "id": 1495029879829516290, "text": "@HmJileswrites Legends of the Fall"}, {"author_id": 1464395614553518080, "id": 1495028792489877508, "text": "Legends of the fall https://t.co/QIE6GYjRa7"}, {"author_id": 1075867050, "id": 1495023319321620480, "text": "@Alderdoodle The end of an age! However the chips fall, a full campaign ending is such a feat! Congrats to you, and good luck to your players - may the legends shine favourably upon them, in victory or defeat. And may a stellar DM draw inspiration for the next go \u2018round from the outcome \ud83d\ude09"}, {"author_id": 99150337, "id": 1495002717646950403, "text": "@TundeTASH The patriot \nBrave heart\nThe good, the bad and the ugly!\nLegends of the fall\nSaving private Ryan \nEnemy at the gate\nShawshank redemption \nHacksaw ridge \nThe passion of the Christ\nThe sound of Music\nComing to America \nOne flew over the cockoo\u2019s nest \nThe hateful eight\nRaging bull"}, {"author_id": 456394267, "id": 1494958406712573952, "text": "Brad Pitt really and truly peaked in Legends of the Fall."}, {"author_id": 1373995423220822021, "id": 1494942569129730048, "text": "@ManleyWendy75 The Silver Ass (Bullet)\nFrom Dusk Till Ass (Dawn)\nLegends of the Ass (Fall)\nMan in the Ass (Moon)\n47 Asses Down (Meters)"}, {"author_id": 1064736288098656256, "id": 1494935192812900352, "text": "Legends of the Fall\u2026 extreme greatness. Facts."}, {"author_id": 1933374348, "id": 1494928956012720131, "text": "RT @IndicWarriors: States fall, empires break, dynasties become extinct, but the legends of son of the soil remain like an imperishable his\u2026"}, {"author_id": 1457337642664685576, "id": 1494927570604679168, "text": "RT @IndicWarriors: States fall, empires break, dynasties become extinct, but the legends of son of the soil remain like an imperishable his\u2026"}, {"author_id": 1290703221535543296, "id": 1494907188930035713, "text": "States fall, empires break, dynasties become extinct, but the legends of son of the soil remain like an imperishable historical legacy.\n\nASPIRE.\nRECLAIM.\nBe Proud of who you are and where you came from \ud83d\ude4f\ud83d\ude4f\ud83d\ude4f.\n\nPass it to the next generation. https://t.co/pGN36Q8c7B"}, {"author_id": 1262101198859051008, "id": 1494903568968654849, "text": "RT @TheAbsol: I stumbled upon MULTIPLE awful \"how to install Legends Arceus on your phone\" videos, and these are the perfect example of why\u2026"}, {"author_id": 161793134, "id": 1494901354720026628, "text": "@DisneyFoodBlog As a matter of fact, I not only saw them in the parks. I met four Disney legends back when I was in the Disney College Program during the Fall 2012 program! Paige O\u2019Hara, John Musker, Ron Clements and Jodi Benson. https://t.co/koCcAQxtBT"}, {"author_id": 1489749157422190600, "id": 1494888060365987844, "text": "Legends of the Fall. https://t.co/uN7FICFfGB"}, {"author_id": 3049759890, "id": 1494881741357551616, "text": "RT @TheAbsol: I stumbled upon MULTIPLE awful \"how to install Legends Arceus on your phone\" videos, and these are the perfect example of why\u2026"}, {"author_id": 1324519061582204930, "id": 1494879337937522688, "text": "@Yopsports @HiveCards @breakingbald2 Not sure if Introductions is an insert $3.50 PWE \nBrady legends of the fall (2020 Donruss blister pack inserts) $5.50 PWE https://t.co/LbEVUR8dAZ"}, {"author_id": 1166734702255980545, "id": 1494879322351538178, "text": "@HmJileswrites Legends of the Fall https://t.co/pscpqM58df"}, {"author_id": 1265112267173085187, "id": 1494876455876149251, "text": "RT @TheAbsol: I stumbled upon MULTIPLE awful \"how to install Legends Arceus on your phone\" videos, and these are the perfect example of why\u2026"}, {"author_id": 834820987141111808, "id": 1494869684759535618, "text": "GGWP to Reckless NA Zeta as the CYBEARS BLUE fall 0-3. \n\nWe'll be back on Sunday with some League of Legends action! https://t.co/OjnGG8iJOA"}, {"author_id": 1045068746493251590, "id": 1494864834625609732, "text": "@Bacardisour @Dera_Africana @JustinTrudeau Without an initiating force seems impossible. I don\u2019t believe that the myths/legends told in the Bible are factual depictions necessarily: but I d believe they initiated from some truth.  For example, The Fall and the knowledge of good and evil I think symbolizes humanity.."}, {"author_id": 10694652, "id": 1494850373164613632, "text": "@by_jmiller Why do they always have the \u201clegends of the fall\u201d movie poster design?"}, {"author_id": 499425682, "id": 1494846232082141190, "text": "@HmJileswrites Heat\nLegends of the Fall \nSe7en\nSilence Of The Lambs\nFace/Off"}, {"author_id": 1429631011210530831, "id": 1494845288221188099, "text": "@HmJileswrites Legends of the Fall (I was 14 and long haired so at the time Brad Pitt was soooo cool to me) \nGreat cinematography and movie as well!"}, {"author_id": 1494811142904025094, "id": 1494831450176335872, "text": "[Legends spoke of a creature that lives in a lonely forest, awaiting for unlucky (or lucky) adventurers to fall into it's clutches, the fate these adventurers face isn't that of Doom, but of absolute bliss, to live forever in pleasure, to only k ow the loving tendrils]\n\n(Open Rp) https://t.co/1BElkvvI4r"}, {"author_id": 2744603422, "id": 1494821402561626112, "text": "I got like 10 minutes into Pok\u00e9mon Legends Arceus and wanted to fall asleep. I mean, part of that is that it was late at night. The rest of that is wowwwy the setup to this is fucking boring just let me run around, my guys."}, {"author_id": 1084216665930387457, "id": 1494804919139848194, "text": "Legends of the Fall \u2022 The Ludlows \u2022 James Horner https://t.co/7WXQYFChZU via @YouTube"}, {"author_id": 1085020762149449729, "id": 1494794012070453258, "text": "@JAWSGames Well wtf that still doesn't make sense. That doesn't even fall in line with any legends lore at all. At least The Mandolorian brings it up at least once that although the empire had fallen the remanence that was left behind was still trying to devise ways of"}, {"author_id": 902307872054231040, "id": 1494788397470150663, "text": "@TwitterMovies Jamie Foxx as Django  \nHalle Berry as Catwoman\nDjimon Hounsou in blood diamond\nSidney Poitier in to Sir with love\nBenicio Del Toro in both Sicario's\nDenzel  in Malcolm X\nChris Evans in Captain America\nBrad Pitt in legends of the fall\nGraham Greene in Thunderheart \nMargot Robbie"}, {"author_id": 2790905798, "id": 1494783276547932161, "text": "@HmJileswrites Legends of the Fall won the Oscar for its Cinematography https://t.co/NXonhSnPpb"}, {"author_id": 731203257515663360, "id": 1494778454243516416, "text": "@JohnLegere On a TV that nice, I'd watch Legends of the Fall.  The cinematography in that film would be something amazing to see on this screen.  #JohnsRandomActsOfKindness"}, {"author_id": 1476484231530491908, "id": 1494767706536566792, "text": "-that are just as insignificant or even worse just because they wear some shiny piece of jewelry.\u201d \n\nHer shoulders lift and fall with a deep breath. \n\n\u201cDespite what the legends say, I don\u2019t kill out of entertainment or joy, simply to survive. I don\u2019t seek out trouble or-"}, {"author_id": 366872253, "id": 1494747826106032130, "text": "Today was Gamba Adisa(Audre Lorde) and Toni Morrison's birthday. For some reason, remembering that these 2 legends' birth dates fall on the same day has always been a moment of joy for me. \n\nMy heart! May they rest in eternal peace."}, {"author_id": 996893383653289990, "id": 1494729980835729418, "text": "@Michael30931445 I do agree to that, Legends abilities used to be double edged swords, and most of the OG cast still are, and they fall behind unless they had a good kit from the start, like Wraith and Gibby. They started going insane and all in on tacts that hurt or scan"}, {"author_id": 1324969859822673929, "id": 1494721729448583174, "text": "@Aydan_me01 Legends of the Fall"}, {"author_id": 1169367081805963266, "id": 1494716802798026754, "text": "My parents used to take us to the movie but most times we had to go to one that they chose. Was Legends of the Fall age-appropriate for a 9-year old? Debatable."}, {"author_id": 1451876768327954433, "id": 1494685927670956032, "text": "RT @Priyal_krusher: For me, #PyaarEkTarfaa was not just the biggest song but also a big surprise. Bringing 3 of my most favorite legends to\u2026"}, {"author_id": 314354725, "id": 1494648690023170050, "text": "RT @General_isuses: This is the kind of warzone shenanigans thing I expect legends like @T_MECH30 to fall foul too.\nhttps://t.co/fbZl0Lk5zI"}, {"author_id": 1170345548341305344, "id": 1494648538847973377, "text": "This is the kind of warzone shenanigans thing I expect legends like @T_MECH30 to fall foul too.\nhttps://t.co/fbZl0Lk5zI"}, {"author_id": 2269386540, "id": 1494602231517224980, "text": "@TiltedKoe @Kaztics @PVPX_ All legends have a sort of jetpack on their waist, you can see them using it in cinematics to avoid fall damage or in the game itself when you are landing \nNice try but bad example xd"}, {"author_id": 1231273888585306113, "id": 1494595537072447489, "text": "@curlyyyyyyi Legends of the fall"}, {"author_id": 1436549674727399432, "id": 1494591916893097985, "text": "A story from the Legends of the Fall,revenge,revenge of a lustful man begins.From Jim Harrison's novel.\nhttps://t.co/sHpcuyuyNR"}, {"author_id": 1494537127215788033, "id": 1494573243780329474, "text": "@kourtneykardash I'm IN  !! I'm a low Falsetto. : ( But I learned that GiGi might be too like Miley (after the fact). I don't care, If it's karaoke, Screw'em !! (Legends of the Fall). Blink, Blink. Chow : )"}, {"author_id": 1461101759347118087, "id": 1494569228078223363, "text": "5 movies that you would have preferred had a different ending.\n\nI'll start ...\n\nLegends of The Fall\nDeer Hunter\nEducating Rita\nThe Break Up\nSweet November"}, {"author_id": 1173256421095464960, "id": 1494567447063679017, "text": "Watching Legends of the Fall. Brad\u2019s most beautiful role\u2026\u2026. \ud83d\ude0d\ud83d\ude0d https://t.co/xAHtasw1R4"}, {"author_id": 107858448, "id": 1494564263888703494, "text": "Legends of the Fall https://t.co/j2y52DvHE2"}, {"author_id": 792055816228659200, "id": 1494555036533338113, "text": "@ThatEricAlper Tristan in Legends of the Fall. After a long absence from home, you hear the hooves of hundreds of horses running towards the house, they appear over the plain. At first you don't see Tristan and then he appears amongst the horses. Brilliant cinematography."}, {"author_id": 92932386, "id": 1494547591719276551, "text": "RT @Sahibbassey: @ImranSZN DAWN FM\nPink Friday\nAfter Hours\nPlanet Her\nTwice As Tall\nCertified Lover Boy\nThank u, Next\nLaughter, Tears &amp; Goo\u2026"}, {"author_id": 198437846, "id": 1494544946040242180, "text": "Getting stoned and watching Legends of the Fall in the garage and NOT working out like I\u2019m supposed to"}, {"author_id": 1412894318277312521, "id": 1494527076002668544, "text": "Cold days like today just make me want to cuddle up into a blanket and sleep but then I remember I have like the worst sleeping schedule possible and can't fall asleep So I'm just watching somebody play Legends of Arceus and being jealous that I'm not good at video games"}, {"author_id": 869417417327480832, "id": 1494520204436647938, "text": "@TweetsBy_Steph \"Casablanca,\" \"Always,\" \"She Wore a Yellow Ribbon,\" \"Giant,\" \"Legends of the Fall,\" \"The Pink Panther (1963),\" \"Valkyrie,\" \"A Few Good Men.\""}, {"author_id": 1239324471275573248, "id": 1494518863161364483, "text": "RT @Scuttlebutter01: @ColeenMacK_AUS @JaneCaro @bairdjulia 'Approved' by whom? Public or Private schools? How does this even work\ud83e\udd37\u200d\u2640\ufe0f that\u2026"}, {"author_id": 4293567141, "id": 1494512517430792200, "text": "The operation is legends of the fall"}, {"author_id": 165464974, "id": 1494511298545078283, "text": "@BoosterTherapy So many cards that fall through the cracks. I don't remember it and have opened 4 boxes of Commander Legends. Thanks for the heads up!"}, {"author_id": 4293567141, "id": 1494507542558429184, "text": "The operati9n is legends of the fall at 3 L pole"}, {"author_id": 1283380216711217153, "id": 1494499308791644164, "text": "Watching legends of the fall for Brad Pitt &lt;3"}, {"author_id": 2423947831, "id": 1494496592526815248, "text": "@tchoupa_style @judelawtheceleb Legends of the Fall. A River Runs Through it. So dreamy\u2026\u2026"}, {"author_id": 337715205, "id": 1494489542862286856, "text": "@tchoupa_style @judelawtheceleb I saw Legends of the Fall in my Prime suggestions last week and had to take a moment in memoriam"}, {"author_id": 1122816631, "id": 1494464450866388993, "text": "You two made me fall in love with figure skating and wait for new competitions and opportunities to see you doing magic. Two brilliant talens and legends of the sport. Quads, fifths, here they come \u26f8\ufe0f FUCK I STILL CAN'T GET OVER IM SO STRESSED https://t.co/lLHAr9Ix9I"}, {"author_id": 1237495919802757121, "id": 1494460118351683590, "text": "Watching the end of Legends of the Fall\n\nThis dude gets eaten by a grizzly bear \n\nNarrator is like \"it was a good death\"\n\nNo the fuck it wasn't"}, {"author_id": 1210260020467818497, "id": 1494457145802301446, "text": "@AliPlumb Legends of the Fall (1994)\n\nJames Horner\u2019s \u201cThe Ludlows\u201d is among the most beautiful themes I\u2019ve ever heard, but (in my opinion) the script does not merit such musical grandeur. Not a bad film, but I found myself stifling laughter during scenes that weren\u2019t intended to be funny."}]