[{"author_id": 3293718839, "id": 1495281198683332609, "text": "@RoanokeMarxist I'm a weirdo, I love reading mythology and cosmology and I know so much of the book already that I'm excited to read it. My brother and I grew up reading encyclopedias for fun, and one of my favorite novels is Les Miserables. I am ready for the challenge. \u263a"}, {"author_id": 291250389, "id": 1495279524631699457, "text": "RT @gegallas: \ud83d\udcd6\ud83c\udf6b OLD WRAPPER SALE!!\n\nWe're sold out of Pride and Prejudice, Les Mis\u00e9rables, and The Raven.\n\nOnly 2 A Christmas Carol left!\u2026"}, {"author_id": 1443762105723850755, "id": 1495279152768987139, "text": "RT @mfhsmusical: Redemption and second chances is what our show is about this year. https://t.co/Mdddw6MW8P #mtfproud"}, {"author_id": 827043384518856707, "id": 1495274191066570755, "text": "RT @LovesNotNumbers: SUE REES, 74, \u201cwas not a nobody. She was the sort of person who saw Les Mis\u00e9rables 6 times \u2013 &amp; convinced [her daughter\u2026"}, {"author_id": 376550023, "id": 1495268024537944064, "text": "Let\u2019s Les Miserables this bitch"}, {"author_id": 1311160927832608771, "id": 1495266295322845189, "text": "RT @caleblagayan: Making my Marius debut in Les Mis\u00e9rables today in Glasgow, and I\u2019m doing it for every Asian boy who ever thought they cou\u2026"}, {"author_id": 989175694369345538, "id": 1495261464063614979, "text": "RT @Chyanne1107: This man reminds me of Javier- from Les Mis\u00e9rables, he becomes obsessed with the pursuit and punishment of the protagonist\u2026"}, {"author_id": 923968203872665602, "id": 1495260851477131271, "text": "@KyleKashuv Great consideration\u2026 maybe\u2026 we\u2019ll, that age group needs this:\nhttps://t.co/vjwnvAA9so\n(For example day by day chapter a day Les Miserables read aloud and commentary too\u2026)"}, {"author_id": 906044657859141632, "id": 1495257550098296832, "text": "RT @JessfromW: Watching #LeaSalonga \u2764\ufe0f singing Les Miserables"}, {"author_id": 1361329752670408708, "id": 1495254088597966849, "text": "RT @ImRealBunty: When I was little, I saw the play 'Les Miserables' on Broadway, I thought it was the most amazing thing I have ever seen.\u2026"}, {"author_id": 1422305696109010947, "id": 1495250275455672324, "text": "@CPIisBS Les Miserables is by far the best musical ever."}, {"author_id": 73948499, "id": 1495247972526923777, "text": "playin fuckin les miserables goddamn"}, {"author_id": 1235876611251003392, "id": 1495245278235934720, "text": "RT @HA3S00P: Les Mis\u00e9rables of Young You\n#FigureSkating #\uc720\uc601 https://t.co/ft54HQClpy"}, {"author_id": 187548649, "id": 1495244216930168834, "text": "@AcuffBrose @Stonekettle I have. \"Where is your army of schoolmasters, the only army which civilization acknowledges?\"  Victor Hugo, \"Les Miserables"}, {"author_id": 3009702832, "id": 1495243738884579340, "text": "Watching Les Mis and just remembering the fact that so many c*nfederates were like \u201cwe\u2019re Lee\u2019s Miserables, this book *gets* us\u201d when Victor Hugo\u2014an abolitionist supporter of John Brown\u2014made the most REPREHENSIBLE character move to the American South to become an enslaver."}, {"author_id": 920726819053166594, "id": 1495241610552094720, "text": "RT @gegallas: \ud83d\udcd6\ud83c\udf6b OLD WRAPPER SALE!!\n\nWe're sold out of Pride and Prejudice, Les Mis\u00e9rables, and The Raven.\n\nOnly 2 A Christmas Carol left!\u2026"}, {"author_id": 1296243622342463488, "id": 1495241536786903041, "text": "RT @gegallas: \ud83d\udcd6\ud83c\udf6b OLD WRAPPER SALE!!\n\nWe're sold out of Pride and Prejudice, Les Mis\u00e9rables, and The Raven.\n\nOnly 2 A Christmas Carol left!\u2026"}, {"author_id": 26744178, "id": 1495241250097836033, "text": "Vince was THEATRE. these guys are just Les Miserables"}]