[{"author_id": 3396665361, "id": 1495181847604645894, "text": "just cried while making dinner/\nfeeling like im in the movie like water for chocolate"}, {"author_id": 976612569912893441, "id": 1495149721681285124, "text": "@preljubazna Like Water For Chocolate, The Princess Bride, Roman Holiday, Brooklyn, Something Borrowed, Charade, About Time..."}, {"author_id": 1332886780807442434, "id": 1495136796526755841, "text": "@furretfunnypriv chocolate ice cream tastes like dumpster water. its just doesn't taste right for some reason."}, {"author_id": 1448031761871486978, "id": 1495104104502214657, "text": "@LizKyfer Wash them thoroughly and make roast Cornish hens with fresh rose petal sauce with the recipe from the book/movie \"Like Water for Chocolate.\""}, {"author_id": 1206363241099608064, "id": 1495092730577362950, "text": "RT @bales1181: #Bales2022FilmChallenge  \n\nDay 17 Cabbage Eaten in Movie\n\n48) Charlie and the Chocolate Factory - Only this version could li\u2026"}, {"author_id": 1195802794218967042, "id": 1495087389013950468, "text": "1st knockout stage -&gt; Poll 2427/2548\n\nCommon - \"Like Water for Chocolate\" (2000)\nVS.\nThe Roots - \"undun\" (2011)\n\nWho should be qualified for the 2nd knockout stage?"}, {"author_id": 233718748, "id": 1495085643277475840, "text": "RT @bales1181: #Bales2022FilmChallenge  \n\nDay 17 Cabbage Eaten in Movie\n\n48) Charlie and the Chocolate Factory - Only this version could li\u2026"}, {"author_id": 1005114516693188608, "id": 1495078171665915906, "text": "Girl. \n\nWhy did it just hit me that Encanto is nothing more than a child-version of Like Water for Chocolate??? \ud83d\ude29"}, {"author_id": 1248141483619672065, "id": 1495077399213469699, "text": "RT @bales1181: #Bales2022FilmChallenge  \n\nDay 17 Cabbage Eaten in Movie\n\n48) Charlie and the Chocolate Factory - Only this version could li\u2026"}, {"author_id": 835939837, "id": 1495076788464201735, "text": "#Bales2022FilmChallenge  \n\nDay 17 Cabbage Eaten in Movie\n\n48) Charlie and the Chocolate Factory - Only this version could live in the head of Tim Burton. I wonder what the new one will be like. The Buckets ate cabbage water for dinner. 2005 #365Movies 3/5 https://t.co/TqqHepxUzb"}, {"author_id": 711806046998798336, "id": 1495049816350593025, "text": "@JamesMordechai It's been hard. It's so difficult to not eat any chocolate. But I want to make a lifestyle change so I'm trying to keep it up. I stopped drinking sodas for the same reasons nearly 4 years ago. Now all soda just taste like sugar water. Really gross."}, {"author_id": 2398527120, "id": 1495012617236197381, "text": "Today, I am listening to @common!!! His entire catologue is amazing, from Be to Resurrection, Like Water for Chocolate, Finding Forever, A Beautiful Revolution (Pt 1 &amp; 2). I am showing love to one of my favourite rappers."}, {"author_id": 12927762, "id": 1494893617340682240, "text": "@zachbgilbert Like Water for Chocolate."}, {"author_id": 165185776, "id": 1494882758648336384, "text": "@kaster_troy14 It\u2019s such a departure from Like Water For Chocolate that I think it\u2019s his least listened to album."}, {"author_id": 104980346, "id": 1494870732748115968, "text": "@itsdoctorjoel I'm just watching J. now. Not to brag (maybe just a bit), but Laura Esquivel's novel came up. Unlike the contestants, I not only know it's \"Like Water for Chocolate\", but I have a copy on my shelves, have spoken w/ the English translators, and moderated discussion on the book.\ud83d\ude09"}, {"author_id": 45933375, "id": 1494865199383433216, "text": "Bout to pay @common to perform Like Water For Chocolate from front to back"}, {"author_id": 1487439101854982148, "id": 1494845337755914240, "text": "@qkhileshwar listen to Like Water For Chocolate, probably his best album"}, {"author_id": 989596963, "id": 1494839526681944064, "text": "RT @JamesSpitFlames: @kaster_troy14 It was never a bad album, just a bad follow up to like water for chocolate"}, {"author_id": 1426078208445894662, "id": 1494838829315936258, "text": "chocolate milkshake tastes like chocolate except you left it outside in the rain for 2 days and then diluted it with water\n\nin other words it\u2019s edible i guess"}, {"author_id": 99018489, "id": 1494838290469605385, "text": "@kaster_troy14 It was never a bad album, just a bad follow up to like water for chocolate"}, {"author_id": 87265931, "id": 1494815063072464901, "text": "@djkadilac @EnterDaDome As someone who always thought of Like Water for Chocolate as Commons best album I had to re think that position after Kanye produced those two. BE is incredible and FF isn\u2019t far behind it"}, {"author_id": 785997063213506560, "id": 1494796803765678086, "text": "@ardentsiren Bitter dirty water for me. I like hot chocolate."}, {"author_id": 818018046, "id": 1494792935774248963, "text": "\u201cA man equal to loving someone who needed love as much as she did, a man like him.\u201d\n\n- Like Water For Chocolate \ud83c\udf6b"}, {"author_id": 919742077067395072, "id": 1494780805322788865, "text": "Listen now: Common - Like Water For Chocolate https://t.co/bCQ8xhVK5F #rap"}, {"author_id": 1413586397378850817, "id": 1494688354214072338, "text": "@WrenKitchens Tip Use a great quality chocolate drink powder like Whittard's or Hotel Chocolat. Don't use boiling water, but use Milk for the liquid, and heat it up before adding chocolate powder Add Hotel Chocolate cream chocolate liqueur &amp; stir. Top with squirty cream &amp; a bit of a Flake."}, {"author_id": 311683830, "id": 1494685866052276226, "text": "@goinggodward Like water for chocolate? something by Gene Stratton Porter? Georgette Heyer? LM Montgomery? Grace Livingston Hill? I\u2019m comforted by oldies."}, {"author_id": 1232298346242461696, "id": 1494672906101551104, "text": "@galaxy_dana Your opinion is respected Dana. To be frank though, I\u2019m not the biggest fan of mint choc chip\u2026 It tastes like dark chocolate and cold water at the same time for me lmao\u2026 \ud83c\udf75\ud83c\udf6b\u270b\ud83d\ude16\n\nI also love strawberry ice-cream too! I really just don\u2019t get why people dislike it though. \ud83c\udf53\ud83c\udf68\ud83d\ude0b"}, {"author_id": 1156556204149096450, "id": 1494662719722909700, "text": "@literarybase Last read akuww like water for chocolate\ud83d\udc95\ud83c\udf6b"}, {"author_id": 22135299, "id": 1494658710043512841, "text": "Our power is off but flicked back on for a matter of minutes during which I microwaved soup I\u2019d  preemptively bought FOR EXACTLY THIS SITUATION and made a huge flask of hot water and a hot chocolate for 6 and now I feel like I could totally boss a zombie apocalypse."}, {"author_id": 82798952, "id": 1494544249030729728, "text": "@angelamcastelli may i share mine\u2026 like water for chocolate"}, {"author_id": 147025734, "id": 1494491042992640001, "text": "@ThatEricAlper Something sexy from \u201cLike Water for Chocolate, perhaps. ;) \ud83c\udf39"}, {"author_id": 24340513, "id": 1494488928417906688, "text": "@ladbible \"Like Water for Chocolate\" ..."}, {"author_id": 1353271337750384641, "id": 1494484271544762369, "text": "Alfonso Arau, Mexican filmmaker having unexpected success with \"Like Water for Chocolate.\" Once again, throws caution to the wind for unabashed sentiment, glorious excess, love so idealistic never heard of\n Walk in the Clouds review (1995) | Roger Ebert https://t.co/4PyEutOtvy"}, {"author_id": 1434522136421572609, "id": 1494477873196978179, "text": "@agustd_sugamyg SUGA, LET SEE HOW ABOUT AN GREEN SALAD FOR STARTER AND STEAK WITH BAKE POTATOES AND FOR DESERT AN VANILLA AND CHOCOLATE LAYER CAKE AND TO WASH IT.DOWN AN GLASS OF WATER AND IF YOU WISH YOU CAN HAVE A GLASS OF WINE OR AN GLASS OF BEER! HOW DO YOU LIKE THAT TO EAT FOR DINNER !"}, {"author_id": 981668304761901057, "id": 1494460838496903173, "text": "Best actress drama\nLumi cavaos (like water, for chocolate)\nMary McDonald (passion fish)\nSusan Sarandon (Lorenzo\u2019s oil)\nSharron stone (basic instinct) (WINNER)\nEmma Thompson (Howard\u2019s end)"}, {"author_id": 631797352, "id": 1494455362421813249, "text": "@DutchessWoodall Like Water For Chocolate!! Read like 9 times!! In both English and Spanish \ud83d\ude02"}, {"author_id": 981967082421215232, "id": 1494449835000283174, "text": "@CavyMac_Ceo @Martez_Delano @ayotothe @WHOISJAYWILL @Steez_HH No doubt Kanye and BE took him to another level on the mainstream but he was already a legend in hip hop after Resurrection and Like Water for Chocolate"}, {"author_id": 228146178, "id": 1494448793739218945, "text": "Like water for chocolate"}, {"author_id": 1235113605453893632, "id": 1494444365506351107, "text": "WTF this reminds me of the book/movie Like Water for Chocolate. Crazy traditions and toxic relationships between mother and daughters. https://t.co/9RHaDtvfz5"}, {"author_id": 119594272, "id": 1494428978655993857, "text": "RT @EnterDaDome: Yes, Common album Like Water for Chocolate made my Top 30 list in 2017 because it touched every aspect of Mcing to me. Com\u2026"}, {"author_id": 49845163, "id": 1494426161866317830, "text": "I just donated to Mr. Fonseca's project! Help me bring a classroom dream to life. https://t.co/h6R0gdtorw"}, {"author_id": 216808960, "id": 1494424870028992514, "text": "More than halfway through Black History Month. Continue the celebration by tuning into my music debate podcast, \"Get Off The Fence!\" \n\nControl vs Rhythm Nation\nLike Water for Chocolate vs Be\nDestiny vs Triumph\nand more!\n\nCheck out Season 1 below! Season 2 on the way...#BHM https://t.co/FwK6RhW2Sp"}, {"author_id": 1308542115425779712, "id": 1494407341906739203, "text": "@Officerbravo68 3- irl's sister\n4- maybe my irl but they're not sure if they're a boy\n7- meat pie\n8- water\n13- single for now? idek.\n14- chocolate\n19- *********\n23- not really i only like seeing my irls\n29- its always Helena from MCR but rn i really love Famous Last Words also by MCR\n1/?"}, {"author_id": 389069317, "id": 1494405975448637440, "text": "@ladbible Like water for chocolate"}, {"author_id": 335574267, "id": 1494377404047011841, "text": "@fashion_rat_ It\u2019s giving like water for chocolate"}, {"author_id": 1303787470669127680, "id": 1494364969730772993, "text": "@VoiceofCal Good possibility then no water but I\u2019d check the oil and see if it looks like chocolate milk to be safe and keep out for any sudden unaccounted ticks coming from the engine any of that and oh boy\u2026 let the bad times roll"}, {"author_id": 1251688683142602752, "id": 1494357349884125190, "text": "Alicia was innat mfer tellin dude like yea so my manager be sayin we gotta use water for the hot chocolate but for you i always use cream an milk for u cus i think u kinda sweet, nigga my heart melted hearing that shit"}, {"author_id": 216808960, "id": 1494340267121520640, "text": "@Darone_Bowers @theGrio Trust me; I'm not one of these people who jump on the Dilla bandwagon. I've been down since Mama's Gun &amp; Like Water For Chocolate."}, {"author_id": 1084222307306860544, "id": 1494232359880769537, "text": "@PrimeVideo Like Water for Chocolate, Y Tu Mama Tambien, Tie Me Up Tie Me Down https://t.co/VINhdoEbBS"}, {"author_id": 1324293414, "id": 1494227692149145601, "text": "@misssashleyrae @kerslake_andrew @SustainChemE Is it Like Water For Chocolate?"}, {"author_id": 1379253353130172417, "id": 1494223045325733889, "text": "@pattydabaddy if u like encanto read like water for chocolate"}, {"author_id": 1202333594405851136, "id": 1494207308645101572, "text": "@CodyElijah1 @BillyAnneCrews We use a 10mL oral syringe for all meds. We used to give my son aspirin for his heart that way. Crush it, mix it with a thicker liquid like pediasure, or chocolate milk and use the oral syringe to give it easily.We also used the syringe to give him sips of water every 10-15 min."}, {"author_id": 24952844, "id": 1494141537621622786, "text": "@niais I quite like all of them. I have the mango chili in 32oz of water so it\u2019s not overly spicy. Raspberry I can do at 16 or 32. I like the Mint Chocolate as a salty hot cocoa, in ~14oz boiling water plus a little milk for added creaminess."}, {"author_id": 941490778127421440, "id": 1494130998195408897, "text": "@catrussy OMG i read like water for chocolate in december !! i loved it like magical realism + food recipes, i read the english version but now i\u2019ll definitely read the spanish version now"}, {"author_id": 1379253353130172417, "id": 1494128021418172420, "text": "@dxyanh i REALLY love like water for chocolate. if you can read spanish i would read it in spanish it's way better but the english is good as well!"}, {"author_id": 1271405690817478657, "id": 1494093400840224768, "text": "@EzriValtin @MelihaAB I also made a mud pie and ate a slice around the same age. It looked so much like chocolate I was able to persuade myself it really was \u2013 for a bite and a half \ud83d\ude2d\n\nAnd for a really long time I never thought to question the idea that water makes hair grow\u2026"}, {"author_id": 900437285375586304, "id": 1494091426564657156, "text": "I genuinely feel like they are serving microwaved water from the streets and adding rubber for flavor, like there is not a hint of chocolate in thus and yknow what I\u2019m gonna keep buying bc there\u2019s no way it can continue to stay this bad"}, {"author_id": 3432466633, "id": 1494072542881005571, "text": "@ViolaChasm \u201cLike Water for Chocolate\u201d by Laura Esquivel. The main character crochets a bedspread that takes on special meaning."}, {"author_id": 1377948535463763968, "id": 1494070620996444162, "text": "Spent my evening listening to 'Like Water for Chocolate' by Common, and then 'Voodoo' by D'Angelo.\n\nIn many ways, 2 albums by the same collective of people. \n\nPretty perfect evening."}, {"author_id": 1504240502, "id": 1494065307740037122, "text": "@ETCTacoma \u201cWhy do i need id, to get id? If i had id i wouldnt NEEED ID!\u201d - Mos Def on @common \u2018Questions\u2019 (Like Water For Chocolate)"}, {"author_id": 1333139000, "id": 1494023913377976320, "text": "@ViolaChasm Correction: I just checked and in *Like Water for Chocolate*, she's crocheting, not knitting. Sorry!"}, {"author_id": 1333139000, "id": 1494023088471560194, "text": "@ViolaChasm In the P.G. Wodehouse novel, *Cocktail Time*, there's a minor character who is knitting a sock and misses his train stop because he's trying to turn the heel. In *Like Water for Chocolate* the main character knits her sorrow into an afghan that keeps getting longer and longer."}, {"author_id": 1212945114651230210, "id": 1493994006820405250, "text": "Like they give you milk or chocolate milk for free but you gotta pay a dollar 25 for a water bottle"}, {"author_id": 1338914912916172800, "id": 1493989736016494599, "text": "@natseros i\u2019ve literally only read the main ones everyone reads \ud83d\ude2d pwmov and beach read are fun, rn i\u2019m taking a break from romance and reading a magical realism book! it\u2019s called like water for chocolate \ud83e\udd78"}, {"author_id": 523981916, "id": 1493980604072927233, "text": "@AsIfIHadWings I taught that book to high school students --such great conversations. I had to follow you for your great taste in books and chosen name. Like Water For Chocolate is one of my favorite books."}, {"author_id": 271256573, "id": 1493971596045959169, "text": "@PrimeVideo Audition, Like Water for Chocolate, Tale of Two Sisters"}, {"author_id": 997926328673406976, "id": 1493944944133877760, "text": "I\u2019m not feeling well, need russell stover chocolate box, smoothie for balance and coconut water because it feels like home \ud83d\ude2d"}, {"author_id": 58726751, "id": 1493881588500815874, "text": "#NowPlaying \"Like Water For Chocolate\" by Common on @TIDAL \n\n https://t.co/pMFqoXcT5b one of my favorite albums ever"}, {"author_id": 124298138, "id": 1493822895168049154, "text": "Fantastic Vol 1, Like Water for Chocolate all being recorded with Things Fall Apart all at the same time by the Soulquarians at Electric Lady. It was unfair. https://t.co/TapGwUHMMD"}, {"author_id": 780544660309585921, "id": 1493821623098646532, "text": "Don\u2019t YOU know it. Like water for chocolate. https://t.co/wKIleUC6ow"}, {"author_id": 1343278621583175681, "id": 1493793176234115074, "text": "@ChuuwieBunny try find sweet alternatives like fruits and low cal sweets maybe. you could try hot chocolate instead too, and drink more water for bloating &lt;3"}, {"author_id": 1486361988989128706, "id": 1493776191853002758, "text": "@ReevesWriter 100 Mister.  100.\nAnd wow - Good mothering is SOOOOOO important.\nDEFTLY!!! important. \nEarly childhood is... like water for chocolate to kids. \nLife giving for the journey ahead."}, {"author_id": 1321997402555981825, "id": 1493736213609549826, "text": "2/15 - Common - Like Water for Chocolate https://t.co/xKE9fYvCFf"}, {"author_id": 1326739203858833409, "id": 1493731230197727235, "text": "@PrimeVideo Like Water for Chocolate"}, {"author_id": 2167302116, "id": 1493700905300111361, "text": "RT @StessTheEmcee: February 15, 2000 @common released \u201cThe 6th Sense\u201d. \n\nProduced by @REALDJPREMIER \n\nIt was the lead single from Common\u2019s\u2026"}, {"author_id": 2189530504, "id": 1493647187842150406, "text": "@BootstrapCook Ooh and if you like books about food, try like water for chocolate by Laura Esquival- a love story in recipes. And come back and tell me if you liked them- I hope you do! Enjoy the down time, you deserve to! Xxxx"}, {"author_id": 1143438488, "id": 1493641609019379723, "text": "RT @AaliyahAlAmin1: Pro Tip: never let chocolate touch water, it will cause it to seize up.\nWhen handling chocolate add  taste free oils li\u2026"}, {"author_id": 1170930488074096640, "id": 1493640720787263488, "text": "watching like water for chocolate and I'm at the part where tita is just crying and knitting bc she cant sleep she's literally me"}, {"author_id": 247817605, "id": 1493640393367461890, "text": "RT @AaliyahAlAmin1: Pro Tip: never let chocolate touch water, it will cause it to seize up.\nWhen handling chocolate add  taste free oils li\u2026"}, {"author_id": 1243321347679420423, "id": 1493633030166040578, "text": "Pro Tip: never let chocolate touch water, it will cause it to seize up.\nWhen handling chocolate add  taste free oils like canola or shortening for a smooth coat. https://t.co/tZUsRNnE7L"}, {"author_id": 3430268409, "id": 1493606310620901381, "text": "@MusicalHell Mine would have been the Broadway production of \"Like Water for Chocolate\" with songs by Lila Downs (some that later became her album \"Balas y Chocolate\")."}, {"author_id": 96790496, "id": 1493599471351083016, "text": "@whattheshot like water for chocolate"}, {"author_id": 5399072, "id": 1493599335128387586, "text": "@whattheshot Like water for chocolate"}, {"author_id": 2148154237, "id": 1493575281608646657, "text": "While playing at the individual Water Table, N-A.A. used his imagination as he made hot chocolate and tea for his educators and peers.  \u201cMy mom like tea.  I drink milk and coke.  Do you want hot chocolate?  It\u2019s so good and yummy!\u201d said N-A.A. https://t.co/KGJwpTzGFd"}, {"author_id": 196150242, "id": 1493573836339658760, "text": "RT @RoSphix: \"Hey!\"\n\n\"Hey. How'd it go?\" \n\n\"I hated it, It was a huge waste of time, ugh.\"\n\n\"Yeah, you said it would be. Ready to go?\" \n\n\"Y\u2026"}, {"author_id": 93574095, "id": 1493565067308290048, "text": "RT @StessTheEmcee: February 15, 2000 @common released \u201cThe 6th Sense\u201d. \n\nProduced by @REALDJPREMIER \n\nIt was the lead single from Common\u2019s\u2026"}, {"author_id": 1021630987187494913, "id": 1493562503997108232, "text": "RT @RoSphix: \"Hey!\"\n\n\"Hey. How'd it go?\" \n\n\"I hated it, It was a huge waste of time, ugh.\"\n\n\"Yeah, you said it would be. Ready to go?\" \n\n\"Y\u2026"}, {"author_id": 2918256577, "id": 1493562428671492098, "text": "RT @StessTheEmcee: February 15, 2000 @common released \u201cThe 6th Sense\u201d. \n\nProduced by @REALDJPREMIER \n\nIt was the lead single from Common\u2019s\u2026"}, {"author_id": 23528011, "id": 1493551807213285376, "text": "February 15, 2000 @common released \u201cThe 6th Sense\u201d. \n\nProduced by @REALDJPREMIER \n\nIt was the lead single from Common\u2019s album Like Water for Chocolate https://t.co/qsznL73EGZ"}, {"author_id": 195517288, "id": 1493514946826571776, "text": "They put like water for chocolate on HBO max app. That's my movie\ud83d\udc4f\ud83c\udffe"}, {"author_id": 780064283887448064, "id": 1493484099608227840, "text": "RT @RoSphix: \"Hey!\"\n\n\"Hey. How'd it go?\" \n\n\"I hated it, It was a huge waste of time, ugh.\"\n\n\"Yeah, you said it would be. Ready to go?\" \n\n\"Y\u2026"}, {"author_id": 702946133228838914, "id": 1493462380788867073, "text": "@MaggieMaeFish I love the sex scene at the end of LIKE WATER FOR CHOCOLATE ... A heartbreakingly beautiful visual! A close second, though technically it's not a sex scene, is the use of candlelight for Mathilde and Manech's \"first time\" in A VERY LONG ENGAGEMENT."}]