[{"author_id": 1464148436417187840, "id": 1495284668303872003, "text": "RT @ramblingsloa: Give\nEven if you only have a little.\n\nThe Buddha\n\ud83c\udfac magdalena_sanchez https://t.co/j6NQQiWcxC"}, {"author_id": 1341477067267985409, "id": 1495284484731772928, "text": "RT @ramblingsloa: Give\nEven if you only have a little.\n\nThe Buddha\n\ud83c\udfac magdalena_sanchez https://t.co/j6NQQiWcxC"}, {"author_id": 1033264451364028417, "id": 1495283794621906946, "text": "RT @Philosophy_DQ: \u201cGive, even if you only have a little.\u201d\n\n| Buddha"}, {"author_id": 2420905471, "id": 1495283756982276098, "text": "RT @ramblingsloa: Give\nEven if you only have a little.\n\nThe Buddha\n\ud83c\udfac magdalena_sanchez https://t.co/j6NQQiWcxC"}, {"author_id": 3312240606, "id": 1495283656944123904, "text": "RT @Philosophy_DQ: \u201cGive, even if you only have a little.\u201d\n\n| Buddha"}, {"author_id": 1491324804510543873, "id": 1495283608093073408, "text": "RT @Philosophy_DQ: \u201cGive, even if you only have a little.\u201d\n\n| Buddha"}, {"author_id": 1210498529325539328, "id": 1495283511334686721, "text": "RT @ramblingsloa: Give\nEven if you only have a little.\n\nThe Buddha\n\ud83c\udfac magdalena_sanchez https://t.co/j6NQQiWcxC"}, {"author_id": 284045715, "id": 1495282966695755781, "text": "RT @Philosophy_DQ: \u201cGive, even if you only have a little.\u201d\n\n| Buddha"}, {"author_id": 748347423362166784, "id": 1495282723308457987, "text": "RT @ramblingsloa: Give\nEven if you only have a little.\n\nThe Buddha\n\ud83c\udfac magdalena_sanchez https://t.co/j6NQQiWcxC"}, {"author_id": 1421515334947807243, "id": 1495282501647929345, "text": "RT @Philosophy_DQ: \u201cGive, even if you only have a little.\u201d\n\n| Buddha"}, {"author_id": 1331305039973978113, "id": 1495282406827470848, "text": "RT @Philosophy_DQ: \u201cGive, even if you only have a little.\u201d\n\n| Buddha"}, {"author_id": 3362256538, "id": 1495282136546381824, "text": "RT @Philosophy_DQ: \u201cGive, even if you only have a little.\u201d\n\n| Buddha"}, {"author_id": 1199043139731906561, "id": 1495279741800177669, "text": "RT @Philosophy_DQ: \u201cGive, even if you only have a little.\u201d\n\n| Buddha"}, {"author_id": 1101762041470017536, "id": 1495278903937896449, "text": "RT @Philosophy_DQ: \u201cGive, even if you only have a little.\u201d\n\n| Buddha"}, {"author_id": 1042138479835144193, "id": 1495278770432839681, "text": "RT @Philosophy_DQ: \u201cGive, even if you only have a little.\u201d\n\n| Buddha"}, {"author_id": 2889152097, "id": 1495278566778359816, "text": "RT @Philosophy_DQ: \u201cGive, even if you only have a little.\u201d\n\n| Buddha"}, {"author_id": 1255070696549613568, "id": 1495278249445888002, "text": "RT @ramblingsloa: Give\nEven if you only have a little.\n\nThe Buddha\n\ud83c\udfac magdalena_sanchez https://t.co/j6NQQiWcxC"}, {"author_id": 1202327722657271811, "id": 1495277543498395657, "text": "RT @Philosophy_DQ: \u201cGive, even if you only have a little.\u201d\n\n| Buddha"}, {"author_id": 86325125, "id": 1495277247346855943, "text": "RT @Philosophy_DQ: \u201cGive, even if you only have a little.\u201d\n\n| Buddha"}, {"author_id": 1429690337019064323, "id": 1495276728352407557, "text": "RT @tati_roslyn: I love how when goofy was a little iffy on scratching the car cause asset fees, he was like \u201cI\u2019m sure Buddha or yuno would\u2026"}, {"author_id": 2501359634, "id": 1495275821661102085, "text": "RT @ramblingsloa: Give\nEven if you only have a little.\n\nThe Buddha\n\ud83c\udfac magdalena_sanchez https://t.co/j6NQQiWcxC"}, {"author_id": 3384113866, "id": 1495275805936652290, "text": "RT @Philosophy_DQ: \u201cGive, even if you only have a little.\u201d\n\n| Buddha"}, {"author_id": 1469835370535735300, "id": 1495275782448504833, "text": "RT @ramblingsloa: Give\nEven if you only have a little.\n\nThe Buddha\n\ud83c\udfac magdalena_sanchez https://t.co/j6NQQiWcxC"}, {"author_id": 1267110618877825024, "id": 1495275569038176256, "text": "RT @Philosophy_DQ: \u201cGive, even if you only have a little.\u201d\n\n| Buddha"}, {"author_id": 2574585843, "id": 1495275292050563076, "text": "RT @ramblingsloa: Give\nEven if you only have a little.\n\nThe Buddha\n\ud83c\udfac magdalena_sanchez https://t.co/j6NQQiWcxC"}, {"author_id": 1493697764273930258, "id": 1495275059820310530, "text": "RT @Philosophy_DQ: \u201cGive, even if you only have a little.\u201d\n\n| Buddha"}, {"author_id": 1458403772468654083, "id": 1495274917356392450, "text": "RT @Philosophy_DQ: \u201cGive, even if you only have a little.\u201d\n\n| Buddha"}, {"author_id": 208595641, "id": 1495274403977957379, "text": "RT @Philosophy_DQ: \u201cGive, even if you only have a little.\u201d\n\n| Buddha"}, {"author_id": 1262116389038497794, "id": 1495273959855734787, "text": "RT @Philosophy_DQ: \u201cGive, even if you only have a little.\u201d\n\n| Buddha"}, {"author_id": 1361576459194744833, "id": 1495273894999166977, "text": "RT @ramblingsloa: Give\nEven if you only have a little.\n\nThe Buddha\n\ud83c\udfac magdalena_sanchez https://t.co/j6NQQiWcxC"}, {"author_id": 134610048, "id": 1495273721480757250, "text": "RT @ramblingsloa: Give\nEven if you only have a little.\n\nThe Buddha\n\ud83c\udfac magdalena_sanchez https://t.co/j6NQQiWcxC"}, {"author_id": 1210621885039435776, "id": 1495273484670455808, "text": "RT @Philosophy_DQ: \u201cGive, even if you only have a little.\u201d\n\n| Buddha"}, {"author_id": 907682079701327872, "id": 1495272909711024131, "text": "RT @Philosophy_DQ: \u201cGive, even if you only have a little.\u201d\n\n| Buddha"}, {"author_id": 850762440497287168, "id": 1495272647004880905, "text": "RT @ramblingsloa: Give\nEven if you only have a little.\n\nThe Buddha\n\ud83c\udfac magdalena_sanchez https://t.co/j6NQQiWcxC"}, {"author_id": 1064810807505039360, "id": 1495272266355322882, "text": "RT @Philosophy_DQ: \u201cGive, even if you only have a little.\u201d\n\n| Buddha"}, {"author_id": 857425771824074756, "id": 1495270518840246283, "text": "RT @Philosophy_DQ: \u201cGive, even if you only have a little.\u201d\n\n| Buddha"}, {"author_id": 876824502, "id": 1495270211796316161, "text": "RT @tati_roslyn: I love how when goofy was a little iffy on scratching the car cause asset fees, he was like \u201cI\u2019m sure Buddha or yuno would\u2026"}, {"author_id": 1479343265476452354, "id": 1495269600484864007, "text": "RT @Philosophy_DQ: \u201cGive, even if you only have a little.\u201d\n\n| Buddha"}, {"author_id": 39157043, "id": 1495269322540957697, "text": "RT @Philosophy_DQ: \u201cGive, even if you only have a little.\u201d\n\n| Buddha"}, {"author_id": 30534593, "id": 1495269164671397888, "text": "RT @Philosophy_DQ: \u201cGive, even if you only have a little.\u201d\n\n| Buddha"}, {"author_id": 4880493442, "id": 1495267762054250496, "text": "RT @Philosophy_DQ: \u201cGive, even if you only have a little.\u201d\n\n| Buddha"}, {"author_id": 1242812594580344833, "id": 1495267159710191620, "text": "RT @Philosophy_DQ: \u201cGive, even if you only have a little.\u201d\n\n| Buddha"}, {"author_id": 1318715731371057164, "id": 1495266681551302656, "text": "RT @Philosophy_DQ: \u201cGive, even if you only have a little.\u201d\n\n| Buddha"}, {"author_id": 4487888421, "id": 1495266254986354690, "text": "RT @Philosophy_DQ: \u201cGive, even if you only have a little.\u201d\n\n| Buddha"}, {"author_id": 234444877, "id": 1495266062387990530, "text": "RT @ramblingsloa: Give\nEven if you only have a little.\n\nThe Buddha\n\ud83c\udfac magdalena_sanchez https://t.co/j6NQQiWcxC"}, {"author_id": 747477385616908289, "id": 1495266036697939971, "text": "RT @Philosophy_DQ: \u201cGive, even if you only have a little.\u201d\n\n| Buddha"}, {"author_id": 25357483, "id": 1495265881093406721, "text": "RT @Philosophy_DQ: \u201cGive, even if you only have a little.\u201d\n\n| Buddha"}, {"author_id": 1250732530417844224, "id": 1495265553866375168, "text": "RT @Philosophy_DQ: \u201cGive, even if you only have a little.\u201d\n\n| Buddha"}, {"author_id": 1465853264, "id": 1495265069747343371, "text": "RT @Philosophy_DQ: \u201cGive, even if you only have a little.\u201d\n\n| Buddha"}, {"author_id": 1031532409018146816, "id": 1495265045424443392, "text": "RT @Philosophy_DQ: \u201cGive, even if you only have a little.\u201d\n\n| Buddha"}, {"author_id": 4690892540, "id": 1495264815979196419, "text": "RT @tati_roslyn: I love how when goofy was a little iffy on scratching the car cause asset fees, he was like \u201cI\u2019m sure Buddha or yuno would\u2026"}, {"author_id": 602192289, "id": 1495264558260363270, "text": "RT @Philosophy_DQ: \u201cGive, even if you only have a little.\u201d\n\n| Buddha"}, {"author_id": 1368577093341241344, "id": 1495264161940615168, "text": "RT @Philosophy_DQ: \u201cGive, even if you only have a little.\u201d\n\n| Buddha"}, {"author_id": 3431322417, "id": 1495263567729283072, "text": "RT @ramblingsloa: Give\nEven if you only have a little.\n\nThe Buddha\n\ud83c\udfac magdalena_sanchez https://t.co/j6NQQiWcxC"}, {"author_id": 1086907746, "id": 1495262656500015110, "text": "RT @Philosophy_DQ: \u201cGive, even if you only have a little.\u201d\n\n| Buddha"}, {"author_id": 156361353, "id": 1495262559351754753, "text": "RT @Philosophy_DQ: \u201cGive, even if you only have a little.\u201d\n\n| Buddha"}, {"author_id": 81109540, "id": 1495262350596706304, "text": "RT @ramblingsloa: Give\nEven if you only have a little.\n\nThe Buddha\n\ud83c\udfac magdalena_sanchez https://t.co/j6NQQiWcxC"}, {"author_id": 563636648, "id": 1495262183344775171, "text": "RT @Philosophy_DQ: \u201cGive, even if you only have a little.\u201d\n\n| Buddha"}, {"author_id": 276651756, "id": 1495261922131857408, "text": "RT @AzizAlageel: \u201cGive, even if you only have a little.\u201d\n\nBuddha"}, {"author_id": 24451822, "id": 1495261623979810819, "text": "RT @ramblingsloa: Give\nEven if you only have a little.\n\nThe Buddha\n\ud83c\udfac magdalena_sanchez https://t.co/j6NQQiWcxC"}, {"author_id": 605601956, "id": 1495261013754757124, "text": "RT @ramblingsloa: Give\nEven if you only have a little.\n\nThe Buddha\n\ud83c\udfac magdalena_sanchez https://t.co/j6NQQiWcxC"}, {"author_id": 1575391898, "id": 1495259377032437760, "text": "RT @Philosophy_DQ: \u201cGive, even if you only have a little.\u201d\n\n| Buddha"}, {"author_id": 776193975698894848, "id": 1495259237793951744, "text": "RT @ramblingsloa: Give\nEven if you only have a little.\n\nThe Buddha\n\ud83c\udfac magdalena_sanchez https://t.co/j6NQQiWcxC"}, {"author_id": 1337267382797025282, "id": 1495258729108803587, "text": "RT @ramblingsloa: Give\nEven if you only have a little.\n\nThe Buddha\n\ud83c\udfac magdalena_sanchez https://t.co/j6NQQiWcxC"}, {"author_id": 1487425495436255240, "id": 1495258332235542528, "text": "RT @Philosophy_DQ: \u201cGive, even if you only have a little.\u201d\n\n| Buddha"}, {"author_id": 1490808457364135939, "id": 1495258144389451776, "text": "RT @Philosophy_DQ: \u201cGive, even if you only have a little.\u201d\n\n| Buddha"}, {"author_id": 557328011, "id": 1495257604301459456, "text": "RT @Philosophy_DQ: \u201cGive, even if you only have a little.\u201d\n\n| Buddha"}, {"author_id": 1136339978378604544, "id": 1495257308518965252, "text": "RT @Philosophy_DQ: \u201cGive, even if you only have a little.\u201d\n\n| Buddha"}, {"author_id": 142116055, "id": 1495257013978292224, "text": "RT @Philosophy_DQ: \u201cGive, even if you only have a little.\u201d\n\n| Buddha"}, {"author_id": 811823394068959232, "id": 1495256878582222850, "text": "RT @Philosophy_DQ: \u201cGive, even if you only have a little.\u201d\n\n| Buddha"}, {"author_id": 2253484787, "id": 1495256486238629893, "text": "RT @Philosophy_DQ: \u201cGive, even if you only have a little.\u201d\n\n| Buddha"}, {"author_id": 917785242504695818, "id": 1495256335939633154, "text": "RT @Philosophy_DQ: \u201cGive, even if you only have a little.\u201d\n\n| Buddha"}, {"author_id": 1142940821035130880, "id": 1495256322048249856, "text": "RT @Philosophy_DQ: \u201cGive, even if you only have a little.\u201d\n\n| Buddha"}, {"author_id": 1423997157854617600, "id": 1495255969273561095, "text": "RT @Philosophy_DQ: \u201cGive, even if you only have a little.\u201d\n\n| Buddha"}, {"author_id": 2894293124, "id": 1495254760198668288, "text": "RT @Philosophy_DQ: \u201cGive, even if you only have a little.\u201d\n\n| Buddha"}, {"author_id": 1163168645197041670, "id": 1495254425220395010, "text": "RT @Philosophy_DQ: \u201cGive, even if you only have a little.\u201d\n\n| Buddha"}, {"author_id": 778169311, "id": 1495254394593550337, "text": "RT @Philosophy_DQ: \u201cGive, even if you only have a little.\u201d\n\n| Buddha"}, {"author_id": 414248690, "id": 1495254030716739586, "text": "RT @ramblingsloa: Give\nEven if you only have a little.\n\nThe Buddha\n\ud83c\udfac magdalena_sanchez https://t.co/j6NQQiWcxC"}, {"author_id": 1393944721748217857, "id": 1495253877750386688, "text": "\u201cGive, even if you only have a little.\u201d Buddha\nGive lang ng give until it hurts"}, {"author_id": 110052657, "id": 1495253829817753606, "text": "RT @ramblingsloa: Give\nEven if you only have a little.\n\nThe Buddha\n\ud83c\udfac magdalena_sanchez https://t.co/j6NQQiWcxC"}, {"author_id": 1182497134437793792, "id": 1495253545461108737, "text": "RT @Philosophy_DQ: \u201cGive, even if you only have a little.\u201d\n\n| Buddha"}, {"author_id": 341038565, "id": 1495253446244675589, "text": "RT @ramblingsloa: Give\nEven if you only have a little.\n\nThe Buddha\n\ud83c\udfac magdalena_sanchez https://t.co/j6NQQiWcxC"}, {"author_id": 1411743275401232387, "id": 1495252858555584513, "text": "RT @Philosophy_DQ: \u201cGive, even if you only have a little.\u201d\n\n| Buddha"}, {"author_id": 2798599649, "id": 1495252447681388544, "text": "RT @ramblingsloa: Give\nEven if you only have a little.\n\nThe Buddha\n\ud83c\udfac magdalena_sanchez https://t.co/j6NQQiWcxC"}, {"author_id": 303069713, "id": 1495252401233793024, "text": "\u201cGive, even if you only have a little.\u201d\n\nBuddha"}, {"author_id": 1346977045058781188, "id": 1495252296741289993, "text": "RT @ramblingsloa: Give\nEven if you only have a little.\n\nThe Buddha\n\ud83c\udfac magdalena_sanchez https://t.co/j6NQQiWcxC"}, {"author_id": 1199502913, "id": 1495251893915996161, "text": "RT @ramblingsloa: Give\nEven if you only have a little.\n\nThe Buddha\n\ud83c\udfac magdalena_sanchez https://t.co/j6NQQiWcxC"}, {"author_id": 1484004678832902145, "id": 1495251661786611715, "text": "RT @Philosophy_DQ: \u201cGive, even if you only have a little.\u201d\n\n| Buddha"}, {"author_id": 1124993024684101633, "id": 1495251319011037185, "text": "RT @Philosophy_DQ: \u201cGive, even if you only have a little.\u201d\n\n| Buddha"}, {"author_id": 325313963, "id": 1495251156712501251, "text": "RT @Philosophy_DQ: \u201cGive, even if you only have a little.\u201d\n\n| Buddha"}, {"author_id": 1369292402696085508, "id": 1495250997362364416, "text": "RT @Philosophy_DQ: \u201cGive, even if you only have a little.\u201d\n\n| Buddha"}, {"author_id": 1327136950084653056, "id": 1495250951459987464, "text": "RT @Philosophy_DQ: \u201cGive, even if you only have a little.\u201d\n\n| Buddha"}, {"author_id": 222335065, "id": 1495250273727664128, "text": "RT @ramblingsloa: Give\nEven if you only have a little.\n\nThe Buddha\n\ud83c\udfac magdalena_sanchez https://t.co/j6NQQiWcxC"}, {"author_id": 999607702753107970, "id": 1495249227873669121, "text": "RT @Philosophy_DQ: \u201cGive, even if you only have a little.\u201d\n\n| Buddha"}, {"author_id": 3148934376, "id": 1495249156113268741, "text": "RT @Philosophy_DQ: \u201cGive, even if you only have a little.\u201d\n\n| Buddha"}, {"author_id": 1382464219912687619, "id": 1495248642252238848, "text": "RT @tati_roslyn: I love how when goofy was a little iffy on scratching the car cause asset fees, he was like \u201cI\u2019m sure Buddha or yuno would\u2026"}, {"author_id": 76398935, "id": 1495248574472466437, "text": "RT @ramblingsloa: Give\nEven if you only have a little.\n\nThe Buddha\n\ud83c\udfac magdalena_sanchez https://t.co/j6NQQiWcxC"}, {"author_id": 1009587431060852736, "id": 1495248400417058816, "text": "RT @Philosophy_DQ: \u201cGive, even if you only have a little.\u201d\n\n| Buddha"}, {"author_id": 81111450, "id": 1495248357060751360, "text": "RT @ramblingsloa: Give\nEven if you only have a little.\n\nThe Buddha\n\ud83c\udfac magdalena_sanchez https://t.co/j6NQQiWcxC"}, {"author_id": 19178835, "id": 1495248074486296585, "text": "RT @Philosophy_DQ: \u201cGive, even if you only have a little.\u201d\n\n| Buddha"}]