[{"author_id": 2741335646, "id": 1495294766153895938, "text": "RT @radmaggie: @ljdursi Fredericton police blocked trucks early and then citizens ignored \u201cprotesters\u201d until they petered out. Promises of\u2026"}, {"author_id": 1429244256300851201, "id": 1495291547385942017, "text": "Watch Out: Local Hero Responds To Allegations,  \"What Can I Say, I Like Drinking Milk.\"  Think Of The Children!"}, {"author_id": 106268700, "id": 1495289425223634944, "text": "Sad and tragic outcome for family, friends and the local community. Dr Luqman Jubair, a hero doctor who lived a short life of significance.\n\nhttps://t.co/WYxKxjntZI"}, {"author_id": 4087437558, "id": 1495288032014266370, "text": "RT @thebetterindia: Tage has found a unique solution to not only use local produce \u2013 but also to showcase them as the hero ingredient. She\u2026"}, {"author_id": 25597528, "id": 1495286451809964033, "text": "I used to watch Oxford a fair bit in the 90s and their best player by far was #joeybeauchamp, a real local hero. Shocked to hear he's died, awful news RIP"}, {"author_id": 908133502096248832, "id": 1495284593586491400, "text": "RT @radmaggie: @ljdursi Fredericton police blocked trucks early and then citizens ignored \u201cprotesters\u201d until they petered out. Promises of\u2026"}, {"author_id": 1306427163365855233, "id": 1495283762501931014, "text": "\"The only way you're going to solve homelessness is through housing\". - @homeless_hero https://t.co/xXlRDDyZ6Z"}, {"author_id": 1425141649575874560, "id": 1495283181050003459, "text": "RT @thebetterindia: Tage has found a unique solution to not only use local produce \u2013 but also to showcase them as the hero ingredient. She\u2026"}, {"author_id": 1360748432042958848, "id": 1495278418589536259, "text": "RT @TheRedHotRide: Johnathan Lowell Spenc-*\ud835\ude22\ud835\ude29\ud835\ude26\ud835\ude2e* \n           \u2727 \ud835\udd75\ud835\udd2c\ud835\udd25\ud835\udd2b\ud835\udd2b\ud835\udd36 \ud835\udd7e\ud835\udd31\ud835\udd2c\ud835\udd2f\ud835\udd2a \u2727\n\n\ud835\ude4b\ud835\ude56\ud835\ude67\ud835\ude69-\ud835\ude4f\ud835\ude5e\ud835\ude62\ud835\ude5a Hero, Model\n   &amp; Local Celeb\nInto That \ud835\ude3d\ud835\ude6a\ud835\ude69\ud835\ude69 \ud835\ude4e\ud835\ude69\ud835\ude6a\ud835\ude5b\ud835\ude5b\u2026"}, {"author_id": 16387321, "id": 1495277690936381443, "text": "The so-called/self-anointed \"journalists\" across the world have gone completely rogue. They are harming society in a manner that is much more dangerous than that by the local mafias.\n\nYou are PEOPLE'S HERO, dear Wriddhiman! https://t.co/xQQM8xkRgN"}, {"author_id": 1476785723240034322, "id": 1495277667968557058, "text": "RT @berryafterdarkk: Part 4; Your local hero and his fur baby, managed to find a middle ground. Or at least they\u2019re on a good path \ud83c\udf87\n\n#krbk\u2026"}, {"author_id": 1476785723240034322, "id": 1495277352917610498, "text": "RT @berryafterdarkk: Part 2, of your local hero having to somehow make the fluff baby less upset \ud83e\udd40\n\n#krbk #kiribaku #kirishima #Bakugou #BN\u2026"}, {"author_id": 3181999333, "id": 1495277239465754625, "text": "RT @thebetterindia: Tage has found a unique solution to not only use local produce \u2013 but also to showcase them as the hero ingredient. She\u2026"}, {"author_id": 1476785723240034322, "id": 1495277123262726145, "text": "RT @berryafterdarkk: Your local hero had a not-so-successful patrol, and his recently rescued fluff is upset. Let\u2019s make it better, shall w\u2026"}, {"author_id": 704191482, "id": 1495276941825527808, "text": "Like yes theres a half naked cross dressing local hero named the senator and theres a guy named the shoe licker who licks people's shoes with consent or not wdym you don't have one of those?"}, {"author_id": 1396691189164695556, "id": 1495275729797349377, "text": "Boxhill Local 5-0 1st Place \n\"T.A.R\" Three Adventure Rose \n\nR1 - eldlich OO \nR2 - LLTri XOO \nR3 - DDD OXO \nR4 - RAD OO \nR5 - Hero OO \n\nDeck insanely good. Avoiding scythe this format cause boring. Deserves ban. Need imperm for crossout. Every card was so good. Mare Mare \ud83d\udc41\ud83d\udc44\ud83d\udc41 https://t.co/SPgbQNsDZx"}, {"author_id": 1111742456134074368, "id": 1495275561844973570, "text": "RT @radmaggie: @ljdursi Fredericton police blocked trucks early and then citizens ignored \u201cprotesters\u201d until they petered out. Promises of\u2026"}, {"author_id": 1245049339728162816, "id": 1495272087204016130, "text": "RT @thebetterindia: Tage has found a unique solution to not only use local produce \u2013 but also to showcase them as the hero ingredient. She\u2026"}, {"author_id": 384137984, "id": 1495270827264073729, "text": "RT @Melissa_Lem: This woman defending the streets where I spent 4 years learning to be a doctor is my hero. My brave, calm, articulate, und\u2026"}, {"author_id": 1206878363643723776, "id": 1495270602013356034, "text": "RT @radmaggie: @ljdursi Fredericton police blocked trucks early and then citizens ignored \u201cprotesters\u201d until they petered out. Promises of\u2026"}, {"author_id": 814669622951542784, "id": 1495270335981109248, "text": "RT @Kristine_Froeba: My Story: A New Orleans' goodbye to local hero Lawrence Brooks, WWll veteran \ud83c\uddfa\ud83c\uddf8\ud83e\ude96\ud83e\udea6 https://t.co/I3byVztsj3 https://t.co\u2026"}, {"author_id": 1480705897664065540, "id": 1495267883471024129, "text": "@officialadamNBA  As long as he plays  good and give  white people  their all American  white hero you  wouldn't  care if he heads up the local KKK and proud boys as long as he can  play  like Doncic."}, {"author_id": 1390903076748283904, "id": 1495265944377389057, "text": "RT @thebetterindia: Tage has found a unique solution to not only use local produce \u2013 but also to showcase them as the hero ingredient. She\u2026"}, {"author_id": 2331011791, "id": 1495265489441886216, "text": "RT @JackNBCBoston: Returning Olympian Ryan Cochran-Siegle had a hero\u2019s welcome today in Richmond #VT \u2014 with community members turning out t\u2026"}, {"author_id": 1475601295, "id": 1495265050604576769, "text": "RT @thebetterindia: Tage has found a unique solution to not only use local produce \u2013 but also to showcase them as the hero ingredient. She\u2026"}, {"author_id": 2434162616, "id": 1495264300994281477, "text": "RT @RepRaskin: Three-time @MontgomeryCoMD County Exec, revered law prof and pioneering leader Ike Leggett is this week's #MD08 Local Hero.\u2026"}, {"author_id": 4522379901, "id": 1495263476943814661, "text": "RT @UN: The Trolls are doing their part to protect our planet &amp; they are asking YOU to become a food hero like them.\n\n\ud83c\udf4a\ud83c\udf3d\ud83e\udd55\ud83c\udf4c\ud83e\udd66\n\nFrom buying lo\u2026"}, {"author_id": 1009075896085606401, "id": 1495262991603752961, "text": "RT @radmaggie: @ljdursi Fredericton police blocked trucks early and then citizens ignored \u201cprotesters\u201d until they petered out. Promises of\u2026"}, {"author_id": 1231469793271664641, "id": 1495262977825533953, "text": "RT @Melissa_Lem: This woman defending the streets where I spent 4 years learning to be a doctor is my hero. My brave, calm, articulate, und\u2026"}, {"author_id": 2727774935, "id": 1495262750435688454, "text": "RT @Nandi_Bushell: I am #LOVING the collaboration between @edsheeran and @bmthofficial! Ed is a local #hero in #ipswich where I live! When\u2026"}, {"author_id": 19477649, "id": 1495262653895217152, "text": "@acesearring @nanncydrew stoner that everyone underestimates showing up to law school and local hero law school student showing up to help him?? writes itself (or... someone COULD write it..... chels.....)"}, {"author_id": 909278143331971073, "id": 1495262404740988931, "text": "RT @thebetterindia: Tage has found a unique solution to not only use local produce \u2013 but also to showcase them as the hero ingredient. She\u2026"}, {"author_id": 607763133, "id": 1495261442152542208, "text": "RT @Melissa_Lem: This woman defending the streets where I spent 4 years learning to be a doctor is my hero. My brave, calm, articulate, und\u2026"}, {"author_id": 404349157, "id": 1495259949374578691, "text": "RT @radmaggie: @ljdursi Fredericton police blocked trucks early and then citizens ignored \u201cprotesters\u201d until they petered out. Promises of\u2026"}, {"author_id": 234598875, "id": 1495259479922851842, "text": "RT @Nandi_Bushell: I am #LOVING the collaboration between @edsheeran and @bmthofficial! Ed is a local #hero in #ipswich where I live! When\u2026"}, {"author_id": 246667561, "id": 1495258687937470469, "text": "RT @MPJulian: Zexi Li is a Canadian hero. A young woman with nerves of steel standing up to the bully trucks. Glad she\u2019s okay. Long past ti\u2026"}, {"author_id": 100084136, "id": 1495258406772346880, "text": "RT @radmaggie: @ljdursi Fredericton police blocked trucks early and then citizens ignored \u201cprotesters\u201d until they petered out. Promises of\u2026"}, {"author_id": 1158728929, "id": 1495258265772560389, "text": "RT @radmaggie: @ljdursi Fredericton police blocked trucks early and then citizens ignored \u201cprotesters\u201d until they petered out. Promises of\u2026"}, {"author_id": 292743254, "id": 1495257840642002945, "text": "@jimalwine @kprather88 Local Hero is everything. Even the source of my profile pic. \ud83c\udff4\udb40\udc67\udb40\udc62\udb40\udc73\udb40\udc63\udb40\udc74\udb40\udc7f"}, {"author_id": 1489262850048618499, "id": 1495257747759284224, "text": "RT @UN: The Trolls are doing their part to protect our planet &amp; they are asking YOU to become a food hero like them.\n\n\ud83c\udf4a\ud83c\udf3d\ud83e\udd55\ud83c\udf4c\ud83e\udd66\n\nFrom buying lo\u2026"}, {"author_id": 2257229761, "id": 1495257344778797058, "text": "RT @Melissa_Lem: This woman defending the streets where I spent 4 years learning to be a doctor is my hero. My brave, calm, articulate, und\u2026"}, {"author_id": 1464595500313755660, "id": 1495256373969690624, "text": "RT @MeadoFC: aw they play football too and their coach used to coach beth\ud83e\udd70 they call beth a local hero \ud83e\udd70\n\nimagine having a badass player li\u2026"}, {"author_id": 591746664, "id": 1495254950263275524, "text": "RT @UN: The Trolls are doing their part to protect our planet &amp; they are asking YOU to become a food hero like them.\n\n\ud83c\udf4a\ud83c\udf3d\ud83e\udd55\ud83c\udf4c\ud83e\udd66\n\nFrom buying lo\u2026"}, {"author_id": 1489764019393253376, "id": 1495253857890410501, "text": "RT @UN: The Trolls are doing their part to protect our planet &amp; they are asking YOU to become a food hero like them.\n\n\ud83c\udf4a\ud83c\udf3d\ud83e\udd55\ud83c\udf4c\ud83e\udd66\n\nFrom buying lo\u2026"}, {"author_id": 860968147578388481, "id": 1495253793986031622, "text": "RT @Nandi_Bushell: I am #LOVING the collaboration between @edsheeran and @bmthofficial! Ed is a local #hero in #ipswich where I live! When\u2026"}, {"author_id": 1450162898123333632, "id": 1495252377179414532, "text": "RT @UN: The Trolls are doing their part to protect our planet &amp; they are asking YOU to become a food hero like them.\n\n\ud83c\udf4a\ud83c\udf3d\ud83e\udd55\ud83c\udf4c\ud83e\udd66\n\nFrom buying lo\u2026"}, {"author_id": 1174485346790383617, "id": 1495251765960519681, "text": "aw they play football too and their coach used to coach beth\ud83e\udd70 they call beth a local hero \ud83e\udd70\n\nimagine having a badass player like beth mead from your place and you train with her ex-coach. \ud83e\udd70\ud83e\udd70 and getting her england match worn shirt \ud83e\udd70\ud83e\udd70 the magic of women\u2019s football \ud83e\udd70\ud83e\udd70 https://t.co/YOkEV4ISNP"}, {"author_id": 23935607, "id": 1495251313193816064, "text": "RT @radmaggie: @ljdursi Fredericton police blocked trucks early and then citizens ignored \u201cprotesters\u201d until they petered out. Promises of\u2026"}, {"author_id": 1332595905275572227, "id": 1495251233640271874, "text": "RT @UN: The Trolls are doing their part to protect our planet &amp; they are asking YOU to become a food hero like them.\n\n\ud83c\udf4a\ud83c\udf3d\ud83e\udd55\ud83c\udf4c\ud83e\udd66\n\nFrom buying lo\u2026"}, {"author_id": 910419943, "id": 1495251186630463488, "text": "RT @Melissa_Lem: This woman defending the streets where I spent 4 years learning to be a doctor is my hero. My brave, calm, articulate, und\u2026"}, {"author_id": 526015305, "id": 1495251118489849856, "text": "@kimVision1 @jimalwine @kprather88 \u201cLocal Hero\u201d is in my Top 10. That and \u201cMy Favorite Year\u201d with a hilarious Peter O\u2019Toole."}, {"author_id": 1308814038, "id": 1495250958300979201, "text": "RT @Melissa_Lem: This woman defending the streets where I spent 4 years learning to be a doctor is my hero. My brave, calm, articulate, und\u2026"}, {"author_id": 1492594787643449347, "id": 1495250685503410179, "text": "#BREAKING: Attempted bombing at a local mall stopped by an Unlikely Hero, dozens saved.\n#ThemBombs\nhttps://t.co/j4anf7KqXj"}, {"author_id": 1317380040829652992, "id": 1495250356024279043, "text": "RT @UN: The Trolls are doing their part to protect our planet &amp; they are asking YOU to become a food hero like them.\n\n\ud83c\udf4a\ud83c\udf3d\ud83e\udd55\ud83c\udf4c\ud83e\udd66\n\nFrom buying lo\u2026"}, {"author_id": 1494815369382567936, "id": 1495249885695815683, "text": "RT @ravensugar168: Support your local health care hero buy her onlyfans! Link below #healthcare #hero #onlyfans #Telegram #AdultWork #publi\u2026"}, {"author_id": 952929013, "id": 1495249848500899840, "text": "RT @Melissa_Lem: This woman defending the streets where I spent 4 years learning to be a doctor is my hero. My brave, calm, articulate, und\u2026"}, {"author_id": 1318772773255249925, "id": 1495249692506132481, "text": "RT @ravensugar168: Support your local health care hero buy her onlyfans! Link below #healthcare #hero #onlyfans #Telegram #AdultWork #publi\u2026"}, {"author_id": 4721302452, "id": 1495249656548184070, "text": "RT @radmaggie: @ljdursi Fredericton police blocked trucks early and then citizens ignored \u201cprotesters\u201d until they petered out. Promises of\u2026"}, {"author_id": 1006702915266871296, "id": 1495249623350276096, "text": "This just in, a local hero was controlled by magic last night. Law enforcement are looking for a rather short beholder with an extra arm."}, {"author_id": 472639768, "id": 1495248786322608129, "text": "RT @Nandi_Bushell: I am #LOVING the collaboration between @edsheeran and @bmthofficial! Ed is a local #hero in #ipswich where I live! When\u2026"}, {"author_id": 1360945962726813700, "id": 1495248554784268293, "text": "RT @thebetterindia: Tage has found a unique solution to not only use local produce \u2013 but also to showcase them as the hero ingredient. She\u2026"}, {"author_id": 1316509001253752832, "id": 1495248363070971907, "text": "RT @Melissa_Lem: This woman defending the streets where I spent 4 years learning to be a doctor is my hero. My brave, calm, articulate, und\u2026"}, {"author_id": 375907713, "id": 1495246916438867971, "text": "@jimalwine @kprather88 I may be biased because I'm Scottish, but Local Hero is a truly wonderful film.  Good choice."}, {"author_id": 1448799550479773702, "id": 1495245538475847681, "text": "RT @Nandi_Bushell: I am #LOVING the collaboration between @edsheeran and @bmthofficial! Ed is a local #hero in #ipswich where I live! When\u2026"}, {"author_id": 863421331, "id": 1495245175274160128, "text": "RT @MoiraCeltArctic: A true Canadian Hero: #LexiLi stands up for what #Freedom is really about. https://t.co/Usjezl9nvR"}, {"author_id": 579855280, "id": 1495244779055194112, "text": "RT @radmaggie: @ljdursi Fredericton police blocked trucks early and then citizens ignored \u201cprotesters\u201d until they petered out. Promises of\u2026"}, {"author_id": 1137158311, "id": 1495244768368074757, "text": "RT @radmaggie: @ljdursi Fredericton police blocked trucks early and then citizens ignored \u201cprotesters\u201d until they petered out. Promises of\u2026"}, {"author_id": 375145319, "id": 1495244751729135618, "text": "This woman defending the streets where I spent 4 years learning to be a doctor is my hero. My brave, calm, articulate, understated hero. Time to bring this energy and strategic thinking to every other fight against injustice. https://t.co/4531SwfH39"}, {"author_id": 1493971677386280960, "id": 1495244530417020928, "text": "RT @thebetterindia: Tage has found a unique solution to not only use local produce \u2013 but also to showcase them as the hero ingredient. She\u2026"}, {"author_id": 371152230, "id": 1495243931596038145, "text": "RT @UN: The Trolls are doing their part to protect our planet &amp; they are asking YOU to become a food hero like them.\n\n\ud83c\udf4a\ud83c\udf3d\ud83e\udd55\ud83c\udf4c\ud83e\udd66\n\nFrom buying lo\u2026"}, {"author_id": 22474997, "id": 1495242646553436168, "text": "RT @thebetterindia: Tage has found a unique solution to not only use local produce \u2013 but also to showcase them as the hero ingredient. She\u2026"}, {"author_id": 1374934387179941900, "id": 1495242324519309318, "text": "RT @thebetterindia: Tage has found a unique solution to not only use local produce \u2013 but also to showcase them as the hero ingredient. She\u2026"}, {"author_id": 18432971, "id": 1495241894049296392, "text": "#Hero 'We were there to help him': Atlanta officer talks distressed man off bridge https://t.co/4YIMFfewIb via @11AliveNews"}, {"author_id": 2739710038, "id": 1495240801441488902, "text": "RT @UN: The Trolls are doing their part to protect our planet &amp; they are asking YOU to become a food hero like them.\n\n\ud83c\udf4a\ud83c\udf3d\ud83e\udd55\ud83c\udf4c\ud83e\udd66\n\nFrom buying lo\u2026"}, {"author_id": 19844089, "id": 1495240044348866565, "text": "RT @thebetterindia: Tage has found a unique solution to not only use local produce \u2013 but also to showcase them as the hero ingredient. She\u2026"}, {"author_id": 618819877, "id": 1495239629410213889, "text": "RT @thebetterindia: Tage has found a unique solution to not only use local produce \u2013 but also to showcase them as the hero ingredient. She\u2026"}, {"author_id": 47837961, "id": 1495238327011725312, "text": "RT @thebetterindia: Tage has found a unique solution to not only use local produce \u2013 but also to showcase them as the hero ingredient. She\u2026"}, {"author_id": 215210170, "id": 1495237311176462340, "text": "RT @MPJulian: Zexi Li is a Canadian hero. A young woman with nerves of steel standing up to the bully trucks. Glad she\u2019s okay. Long past ti\u2026"}, {"author_id": 47536968, "id": 1495237133245698051, "text": "RT @radmaggie: @ljdursi Fredericton police blocked trucks early and then citizens ignored \u201cprotesters\u201d until they petered out. Promises of\u2026"}, {"author_id": 918962541069344770, "id": 1495236356075065347, "text": "RT @thebetterindia: Tage has found a unique solution to not only use local produce \u2013 but also to showcase them as the hero ingredient. She\u2026"}, {"author_id": 787179326215114753, "id": 1495236303444529153, "text": "RT @thebetterindia: Tage has found a unique solution to not only use local produce \u2013 but also to showcase them as the hero ingredient. She\u2026"}, {"author_id": 1456410245161713664, "id": 1495236038004199426, "text": "i found my hero academia manga in my local bookstore should i buy???"}, {"author_id": 825370935205191680, "id": 1495235531617161216, "text": "RT @thebetterindia: Tage has found a unique solution to not only use local produce \u2013 but also to showcase them as the hero ingredient. She\u2026"}, {"author_id": 1433137980684713992, "id": 1495234092689870855, "text": "RT @thebetterindia: Tage has found a unique solution to not only use local produce \u2013 but also to showcase them as the hero ingredient. She\u2026"}, {"author_id": 114707915, "id": 1495234065313591296, "text": "RT @thebetterindia: Tage has found a unique solution to not only use local produce \u2013 but also to showcase them as the hero ingredient. She\u2026"}, {"author_id": 1372714085125480448, "id": 1495232696166928388, "text": "RT @thebetterindia: Tage has found a unique solution to not only use local produce \u2013 but also to showcase them as the hero ingredient. She\u2026"}, {"author_id": 18233650, "id": 1495232381686620165, "text": "\ud83e\uddc1101 years old! Great to celebrate with this local hero - He is a WW2 veteran who liberated Dachau and shared his experience with thousands of groups. Happy birthday Jim! Our friend Ken (Jim's son) pull off a wonderful surprise &amp; experience! Story here: https://t.co/phqr39BbjL\u2026"}, {"author_id": 16093478, "id": 1495231929175707653, "text": "Tage has found a unique solution to not only use local produce \u2013 but also to showcase them as the hero ingredient. She has been honoured at the Women Transforming India Awards, organised by the United Nations and NITI Aayog.\n#ArunachalPradesh #ArunachalPradeshFoundationDay https://t.co/sL2ZOufWz5"}, {"author_id": 214598590, "id": 1495231899412807681, "text": "@kimVision1 @jimalwine @kprather88 I \u2764 Local Hero!!\nGreat Newfie movie: The Grand Seduction. My cousin's family hails from NFLD and it's the family favourite. Makes me laugh, cry, and want to move there!\n\"Come From Away\" is another--filmed theater production. It will really raise your spirits!"}, {"author_id": 16462068, "id": 1495231774036795395, "text": "HONORING A HERO \ud83d\ude92 Fallen JFRD Engineer Michael Freeland\u2019s family wanted to honor his memory Saturday and celebrate what would have been his 37th birthday, so they threw a bonfire in his honor. https://t.co/El2tx2JiXx"}, {"author_id": 2426195300, "id": 1495230994370101249, "text": "RT @radmaggie: @ljdursi Fredericton police blocked trucks early and then citizens ignored \u201cprotesters\u201d until they petered out. Promises of\u2026"}, {"author_id": 1459772372978909187, "id": 1495229950038839300, "text": "RT @WSAV: Photo Gallery: Step One Auto presents Local Hero Award to ExperCARE\u2019s PA Donna McAllister during 28th Grab-n-Go Meals for First R\u2026"}, {"author_id": 2362689324, "id": 1495229771466567681, "text": "RT @Nandi_Bushell: I am #LOVING the collaboration between @edsheeran and @bmthofficial! Ed is a local #hero in #ipswich where I live! When\u2026"}, {"author_id": 1390652072, "id": 1495229373443629056, "text": "@kimVision1 @jimalwine @kprather88 Another vote for Local Hero."}, {"author_id": 891789148381753344, "id": 1495228250141908999, "text": "RT @radmaggie: @ljdursi Fredericton police blocked trucks early and then citizens ignored \u201cprotesters\u201d until they petered out. Promises of\u2026"}, {"author_id": 18233650, "id": 1495228063147298823, "text": "\ud83e\uddc1101 years old! Great to celebrate with this local hero - He is a WW2 veteran who liberated Dachau and shared his experience with thousands of groups. Happy birthday Jim! Our friend &amp; Jim's son Ken pull off a wonderful surprise &amp; experience! Story here: https://t.co/lYY1xNSxqP https://t.co/YgOH1v50rg"}, {"author_id": 499178824, "id": 1495228003684691969, "text": "RT @radmaggie: @ljdursi Fredericton police blocked trucks early and then citizens ignored \u201cprotesters\u201d until they petered out. Promises of\u2026"}, {"author_id": 730973484, "id": 1495227375281483778, "text": "RT @radmaggie: @ljdursi Fredericton police blocked trucks early and then citizens ignored \u201cprotesters\u201d until they petered out. Promises of\u2026"}, {"author_id": 1159311102217527296, "id": 1495223028120174597, "text": "RT @Nandi_Bushell: I am #LOVING the collaboration between @edsheeran and @bmthofficial! Ed is a local #hero in #ipswich where I live! When\u2026"}]