[{"author_id": 1355506995038736386, "id": 1495287131635335169, "text": "RT @gb8XYTC53NCnXQX: @Dear1Dq @dimash_official\n#FlyAway\n#DimashConcertDubai\n#DimashKazakhMusic\n#DimashArnauKazan \nBright star, would I were\u2026"}, {"author_id": 1436552989666430977, "id": 1495285176624201728, "text": "RT @gb8XYTC53NCnXQX: @Dear1Dq @dimash_official\n#FlyAway\n#DimashConcertDubai\n#DimashKazakhMusic\n#DimashArnauKazan \nBright star, would I were\u2026"}, {"author_id": 1456524141226569728, "id": 1495283873177088001, "text": "RT @gb8XYTC53NCnXQX: @Dear1Dq @dimash_official\n#FlyAway\n#DimashConcertDubai\n#DimashKazakhMusic\n#DimashArnauKazan \nBright star, would I were\u2026"}, {"author_id": 218265537, "id": 1495283674127941633, "text": "RT @Lion_Softball: Uxua Modrego's 4\u20e3 home runs in game one are: \n\n- Most by a player in program history\n- Most by any Lone Star Conference\u2026"}, {"author_id": 1492449249979940864, "id": 1495283648341643264, "text": "RT @gulaijiduohan1: #ohmpawat \nMay you get everything you want, to be a lone star\u2728, to become a whale\ud83d\udc33, to step on land that no one has hea\u2026"}, {"author_id": 1329405400270114816, "id": 1495283647284449281, "text": "RT @gb8XYTC53NCnXQX: @Dear1Dq @dimash_official\n#FlyAway\n#DimashConcertDubai\n#DimashKazakhMusic\n#DimashArnauKazan \nBright star, would I were\u2026"}, {"author_id": 305401065, "id": 1495283588589187074, "text": "RT @coybranscum: Texans deserve a representative who listens and advocates for the people- not dark money donors. My name is Coy Branscum a\u2026"}, {"author_id": 1435037058763005960, "id": 1495283383055929346, "text": "RT @coybranscum: Texans deserve a representative who listens and advocates for the people- not dark money donors. My name is Coy Branscum a\u2026"}, {"author_id": 1040460420, "id": 1495282728916307971, "text": "have been watching 911 lone star for so long and only now did i notice the twins are cagney and lacey from b99???????? bruh????????"}, {"author_id": 34169185, "id": 1495282270185291776, "text": "Looking for something new and different? Pick up a copy of the #LoneStarOdyssey series, a #postapocalyptic story in a #dystopian world gone mad.\nhttps://t.co/NAfbmUCJnd\n\n#Kindle #KindleUnlimited and #Audible \n@DavidWi71485179 https://t.co/8VEO2LFdHn"}, {"author_id": 122276343, "id": 1495282261591162881, "text": "RT @gulaijiduohan1: #ohmpawat \nMay you get everything you want, to be a lone star\u2728, to become a whale\ud83d\udc33, to step on land that no one has hea\u2026"}, {"author_id": 1275916923079929858, "id": 1495282217169432580, "text": "RT @lovemqlec: looking for some moots, since I've never done this and I've heard it helps\n\n-911 lone star\n-ronen rubinstein\n-rafael silva\n-\u2026"}, {"author_id": 1447130948206694400, "id": 1495281923974840321, "text": "RT @gulaijiduohan1: #ohmpawat \nMay you get everything you want, to be a lone star\u2728, to become a whale\ud83d\udc33, to step on land that no one has hea\u2026"}, {"author_id": 1312248881154076673, "id": 1495281327221972993, "text": "RT @gb8XYTC53NCnXQX: @Dear1Dq @dimash_official\n#FlyAway\n#DimashConcertDubai\n#DimashKazakhMusic\n#DimashArnauKazan \nBright star, would I were\u2026"}, {"author_id": 1469679980665663492, "id": 1495279877096099841, "text": "RT @gulaijiduohan1: #ohmpawat \nMay you get everything you want, to be a lone star\u2728, to become a whale\ud83d\udc33, to step on land that no one has hea\u2026"}, {"author_id": 973284952719503361, "id": 1495279419669512192, "text": "RT @gulaijiduohan1: #ohmpawat \nMay you get everything you want, to be a lone star\u2728, to become a whale\ud83d\udc33, to step on land that no one has hea\u2026"}, {"author_id": 1470387737824010243, "id": 1495279077309177856, "text": "RT @gb8XYTC53NCnXQX: @Dear1Dq @dimash_official\n#FlyAway\n#DimashConcertDubai\n#DimashKazakhMusic\n#DimashArnauKazan \nBright star, would I were\u2026"}, {"author_id": 20964739, "id": 1495278156898463749, "text": "RT @coybranscum: Texans deserve a representative who listens and advocates for the people- not dark money donors. My name is Coy Branscum a\u2026"}, {"author_id": 1355056552705720321, "id": 1495277546363097089, "text": "RT @gb8XYTC53NCnXQX: @Dear1Dq @dimash_official\n#FlyAway\n#DimashConcertDubai\n#DimashKazakhMusic\n#DimashArnauKazan \nBright star, would I were\u2026"}, {"author_id": 3178406655, "id": 1495276594839105536, "text": "@EdwardOReilly1 @TOSSatNight @nckhui it really was, i was the lone star wars and batman fan, so i was a mere geekling until the day i walked into a comic book shop and was reborn. since that day. i've followed the path that rocks"}, {"author_id": 1440494828622467080, "id": 1495276518825672707, "text": "i have enjoyed lone star s3 WAY more than i did watching s5a of og https://t.co/9jIPLRKLOX"}, {"author_id": 1349039965854982145, "id": 1495275458455379969, "text": "Prancer Team:\n1st place - Hip Hop\n1st place - Jazz \n1st place - Lyrical\nGold in Best Overall \nPrancer Officers:\nLone Star State Champion \n1st place - Jazz \n1st place  - Hip Hop\n2nd place  - contemporary\nGold in Best Overall \n\nTeam &amp; Officers GUSSIE NELL DAVIS AWARD OF EXCELLENCE https://t.co/y6f5kGOHvi"}, {"author_id": 1317608608620716032, "id": 1495275158730248193, "text": "Six years ago, when Melson and her family decided to leave Riverside County, Cal for the Lone Star State\n\"We want our medical freedoms. We want our constitutional rights. We are definitely pro-life,\" says Melson\nthey decided 6 years ago are we still pretending it's masks and vaxs"}, {"author_id": 909670875481468928, "id": 1495274360508198916, "text": "RT @Eliza_Bird_: \ud83c\udf38\u2b50\ufe0f\ud83c\udf38\u2b50\ufe0f\ud83c\udf38\u2b50\ufe0f\ud83c\udf38\u2b50\ufe0f\ud83c\udf38\u2b50\ufe0f\ud83c\udf38\u2b50\ufe0f\ud83c\udf38\nThis lone cosmos was the standout star of the show for me today - even though it was trying to be a wa\u2026"}, {"author_id": 2671160792, "id": 1495273628824387585, "text": "Today was spent with my Lone Star Leadership High School leaders. Today\u2019s theme was Enabling Others to Act. https://t.co/w4Sn65OaZS"}, {"author_id": 1313870288094986241, "id": 1495273503964241920, "text": "RT @drmom247: @GregAbbott_TX @TXMilitary @TexasGuard Texas national guardsmen say their mission to secure the border is a waste of time and\u2026"}, {"author_id": 2671160792, "id": 1495273024907530241, "text": "Today was spent with my Lone Star Leadership High School leaders. Thank you @BakerRipley &amp; @workfaithhtx for the tour and presentation! https://t.co/g4OujhCcIa"}, {"author_id": 893729331507216385, "id": 1495272700264136705, "text": "RT @ActuallyRafa: Take a breath, Tiger.\nI mean it.\n\n#911LoneStar \nCatch the 2-hour Season Finale of 911: Lone Star tonight at 8/7c only on\u2026"}, {"author_id": 2388376135, "id": 1495271189123584004, "text": "RT @seanhannity: NOT IN THE LONE STAR: Texas AG Paxton Suing Biden Admin, CDC for Airport Mask Mandates https://t.co/bUOiw7ePQP"}, {"author_id": 456393142, "id": 1495271053928501249, "text": "John Sayles totally stole the flashback wipe transitions in LONE STAR from this movie."}, {"author_id": 1457602304593793025, "id": 1495270264405327874, "text": "RT @gulaijiduohan1: #ohmpawat \nMay you get everything you want, to be a lone star\u2728, to become a whale\ud83d\udc33, to step on land that no one has hea\u2026"}, {"author_id": 1315999219619110912, "id": 1495268492244889604, "text": "RT @gb8XYTC53NCnXQX: @Dear1Dq @dimash_official\n#FlyAway\n#DimashConcertDubai\n#DimashKazakhMusic\n#DimashArnauKazan \nBright star, would I were\u2026"}, {"author_id": 1452665401444294665, "id": 1495268337647038465, "text": "RT @elispjs10: restlessly the\nsnow blows\nlightly against\nme in the dark\ntime stands still\nas tall as the\nlone falling star\nit heard the\nmoo\u2026"}, {"author_id": 15510386, "id": 1495268084973654018, "text": "@EmmaJeanAuthor Shared a joint with Toots and the Maytals in the bathroom of the Lone Star Cafe sometime in the 80s. Got so stoned I fell over a tray of glasses and got thrown out before their set. \ud83e\udd23"}, {"author_id": 61198294, "id": 1495267102646808577, "text": "RT @coybranscum: Texans deserve a representative who listens and advocates for the people- not dark money donors. My name is Coy Branscum a\u2026"}, {"author_id": 2795289948, "id": 1495266591822467079, "text": "RT @alexachorn: After sweeping Baylor and Texas, Texas Tech heads to Fort Worth next Saturday looking to complete the Lone Star Sweep. See\u2026"}, {"author_id": 1471092407991156736, "id": 1495265676701106176, "text": "RT @gulaijiduohan1: #ohmpawat \nMay you get everything you want, to be a lone star\u2728, to become a whale\ud83d\udc33, to step on land that no one has hea\u2026"}, {"author_id": 1444307315071406084, "id": 1495265535072018438, "text": "RT @gulaijiduohan1: #ohmpawat \nMay you get everything you want, to be a lone star\u2728, to become a whale\ud83d\udc33, to step on land that no one has hea\u2026"}, {"author_id": 1273933452706844672, "id": 1495263868255277057, "text": "RT @gulaijiduohan1: #ohmpawat \nMay you get everything you want, to be a lone star\u2728, to become a whale\ud83d\udc33, to step on land that no one has hea\u2026"}, {"author_id": 1309999691136983040, "id": 1495263745832071170, "text": "@kingperkasex Yes. 9-1-1 Lone Star."}, {"author_id": 939515503269367808, "id": 1495263528667820034, "text": "RT @coybranscum: Texans deserve a representative who listens and advocates for the people- not dark money donors. My name is Coy Branscum a\u2026"}, {"author_id": 1482536252704686080, "id": 1495263100387270660, "text": "RT @ActuallyRafa: Take a breath, Tiger.\nI mean it.\n\n#911LoneStar \nCatch the 2-hour Season Finale of 911: Lone Star tonight at 8/7c only on\u2026"}, {"author_id": 461719813, "id": 1495262655027691525, "text": "RT @gulaijiduohan1: #ohmpawat \nMay you get everything you want, to be a lone star\u2728, to become a whale\ud83d\udc33, to step on land that no one has hea\u2026"}, {"author_id": 823302289125416960, "id": 1495262109097148421, "text": "RT @CNNPolitics: Gov. Greg Abbott sent thousands of personnel to the US-Mexico border. National guardsmen tell CNN their assignment is a wa\u2026"}, {"author_id": 1568124685, "id": 1495261268986449921, "text": "RT @coybranscum: Texans deserve a representative who listens and advocates for the people- not dark money donors. My name is Coy Branscum a\u2026"}, {"author_id": 1483725903129903109, "id": 1495260822498865154, "text": "RT @gulaijiduohan1: #ohmpawat \nMay you get everything you want, to be a lone star\u2728, to become a whale\ud83d\udc33, to step on land that no one has hea\u2026"}, {"author_id": 1466766780173479936, "id": 1495260725568102404, "text": "RT @gulaijiduohan1: #ohmpawat \nMay you get everything you want, to be a lone star\u2728, to become a whale\ud83d\udc33, to step on land that no one has hea\u2026"}, {"author_id": 18512539, "id": 1495260719927152647, "text": "@Coltheman1 @NewstalkZB The most important part is a company should not be punished if they don't want to enforce mandate. And at this point they are - see lone star and Oliver gym owners"}, {"author_id": 1183555866747985922, "id": 1495260496928325633, "text": "RT @Eliza_Bird_: \ud83c\udf38\u2b50\ufe0f\ud83c\udf38\u2b50\ufe0f\ud83c\udf38\u2b50\ufe0f\ud83c\udf38\u2b50\ufe0f\ud83c\udf38\u2b50\ufe0f\ud83c\udf38\u2b50\ufe0f\ud83c\udf38\nThis lone cosmos was the standout star of the show for me today - even though it was trying to be a wa\u2026"}, {"author_id": 1467077906715217922, "id": 1495259277543444480, "text": "RT @gulaijiduohan1: #ohmpawat \nMay you get everything you want, to be a lone star\u2728, to become a whale\ud83d\udc33, to step on land that no one has hea\u2026"}, {"author_id": 1370435678421581836, "id": 1495259166797139968, "text": "RT @tarlosnancy: The single tear is present in all three seasons. Lone star really likes to hurt us"}, {"author_id": 1482993271622467585, "id": 1495259107645100033, "text": "RT @gulaijiduohan1: #ohmpawat \nMay you get everything you want, to be a lone star\u2728, to become a whale\ud83d\udc33, to step on land that no one has hea\u2026"}, {"author_id": 1476174356510244864, "id": 1495258052353736705, "text": "Upcoming Houston Food Events: Go Full Texan with a Lone Star Style BBQ Party on the\u00a0Patio https://t.co/nJhWkP7Vh2"}, {"author_id": 1277878776878133248, "id": 1495256982441246720, "text": "RT @coybranscum: Texans deserve a representative who listens and advocates for the people- not dark money donors. My name is Coy Branscum a\u2026"}, {"author_id": 125440910, "id": 1495256630266511368, "text": "@mikeslastword Right - if we are really serious about getting to zero emissions, a mythic place, we would have to give up our briskets and probably our lone star as well."}, {"author_id": 1476371700421857285, "id": 1495256491619938304, "text": "RT @gulaijiduohan1: #ohmpawat \nMay you get everything you want, to be a lone star\u2728, to become a whale\ud83d\udc33, to step on land that no one has hea\u2026"}, {"author_id": 1495248574984212486, "id": 1495256252259123200, "text": "When Texas secedes, if @POTUS is still in office I'm going with them. Liberal voices do not have a place in this country, and the Lone Star State will not put up with them."}, {"author_id": 522669961, "id": 1495254678690742274, "text": "RT @ActuallyRafa: Take a breath, Tiger.\nI mean it.\n\n#911LoneStar \nCatch the 2-hour Season Finale of 911: Lone Star tonight at 8/7c only on\u2026"}, {"author_id": 1453921452818944003, "id": 1495254538571427840, "text": "Im gonna make this extremely hard lol \nFxck, marry kill 9-1-1/9-1-1 lone star addition: TK, Carlos, buck... have fun and sorry lol https://t.co/U3QWDTp01B"}, {"author_id": 1100964905048596480, "id": 1495254471529672705, "text": "Lone star tacos is just not the same after working at a real Latin restaurant for 6 months"}, {"author_id": 1110710813923241984, "id": 1495253757696823305, "text": "RT @Michael92766504: @GregAbbott_TX Did you discuss the TX NG being used as a prop?\nhttps://t.co/V3m16RClp0"}, {"author_id": 816433094, "id": 1495253685332369409, "text": "@OctobersOwn24 \ud83d\udcaf with myself as well! Watched a bit of Lone Star law (wildlife law bs) and then an LA Kings W lol"}, {"author_id": 956474557, "id": 1495253311926247427, "text": "Panhead Supercharger Beer of the Day!.... My favourite beer! #BOTD #myfavouritebeer @ Lone Star Botany https://t.co/vKZAQMetd8"}, {"author_id": 47273533, "id": 1495253264287543298, "text": "RT @Eliza_Bird_: \ud83c\udf38\u2b50\ufe0f\ud83c\udf38\u2b50\ufe0f\ud83c\udf38\u2b50\ufe0f\ud83c\udf38\u2b50\ufe0f\ud83c\udf38\u2b50\ufe0f\ud83c\udf38\u2b50\ufe0f\ud83c\udf38\nThis lone cosmos was the standout star of the show for me today - even though it was trying to be a wa\u2026"}, {"author_id": 1490192207097348100, "id": 1495252731673681920, "text": "@Faedra11 @BetoORourke I love the fact you are an out of state volunteer for a fake Mexican. Because no real self respecting Texan would support that gun grabbing front wiping bitch of a man here in the Lone Star state.. good night."}, {"author_id": 2230604635, "id": 1495252278458163203, "text": "the @NBA should let the rising stars game be the main event for all star saturday\n\nnever understood why it\u2019s a lone event on a friday #AllstarWeekend2022"}, {"author_id": 1228157074829299712, "id": 1495252240025620485, "text": "RT @gulaijiduohan1: #ohmpawat \nMay you get everything you want, to be a lone star\u2728, to become a whale\ud83d\udc33, to step on land that no one has hea\u2026"}, {"author_id": 1076779037786296325, "id": 1495251889625378818, "text": "RT @gulaijiduohan1: #ohmpawat \nMay you get everything you want, to be a lone star\u2728, to become a whale\ud83d\udc33, to step on land that no one has hea\u2026"}, {"author_id": 468764974, "id": 1495251387558641664, "text": "I've just watched episode S03 | E06 of 9-1-1: Lone Star! #911lonestar  https://t.co/0qPydDZUBX #tvtime https://t.co/MMEYycS2CH"}, {"author_id": 835800758163554304, "id": 1495250922406088706, "text": "New York Dolls - 06-new_york_dolls-lone_star_queen-aaf"}, {"author_id": 1090904982168133632, "id": 1495250801844908037, "text": "RT @lovemqlec: looking for some moots, since I've never done this and I've heard it helps\n\n-911 lone star\n-ronen rubinstein\n-rafael silva\n-\u2026"}, {"author_id": 27963763, "id": 1495250565361803264, "text": "RT @Lion_Softball: Uxua Modrego's 4\u20e3 home runs in game one are: \n\n- Most by a player in program history\n- Most by any Lone Star Conference\u2026"}, {"author_id": 1023239817990168577, "id": 1495250475146436617, "text": "The LISD Lone Star Company is a Distinguished Unit with Academic Honors and is frequently ranked 1st in the State among 59 Navy JROTC programs. Tonight we celebrated their many accomplishments! \u2693\ufe0f\n*Bonus for me, was seeing my Cadet Dholakia all dressed up \ud83d\ude0d https://t.co/cSRF1yP6xA"}, {"author_id": 1149709999, "id": 1495248669733445633, "text": "RT @alexachorn: After sweeping Baylor and Texas, Texas Tech heads to Fort Worth next Saturday looking to complete the Lone Star Sweep. See\u2026"}, {"author_id": 1448875478098452480, "id": 1495247898266980352, "text": "RT @lovemqlec: looking for some moots, since I've never done this and I've heard it helps\n\n-911 lone star\n-ronen rubinstein\n-rafael silva\n-\u2026"}, {"author_id": 48688227, "id": 1495247761868050432, "text": "I've just watched episode S03 | E06 of 9-1-1: Lone Star! #911lonestar  https://t.co/7DeceEt1GP #tvtime"}, {"author_id": 1137602989, "id": 1495247705240711169, "text": "RT @ColeLPatterson: 2023 Ravenwood (TN) QB Chris Parson made the trip back out to the Lone Star State this weekend for #3DQBTexas. \n\nThe #F\u2026"}, {"author_id": 1481426726261596160, "id": 1495247697103798278, "text": "RT @tomjcrane: \"Operation Lone Star is a morally bankrupt operation. It lacks the character trait most valued in the Army: leadership.\" #Op\u2026"}, {"author_id": 1043509248997646338, "id": 1495246537827524608, "text": "RT @thedixiechicken: Celebrate #TexasIndependenceDay with our #BrandNew #TShirt! Our #LoneStarBird shirt is available now, in limited quant\u2026"}, {"author_id": 216736363, "id": 1495246399407017984, "text": "RT @TXCivilRights: Next week, don't miss this conversation featuring Laura Pe\u00f1a talking about why #LoneStarMustGo.\n\nOperation Lone Star is\u2026"}, {"author_id": 781701900, "id": 1495245934371999752, "text": "RT @TXCivilRights: Next week, don't miss this conversation featuring Laura Pe\u00f1a talking about why #LoneStarMustGo.\n\nOperation Lone Star is\u2026"}, {"author_id": 1267945445084598274, "id": 1495245847063404558, "text": "Lone Star #SUV &amp; #Limo LLC \nhttps://t.co/kdjWr4pOc8\n\nMy friend &amp; staff \nAbdallah E. in #Joshua  \n\nHad a professional photographer take his photo with my space!\n\n#OpenHouse #WeddingVenue #EventCenter #WeddingTransportation #DFW #FortWorth #NorthTexas\n#Motorcoach #Limousine https://t.co/Z0xsrULbUL"}, {"author_id": 1159290293126148096, "id": 1495245508423688194, "text": "@GovAbbott Uh huh.  If the National Guard in Texas decide they've had enough of this 'Operation Lone Star' nonsense - who do you think the good people of TX will support; the military, or a politician who couldn't keep the lights on?"}, {"author_id": 1446214481315565571, "id": 1495245444049420288, "text": "RT @LoneStarSUVLimo: Lone Star #SUV &amp; #Limo LLC \nhttps://t.co/DoLJtNRCSV 469-265-4527 \n\n#DesignDistrict #DowntownDallas #MeddlesomeMoth #We\u2026"}, {"author_id": 1446214481315565571, "id": 1495245417965051904, "text": "RT @LoneStarSUVLimo: Lone Star #SUV &amp; #Limo LLC\n#BBBAccredited \nhttps://t.co/5X07WyaRkE\n469-265-4527 \n\n#TheUnionDallas #UnionDallas #Nightl\u2026"}, {"author_id": 1484699954690293760, "id": 1495245011645988866, "text": "RT @gulaijiduohan1: #ohmpawat \nMay you get everything you want, to be a lone star\u2728, to become a whale\ud83d\udc33, to step on land that no one has hea\u2026"}, {"author_id": 273166628, "id": 1495244440671301632, "text": "RT @Lion_Softball: Uxua Modrego's 4\u20e3 home runs in game one are: \n\n- Most by a player in program history\n- Most by any Lone Star Conference\u2026"}, {"author_id": 1159290293126148096, "id": 1495243745750622210, "text": "So much for 'Op. Lone Star':  Let's talk about unionizing the military and Texas.... https://t.co/YvRBSIG8t6 via @YouTube"}, {"author_id": 1371186828196319232, "id": 1495243489793220610, "text": "RT @gb8XYTC53NCnXQX: @Dear1Dq @dimash_official\n#FlyAway\n#DimashConcertDubai\n#DimashKazakhMusic\n#DimashArnauKazan \nBright star, would I were\u2026"}, {"author_id": 37380342, "id": 1495243264252948485, "text": "Needless to say you were lots of fun Angela Schneider from Ankeny, Ia. Hope you n Papi enjoy your 2019 Ram 1500 Big Horn Lone Star. \n#DeweyDodgeAnkeny #DeweyTreatUBetter \ud83c\ude51 https://t.co/MScFEbvHS6"}, {"author_id": 1421091548511485954, "id": 1495243043057946626, "text": "RT @Megaprikibalz: @Jugg_Que_Naut LeBron will still be 2-8. Bam and Dragic don't get hurt. Tim Duncan don't miss his bread and butter shot\u2026"}, {"author_id": 258044272, "id": 1495242955979833344, "text": "Watch \u201cThis is how Lone Star Skoolie Conversions installed our toilet\u201d on YouTube https://t.co/KUrmt8IaKU"}, {"author_id": 325557524, "id": 1495242868491014147, "text": "Join our Onyx Lone Star for tonight\u2019s Zoom Bar Nite from 10pm-1am cst https://t.co/xsNibTSqdh"}, {"author_id": 257778289, "id": 1495242685573124103, "text": "RT @GregAbbott_TX: Love being on the campaign trail with the great people of San Antonio &amp; Beaumont!\n\nTexas, there is ONE WEEK left of Earl\u2026"}, {"author_id": 1207943115333607424, "id": 1495241913460527110, "text": "I've just watched episode S02 | E08 of 9-1-1: Lone Star! https://t.co/OAqXhihBkg #tvtime https://t.co/fr3O0C8cr1"}, {"author_id": 896796771506171904, "id": 1495241525638402048, "text": "RT @coybranscum: Texans deserve a representative who listens and advocates for the people- not dark money donors. My name is Coy Branscum a\u2026"}]