[{"author_id": 982757681604673536, "id": 1495209434624131079, "text": "RT @CaptQUACKerman: @cryptowave93 \u2705 STAKING / VOTING / LAUNCHPAD\n\ud83d\udfe2 In Development: Mega Quackpot Raffle / Lotto Platform\n\u2699\ufe0f So, how are we\u2026"}, {"author_id": 982757681604673536, "id": 1495200752851369986, "text": "RT @CaptQUACKerman: @inaryotolembah @Crypto__emily @QuackArmyID @rifandiiiii @brad10813096 @adi_paman @Mohsen27905321 @Amohamm47263236 @elo\u2026"}, {"author_id": 982757681604673536, "id": 1495200715631099906, "text": "RT @QuackArmyID: @inaryotolembah @Crypto__emily @CaptQUACKerman @rifandiiiii @brad10813096 @adi_paman @Mohsen27905321 @Amohamm47263236 @elo\u2026"}, {"author_id": 1269096412257505280, "id": 1495190557941202945, "text": "RT @syah6_kamaludin: @rovercrc @binance \u2705 STAKING / VOTING / LAUNCHPAD\n\ud83d\udfe2 In Development: Mega Quackpot Raffle / Lotto Platform\n\u2699\ufe0f So, how a\u2026"}, {"author_id": 764224975205261312, "id": 1495161625854291970, "text": "@RatiodbySteph_ @TheNBACentral Some team will take him with a lotto pick just to land bron"}, {"author_id": 1388004951964758016, "id": 1495103994666098692, "text": "RT @syah6_kamaludin: @rovercrc @binance \u2705 STAKING / VOTING / LAUNCHPAD\n\ud83d\udfe2 In Development: Mega Quackpot Raffle / Lotto Platform\n\u2699\ufe0f So, how a\u2026"}, {"author_id": 1469556495679246338, "id": 1495099055697182721, "text": "@cryptowave93 \u2705 STAKING / VOTING / LAUNCHPAD\n\ud83d\udfe2 In Development: Mega Quackpot Raffle / Lotto Platform\n\u2699\ufe0f So, how are we going to do all of this in 2022?\n\u2606 Chainlink VRF integration\n\u2606 Ethereum SC / BNBETH Bridge\n\u2606 Buy Land in #Decentraland/#SAND #Metaverse\n#RichQUACK #QuackArmy #QuackAttack https://t.co/iarPQSrtMu"}, {"author_id": 1469556495679246338, "id": 1495094450108104707, "text": "@nftgemwhale \u2705 STAKING / VOTING / LAUNCHPAD\n\ud83d\udfe2 In Development: Mega Quackpot Raffle / Lotto Platform\n\u2699\ufe0f So, how are we going to do all of this in 2022?\n\u2606 Chainlink VRF integration\n\u2606 Ethereum SC / BNBETH Bridge\n\u2606 Buy Land in #Decentraland/#SAND #Metaverse\n#RichQUACK #QuackArmy #QuackAttack https://t.co/CSQ3OudDki"}, {"author_id": 1456480311114493952, "id": 1495085466076737538, "text": "@diamondhandzz \u2705 STAKING / VOTING / LAUNCHPAD\n\ud83d\udfe2 In Development: Mega Quackpot Raffle / Lotto Platform\n\u2699\ufe0f So, how are we going to do all of this in 2022?\n\u2606 Chainlink VRF integration\n\u2606 Ethereum SC / BNBETH Bridge\n\u2606 Buy Land in #Decentraland/#SAND #Metaverse\n#RichQUACK #QuackArmy #QuackAttack https://t.co/t8A7jxoWah"}, {"author_id": 1456480311114493952, "id": 1495085237143224320, "text": "@Whalesincoming \u2705 STAKING / VOTING / LAUNCHPAD\n\ud83d\udfe2 In Development: Mega Quackpot Raffle / Lotto Platform\n\u2699\ufe0f So, how are we going to do all of this in 2022?\n\u2606 Chainlink VRF integration\n\u2606 Ethereum SC / BNBETH Bridge\n\u2606 Buy Land in #Decentraland/#SAND #Metaverse\n#RichQUACK #QuackArmy #QuackAttack https://t.co/pDqv0sWMGl"}, {"author_id": 1456480311114493952, "id": 1495085071774404608, "text": "@AltcoinWorldcom \u2705 STAKING / VOTING / LAUNCHPAD\n\ud83d\udfe2 In Development: Mega Quackpot Raffle / Lotto Platform\n\u2699\ufe0f So, how are we going to do all of this in 2022?\n\u2606 Chainlink VRF integration\n\u2606 Ethereum SC / BNBETH Bridge\n\u2606 Buy Land in #Decentraland/#SAND #Metaverse\n#RichQUACK #QuackArmy #QuackAttack https://t.co/q9nFci0Nmx"}, {"author_id": 1456480311114493952, "id": 1495084962743463936, "text": "@WhaleInsider \u2705 STAKING / VOTING / LAUNCHPAD\n\ud83d\udfe2 In Development: Mega Quackpot Raffle / Lotto Platform\n\u2699\ufe0f So, how are we going to do all of this in 2022?\n\u2606 Chainlink VRF integration\n\u2606 Ethereum SC / BNBETH Bridge\n\u2606 Buy Land in #Decentraland/#SAND #Metaverse\n#RichQUACK #QuackArmy #QuackAttack https://t.co/gccouKKEgw"}, {"author_id": 1456480311114493952, "id": 1495084188923752448, "text": "@CryptoGemsCom \u2705 STAKING / VOTING / LAUNCHPAD\n\ud83d\udfe2 In Development: Mega Quackpot Raffle / Lotto Platform\n\u2699\ufe0f So, how are we going to do all of this in 2022?\n\u2606 Chainlink VRF integration\n\u2606 Ethereum SC / BNBETH Bridge\n\u2606 Buy Land in #Decentraland/#SAND #Metaverse\n#RichQUACK #QuackArmy #QuackAttack https://t.co/ANwJp96w2n"}, {"author_id": 1456480311114493952, "id": 1495083922103107586, "text": "@rovercrc @binance \u2705 STAKING / VOTING / LAUNCHPAD\n\ud83d\udfe2 In Development: Mega Quackpot Raffle / Lotto Platform\n\u2699\ufe0f So, how are we going to do all of this in 2022?\n\u2606 Chainlink VRF integration\n\u2606 Ethereum SC / BNBETH Bridge\n\u2606 Buy Land in #Decentraland/#SAND #Metaverse\n#RichQUACK #QuackArmy #QuackAttack https://t.co/1056Ys6Tnm"}, {"author_id": 1456480311114493952, "id": 1495081472671498241, "text": "@CryptoGemsCom \u2705 STAKING / VOTING / LAUNCHPAD\n\ud83d\udfe2 In Development: Mega Quackpot Raffle / Lotto Platform\n\u2699\ufe0f So, how are we going to do all of this in 2022?\n\u2606 Chainlink VRF integration\n\u2606 Ethereum SC / BNBETH Bridge\n\u2606 Buy Land in #Decentraland/#SAND #Metaverse\n#RichQUACK #QuackArmy #QuackAttack https://t.co/8JXzqJ8645"}, {"author_id": 1469556495679246338, "id": 1495075219450785793, "text": "@AltcoinWorldcom \u2705 STAKING / VOTING / LAUNCHPAD\n\ud83d\udfe2 In Development: Mega Quackpot Raffle / Lotto Platform\n\u2699\ufe0f So, how are we going to do all of this in 2022?\n\u2606 Chainlink VRF integration\n\u2606 Ethereum SC / BNBETH Bridge\n\u2606 Buy Land in #Decentraland/#SAND #Metaverse\n#RichQUACK #QuackArmy #QuackAttack https://t.co/4Lb6QX4Yur"}, {"author_id": 488330046, "id": 1495074718206275590, "text": "RT @CaptQUACKerman: @inaryotolembah @Crypto__emily @QuackArmyID @rifandiiiii @brad10813096 @adi_paman @Mohsen27905321 @Amohamm47263236 @elo\u2026"}, {"author_id": 488330046, "id": 1495074685541052416, "text": "@inaryotolembah @Crypto__emily @CaptQUACKerman @rifandiiiii @brad10813096 @adi_paman @Mohsen27905321 @Amohamm47263236 @elonmusk @RichQuackarmy @Robert57036388 @CryptoGPO @cryptoworld202 @MrBigWhaleREAL @BSCGemsAlert @BNBLegion \u2705 STAKING / VOTING / LAUNCHPAD\n\ud83d\udfe2 In Development: Mega Quackpot Raffle / Lotto Platform\n\u2699\ufe0f So, how are we going to do all of this in 2022?\n\u2606 Chainlink VRF integration\n\u2606 Ethereum SC / BNBETH Bridge\n\u2606 Buy Land in #Decentraland/#SAND #memecoins\n#RichQUACK #QuackArmy #QUACKattack https://t.co/rGquvCZPhW"}, {"author_id": 1469556495679246338, "id": 1495044724670959620, "text": "@altcryptocom \u2705 STAKING / VOTING / LAUNCHPAD\n\ud83d\udfe2 In Development: Mega Quackpot Raffle / Lotto Platform\n\u2699\ufe0f So, how are we going to do all of this in 2022?\n\u2606 Chainlink VRF integration\n\u2606 Ethereum SC / BNBETH Bridge\n\u2606 Buy Land in #Decentraland/#SAND #Metaverse\n#RichQUACK #QuackArmy #QuackAttack https://t.co/RQkPT0Czez"}, {"author_id": 1469556495679246338, "id": 1495034269802336262, "text": "@inaryotolembah @Crypto__emily @QuackArmyID @rifandiiiii @brad10813096 @adi_paman @Mohsen27905321 @Amohamm47263236 @elonmusk @RichQuackarmy @Robert57036388 @CryptoGPO @cryptoworld202 @MrBigWhaleREAL @BSCGemsAlert @BNBLegion \u2705 STAKING / VOTING / LAUNCHPAD\n\ud83d\udfe2 In Development: Mega Quackpot Raffle / Lotto Platform\n\u2699\ufe0f So, how are we going to do all of this in 2022?\n\u2606 Chainlink VRF integration\n\u2606 Ethereum SC / BNBETH Bridge\n\u2606 Buy Land in #Decentraland/#SAND #Metaverse\n#RichQUACK #QuackArmy #QUACKattack https://t.co/1xOnIqpBQq"}, {"author_id": 38405464, "id": 1494990146336444424, "text": "Lottoland launches it\u2019s mini bets! \nFor only R10 get a mini bet on the US Powerball and win 10% of the total payout!\nDraw is currently standing at R4.3 Billion. With the mini bet you stand a chance to win R430 Million!\nGet your mini bet now!\u27a1https://t.co/2S35HcKWVD\n#Lottoland https://t.co/iVa8Y9XxH7"}, {"author_id": 2371664451, "id": 1494874144978182144, "text": "@RenaSoLovely It will make you wanna hit the lotto and have a while lot of land in Montana \ud83d\ude02"}, {"author_id": 1469556495679246338, "id": 1494785709839896576, "text": "@SapereVincent @JQuackland \u2705 STAKING / VOTING / LAUNCHPAD\n\ud83d\udfe2 In Development: Mega Quackpot Raffle / Lotto Platform\n\u2699\ufe0f So, how are we going to do all of this in 2022?\n\u2606 Chainlink VRF integration\n\u2606 Ethereum SC / BNBETH Bridge\n\u2606 Buy Land in #Decentraland/#SAND #Metaverse\n#RichQUACK #QuackArmy #QuackAttack https://t.co/sBcOrUGPcC"}, {"author_id": 1469556495679246338, "id": 1494671515362938882, "text": "@RichQuack \u2705 STAKING / VOTING / LAUNCHPAD\n\ud83d\udfe2 In Development: Mega Quackpot Raffle / Lotto Platform\n\u2699\ufe0f So, how are we going to do all of this in 2022?\n\u2606 Chainlink VRF integration\n\u2606 Ethereum SC / BNBETH Bridge\n\u2606 Buy Land in #Decentraland/#SAND #Metaverse\n#RichQUACK #QuackArmy #QuackAttack https://t.co/YZN9ajlhUP"}, {"author_id": 1469556495679246338, "id": 1494639847738585089, "text": "@SapereVincent \u2705 STAKING / VOTING / LAUNCHPAD\n\ud83d\udfe2 In Development: Mega Quackpot Raffle / Lotto Platform\n\u2699\ufe0f So, how are we going to do all of this in 2022?\n\u2606 Chainlink VRF integration\n\u2606 Ethereum SC / BNBETH Bridge\n\u2606 Buy Land in #Decentraland/#SAND #Metaverse\n#RichQUACK #QuackArmy #QuackAttack https://t.co/2eKbRi8GyI"}, {"author_id": 2236773025, "id": 1494636171498242049, "text": "RT @CaptQUACKerman: @Ilkhantrk1 \u2705 STAKING / VOTING / LAUNCHPAD\n\ud83d\udfe2 In Development: Mega Quackpot Raffle / Lotto Platform\n\u2699\ufe0f So, how are we go\u2026"}, {"author_id": 1469556495679246338, "id": 1494622739814285316, "text": "@Ilkhantrk1 \u2705 STAKING / VOTING / LAUNCHPAD\n\ud83d\udfe2 In Development: Mega Quackpot Raffle / Lotto Platform\n\u2699\ufe0f So, how are we going to do all of this in 2022?\n\u2606 Chainlink VRF integration\n\u2606 Ethereum SC / BNBETH Bridge\n\u2606 Buy Land in #Decentraland/#SAND #Metaverse\n#RichQUACK #QuackArmy #QuackAttack https://t.co/EEnVq1ILX2"}, {"author_id": 558782771, "id": 1494388154488569860, "text": "After I win the lotto and buy myself house &amp; land, my next thing is to buy/build apartments and rent them out to young professionals at an affordable rate. Housing in Trinidad is CRIMINAL https://t.co/k6uJjMfHc6"}, {"author_id": 97116157, "id": 1494319648480837632, "text": "RT @Betmojolotto: Betmojo Lotto Pick 3 don land. https://t.co/KX7aBDAkti"}, {"author_id": 1494248207693623296, "id": 1494268307339419653, "text": "RT @Betmojolotto: Betmojo Lotto Pick 3 don land. https://t.co/KX7aBDAkti"}, {"author_id": 1494248207693623296, "id": 1494256903463092225, "text": "Betmojo Lotto Pick 3 don land. https://t.co/KX7aBDAkti"}, {"author_id": 601279463, "id": 1494224137560236032, "text": "RT @KickOffMagazine: Lottoland launches it\u2019s mini bets! \nFor only R10 get a mini bet on the US Powerball and win 10% of the total payout!\nD\u2026"}, {"author_id": 38405464, "id": 1494223919762526209, "text": "Lottoland launches it\u2019s mini bets! \nFor only R10 get a mini bet on the US Powerball and win 10% of the total payout!\nDraw is currently standing at R4.3 Billion. With the mini bet you stand a chance to win R430 Million!\nGet your mini bet now!\ud83d\udc49https://t.co/2S35HcKWVD\n#Lottoland https://t.co/weyfzg1GBK"}, {"author_id": 982757681604673536, "id": 1494166219293097985, "text": "RT @CaptQUACKerman: @BscGemSniper \u2705 STAKING / VOTING / LAUNCHPAD\n\ud83d\udfe2 In Development: Mega Quackpot Raffle / Lotto Platform\n\u2699\ufe0f So, how are we\u2026"}, {"author_id": 1469556495679246338, "id": 1494165796284952582, "text": "@BscGemSniper \u2705 STAKING / VOTING / LAUNCHPAD\n\ud83d\udfe2 In Development: Mega Quackpot Raffle / Lotto Platform\n\u2699\ufe0f So, how are we going to do all of this in 2022?\n\u2606 Chainlink VRF integration\n\u2606 Ethereum SC / BNBETH Bridge\n\u2606 Buy Land in #Decentraland/#SAND #Metaverse\n#RichQUACK #QuackArmy #QUACKattack https://t.co/Ph5iZpLVjt"}, {"author_id": 982757681604673536, "id": 1494165156150259715, "text": "RT @CaptQUACKerman: @Nikki05552312 @ShillMaster_ \u2705 STAKING / VOTING / LAUNCHPAD\n\ud83d\udfe2 In Development: Mega Quackpot Raffle / Lotto Platform\n\u2699\ufe0f\u2026"}, {"author_id": 1469556495679246338, "id": 1494157519966863361, "text": "@Nikki05552312 @ShillMaster_ \u2705 STAKING / VOTING / LAUNCHPAD\n\ud83d\udfe2 In Development: Mega Quackpot Raffle / Lotto Platform\n\u2699\ufe0f So, how are we going to do all of this in 2022?\n\u2606 Chainlink VRF integration\n\u2606 Ethereum SC / BNBETH Bridge\n\u2606 Buy Land in #Decentraland/#SAND #Metaverse\n#RichQUACK #QuackArmy #QuackAttack https://t.co/VzBFOrSFTt"}, {"author_id": 1476106176257396739, "id": 1494132946726391809, "text": "it ain't costing hnz shit,its costing me,the lying badtards.did you get the land back aye https://t.co/uNyCeh4mxB lost our land in a gamble or you stuck it in the lotto andci just won it back.liars.tell the truth pakeha.the king don't own what I own,my namesake is NGAPUHI."}, {"author_id": 344938114, "id": 1494131601910812672, "text": "@MissFit_ I can\u2019t sleep for more than two hours at a time. Every two hours I wake up wide awake. Usually to the minute 12:23, 2:17, 4:22 are common. Takes me a bit to get back to dream land. I used to love sleep. Now I can\u2019t. So now I play my sleep wake up times as lotto numbers. \ud83e\udd2a"}, {"author_id": 416011362, "id": 1494091725681434627, "text": "@AlexGoldenNBA sooo many assets to use to move up if necessary \n\nhopefully w get lucky in the lotto and don't have to use any to land our guy\ud83e\udd1e"}, {"author_id": 1237676403866382341, "id": 1494051379228430347, "text": "RT @rfc_rydc: Fans who play Rangers Museum Lotto can also land a weekly top prize of \u00a32500, all for just a \u00a31 stake. Full details\ud83d\udc47\n\nhttps:/\u2026"}, {"author_id": 982757681604673536, "id": 1493978487426023426, "text": "RT @CaptQUACKerman: @CryptoGemsCom \u2705 STAKING / VOTING / LAUNCHPAD\n\ud83d\udfe2 In Development: Mega Quackpot Raffle / Lotto Platform\n\u2699\ufe0f So, how are we\u2026"}, {"author_id": 1469556495679246338, "id": 1493977791058317321, "text": "@CryptoGemsCom \u2705 STAKING / VOTING / LAUNCHPAD\n\ud83d\udfe2 In Development: Mega Quackpot Raffle / Lotto Platform\n\u2699\ufe0f So, how are we going to do all of this in 2022?\n\u2606 Chainlink VRF integration\n\u2606 Ethereum SC / BNBETH Bridge\n\u2606 Buy Land in #Decentraland/#SAND #Metaverse\n#RichQUACK #QuackArmy #QuackAttack https://t.co/NET2VhLnJb"}, {"author_id": 1004656700, "id": 1493973312376037377, "text": "RT @rfc_rydc: Fans who play Rangers Museum Lotto can also land a weekly top prize of \u00a32500, all for just a \u00a31 stake. Full details\ud83d\udc47\n\nhttps:/\u2026"}, {"author_id": 357416151, "id": 1493972348684353539, "text": "Fans who play Rangers Museum Lotto can also land a weekly top prize of \u00a32500, all for just a \u00a31 stake. Full details\ud83d\udc47\n\nhttps://t.co/gJbzrfZlnC"}, {"author_id": 1469556495679246338, "id": 1493953743154741248, "text": "RT @CaptQUACKerman: @CryptoGemsCom \u2705 STAKING / VOTING / LAUNCHPAD\n\ud83d\udfe2 In Development: Mega Quackpot Raffle / Lotto Platform\n\u2699\ufe0f So, how are we\u2026"}, {"author_id": 1469556495679246338, "id": 1493953704017686530, "text": "@CryptoGemsCom \u2705 STAKING / VOTING / LAUNCHPAD\n\ud83d\udfe2 In Development: Mega Quackpot Raffle / Lotto Platform\n\u2699\ufe0f So, how are we going to do all of this in 2022?\n\u2606 Chainlink VRF integration\n\u2606 Ethereum SC / BNBETH Bridge\n\u2606 Buy Land in #Decentraland/#SAND #Metaverse\n#RichQUACK #QuackArmy #QuackAttack https://t.co/gHyYN69sG0"}, {"author_id": 542028613, "id": 1493942362195824645, "text": "@RSmaker25 @frei_ist @AMilesNovelo @EPoe187 You didn't read the link on lotteries. It was about the Georgia Land Lottery, not the current form. Although it does explain why people who win current lotteries (like the \"Lotto lout\" across the pond) don't accomplish anything with their windfall."}, {"author_id": 404154908, "id": 1493815459220635651, "text": "Lotto land k ad kasam se sabse irritating ads hain."}, {"author_id": 1119212382012825601, "id": 1493809778094657542, "text": "@boogie008 @sportsguyshows @macwfnz And I\u2019m NOT saying fire JB now\u2026 but if they finish .500 or worse and are lotto again, THEN reevaluate. 4 years and no playoffs, with that level of talent? No excuses in the NBA. The east is tougher here forward. They\u2019ll have to land max player(s)to contend soon. Just reality."}, {"author_id": 1480319965261615111, "id": 1493805735272226816, "text": "RT @CaptQUACKerman: @RichQuack @FTX_Official \u2705 STAKING / VOTING / LAUNCHPAD\n\ud83d\udfe2 In Development: Mega Quackpot Raffle / Lotto Platform\n\u2699\ufe0f So,\u2026"}, {"author_id": 1119212382012825601, "id": 1493795957057769474, "text": "@macwfnz Not winning tonight \ud83d\ude15\nNot winning the next one either\ud83d\ude15\nContinuing the downward slide into lotto land."}, {"author_id": 982757681604673536, "id": 1493725761832120320, "text": "RT @CaptQUACKerman: @RichQuack @FTX_Official \u2705 STAKING / VOTING / LAUNCHPAD\n\ud83d\udfe2 In Development: Mega Quackpot Raffle / Lotto Platform\n\u2699\ufe0f So,\u2026"}, {"author_id": 1472235202269298695, "id": 1493717454685544449, "text": "@just_me3697 @HannonPete If I win the lotto, I'm buying rental properties &amp; sections of land."}, {"author_id": 823520408112611328, "id": 1493692047622090758, "text": "when we win the lotto we'll get enough land for all of them \ud83d\udc96 https://t.co/FxQo8JjZlF"}, {"author_id": 1469556495679246338, "id": 1493624038438359043, "text": "@RichQuack @FTX_Official \u2705 STAKING / VOTING / LAUNCHPAD\n\ud83d\udfe2 In Development: Mega Quackpot Raffle / Lotto Platform\n\u2699\ufe0f So, how are we going to do all of this in 2022?\n\u2606 Chainlink VRF integration\n\u2606 Ethereum SC / BNBETH Bridge\n\u2606 Buy Land in #Decentraland/#SAND #Metaverse\n#RichQUACK #QuackArmy #QuackAttack https://t.co/LdDVGAfves"}, {"author_id": 1350537245502156803, "id": 1493565934010880003, "text": "RT @syah6_kamaludin: @roar_token @CaptQUACKerman \u2705 STAKING / VOTING / LAUNCHPAD\n\ud83d\udfe2 In Development: Mega Quackpot Raffle / Lotto Platform\n\n#P\u2026"}, {"author_id": 1469556495679246338, "id": 1493539012987875332, "text": "@altcryptocom \u2705 STAKING / VOTING / LAUNCHPAD\n\ud83d\udfe2 In Development: Mega Quackpot Raffle / Lotto Platform\n\u2699\ufe0f So, how are we going to do all of this in 2022?\n\u2606 Chainlink VRF integration\n\u2606 Ethereum SC / BNBETH Bridge\n\u2606 Buy Land in #Decentraland/#SAND #Metaverse\n#RichQUACK #QuackArmy #QuackAttack https://t.co/rqcDgkdoPc"}, {"author_id": 982757681604673536, "id": 1493451810170085381, "text": "RT @syah6_kamaludin: @irwandeanggoro @elonmusk @davidgokhshtein @RichQuack @Robert57036388 @SapereVincent @rifandiiiii @adi_paman @Cryptoni\u2026"}, {"author_id": 982757681604673536, "id": 1493451790976950275, "text": "RT @syah6_kamaludin: @QuackArmyID @irwandeanggoro @elonmusk @davidgokhshtein @RichQuack @Robert57036388 @SapereVincent @rifandiiiii @adi_pa\u2026"}, {"author_id": 1469556495679246338, "id": 1493447143306461190, "text": "@BSCGemsAlert \u2705 STAKING / VOTING / LAUNCHPAD\n\ud83d\udfe2 In Development: Mega Quackpot Raffle / Lotto Platform\n\u2699\ufe0f So, how are we going to do all of this in 2022?\n\u2606 Chainlink VRF integration\n\u2606 Ethereum SC / BNBETH Bridge\n\u2606 Buy Land in #Decentraland/#SAND #Metaverse\n#RichQUACK #QuackArmy #QUACKattack https://t.co/zVIbQ4Uqei"}, {"author_id": 1034963881779752960, "id": 1493407709605019650, "text": "@SJBasketball8 Things could get spooky if they land t4 in lotto"}, {"author_id": 1456480311114493952, "id": 1493397899946110980, "text": "@CryptoGemsCom @CaptQUACKerman \u2705 STAKING / VOTING / LAUNCHPAD\n\ud83d\udfe2 In Development: Mega Quackpot Raffle / Lotto Platform\n\n#Project in 2022\n\u2606 Chainlink VRF integration\n\u2606 Ethereum SC / BNBETH Bridge\n\u2606 Buy Land in #Decentraland/#SAND #Metaverse\n#RichQUACK #QuackArmy #QuackAttack https://t.co/9yCnFxHXAI"}, {"author_id": 1456480311114493952, "id": 1493397768924446722, "text": "@roar_token @CaptQUACKerman \u2705 STAKING / VOTING / LAUNCHPAD\n\ud83d\udfe2 In Development: Mega Quackpot Raffle / Lotto Platform\n\n#Project in 2022\n\u2606 Chainlink VRF integration\n\u2606 Ethereum SC / BNBETH Bridge\n\u2606 Buy Land in #Decentraland/#SAND #Metaverse\n#RichQUACK #QuackArmy #QuackAttack https://t.co/zchS4hMKOQ"}, {"author_id": 1456480311114493952, "id": 1493397627387662338, "text": "@altcryptocom @CaptQUACKerman \u2705 STAKING / VOTING / LAUNCHPAD\n\ud83d\udfe2 In Development: Mega Quackpot Raffle / Lotto Platform\n\n#Project in 2022\n\u2606 Chainlink VRF integration\n\u2606 Ethereum SC / BNBETH Bridge\n\u2606 Buy Land in #Decentraland/#SAND #Metaverse\n#RichQUACK #QuackArmy #QuackAttack https://t.co/cw6aDwVCRG"}, {"author_id": 1456480311114493952, "id": 1493393974991929344, "text": "@Crypto__Diva @QuackArmyID \u2705 STAKING / VOTING / LAUNCHPAD\n\ud83d\udfe2 In Development: Mega Quackpot Raffle / Lotto Platform\n\u2699\ufe0f So, how are we going to do all of this in 2022?\n\u2606 Chainlink VRF integration\n\u2606 Ethereum SC / BNBETH Bridge\n\u2606 Buy Land in #Decentraland/#SAND #Metaverse\n#RichQUACK #QuackArmy #QuackAttack https://t.co/xCrsV6i70J"}, {"author_id": 1456480311114493952, "id": 1493393932239409153, "text": "@altcryptocom @QuackArmyID \u2705 STAKING / VOTING / LAUNCHPAD\n\ud83d\udfe2 In Development: Mega Quackpot Raffle / Lotto Platform\n\u2699\ufe0f So, how are we going to do all of this in 2022?\n\u2606 Chainlink VRF integration\n\u2606 Ethereum SC / BNBETH Bridge\n\u2606 Buy Land in #Decentraland/#SAND #Metaverse\n#RichQUACK #QuackArmy #QuackAttack https://t.co/pndSDuntUh"}, {"author_id": 1456480311114493952, "id": 1493393878959136768, "text": "@CoinDCX @QuackArmyID \u2705 STAKING / VOTING / LAUNCHPAD\n\ud83d\udfe2 In Development: Mega Quackpot Raffle / Lotto Platform\n\u2699\ufe0f So, how are we going to do all of this in 2022?\n\u2606 Chainlink VRF integration\n\u2606 Ethereum SC / BNBETH Bridge\n\u2606 Buy Land in #Decentraland/#SAND #Metaverse\n#RichQUACK #QuackArmy #QuackAttack https://t.co/KQKyhbaMZw"}, {"author_id": 1456480311114493952, "id": 1493393788081172481, "text": "@altcryptocom @QuackArmyID \u2705 STAKING / VOTING / LAUNCHPAD\n\ud83d\udfe2 In Development: Mega Quackpot Raffle / Lotto Platform\n\u2699\ufe0f So, how are we going to do all of this in 2022?\n\u2606 Chainlink VRF integration\n\u2606 Ethereum SC / BNBETH Bridge\n\u2606 Buy Land in #Decentraland/#SAND #Metaverse\n#RichQUACK #QuackArmy #QuackAttack https://t.co/qCfPtkqgPH"}, {"author_id": 1456480311114493952, "id": 1493393718619291649, "text": "@1goonrich @QuackArmyID \u2705 STAKING / VOTING / LAUNCHPAD\n\ud83d\udfe2 In Development: Mega Quackpot Raffle / Lotto Platform\n\u2699\ufe0f So, how are we going to do all of this in 2022?\n\u2606 Chainlink VRF integration\n\u2606 Ethereum SC / BNBETH Bridge\n\u2606 Buy Land in #Decentraland/#SAND #Metaverse\n#RichQUACK #QuackArmy #QuackAttack https://t.co/LrWcjOETeG"}, {"author_id": 1456480311114493952, "id": 1493393670535794688, "text": "@cryptogems555 @QuackArmyID \u2705 STAKING / VOTING / LAUNCHPAD\n\ud83d\udfe2 In Development: Mega Quackpot Raffle / Lotto Platform\n\u2699\ufe0f So, how are we going to do all of this in 2022?\n\u2606 Chainlink VRF integration\n\u2606 Ethereum SC / BNBETH Bridge\n\u2606 Buy Land in #Decentraland/#SAND #Metaverse\n#RichQUACK #QuackArmy #QuackAttack https://t.co/AbGzprDkFp"}, {"author_id": 1456480311114493952, "id": 1493393618299944960, "text": "@1goonrich @QuackArmyID \u2705 STAKING / VOTING / LAUNCHPAD\n\ud83d\udfe2 In Development: Mega Quackpot Raffle / Lotto Platform\n\u2699\ufe0f So, how are we going to do all of this in 2022?\n\u2606 Chainlink VRF integration\n\u2606 Ethereum SC / BNBETH Bridge\n\u2606 Buy Land in #Decentraland/#SAND #Metaverse\n#RichQUACK #QuackArmy #QuackAttack https://t.co/NOsKcpNkt5"}, {"author_id": 1456480311114493952, "id": 1493393509302542336, "text": "@Ralvero @QuackArmyID \u2705 STAKING / VOTING / LAUNCHPAD\n\ud83d\udfe2 In Development: Mega Quackpot Raffle / Lotto Platform\n\u2699\ufe0f So, how are we going to do all of this in 2022?\n\u2606 Chainlink VRF integration\n\u2606 Ethereum SC / BNBETH Bridge\n\u2606 Buy Land in #Decentraland/#SAND #Metaverse\n#RichQUACK #QuackArmy #QuackAttack https://t.co/Jn7Kdc90zj"}, {"author_id": 1456480311114493952, "id": 1493393403631267842, "text": "@Cryptic_Maestro @QuackArmyID \u2705 STAKING / VOTING / LAUNCHPAD\n\ud83d\udfe2 In Development: Mega Quackpot Raffle / Lotto Platform\n\u2699\ufe0f So, how are we going to do all of this in 2022?\n\u2606 Chainlink VRF integration\n\u2606 Ethereum SC / BNBETH Bridge\n\u2606 Buy Land in #Decentraland/#SAND #Metaverse\n#RichQUACK #QuackArmy #QuackAttack https://t.co/sEVuPiez8g"}, {"author_id": 1456480311114493952, "id": 1493393369984376832, "text": "@Altcoin_Mark @QuackArmyID \u2705 STAKING / VOTING / LAUNCHPAD\n\ud83d\udfe2 In Development: Mega Quackpot Raffle / Lotto Platform\n\u2699\ufe0f So, how are we going to do all of this in 2022?\n\u2606 Chainlink VRF integration\n\u2606 Ethereum SC / BNBETH Bridge\n\u2606 Buy Land in #Decentraland/#SAND #Metaverse\n#RichQUACK #QuackArmy #QuackAttack https://t.co/72gScSGNPY"}, {"author_id": 1456480311114493952, "id": 1493388239981658113, "text": "@QuackArmyID @irwandeanggoro @elonmusk @davidgokhshtein @RichQuack @Robert57036388 @SapereVincent @rifandiiiii @adi_paman @CryptonizeThis @Amohamm47263236 @CaptQUACKerman @WilliamLOsborne @009anoman @quackattacker_ @whiskeyyy13 @KebunEMAS \u2705 STAKING / VOTING / LAUNCHPAD\n\ud83d\udfe2 In Development: Mega Quackpot Raffle / Lotto Platform\n\u2699\ufe0f So, how are we going to do all of this in 2022?\n\u2606 Chainlink VRF integration\n\u2606 Ethereum SC / BNBETH Bridge\n\u2606 Buy Land in #Decentraland/#SAND #Metaverse\n#RichQUACK #QuackArmy #QuackAttack https://t.co/bzzEQG95aq"}, {"author_id": 1456480311114493952, "id": 1493388161128763392, "text": "@irwandeanggoro @elonmusk @davidgokhshtein @RichQuack @Robert57036388 @SapereVincent @rifandiiiii @adi_paman @CryptonizeThis @Amohamm47263236 @CaptQUACKerman @WilliamLOsborne \u2705 STAKING / VOTING / LAUNCHPAD\n\ud83d\udfe2 In Development: Mega Quackpot Raffle / Lotto Platform\n\u2699\ufe0f So, how are we going to do all of this in 2022?\n\u2606 Chainlink VRF integration\n\u2606 Ethereum SC / BNBETH Bridge\n\u2606 Buy Land in #Decentraland/#SAND #Metaverse\n#RichQUACK #QuackArmy #QuackAttack https://t.co/h2i8MzzxoG"}, {"author_id": 1376392918542417924, "id": 1493288151216898050, "text": "@topshotfund it\u2019s a lotto being able to land a pack even if it\u2019s a dedicated legendary drop. usually under 1k packs. The odds are probably the same but at least members get to walk away with something on drop day."}, {"author_id": 1469556495679246338, "id": 1493274024348368899, "text": "@AltcoinWorldcom \u2705 STAKING / VOTING / LAUNCHPAD\n\ud83d\udfe2 In Development: Mega Quackpot Raffle / Lotto Platform\n\u2699\ufe0f So, how are we going to do all of this in 2022?\n\u2606 Chainlink VRF integration\n\u2606 Ethereum SC / BNBETH Bridge\n\u2606 Buy Land in #Decentraland/#SAND #Metaverse\n#RichQUACK #QuackArmy #QuackAttack https://t.co/VJI81hufnD"}, {"author_id": 1469556495679246338, "id": 1493183454359732225, "text": "RT @CaptQUACKerman: @QuackArmyID @cryptogems555 \u2705 STAKING / VOTING / LAUNCHPAD\n\ud83d\udfe2 In Development: Mega Quackpot Raffle / Lotto Platform\n\u2699\ufe0f S\u2026"}, {"author_id": 1469556495679246338, "id": 1493183438874374150, "text": "@QuackArmyID @cryptogems555 \u2705 STAKING / VOTING / LAUNCHPAD\n\ud83d\udfe2 In Development: Mega Quackpot Raffle / Lotto Platform\n\u2699\ufe0f So, how are we going to do all of this in 2022?\n\u2606 Chainlink VRF integration\n\u2606 Ethereum SC / BNBETH Bridge\n\u2606 Buy Land in #Decentraland/#SAND #Metaverse\n#RichQUACK #QuackArmy #QuackAttack https://t.co/8O4dlUIkaY"}, {"author_id": 1215624783699664897, "id": 1493109306459561985, "text": "\u2066@DrAMSinghvi\u2069 Sir can I play lotto land on line lottery from Karnataka? \u2066@TimesNow\u2069  \u2066@Lottoland\u2069  https://t.co/DRoK3048fd"}, {"author_id": 982757681604673536, "id": 1493007871294197760, "text": "RT @syah6_kamaludin: @CaptQUACKerman @Gary_BKEX @RichQuack @BKEXGlobal @adi_paman @parkjmfika_ @rifandiiiii @mantap_ew @ErkanCame1_ \u2705 STAKI\u2026"}, {"author_id": 257133044, "id": 1492971129144848389, "text": "@C_K_42 I want Rodgers or Wilson\u2026 neither are likely to happen. I think we are honestly in no mans land where you start drafting hoping for a lotto ticket"}, {"author_id": 1456480311114493952, "id": 1492905295445913602, "text": "@CaptQUACKerman @SaeidRa1990 @RichQuack @lovers @Canada \u2705 STAKING / VOTING / LAUNCHPAD\n\ud83d\udfe2 In Development: Mega Quackpot Raffle / Lotto Platform\n\u2699\ufe0f So, how are we going to do all of this in 2022?\n\u2606 Chainlink VRF integration\n\u2606 Ethereum SC / BNBETH Bridge\n\u2606 Buy Land in #Decentraland/#SAND #Metaverse\n#RichQUACK #QuackArmy #QuackAttack https://t.co/JWr0ywzIjN"}, {"author_id": 1456480311114493952, "id": 1492905035080290304, "text": "@CaptQUACKerman @Gary_BKEX @RichQuack @BKEXGlobal @adi_paman @parkjmfika_ @rifandiiiii @mantap_ew @ErkanCame1_ \u2705 STAKING / VOTING / LAUNCHPAD\n\ud83d\udfe2 In Development: Mega Quackpot Raffle / Lotto Platform\n\u2699\ufe0f So, how are we going to do all of this in 2022?\n\u2606 Chainlink VRF integration\n\u2606 Ethereum SC / BNBETH Bridge\n\u2606 Buy Land in #Decentraland/#SAND #Metaverse\n#RichQUACK #QuackArmy #QuackAttack https://t.co/cHDrIGjr0b"}, {"author_id": 1456480311114493952, "id": 1492904946467217408, "text": "@MetaverseHidden @CaptQUACKerman \u2705 STAKING / VOTING / LAUNCHPAD\n\ud83d\udfe2 In Development: Mega Quackpot Raffle / Lotto Platform\n\u2699\ufe0f So, how are we going to do all of this in 2022?\n\u2606 Chainlink VRF integration\n\u2606 Ethereum SC / BNBETH Bridge\n\u2606 Buy Land in #Decentraland/#SAND #Metaverse\n#RichQUACK #QuackArmy #QuackAttack https://t.co/xlAPTstz66"}, {"author_id": 1456480311114493952, "id": 1492904877659668484, "text": "@CaptQUACKerman @CryptoGemsCom @RichQuack @binance @InuKishu @BabyDogeCoin @InuSaitama \u2705 STAKING / VOTING / LAUNCHPAD\n\ud83d\udfe2 In Development: Mega Quackpot Raffle / Lotto Platform\n\u2699\ufe0f So, how are we going to do all of this in 2022?\n\u2606 Chainlink VRF integration\n\u2606 Ethereum SC / BNBETH Bridge\n\u2606 Buy Land in #Decentraland/#SAND #Metaverse\n#RichQUACK #QuackArmy #QuackAttack https://t.co/4Spr7jsXR0"}, {"author_id": 1456480311114493952, "id": 1492904733195255809, "text": "@CryptoGemsCom @CaptQUACKerman \u2705 STAKING / VOTING / LAUNCHPAD\n\ud83d\udfe2 In Development: Mega Quackpot Raffle / Lotto Platform\n\u2699\ufe0f So, how are we going to do all of this in 2022?\n\u2606 Chainlink VRF integration\n\u2606 Ethereum SC / BNBETH Bridge\n\u2606 Buy Land in #Decentraland/#SAND #Metaverse\n#RichQUACK #QuackArmy #QuackAttack https://t.co/t2EKN1XpZn"}, {"author_id": 1456480311114493952, "id": 1492904687787720705, "text": "@CaptQUACKerman @CryptoGemsCom \u2705 STAKING / VOTING / LAUNCHPAD\n\ud83d\udfe2 In Development: Mega Quackpot Raffle / Lotto Platform\n\u2699\ufe0f So, how are we going to do all of this in 2022?\n\u2606 Chainlink VRF integration\n\u2606 Ethereum SC / BNBETH Bridge\n\u2606 Buy Land in #Decentraland/#SAND #Metaverse\n#RichQUACK #QuackArmy #QuackAttack https://t.co/E8rzfFP74z"}, {"author_id": 1456480311114493952, "id": 1492904626475388931, "text": "@CaptQUACKerman \u2705 STAKING / VOTING / LAUNCHPAD\n\ud83d\udfe2 In Development: Mega Quackpot Raffle / Lotto Platform\n\u2699\ufe0f So, how are we going to do all of this in 2022?\n\u2606 Chainlink VRF integration\n\u2606 Ethereum SC / BNBETH Bridge\n\u2606 Buy Land in #Decentraland/#SAND #Metaverse\n#RichQUACK #QuackArmy #QuackAttack https://t.co/aka15aGqW2"}, {"author_id": 1456480311114493952, "id": 1492904485899083781, "text": "@CaptQUACKerman \u2705 STAKING / VOTING / LAUNCHPAD\n\ud83d\udfe2 In Development: Mega Quackpot Raffle / Lotto Platform\n\u2699\ufe0f So, how are we going to do all of this in 2022?\n\u2606 Chainlink VRF integration\n\u2606 Ethereum SC / BNBETH Bridge\n\u2606 Buy Land in #Decentraland/#SAND #Metaverse\n#RichQUACK #QuackArmy #QuackAttack https://t.co/4oDfcxSHfM"}]